draw,school_id,program,base_eligible,base_riders,scen_eligible,scen_riders,base_dist_mean,scen_dist_mean
0,103,basic,276.05,247.241,276.957,247.894,1.654,1.657
0,104,basic,134.143,56.917,145.491,63.431,2.33,2.196
0,105,basic,442.21,217.439,305.85,147.23,2.323,2.45
0,105,gifted,178.326,163.838,0.0,0.0,,
0,106,basic,459.741,286.163,339.147,213.293,1.811,1.733
0,106,gifted,116.637,107.16,0.0,0.0,,
0,107,basic,510.193,264.259,510.645,264.452,2.483,2.484
0,109,basic,145.653,101.179,147.892,103.023,2.073,2.058
0,110,basic,401.941,214.953,411.421,219.777,2.123,2.13
0,113,basic,395.266,250.836,264.279,167.042,2.318,2.331
0,113,gifted,135.408,124.407,0.0,0.0,,
0,115,basic,145.982,88.047,166.537,100.421,1.732,1.734
0,117,basic,252.432,160.006,218.398,140.343,2.318,2.236
0,117,gifted,89.139,81.897,0.0,0.0,,
0,118,basic,268.46,145.473,338.728,182.969,2.15,2.17
0,130,basic,674.712,403.882,691.642,413.424,1.73,1.738
0,201,basic,73.657,48.158,79.354,52.274,1.071,1.035
0,202,basic,170.243,87.912,172.793,88.504,1.706,1.753
0,203,basic,267.342,182.229,267.464,182.199,1.336,1.339
0,204,basic,178.428,125.642,107.635,68.541,1.415,2.035
0,208,basic,212.874,172.612,244.541,198.439,1.26,1.331
0,209,basic,155.802,53.274,136.029,46.467,0.789,0.793
0,210,basic,192.177,80.179,190.276,79.647,1.379,1.358
0,211,basic,71.541,44.573,76.819,47.823,1.11,1.117
0,212,gifted,205.947,189.215,0.0,0.0,,
0,215,basic,115.777,67.204,116.888,67.448,0.877,0.902
0,218,basic,152.456,92.207,162.114,98.102,0.767,0.764
0,220,basic,87.059,70.947,89.21,72.262,1.379,1.413
0,221,basic,165.022,107.966,169.923,109.255,1.024,1.105
0,222,basic,137.878,79.689,144.506,82.055,2.135,2.248
0,225,basic,78.806,39.162,79.649,39.565,1.248,1.251
0,226,basic,249.525,156.352,256.387,161.635,1.291,1.269
0,229,basic,250.822,202.196,257.384,205.442,1.143,1.197
0,230,basic,105.291,69.894,75.798,50.301,1.062,1.061
0,233,basic,280.933,170.468,286.951,174.063,0.828,0.83
0,234,basic,80.297,64.463,91.717,72.542,1.19,1.279
0,235,basic,78.099,48.89,79.137,49.146,1.16,1.199
0,236,basic,55.993,48.833,56.899,49.605,1.106,1.108
0,239,basic,279.063,161.595,280.989,162.671,1.744,1.746
0,241,basic,385.319,129.961,375.726,126.18,1.922,1.947
0,242,basic,155.706,105.865,161.611,109.98,1.232,1.228
0,243,basic,213.989,111.045,230.834,119.896,0.987,0.983
0,244,basic,38.044,35.496,38.321,36.026,1.133,1.06
0,245,basic,320.496,271.868,324.573,275.32,1.23,1.232
0,246,basic,232.05,118.137,248.984,126.502,1.21,1.221
0,247,basic,369.289,122.682,359.578,120.075,1.623,1.592
0,248,basic,148.604,93.277,150.785,94.83,0.887,0.876
0,249,basic,29.416,22.018,29.798,22.289,0.887,0.89
0,250,basic,82.786,60.661,87.029,63.758,0.959,0.96
0,251,basic,134.686,63.415,139.567,65.496,1.382,1.401
0,252,basic,244.661,168.068,251.079,172.036,1.456,1.471
0,255,basic,85.625,55.842,87.199,57.02,0.851,0.835
0,257,basic,119.073,100.408,116.31,98.081,1.056,1.057
0,259,basic,158.922,116.309,163.46,120.105,1.278,1.254
0,261,basic,167.25,152.297,171.602,156.386,1.049,1.041
0,262,basic,189.128,141.837,145.905,108.809,1.09,1.123
0,264,basic,81.92,36.07,83.418,36.732,0.942,0.941
0,266,basic,105.509,81.741,102.448,79.653,0.915,0.892
0,267,basic,122.534,105.731,124.834,107.71,1.037,1.038
0,268,basic,106.98,101.631,106.724,101.388,1.071,1.068
0,269,basic,100.892,94.489,91.964,86.168,1.052,1.019
0,270,basic,165.122,111.634,166.946,112.75,1.539,1.545
0,272,basic,42.053,39.616,41.67,39.376,1.044,0.991
0,275,basic,92.98,87.229,93.888,88.041,1.155,1.158
0,276,basic,150.921,71.656,93.635,44.448,1.143,1.142
0,277,basic,121.988,78.322,49.448,31.443,1.017,1.073
0,279,basic,96.358,41.594,71.188,30.525,0.998,1.035
0,281,basic,67.976,45.088,72.714,48.196,0.807,0.811
0,282,basic,76.178,56.495,76.53,57.273,0.891,0.838
0,286,basic,182.019,108.736,187.89,109.947,2.011,2.135
0,287,basic,0.0,0.0,451.902,196.267,,0.953
0,287,gifted,190.0,174.563,0.0,0.0,,
0,288,basic,180.469,154.063,183.312,159.098,1.42,1.346
0,289,basic,155.366,137.255,185.531,162.865,1.396,1.464
0,291,basic,377.892,259.505,391.249,262.163,2.369,2.51
0,292,basic,563.868,326.591,619.235,359.827,1.518,1.581
0,930,basic,399.332,361.278,401.753,362.687,2.363,2.376
0,935,basic,438.408,309.445,458.187,328.72,1.862,1.783
0,939,basic,221.311,107.979,228.772,111.105,1.749,1.781
0,949,basic,375.32,319.028,483.393,412.173,1.519,1.578
0,955,basic,43.342,41.175,48.938,46.491,2.779,2.595
0,971,basic,0.0,0.0,561.907,246.683,,1.133
0,971,gifted,516.372,474.419,0.0,0.0,,
0,972,basic,263.633,195.326,266.348,196.526,1.874,1.893
0,974,basic,87.725,79.411,91.164,83.2,1.249,1.197
0,977,basic,238.172,177.386,198.095,145.184,1.321,1.422
1,103,basic,278.781,253.82,279.712,254.496,1.669,1.673
1,104,basic,119.165,52.796,129.808,59.013,2.33,2.207
1,105,basic,439.227,228.288,304.17,154.808,2.255,2.376
1,105,gifted,180.724,165.693,0.0,0.0,,
1,106,basic,460.069,297.645,339.921,222.2,1.805,1.728
1,106,gifted,116.319,106.645,0.0,0.0,,
1,107,basic,524.79,281.763,525.217,281.949,2.542,2.542
1,109,basic,158.26,113.957,161.082,116.225,2.073,2.062
1,110,basic,400.823,220.418,410.154,225.349,2.093,2.098
1,113,basic,394.108,259.216,263.39,172.389,2.332,2.352
1,113,gifted,136.316,124.979,0.0,0.0,,
1,115,basic,148.205,93.816,169.35,107.176,1.721,1.722
1,117,basic,260.201,168.911,224.348,147.949,2.344,2.252
1,117,gifted,89.697,82.237,0.0,0.0,,
1,118,basic,267.166,152.469,334.908,190.694,2.093,2.107
1,130,basic,662.075,410.975,678.665,420.777,1.69,1.696
1,201,basic,80.781,52.081,87.403,56.752,1.065,1.033
1,202,basic,169.896,87.373,172.455,87.922,1.643,1.691
1,203,basic,266.384,179.726,266.485,179.672,1.295,1.299
1,204,basic,176.111,121.962,108.393,67.349,1.418,2.076
1,208,basic,207.905,166.611,239.335,192.785,1.277,1.35
1,209,basic,144.056,48.654,127.286,42.931,0.783,0.79
1,210,basic,193.148,78.172,191.343,77.648,1.402,1.385
1,211,basic,78.268,48.275,84.047,51.784,1.104,1.112
1,212,gifted,206.118,188.975,0.0,0.0,,
1,215,basic,119.43,67.251,120.608,67.485,0.903,0.929
1,218,basic,155.638,92.786,165.709,98.832,0.768,0.766
1,220,basic,87.328,69.418,89.432,70.708,1.388,1.419
1,221,basic,162.3,102.591,167.116,103.818,0.999,1.077
1,222,basic,145.167,82.187,151.919,84.557,2.142,2.251
1,225,basic,89.683,44.16,90.63,44.609,1.222,1.224
1,226,basic,259.935,155.649,266.963,160.751,1.317,1.298
1,229,basic,249.216,197.07,255.993,200.195,1.137,1.196
1,230,basic,98.015,64.578,71.187,46.838,1.047,1.052
1,233,basic,278.514,165.781,284.481,169.276,0.841,0.843
1,234,basic,73.659,58.364,84.303,65.748,1.17,1.263
1,235,basic,77.329,46.621,78.545,46.876,1.214,1.263
1,236,basic,51.134,43.518,51.967,44.209,1.069,1.071
1,239,basic,270.296,155.656,272.175,156.699,1.689,1.691
1,241,basic,385.606,127.997,376.492,124.1,1.914,1.956
1,242,basic,154.476,103.304,159.68,106.867,1.234,1.231
1,243,basic,212.687,108.865,229.366,117.485,0.98,0.977
1,244,basic,36.578,34.033,36.886,34.62,1.158,1.081
1,245,basic,317.485,260.386,321.536,263.589,1.225,1.23
1,246,basic,228.878,115.522,244.636,123.164,1.188,1.201
1,247,basic,366.785,120.032,357.381,117.499,1.616,1.589
1,248,basic,146.462,91.125,148.553,92.619,0.888,0.876
1,249,basic,31.524,23.165,31.892,23.425,0.881,0.883
1,250,basic,89.164,64.532,93.728,67.825,0.967,0.968
1,251,basic,135.579,61.152,140.53,63.17,1.438,1.458
1,252,basic,235.609,156.613,241.921,160.372,1.46,1.475
1,255,basic,87.661,56.797,89.258,57.995,0.834,0.818
1,257,basic,122.431,100.254,119.666,97.985,1.059,1.06
1,259,basic,163.064,117.418,167.639,121.155,1.307,1.285
1,261,basic,167.88,149.854,172.809,154.297,1.095,1.09
1,262,basic,190.389,140.065,146.546,107.103,1.079,1.116
1,264,basic,80.871,34.478,82.346,35.109,0.939,0.939
1,266,basic,104.789,78.803,101.806,76.802,0.906,0.885
1,267,basic,123.442,103.868,125.812,105.854,1.034,1.034
1,268,basic,113.502,107.827,113.542,107.865,1.073,1.07
1,269,basic,102.508,95.727,93.642,87.491,1.012,0.979
1,270,basic,148.362,100.491,150.062,101.524,1.46,1.465
1,272,basic,38.326,36.067,37.769,35.666,1.061,1.007
1,275,basic,95.384,88.651,96.315,89.475,1.176,1.179
1,276,basic,156.125,72.254,97.617,45.128,1.128,1.133
1,277,basic,125.35,79.702,50.559,31.855,1.007,1.058
1,279,basic,102.613,43.519,75.299,31.71,1.011,1.05
1,281,basic,73.145,48.142,78.229,51.436,0.804,0.81
1,282,basic,74.294,54.82,74.497,55.495,0.871,0.817
1,286,basic,179.998,102.798,185.82,104.005,2.034,2.154
1,287,basic,0.0,0.0,455.481,194.966,,0.957
1,287,gifted,190.0,174.198,0.0,0.0,,
1,288,basic,177.951,150.001,180.842,154.704,1.39,1.326
1,289,basic,154.215,139.672,183.767,165.914,1.387,1.445
1,291,basic,369.22,254.156,382.392,257.195,2.263,2.394
1,292,basic,566.141,329.361,621.066,364.165,1.536,1.605
1,930,basic,399.391,360.643,401.811,361.978,2.369,2.383
1,935,basic,438.336,310.173,458.157,329.894,1.869,1.792
1,939,basic,219.387,106.38,226.914,109.529,1.756,1.789
1,949,basic,378.848,323.079,488.227,420.134,1.571,1.62
1,955,basic,45.24,42.978,51.206,48.645,2.793,2.596
1,971,basic,0.0,0.0,560.375,242.328,,1.135
1,971,gifted,515.66,472.773,0.0,0.0,,
1,972,basic,262.547,194.816,265.41,196.007,1.876,1.896
1,974,basic,87.316,79.097,90.607,82.796,1.212,1.158
1,977,basic,240.741,177.322,199.534,144.553,1.322,1.425
2,103,basic,266.55,224.115,267.351,224.69,1.602,1.603
2,104,basic,149.079,53.72,165.585,61.469,2.49,2.367
2,105,basic,459.071,201.548,320.588,136.745,2.22,2.35
2,105,gifted,183.658,168.591,0.0,0.0,,
2,106,basic,439.569,249.182,326.234,188.125,1.754,1.663
2,106,gifted,114.966,105.535,0.0,0.0,,
2,107,basic,515.674,234.989,515.955,235.103,2.434,2.434
2,109,basic,149.458,91.329,151.986,93.159,2.131,2.118
2,110,basic,390.673,188.905,399.762,193.13,2.081,2.085
2,113,basic,390.01,215.476,267.382,146.333,2.356,2.394
2,113,gifted,132.414,121.551,0.0,0.0,,
2,115,basic,142.825,77.534,163.828,88.827,1.738,1.743
2,117,basic,262.674,147.653,225.601,129.527,2.312,2.215
2,117,gifted,89.972,82.591,0.0,0.0,,
2,118,basic,260.867,126.363,328.197,158.46,2.101,2.116
2,130,basic,663.761,367.934,680.332,376.614,1.656,1.662
2,201,basic,73.37,52.159,80.239,57.334,0.956,0.943
2,202,basic,163.684,89.262,166.382,89.732,1.57,1.616
2,203,basic,266.774,190.571,266.874,190.44,1.334,1.338
2,204,basic,177.484,128.725,112.153,69.801,1.461,2.194
2,208,basic,206.423,171.629,237.916,195.523,1.195,1.255
2,209,basic,143.363,53.636,127.103,47.472,0.777,0.784
2,210,basic,193.317,85.052,191.523,84.492,1.396,1.381
2,211,basic,74.139,48.937,81.068,53.341,1.116,1.133
2,212,gifted,206.143,189.231,0.0,0.0,,
2,215,basic,115.509,72.081,116.997,72.226,0.923,0.959
2,218,basic,162.251,106.396,172.671,113.268,0.768,0.766
2,220,basic,86.862,71.39,88.924,72.675,1.382,1.409
2,221,basic,161.816,117.16,166.436,118.371,0.931,0.991
2,222,basic,148.366,88.225,155.572,90.405,2.015,2.123
2,225,basic,84.8,44.765,85.771,45.252,1.218,1.221
2,226,basic,249.842,169.109,256.857,174.757,1.243,1.233
2,229,basic,247.219,211.526,254.718,214.007,1.137,1.21
2,230,basic,115.959,81.989,83.833,59.268,1.041,1.038
2,233,basic,284.293,186.761,290.328,190.661,0.831,0.833
2,234,basic,75.449,63.669,87.833,72.26,1.189,1.305
2,235,basic,81.226,53.065,82.671,53.244,1.246,1.299
2,236,basic,52.195,46.129,53.149,46.934,1.083,1.087
2,239,basic,270.826,164.015,272.741,165.142,1.659,1.66
2,241,basic,385.577,134.586,377.535,129.457,1.87,1.952
2,242,basic,162.996,117.762,168.622,121.917,1.219,1.216
2,243,basic,215.503,120.068,232.655,129.717,0.983,0.981
2,244,basic,37.974,35.244,38.238,35.837,1.144,1.074
2,245,basic,321.148,284.172,325.38,287.787,1.232,1.238
2,246,basic,223.928,123.156,238.984,131.089,1.114,1.123
2,247,basic,364.476,127.825,355.161,125.093,1.55,1.53
2,248,basic,150.196,101.156,152.493,102.977,0.894,0.882
2,249,basic,33.385,27.208,33.81,27.541,0.859,0.86
2,250,basic,81.728,63.907,86.522,67.618,0.96,0.963
2,251,basic,127.097,63.892,131.756,65.963,1.348,1.366
2,252,basic,238.028,174.128,244.256,178.121,1.376,1.39
2,255,basic,88.546,62.199,90.105,63.529,0.839,0.824
2,257,basic,126.577,112.436,123.631,109.814,1.076,1.077
2,259,basic,157.361,122.347,160.849,125.981,1.21,1.176
2,261,basic,177.76,162.337,183.417,167.404,1.084,1.083
2,262,basic,190.617,153.451,146.33,116.925,1.065,1.097
2,264,basic,79.585,38.646,81.032,39.352,0.902,0.902
2,266,basic,102.782,85.808,99.639,83.525,0.938,0.918
2,267,basic,123.424,113.531,125.885,115.783,1.038,1.039
2,268,basic,111.509,105.933,111.588,106.008,1.067,1.063
2,269,basic,103.221,96.789,94.199,88.319,1.05,1.016
2,270,basic,151.656,107.926,153.432,109.042,1.428,1.433
2,272,basic,44.651,41.972,44.132,41.647,1.044,0.994
2,275,basic,94.16,88.446,95.116,89.296,1.165,1.168
2,276,basic,157.853,81.153,98.418,50.525,1.112,1.117
2,277,basic,130.237,89.47,52.095,35.401,0.998,1.044
2,279,basic,104.877,48.71,77.036,35.455,0.995,1.032
2,281,basic,65.741,46.739,70.894,50.208,0.826,0.842
2,282,basic,78.18,61.644,78.135,62.4,0.908,0.853
2,286,basic,176.411,114.137,181.95,115.23,1.756,1.849
2,287,basic,0.0,0.0,452.291,211.162,,0.956
2,287,gifted,190.0,174.413,0.0,0.0,,
2,288,basic,184.366,161.924,187.246,167.043,1.348,1.293
2,289,basic,156.435,130.295,186.577,153.654,1.348,1.406
2,291,basic,375.318,255.907,388.344,258.293,2.186,2.294
2,292,basic,559.236,322.406,613.971,350.864,1.473,1.52
2,930,basic,398.977,346.833,401.401,347.815,2.334,2.35
2,935,basic,437.802,300.029,457.483,319.268,1.791,1.707
2,939,basic,219.338,108.409,226.717,111.311,1.646,1.676
2,949,basic,377.361,305.954,488.242,392.52,1.553,1.607
2,955,basic,45.939,43.642,53.511,50.835,2.771,2.573
2,971,basic,0.0,0.0,561.514,263.679,,1.117
2,971,gifted,515.913,473.589,0.0,0.0,,
2,972,basic,262.172,186.439,265.462,187.632,1.874,1.899
2,974,basic,85.335,77.601,88.793,81.442,1.199,1.156
2,977,basic,239.505,187.286,198.184,151.703,1.303,1.406
3,103,basic,258.558,215.204,259.366,215.756,1.637,1.64
3,104,basic,135.931,54.539,147.225,60.959,2.407,2.256
3,105,basic,422.593,196.945,295.655,134.565,2.241,2.375
3,105,gifted,176.201,162.147,0.0,0.0,,
3,106,basic,463.523,268.891,343.203,201.373,1.826,1.746
3,106,gifted,117.115,107.774,0.0,0.0,,
3,107,basic,518.371,249.387,518.757,249.547,2.511,2.512
3,109,basic,150.586,96.517,152.957,98.229,2.102,2.091
3,110,basic,401.104,206.45,410.429,211.113,2.135,2.138
3,113,basic,393.777,227.748,265.579,152.569,2.34,2.368
3,113,gifted,135.559,124.747,0.0,0.0,,
3,115,basic,145.069,81.488,165.782,93.097,1.729,1.731
3,117,basic,258.483,152.963,220.86,133.332,2.345,2.231
3,117,gifted,89.857,82.689,0.0,0.0,,
3,118,basic,250.662,127.377,318.09,161.019,2.152,2.174
3,130,basic,655.237,381.136,671.546,390.216,1.691,1.696
3,201,basic,76.847,52.335,83.293,57.111,1.045,1.016
3,202,basic,167.816,92.886,170.239,93.507,1.609,1.65
3,203,basic,258.571,181.937,258.694,181.897,1.312,1.316
3,204,basic,176.563,127.387,107.318,68.98,1.41,2.09
3,208,basic,209.711,169.228,241.506,193.251,1.234,1.296
3,209,basic,143.526,56.732,125.817,49.7,0.764,0.767
3,210,basic,192.204,89.392,190.323,88.817,1.378,1.358
3,211,basic,79.586,51.375,87.797,56.54,1.137,1.153
3,212,gifted,205.804,189.389,0.0,0.0,,
3,215,basic,114.816,73.462,115.985,73.712,0.89,0.917
3,218,basic,151.728,97.562,160.934,103.552,0.767,0.764
3,220,basic,87.515,71.538,89.782,72.906,1.421,1.457
3,221,basic,164.679,116.764,169.755,118.107,1.036,1.12
3,222,basic,144.372,86.531,150.956,88.841,2.044,2.153
3,225,basic,86.699,46.212,87.653,46.697,1.259,1.262
3,226,basic,251.689,170.816,258.663,176.774,1.334,1.309
3,229,basic,259.236,212.596,266.665,215.974,1.158,1.223
3,230,basic,118.379,81.375,85.909,59.079,1.031,1.026
3,233,basic,283.85,183.841,289.957,187.726,0.835,0.837
3,234,basic,73.402,58.996,86.396,68.004,1.277,1.398
3,235,basic,78.213,52.047,79.31,52.32,1.218,1.259
3,236,basic,50.008,44.177,50.812,44.871,1.104,1.105
3,239,basic,269.874,162.605,271.799,163.714,1.723,1.725
3,241,basic,384.985,143.778,375.651,139.363,1.945,1.983
3,242,basic,164.009,116.534,170.547,121.242,1.224,1.222
3,243,basic,217.53,121.308,234.914,131.094,0.991,0.988
3,244,basic,35.705,33.142,35.849,33.61,1.127,1.045
3,245,basic,316.945,277.784,320.946,281.354,1.244,1.246
3,246,basic,237.57,129.994,254.596,138.937,1.189,1.203
3,247,basic,376.481,140.301,366.068,137.209,1.626,1.592
3,248,basic,142.766,94.346,144.945,96.005,0.871,0.859
3,249,basic,27.883,21.82,28.283,22.098,0.926,0.933
3,250,basic,81.199,60.885,85.44,64.042,0.951,0.954
3,251,basic,128.422,66.884,133.194,69.123,1.399,1.419
3,252,basic,231.772,166.388,237.998,170.403,1.419,1.434
3,255,basic,87.477,59.699,89.077,60.959,0.829,0.814
3,257,basic,121.836,104.939,118.909,102.43,1.076,1.076
3,259,basic,165.806,121.523,170.91,125.676,1.333,1.313
3,261,basic,163.69,149.402,168.123,153.622,1.063,1.054
3,262,basic,186.554,145.261,143.895,111.402,1.077,1.109
3,264,basic,75.929,38.437,77.345,39.156,0.936,0.936
3,266,basic,105.003,85.786,102.027,83.692,0.901,0.877
3,267,basic,114.533,103.062,116.741,105.043,1.025,1.025
3,268,basic,107.955,102.557,107.757,102.369,1.071,1.066
3,269,basic,107.946,101.004,98.727,92.409,1.075,1.042
3,270,basic,160.811,110.854,162.631,111.972,1.482,1.488
3,272,basic,42.641,40.093,42.222,39.86,1.021,0.968
3,275,basic,93.79,87.613,94.702,88.418,1.181,1.184
3,276,basic,151.302,79.8,93.854,49.499,1.151,1.15
3,277,basic,125.053,83.166,49.887,32.87,1.022,1.073
3,279,basic,104.717,50.052,76.415,36.303,0.994,1.026
3,281,basic,71.352,49.127,76.884,52.818,0.816,0.828
3,282,basic,81.336,61.136,81.35,61.738,0.908,0.855
3,286,basic,179.204,114.569,185.162,115.737,1.971,2.098
3,287,basic,0.0,0.0,458.42,218.977,,0.949
3,287,gifted,190.0,174.845,0.0,0.0,,
3,288,basic,184.821,158.652,187.471,163.528,1.376,1.308
3,289,basic,159.18,127.588,190.107,150.706,1.382,1.45
3,291,basic,375.098,255.518,387.975,258.362,2.268,2.388
3,292,basic,566.037,329.765,620.913,358.761,1.502,1.564
3,930,basic,399.128,344.488,401.558,345.585,2.332,2.348
3,935,basic,437.369,297.057,456.958,315.296,1.827,1.739
3,939,basic,220.421,113.639,227.936,116.838,1.705,1.738
3,949,basic,376.022,296.188,487.138,381.585,1.558,1.609
3,955,basic,45.902,43.607,52.401,49.781,2.801,2.609
3,971,basic,0.0,0.0,553.588,267.34,,1.114
3,971,gifted,514.986,473.909,0.0,0.0,,
3,972,basic,263.045,187.124,265.783,188.224,1.856,1.877
3,974,basic,84.971,75.75,88.575,79.619,1.267,1.222
3,977,basic,237.542,179.439,196.411,145.922,1.299,1.4
4,103,basic,257.817,230.31,258.615,230.903,1.642,1.644
4,104,basic,124.861,51.066,136.812,57.578,2.39,2.262
4,105,basic,470.596,225.081,330.08,154.162,2.287,2.414
4,105,gifted,184.702,169.194,0.0,0.0,,
4,106,basic,461.369,287.69,343.518,217.566,1.746,1.651
4,106,gifted,116.848,107.037,0.0,0.0,,
4,107,basic,507.966,254.679,508.203,254.785,2.514,2.514
4,109,basic,157.01,107.657,159.439,109.673,2.118,2.103
4,110,basic,375.937,201.687,385.055,206.362,2.105,2.11
4,113,basic,384.032,235.99,260.245,158.696,2.342,2.374
4,113,gifted,133.25,122.062,0.0,0.0,,
4,115,basic,135.763,80.613,155.511,92.266,1.716,1.72
4,117,basic,261.883,166.142,226.951,146.274,2.297,2.212
4,117,gifted,89.455,81.944,0.0,0.0,,
4,118,basic,256.611,136.037,324.768,171.487,2.158,2.18
4,130,basic,663.861,401.8,680.619,411.334,1.745,1.752
4,201,basic,73.919,49.337,80.465,54.007,0.991,0.97
4,202,basic,166.1,87.009,168.659,87.533,1.618,1.664
4,203,basic,269.683,184.612,269.787,184.532,1.329,1.333
4,204,basic,176.4,124.008,109.23,67.99,1.448,2.123
4,208,basic,202.375,166.894,234.551,193.108,1.255,1.322
4,209,basic,154.096,54.389,134.879,47.566,0.78,0.784
4,210,basic,192.111,81.563,190.248,81.014,1.411,1.393
4,211,basic,84.503,52.824,91.789,57.279,1.117,1.129
4,212,gifted,205.703,188.431,0.0,0.0,,
4,215,basic,119.274,72.471,120.572,72.683,0.912,0.941
4,218,basic,155.048,95.753,164.336,101.56,0.754,0.751
4,220,basic,88.194,72.24,90.441,73.598,1.394,1.428
4,221,basic,164.919,114.101,169.865,115.376,0.988,1.063
4,222,basic,143.755,83.961,151.088,86.232,2.019,2.146
4,225,basic,81.908,41.252,82.823,41.698,1.231,1.233
4,226,basic,251.017,166.465,258.028,172.105,1.257,1.239
4,229,basic,258.048,210.685,265.353,213.953,1.149,1.209
4,230,basic,109.786,73.516,80.014,53.525,1.021,1.023
4,233,basic,279.815,174.248,285.759,177.895,0.819,0.82
4,234,basic,80.658,65.206,93.293,73.898,1.211,1.32
4,235,basic,84.632,54.291,85.895,54.528,1.206,1.252
4,236,basic,49.644,43.922,50.523,44.676,1.065,1.067
4,239,basic,263.046,153.875,264.914,154.933,1.669,1.671
4,241,basic,382.249,129.5,373.485,125.435,1.906,1.953
4,242,basic,154.009,107.101,159.626,111.117,1.21,1.206
4,243,basic,218.608,115.06,235.869,124.227,0.979,0.976
4,244,basic,36.59,34.076,36.915,34.655,1.118,1.05
4,245,basic,314.531,275.817,318.517,279.296,1.229,1.232
4,246,basic,229.657,117.664,246.671,125.934,1.224,1.24
4,247,basic,374.317,126.297,364.629,123.72,1.577,1.547
4,248,basic,143.91,91.634,145.937,93.126,0.882,0.871
4,249,basic,30.075,23.462,30.432,23.726,0.863,0.865
4,250,basic,83.599,61.436,88.248,64.822,0.965,0.968
4,251,basic,140.142,68.088,145.061,70.233,1.386,1.404
4,252,basic,243.349,168.576,249.728,172.537,1.469,1.483
4,255,basic,85.537,56.644,87.139,57.873,0.821,0.807
4,257,basic,123.23,105.438,120.299,102.945,1.084,1.084
4,259,basic,158.588,114.504,163.159,118.238,1.328,1.307
4,261,basic,171.731,155.899,176.929,160.662,1.106,1.102
4,262,basic,184.621,141.461,142.473,108.443,1.082,1.116
4,264,basic,82.162,38.299,83.664,39.001,0.938,0.938
4,266,basic,100.603,80.919,97.509,78.738,0.902,0.879
4,267,basic,115.695,104.153,117.977,106.199,1.028,1.029
4,268,basic,107.293,101.928,107.27,101.906,1.08,1.077
4,269,basic,100.393,94.143,91.429,85.738,1.036,1.006
4,270,basic,149.938,101.514,151.689,102.573,1.46,1.466
4,272,basic,41.642,39.177,41.255,38.956,1.033,0.984
4,275,basic,95.783,89.746,96.667,90.524,1.143,1.146
4,276,basic,154.436,76.176,96.318,47.462,1.125,1.128
4,277,basic,120.22,77.564,48.705,31.12,1.004,1.054
4,279,basic,105.757,46.47,77.562,33.83,1.006,1.042
4,281,basic,67.923,45.346,73.007,48.634,0.82,0.831
4,282,basic,75.505,55.634,75.686,56.375,0.925,0.87
4,286,basic,176.115,111.116,181.912,112.278,1.867,1.981
4,287,basic,0.0,0.0,440.847,194.45,,0.939
4,287,gifted,190.0,174.047,0.0,0.0,,
4,288,basic,187.82,162.523,190.964,167.59,1.341,1.286
4,289,basic,159.84,137.43,190.7,162.675,1.38,1.444
4,291,basic,375.954,260.364,388.796,263.508,2.288,2.399
4,292,basic,564.199,327.884,618.109,359.956,1.477,1.529
4,930,basic,398.668,353.713,401.089,354.877,2.314,2.328
4,935,basic,438.365,303.619,458.272,322.738,1.836,1.761
4,939,basic,221.484,109.787,228.866,112.903,1.734,1.763
4,949,basic,378.266,311.327,488.457,403.252,1.587,1.635
4,955,basic,45.902,43.607,52.631,50.0,2.824,2.621
4,971,basic,0.0,0.0,565.142,252.02,,1.122
4,971,gifted,516.12,472.785,0.0,0.0,,
4,972,basic,259.561,189.98,262.521,191.162,1.842,1.864
4,974,basic,89.108,79.876,92.564,83.768,1.246,1.193
4,977,basic,231.031,172.174,195.35,142.772,1.308,1.419
5,103,basic,265.542,234.526,266.493,235.142,1.639,1.643
5,104,basic,129.283,58.111,144.972,66.199,2.216,2.148
5,105,basic,440.0,220.881,307.203,150.466,2.311,2.453
5,105,gifted,179.201,164.822,0.0,0.0,,
5,106,basic,450.162,288.36,333.746,216.867,1.725,1.631
5,106,gifted,116.611,107.254,0.0,0.0,,
5,107,basic,517.458,270.375,517.854,270.55,2.479,2.48
5,109,basic,154.383,106.092,156.531,107.846,2.111,2.097
5,110,basic,398.12,221.607,407.375,226.55,2.12,2.126
5,113,basic,389.444,246.896,263.75,166.639,2.309,2.322
5,113,gifted,134.0,123.248,0.0,0.0,,
5,115,basic,134.982,82.299,154.675,94.22,1.719,1.724
5,117,basic,259.602,165.639,224.787,145.551,2.33,2.244
5,117,gifted,89.617,82.426,0.0,0.0,,
5,118,basic,267.512,147.884,338.79,186.416,2.119,2.146
5,130,basic,652.912,403.305,669.28,412.988,1.719,1.725
5,201,basic,75.441,48.4,82.531,53.332,1.157,1.125
5,202,basic,166.726,87.131,169.239,87.698,1.667,1.713
5,203,basic,250.297,170.184,250.378,170.141,1.278,1.281
5,204,basic,166.571,114.521,103.891,63.999,1.432,2.089
5,208,basic,210.443,169.852,242.395,196.026,1.258,1.32
5,209,basic,146.709,54.579,129.912,48.282,0.774,0.779
5,210,basic,192.775,84.449,190.92,83.875,1.424,1.406
5,211,basic,79.317,49.344,85.883,53.345,1.111,1.122
5,212,gifted,205.809,189.294,0.0,0.0,,
5,215,basic,113.589,68.032,114.56,68.322,0.871,0.888
5,218,basic,163.186,100.079,173.461,106.436,0.777,0.774
5,220,basic,88.228,70.783,90.349,72.064,1.328,1.36
5,221,basic,159.731,107.426,164.453,108.737,1.014,1.09
5,222,basic,148.396,86.912,155.496,89.187,1.961,2.085
5,225,basic,84.575,42.888,85.484,43.337,1.272,1.274
5,226,basic,249.457,161.628,256.343,167.001,1.259,1.24
5,229,basic,249.209,196.465,255.843,199.577,1.142,1.198
5,230,basic,117.457,77.989,84.592,56.239,1.011,1.001
5,233,basic,285.638,175.966,291.691,179.65,0.838,0.839
5,234,basic,72.436,56.476,83.17,63.749,1.191,1.29
5,235,basic,80.632,51.01,81.757,51.272,1.174,1.216
5,236,basic,53.096,46.317,53.945,47.045,1.065,1.066
5,239,basic,268.759,155.398,270.674,156.464,1.706,1.708
5,241,basic,382.932,137.68,373.706,133.438,1.867,1.907
5,242,basic,152.599,103.061,157.502,106.446,1.221,1.217
5,243,basic,212.857,113.706,229.626,122.765,0.984,0.98
5,244,basic,37.798,35.199,38.138,35.79,1.087,1.027
5,245,basic,319.077,267.749,323.215,271.232,1.212,1.214
5,246,basic,234.824,121.901,251.878,130.264,1.215,1.234
5,247,basic,363.983,130.288,353.766,127.305,1.558,1.527
5,248,basic,144.171,90.596,146.147,92.017,0.887,0.876
5,249,basic,33.304,24.931,33.704,25.227,0.848,0.849
5,250,basic,86.613,62.354,91.248,65.705,0.966,0.965
5,251,basic,126.132,62.541,130.695,64.588,1.366,1.385
5,252,basic,245.689,169.327,252.056,173.323,1.438,1.451
5,255,basic,89.01,58.093,90.8,59.417,0.839,0.824
5,257,basic,115.73,96.074,112.6,93.518,1.063,1.061
5,259,basic,161.818,115.396,166.011,118.908,1.28,1.254
5,261,basic,176.269,156.414,181.599,161.158,1.107,1.104
5,262,basic,184.691,137.56,141.847,105.111,1.064,1.092
5,264,basic,78.532,37.032,79.991,37.721,0.948,0.948
5,266,basic,104.253,80.966,101.169,78.841,0.907,0.885
5,267,basic,117.013,99.258,119.226,101.13,1.015,1.015
5,268,basic,107.869,102.476,107.782,102.393,1.066,1.062
5,269,basic,107.463,99.727,98.358,91.345,1.048,1.016
5,270,basic,153.511,101.589,155.263,102.642,1.517,1.522
5,272,basic,42.261,39.646,41.924,39.493,1.069,1.021
5,275,basic,96.237,89.349,97.152,90.147,1.167,1.17
5,276,basic,149.592,74.536,92.642,46.137,1.153,1.154
5,277,basic,131.017,84.086,52.322,33.272,1.011,1.062
5,279,basic,108.073,49.057,79.454,35.815,1.0,1.038
5,281,basic,67.735,44.616,72.764,47.83,0.826,0.837
5,282,basic,75.604,54.896,75.457,55.345,0.899,0.842
5,286,basic,174.869,108.917,180.506,110.2,1.819,1.931
5,287,basic,0.0,0.0,455.543,207.564,,0.963
5,287,gifted,190.0,174.754,0.0,0.0,,
5,288,basic,184.708,157.072,187.819,161.664,1.324,1.272
5,289,basic,155.095,132.651,185.121,157.139,1.364,1.437
5,291,basic,375.031,260.895,387.903,263.737,2.244,2.369
5,292,basic,560.112,329.928,614.022,363.434,1.487,1.538
5,930,basic,399.197,348.508,401.612,349.824,2.316,2.328
5,935,basic,437.518,303.316,457.395,321.835,1.86,1.792
5,939,basic,219.575,110.849,226.956,114.083,1.734,1.763
5,949,basic,377.814,308.655,489.065,400.656,1.541,1.603
5,955,basic,46.478,44.154,53.164,50.506,2.743,2.555
5,971,basic,0.0,0.0,559.099,257.375,,1.112
5,971,gifted,515.03,473.703,0.0,0.0,,
5,972,basic,262.073,192.106,264.745,193.256,1.831,1.849
5,974,basic,84.627,74.748,87.379,77.971,1.22,1.164
5,977,basic,241.649,174.793,199.645,141.97,1.322,1.427
6,103,basic,273.977,250.775,274.849,251.443,1.623,1.626
6,104,basic,124.832,49.624,136.451,55.672,2.323,2.208
6,105,basic,462.876,219.367,317.766,146.873,2.301,2.433
6,105,gifted,184.097,169.017,0.0,0.0,,
6,106,basic,448.04,278.106,330.851,208.47,1.757,1.662
6,106,gifted,114.67,105.276,0.0,0.0,,
6,107,basic,519.293,259.619,519.625,259.757,2.462,2.463
6,109,basic,150.896,103.735,153.687,106.005,2.108,2.093
6,110,basic,393.012,203.674,402.034,208.143,2.104,2.11
6,113,basic,386.451,241.929,261.74,162.419,2.355,2.393
6,113,gifted,133.087,122.185,0.0,0.0,,
6,115,basic,141.746,84.063,162.444,96.252,1.728,1.733
6,117,basic,258.946,162.169,223.588,142.344,2.306,2.218
6,117,gifted,89.713,82.364,0.0,0.0,,
6,118,basic,265.594,140.559,330.915,175.007,2.101,2.105
6,130,basic,664.664,389.025,681.421,398.244,1.699,1.706
6,201,basic,76.139,50.617,83.05,55.475,1.021,1.004
6,202,basic,167.632,84.531,170.293,85.041,1.67,1.719
6,203,basic,263.919,183.691,263.993,183.589,1.288,1.292
6,204,basic,178.142,127.837,109.72,69.676,1.383,2.055
6,208,basic,199.385,166.918,231.071,193.27,1.274,1.348
6,209,basic,153.011,47.67,135.04,41.994,0.781,0.789
6,210,basic,193.709,75.498,192.012,74.971,1.409,1.397
6,211,basic,68.374,42.615,73.165,45.575,1.105,1.11
6,212,gifted,205.798,188.94,0.0,0.0,,
6,215,basic,118.708,66.283,119.947,66.499,0.915,0.942
6,218,basic,152.825,91.867,161.788,97.304,0.761,0.759
6,220,basic,86.573,72.653,88.699,74.036,1.342,1.371
6,221,basic,163.015,107.28,167.811,108.493,0.982,1.053
6,222,basic,142.636,82.575,150.243,84.954,2.09,2.222
6,225,basic,85.663,41.136,86.599,41.574,1.239,1.241
6,226,basic,255.767,159.43,262.868,164.787,1.264,1.247
6,229,basic,253.197,211.342,260.286,214.575,1.14,1.2
6,230,basic,108.672,73.212,78.686,52.936,1.039,1.043
6,233,basic,280.297,168.072,286.294,171.606,0.841,0.842
6,234,basic,77.746,64.708,88.633,72.578,1.162,1.249
6,235,basic,77.295,47.428,78.551,47.659,1.197,1.246
6,236,basic,51.48,45.55,52.385,46.325,1.084,1.087
6,239,basic,279.142,160.738,281.098,161.844,1.708,1.708
6,241,basic,384.143,119.49,375.48,115.741,1.867,1.916
6,242,basic,151.472,103.432,156.364,106.887,1.234,1.229
6,243,basic,218.656,110.643,235.778,119.398,0.978,0.974
6,244,basic,36.474,34.062,36.732,34.545,1.135,1.06
6,245,basic,319.556,277.856,323.707,281.29,1.241,1.247
6,246,basic,232.552,114.899,249.431,122.75,1.194,1.213
6,247,basic,371.142,113.348,362.136,111.092,1.569,1.546
6,248,basic,149.44,93.355,151.73,94.982,0.893,0.882
6,249,basic,33.157,25.339,33.619,25.68,0.846,0.848
6,250,basic,85.436,63.986,89.998,67.379,0.971,0.974
6,251,basic,133.633,59.758,138.454,61.68,1.403,1.423
6,252,basic,237.82,165.649,244.156,169.587,1.465,1.48
6,255,basic,88.549,58.132,90.298,59.458,0.84,0.825
6,257,basic,125.483,109.228,122.464,106.617,1.094,1.094
6,259,basic,157.566,118.324,161.272,121.704,1.272,1.245
6,261,basic,174.629,159.85,180.122,164.737,1.09,1.09
6,262,basic,186.551,143.595,143.213,109.543,1.066,1.098
6,264,basic,83.755,34.607,85.268,35.235,0.93,0.929
6,266,basic,112.227,88.851,109.167,86.669,0.932,0.914
6,267,basic,117.665,104.719,119.955,106.749,1.021,1.021
6,268,basic,110.588,105.059,110.515,104.99,1.072,1.068
6,269,basic,106.178,99.709,96.896,90.948,1.09,1.062
6,270,basic,163.566,112.183,165.44,113.312,1.532,1.538
6,272,basic,38.932,36.737,38.541,36.448,1.04,0.99
6,275,basic,94.053,88.672,94.976,89.506,1.174,1.177
6,276,basic,147.971,67.289,92.728,42.099,1.123,1.129
6,277,basic,123.989,80.366,49.861,31.959,1.001,1.058
6,279,basic,109.636,44.678,81.431,32.879,1.002,1.047
6,281,basic,66.298,44.235,71.096,47.35,0.813,0.822
6,282,basic,77.835,59.351,78.031,60.143,0.883,0.829
6,286,basic,172.62,108.527,178.336,109.729,1.7,1.809
6,287,basic,0.0,0.0,444.49,183.278,,0.953
6,287,gifted,190.0,174.436,0.0,0.0,,
6,288,basic,182.76,162.671,186.034,167.589,1.331,1.283
6,289,basic,154.382,140.777,183.697,166.86,1.39,1.439
6,291,basic,371.014,267.765,384.034,270.907,2.211,2.327
6,292,basic,562.241,321.464,615.879,353.355,1.503,1.564
6,930,basic,399.458,365.588,401.87,367.008,2.392,2.405
6,935,basic,438.613,315.047,458.558,334.925,1.865,1.793
6,939,basic,221.052,103.124,228.496,106.11,1.739,1.768
6,949,basic,382.814,329.25,494.995,427.496,1.593,1.647
6,955,basic,45.837,43.545,52.278,49.664,2.814,2.61
6,971,basic,0.0,0.0,554.692,231.382,,1.124
6,971,gifted,515.511,473.282,0.0,0.0,,
6,972,basic,265.365,201.83,268.376,203.133,1.861,1.881
6,974,basic,84.806,77.65,87.793,81.128,1.237,1.175
6,977,basic,235.834,179.563,197.664,147.506,1.335,1.449
7,103,basic,266.572,232.661,267.38,233.257,1.61,1.612
7,104,basic,124.775,46.004,134.759,51.536,2.338,2.19
7,105,basic,425.778,185.25,302.54,128.18,2.253,2.367
7,105,gifted,174.546,160.75,0.0,0.0,,
7,106,basic,464.362,271.564,343.247,204.82,1.736,1.639
7,106,gifted,117.73,108.425,0.0,0.0,,
7,107,basic,521.2,239.146,521.553,239.284,2.431,2.431
7,109,basic,150.906,95.334,152.791,96.806,2.148,2.136
7,110,basic,386.548,188.261,395.204,192.297,2.104,2.108
7,113,basic,385.344,218.727,258.612,145.658,2.353,2.383
7,113,gifted,134.108,123.508,0.0,0.0,,
7,115,basic,148.37,82.529,169.362,94.168,1.711,1.713
7,117,basic,266.532,155.706,231.009,137.362,2.279,2.203
7,117,gifted,90.237,83.105,0.0,0.0,,
7,118,basic,271.524,132.066,348.176,167.887,2.129,2.167
7,130,basic,658.202,370.926,674.749,379.757,1.704,1.709
7,201,basic,80.677,56.116,88.314,61.772,0.969,0.956
7,202,basic,169.505,88.183,172.255,88.527,1.6,1.648
7,203,basic,250.21,177.751,250.25,177.59,1.295,1.299
7,204,basic,179.181,129.78,110.511,68.525,1.422,2.107
7,208,basic,208.466,176.127,240.534,201.142,1.211,1.277
7,209,basic,153.015,53.107,135.103,46.828,0.764,0.769
7,210,basic,194.463,80.977,192.646,80.508,1.381,1.364
7,211,basic,72.759,47.025,78.856,50.831,1.103,1.116
7,212,gifted,205.77,189.506,0.0,0.0,,
7,215,basic,121.453,75.287,122.774,75.48,0.891,0.917
7,218,basic,156.539,100.354,166.486,106.781,0.757,0.755
7,220,basic,86.028,71.556,88.14,72.84,1.326,1.354
7,221,basic,165.666,118.732,170.58,119.836,0.948,1.011
7,222,basic,143.203,82.029,150.816,84.11,2.072,2.188
7,225,basic,96.311,48.727,97.354,49.233,1.212,1.214
7,226,basic,256.647,173.732,263.678,179.34,1.208,1.2
7,229,basic,256.003,220.171,263.141,222.602,1.135,1.196
7,230,basic,114.286,79.176,81.947,56.84,1.045,1.036
7,233,basic,278.907,179.556,284.855,183.318,0.82,0.821
7,234,basic,77.606,65.554,89.919,74.151,1.187,1.29
7,235,basic,81.988,52.638,83.447,52.779,1.251,1.303
7,236,basic,50.335,44.54,51.277,45.339,1.074,1.077
7,239,basic,270.39,158.446,272.242,159.516,1.674,1.675
7,241,basic,386.456,124.549,378.072,119.959,1.862,1.929
7,242,basic,166.101,118.895,171.828,123.087,1.217,1.215
7,243,basic,213.235,114.182,229.989,123.252,0.976,0.973
7,244,basic,38.106,35.517,38.371,36.037,1.088,1.031
7,245,basic,319.19,283.786,323.251,287.333,1.239,1.244
7,246,basic,230.416,120.41,246.454,128.362,1.154,1.165
7,247,basic,373.476,120.833,363.713,118.327,1.54,1.517
7,248,basic,144.129,95.352,146.059,96.883,0.878,0.867
7,249,basic,28.064,22.926,28.345,23.151,0.863,0.863
7,250,basic,87.158,67.504,92.129,71.302,0.962,0.966
7,251,basic,128.232,62.392,132.9,64.371,1.302,1.321
7,252,basic,239.892,173.618,246.148,177.588,1.377,1.39
7,255,basic,88.505,61.256,90.213,62.67,0.822,0.808
7,257,basic,118.544,105.804,115.69,103.257,1.068,1.07
7,259,basic,159.792,121.007,164.502,125.215,1.283,1.26
7,261,basic,174.014,159.08,179.343,163.869,1.098,1.096
7,262,basic,187.867,151.555,144.572,115.78,1.049,1.077
7,264,basic,76.182,35.24,77.594,35.895,0.918,0.918
7,266,basic,110.137,93.368,106.976,91.118,0.89,0.868
7,267,basic,118.431,110.039,120.804,112.235,1.024,1.024
7,268,basic,111.889,106.294,111.935,106.338,1.053,1.049
7,269,basic,104.43,97.963,95.259,89.365,1.078,1.046
7,270,basic,166.522,116.039,168.371,117.164,1.442,1.447
7,272,basic,39.91,37.524,39.509,37.284,1.045,0.997
7,275,basic,93.22,87.624,94.123,88.42,1.16,1.163
7,276,basic,153.373,75.214,95.191,46.66,1.131,1.132
7,277,basic,128.579,86.245,51.569,34.187,1.005,1.051
7,279,basic,108.517,47.659,79.686,34.689,0.989,1.023
7,281,basic,67.217,47.02,72.615,50.585,0.817,0.833
7,282,basic,79.941,62.714,80.233,63.761,0.889,0.837
7,286,basic,178.959,117.995,184.66,118.836,1.639,1.734
7,287,basic,0.0,0.0,454.734,200.266,,0.952
7,287,gifted,190.0,174.982,0.0,0.0,,
7,288,basic,188.744,166.133,191.917,171.551,1.315,1.264
7,289,basic,157.186,134.405,188.434,158.426,1.361,1.447
7,291,basic,374.927,258.456,387.999,260.59,2.189,2.298
7,292,basic,561.085,321.216,617.533,350.475,1.454,1.519
7,930,basic,399.223,350.241,401.642,351.31,2.346,2.36
7,935,basic,438.228,302.216,458.202,321.589,1.781,1.711
7,939,basic,219.702,105.201,227.103,108.086,1.671,1.698
7,949,basic,377.044,315.173,487.55,405.393,1.5,1.558
7,955,basic,46.02,43.719,53.08,50.426,2.72,2.511
7,971,basic,0.0,0.0,560.699,248.931,,1.115
7,971,gifted,516.01,475.224,0.0,0.0,,
7,972,basic,262.343,189.546,265.579,190.721,1.847,1.869
7,974,basic,86.635,78.566,89.857,82.305,1.223,1.171
7,977,basic,239.512,186.287,198.772,151.002,1.298,1.404
8,103,basic,284.118,261.071,285.018,261.747,1.678,1.681
8,104,basic,118.206,47.642,128.969,53.661,2.366,2.237
8,105,basic,438.153,210.218,303.167,141.167,2.22,2.348
8,105,gifted,180.309,165.236,0.0,0.0,,
8,106,basic,471.659,304.454,351.606,230.912,1.739,1.652
8,106,gifted,117.516,107.692,0.0,0.0,,
8,107,basic,519.615,257.087,520.031,257.253,2.497,2.498
8,109,basic,144.076,102.634,146.174,104.487,2.089,2.076
8,110,basic,404.24,222.952,413.726,227.917,2.092,2.097
8,113,basic,398.327,252.049,270.395,170.341,2.309,2.325
8,113,gifted,135.781,124.43,0.0,0.0,,
8,115,basic,144.967,88.06,165.97,100.718,1.708,1.712
8,117,basic,255.111,165.289,219.415,145.002,2.327,2.241
8,117,gifted,90.036,82.51,0.0,0.0,,
8,118,basic,258.415,139.701,324.987,175.006,2.079,2.096
8,130,basic,665.644,419.351,682.268,429.185,1.717,1.723
8,201,basic,77.047,50.857,83.56,55.478,0.952,0.936
8,202,basic,165.886,81.703,168.564,82.095,1.589,1.634
8,203,basic,260.246,174.034,260.343,173.918,1.316,1.32
8,204,basic,175.587,121.242,108.85,65.023,1.383,2.03
8,208,basic,198.817,169.093,230.056,195.503,1.236,1.305
8,209,basic,159.484,52.25,140.552,45.957,0.778,0.785
8,210,basic,193.241,77.72,191.521,77.264,1.366,1.351
8,211,basic,79.775,48.288,87.082,52.564,1.115,1.129
8,212,gifted,206.011,188.789,0.0,0.0,,
8,215,basic,121.624,71.678,123.143,71.771,0.932,0.967
8,218,basic,156.911,95.066,166.524,100.968,0.752,0.749
8,220,basic,93.462,74.889,95.772,76.211,1.412,1.441
8,221,basic,164.814,114.624,169.904,115.686,0.972,1.041
8,222,basic,142.942,77.69,150.232,79.581,2.062,2.176
8,225,basic,77.826,37.197,78.745,37.614,1.211,1.214
8,226,basic,266.593,173.733,273.568,179.608,1.294,1.276
8,229,basic,253.553,207.367,260.829,210.067,1.134,1.192
8,230,basic,110.053,72.241,79.85,52.354,1.002,1.003
8,233,basic,274.156,167.768,280.008,171.291,0.811,0.812
8,234,basic,78.066,62.532,90.927,70.991,1.203,1.312
8,235,basic,83.275,51.815,84.662,51.972,1.221,1.268
8,236,basic,50.245,44.519,51.168,45.308,1.042,1.044
8,239,basic,275.552,153.614,277.468,154.647,1.637,1.639
8,241,basic,384.044,117.597,375.096,113.667,1.865,1.91
8,242,basic,149.881,101.519,154.732,104.95,1.217,1.212
8,243,basic,220.536,111.056,238.054,119.963,1.0,0.998
8,244,basic,37.3,34.558,37.517,35.157,1.122,1.046
8,245,basic,324.042,283.32,328.258,286.894,1.252,1.257
8,246,basic,223.411,110.572,238.753,117.895,1.138,1.145
8,247,basic,372.291,113.77,362.999,111.635,1.563,1.536
8,248,basic,147.856,91.501,149.941,93.053,0.884,0.872
8,249,basic,27.719,21.329,28.066,21.559,0.901,0.906
8,250,basic,85.709,62.389,90.114,65.534,0.954,0.959
8,251,basic,133.909,63.024,138.908,65.074,1.325,1.344
8,252,basic,235.028,164.712,241.362,168.593,1.366,1.38
8,255,basic,87.168,56.18,88.623,57.339,0.846,0.831
8,257,basic,120.316,104.275,117.177,101.568,1.069,1.069
8,259,basic,160.692,113.839,164.857,117.359,1.297,1.274
8,261,basic,163.825,148.589,168.603,153.002,1.076,1.071
8,262,basic,189.607,145.213,145.404,110.502,1.062,1.094
8,264,basic,86.299,38.712,87.91,39.436,0.936,0.936
8,266,basic,106.497,87.164,103.6,85.156,0.895,0.875
8,267,basic,123.572,111.933,126.087,114.195,1.029,1.03
8,268,basic,109.31,103.845,109.037,103.585,1.069,1.063
8,269,basic,105.92,98.883,96.761,90.311,1.041,1.007
8,270,basic,152.014,100.408,153.787,101.463,1.404,1.408
8,272,basic,41.552,39.003,41.07,38.729,1.049,0.999
8,275,basic,91.765,85.89,92.671,86.68,1.158,1.161
8,276,basic,150.605,71.943,94.496,45.059,1.091,1.098
8,277,basic,136.076,85.633,54.298,33.74,1.009,1.06
8,279,basic,107.802,44.861,80.223,33.044,0.99,1.03
8,281,basic,68.386,44.906,73.142,47.946,0.803,0.81
8,282,basic,74.422,54.926,74.567,55.76,0.86,0.807
8,286,basic,180.928,111.606,186.75,112.437,1.826,1.927
8,287,basic,0.0,0.0,457.047,190.234,,0.953
8,287,gifted,190.0,174.117,0.0,0.0,,
8,288,basic,178.675,153.762,181.364,158.771,1.33,1.272
8,289,basic,156.668,138.947,186.698,164.47,1.376,1.434
8,291,basic,379.044,258.725,392.486,260.755,2.337,2.46
8,292,basic,564.818,323.331,618.857,356.574,1.487,1.544
8,930,basic,399.199,346.952,401.629,347.725,2.337,2.354
8,935,basic,437.032,305.281,456.544,326.312,1.781,1.699
8,939,basic,214.975,103.288,222.423,106.229,1.702,1.732
8,949,basic,381.364,317.487,492.777,411.699,1.531,1.598
8,955,basic,44.965,42.717,51.251,48.688,2.757,2.575
8,971,basic,0.0,0.0,558.558,235.138,,1.108
8,971,gifted,515.849,472.726,0.0,0.0,,
8,972,basic,259.877,190.211,263.151,191.286,1.869,1.893
8,974,basic,86.561,76.663,90.209,80.72,1.233,1.19
8,977,basic,244.013,177.553,201.493,143.091,1.307,1.419
9,103,basic,274.071,245.809,275.025,246.459,1.65,1.653
9,104,basic,112.632,46.975,124.483,52.742,2.112,2.051
9,105,basic,462.158,215.609,319.658,144.944,2.295,2.432
9,105,gifted,183.938,168.367,0.0,0.0,,
9,106,basic,452.708,282.041,332.345,211.21,1.715,1.609
9,106,gifted,117.146,107.229,0.0,0.0,,
9,107,basic,517.476,253.002,517.826,253.135,2.478,2.479
9,109,basic,163.319,111.539,166.219,113.861,2.067,2.054
9,110,basic,397.413,205.882,406.557,210.408,2.13,2.135
9,113,basic,382.698,235.376,259.224,158.816,2.314,2.328
9,113,gifted,133.827,122.499,0.0,0.0,,
9,115,basic,145.843,85.662,167.234,98.112,1.733,1.739
9,117,basic,262.478,161.919,226.857,142.312,2.321,2.24
9,117,gifted,90.268,82.627,0.0,0.0,,
9,118,basic,264.71,139.433,331.159,174.057,2.074,2.085
9,130,basic,671.708,397.587,688.557,406.988,1.706,1.712
9,201,basic,79.414,52.313,86.492,57.436,1.059,1.032
9,202,basic,168.207,85.584,170.849,86.001,1.61,1.657
9,203,basic,258.204,177.396,258.277,177.287,1.308,1.312
9,204,basic,183.465,129.289,110.653,68.521,1.409,2.047
9,208,basic,209.286,174.578,240.834,200.521,1.238,1.303
9,209,basic,141.295,47.076,125.587,41.781,0.77,0.776
9,210,basic,192.178,77.862,190.304,77.347,1.391,1.374
9,211,basic,75.28,46.87,81.519,50.675,1.117,1.127
9,212,gifted,205.995,188.557,0.0,0.0,,
9,215,basic,117.653,69.278,118.769,69.527,0.87,0.89
9,218,basic,153.444,94.322,162.575,100.005,0.749,0.746
9,220,basic,92.25,77.108,94.517,78.448,1.29,1.322
9,221,basic,161.591,110.689,166.314,111.871,0.933,0.997
9,222,basic,144.056,82.483,151.595,84.601,2.015,2.14
9,225,basic,86.592,42.308,87.534,42.756,1.236,1.237
9,226,basic,260.234,168.766,267.264,174.067,1.207,1.198
9,229,basic,246.818,204.268,253.315,207.007,1.134,1.188
9,230,basic,102.686,68.584,73.731,49.253,1.058,1.054
9,233,basic,282.97,173.13,289.003,176.76,0.848,0.85
9,234,basic,70.797,57.76,81.569,65.184,1.195,1.293
9,235,basic,84.04,52.389,85.395,52.575,1.204,1.252
9,236,basic,50.149,44.107,51.01,44.844,1.077,1.079
9,239,basic,261.992,149.993,263.831,151.022,1.684,1.685
9,241,basic,384.561,122.945,375.514,118.854,1.855,1.902
9,242,basic,154.047,106.077,158.95,109.516,1.205,1.203
9,243,basic,217.765,112.374,234.684,121.217,0.99,0.987
9,244,basic,34.673,32.29,35.132,32.954,1.102,1.045
9,245,basic,312.349,273.441,316.074,276.702,1.199,1.202
9,246,basic,231.156,116.73,247.039,124.371,1.164,1.176
9,247,basic,365.242,115.849,355.754,113.483,1.558,1.531
9,248,basic,146.817,92.748,148.949,94.309,0.891,0.881
9,249,basic,31.962,24.876,32.372,25.188,0.833,0.834
9,250,basic,84.984,63.032,90.049,66.744,0.987,0.991
9,251,basic,127.801,59.628,132.322,61.501,1.354,1.372
9,252,basic,239.507,167.552,245.706,171.418,1.413,1.425
9,255,basic,85.808,56.814,87.331,58.008,0.834,0.819
9,257,basic,120.316,104.338,117.598,101.947,1.071,1.073
9,259,basic,160.693,117.475,165.43,121.482,1.311,1.288
9,261,basic,175.756,159.807,181.011,164.52,1.087,1.085
9,262,basic,183.782,141.445,142.123,108.589,1.07,1.103
9,264,basic,84.97,37.342,86.518,38.024,0.932,0.932
9,266,basic,102.773,82.335,99.659,80.16,0.93,0.909
9,267,basic,118.84,106.296,121.178,108.378,1.022,1.023
9,268,basic,110.049,104.547,110.141,104.634,1.075,1.072
9,269,basic,105.66,99.093,96.644,90.647,1.025,0.99
9,270,basic,162.641,109.735,164.457,110.825,1.491,1.496
9,272,basic,42.839,40.352,42.499,40.151,1.005,0.963
9,275,basic,97.197,91.305,98.078,92.092,1.154,1.157
9,276,basic,159.064,75.201,98.98,46.751,1.127,1.129
9,277,basic,129.667,83.903,51.911,33.245,1.015,1.061
9,279,basic,109.569,46.394,80.184,33.655,1.001,1.039
9,281,basic,75.963,51.05,81.596,54.728,0.809,0.817
9,282,basic,75.896,57.316,76.092,58.136,0.89,0.837
9,286,basic,172.164,110.09,177.829,111.047,1.636,1.741
9,287,basic,0.0,0.0,458.157,195.213,,0.962
9,287,gifted,190.0,173.916,0.0,0.0,,
9,288,basic,186.725,164.002,189.94,168.943,1.33,1.285
9,289,basic,155.551,138.188,185.193,163.493,1.36,1.414
9,291,basic,365.593,261.652,378.057,264.6,2.112,2.214
9,292,basic,564.66,326.064,620.486,358.553,1.452,1.515
9,930,basic,399.152,356.035,401.563,357.339,2.353,2.364
9,935,basic,438.473,308.045,458.437,327.535,1.812,1.746
9,939,basic,219.625,104.379,227.037,107.358,1.72,1.748
9,949,basic,383.232,321.502,495.458,415.778,1.556,1.623
9,955,basic,46.458,44.135,53.337,50.67,2.784,2.582
9,971,basic,0.0,0.0,563.961,242.46,,1.126
9,971,gifted,515.983,472.304,0.0,0.0,,
9,972,basic,264.215,195.154,267.151,196.322,1.854,1.873
9,974,basic,86.655,78.114,89.286,81.351,1.248,1.186
9,977,basic,242.126,181.865,200.13,147.258,1.31,1.415
10,103,basic,262.301,228.432,263.119,229.026,1.615,1.617
10,104,basic,150.78,56.175,166.599,63.974,2.437,2.313
10,105,basic,456.537,202.19,318.399,137.147,2.3,2.421
10,105,gifted,179.478,164.805,0.0,0.0,,
10,106,basic,460.242,272.447,344.525,207.589,1.741,1.653
10,106,gifted,116.63,107.095,0.0,0.0,,
10,107,basic,525.555,242.241,525.944,242.391,2.521,2.521
10,109,basic,155.553,100.414,158.034,102.36,2.095,2.081
10,110,basic,399.556,199.12,408.791,203.506,2.093,2.098
10,113,basic,392.809,227.2,263.93,151.812,2.331,2.35
10,113,gifted,135.589,124.504,0.0,0.0,,
10,115,basic,154.479,87.409,176.531,99.805,1.717,1.721
10,117,basic,258.15,151.856,223.153,133.75,2.297,2.215
10,117,gifted,89.14,81.853,0.0,0.0,,
10,118,basic,269.033,133.157,341.275,168.031,2.15,2.173
10,130,basic,661.511,377.563,678.262,386.491,1.707,1.713
10,201,basic,81.963,56.547,89.31,62.064,0.995,0.975
10,202,basic,169.244,89.74,171.685,90.176,1.56,1.598
10,203,basic,243.495,172.595,243.593,172.504,1.287,1.29
10,204,basic,177.998,128.623,110.421,68.774,1.4,2.071
10,208,basic,204.539,171.257,235.615,195.637,1.215,1.28
10,209,basic,143.37,51.035,126.232,44.858,0.771,0.777
10,210,basic,194.766,81.99,192.991,81.507,1.406,1.391
10,211,basic,73.808,47.697,80.594,51.914,1.107,1.123
10,212,gifted,205.955,189.118,0.0,0.0,,
10,215,basic,118.933,73.692,120.21,73.875,0.878,0.904
10,218,basic,167.081,107.1,177.862,114.059,0.765,0.764
10,220,basic,87.252,71.101,89.413,72.385,1.384,1.413
10,221,basic,164.832,118.356,169.378,119.536,0.91,0.966
10,222,basic,137.186,81.623,143.761,83.621,1.904,2.002
10,225,basic,91.691,46.947,92.706,47.439,1.204,1.207
10,226,basic,259.12,170.523,266.173,176.468,1.283,1.266
10,229,basic,249.098,210.908,256.446,213.578,1.146,1.209
10,230,basic,104.745,73.012,74.824,52.163,1.014,1.01
10,233,basic,282.671,181.35,288.686,185.137,0.836,0.837
10,234,basic,80.846,67.667,93.968,76.699,1.185,1.294
10,235,basic,82.574,54.116,83.744,54.307,1.161,1.198
10,236,basic,48.225,42.697,48.993,43.355,1.049,1.051
10,239,basic,273.066,159.962,274.962,161.022,1.687,1.689
10,241,basic,383.894,127.123,375.356,122.608,1.862,1.922
10,242,basic,161.769,115.144,167.564,119.38,1.211,1.208
10,243,basic,222.154,119.643,239.845,129.252,0.991,0.989
10,244,basic,37.097,34.377,37.281,34.917,1.101,1.026
10,245,basic,317.799,279.358,322.132,283.033,1.246,1.252
10,246,basic,237.677,124.989,254.391,133.359,1.165,1.176
10,247,basic,367.429,121.997,358.024,119.616,1.552,1.525
10,248,basic,145.269,95.949,147.411,97.628,0.883,0.871
10,249,basic,29.336,23.604,29.74,23.909,0.868,0.87
10,250,basic,81.29,62.646,85.704,65.999,0.957,0.96
10,251,basic,129.245,62.774,134.053,64.822,1.348,1.367
10,252,basic,236.968,170.226,243.215,174.135,1.381,1.395
10,255,basic,87.48,60.142,89.034,61.436,0.843,0.829
10,257,basic,122.251,108.074,119.239,105.434,1.067,1.067
10,259,basic,158.507,120.163,162.3,123.773,1.253,1.226
10,261,basic,175.013,159.309,180.478,164.3,1.098,1.094
10,262,basic,190.928,151.994,146.533,115.788,1.061,1.092
10,264,basic,82.422,38.399,83.929,39.103,0.932,0.932
10,266,basic,101.091,84.342,98.007,82.187,0.902,0.878
10,267,basic,117.638,108.141,119.933,110.242,1.034,1.034
10,268,basic,110.919,105.373,110.89,105.345,1.052,1.047
10,269,basic,107.228,100.609,98.225,92.153,1.015,0.98
10,270,basic,167.24,116.981,169.114,118.121,1.423,1.428
10,272,basic,43.469,40.803,43.022,40.574,1.037,0.981
10,275,basic,90.839,85.12,91.773,85.946,1.183,1.186
10,276,basic,141.404,69.949,88.589,43.776,1.135,1.138
10,277,basic,132.544,89.015,52.581,34.938,1.0,1.043
10,279,basic,101.805,45.498,74.838,33.149,0.986,1.021
10,281,basic,61.049,42.729,65.41,45.659,0.808,0.818
10,282,basic,73.108,57.38,73.228,58.222,0.862,0.81
10,286,basic,181.742,114.778,187.356,115.649,1.783,1.878
10,287,basic,0.0,0.0,452.465,203.254,,0.944
10,287,gifted,190.0,174.467,0.0,0.0,,
10,288,basic,184.653,159.307,187.568,164.793,1.408,1.346
10,289,basic,155.322,132.954,185.592,156.83,1.372,1.443
10,291,basic,374.939,253.566,388.458,255.653,2.258,2.376
10,292,basic,564.355,324.937,618.786,355.386,1.469,1.513
10,930,basic,398.855,350.178,401.287,351.166,2.31,2.325
10,935,basic,437.858,302.807,457.551,323.09,1.78,1.694
10,939,basic,216.817,105.215,224.195,108.125,1.67,1.698
10,949,basic,375.909,312.927,485.199,402.137,1.51,1.568
10,955,basic,46.194,43.884,52.902,50.257,2.744,2.552
10,971,basic,0.0,0.0,560.025,252.366,,1.122
10,971,gifted,515.826,473.657,0.0,0.0,,
10,972,basic,256.623,187.298,259.481,188.326,1.808,1.829
10,974,basic,85.538,77.512,89.496,81.788,1.199,1.163
10,977,basic,238.439,184.546,197.335,149.271,1.282,1.388
11,103,basic,261.672,238.203,262.571,238.83,1.654,1.657
11,104,basic,134.322,51.811,148.729,58.559,2.216,2.132
11,105,basic,451.923,202.428,311.126,135.654,2.327,2.461
11,105,gifted,180.467,165.728,0.0,0.0,,
11,106,basic,449.484,272.016,333.218,204.775,1.748,1.659
11,106,gifted,115.621,106.179,0.0,0.0,,
11,107,basic,525.369,250.034,525.751,250.178,2.497,2.498
11,109,basic,141.826,96.791,144.078,98.63,2.073,2.06
11,110,basic,400.284,199.971,409.693,204.409,2.125,2.132
11,113,basic,389.747,238.741,261.676,159.734,2.313,2.324
11,113,gifted,135.392,124.335,0.0,0.0,,
11,115,basic,152.115,87.226,173.872,99.631,1.73,1.734
11,117,basic,260.509,160.219,225.315,140.859,2.296,2.215
11,117,gifted,89.7,82.374,0.0,0.0,,
11,118,basic,263.076,132.883,330.325,166.448,2.143,2.156
11,130,basic,666.811,383.03,683.591,392.066,1.7,1.707
11,201,basic,78.566,53.087,85.437,58.089,0.993,0.972
11,202,basic,163.428,84.025,165.982,84.522,1.556,1.599
11,203,basic,255.505,179.208,255.62,179.128,1.32,1.324
11,204,basic,178.961,129.611,110.695,70.51,1.426,2.085
11,208,basic,205.618,175.449,237.754,202.175,1.241,1.306
11,209,basic,142.281,43.406,126.029,38.389,0.777,0.784
11,210,basic,191.8,74.369,189.947,73.861,1.383,1.367
11,211,basic,80.276,50.388,86.811,54.399,1.105,1.115
11,212,gifted,205.575,188.785,0.0,0.0,,
11,215,basic,117.864,67.69,119.181,67.876,0.901,0.931
11,218,basic,156.107,94.723,165.297,100.351,0.762,0.76
11,220,basic,86.815,73.438,88.815,74.738,1.328,1.355
11,221,basic,165.168,112.563,169.891,113.765,0.965,1.03
11,222,basic,145.053,86.262,152.132,88.461,1.967,2.081
11,225,basic,90.455,43.329,91.46,43.788,1.229,1.232
11,226,basic,253.833,163.649,260.723,169.025,1.235,1.222
11,229,basic,250.692,214.918,257.758,218.078,1.144,1.202
11,230,basic,115.933,78.891,83.819,57.001,1.034,1.033
11,233,basic,282.285,171.362,288.27,174.941,0.844,0.845
11,234,basic,76.113,64.556,87.85,73.006,1.193,1.295
11,235,basic,84.929,53.19,86.247,53.394,1.203,1.249
11,236,basic,48.268,43.051,49.107,43.772,1.095,1.098
11,239,basic,279.934,162.86,281.917,163.969,1.67,1.671
11,241,basic,384.207,115.89,375.554,112.084,1.873,1.925
11,242,basic,162.293,113.636,167.874,117.638,1.214,1.211
11,243,basic,213.221,107.725,229.944,116.254,0.973,0.97
11,244,basic,36.211,33.812,36.43,34.269,1.154,1.075
11,245,basic,323.142,288.182,327.451,291.972,1.245,1.25
11,246,basic,228.289,113.626,243.938,121.072,1.147,1.159
11,247,basic,370.1,109.894,361.032,107.747,1.561,1.537
11,248,basic,143.59,91.011,145.622,92.535,0.874,0.862
11,249,basic,28.784,22.516,29.116,22.752,0.896,0.9
11,250,basic,88.431,67.424,93.439,71.181,0.963,0.967
11,251,basic,132.564,59.833,137.274,61.729,1.363,1.381
11,252,basic,244.673,174.545,251.086,178.616,1.429,1.442
11,255,basic,87.436,58.166,88.973,59.381,0.83,0.815
11,257,basic,120.314,107.461,117.522,104.95,1.081,1.083
11,259,basic,164.648,124.474,169.478,128.644,1.31,1.288
11,261,basic,166.567,153.589,171.495,158.091,1.102,1.098
11,262,basic,189.522,149.81,146.097,114.598,1.065,1.102
11,264,basic,83.002,34.489,84.51,35.119,0.939,0.939
11,266,basic,104.858,86.497,101.864,84.371,0.894,0.872
11,267,basic,113.682,104.792,115.955,106.879,1.046,1.047
11,268,basic,111.791,106.201,111.858,106.265,1.088,1.085
11,269,basic,106.885,100.791,97.772,92.204,1.052,1.017
11,270,basic,143.27,101.359,145.009,102.444,1.416,1.422
11,272,basic,41.913,39.521,41.501,39.228,1.068,1.01
11,275,basic,98.128,92.631,99.081,93.495,1.177,1.18
11,276,basic,150.207,68.467,93.666,42.623,1.126,1.132
11,277,basic,127.732,83.281,51.007,32.914,1.007,1.055
11,279,basic,105.498,42.587,77.387,30.978,0.994,1.032
11,281,basic,68.145,46.018,73.14,49.29,0.811,0.821
11,282,basic,72.737,56.208,72.854,56.958,0.893,0.838
11,286,basic,183.179,114.72,188.906,115.756,1.827,1.931
11,287,basic,0.0,0.0,456.561,185.286,,0.96
11,287,gifted,190.0,174.483,0.0,0.0,,
11,288,basic,176.244,157.805,178.957,162.392,1.314,1.263
11,289,basic,156.807,141.467,186.724,167.309,1.389,1.448
11,291,basic,373.948,268.078,387.039,270.673,2.237,2.355
11,292,basic,563.689,319.07,618.038,350.266,1.49,1.543
11,930,basic,399.058,365.435,401.485,366.688,2.386,2.403
11,935,basic,437.183,316.429,456.903,336.977,1.782,1.701
11,939,basic,216.217,100.904,223.548,103.77,1.681,1.71
11,949,basic,379.261,327.917,489.36,423.088,1.545,1.607
11,955,basic,45.048,42.795,51.661,49.078,2.759,2.558
11,971,basic,0.0,0.0,557.989,230.183,,1.119
11,971,gifted,515.736,473.616,0.0,0.0,,
11,972,basic,259.515,197.11,262.535,198.304,1.856,1.877
11,974,basic,88.374,81.316,91.924,85.294,1.228,1.178
11,977,basic,240.714,187.64,198.495,151.853,1.304,1.402
12,103,basic,269.235,229.646,270.017,230.239,1.637,1.638
12,104,basic,151.225,52.403,163.962,59.155,2.68,2.494
12,105,basic,435.064,192.013,300.744,129.354,2.24,2.367
12,105,gifted,178.517,164.107,0.0,0.0,,
12,106,basic,459.96,259.345,342.382,195.512,1.813,1.735
12,106,gifted,116.575,107.165,0.0,0.0,,
12,107,basic,520.511,237.822,520.946,237.988,2.482,2.483
12,109,basic,151.852,94.259,154.461,96.11,2.141,2.13
12,110,basic,387.604,188.111,396.447,192.262,2.079,2.083
12,113,basic,387.006,219.137,260.297,145.712,2.346,2.392
12,113,gifted,133.956,123.143,0.0,0.0,,
12,115,basic,147.12,80.389,168.295,91.905,1.724,1.727
12,117,basic,247.901,141.976,211.931,123.872,2.305,2.203
12,117,gifted,89.569,82.339,0.0,0.0,,
12,118,basic,263.292,128.197,330.36,160.47,2.112,2.125
12,130,basic,657.283,359.459,673.882,368.03,1.701,1.708
12,201,basic,80.243,55.839,87.518,61.267,1.014,0.993
12,202,basic,174.501,92.286,177.145,92.756,1.685,1.732
12,203,basic,265.664,190.646,265.741,190.539,1.316,1.32
12,204,basic,175.96,129.408,109.005,70.395,1.419,2.094
12,208,basic,209.457,174.553,241.879,199.581,1.225,1.288
12,209,basic,144.066,50.629,126.505,44.402,0.761,0.766
12,210,basic,192.188,81.954,190.341,81.423,1.389,1.371
12,211,basic,77.208,50.377,84.337,54.889,1.114,1.129
12,212,gifted,205.963,189.338,0.0,0.0,,
12,215,basic,122.965,73.592,124.416,73.736,0.951,0.986
12,218,basic,157.339,100.51,167.271,106.902,0.77,0.768
12,220,basic,87.353,72.938,89.415,74.267,1.377,1.405
12,221,basic,162.423,114.843,167.076,116.1,0.948,1.013
12,222,basic,149.593,87.423,156.897,89.778,2.165,2.278
12,225,basic,81.192,42.238,82.093,42.688,1.174,1.176
12,226,basic,250.981,166.427,258.059,172.116,1.263,1.249
12,229,basic,254.145,217.846,261.461,220.972,1.15,1.213
12,230,basic,101.524,71.829,73.236,51.801,1.0,0.998
12,233,basic,277.668,177.904,283.56,181.624,0.827,0.829
12,234,basic,74.639,63.026,86.805,71.734,1.217,1.327
12,235,basic,81.087,51.832,82.479,52.031,1.276,1.33
12,236,basic,47.899,42.772,48.789,43.533,1.07,1.074
12,239,basic,272.588,163.501,274.466,164.605,1.707,1.708
12,241,basic,386.239,129.775,377.505,125.38,1.913,1.972
12,242,basic,163.147,116.683,169.234,121.145,1.226,1.223
12,243,basic,213.728,115.921,230.649,125.178,0.977,0.975
12,244,basic,36.71,34.161,36.901,34.642,1.138,1.057
12,245,basic,320.735,284.912,324.81,288.476,1.237,1.242
12,246,basic,230.704,123.204,246.252,131.272,1.137,1.144
12,247,basic,373.117,124.856,363.431,122.319,1.587,1.558
12,248,basic,147.975,97.331,150.056,98.924,0.909,0.898
12,249,basic,29.738,23.686,30.089,23.947,0.887,0.89
12,250,basic,89.221,69.41,94.092,73.141,0.961,0.965
12,251,basic,131.868,64.349,136.729,66.466,1.363,1.381
12,252,basic,241.238,176.035,247.51,180.093,1.413,1.428
12,255,basic,90.405,62.04,92.186,63.465,0.869,0.855
12,257,basic,124.064,110.658,120.76,107.739,1.083,1.083
12,259,basic,171.049,131.999,176.251,136.504,1.27,1.251
12,261,basic,177.421,163.283,182.84,168.294,1.091,1.086
12,262,basic,188.052,150.639,144.548,115.051,1.065,1.096
12,264,basic,80.684,37.093,82.168,37.777,0.916,0.916
12,266,basic,107.735,89.846,104.657,87.658,0.904,0.881
12,267,basic,117.708,108.003,120.078,110.166,1.034,1.034
12,268,basic,110.465,104.942,110.411,104.89,1.067,1.063
12,269,basic,106.094,99.853,97.015,91.32,1.046,1.012
12,270,basic,169.754,120.046,171.604,121.212,1.5,1.505
12,272,basic,40.642,38.257,40.025,37.803,1.072,1.012
12,275,basic,98.242,92.714,99.161,93.546,1.137,1.14
12,276,basic,139.861,69.02,87.41,43.08,1.14,1.144
12,277,basic,124.578,84.347,49.737,33.353,1.014,1.059
12,279,basic,98.816,44.035,72.049,31.87,0.995,1.029
12,281,basic,65.383,45.867,70.188,49.122,0.809,0.82
12,282,basic,72.778,57.781,73.059,58.634,0.855,0.803
12,286,basic,176.924,113.552,182.532,114.667,1.803,1.906
12,287,basic,0.0,0.0,455.774,204.791,,0.95
12,287,gifted,190.0,174.664,0.0,0.0,,
12,288,basic,199.848,175.504,203.205,181.488,1.418,1.353
12,289,basic,155.899,132.508,185.712,156.305,1.369,1.426
12,291,basic,373.445,260.137,386.373,263.091,2.227,2.335
12,292,basic,561.449,320.595,616.524,349.247,1.495,1.549
12,930,basic,398.727,355.947,401.157,356.979,2.379,2.397
12,935,basic,437.931,304.66,457.586,323.827,1.834,1.749
12,939,basic,219.404,105.905,226.772,108.84,1.693,1.722
12,949,basic,379.375,315.433,490.37,405.206,1.545,1.598
12,955,basic,46.011,43.71,52.738,50.101,2.745,2.55
12,971,basic,0.0,0.0,563.556,255.294,,1.12
12,971,gifted,516.428,474.743,0.0,0.0,,
12,972,basic,260.345,189.61,263.606,190.836,1.888,1.914
12,974,basic,85.41,78.265,88.953,82.174,1.221,1.175
12,977,basic,236.764,186.798,196.104,151.863,1.286,1.385
13,103,basic,253.1,223.714,253.921,224.298,1.662,1.665
13,104,basic,132.513,59.087,143.771,66.262,2.403,2.253
13,105,basic,439.821,228.052,307.514,155.797,2.314,2.437
13,105,gifted,176.545,162.117,0.0,0.0,,
13,106,basic,465.431,301.466,346.407,227.27,1.788,1.705
13,106,gifted,116.57,107.043,0.0,0.0,,
13,107,basic,519.554,277.182,519.971,277.367,2.496,2.497
13,109,basic,153.056,106.783,155.607,108.84,2.07,2.058
13,110,basic,385.752,216.871,394.898,221.809,2.101,2.105
13,113,basic,402.278,258.262,270.457,172.754,2.34,2.358
13,113,gifted,137.947,126.673,0.0,0.0,,
13,115,basic,154.78,97.902,176.657,111.712,1.725,1.727
13,117,basic,270.113,171.712,232.479,150.612,2.349,2.249
13,117,gifted,89.857,82.513,0.0,0.0,,
13,118,basic,276.728,155.776,351.04,196.595,2.167,2.195
13,130,basic,653.53,409.813,669.864,419.555,1.682,1.687
13,201,basic,80.225,52.495,87.319,57.494,1.067,1.043
13,202,basic,172.706,88.932,175.389,89.421,1.707,1.757
13,203,basic,253.483,170.22,253.539,170.12,1.32,1.324
13,204,basic,180.733,123.76,110.012,66.74,1.395,2.053
13,208,basic,206.499,165.416,238.212,191.426,1.252,1.32
13,209,basic,151.111,57.189,133.066,50.27,0.782,0.79
13,210,basic,193.138,84.133,191.378,83.598,1.398,1.381
13,211,basic,75.158,47.214,81.599,51.14,1.101,1.116
13,212,gifted,205.744,188.93,0.0,0.0,,
13,215,basic,116.445,66.847,117.883,66.997,0.947,0.984
13,218,basic,158.405,98.246,168.338,104.455,0.77,0.768
13,220,basic,91.873,70.035,94.097,71.323,1.447,1.476
13,221,basic,164.322,106.973,169.118,108.131,1.001,1.073
13,222,basic,145.058,77.611,151.998,79.897,2.312,2.417
13,225,basic,81.576,41.807,82.509,42.263,1.231,1.234
13,226,basic,257.483,156.711,264.715,162.198,1.347,1.327
13,229,basic,248.744,194.006,255.905,197.034,1.142,1.203
13,230,basic,115.518,77.746,84.014,56.505,0.995,0.995
13,233,basic,282.284,174.371,288.368,178.052,0.837,0.839
13,234,basic,76.735,59.487,88.597,67.324,1.172,1.276
13,235,basic,88.872,53.576,90.263,53.764,1.291,1.343
13,236,basic,48.774,41.544,49.645,42.257,1.038,1.041
13,239,basic,272.465,156.747,274.308,157.781,1.698,1.699
13,241,basic,384.474,137.315,375.533,132.934,1.889,1.936
13,242,basic,158.755,105.822,164.56,109.791,1.238,1.234
13,243,basic,221.31,119.295,238.821,128.812,0.993,0.99
13,244,basic,37.121,34.108,37.214,34.679,1.172,1.083
13,245,basic,318.868,256.177,323.178,259.379,1.243,1.251
13,246,basic,230.899,122.132,246.733,130.202,1.149,1.159
13,247,basic,368.171,131.535,358.958,128.881,1.593,1.567
13,248,basic,150.388,95.416,152.691,97.121,0.895,0.882
13,249,basic,30.429,22.16,30.849,22.437,0.91,0.915
13,250,basic,87.539,63.623,92.171,66.965,0.963,0.965
13,251,basic,137.198,65.911,142.508,68.17,1.416,1.438
13,252,basic,235.758,158.47,242.2,162.277,1.454,1.471
13,255,basic,88.083,57.954,89.481,59.08,0.86,0.843
13,257,basic,118.907,96.774,115.894,94.335,1.075,1.074
13,259,basic,158.803,113.569,162.694,116.869,1.278,1.253
13,261,basic,167.68,147.594,172.492,151.963,1.071,1.065
13,262,basic,185.683,136.931,142.851,104.655,1.06,1.094
13,264,basic,80.42,36.994,81.905,37.679,0.977,0.977
13,266,basic,105.992,80.797,102.993,78.817,0.899,0.877
13,267,basic,117.787,96.833,120.185,98.789,1.023,1.024
13,268,basic,109.03,103.579,108.765,103.327,1.068,1.064
13,269,basic,106.29,97.723,97.311,89.614,1.002,0.97
13,270,basic,159.652,106.163,161.408,107.238,1.486,1.49
13,272,basic,43.374,40.594,42.812,40.293,1.055,1.001
13,275,basic,98.781,90.87,99.775,91.727,1.168,1.171
13,276,basic,148.058,73.28,92.576,45.771,1.125,1.13
13,277,basic,124.97,81.344,50.226,32.332,0.997,1.052
13,279,basic,100.594,46.125,74.171,33.73,1.002,1.042
13,281,basic,65.488,43.863,69.827,46.708,0.814,0.82
13,282,basic,71.079,52.768,71.304,53.498,0.854,0.801
13,286,basic,182.286,101.841,188.053,102.976,2.082,2.191
13,287,basic,0.0,0.0,447.653,207.689,,0.955
13,287,gifted,190.0,174.472,0.0,0.0,,
13,288,basic,185.259,150.782,187.913,156.121,1.43,1.35
13,289,basic,156.521,137.198,186.917,162.537,1.393,1.47
13,291,basic,376.972,247.329,390.936,249.767,2.392,2.53
13,292,basic,566.088,335.068,619.563,369.51,1.525,1.58
13,930,basic,399.155,341.986,401.591,342.684,2.368,2.389
13,935,basic,437.733,305.03,457.157,325.48,1.845,1.752
13,939,basic,218.697,109.815,226.291,112.987,1.715,1.75
13,949,basic,377.834,312.088,486.668,404.894,1.543,1.596
13,955,basic,45.631,43.35,51.598,49.018,2.782,2.594
13,971,basic,0.0,0.0,557.193,258.885,,1.117
13,971,gifted,515.915,473.752,0.0,0.0,,
13,972,basic,259.25,186.933,262.566,188.059,1.919,1.946
13,974,basic,87.25,77.576,91.236,81.775,1.163,1.126
13,977,basic,238.098,172.105,197.918,140.45,1.323,1.426
14,103,basic,264.659,229.922,265.434,230.517,1.597,1.599
14,104,basic,155.733,67.598,169.109,76.385,2.773,2.563
14,105,basic,438.155,232.149,304.544,157.514,2.241,2.383
14,105,gifted,180.059,165.303,0.0,0.0,,
14,106,basic,468.209,299.124,351.223,226.459,1.835,1.766
14,106,gifted,116.378,106.841,0.0,0.0,,
14,107,basic,532.747,285.404,533.233,285.629,2.534,2.535
14,109,basic,151.131,102.528,153.751,104.509,2.171,2.161
14,110,basic,400.489,232.08,409.576,237.182,2.132,2.137
14,113,basic,399.074,250.466,272.84,169.62,2.379,2.423
14,113,gifted,135.718,124.596,0.0,0.0,,
14,115,basic,144.797,90.343,166.167,103.565,1.721,1.727
14,117,basic,261.261,168.5,225.601,147.833,2.33,2.235
14,117,gifted,89.349,82.027,0.0,0.0,,
14,118,basic,268.173,153.412,336.336,191.889,2.111,2.128
14,130,basic,679.328,435.407,696.255,445.761,1.693,1.699
14,201,basic,75.146,48.588,81.828,53.225,1.059,1.032
14,202,basic,172.192,90.659,174.855,91.235,1.715,1.767
14,203,basic,257.287,169.496,257.354,169.418,1.34,1.344
14,204,basic,181.991,121.265,111.805,66.749,1.454,2.138
14,208,basic,206.594,162.0,238.047,187.232,1.254,1.319
14,209,basic,141.159,58.432,124.476,51.473,0.764,0.769
14,210,basic,191.855,89.953,189.961,89.345,1.394,1.373
14,211,basic,72.216,44.733,78.347,48.439,1.12,1.133
14,212,gifted,205.709,188.851,0.0,0.0,,
14,215,basic,121.587,73.477,122.954,73.682,0.929,0.965
14,218,basic,161.601,100.217,172.256,106.862,0.777,0.775
14,220,basic,94.518,69.673,96.877,71.029,1.506,1.539
14,221,basic,163.864,110.12,168.807,111.431,1.017,1.1
14,222,basic,148.151,79.51,155.443,81.982,2.362,2.481
14,225,basic,85.309,44.909,86.238,45.381,1.243,1.245
14,226,basic,263.633,168.683,270.752,174.315,1.355,1.332
14,229,basic,253.019,190.933,260.348,194.116,1.149,1.215
14,230,basic,109.071,70.984,79.473,51.641,1.048,1.054
14,233,basic,280.586,174.363,286.636,178.051,0.852,0.854
14,234,basic,76.214,56.88,88.184,64.599,1.194,1.305
14,235,basic,84.491,52.39,85.869,52.641,1.295,1.352
14,236,basic,54.354,45.297,55.367,46.115,1.098,1.101
14,239,basic,282.098,162.934,284.058,164.04,1.693,1.694
14,241,basic,384.129,147.837,375.323,143.069,1.958,2.017
14,242,basic,156.008,103.89,161.764,107.792,1.209,1.206
14,243,basic,217.545,119.647,234.718,129.167,0.996,0.993
14,244,basic,38.667,35.525,38.912,36.163,1.098,1.027
14,245,basic,321.38,257.4,325.423,260.52,1.229,1.234
14,246,basic,231.376,124.356,247.907,132.938,1.185,1.196
14,247,basic,372.068,144.356,362.683,141.333,1.621,1.595
14,248,basic,148.059,93.156,150.137,94.651,0.889,0.877
14,249,basic,29.546,21.428,29.897,21.667,0.903,0.906
14,250,basic,88.799,62.23,93.85,65.746,0.969,0.972
14,251,basic,129.321,66.997,134.1,69.233,1.376,1.396
14,252,basic,227.056,153.507,233.153,157.208,1.422,1.437
14,255,basic,87.022,56.285,88.551,57.443,0.859,0.842
14,257,basic,120.88,95.335,118.088,93.127,1.099,1.101
14,259,basic,163.084,112.466,167.443,115.93,1.28,1.255
14,261,basic,167.669,143.149,172.713,147.591,1.055,1.049
14,262,basic,188.022,135.876,145.058,104.139,1.075,1.113
14,264,basic,77.097,39.198,78.52,39.924,0.911,0.911
14,266,basic,107.518,81.379,104.475,79.367,0.905,0.882
14,267,basic,112.721,91.306,114.977,93.122,1.025,1.026
14,268,basic,107.327,101.96,107.293,101.928,1.078,1.074
14,269,basic,105.069,95.357,95.902,87.337,1.029,0.996
14,270,basic,149.349,95.255,151.109,96.267,1.561,1.567
14,272,basic,41.596,38.781,41.008,38.459,1.022,0.973
14,275,basic,94.027,85.616,94.96,86.418,1.14,1.144
14,276,basic,155.135,81.303,96.983,50.798,1.144,1.146
14,277,basic,125.704,80.214,50.065,31.699,1.007,1.051
14,279,basic,111.353,53.827,80.555,38.722,0.995,1.026
14,281,basic,66.939,43.904,71.657,46.931,0.81,0.818
14,282,basic,72.359,51.527,72.792,52.304,0.847,0.795
14,286,basic,177.42,105.568,183.178,106.873,2.008,2.127
14,287,basic,0.0,0.0,449.104,217.919,,0.948
14,287,gifted,190.0,174.429,0.0,0.0,,
14,288,basic,189.344,149.634,192.349,154.568,1.413,1.339
14,289,basic,157.478,128.955,187.415,152.715,1.365,1.424
14,291,basic,374.817,246.412,388.027,249.635,2.398,2.525
14,292,basic,567.758,335.619,621.035,369.272,1.55,1.602
14,930,basic,399.648,325.319,402.073,326.268,2.372,2.388
14,935,basic,438.054,292.647,457.775,310.891,1.931,1.851
14,939,basic,219.606,114.04,227.223,117.427,1.806,1.84
14,949,basic,380.781,296.916,492.971,385.787,1.576,1.638
14,955,basic,45.834,43.542,52.548,49.921,2.775,2.592
14,971,basic,0.0,0.0,557.947,270.914,,1.127
14,971,gifted,515.717,473.454,0.0,0.0,,
14,972,basic,270.447,188.486,273.704,189.713,1.927,1.952
14,974,basic,87.061,72.564,90.696,76.295,1.184,1.136
14,977,basic,233.162,163.299,194.298,133.876,1.295,1.399
15,103,basic,265.15,225.621,266.031,226.201,1.62,1.623
15,104,basic,127.143,49.099,141.055,55.545,2.213,2.136
15,105,basic,440.39,194.426,305.929,130.92,2.275,2.426
15,105,gifted,180.204,165.652,0.0,0.0,,
15,106,basic,448.309,258.549,332.262,194.895,1.737,1.643
15,106,gifted,115.564,106.232,0.0,0.0,,
15,107,basic,524.23,240.805,524.509,240.911,2.491,2.492
15,109,basic,142.827,90.277,145.109,91.993,2.061,2.048
15,110,basic,395.05,190.293,404.469,194.607,2.124,2.129
15,113,basic,383.825,219.078,262.412,149.164,2.313,2.329
15,113,gifted,133.383,122.612,0.0,0.0,,
15,115,basic,144.345,79.217,165.808,90.863,1.752,1.759
15,117,basic,260.877,148.928,225.39,130.951,2.314,2.229
15,117,gifted,89.674,82.432,0.0,0.0,,
15,118,basic,263.196,129.881,329.649,162.238,2.082,2.096
15,130,basic,655.848,360.665,672.345,369.197,1.709,1.715
15,201,basic,77.779,55.367,83.741,60.031,0.951,0.926
15,202,basic,167.568,90.25,170.156,90.733,1.639,1.683
15,203,basic,256.476,186.442,256.581,186.369,1.279,1.283
15,204,basic,173.07,128.263,106.775,69.735,1.404,2.033
15,208,basic,210.215,175.958,241.787,200.308,1.192,1.253
15,209,basic,141.29,51.17,125.704,45.412,0.773,0.783
15,210,basic,193.345,82.863,191.651,82.279,1.434,1.423
15,211,basic,66.762,43.932,72.471,47.617,1.128,1.138
15,212,gifted,206.163,189.515,0.0,0.0,,
15,215,basic,118.547,72.915,119.943,73.065,0.911,0.944
15,218,basic,159.375,103.592,169.428,110.174,0.761,0.76
15,220,basic,92.181,76.333,94.337,77.689,1.393,1.421
15,221,basic,164.245,116.523,168.963,117.743,0.95,1.015
15,222,basic,140.208,86.315,146.764,88.495,1.914,2.015
15,225,basic,86.395,45.239,87.358,45.718,1.22,1.223
15,226,basic,257.513,170.279,264.504,176.083,1.292,1.274
15,229,basic,249.017,213.752,255.947,216.761,1.151,1.209
15,230,basic,103.256,73.466,74.354,52.903,1.024,1.021
15,233,basic,278.984,181.999,284.972,185.839,0.811,0.813
15,234,basic,74.565,63.51,85.945,71.766,1.187,1.283
15,235,basic,75.285,49.7,76.452,49.922,1.173,1.215
15,236,basic,51.28,45.689,52.087,46.383,1.058,1.061
15,239,basic,270.255,163.592,272.166,164.703,1.691,1.692
15,241,basic,383.75,132.036,374.961,127.771,1.881,1.928
15,242,basic,163.021,117.82,168.601,121.93,1.216,1.214
15,243,basic,221.266,122.072,238.677,131.771,0.974,0.971
15,244,basic,37.366,34.739,37.56,35.245,1.141,1.064
15,245,basic,317.495,281.317,321.603,284.847,1.233,1.239
15,246,basic,218.813,119.325,232.647,126.812,1.116,1.117
15,247,basic,368.649,125.69,359.362,123.191,1.601,1.574
15,248,basic,153.338,102.548,155.804,104.45,0.906,0.894
15,249,basic,29.748,23.924,30.162,24.232,0.891,0.895
15,250,basic,86.382,67.758,91.081,71.406,0.962,0.965
15,251,basic,131.129,64.614,135.918,66.703,1.363,1.382
15,252,basic,237.192,173.434,243.505,177.503,1.389,1.404
15,255,basic,90.108,62.814,91.701,64.129,0.861,0.847
15,257,basic,119.15,106.614,116.131,103.923,1.052,1.052
15,259,basic,160.336,125.257,163.735,128.781,1.233,1.2
15,261,basic,175.547,160.413,181.131,165.377,1.115,1.115
15,262,basic,185.924,150.292,142.187,114.252,1.045,1.073
15,264,basic,81.829,38.433,83.346,39.148,0.91,0.91
15,266,basic,113.635,94.783,110.557,92.543,0.914,0.895
15,267,basic,118.015,108.686,120.3,110.782,1.029,1.029
15,268,basic,108.318,102.902,108.015,102.614,1.058,1.052
15,269,basic,103.428,97.036,94.279,88.415,1.081,1.05
15,270,basic,152.762,109.194,154.538,110.32,1.472,1.477
15,272,basic,42.779,40.29,42.312,39.974,1.049,1.0
15,275,basic,95.961,90.135,96.916,90.993,1.209,1.211
15,276,basic,147.493,74.198,92.501,46.466,1.118,1.123
15,277,basic,130.687,89.437,52.436,35.492,1.014,1.063
15,279,basic,112.391,51.116,82.947,37.359,1.001,1.044
15,281,basic,66.435,47.254,70.951,50.4,0.812,0.818
15,282,basic,74.716,59.752,74.656,60.437,0.865,0.809
15,286,basic,179.099,115.545,184.725,116.646,1.768,1.867
15,287,basic,0.0,0.0,451.258,206.879,,0.956
15,287,gifted,190.0,174.657,0.0,0.0,,
15,288,basic,178.174,157.112,180.935,162.012,1.326,1.269
15,289,basic,158.287,134.831,188.261,158.864,1.352,1.406
15,291,basic,372.256,256.23,385.621,258.342,2.217,2.341
15,292,basic,562.346,326.067,616.903,354.456,1.464,1.521
15,930,basic,399.255,356.278,401.68,357.516,2.341,2.356
15,935,basic,437.481,306.54,457.07,326.079,1.779,1.694
15,939,basic,221.839,108.257,229.344,111.188,1.686,1.718
15,949,basic,375.198,310.878,488.593,401.595,1.557,1.62
15,955,basic,44.328,42.112,50.466,47.942,2.848,2.667
15,971,basic,0.0,0.0,562.727,260.239,,1.116
15,971,gifted,516.072,474.399,0.0,0.0,,
15,972,basic,260.276,191.069,263.142,192.227,1.822,1.842
15,974,basic,86.31,78.736,89.696,82.574,1.234,1.182
15,977,basic,238.093,186.974,198.513,152.555,1.333,1.443
16,103,basic,271.053,222.758,272.15,223.327,1.622,1.627
16,104,basic,133.564,59.252,149.042,67.004,2.196,2.146
16,105,basic,425.553,210.006,291.207,139.721,2.16,2.283
16,105,gifted,180.991,166.087,0.0,0.0,,
16,106,basic,462.459,278.703,344.236,209.962,1.782,1.712
16,106,gifted,117.214,107.562,0.0,0.0,,
16,107,basic,522.5,255.696,523.036,255.867,2.513,2.514
16,109,basic,152.253,99.907,154.968,101.835,1.974,1.968
16,110,basic,402.487,212.211,412.315,217.07,2.112,2.118
16,113,basic,387.131,227.517,256.236,150.479,2.282,2.283
16,113,gifted,135.023,123.905,0.0,0.0,,
16,115,basic,147.724,87.212,169.352,99.874,1.716,1.721
16,117,basic,252.806,149.064,220.496,131.599,2.306,2.249
16,117,gifted,88.858,81.541,0.0,0.0,,
16,118,basic,269.394,144.356,334.143,178.822,2.049,2.055
16,130,basic,674.176,401.343,691.217,410.548,1.706,1.716
16,201,basic,78.716,51.905,85.411,56.787,1.137,1.11
16,202,basic,170.774,93.188,173.181,93.696,1.586,1.621
16,203,basic,249.007,170.002,249.156,169.978,1.312,1.315
16,204,basic,182.831,128.071,107.118,66.623,1.345,1.897
16,208,basic,206.763,162.606,238.726,186.552,1.226,1.291
16,209,basic,144.339,62.393,126.567,54.691,0.77,0.771
16,210,basic,191.706,91.02,189.76,90.551,1.365,1.342
16,211,basic,71.422,46.512,75.927,49.441,1.092,1.095
16,212,gifted,205.923,188.966,0.0,0.0,,
16,215,basic,112.634,73.078,113.488,73.396,0.836,0.847
16,218,basic,156.932,103.255,167.204,110.086,0.764,0.762
16,220,basic,88.555,69.257,90.873,70.46,1.333,1.368
16,221,basic,165.329,117.093,169.803,118.339,0.909,0.963
16,222,basic,145.047,87.584,151.795,89.432,1.731,1.837
16,225,basic,87.452,47.652,88.374,48.137,1.212,1.214
16,226,basic,252.977,166.509,259.832,171.984,1.248,1.235
16,229,basic,250.721,198.865,256.892,201.866,1.116,1.153
16,230,basic,114.5,78.561,82.99,56.918,1.022,1.02
16,233,basic,281.136,184.923,287.125,188.794,0.826,0.828
16,234,basic,72.353,57.316,81.407,63.574,1.119,1.182
16,235,basic,75.288,50.249,76.231,50.471,1.082,1.111
16,236,basic,50.195,42.906,50.908,43.512,1.041,1.041
16,239,basic,265.242,155.283,267.181,156.353,1.695,1.697
16,241,basic,386.48,149.248,376.273,145.191,1.858,1.86
16,242,basic,153.262,106.414,158.92,110.428,1.204,1.202
16,243,basic,212.92,122.215,229.515,131.914,0.987,0.982
16,244,basic,39.326,36.261,39.813,37.034,1.038,0.994
16,245,basic,323.095,266.997,327.334,270.511,1.206,1.208
16,246,basic,237.702,130.902,254.71,139.639,1.219,1.237
16,247,basic,368.608,144.108,358.329,141.08,1.575,1.542
16,248,basic,151.047,100.672,153.296,102.396,0.895,0.886
16,249,basic,29.082,22.622,29.4,22.872,0.841,0.84
16,250,basic,88.266,65.594,92.386,68.689,0.951,0.95
16,251,basic,129.809,67.502,134.469,69.654,1.372,1.389
16,252,basic,252.45,171.554,258.946,175.454,1.446,1.459
16,255,basic,84.602,58.696,86.324,60.081,0.808,0.795
16,257,basic,127.196,104.635,124.378,102.308,1.069,1.07
16,259,basic,161.613,115.532,166.205,119.29,1.29,1.271
16,261,basic,182.153,160.135,187.192,164.816,1.052,1.044
16,262,basic,184.983,139.539,143.412,107.295,1.079,1.115
16,264,basic,84.799,44.368,86.327,45.169,0.915,0.915
16,266,basic,103.669,82.129,100.636,80.119,0.893,0.87
16,267,basic,118.412,100.975,120.594,102.832,1.023,1.024
16,268,basic,108.607,103.176,108.713,103.276,1.066,1.062
16,269,basic,105.398,96.258,96.298,88.178,1.023,0.989
16,270,basic,163.769,109.724,165.606,110.827,1.442,1.446
16,272,basic,42.806,39.744,42.425,39.653,1.055,1.011
16,275,basic,96.068,87.294,96.974,88.056,1.155,1.158
16,276,basic,153.416,82.683,95.37,51.368,1.117,1.118
16,277,basic,130.645,87.345,52.181,34.511,1.016,1.062
16,279,basic,104.572,52.515,76.268,38.026,0.986,1.016
16,281,basic,70.01,48.926,74.901,52.296,0.806,0.81
16,282,basic,75.5,56.605,75.374,57.195,0.891,0.839
16,286,basic,181.868,112.132,187.683,112.851,1.744,1.851
16,287,basic,0.0,0.0,449.325,226.81,,0.944
16,287,gifted,190.0,174.354,0.0,0.0,,
16,288,basic,181.908,150.136,184.939,154.729,1.305,1.26
16,289,basic,155.26,126.929,184.169,149.578,1.318,1.362
16,291,basic,370.452,241.563,384.042,242.511,2.138,2.278
16,292,basic,565.722,332.158,620.079,362.454,1.514,1.572
16,930,basic,398.875,323.811,401.289,325.13,2.24,2.248
16,935,basic,438.564,293.261,458.562,311.664,1.757,1.69
16,939,basic,221.859,114.947,229.25,118.05,1.667,1.697
16,949,basic,382.19,299.328,493.567,384.7,1.506,1.565
16,955,basic,46.203,43.887,51.596,49.01,2.805,2.632
16,971,basic,0.0,0.0,561.169,281.273,,1.122
16,971,gifted,515.539,473.086,0.0,0.0,,
16,972,basic,260.566,181.24,262.891,182.193,1.784,1.797
16,974,basic,88.018,76.209,90.907,79.743,1.198,1.142
16,977,basic,235.738,172.283,196.317,140.429,1.288,1.391
17,103,basic,270.001,245.106,271.081,245.751,1.687,1.693
17,104,basic,130.35,61.849,146.644,70.539,2.214,2.158
17,105,basic,442.817,228.785,307.659,155.064,2.275,2.408
17,105,gifted,179.623,165.181,0.0,0.0,,
17,106,basic,444.985,299.283,330.189,225.025,1.76,1.676
17,106,gifted,114.726,105.502,0.0,0.0,,
17,107,basic,514.751,273.443,515.226,273.636,2.517,2.518
17,109,basic,142.642,105.957,144.782,107.751,2.028,2.019
17,110,basic,410.437,257.204,419.814,262.812,2.09,2.096
17,113,basic,390.725,257.534,260.994,171.784,2.268,2.27
17,113,gifted,135.094,124.232,0.0,0.0,,
17,115,basic,139.409,87.406,159.359,99.851,1.712,1.715
17,117,basic,254.428,178.023,220.327,156.336,2.287,2.211
17,117,gifted,89.246,82.07,0.0,0.0,,
17,118,basic,266.9,153.722,337.107,193.346,2.107,2.13
17,130,basic,666.306,459.543,683.098,470.467,1.722,1.729
17,201,basic,79.642,49.48,86.903,54.281,1.044,1.024
17,202,basic,166.491,83.465,169.055,84.001,1.629,1.674
17,203,basic,260.749,166.597,260.856,166.531,1.323,1.327
17,204,basic,173.574,112.535,107.521,61.947,1.431,2.091
17,208,basic,200.221,164.553,232.337,191.813,1.279,1.349
17,209,basic,151.729,57.813,133.525,50.819,0.776,0.781
17,210,basic,192.601,87.456,190.783,86.9,1.386,1.367
17,211,basic,83.154,48.97,89.104,52.402,1.089,1.098
17,212,gifted,205.921,189.365,0.0,0.0,,
17,215,basic,121.788,75.826,122.99,76.07,0.896,0.921
17,218,basic,160.354,95.583,170.725,101.806,0.77,0.769
17,220,basic,94.338,71.241,96.688,72.568,1.446,1.479
17,221,basic,162.604,117.444,167.288,118.792,0.973,1.042
17,222,basic,142.895,77.792,149.745,79.895,1.987,2.1
17,225,basic,80.297,40.117,81.168,40.536,1.186,1.188
17,226,basic,256.759,178.263,263.77,184.156,1.278,1.262
17,229,basic,249.403,188.289,256.293,191.161,1.137,1.196
17,230,basic,111.623,68.823,80.836,49.825,1.033,1.031
17,233,basic,276.955,168.428,282.875,171.972,0.823,0.825
17,234,basic,72.075,53.094,83.013,60.057,1.195,1.292
17,235,basic,79.225,50.267,80.515,50.524,1.243,1.292
17,236,basic,44.873,39.735,45.59,40.351,1.036,1.038
17,239,basic,287.76,156.681,289.76,157.735,1.707,1.708
17,241,basic,383.656,135.927,374.795,131.652,1.901,1.948
17,242,basic,157.956,102.766,163.603,106.524,1.23,1.227
17,243,basic,211.581,110.261,228.277,119.062,0.979,0.975
17,244,basic,37.666,34.69,37.945,35.306,1.077,1.018
17,245,basic,323.683,276.589,327.908,280.08,1.233,1.237
17,246,basic,219.995,110.924,235.819,118.503,1.18,1.196
17,247,basic,367.967,130.902,358.233,128.103,1.584,1.556
17,248,basic,147.385,87.775,149.566,89.265,0.891,0.879
17,249,basic,30.841,22.752,31.248,23.043,0.881,0.882
17,250,basic,90.015,60.442,94.576,63.488,0.96,0.962
17,251,basic,127.859,66.369,132.616,68.586,1.386,1.406
17,252,basic,226.327,156.29,232.385,160.028,1.376,1.39
17,255,basic,86.493,53.117,87.994,54.212,0.851,0.835
17,257,basic,121.114,98.927,118.264,96.596,1.075,1.076
17,259,basic,162.408,106.181,167.117,109.658,1.3,1.279
17,261,basic,178.788,157.092,183.987,161.751,1.059,1.055
17,262,basic,185.712,134.489,143.098,102.979,1.066,1.098
17,264,basic,80.2,41.494,81.672,42.258,0.916,0.915
17,266,basic,108.405,85.421,105.311,83.276,0.913,0.892
17,267,basic,119.441,101.759,121.784,103.745,1.022,1.023
17,268,basic,106.575,101.245,106.369,101.05,1.066,1.063
17,269,basic,105.76,97.133,96.656,88.93,1.029,0.997
17,270,basic,155.797,95.136,157.616,96.128,1.467,1.473
17,272,basic,41.481,38.513,40.979,38.286,1.038,0.993
17,275,basic,99.551,92.02,100.524,92.869,1.168,1.171
17,276,basic,150.363,78.377,93.514,48.705,1.13,1.132
17,277,basic,125.211,75.549,50.404,30.092,1.007,1.061
17,279,basic,109.968,49.786,80.827,36.328,1.001,1.037
17,281,basic,63.484,39.273,68.148,42.068,0.822,0.833
17,282,basic,80.474,53.724,80.619,54.37,0.907,0.854
17,286,basic,179.48,114.26,185.139,115.529,1.9,2.007
17,287,basic,0.0,0.0,448.147,201.526,,0.955
17,287,gifted,190.0,174.723,0.0,0.0,,
17,288,basic,183.463,149.214,186.251,153.958,1.347,1.283
17,289,basic,154.639,124.659,184.579,147.959,1.378,1.446
17,291,basic,372.466,260.766,386.12,262.878,2.275,2.422
17,292,basic,563.9,330.057,618.486,365.558,1.504,1.559
17,930,basic,399.153,320.455,401.578,321.48,2.286,2.3
17,935,basic,437.699,295.257,457.431,314.198,1.841,1.767
17,939,basic,218.656,114.489,226.16,117.843,1.748,1.78
17,949,basic,376.242,290.932,484.746,377.498,1.504,1.565
17,955,basic,45.435,43.163,51.975,49.377,2.72,2.527
17,971,basic,0.0,0.0,561.981,254.717,,1.124
17,971,gifted,515.908,474.427,0.0,0.0,,
17,972,basic,255.059,183.082,257.872,184.154,1.858,1.878
17,974,basic,86.062,68.63,89.293,71.966,1.193,1.144
17,977,basic,237.654,158.305,198.187,129.581,1.323,1.429
18,103,basic,274.875,250.71,275.718,251.354,1.626,1.628
18,104,basic,123.149,53.592,132.639,59.802,2.447,2.276
18,105,basic,447.057,225.924,314.803,155.546,2.335,2.464
18,105,gifted,176.87,162.757,0.0,0.0,,
18,106,basic,467.889,304.669,346.68,228.564,1.787,1.702
18,106,gifted,117.617,108.232,0.0,0.0,,
18,107,basic,518.658,277.88,518.998,278.039,2.461,2.461
18,109,basic,142.299,101.838,144.285,103.611,2.123,2.105
18,110,basic,397.363,229.287,407.109,234.594,2.086,2.094
18,113,basic,391.322,252.555,264.845,169.743,2.348,2.377
18,113,gifted,134.261,123.548,0.0,0.0,,
18,115,basic,146.976,91.399,167.707,104.242,1.733,1.736
18,117,basic,246.057,163.954,211.472,143.195,2.321,2.23
18,117,gifted,88.928,81.833,0.0,0.0,,
18,118,basic,266.352,149.421,340.818,190.112,2.16,2.193
18,130,basic,664.933,427.45,681.657,437.533,1.733,1.741
18,201,basic,77.039,49.505,83.952,54.251,1.0,0.978
18,202,basic,170.73,86.771,173.316,87.286,1.664,1.712
18,203,basic,282.865,185.332,282.991,185.239,1.356,1.361
18,204,basic,178.515,120.688,111.015,66.412,1.428,2.147
18,208,basic,206.568,167.585,237.943,193.848,1.267,1.336
18,209,basic,147.257,52.36,129.476,45.971,0.783,0.79
18,210,basic,193.276,82.275,191.477,81.714,1.401,1.385
18,211,basic,77.836,47.009,84.53,50.93,1.114,1.129
18,212,gifted,205.999,189.562,0.0,0.0,,
18,215,basic,122.85,71.664,124.448,71.799,0.982,1.027
18,218,basic,154.86,92.63,165.066,98.775,0.761,0.759
18,220,basic,85.817,68.207,87.67,69.403,1.338,1.36
18,221,basic,163.847,111.203,168.366,112.524,0.973,1.039
18,222,basic,150.791,81.49,157.845,83.884,2.258,2.366
18,225,basic,93.041,46.249,94.084,46.746,1.2,1.202
18,226,basic,265.029,169.133,271.907,174.829,1.354,1.327
18,229,basic,248.284,192.901,255.686,195.771,1.153,1.228
18,230,basic,106.023,68.226,76.717,49.348,1.021,1.021
18,233,basic,280.349,169.124,286.247,172.647,0.83,0.832
18,234,basic,79.954,61.447,92.855,69.897,1.211,1.328
18,235,basic,81.441,50.353,82.799,50.595,1.25,1.305
18,236,basic,50.416,44.046,51.34,44.821,1.061,1.064
18,239,basic,257.706,145.481,259.534,146.486,1.696,1.697
18,241,basic,387.094,131.4,378.705,126.866,1.946,2.022
18,242,basic,155.979,103.923,161.74,107.856,1.224,1.22
18,243,basic,217.461,111.947,234.817,120.956,0.994,0.991
18,244,basic,37.605,34.853,37.695,35.289,1.108,1.031
18,245,basic,320.069,268.995,324.268,272.441,1.255,1.259
18,246,basic,235.18,119.612,250.914,127.449,1.157,1.162
18,247,basic,368.096,124.497,358.798,121.881,1.62,1.596
18,248,basic,144.186,88.339,146.276,89.817,0.887,0.875
18,249,basic,30.791,22.834,31.216,23.131,0.891,0.894
18,250,basic,86.441,60.691,91.629,64.289,0.963,0.968
18,251,basic,131.317,63.762,136.005,65.825,1.368,1.386
18,252,basic,243.688,164.227,249.99,168.064,1.458,1.471
18,255,basic,89.785,56.666,91.51,57.921,0.87,0.855
18,257,basic,121.212,99.791,118.285,97.407,1.057,1.056
18,259,basic,163.841,114.803,168.282,118.463,1.238,1.211
18,261,basic,172.131,153.501,177.259,158.104,1.066,1.063
18,262,basic,187.585,138.018,144.104,105.422,1.067,1.099
18,264,basic,79.041,36.969,80.466,37.639,0.918,0.917
18,266,basic,106.185,81.912,103.054,79.779,0.918,0.896
18,267,basic,119.251,102.364,121.613,104.38,1.021,1.021
18,268,basic,108.983,103.534,108.992,103.543,1.056,1.052
18,269,basic,105.835,98.193,96.541,89.6,1.068,1.04
18,270,basic,153.385,98.494,155.226,99.522,1.513,1.52
18,272,basic,40.632,38.031,40.027,37.663,1.062,1.005
18,275,basic,93.205,86.571,94.121,87.387,1.142,1.145
18,276,basic,151.356,74.225,94.334,46.195,1.115,1.121
18,277,basic,118.938,73.901,47.85,29.45,1.012,1.063
18,279,basic,104.49,45.613,76.357,33.093,1.005,1.042
18,281,basic,64.387,41.319,69.15,44.273,0.815,0.827
18,282,basic,73.356,52.187,73.74,52.956,0.858,0.807
18,286,basic,177.1,111.501,182.448,112.892,1.765,1.86
18,287,basic,0.0,0.0,444.455,194.59,,0.939
18,287,gifted,190.0,174.839,0.0,0.0,,
18,288,basic,183.383,153.268,186.212,157.981,1.368,1.306
18,289,basic,159.959,137.039,191.343,162.666,1.393,1.474
18,291,basic,376.066,259.013,389.153,262.118,2.32,2.444
18,292,basic,562.551,327.958,617.71,362.92,1.503,1.564
18,930,basic,398.735,344.739,401.166,345.705,2.335,2.352
18,935,basic,437.738,300.878,457.393,320.362,1.875,1.792
18,939,basic,218.678,109.621,225.886,112.771,1.758,1.788
18,949,basic,374.184,305.736,483.644,397.799,1.559,1.622
18,955,basic,45.035,42.783,52.015,49.414,2.729,2.543
18,971,basic,0.0,0.0,558.263,246.706,,1.124
18,971,gifted,515.895,474.73,0.0,0.0,,
18,972,basic,264.463,190.733,267.785,191.991,1.893,1.918
18,974,basic,88.786,78.121,92.784,82.309,1.174,1.134
18,977,basic,230.733,163.579,194.505,135.396,1.314,1.424
19,103,basic,263.609,233.358,264.469,233.971,1.639,1.642
19,104,basic,130.007,51.007,144.507,58.148,2.485,2.352
19,105,basic,435.653,209.944,298.338,140.461,2.309,2.458
19,105,gifted,179.711,165.073,0.0,0.0,,
19,106,basic,442.029,262.887,327.062,196.411,1.819,1.742
19,106,gifted,114.931,105.569,0.0,0.0,,
19,107,basic,495.88,251.581,496.239,251.734,2.485,2.485
19,109,basic,153.682,102.218,156.46,104.294,2.085,2.073
19,110,basic,402.356,196.265,411.703,200.672,2.093,2.098
19,113,basic,395.939,246.227,268.685,166.254,2.335,2.356
19,113,gifted,135.458,124.425,0.0,0.0,,
19,115,basic,147.17,86.66,168.706,99.256,1.737,1.743
19,117,basic,258.077,153.097,221.937,133.792,2.34,2.236
19,117,gifted,89.468,82.181,0.0,0.0,,
19,118,basic,259.343,136.011,323.283,169.412,2.143,2.149
19,130,basic,659.305,359.239,675.873,367.84,1.731,1.738
19,201,basic,80.952,55.343,87.787,60.402,1.042,1.009
19,202,basic,174.993,91.038,177.838,91.679,1.86,1.918
19,203,basic,258.298,184.43,258.312,184.318,1.329,1.333
19,204,basic,181.104,132.386,110.888,73.758,1.507,2.146
19,208,basic,203.325,163.662,234.537,188.67,1.274,1.339
19,209,basic,151.309,48.637,133.185,42.774,0.782,0.787
19,210,basic,192.675,75.992,190.733,75.434,1.426,1.406
19,211,basic,79.489,51.478,86.42,55.9,1.132,1.142
19,212,gifted,206.0,189.221,0.0,0.0,,
19,215,basic,122.694,66.801,123.946,67.038,0.935,0.965
19,218,basic,157.367,96.298,167.091,102.305,0.769,0.765
19,220,basic,87.48,74.491,89.47,75.853,1.348,1.377
19,221,basic,167.563,103.288,172.485,104.61,1.043,1.126
19,222,basic,148.311,86.066,156.17,89.047,2.51,2.643
19,225,basic,83.044,41.686,83.911,42.113,1.237,1.238
19,226,basic,246.78,145.611,253.499,150.323,1.269,1.248
19,229,basic,250.979,211.091,257.805,214.662,1.149,1.209
19,230,basic,102.756,72.358,73.605,51.803,1.036,1.036
19,233,basic,279.564,169.404,285.443,172.937,0.843,0.844
19,234,basic,81.894,68.682,94.545,78.042,1.25,1.355
19,235,basic,83.202,49.696,84.611,49.982,1.302,1.363
19,236,basic,57.005,49.497,58.106,50.424,1.092,1.095
19,239,basic,276.566,167.064,278.509,168.237,1.771,1.771
19,241,basic,384.933,127.052,375.755,123.189,1.921,1.965
19,242,basic,153.487,107.479,158.856,111.329,1.219,1.215
19,243,basic,211.344,110.299,228.063,119.109,0.974,0.97
19,244,basic,39.045,36.689,39.387,37.166,1.143,1.076
19,245,basic,313.577,263.77,317.254,266.907,1.219,1.22
19,246,basic,234.722,121.091,251.291,129.362,1.211,1.223
19,247,basic,370.182,119.688,360.826,117.232,1.59,1.559
19,248,basic,151.466,98.139,153.662,99.746,0.903,0.892
19,249,basic,29.608,22.301,29.957,22.549,0.882,0.886
19,250,basic,88.887,69.107,93.869,72.958,0.955,0.958
19,251,basic,126.527,56.331,131.003,58.167,1.36,1.377
19,252,basic,236.234,163.873,242.458,167.854,1.467,1.48
19,255,basic,85.58,58.185,87.124,59.369,0.847,0.833
19,257,basic,120.602,103.081,117.617,100.549,1.102,1.101
19,259,basic,169.995,132.777,175.205,137.208,1.33,1.312
19,261,basic,174.469,160.266,179.74,165.086,1.108,1.105
19,262,basic,186.902,143.984,143.999,110.324,1.079,1.114
19,264,basic,75.825,30.193,77.238,30.757,0.938,0.938
19,266,basic,108.301,83.007,105.106,80.823,0.915,0.891
19,267,basic,121.409,105.208,123.829,107.294,1.02,1.021
19,268,basic,104.261,99.048,104.164,98.956,1.072,1.068
19,269,basic,104.236,98.331,95.127,89.746,1.077,1.047
19,270,basic,169.231,120.643,171.089,121.855,1.686,1.691
19,272,basic,40.844,38.642,40.339,38.207,1.062,1.004
19,275,basic,97.718,92.256,98.626,93.078,1.172,1.175
19,276,basic,146.034,65.601,91.089,40.852,1.142,1.149
19,277,basic,123.084,82.838,49.175,32.865,1.01,1.054
19,279,basic,107.564,45.316,78.225,32.776,0.991,1.024
19,281,basic,61.732,42.757,65.954,45.629,0.817,0.824
19,282,basic,75.453,60.074,75.933,60.985,0.876,0.821
19,286,basic,171.43,102.02,177.062,103.448,1.881,1.999
19,287,basic,0.0,0.0,451.24,193.143,,0.951
19,287,gifted,190.0,174.524,0.0,0.0,,
19,288,basic,189.933,171.106,193.08,175.783,1.325,1.272
19,289,basic,159.278,146.845,188.991,173.607,1.406,1.458
19,291,basic,370.98,263.143,383.336,267.061,2.194,2.303
19,292,basic,566.7,327.12,621.761,359.417,1.528,1.581
19,930,basic,400.085,372.675,402.498,374.165,2.471,2.489
19,935,basic,438.278,320.237,458.191,339.38,1.884,1.808
19,939,basic,214.439,100.805,221.625,103.772,1.717,1.746
19,949,basic,380.132,336.44,492.618,436.75,1.614,1.67
19,955,basic,45.953,43.655,52.399,49.779,2.805,2.605
19,971,basic,0.0,0.0,569.9,246.617,,1.139
19,971,gifted,516.583,474.506,0.0,0.0,,
19,972,basic,268.3,203.164,271.552,204.599,1.929,1.955
19,974,basic,89.15,82.791,92.216,86.245,1.338,1.27
19,977,basic,232.685,186.977,194.558,154.048,1.3,1.402
20,103,basic,273.612,249.904,274.513,250.574,1.652,1.655
20,104,basic,128.831,50.509,142.046,57.003,2.391,2.273
20,105,basic,438.175,203.042,297.369,134.434,2.321,2.474
20,105,gifted,180.144,165.248,0.0,0.0,,
20,106,basic,465.178,283.074,346.487,213.022,1.797,1.718
20,106,gifted,117.666,107.937,0.0,0.0,,
20,107,basic,530.621,259.436,531.024,259.595,2.544,2.545
20,109,basic,157.088,109.375,160.338,111.886,2.081,2.068
20,110,basic,389.725,207.7,398.644,212.285,2.104,2.109
20,113,basic,400.066,248.252,273.81,168.974,2.356,2.381
20,113,gifted,134.955,123.795,0.0,0.0,,
20,115,basic,153.796,87.902,176.377,100.707,1.755,1.761
20,117,basic,259.984,166.436,223.817,145.596,2.319,2.219
20,117,gifted,89.652,82.239,0.0,0.0,,
20,118,basic,267.563,139.475,331.875,173.051,2.113,2.112
20,130,basic,662.373,394.3,679.046,403.716,1.721,1.729
20,201,basic,74.644,48.826,80.497,52.999,1.012,0.979
20,202,basic,167.39,85.474,169.93,86.095,1.641,1.687
20,203,basic,246.62,169.755,246.701,169.699,1.303,1.306
20,204,basic,172.507,122.651,107.486,69.223,1.419,2.059
20,208,basic,199.612,168.22,230.721,194.361,1.27,1.335
20,209,basic,148.456,46.513,130.624,40.858,0.774,0.783
20,210,basic,193.348,77.878,191.542,77.306,1.424,1.409
20,211,basic,75.467,45.92,81.57,49.57,1.117,1.126
20,212,gifted,205.908,188.882,0.0,0.0,,
20,215,basic,126.146,73.03,127.575,73.21,0.926,0.965
20,218,basic,154.895,91.263,164.603,97.023,0.771,0.769
20,220,basic,93.712,77.724,96.149,79.265,1.491,1.53
20,221,basic,163.764,111.1,168.95,112.481,1.095,1.188
20,222,basic,142.746,84.499,149.73,86.993,2.058,2.181
20,225,basic,81.188,39.169,82.075,39.578,1.202,1.205
20,226,basic,258.294,170.2,265.362,175.922,1.342,1.318
20,229,basic,248.7,206.084,255.586,209.625,1.147,1.206
20,230,basic,106.333,69.579,76.977,50.367,1.039,1.036
20,233,basic,282.479,168.464,288.525,172.015,0.838,0.839
20,234,basic,73.04,59.979,83.907,67.815,1.186,1.286
20,235,basic,86.996,54.446,88.349,54.737,1.275,1.329
20,236,basic,48.149,43.617,48.982,44.349,1.079,1.082
20,239,basic,267.919,153.93,269.819,154.992,1.729,1.73
20,241,basic,385.603,122.5,376.46,118.863,1.911,1.95
20,242,basic,166.163,113.722,172.548,118.164,1.231,1.228
20,243,basic,218.168,108.569,235.368,117.21,1.01,1.006
20,244,basic,37.254,34.889,37.538,35.388,1.152,1.064
20,245,basic,318.261,285.333,322.429,289.029,1.256,1.26
20,246,basic,233.625,115.316,249.635,122.995,1.172,1.182
20,247,basic,368.714,114.245,359.945,112.027,1.61,1.582
20,248,basic,139.791,85.375,141.654,86.685,0.877,0.865
20,249,basic,30.401,23.24,30.787,23.514,0.887,0.892
20,250,basic,90.267,65.49,95.044,68.922,0.97,0.973
20,251,basic,129.257,61.029,134.09,63.092,1.378,1.4
20,252,basic,240.013,172.241,246.37,176.376,1.42,1.435
20,255,basic,85.594,54.354,87.003,55.394,0.859,0.843
20,257,basic,120.078,105.513,117.055,102.879,1.086,1.085
20,259,basic,160.773,118.021,164.65,121.448,1.251,1.22
20,261,basic,172.199,158.903,177.345,163.623,1.105,1.102
20,262,basic,188.947,145.262,144.856,110.775,1.071,1.104
20,264,basic,83.369,36.316,84.912,36.991,0.94,0.94
20,266,basic,106.916,86.425,103.835,84.192,0.924,0.903
20,267,basic,113.809,103.673,116.079,105.73,1.016,1.017
20,268,basic,109.068,103.615,109.063,103.61,1.073,1.07
20,269,basic,103.146,97.355,94.081,88.802,1.061,1.027
20,270,basic,156.586,106.9,158.345,107.991,1.45,1.456
20,272,basic,43.175,40.802,42.853,40.573,1.038,0.984
20,275,basic,96.116,90.827,97.035,91.663,1.18,1.183
20,276,basic,153.127,71.968,95.456,44.817,1.125,1.13
20,277,basic,129.571,81.431,51.657,32.219,1.014,1.059
20,279,basic,104.188,42.494,76.31,30.919,1.002,1.041
20,281,basic,64.069,41.394,68.218,44.05,0.802,0.805
20,282,basic,78.007,57.258,78.485,58.121,0.866,0.812
20,286,basic,178.548,113.35,184.394,114.855,2.045,2.167
20,287,basic,0.0,0.0,451.442,184.287,,0.953
20,287,gifted,190.0,174.289,0.0,0.0,,
20,288,basic,181.903,161.195,184.771,166.203,1.402,1.33
20,289,basic,157.095,136.931,186.636,162.204,1.364,1.406
20,291,basic,378.343,274.818,391.447,278.2,2.348,2.479
20,292,basic,563.334,317.926,618.776,349.84,1.521,1.58
20,930,basic,398.833,365.421,401.259,366.75,2.364,2.381
20,935,basic,437.404,311.427,457.105,330.599,1.854,1.77
20,939,basic,219.08,105.532,226.654,108.649,1.74,1.774
20,949,basic,380.304,319.334,493.371,415.034,1.58,1.64
20,955,basic,44.185,41.976,50.233,47.721,2.804,2.621
20,971,basic,0.0,0.0,559.443,233.111,,1.124
20,971,gifted,515.758,473.111,0.0,0.0,,
20,972,basic,256.467,194.1,259.45,195.389,1.867,1.892
20,974,basic,85.93,78.589,89.243,82.244,1.223,1.169
20,977,basic,234.839,175.715,195.345,143.841,1.305,1.411
21,103,basic,257.462,228.37,258.235,228.96,1.64,1.642
21,104,basic,140.933,61.54,152.42,68.89,2.519,2.356
21,105,basic,453.15,232.496,310.615,155.822,2.301,2.422
21,105,gifted,181.616,166.263,0.0,0.0,,
21,106,basic,462.415,298.227,342.576,223.555,1.805,1.725
21,106,gifted,117.339,107.42,0.0,0.0,,
21,107,basic,506.681,266.237,507.139,266.438,2.543,2.543
21,109,basic,144.033,100.21,146.496,102.257,2.118,2.101
21,110,basic,388.201,222.615,397.414,227.693,2.136,2.141
21,113,basic,395.187,250.187,263.601,165.212,2.366,2.408
21,113,gifted,136.477,124.94,0.0,0.0,,
21,115,basic,147.246,91.651,168.352,104.738,1.727,1.73
21,117,basic,265.443,171.82,227.574,150.167,2.355,2.251
21,117,gifted,90.378,82.738,0.0,0.0,,
21,118,basic,269.033,151.986,336.144,189.64,2.119,2.126
21,130,basic,652.763,416.967,669.079,426.899,1.723,1.729
21,201,basic,79.903,51.903,86.663,56.667,1.024,0.998
21,202,basic,170.834,87.958,173.457,88.492,1.683,1.73
21,203,basic,254.387,169.535,254.428,169.437,1.295,1.299
21,204,basic,172.463,116.03,106.934,64.289,1.434,2.068
21,208,basic,203.072,163.196,235.209,189.451,1.273,1.344
21,209,basic,152.198,58.491,133.319,51.177,0.781,0.786
21,210,basic,193.279,86.514,191.476,85.973,1.384,1.366
21,211,basic,78.686,48.253,86.525,52.936,1.133,1.148
21,212,gifted,205.474,188.104,0.0,0.0,,
21,215,basic,118.236,70.484,119.627,70.657,0.937,0.973
21,218,basic,156.294,96.245,166.053,102.316,0.761,0.758
21,220,basic,99.331,75.428,101.873,76.826,1.472,1.508
21,221,basic,164.595,111.65,169.485,112.92,0.992,1.067
21,222,basic,143.922,76.748,151.184,79.045,2.299,2.419
21,225,basic,79.65,40.899,80.522,41.327,1.208,1.211
21,226,basic,265.794,170.09,272.794,175.8,1.346,1.323
21,229,basic,246.956,190.988,253.881,194.091,1.139,1.195
21,230,basic,108.858,70.599,78.491,50.855,1.063,1.065
21,233,basic,282.124,174.709,288.157,178.392,0.821,0.823
21,234,basic,75.054,56.825,87.523,64.877,1.233,1.348
21,235,basic,84.196,51.921,85.516,52.153,1.295,1.345
21,236,basic,51.131,44.354,52.066,45.142,1.037,1.039
21,239,basic,287.671,163.074,289.635,164.161,1.722,1.723
21,241,basic,385.998,139.195,376.728,134.725,1.907,1.952
21,242,basic,161.963,107.835,168.08,112.005,1.234,1.23
21,243,basic,214.479,115.243,231.256,124.325,0.977,0.975
21,244,basic,35.397,32.705,35.569,33.227,1.072,1.002
21,245,basic,320.671,263.952,324.845,267.342,1.251,1.254
21,246,basic,231.039,120.878,247.299,129.144,1.174,1.183
21,247,basic,367.006,132.51,357.403,129.76,1.602,1.572
21,248,basic,150.031,93.739,152.196,95.305,0.891,0.879
21,249,basic,31.04,22.92,31.41,23.17,0.886,0.89
21,250,basic,81.679,57.739,86.255,60.93,0.978,0.982
21,251,basic,133.358,66.679,138.492,68.959,1.389,1.411
21,252,basic,241.479,164.669,247.871,168.578,1.418,1.433
21,255,basic,92.917,59.948,94.891,61.394,0.859,0.845
21,257,basic,123.842,100.806,121.017,98.495,1.084,1.085
21,259,basic,163.907,113.442,168.535,117.047,1.314,1.294
21,261,basic,170.57,150.809,175.31,155.166,1.046,1.039
21,262,basic,191.354,140.165,147.229,107.157,1.086,1.12
21,264,basic,84.013,40.752,85.585,41.515,0.953,0.953
21,266,basic,105.198,81.442,102.232,79.459,0.896,0.874
21,267,basic,111.227,93.318,113.483,95.199,1.011,1.012
21,268,basic,109.988,104.488,109.698,104.213,1.066,1.061
21,269,basic,105.081,96.563,96.018,88.398,1.043,1.01
21,270,basic,168.633,108.673,170.47,109.755,1.513,1.518
21,272,basic,42.492,39.7,42.039,39.504,1.033,0.981
21,275,basic,97.489,89.924,98.401,90.713,1.146,1.149
21,276,basic,152.186,77.554,95.173,48.464,1.116,1.118
21,277,basic,130.932,83.104,52.347,32.907,1.015,1.065
21,279,basic,105.076,48.545,77.442,35.532,0.99,1.025
21,281,basic,66.246,43.415,70.979,46.447,0.808,0.816
21,282,basic,76.344,54.757,76.624,55.523,0.87,0.816
21,286,basic,180.375,106.403,186.203,107.544,2.024,2.14
21,287,basic,0.0,0.0,451.105,208.88,,0.952
21,287,gifted,190.0,173.938,0.0,0.0,,
21,288,basic,189.111,154.434,191.978,159.737,1.395,1.32
21,289,basic,156.529,131.985,186.213,156.381,1.378,1.431
21,291,basic,373.102,249.302,386.16,252.51,2.365,2.481
21,292,basic,564.178,332.175,619.563,366.915,1.518,1.576
21,930,basic,399.374,334.909,401.806,335.689,2.348,2.367
21,935,basic,437.255,298.227,456.73,317.584,1.868,1.783
21,939,basic,220.305,112.609,227.781,115.874,1.732,1.763
21,949,basic,377.028,302.124,485.656,391.87,1.552,1.601
21,955,basic,45.721,43.435,51.748,49.161,2.779,2.581
21,971,basic,0.0,0.0,560.269,260.301,,1.124
21,971,gifted,515.69,472.097,0.0,0.0,,
21,972,basic,261.813,186.768,264.992,187.882,1.899,1.924
21,974,basic,86.833,74.284,90.618,78.232,1.216,1.174
21,977,basic,237.73,168.176,197.257,137.059,1.308,1.412
22,103,basic,277.32,250.095,278.374,250.751,1.662,1.667
22,104,basic,132.36,60.105,147.985,68.202,2.196,2.137
22,105,basic,440.963,227.977,306.45,154.592,2.239,2.365
22,105,gifted,180.392,165.409,0.0,0.0,,
22,106,basic,459.482,300.968,341.696,226.976,1.737,1.652
22,106,gifted,117.212,107.477,0.0,0.0,,
22,107,basic,521.487,276.278,521.951,276.466,2.492,2.493
22,109,basic,142.135,101.458,144.319,103.217,2.036,2.027
22,110,basic,391.45,215.791,400.417,220.547,2.135,2.14
22,113,basic,388.11,254.444,256.043,167.951,2.273,2.263
22,113,gifted,135.657,124.389,0.0,0.0,,
22,115,basic,145.847,92.184,166.489,105.202,1.71,1.711
22,117,basic,259.918,167.869,224.675,147.286,2.306,2.228
22,117,gifted,89.822,82.362,0.0,0.0,,
22,118,basic,259.991,146.737,328.53,184.619,2.109,2.131
22,130,basic,656.77,410.986,673.368,420.808,1.675,1.682
22,201,basic,77.746,50.687,83.911,55.104,1.022,0.994
22,202,basic,170.455,86.214,173.165,86.693,1.67,1.72
22,203,basic,258.753,173.014,258.839,172.926,1.316,1.32
22,204,basic,184.81,126.008,110.49,67.33,1.425,2.026
22,208,basic,203.71,164.57,235.967,191.326,1.273,1.346
22,209,basic,142.324,50.02,125.759,44.137,0.768,0.774
22,210,basic,193.485,79.865,191.658,79.337,1.406,1.389
22,211,basic,76.226,47.053,81.79,50.46,1.108,1.113
22,212,gifted,205.609,188.531,0.0,0.0,,
22,215,basic,122.533,69.988,123.78,70.202,0.885,0.911
22,218,basic,157.968,95.728,167.509,101.561,0.769,0.767
22,220,basic,90.302,71.071,92.482,72.37,1.384,1.412
22,221,basic,160.493,104.684,165.033,105.882,0.944,1.008
22,222,basic,146.087,80.023,153.455,82.29,2.164,2.282
22,225,basic,102.219,50.026,103.34,50.556,1.287,1.289
22,226,basic,255.604,157.563,262.438,162.567,1.229,1.216
22,229,basic,243.899,192.1,250.381,195.077,1.138,1.188
22,230,basic,112.03,73.612,80.558,52.932,1.061,1.057
22,233,basic,284.332,171.967,290.362,175.566,0.833,0.835
22,234,basic,74.561,58.522,84.747,65.445,1.161,1.244
22,235,basic,87.471,53.097,88.789,53.295,1.192,1.239
22,236,basic,50.541,43.229,51.432,43.966,1.07,1.072
22,239,basic,280.224,158.094,282.193,159.184,1.722,1.723
22,241,basic,384.438,129.232,374.996,125.3,1.867,1.898
22,242,basic,155.209,103.34,160.465,106.915,1.222,1.219
22,243,basic,220.734,114.871,238.037,123.986,0.987,0.983
22,244,basic,34.293,31.861,34.591,32.397,1.084,1.026
22,245,basic,322.77,263.915,326.837,267.185,1.231,1.234
22,246,basic,227.747,116.828,242.873,124.416,1.134,1.139
22,247,basic,364.304,121.492,355.034,119.054,1.586,1.558
22,248,basic,142.071,88.924,143.978,90.315,0.878,0.867
22,249,basic,27.778,20.319,28.117,20.548,0.9,0.903
22,250,basic,89.838,65.122,94.359,68.379,0.961,0.963
22,251,basic,129.801,60.01,134.49,61.942,1.4,1.42
22,252,basic,233.084,156.638,239.216,160.33,1.424,1.438
22,255,basic,87.215,56.794,88.916,58.086,0.839,0.823
22,257,basic,125.395,102.822,122.595,100.506,1.086,1.088
22,259,basic,162.772,115.348,167.344,119.08,1.333,1.31
22,261,basic,180.046,160.244,185.567,165.168,1.066,1.064
22,262,basic,182.514,134.608,141.328,103.497,1.068,1.103
22,264,basic,81.538,36.098,82.997,36.746,0.912,0.912
22,266,basic,106.495,81.175,103.36,79.092,0.905,0.882
22,267,basic,121.823,102.151,124.195,104.13,1.012,1.012
22,268,basic,111.296,105.731,111.432,105.86,1.056,1.051
22,269,basic,107.166,99.202,97.957,90.749,1.043,1.011
22,270,basic,163.798,107.564,165.641,108.638,1.527,1.533
22,272,basic,40.481,37.998,40.019,37.727,1.054,1.004
22,275,basic,94.217,87.359,95.129,88.155,1.158,1.161
22,276,basic,160.301,76.188,100.029,47.482,1.113,1.118
22,277,basic,124.978,79.885,50.055,31.67,1.012,1.062
22,279,basic,108.906,47.333,79.701,34.359,1.005,1.044
22,281,basic,66.237,43.729,70.75,46.668,0.819,0.823
22,282,basic,74.629,55.079,74.807,55.816,0.872,0.818
22,286,basic,175.773,104.195,181.368,105.312,1.788,1.89
22,287,basic,0.0,0.0,452.531,199.041,,0.952
22,287,gifted,190.0,174.219,0.0,0.0,,
22,288,basic,179.428,152.173,182.32,156.789,1.3,1.248
22,289,basic,157.695,141.365,188.116,167.685,1.38,1.445
22,291,basic,369.13,257.122,382.107,259.657,2.145,2.268
22,292,basic,564.322,330.176,617.887,364.537,1.509,1.568
22,930,basic,399.802,350.157,402.217,351.326,2.371,2.384
22,935,basic,438.213,306.835,458.102,326.487,1.856,1.787
22,939,basic,219.927,107.514,227.316,110.637,1.717,1.745
22,949,basic,372.928,314.269,479.974,407.523,1.521,1.576
22,955,basic,43.43,41.258,48.773,46.334,2.785,2.587
22,971,basic,0.0,0.0,563.092,248.594,,1.123
22,971,gifted,515.97,473.114,0.0,0.0,,
22,972,basic,261.354,191.407,264.387,192.595,1.885,1.906
22,974,basic,85.218,75.58,87.977,78.915,1.242,1.182
22,977,basic,237.211,172.561,197.526,140.946,1.311,1.417
23,103,basic,262.405,236.305,263.231,236.934,1.606,1.608
23,104,basic,148.527,57.03,163.053,64.679,2.525,2.371
23,105,basic,437.538,207.367,298.956,138.444,2.279,2.405
23,105,gifted,179.215,164.702,0.0,0.0,,
23,106,basic,452.316,273.463,336.867,205.678,1.814,1.745
23,106,gifted,114.835,105.536,0.0,0.0,,
23,107,basic,531.456,262.089,531.966,262.298,2.489,2.49
23,109,basic,155.435,104.297,158.038,106.34,2.117,2.103
23,110,basic,388.982,201.516,397.914,206.005,2.1,2.104
23,113,basic,393.017,242.509,260.474,159.4,2.341,2.374
23,113,gifted,135.722,124.731,0.0,0.0,,
23,115,basic,146.519,85.642,167.476,97.855,1.722,1.724
23,117,basic,257.286,157.82,220.534,137.737,2.337,2.237
23,117,gifted,89.943,82.659,0.0,0.0,,
23,118,basic,265.705,139.845,332.408,174.596,2.075,2.087
23,130,basic,657.121,380.643,673.643,389.717,1.698,1.704
23,201,basic,78.011,51.294,85.578,56.65,1.125,1.098
23,202,basic,170.06,87.01,172.748,87.56,1.7,1.75
23,203,basic,265.912,182.779,265.993,182.675,1.388,1.392
23,204,basic,169.492,121.057,106.404,67.44,1.422,2.11
23,208,basic,204.964,170.1,237.478,196.616,1.272,1.344
23,209,basic,147.701,48.349,130.55,42.673,0.773,0.78
23,210,basic,192.781,78.643,190.98,78.139,1.377,1.359
23,211,basic,77.49,48.721,84.535,53.024,1.113,1.128
23,212,gifted,205.98,189.3,0.0,0.0,,
23,215,basic,117.995,66.887,119.262,67.095,0.92,0.95
23,218,basic,161.47,98.267,171.707,104.555,0.771,0.769
23,220,basic,89.281,74.4,91.5,75.794,1.383,1.416
23,221,basic,168.518,112.425,173.322,113.705,0.99,1.061
23,222,basic,154.006,84.904,161.763,87.42,2.414,2.54
23,225,basic,84.325,41.285,85.286,41.742,1.265,1.266
23,226,basic,254.548,160.555,261.588,165.938,1.291,1.274
23,229,basic,248.909,207.062,256.038,210.271,1.143,1.207
23,230,basic,97.771,66.306,70.8,47.982,1.035,1.036
23,233,basic,280.147,171.21,286.113,174.811,0.815,0.816
23,234,basic,75.798,62.271,88.013,70.9,1.208,1.318
23,235,basic,87.209,53.12,88.632,53.34,1.303,1.359
23,236,basic,51.951,45.911,52.943,46.761,1.111,1.114
23,239,basic,274.274,160.905,276.201,162.011,1.678,1.679
23,241,basic,384.176,124.537,375.332,120.504,1.898,1.952
23,242,basic,159.951,109.979,165.696,113.995,1.223,1.221
23,243,basic,215.809,111.846,232.845,120.755,0.974,0.971
23,244,basic,36.577,34.106,36.801,34.602,1.15,1.064
23,245,basic,322.75,280.997,326.944,284.518,1.227,1.232
23,246,basic,236.768,119.156,254.114,127.411,1.218,1.236
23,247,basic,366.287,117.154,356.623,114.607,1.583,1.556
23,248,basic,145.306,91.617,147.306,93.084,0.89,0.878
23,249,basic,31.342,23.822,31.709,24.083,0.874,0.877
23,250,basic,90.022,67.646,94.626,71.087,0.958,0.96
23,251,basic,135.449,62.773,140.568,64.902,1.394,1.415
23,252,basic,238.639,169.059,244.972,173.063,1.433,1.449
23,255,basic,90.276,59.578,92.014,60.902,0.853,0.838
23,257,basic,122.281,106.947,119.291,104.351,1.064,1.064
23,259,basic,161.875,120.457,167.188,124.727,1.324,1.308
23,261,basic,164.387,151.072,168.924,155.307,1.07,1.063
23,262,basic,189.645,145.992,145.82,111.609,1.075,1.106
23,264,basic,76.883,32.852,78.306,33.462,0.952,0.952
23,266,basic,106.518,84.835,103.52,82.744,0.923,0.902
23,267,basic,115.978,102.649,118.349,104.733,1.017,1.018
23,268,basic,112.079,106.475,111.901,106.306,1.071,1.067
23,269,basic,106.336,99.965,97.308,91.474,1.062,1.031
23,270,basic,151.604,104.878,153.361,105.994,1.505,1.509
23,272,basic,41.233,38.874,40.745,38.514,1.077,1.02
23,275,basic,95.934,90.49,96.887,91.35,1.199,1.202
23,276,basic,148.793,69.542,92.572,43.243,1.15,1.151
23,277,basic,123.599,80.592,49.825,32.15,1.02,1.076
23,279,basic,110.734,46.728,81.373,34.092,1.002,1.039
23,281,basic,67.94,45.618,72.912,48.856,0.813,0.823
23,282,basic,71.237,54.35,71.366,54.987,0.878,0.826
23,286,basic,177.775,107.5,183.583,108.721,1.962,2.078
23,287,basic,0.0,0.0,458.901,195.769,,0.956
23,287,gifted,190.0,174.614,0.0,0.0,,
23,288,basic,197.787,172.827,201.134,178.733,1.428,1.356
23,289,basic,155.207,139.069,184.564,164.396,1.366,1.423
23,291,basic,371.473,261.073,384.77,264.177,2.334,2.459
23,292,basic,562.612,322.307,617.29,354.179,1.519,1.575
23,930,basic,399.002,361.299,401.432,362.276,2.412,2.433
23,935,basic,437.946,313.456,457.657,333.268,1.848,1.765
23,939,basic,218.798,104.406,226.214,107.436,1.713,1.743
23,949,basic,379.362,324.752,488.355,418.771,1.534,1.586
23,955,basic,46.58,44.251,53.162,50.504,2.71,2.511
23,971,basic,0.0,0.0,558.692,240.946,,1.122
23,971,gifted,515.72,473.957,0.0,0.0,,
23,972,basic,263.36,196.317,266.707,197.555,1.926,1.954
23,974,basic,88.953,81.512,92.713,85.59,1.216,1.17
23,977,basic,240.609,183.158,199.172,148.932,1.328,1.433
24,103,basic,274.519,236.137,275.583,236.754,1.651,1.656
24,104,basic,132.069,57.073,149.26,64.976,2.087,2.064
24,105,basic,475.329,221.539,326.561,148.595,2.316,2.427
24,105,gifted,186.469,170.249,0.0,0.0,,
24,106,basic,454.306,279.931,337.959,211.988,1.695,1.601
24,106,gifted,117.015,106.837,0.0,0.0,,
24,107,basic,522.58,253.494,523.055,253.662,2.501,2.503
24,109,basic,146.707,97.897,149.109,99.79,2.029,2.016
24,110,basic,405.437,210.482,415.265,215.256,2.143,2.15
24,113,basic,388.327,233.157,258.341,155.041,2.276,2.274
24,113,gifted,134.764,123.042,0.0,0.0,,
24,115,basic,149.344,87.177,170.801,99.61,1.717,1.721
24,117,basic,253.23,152.745,219.964,134.394,2.316,2.254
24,117,gifted,89.579,81.787,0.0,0.0,,
24,118,basic,277.748,145.081,346.399,180.593,2.105,2.114
24,130,basic,668.61,396.299,685.528,405.508,1.707,1.716
24,201,basic,83.273,56.324,90.667,61.597,0.962,0.95
24,202,basic,162.238,86.768,164.635,87.289,1.511,1.549
24,203,basic,271.568,186.775,271.749,186.769,1.278,1.281
24,204,basic,174.334,120.615,109.434,66.586,1.444,2.076
24,208,basic,202.769,164.934,235.371,190.474,1.224,1.293
24,209,basic,152.438,56.978,134.971,50.33,0.787,0.796
24,210,basic,192.202,83.799,190.488,83.215,1.386,1.374
24,211,basic,73.095,46.402,78.147,49.568,1.087,1.093
24,212,gifted,206.12,188.191,0.0,0.0,,
24,215,basic,121.911,75.327,122.986,75.58,0.872,0.89
24,218,basic,157.349,99.441,166.606,105.342,0.753,0.751
24,220,basic,88.549,72.028,90.602,73.283,1.305,1.33
24,221,basic,164.479,114.211,169.108,115.383,0.96,1.022
24,222,basic,134.831,83.156,140.63,85.105,1.653,1.738
24,225,basic,87.119,44.935,88.07,45.402,1.198,1.2
24,226,basic,252.924,166.575,259.935,172.039,1.226,1.216
24,229,basic,250.447,202.332,257.301,205.069,1.136,1.193
24,230,basic,109.638,73.834,79.704,53.632,1.03,1.03
24,233,basic,282.964,178.833,288.988,182.575,0.833,0.835
24,234,basic,77.102,62.35,87.569,69.612,1.13,1.209
24,235,basic,74.536,48.544,75.579,48.768,1.116,1.151
24,236,basic,48.321,42.408,48.921,42.918,1.023,1.024
24,239,basic,271.972,157.547,273.927,158.605,1.67,1.673
24,241,basic,381.144,133.355,372.622,129.079,1.844,1.892
24,242,basic,162.39,111.765,167.782,115.584,1.223,1.22
24,243,basic,213.803,115.514,230.606,124.704,0.983,0.979
24,244,basic,38.667,35.842,39.01,36.506,1.11,1.051
24,245,basic,322.702,276.178,327.086,279.683,1.224,1.23
24,246,basic,240.205,125.751,257.717,134.374,1.197,1.213
24,247,basic,367.681,128.739,359.051,126.289,1.553,1.532
24,248,basic,143.995,92.888,146.144,94.509,0.887,0.876
24,249,basic,31.339,24.179,31.811,24.524,0.881,0.883
24,250,basic,86.667,64.084,90.937,67.213,0.957,0.959
24,251,basic,131.449,64.765,136.277,66.877,1.364,1.383
24,252,basic,240.02,166.709,246.376,170.56,1.397,1.412
24,255,basic,85.043,56.677,86.363,57.763,0.861,0.845
24,257,basic,123.729,104.595,121.104,102.32,1.079,1.083
24,259,basic,163.138,116.335,168.646,120.603,1.342,1.328
24,261,basic,180.101,161.711,185.754,166.673,1.077,1.077
24,262,basic,185.68,141.77,143.218,108.517,1.063,1.098
24,264,basic,76.014,36.626,77.421,37.306,0.906,0.906
24,266,basic,107.055,85.564,104.148,83.51,0.908,0.89
24,267,basic,118.23,104.146,120.398,106.052,1.023,1.023
24,268,basic,111.751,106.164,111.908,106.313,1.065,1.062
24,269,basic,105.143,97.507,96.114,89.171,1.054,1.022
24,270,basic,144.628,98.628,146.356,99.68,1.383,1.388
24,272,basic,43.189,40.486,42.818,40.323,1.048,1.005
24,275,basic,94.227,87.305,95.231,88.183,1.197,1.2
24,276,basic,153.863,77.826,95.922,48.46,1.104,1.108
24,277,basic,136.279,88.727,54.743,35.212,1.024,1.078
24,279,basic,108.948,49.625,81.142,36.565,1.008,1.054
24,281,basic,66.804,45.424,71.399,48.488,0.806,0.811
24,282,basic,75.26,56.621,75.904,57.738,0.854,0.805
24,286,basic,182.489,112.959,188.115,113.995,1.798,1.895
24,287,basic,0.0,0.0,461.128,211.155,,0.959
24,287,gifted,190.0,173.473,0.0,0.0,,
24,288,basic,187.457,158.524,190.597,163.786,1.349,1.293
24,289,basic,151.97,129.006,180.955,152.47,1.316,1.368
24,291,basic,377.755,249.816,391.646,250.729,2.287,2.435
24,292,basic,560.495,325.076,614.246,355.785,1.471,1.525
24,930,basic,399.18,343.436,401.602,344.815,2.272,2.281
24,935,basic,437.831,298.796,457.582,318.072,1.779,1.703
24,939,basic,219.082,108.289,226.587,111.266,1.704,1.737
24,949,basic,374.953,306.139,483.266,393.91,1.484,1.54
24,955,basic,44.601,42.371,50.849,48.306,2.726,2.534
24,971,basic,0.0,0.0,568.463,261.716,,1.121
24,971,gifted,516.879,471.92,0.0,0.0,,
24,972,basic,259.632,186.875,262.07,187.914,1.789,1.803
24,974,basic,84.849,75.59,87.99,79.216,1.181,1.132
24,977,basic,246.756,180.991,203.08,145.643,1.327,1.44
25,103,basic,265.863,232.274,266.771,232.887,1.651,1.654
25,104,basic,119.862,46.237,129.815,51.237,2.159,2.061
25,105,basic,481.372,211.874,338.888,146.184,2.31,2.415
25,105,gifted,184.799,169.216,0.0,0.0,,
25,106,basic,454.287,263.644,330.679,195.45,1.752,1.642
25,106,gifted,117.145,107.267,0.0,0.0,,
25,107,basic,509.765,236.662,510.15,236.81,2.506,2.507
25,109,basic,148.072,95.655,150.165,97.327,2.087,2.072
25,110,basic,404.103,193.31,413.483,197.561,2.137,2.144
25,113,basic,376.372,220.937,250.2,146.337,2.305,2.316
25,113,gifted,132.924,121.715,0.0,0.0,,
25,115,basic,145.676,81.036,166.283,92.462,1.717,1.72
25,117,basic,259.061,151.444,225.087,133.379,2.3,2.229
25,117,gifted,89.586,82.031,0.0,0.0,,
25,118,basic,270.88,132.943,344.813,168.208,2.144,2.176
25,130,basic,668.452,363.823,685.345,372.435,1.754,1.761
25,201,basic,77.071,52.573,84.364,57.812,1.042,1.028
25,202,basic,169.845,90.08,172.436,90.597,1.591,1.636
25,203,basic,263.44,186.143,263.578,186.077,1.361,1.365
25,204,basic,184.578,135.191,112.029,72.325,1.444,2.121
25,208,basic,205.87,171.23,238.312,196.536,1.247,1.319
25,209,basic,145.628,47.654,128.322,41.953,0.78,0.784
25,210,basic,191.907,77.876,190.062,77.342,1.385,1.368
25,211,basic,73.423,47.428,78.379,50.595,1.093,1.099
25,212,gifted,206.034,188.66,0.0,0.0,,
25,215,basic,118.681,70.323,119.79,70.587,0.879,0.899
25,218,basic,157.203,97.847,166.712,103.802,0.77,0.768
25,220,basic,84.876,71.592,86.889,72.901,1.356,1.385
25,221,basic,163.722,111.883,168.351,113.123,0.967,1.032
25,222,basic,149.027,92.416,156.093,94.701,1.881,1.994
25,225,basic,88.724,43.979,89.737,44.467,1.266,1.268
25,226,basic,254.827,164.271,261.912,169.58,1.268,1.258
25,229,basic,250.168,214.689,257.092,217.785,1.146,1.206
25,230,basic,125.141,86.284,90.403,62.301,1.079,1.078
25,233,basic,280.751,174.907,286.645,178.542,0.84,0.841
25,234,basic,75.026,64.353,85.43,72.109,1.164,1.247
25,235,basic,86.341,54.906,87.701,55.127,1.21,1.259
25,236,basic,47.076,41.898,47.834,42.554,1.08,1.082
25,239,basic,272.396,162.346,274.314,163.453,1.697,1.699
25,241,basic,384.594,123.772,375.864,119.786,1.884,1.936
25,242,basic,154.382,109.577,159.768,113.494,1.228,1.225
25,243,basic,216.638,113.203,233.623,122.184,0.992,0.988
25,244,basic,37.569,35.178,37.954,35.741,1.117,1.057
25,245,basic,322.304,286.414,326.582,290.093,1.241,1.246
25,246,basic,234.393,119.722,251.64,127.957,1.216,1.236
25,247,basic,367.32,116.399,357.88,113.924,1.583,1.559
25,248,basic,143.315,93.229,145.295,94.713,0.887,0.877
25,249,basic,30.108,23.878,30.439,24.137,0.875,0.876
25,250,basic,87.903,67.947,92.479,71.465,0.966,0.968
25,251,basic,129.002,60.383,133.756,62.388,1.341,1.359
25,252,basic,234.865,169.408,241.074,173.421,1.393,1.406
25,255,basic,89.713,61.16,91.474,62.56,0.831,0.816
25,257,basic,123.84,110.041,121.189,107.652,1.083,1.086
25,259,basic,158.483,122.933,162.31,126.584,1.251,1.222
25,261,basic,179.277,165.16,184.814,170.132,1.098,1.097
25,262,basic,188.892,150.021,145.786,114.916,1.073,1.11
25,264,basic,80.898,34.957,82.393,35.605,0.937,0.937
25,266,basic,105.095,86.402,102.16,84.272,0.893,0.874
25,267,basic,117.047,107.488,119.334,109.582,1.036,1.037
25,268,basic,109.167,103.708,109.289,103.824,1.069,1.066
25,269,basic,108.198,102.028,99.273,93.631,1.01,0.975
25,270,basic,158.266,113.928,160.057,115.067,1.422,1.428
25,272,basic,39.742,37.456,39.33,37.16,1.097,1.04
25,275,basic,88.802,83.758,89.698,84.568,1.197,1.2
25,276,basic,156.636,74.206,97.554,46.141,1.107,1.112
25,277,basic,129.843,86.587,52.05,34.344,1.012,1.064
25,279,basic,106.006,44.943,77.95,32.772,1.004,1.043
25,281,basic,67.041,46.19,72.439,49.752,0.832,0.847
25,282,basic,77.449,60.403,77.328,60.986,0.923,0.868
25,286,basic,175.152,110.852,180.7,112.054,1.805,1.907
25,287,basic,0.0,0.0,454.066,194.051,,0.957
25,287,gifted,190.0,173.978,0.0,0.0,,
25,288,basic,191.937,170.695,195.413,176.279,1.398,1.342
25,289,basic,157.07,138.025,187.57,162.9,1.36,1.437
25,291,basic,376.308,261.16,389.66,263.24,2.283,2.414
25,292,basic,562.059,319.487,617.981,348.525,1.483,1.553
25,930,basic,398.587,365.042,401.004,366.561,2.353,2.365
25,935,basic,438.128,310.376,458.127,329.365,1.807,1.738
25,939,basic,214.255,101.325,221.499,104.178,1.688,1.717
25,949,basic,377.133,323.571,485.485,414.968,1.513,1.568
25,955,basic,45.567,43.289,52.218,49.607,2.764,2.559
25,971,basic,0.0,0.0,561.051,242.558,,1.136
25,971,gifted,516.157,472.632,0.0,0.0,,
25,972,basic,258.51,192.821,261.309,194.042,1.837,1.856
25,974,basic,89.219,82.293,92.391,85.908,1.225,1.167
25,977,basic,240.353,189.376,199.111,153.936,1.317,1.421
26,103,basic,275.219,234.871,276.105,235.488,1.629,1.632
26,104,basic,131.302,52.761,142.004,58.675,2.231,2.115
26,105,basic,437.055,200.938,305.118,137.101,2.246,2.357
26,105,gifted,178.651,164.388,0.0,0.0,,
26,106,basic,467.554,274.496,344.15,205.36,1.768,1.675
26,106,gifted,117.964,108.546,0.0,0.0,,
26,107,basic,520.535,247.057,520.99,247.235,2.521,2.522
26,109,basic,151.527,96.904,153.831,98.655,2.111,2.099
26,110,basic,397.971,196.65,407.17,201.02,2.082,2.087
26,113,basic,376.467,220.294,247.419,144.218,2.292,2.302
26,113,gifted,132.929,122.316,0.0,0.0,,
26,115,basic,153.978,87.913,175.56,100.236,1.723,1.723
26,117,basic,256.963,148.515,220.589,130.117,2.341,2.242
26,117,gifted,89.781,82.613,0.0,0.0,,
26,118,basic,269.735,137.494,342.201,173.399,2.087,2.117
26,130,basic,654.456,373.268,670.698,382.16,1.655,1.659
26,201,basic,80.223,54.85,87.232,60.062,1.046,1.023
26,202,basic,163.402,89.374,165.815,89.911,1.536,1.574
26,203,basic,259.71,184.555,259.847,184.515,1.28,1.284
26,204,basic,170.651,125.136,106.233,68.299,1.359,2.011
26,208,basic,208.206,168.373,241.449,193.743,1.238,1.306
26,209,basic,137.594,50.66,122.587,45.044,0.767,0.776
26,210,basic,192.881,82.85,191.125,82.331,1.385,1.37
26,211,basic,74.71,48.831,80.343,52.431,1.1,1.11
26,212,gifted,205.93,189.489,0.0,0.0,,
26,215,basic,117.613,72.943,118.675,73.205,0.855,0.874
26,218,basic,155.013,99.521,164.741,105.828,0.76,0.758
26,220,basic,89.044,72.862,91.399,74.223,1.384,1.419
26,221,basic,160.727,110.167,165.514,111.33,0.957,1.025
26,222,basic,140.855,88.33,147.521,90.377,1.754,1.862
26,225,basic,81.573,42.882,82.425,43.312,1.18,1.182
26,226,basic,259.308,167.081,266.39,172.753,1.266,1.249
26,229,basic,245.494,204.944,252.246,207.724,1.146,1.204
26,230,basic,119.017,83.118,85.897,60.026,1.034,1.027
26,233,basic,279.4,179.077,285.429,182.853,0.833,0.835
26,234,basic,75.796,63.174,86.974,71.089,1.186,1.28
26,235,basic,80.822,52.324,82.007,52.552,1.182,1.222
26,236,basic,51.255,45.064,52.023,45.726,1.028,1.029
26,239,basic,261.557,156.992,263.477,158.083,1.669,1.671
26,241,basic,385.297,133.659,376.239,129.311,1.876,1.921
26,242,basic,156.649,111.541,161.756,115.242,1.215,1.213
26,243,basic,212.967,116.525,229.771,125.82,0.97,0.967
26,244,basic,36.674,34.081,37.081,34.777,1.099,1.031
26,245,basic,318.216,276.069,322.27,279.452,1.217,1.222
26,246,basic,232.84,125.465,248.728,133.684,1.151,1.161
26,247,basic,365.318,125.863,355.71,123.203,1.596,1.571
26,248,basic,147.755,98.447,149.946,100.132,0.888,0.878
26,249,basic,28.007,22.231,28.35,22.494,0.875,0.876
26,250,basic,91.596,70.53,96.484,74.269,0.952,0.954
26,251,basic,134.0,63.915,138.935,65.994,1.433,1.453
26,252,basic,251.982,173.698,258.547,177.654,1.486,1.501
26,255,basic,88.741,61.522,90.464,62.913,0.829,0.815
26,257,basic,122.263,105.04,119.245,102.439,1.087,1.088
26,259,basic,152.409,115.972,155.838,119.334,1.255,1.223
26,261,basic,174.263,158.342,179.374,162.993,1.076,1.072
26,262,basic,187.114,147.212,143.666,112.254,1.051,1.083
26,264,basic,83.055,38.746,84.577,39.458,0.913,0.913
26,266,basic,106.67,86.405,103.772,84.373,0.885,0.865
26,267,basic,118.753,107.542,120.991,109.564,1.008,1.008
26,268,basic,107.264,101.9,106.961,101.613,1.061,1.056
26,269,basic,107.223,100.199,97.928,91.497,1.102,1.071
26,270,basic,155.294,110.515,157.082,111.649,1.402,1.407
26,272,basic,39.51,37.198,39.115,36.946,1.036,0.992
26,275,basic,96.976,90.518,97.915,91.344,1.143,1.146
26,276,basic,155.179,76.724,96.341,47.599,1.145,1.147
26,277,basic,128.114,86.144,51.454,34.176,1.017,1.073
26,279,basic,106.878,48.557,78.577,35.373,1.008,1.048
26,281,basic,67.067,47.204,71.838,50.471,0.807,0.815
26,282,basic,78.796,61.777,78.937,62.596,0.867,0.815
26,286,basic,184.057,113.235,190.113,114.048,1.843,1.961
26,287,basic,0.0,0.0,462.862,211.615,,0.961
26,287,gifted,190.0,174.831,0.0,0.0,,
26,288,basic,190.001,164.274,193.316,169.592,1.357,1.305
26,289,basic,155.49,133.519,185.704,157.498,1.354,1.427
26,291,basic,370.547,250.493,383.652,252.738,2.159,2.276
26,292,basic,562.45,324.982,616.755,353.463,1.489,1.559
26,930,basic,399.123,354.72,401.538,356.139,2.3,2.31
26,935,basic,437.962,298.958,457.791,317.565,1.836,1.763
26,939,basic,220.742,107.283,228.357,110.275,1.724,1.756
26,949,basic,377.514,317.417,485.227,406.192,1.486,1.541
26,955,basic,45.125,42.868,51.109,48.553,2.722,2.527
26,971,basic,0.0,0.0,548.602,254.043,,1.103
26,971,gifted,514.386,473.318,0.0,0.0,,
26,972,basic,256.174,185.048,258.736,186.13,1.815,1.831
26,974,basic,86.961,78.9,90.028,82.463,1.246,1.191
26,977,basic,244.875,188.991,201.111,152.087,1.321,1.425
27,103,basic,258.486,222.408,259.297,222.984,1.614,1.616
27,104,basic,134.656,56.284,145.379,62.816,2.343,2.208
27,105,basic,430.312,205.641,300.626,139.668,2.257,2.38
27,105,gifted,175.943,162.315,0.0,0.0,,
27,106,basic,444.856,274.19,325.354,204.287,1.766,1.672
27,106,gifted,115.563,106.612,0.0,0.0,,
27,107,basic,505.435,247.316,505.845,247.481,2.468,2.469
27,109,basic,153.76,100.828,156.301,102.782,2.097,2.086
27,110,basic,389.538,210.422,398.581,215.099,2.088,2.093
27,113,basic,381.174,226.23,255.164,150.456,2.328,2.352
27,113,gifted,133.1,122.79,0.0,0.0,,
27,115,basic,150.036,89.011,171.418,101.66,1.714,1.715
27,117,basic,256.594,154.973,219.797,135.554,2.33,2.239
27,117,gifted,90.08,83.103,0.0,0.0,,
27,118,basic,265.517,140.542,338.079,177.78,2.096,2.125
27,130,basic,670.329,410.117,687.041,419.775,1.682,1.687
27,201,basic,86.997,58.145,95.328,64.185,1.036,1.016
27,202,basic,166.066,86.352,168.843,86.732,1.618,1.667
27,203,basic,259.465,177.465,259.477,177.3,1.282,1.285
27,204,basic,178.864,123.987,109.247,65.184,1.366,2.031
27,208,basic,211.3,172.439,244.395,198.452,1.225,1.29
27,209,basic,147.493,58.832,130.548,51.979,0.77,0.776
27,210,basic,191.911,86.881,190.088,86.376,1.377,1.36
27,211,basic,76.887,48.856,83.955,53.174,1.11,1.126
27,212,gifted,205.691,189.759,0.0,0.0,,
27,215,basic,120.503,76.124,121.712,76.36,0.865,0.887
27,218,basic,164.938,106.08,176.077,113.294,0.775,0.773
27,220,basic,85.747,69.022,87.969,70.233,1.284,1.316
27,221,basic,165.319,116.08,170.536,117.136,0.99,1.062
27,222,basic,150.41,82.325,158.485,84.267,2.081,2.21
27,225,basic,84.048,43.886,84.983,44.357,1.22,1.221
27,226,basic,264.815,176.283,271.939,182.0,1.262,1.251
27,229,basic,248.113,198.562,254.947,200.736,1.14,1.201
27,230,basic,116.422,78.88,83.427,56.685,1.016,1.001
27,233,basic,278.62,180.373,284.565,184.156,0.818,0.82
27,234,basic,78.751,61.874,91.261,69.892,1.192,1.301
27,235,basic,86.105,54.199,87.652,54.347,1.284,1.337
27,236,basic,50.459,43.912,51.416,44.723,1.028,1.029
27,239,basic,274.016,157.312,275.918,158.392,1.67,1.67
27,241,basic,387.28,137.816,378.762,132.906,1.883,1.945
27,242,basic,151.216,104.423,156.105,107.895,1.193,1.19
27,243,basic,209.757,116.97,226.258,126.272,0.962,0.959
27,244,basic,38.454,35.593,38.84,36.277,1.056,1.008
27,245,basic,315.431,269.251,319.528,272.606,1.192,1.196
27,246,basic,239.374,127.741,256.519,136.328,1.179,1.194
27,247,basic,368.241,133.229,358.474,130.485,1.57,1.544
27,248,basic,143.389,93.578,145.183,94.995,0.881,0.87
27,249,basic,29.714,23.302,29.984,23.513,0.825,0.825
27,250,basic,84.33,62.205,89.201,65.747,0.967,0.971
27,251,basic,136.138,69.702,141.106,71.908,1.33,1.35
27,252,basic,238.805,165.0,245.17,168.862,1.433,1.446
27,255,basic,86.934,59.129,88.541,60.432,0.817,0.803
27,257,basic,125.7,106.549,122.687,104.012,1.059,1.059
27,259,basic,170.03,120.798,175.207,125.024,1.299,1.279
27,261,basic,185.878,165.434,191.553,170.523,1.068,1.065
27,262,basic,187.563,143.214,144.302,109.415,1.062,1.09
27,264,basic,77.407,39.094,78.84,39.82,0.916,0.916
27,266,basic,107.336,86.972,104.293,84.883,0.894,0.874
27,267,basic,118.571,103.353,121.028,105.476,1.026,1.027
27,268,basic,110.149,104.642,110.166,104.658,1.063,1.059
27,269,basic,105.434,97.303,96.474,89.15,1.012,0.981
27,270,basic,163.669,108.07,165.469,109.143,1.449,1.453
27,272,basic,42.252,39.502,42.05,39.508,0.988,0.95
27,275,basic,85.734,79.05,86.595,79.78,1.151,1.155
27,276,basic,156.612,82.194,97.332,51.046,1.102,1.103
27,277,basic,127.604,83.947,51.452,33.428,1.016,1.066
27,279,basic,108.655,51.626,80.083,37.707,0.995,1.03
27,281,basic,66.234,45.504,71.25,48.785,0.803,0.816
27,282,basic,74.417,55.976,74.461,56.749,0.854,0.802
27,286,basic,176.003,110.011,181.951,110.796,1.729,1.835
27,287,basic,0.0,0.0,459.503,219.461,,0.954
27,287,gifted,190.0,175.283,0.0,0.0,,
27,288,basic,184.103,154.364,187.229,159.407,1.305,1.255
27,289,basic,157.628,131.251,188.376,154.833,1.349,1.422
27,291,basic,376.837,255.592,389.64,258.011,2.128,2.23
27,292,basic,562.809,330.783,618.732,362.728,1.47,1.531
27,930,basic,399.046,327.935,401.463,328.81,2.278,2.292
27,935,basic,438.092,297.084,458.104,316.329,1.76,1.692
27,939,basic,219.012,111.334,226.424,114.417,1.654,1.683
27,949,basic,380.563,302.257,491.533,390.018,1.511,1.568
27,955,basic,47.876,45.483,54.668,51.935,2.709,2.502
27,971,basic,0.0,0.0,558.65,266.379,,1.112
27,971,gifted,515.571,475.637,0.0,0.0,,
27,972,basic,259.111,181.882,262.321,182.957,1.854,1.877
27,974,basic,88.57,77.303,91.975,81.163,1.19,1.146
27,977,basic,243.205,176.221,201.328,142.482,1.311,1.419
28,103,basic,267.715,236.984,268.572,237.604,1.66,1.663
28,104,basic,122.409,53.184,133.893,59.636,2.463,2.302
28,105,basic,429.872,217.413,302.971,150.27,2.328,2.484
28,105,gifted,177.238,163.26,0.0,0.0,,
28,106,basic,464.42,289.703,346.809,218.275,1.809,1.726
28,106,gifted,115.637,106.517,0.0,0.0,,
28,107,basic,529.329,279.654,529.649,279.808,2.542,2.543
28,109,basic,148.697,102.207,151.114,104.035,2.157,2.145
28,110,basic,398.926,219.679,408.048,224.57,2.118,2.122
28,113,basic,382.252,243.463,261.544,165.868,2.363,2.388
28,113,gifted,132.907,122.425,0.0,0.0,,
28,115,basic,146.509,87.883,168.22,100.826,1.741,1.747
28,117,basic,253.706,163.143,218.076,142.101,2.334,2.229
28,117,gifted,89.338,82.292,0.0,0.0,,
28,118,basic,265.829,146.204,337.076,184.717,2.17,2.199
28,130,basic,654.347,395.922,670.792,405.52,1.706,1.712
28,201,basic,75.568,48.753,81.868,53.147,1.097,1.055
28,202,basic,168.443,89.603,170.943,90.352,1.676,1.725
28,203,basic,265.773,179.512,265.894,179.491,1.346,1.35
28,204,basic,186.978,127.957,113.565,71.806,1.586,2.243
28,208,basic,211.985,168.771,243.874,194.686,1.278,1.345
28,209,basic,148.416,52.392,130.885,46.155,0.78,0.788
28,210,basic,194.471,83.734,192.577,83.06,1.437,1.421
28,211,basic,72.906,44.827,79.634,48.907,1.135,1.146
28,212,gifted,205.744,189.518,0.0,0.0,,
28,215,basic,121.835,69.415,123.26,69.654,0.991,1.038
28,218,basic,156.758,93.334,166.375,99.095,0.773,0.77
28,220,basic,88.415,69.593,90.713,71.066,1.547,1.586
28,221,basic,163.992,106.888,168.834,108.44,1.082,1.177
28,222,basic,149.924,87.158,156.77,90.071,2.339,2.449
28,225,basic,86.793,43.788,87.772,44.267,1.248,1.251
28,226,basic,254.821,160.658,261.996,165.992,1.367,1.34
28,229,basic,249.152,195.7,256.076,199.246,1.153,1.223
28,230,basic,118.124,77.124,85.031,55.527,1.07,1.066
28,233,basic,284.12,169.804,290.209,173.391,0.855,0.857
28,234,basic,82.265,63.968,95.438,73.157,1.249,1.365
28,235,basic,87.337,54.073,88.59,54.412,1.252,1.307
28,236,basic,45.921,39.9,46.681,40.542,1.064,1.067
28,239,basic,266.606,157.344,268.493,158.425,1.707,1.708
28,241,basic,384.418,137.954,375.673,133.893,1.945,2.001
28,242,basic,153.786,103.46,159.294,107.224,1.231,1.227
28,243,basic,213.253,110.974,230.207,119.865,0.992,0.988
28,244,basic,35.801,33.55,36.188,34.102,1.113,1.04
28,245,basic,320.335,265.736,324.577,269.252,1.272,1.274
28,246,basic,242.007,124.819,258.859,133.31,1.199,1.209
28,247,basic,368.741,129.952,359.736,127.246,1.612,1.583
28,248,basic,144.041,88.895,146.055,90.288,0.878,0.865
28,249,basic,29.257,21.284,29.648,21.548,0.912,0.919
28,250,basic,83.425,59.482,87.766,62.549,0.96,0.964
28,251,basic,138.676,66.844,143.869,69.143,1.464,1.487
28,252,basic,240.568,165.076,246.976,169.118,1.497,1.513
28,255,basic,89.643,57.211,91.324,58.402,0.857,0.841
28,257,basic,120.657,98.921,118.149,96.848,1.079,1.081
28,259,basic,166.501,118.735,171.281,122.48,1.345,1.322
28,261,basic,165.63,148.606,170.649,153.095,1.103,1.102
28,262,basic,190.067,139.678,146.526,107.179,1.092,1.129
28,264,basic,78.625,35.4,80.082,36.058,0.97,0.969
28,266,basic,104.73,79.531,101.546,77.326,0.904,0.88
28,267,basic,120.238,100.928,122.573,102.881,1.014,1.014
28,268,basic,114.578,108.849,114.806,109.066,1.088,1.086
28,269,basic,104.331,97.702,95.237,89.221,1.059,1.027
28,270,basic,149.146,101.09,150.892,102.176,1.497,1.503
28,272,basic,42.909,40.483,42.465,40.172,1.06,0.999
28,275,basic,97.089,91.054,98.03,91.897,1.165,1.169
28,276,basic,153.335,74.525,95.601,46.444,1.132,1.133
28,277,basic,121.834,77.138,48.938,30.785,1.011,1.061
28,279,basic,106.245,46.637,77.481,33.827,1.017,1.058
28,281,basic,66.09,42.704,70.611,45.58,0.819,0.827
28,282,basic,75.143,53.96,75.563,54.667,0.902,0.844
28,286,basic,182.557,109.884,188.354,111.704,2.272,2.398
28,287,basic,0.0,0.0,444.465,196.085,,0.959
28,287,gifted,190.0,175.015,0.0,0.0,,
28,288,basic,187.089,158.319,189.875,163.255,1.47,1.372
28,289,basic,157.529,134.352,188.211,159.65,1.405,1.48
28,291,basic,373.375,260.06,386.822,264.099,2.484,2.638
28,292,basic,562.605,326.971,619.586,361.322,1.535,1.599
28,930,basic,398.777,361.567,401.21,362.846,2.391,2.412
28,935,basic,437.304,306.426,456.903,324.521,1.937,1.85
28,939,basic,220.752,110.573,228.334,113.93,1.796,1.832
28,949,basic,383.916,315.909,498.43,411.487,1.628,1.691
28,955,basic,46.043,43.741,52.853,50.21,2.802,2.614
28,971,basic,0.0,0.0,572.189,255.74,,1.158
28,971,gifted,517.267,476.472,0.0,0.0,,
28,972,basic,258.693,190.39,261.699,191.752,1.923,1.951
28,974,basic,87.847,78.895,91.631,82.885,1.266,1.213
28,977,basic,233.603,170.501,195.675,141.102,1.333,1.434
29,103,basic,258.718,239.753,259.557,240.394,1.631,1.634
29,104,basic,125.65,56.295,140.134,64.241,2.457,2.342
29,105,basic,451.202,238.91,309.471,159.726,2.325,2.484
29,105,gifted,182.062,167.185,0.0,0.0,,
29,106,basic,451.553,302.248,337.449,228.44,1.776,1.693
29,106,gifted,115.112,105.705,0.0,0.0,,
29,107,basic,527.315,292.202,527.608,292.34,2.511,2.511
29,109,basic,145.661,107.101,148.575,109.498,2.111,2.098
29,110,basic,395.57,227.539,404.415,232.469,2.137,2.141
29,113,basic,385.147,259.494,261.519,174.942,2.35,2.384
29,113,gifted,133.825,122.889,0.0,0.0,,
29,115,basic,142.097,91.577,163.231,105.068,1.73,1.738
29,117,basic,258.97,175.384,222.268,153.166,2.327,2.22
29,117,gifted,89.554,82.236,0.0,0.0,,
29,118,basic,263.801,153.89,327.989,191.338,2.13,2.13
29,130,basic,659.452,426.792,675.962,437.008,1.671,1.677
29,201,basic,76.783,49.12,82.803,53.342,1.018,0.983
29,202,basic,168.683,86.051,171.096,86.668,1.638,1.68
29,203,basic,258.47,170.58,258.629,170.58,1.339,1.343
29,204,basic,174.9,117.504,108.516,66.02,1.5,2.145
29,208,basic,205.45,166.013,236.481,192.684,1.293,1.365
29,209,basic,154.987,52.316,135.997,45.843,0.783,0.79
29,210,basic,193.923,79.06,192.181,78.535,1.426,1.409
29,211,basic,77.615,46.789,84.4,50.793,1.125,1.138
29,212,gifted,205.831,189.011,0.0,0.0,,
29,215,basic,113.564,63.92,114.739,64.142,0.878,0.908
29,218,basic,149.252,87.569,158.796,93.214,0.771,0.769
29,220,basic,91.129,70.192,93.504,71.602,1.502,1.539
29,221,basic,161.875,102.872,166.685,104.155,1.028,1.11
29,222,basic,139.506,79.606,145.797,81.891,2.051,2.157
29,225,basic,90.293,43.509,91.291,43.97,1.296,1.299
29,226,basic,260.047,156.643,266.97,161.926,1.372,1.344
29,229,basic,249.059,193.151,256.003,196.323,1.154,1.218
29,230,basic,105.573,68.346,76.325,49.333,1.022,1.029
29,233,basic,278.41,163.406,284.452,166.886,0.851,0.853
29,234,basic,79.275,60.926,92.033,69.451,1.226,1.34
29,235,basic,83.983,51.026,85.018,51.295,1.166,1.203
29,236,basic,51.245,43.76,51.964,44.363,1.082,1.083
29,239,basic,264.284,149.854,266.215,150.896,1.702,1.705
29,241,basic,387.222,128.464,378.061,124.498,1.962,2.009
29,242,basic,151.198,99.314,156.759,103.078,1.238,1.232
29,243,basic,217.176,110.003,234.301,118.746,0.987,0.984
29,244,basic,38.813,36.136,39.078,36.7,1.143,1.064
29,245,basic,320.391,261.467,324.606,264.845,1.246,1.249
29,246,basic,236.292,118.577,251.286,126.058,1.155,1.156
29,247,basic,370.956,121.29,361.37,118.779,1.657,1.624
29,248,basic,146.289,88.713,148.344,90.131,0.902,0.891
29,249,basic,27.817,19.98,28.146,20.2,0.911,0.915
29,250,basic,83.806,59.149,88.541,62.453,0.974,0.978
29,251,basic,131.089,59.822,135.964,61.836,1.461,1.483
29,252,basic,248.925,165.467,255.461,169.377,1.483,1.498
29,255,basic,90.341,56.887,92.126,58.159,0.866,0.851
29,257,basic,124.196,100.664,121.277,98.299,1.083,1.083
29,259,basic,156.507,109.679,160.087,112.598,1.336,1.311
29,261,basic,177.34,158.087,182.57,162.835,1.073,1.068
29,262,basic,190.248,137.891,146.113,105.278,1.084,1.12
29,264,basic,81.476,35.2,82.97,35.848,0.942,0.942
29,266,basic,104.729,78.439,101.728,76.434,0.911,0.89
29,267,basic,119.347,99.076,121.59,100.934,1.023,1.023
29,268,basic,107.671,102.288,107.314,101.948,1.068,1.063
29,269,basic,108.462,100.818,99.219,92.258,1.061,1.031
29,270,basic,149.207,98.752,150.956,99.811,1.478,1.483
29,272,basic,41.035,38.607,40.494,38.244,1.075,1.019
29,275,basic,100.125,93.057,101.091,93.908,1.173,1.177
29,276,basic,148.474,69.537,93.54,43.741,1.102,1.11
29,277,basic,123.009,76.751,49.438,30.564,1.004,1.059
29,279,basic,108.652,46.029,80.086,33.717,0.996,1.032
29,281,basic,67.165,43.058,71.803,45.982,0.811,0.817
29,282,basic,73.681,52.825,73.813,53.435,0.878,0.819
29,286,basic,183.337,105.771,189.218,107.095,2.078,2.2
29,287,basic,0.0,0.0,442.302,188.366,,0.957
29,287,gifted,190.0,174.474,0.0,0.0,,
29,288,basic,175.493,147.85,178.032,152.251,1.364,1.294
29,289,basic,157.234,141.185,186.959,167.831,1.419,1.465
29,291,basic,376.291,259.326,389.398,263.023,2.387,2.512
29,292,basic,566.159,332.451,620.098,369.461,1.516,1.563
29,930,basic,399.548,358.697,401.969,360.07,2.347,2.36
29,935,basic,437.909,308.825,457.493,328.547,1.941,1.858
29,939,basic,221.763,108.602,229.427,111.888,1.796,1.83
29,949,basic,385.029,322.483,497.824,422.088,1.651,1.705
29,955,basic,46.068,43.764,52.114,49.508,2.85,2.659
29,971,basic,0.0,0.0,568.219,244.76,,1.131
29,971,gifted,516.18,474.0,0.0,0.0,,
29,972,basic,259.273,195.356,261.789,196.474,1.85,1.867
29,974,basic,86.716,77.179,90.383,81.155,1.244,1.194
29,977,basic,233.727,167.585,196.111,138.417,1.336,1.44
30,103,basic,270.09,243.619,270.89,244.255,1.648,1.65
30,104,basic,127.678,49.498,138.369,55.48,2.568,2.382
30,105,basic,443.047,210.674,306.935,142.885,2.325,2.465
30,105,gifted,179.269,164.646,0.0,0.0,,
30,106,basic,457.727,277.845,338.409,207.794,1.78,1.689
30,106,gifted,116.959,107.419,0.0,0.0,,
30,107,basic,528.664,267.209,529.025,267.372,2.532,2.533
30,109,basic,149.404,100.334,151.94,102.269,2.233,2.219
30,110,basic,389.961,197.499,398.646,201.811,2.129,2.132
30,113,basic,384.668,237.692,259.712,158.95,2.405,2.452
30,113,gifted,134.037,123.104,0.0,0.0,,
30,115,basic,148.838,87.192,170.334,99.726,1.741,1.745
30,117,basic,266.742,164.65,229.134,143.758,2.37,2.263
30,117,gifted,90.285,82.921,0.0,0.0,,
30,118,basic,265.784,139.829,334.504,175.59,2.156,2.171
30,130,basic,658.889,378.603,675.347,387.728,1.713,1.719
30,201,basic,77.818,51.903,84.074,56.374,1.004,0.976
30,202,basic,167.176,87.042,169.84,87.715,1.706,1.757
30,203,basic,263.328,183.031,263.413,182.956,1.336,1.341
30,204,basic,176.371,127.882,109.195,71.837,1.43,2.096
30,208,basic,205.963,167.93,238.055,194.041,1.265,1.337
30,209,basic,156.981,49.633,138.859,43.805,0.792,0.805
30,210,basic,193.961,76.618,192.414,76.081,1.435,1.426
30,211,basic,75.964,47.512,82.495,51.532,1.127,1.138
30,212,gifted,205.913,189.118,0.0,0.0,,
30,215,basic,118.623,65.428,120.347,65.554,1.046,1.106
30,218,basic,157.572,93.99,167.314,99.844,0.769,0.766
30,220,basic,89.655,75.223,91.845,76.672,1.416,1.45
30,221,basic,166.793,107.044,171.734,108.397,1.049,1.135
30,222,basic,147.044,84.067,154.535,86.89,2.461,2.588
30,225,basic,83.457,41.058,84.406,41.507,1.216,1.219
30,226,basic,261.348,158.872,268.447,164.271,1.405,1.376
30,229,basic,243.394,201.585,250.376,205.082,1.156,1.224
30,230,basic,107.849,72.902,78.697,53.113,1.035,1.043
30,233,basic,282.765,169.01,288.824,172.58,0.843,0.845
30,234,basic,77.01,64.019,88.882,72.724,1.202,1.307
30,235,basic,85.798,52.198,87.194,52.475,1.31,1.372
30,236,basic,49.244,43.776,50.171,44.57,1.058,1.062
30,239,basic,285.502,169.19,287.473,170.335,1.729,1.73
30,241,basic,384.834,124.792,376.078,121.118,1.925,1.971
30,242,basic,163.228,112.189,169.092,116.28,1.285,1.282
30,243,basic,220.206,111.462,237.693,120.384,0.988,0.985
30,244,basic,37.982,35.558,38.168,35.971,1.191,1.09
30,245,basic,316.959,273.849,321.097,277.302,1.265,1.271
30,246,basic,220.94,112.173,235.388,119.341,1.151,1.159
30,247,basic,366.991,115.627,358.39,113.314,1.636,1.613
30,248,basic,144.963,91.247,147.254,92.88,0.89,0.876
30,249,basic,31.941,24.252,32.395,24.568,0.895,0.901
30,250,basic,88.999,66.491,93.652,69.937,0.957,0.961
30,251,basic,126.69,57.214,131.465,59.179,1.405,1.427
30,252,basic,240.49,166.213,246.845,170.186,1.468,1.484
30,255,basic,86.194,56.483,87.434,57.449,0.85,0.833
30,257,basic,121.133,103.581,118.296,101.147,1.089,1.09
30,259,basic,160.322,121.248,164.371,124.797,1.276,1.249
30,261,basic,177.24,162.74,182.76,167.748,1.128,1.127
30,262,basic,186.219,142.583,142.896,108.825,1.07,1.105
30,264,basic,78.82,32.801,80.255,33.401,0.912,0.911
30,266,basic,107.291,83.64,104.522,81.672,0.895,0.878
30,267,basic,122.132,109.023,124.587,111.202,1.019,1.02
30,268,basic,106.355,101.037,106.078,100.774,1.058,1.053
30,269,basic,104.036,97.993,94.934,89.394,1.109,1.081
30,270,basic,157.578,110.504,159.38,111.666,1.521,1.526
30,272,basic,41.079,38.85,40.659,38.506,1.054,1.0
30,275,basic,94.756,89.479,95.729,90.365,1.198,1.202
30,276,basic,155.299,70.962,97.246,44.381,1.119,1.125
30,277,basic,133.833,86.161,54.077,34.454,1.03,1.097
30,279,basic,111.245,45.698,83.319,33.954,1.024,1.074
30,281,basic,70.042,46.734,74.77,49.855,0.806,0.81
30,282,basic,75.931,57.725,76.359,58.54,0.868,0.814
30,286,basic,180.372,109.017,186.233,110.535,2.057,2.18
30,287,basic,0.0,0.0,459.394,189.952,,0.97
30,287,gifted,190.0,174.503,0.0,0.0,,
30,288,basic,184.628,162.27,187.589,167.308,1.432,1.358
30,289,basic,156.458,140.835,186.443,166.85,1.408,1.474
30,291,basic,376.672,262.293,389.798,266.002,2.397,2.525
30,292,basic,563.916,322.35,618.142,354.114,1.51,1.569
30,930,basic,399.388,368.361,401.819,369.535,2.451,2.476
30,935,basic,437.971,311.333,457.61,330.63,1.907,1.814
30,939,basic,219.729,104.44,227.215,107.548,1.755,1.787
30,949,basic,378.492,327.928,489.845,425.704,1.605,1.659
30,955,basic,44.352,42.134,50.295,47.78,2.814,2.631
30,971,basic,0.0,0.0,556.23,235.338,,1.128
30,971,gifted,515.867,473.79,0.0,0.0,,
30,972,basic,263.054,195.979,266.466,197.383,1.935,1.965
30,974,basic,85.891,79.282,89.499,83.212,1.263,1.207
30,977,basic,246.842,189.412,203.528,153.664,1.371,1.484
31,103,basic,264.243,231.008,265.009,231.602,1.616,1.617
31,104,basic,156.507,54.547,170.106,61.867,2.736,2.542
31,105,basic,450.768,199.88,307.527,132.866,2.271,2.392
31,105,gifted,181.576,166.943,0.0,0.0,,
31,106,basic,468.967,270.91,353.152,205.923,1.829,1.769
31,106,gifted,115.456,106.151,0.0,0.0,,
31,107,basic,514.387,238.506,514.921,238.707,2.469,2.47
31,109,basic,148.47,95.677,151.254,97.775,2.123,2.11
31,110,basic,382.809,193.712,391.672,198.033,2.129,2.133
31,113,basic,385.829,220.834,258.306,145.524,2.387,2.454
31,113,gifted,133.149,122.419,0.0,0.0,,
31,115,basic,136.267,75.803,156.137,86.767,1.715,1.72
31,117,basic,250.152,149.305,214.383,130.687,2.308,2.207
31,117,gifted,88.862,81.701,0.0,0.0,,
31,118,basic,271.233,134.936,336.741,167.544,2.102,2.102
31,130,basic,648.961,375.395,665.409,384.34,1.689,1.696
31,201,basic,72.119,49.323,78.05,53.807,1.016,0.988
31,202,basic,176.916,91.443,179.53,91.86,1.696,1.742
31,203,basic,254.897,179.757,254.965,179.646,1.317,1.32
31,204,basic,184.141,133.348,111.352,71.289,1.406,2.015
31,208,basic,201.787,170.402,234.416,195.973,1.247,1.319
31,209,basic,146.198,51.76,129.343,45.711,0.764,0.771
31,210,basic,193.532,83.898,191.715,83.398,1.362,1.344
31,211,basic,76.055,48.671,82.416,52.636,1.109,1.12
31,212,gifted,205.819,189.233,0.0,0.0,,
31,215,basic,120.458,73.305,122.133,73.362,0.98,1.025
31,218,basic,156.368,99.411,166.001,105.597,0.758,0.756
31,220,basic,96.131,77.568,98.528,78.996,1.511,1.544
31,221,basic,160.226,117.715,164.794,118.968,0.931,0.993
31,222,basic,152.409,85.517,159.377,87.74,2.226,2.325
31,225,basic,85.843,44.059,86.816,44.53,1.186,1.189
31,226,basic,260.625,176.091,267.802,182.274,1.35,1.33
31,229,basic,248.06,211.51,254.89,214.766,1.128,1.178
31,230,basic,115.727,78.821,83.601,56.842,1.065,1.069
31,233,basic,281.293,180.195,287.326,183.981,0.824,0.825
31,234,basic,75.418,63.163,87.526,71.695,1.188,1.293
31,235,basic,89.655,58.522,91.0,58.693,1.239,1.285
31,236,basic,51.753,46.508,52.725,47.35,1.057,1.06
31,239,basic,268.962,158.002,270.821,159.057,1.694,1.695
31,241,basic,384.807,129.306,375.661,125.1,1.862,1.905
31,242,basic,154.695,109.487,160.144,113.417,1.236,1.234
31,243,basic,213.768,114.879,230.537,123.973,0.98,0.978
31,244,basic,38.101,35.346,38.207,35.82,1.124,1.039
31,245,basic,322.006,287.095,326.234,290.8,1.27,1.276
31,246,basic,224.693,118.319,239.893,126.127,1.143,1.149
31,247,basic,367.635,122.575,358.602,120.214,1.573,1.547
31,248,basic,151.447,98.234,153.74,99.99,0.895,0.882
31,249,basic,28.312,22.479,28.678,22.726,0.925,0.932
31,250,basic,91.639,69.59,96.583,73.277,0.967,0.972
31,251,basic,132.347,66.063,137.322,68.244,1.358,1.378
31,252,basic,240.203,174.611,246.586,178.67,1.439,1.454
31,255,basic,86.129,58.179,87.478,59.306,0.853,0.837
31,257,basic,127.376,113.573,124.588,111.06,1.098,1.1
31,259,basic,159.424,118.045,163.782,121.772,1.329,1.307
31,261,basic,165.514,152.549,170.156,156.916,1.049,1.042
31,262,basic,189.384,151.003,145.987,115.437,1.07,1.108
31,264,basic,79.012,37.854,80.457,38.55,0.907,0.907
31,266,basic,105.291,89.272,102.334,87.17,0.901,0.878
31,267,basic,112.418,104.189,114.718,106.309,1.024,1.025
31,268,basic,109.316,103.85,109.11,103.655,1.076,1.071
31,269,basic,106.707,100.224,97.47,91.535,1.108,1.076
31,270,basic,159.425,109.391,161.217,110.494,1.486,1.49
31,272,basic,42.094,39.571,41.441,39.123,1.064,1.004
31,275,basic,89.95,84.671,90.881,85.505,1.187,1.191
31,276,basic,153.793,77.823,96.386,48.715,1.111,1.115
31,277,basic,126.977,84.197,50.728,33.265,1.01,1.06
31,279,basic,108.837,48.48,79.594,35.17,0.992,1.027
31,281,basic,69.052,47.497,73.739,50.668,0.806,0.81
31,282,basic,75.435,57.777,75.593,58.611,0.893,0.837
31,286,basic,182.241,117.872,187.903,118.916,1.863,1.964
31,287,basic,0.0,0.0,459.625,204.926,,0.955
31,287,gifted,190.0,174.688,0.0,0.0,,
31,288,basic,193.64,168.603,196.518,174.421,1.392,1.321
31,289,basic,153.971,129.705,182.925,153.002,1.353,1.397
31,291,basic,377.596,259.484,391.087,261.99,2.343,2.463
31,292,basic,569.045,323.376,622.917,352.152,1.52,1.572
31,930,basic,399.241,347.959,401.677,348.675,2.373,2.394
31,935,basic,437.423,302.51,456.865,322.689,1.814,1.717
31,939,basic,221.16,108.152,228.735,111.153,1.711,1.742
31,949,basic,379.193,310.13,489.172,398.658,1.53,1.579
31,955,basic,44.611,42.381,50.536,48.009,2.808,2.611
31,971,basic,0.0,0.0,558.182,250.97,,1.126
31,971,gifted,515.944,474.365,0.0,0.0,,
31,972,basic,261.354,188.977,264.688,190.105,1.894,1.921
31,974,basic,87.043,78.641,90.934,82.91,1.212,1.169
31,977,basic,241.944,185.075,198.678,148.966,1.301,1.402
32,103,basic,260.202,229.6,261.061,230.205,1.616,1.619
32,104,basic,135.759,51.908,149.653,58.512,2.262,2.174
32,105,basic,451.583,200.122,311.987,134.157,2.278,2.41
32,105,gifted,181.039,166.43,0.0,0.0,,
32,106,basic,433.377,257.212,317.99,192.507,1.741,1.64
32,106,gifted,114.212,104.996,0.0,0.0,,
32,107,basic,542.227,250.685,542.576,250.814,2.497,2.498
32,109,basic,159.065,104.818,161.985,107.039,2.051,2.04
32,110,basic,405.191,200.277,414.471,204.639,2.101,2.106
32,113,basic,392.244,229.325,266.639,155.047,2.33,2.35
32,113,gifted,134.668,123.801,0.0,0.0,,
32,115,basic,147.912,83.475,169.312,95.461,1.731,1.735
32,117,basic,253.007,149.565,217.382,131.141,2.3,2.21
32,117,gifted,89.473,82.253,0.0,0.0,,
32,118,basic,264.205,131.883,331.159,164.896,2.099,2.11
32,130,basic,656.548,374.744,673.079,383.631,1.686,1.692
32,201,basic,82.012,56.987,89.161,62.371,0.991,0.972
32,202,basic,175.232,90.441,177.891,90.785,1.658,1.704
32,203,basic,257.674,183.0,257.739,182.877,1.322,1.326
32,204,basic,162.812,119.705,104.172,66.235,1.382,2.04
32,208,basic,201.723,171.391,233.269,196.524,1.221,1.286
32,209,basic,151.602,51.69,133.129,45.321,0.779,0.784
32,210,basic,193.616,79.683,191.862,79.206,1.406,1.391
32,211,basic,76.118,49.147,83.922,53.991,1.122,1.14
32,212,gifted,205.898,189.283,0.0,0.0,,
32,215,basic,118.633,71.461,120.102,71.578,0.93,0.965
32,218,basic,156.704,100.209,166.421,106.506,0.758,0.755
32,220,basic,88.236,72.086,90.47,73.391,1.416,1.448
32,221,basic,167.102,118.177,172.091,119.261,0.956,1.023
32,222,basic,149.224,84.072,156.446,86.171,2.188,2.293
32,225,basic,85.533,43.225,86.524,43.702,1.214,1.216
32,226,basic,259.725,169.892,266.765,175.856,1.3,1.282
32,229,basic,253.909,218.635,261.405,221.613,1.148,1.207
32,230,basic,100.032,70.752,73.082,51.623,0.984,0.986
32,233,basic,288.111,184.04,294.299,187.903,0.836,0.838
32,234,basic,77.281,65.563,89.989,74.443,1.188,1.301
32,235,basic,91.892,58.424,93.332,58.537,1.267,1.316
32,236,basic,53.047,47.454,54.006,48.281,1.012,1.015
32,239,basic,269.264,159.558,271.142,160.634,1.654,1.656
32,241,basic,383.715,123.382,374.848,119.189,1.87,1.919
32,242,basic,166.482,118.576,173.014,123.298,1.236,1.234
32,243,basic,219.641,117.539,237.049,126.933,0.972,0.971
32,244,basic,37.267,34.445,37.359,34.977,1.197,1.097
32,245,basic,322.226,286.129,326.355,289.72,1.237,1.243
32,246,basic,232.295,121.089,248.412,129.109,1.165,1.176
32,247,basic,371.419,118.872,361.723,116.477,1.572,1.545
32,248,basic,141.834,93.875,143.74,95.408,0.872,0.86
32,249,basic,29.352,23.632,29.704,23.878,0.892,0.897
32,250,basic,82.042,63.965,86.37,67.298,0.959,0.962
32,251,basic,126.203,60.645,130.917,62.625,1.324,1.343
32,252,basic,245.729,178.653,252.131,182.704,1.381,1.395
32,255,basic,84.438,58.283,85.713,59.405,0.837,0.821
32,257,basic,115.118,103.06,112.223,100.52,1.064,1.063
32,259,basic,161.867,124.096,166.499,128.202,1.274,1.253
32,261,basic,168.849,154.553,173.801,159.13,1.096,1.09
32,262,basic,185.08,149.725,142.101,114.12,1.041,1.071
32,264,basic,77.535,35.04,78.987,35.698,0.938,0.938
32,266,basic,106.167,89.638,103.134,87.499,0.893,0.871
32,267,basic,109.67,101.885,111.933,103.976,0.995,0.996
32,268,basic,111.612,106.032,111.498,105.923,1.05,1.045
32,269,basic,104.517,98.181,95.529,89.726,1.059,1.029
32,270,basic,147.461,104.09,149.165,105.183,1.441,1.445
32,272,basic,41.78,39.309,41.206,38.918,1.052,0.995
32,275,basic,91.627,86.265,92.503,87.045,1.177,1.18
32,276,basic,146.821,71.388,91.784,44.603,1.13,1.131
32,277,basic,125.652,84.649,50.471,33.627,1.007,1.052
32,279,basic,103.49,45.154,75.961,32.85,0.99,1.025
32,281,basic,64.235,45.165,68.893,48.33,0.804,0.813
32,282,basic,74.934,59.49,75.022,60.301,0.868,0.817
32,286,basic,178.119,112.782,183.912,113.621,1.789,1.892
32,287,basic,0.0,0.0,449.116,197.53,,0.942
32,287,gifted,190.0,174.668,0.0,0.0,,
32,288,basic,178.725,156.1,181.268,161.076,1.385,1.324
32,289,basic,157.54,138.267,187.695,163.312,1.357,1.412
32,291,basic,375.098,259.407,388.304,261.642,2.234,2.347
32,292,basic,563.592,325.306,617.034,354.837,1.457,1.509
32,930,basic,399.511,354.493,401.94,355.205,2.374,2.394
32,935,basic,438.157,308.828,457.774,329.544,1.773,1.686
32,939,basic,222.102,106.577,229.678,109.468,1.666,1.697
32,949,basic,383.357,322.964,495.532,416.249,1.541,1.598
32,955,basic,46.873,44.529,53.408,50.737,2.792,2.604
32,971,basic,0.0,0.0,558.611,248.339,,1.094
32,971,gifted,515.681,474.069,0.0,0.0,,
32,972,basic,260.615,191.435,263.95,192.506,1.858,1.884
32,974,basic,85.808,78.051,89.571,82.177,1.224,1.184
32,977,basic,233.954,183.752,195.694,150.14,1.291,1.4
33,103,basic,271.272,236.464,272.084,237.074,1.64,1.642
33,104,basic,127.969,48.908,139.557,55.028,2.467,2.321
33,105,basic,456.019,212.309,317.332,144.275,2.285,2.414
33,105,gifted,182.794,167.323,0.0,0.0,,
33,106,basic,452.458,267.708,334.168,200.278,1.783,1.696
33,106,gifted,116.615,106.745,0.0,0.0,,
33,107,basic,513.18,247.205,513.439,247.315,2.498,2.499
33,109,basic,151.98,98.257,154.735,100.29,2.117,2.104
33,110,basic,388.95,193.502,397.899,197.787,2.152,2.156
33,113,basic,397.475,234.858,270.219,158.263,2.409,2.447
33,113,gifted,136.595,125.034,0.0,0.0,,
33,115,basic,152.995,87.425,175.15,100.018,1.732,1.736
33,117,basic,255.141,151.591,220.383,133.058,2.301,2.214
33,117,gifted,89.115,81.573,0.0,0.0,,
33,118,basic,271.403,138.865,339.66,173.419,2.111,2.124
33,130,basic,668.101,371.851,684.952,380.703,1.737,1.744
33,201,basic,77.304,52.349,83.78,57.139,1.076,1.046
33,202,basic,168.634,89.421,171.139,90.008,1.643,1.685
33,203,basic,253.69,180.527,253.795,180.475,1.291,1.295
33,204,basic,179.387,129.602,109.502,70.54,1.435,2.091
33,208,basic,200.397,165.745,232.028,191.115,1.24,1.303
33,209,basic,151.053,51.756,133.518,45.694,0.769,0.775
33,210,basic,192.936,80.593,191.124,80.062,1.4,1.383
33,211,basic,72.474,46.641,78.1,50.211,1.115,1.123
33,212,gifted,205.824,188.404,0.0,0.0,,
33,215,basic,119.31,69.105,120.45,69.347,0.889,0.913
33,218,basic,158.611,99.032,168.674,105.371,0.769,0.766
33,220,basic,89.765,74.354,92.048,75.762,1.42,1.454
33,221,basic,163.857,109.233,168.858,110.466,1.008,1.087
33,222,basic,143.985,86.694,151.012,89.027,2.014,2.135
33,225,basic,80.446,41.038,81.289,41.454,1.2,1.202
33,226,basic,259.25,164.397,266.374,169.839,1.274,1.257
33,229,basic,245.323,205.86,252.055,209.021,1.143,1.202
33,230,basic,119.168,82.716,87.794,60.831,1.035,1.042
33,233,basic,280.43,174.908,286.426,178.585,0.825,0.826
33,234,basic,74.111,61.697,85.065,69.62,1.188,1.281
33,235,basic,79.579,50.248,80.754,50.499,1.182,1.225
33,236,basic,48.021,42.54,48.801,43.214,1.074,1.075
33,239,basic,276.294,164.144,278.282,165.277,1.718,1.72
33,241,basic,386.6,130.419,377.135,126.305,1.881,1.922
33,242,basic,150.38,105.014,155.375,108.569,1.217,1.214
33,243,basic,215.444,114.618,232.437,123.766,0.996,0.992
33,244,basic,37.466,34.976,37.783,35.527,1.117,1.045
33,245,basic,317.952,275.612,321.943,279.016,1.235,1.239
33,246,basic,246.724,128.725,263.497,137.148,1.178,1.189
33,247,basic,363.79,120.468,354.178,117.827,1.612,1.586
33,248,basic,144.174,93.373,146.17,94.866,0.88,0.868
33,249,basic,30.287,23.251,30.653,23.521,0.871,0.873
33,250,basic,85.194,65.244,89.387,68.447,0.962,0.963
33,251,basic,134.58,63.523,139.505,65.613,1.395,1.415
33,252,basic,235.597,168.313,241.844,172.299,1.435,1.45
33,255,basic,87.915,59.639,89.617,60.967,0.835,0.821
33,257,basic,122.377,107.094,119.758,104.78,1.078,1.08
33,259,basic,160.988,122.57,165.534,126.492,1.295,1.274
33,261,basic,168.825,154.709,173.785,159.271,1.092,1.087
33,262,basic,186.352,145.016,144.056,111.333,1.073,1.11
33,264,basic,80.431,35.205,81.903,35.851,0.938,0.937
33,266,basic,108.145,86.55,105.124,84.422,0.924,0.903
33,267,basic,117.836,104.105,120.092,106.09,1.02,1.02
33,268,basic,110.595,105.066,110.41,104.89,1.062,1.057
33,269,basic,106.956,100.607,97.985,92.17,1.021,0.987
33,270,basic,149.624,106.243,151.402,107.366,1.475,1.481
33,272,basic,41.27,38.951,40.924,38.714,1.031,0.983
33,275,basic,87.153,82.178,87.985,82.928,1.18,1.183
33,276,basic,153.354,73.636,95.624,45.88,1.124,1.126
33,277,basic,130.773,87.402,52.249,34.595,1.019,1.069
33,279,basic,105.071,45.91,77.245,33.49,1.003,1.042
33,281,basic,67.223,46.186,72.036,49.416,0.822,0.83
33,282,basic,72.062,55.982,72.335,56.762,0.896,0.843
33,286,basic,177.77,109.521,183.631,110.658,1.865,1.984
33,287,basic,0.0,0.0,456.904,202.3,,0.958
33,287,gifted,190.0,173.919,0.0,0.0,,
33,288,basic,195.512,172.022,199.012,177.672,1.414,1.353
33,289,basic,152.186,134.085,181.296,158.598,1.38,1.436
33,291,basic,372.943,262.576,385.812,265.772,2.248,2.362
33,292,basic,565.845,326.617,619.908,356.874,1.497,1.554
33,930,basic,399.455,364.123,401.872,365.51,2.374,2.388
33,935,basic,438.15,311.718,457.957,330.844,1.854,1.777
33,939,basic,221.407,105.834,228.899,108.85,1.732,1.762
33,949,basic,382.979,321.771,494.108,415.336,1.609,1.654
33,955,basic,46.728,44.391,52.834,50.192,2.889,2.692
33,971,basic,0.0,0.0,561.336,250.37,,1.126
33,971,gifted,516.191,472.502,0.0,0.0,,
33,972,basic,261.74,197.018,264.491,198.219,1.839,1.858
33,974,basic,87.431,79.802,90.649,83.479,1.259,1.2
33,977,basic,241.216,186.895,199.682,151.945,1.318,1.424
34,103,basic,262.607,230.038,263.415,230.629,1.628,1.63
34,104,basic,143.513,56.913,156.127,63.667,2.299,2.184
34,105,basic,465.641,216.044,324.098,146.275,2.288,2.417
34,105,gifted,182.64,167.356,0.0,0.0,,
34,106,basic,469.255,282.779,349.331,214.203,1.759,1.666
34,106,gifted,117.93,108.061,0.0,0.0,,
34,107,basic,499.123,242.586,499.432,242.714,2.441,2.441
34,109,basic,145.709,95.017,148.064,96.867,2.102,2.088
34,110,basic,390.179,194.497,399.184,198.795,2.127,2.132
34,113,basic,379.437,225.243,256.67,151.099,2.363,2.396
34,113,gifted,132.374,121.296,0.0,0.0,,
34,115,basic,144.423,84.185,165.505,96.355,1.726,1.732
34,117,basic,265.493,157.154,228.885,138.116,2.309,2.22
34,117,gifted,89.849,82.33,0.0,0.0,,
34,118,basic,264.006,136.221,332.577,170.934,2.098,2.117
34,130,basic,652.94,372.928,669.405,381.807,1.692,1.697
34,201,basic,76.803,52.32,83.832,57.507,1.046,1.025
34,202,basic,174.784,90.628,177.421,91.036,1.667,1.713
34,203,basic,243.876,171.685,243.948,171.595,1.313,1.316
34,204,basic,184.512,130.125,113.373,69.897,1.503,2.158
34,208,basic,202.066,166.915,233.431,191.812,1.241,1.309
34,209,basic,145.237,50.767,128.243,44.758,0.775,0.78
34,210,basic,192.272,80.298,190.42,79.784,1.357,1.341
34,211,basic,77.195,50.092,83.13,53.852,1.095,1.105
34,212,gifted,205.984,188.746,0.0,0.0,,
34,215,basic,116.89,69.561,118.016,69.788,0.852,0.873
34,218,basic,159.912,101.349,169.786,107.638,0.771,0.77
34,220,basic,90.435,73.664,92.763,75.02,1.397,1.43
34,221,basic,162.854,109.989,167.693,111.084,0.951,1.018
34,222,basic,148.435,85.837,155.599,87.991,2.059,2.166
34,225,basic,87.71,44.169,88.654,44.626,1.259,1.261
34,226,basic,258.242,163.188,265.585,168.49,1.251,1.245
34,229,basic,248.272,207.894,255.324,210.595,1.149,1.211
34,230,basic,126.446,87.662,91.678,63.475,1.056,1.059
34,233,basic,281.377,177.36,287.392,181.077,0.841,0.843
34,234,basic,75.88,63.653,87.071,71.576,1.146,1.239
34,235,basic,79.869,50.543,81.088,50.735,1.171,1.213
34,236,basic,52.047,45.158,52.906,45.882,1.108,1.11
34,239,basic,274.034,159.491,275.945,160.573,1.739,1.74
34,241,basic,383.807,126.999,375.311,122.77,1.872,1.926
34,242,basic,161.876,113.001,167.633,117.108,1.233,1.23
34,243,basic,217.083,116.846,234.125,126.12,0.972,0.969
34,244,basic,35.348,32.904,35.736,33.532,1.118,1.058
34,245,basic,319.643,274.868,323.849,278.277,1.239,1.245
34,246,basic,227.626,119.106,243.613,127.04,1.173,1.186
34,247,basic,366.969,120.834,357.861,118.454,1.58,1.556
34,248,basic,149.142,97.843,151.285,99.491,0.892,0.881
34,249,basic,25.818,20.012,26.138,20.242,0.895,0.898
34,250,basic,85.173,65.675,89.623,69.073,0.964,0.967
34,251,basic,132.127,62.204,137.009,64.221,1.352,1.372
34,252,basic,239.106,168.971,245.38,172.839,1.394,1.409
34,255,basic,85.783,58.991,87.247,60.224,0.834,0.818
34,257,basic,117.573,102.514,115.199,100.378,1.06,1.064
34,259,basic,160.002,121.854,163.945,125.502,1.266,1.24
34,261,basic,165.908,151.388,170.736,155.784,1.061,1.058
34,262,basic,189.913,147.813,146.697,113.222,1.088,1.126
34,264,basic,77.278,34.362,78.676,34.988,0.919,0.919
34,266,basic,107.783,87.212,104.815,85.159,0.893,0.873
34,267,basic,122.059,108.499,124.419,110.586,1.032,1.032
34,268,basic,108.762,103.324,108.797,103.357,1.077,1.073
34,269,basic,109.19,102.107,99.99,93.517,1.046,1.011
34,270,basic,167.744,115.822,169.588,116.964,1.536,1.54
34,272,basic,42.357,39.881,41.948,39.629,1.034,0.986
34,275,basic,91.443,85.496,92.371,86.317,1.193,1.196
34,276,basic,147.049,70.785,92.13,44.297,1.124,1.128
34,277,basic,129.973,87.361,52.007,34.546,1.014,1.065
34,279,basic,109.496,48.294,80.554,35.203,0.999,1.038
34,281,basic,64.055,44.686,68.823,47.886,0.819,0.83
34,282,basic,75.699,59.503,75.876,60.357,0.882,0.829
34,286,basic,184.402,111.876,190.225,112.739,1.802,1.906
34,287,basic,0.0,0.0,450.626,201.309,,0.954
34,287,gifted,190.0,174.1,0.0,0.0,,
34,288,basic,193.46,167.874,196.713,173.722,1.384,1.323
34,289,basic,156.591,138.696,186.68,163.882,1.38,1.442
34,291,basic,378.848,258.767,391.922,261.232,2.218,2.329
34,292,basic,564.06,328.065,619.807,359.894,1.468,1.524
34,930,basic,399.368,355.836,401.782,357.104,2.371,2.383
34,935,basic,438.369,307.729,458.199,327.768,1.821,1.743
34,939,basic,217.551,103.865,225.054,106.775,1.7,1.732
34,949,basic,379.748,319.681,491.399,413.292,1.57,1.63
34,955,basic,46.687,44.353,53.441,50.769,2.822,2.623
34,971,basic,0.0,0.0,569.401,254.231,,1.139
34,971,gifted,516.867,473.612,0.0,0.0,,
34,972,basic,264.334,194.779,267.203,195.914,1.847,1.866
34,974,basic,85.266,77.602,88.548,81.344,1.21,1.159
34,977,basic,238.809,184.268,198.463,149.902,1.319,1.424
35,103,basic,272.246,244.04,273.119,244.677,1.637,1.64
35,104,basic,143.764,55.351,157.06,62.023,2.345,2.233
35,105,basic,468.519,213.005,326.826,144.723,2.296,2.433
35,105,gifted,182.271,167.073,0.0,0.0,,
35,106,basic,464.008,275.557,347.023,208.483,1.809,1.733
35,106,gifted,115.883,106.221,0.0,0.0,,
35,107,basic,507.01,243.113,507.352,243.247,2.5,2.5
35,109,basic,144.228,97.674,147.035,99.783,2.059,2.05
35,110,basic,383.556,196.199,392.29,200.479,2.055,2.06
35,113,basic,399.717,240.955,272.437,163.274,2.334,2.357
35,113,gifted,136.259,124.898,0.0,0.0,,
35,115,basic,147.896,84.682,169.363,96.89,1.723,1.728
35,117,basic,255.62,156.779,219.753,137.256,2.29,2.196
35,117,gifted,88.77,81.368,0.0,0.0,,
35,118,basic,265.916,135.154,333.911,169.312,2.135,2.147
35,130,basic,647.977,375.035,664.568,384.059,1.697,1.705
35,201,basic,75.222,51.204,80.818,55.449,0.96,0.929
35,202,basic,173.712,90.419,176.072,90.967,1.608,1.644
35,203,basic,264.79,184.794,264.959,184.786,1.333,1.337
35,204,basic,179.808,130.617,108.706,70.316,1.392,2.009
35,208,basic,204.402,171.187,235.868,196.845,1.249,1.312
35,209,basic,141.247,45.897,124.396,40.358,0.789,0.796
35,210,basic,192.959,78.15,191.128,77.646,1.391,1.374
35,211,basic,75.997,47.824,82.81,51.994,1.12,1.134
35,212,gifted,205.976,188.801,0.0,0.0,,
35,215,basic,116.884,69.371,118.146,69.553,0.878,0.908
35,218,basic,165.505,101.496,176.006,107.997,0.769,0.766
35,220,basic,93.686,76.987,96.006,78.377,1.447,1.481
35,221,basic,161.995,111.376,166.785,112.563,0.972,1.044
35,222,basic,139.181,82.646,145.169,84.746,1.994,2.085
35,225,basic,89.182,44.037,90.133,44.48,1.211,1.214
35,226,basic,261.66,166.779,268.727,172.645,1.365,1.34
35,229,basic,250.466,212.57,257.093,215.838,1.123,1.173
35,230,basic,116.661,79.682,84.78,57.93,1.01,1.005
35,233,basic,286.348,176.506,292.506,180.221,0.834,0.836
35,234,basic,77.057,64.791,89.344,73.536,1.181,1.29
35,235,basic,74.671,48.186,75.626,48.414,1.138,1.171
35,236,basic,50.279,44.392,51.005,45.018,1.155,1.156
35,239,basic,276.069,161.124,278.041,162.204,1.705,1.708
35,241,basic,382.63,122.744,373.225,118.898,1.856,1.891
35,242,basic,155.588,108.966,161.314,113.052,1.225,1.222
35,243,basic,206.388,106.647,222.624,115.131,0.976,0.973
35,244,basic,39.115,36.324,39.189,36.758,1.193,1.096
35,245,basic,322.564,285.381,326.759,289.154,1.26,1.262
35,246,basic,237.565,120.854,254.093,129.079,1.163,1.169
35,247,basic,364.492,115.277,354.975,112.9,1.552,1.523
35,248,basic,146.324,93.341,148.594,95.024,0.884,0.872
35,249,basic,25.022,19.267,25.453,19.552,0.969,0.979
35,250,basic,88.295,66.84,93.078,70.44,0.954,0.955
35,251,basic,136.001,62.872,141.091,64.969,1.43,1.45
35,252,basic,255.947,178.755,262.633,182.833,1.522,1.538
35,255,basic,88.065,58.404,89.62,59.618,0.862,0.847
35,257,basic,117.579,104.003,114.741,101.504,1.063,1.063
35,259,basic,160.73,120.133,165.631,124.251,1.315,1.295
35,261,basic,165.379,152.199,169.933,156.443,1.074,1.068
35,262,basic,184.231,144.482,142.016,110.676,1.073,1.104
35,264,basic,76.857,33.466,78.285,34.09,0.958,0.958
35,266,basic,105.578,86.552,102.578,84.448,0.894,0.872
35,267,basic,113.686,104.144,115.816,106.092,1.034,1.034
35,268,basic,106.872,101.528,106.597,101.267,1.073,1.07
35,269,basic,106.021,99.806,97.056,91.367,1.047,1.013
35,270,basic,160.852,111.491,162.702,112.634,1.488,1.494
35,272,basic,41.842,39.447,41.24,38.995,1.058,0.997
35,275,basic,96.014,90.471,96.965,91.33,1.172,1.176
35,276,basic,145.75,68.788,90.807,42.847,1.139,1.139
35,277,basic,131.752,86.073,52.64,34.025,1.006,1.058
35,279,basic,103.102,43.423,76.27,31.878,0.991,1.027
35,281,basic,63.967,43.232,68.169,46.032,0.817,0.821
35,282,basic,74.818,57.208,75.133,58.07,0.892,0.839
35,286,basic,179.866,109.207,185.784,110.209,2.026,2.147
35,287,basic,0.0,0.0,455.412,192.119,,0.96
35,287,gifted,190.0,174.158,0.0,0.0,,
35,288,basic,186.002,160.617,188.594,166.239,1.464,1.381
35,289,basic,155.639,136.13,185.423,160.915,1.413,1.474
35,291,basic,372.892,260.407,386.255,263.254,2.292,2.414
35,292,basic,565.465,321.156,619.719,351.997,1.505,1.557
35,930,basic,399.287,361.564,401.724,362.675,2.407,2.425
35,935,basic,436.867,309.114,456.139,329.274,1.814,1.721
35,939,basic,221.237,105.615,228.882,108.598,1.707,1.741
35,949,basic,377.525,318.114,488.734,412.517,1.594,1.642
35,955,basic,44.603,42.373,50.65,48.118,2.889,2.704
35,971,basic,0.0,0.0,560.824,240.35,,1.121
35,971,gifted,516.006,472.981,0.0,0.0,,
35,972,basic,266.924,198.372,269.695,199.444,1.867,1.887
35,974,basic,87.25,79.737,91.111,83.911,1.23,1.187
35,977,basic,242.317,186.396,199.479,150.584,1.315,1.417
36,103,basic,260.978,233.388,261.777,233.992,1.651,1.653
36,104,basic,131.407,47.609,142.641,53.665,2.496,2.333
36,105,basic,424.099,191.4,295.305,129.779,2.251,2.376
36,105,gifted,176.006,161.898,0.0,0.0,,
36,106,basic,451.664,267.117,333.262,200.026,1.788,1.703
36,106,gifted,115.72,106.444,0.0,0.0,,
36,107,basic,527.673,248.565,528.088,248.729,2.478,2.479
36,109,basic,155.006,101.636,157.435,103.476,2.131,2.121
36,110,basic,390.75,193.262,399.757,197.574,2.089,2.093
36,113,basic,399.742,238.354,270.146,160.124,2.341,2.362
36,113,gifted,136.606,125.656,0.0,0.0,,
36,115,basic,157.823,89.925,180.329,102.7,1.721,1.723
36,117,basic,264.071,158.289,227.729,139.08,2.287,2.199
36,117,gifted,90.116,82.893,0.0,0.0,,
36,118,basic,267.819,134.375,338.67,169.108,2.118,2.141
36,130,basic,672.325,381.664,689.183,390.728,1.67,1.676
36,201,basic,78.74,53.359,85.837,58.539,1.051,1.031
36,202,basic,167.843,88.136,170.174,88.627,1.539,1.574
36,203,basic,257.501,183.553,257.654,183.537,1.293,1.296
36,204,basic,169.371,123.773,106.312,67.986,1.406,2.06
36,208,basic,203.831,172.781,235.541,198.56,1.233,1.298
36,209,basic,152.359,48.874,134.761,43.165,0.764,0.77
36,210,basic,191.237,76.283,189.368,75.803,1.369,1.351
36,211,basic,72.913,46.762,78.182,50.08,1.094,1.102
36,212,gifted,205.585,189.106,0.0,0.0,,
36,215,basic,115.861,68.592,116.806,68.866,0.84,0.854
36,218,basic,156.986,97.679,167.261,104.129,0.756,0.754
36,220,basic,85.423,71.533,87.658,72.881,1.349,1.384
36,221,basic,159.083,108.798,163.693,109.96,0.963,1.026
36,222,basic,133.095,84.656,139.42,86.622,1.69,1.795
36,225,basic,76.834,38.214,77.61,38.584,1.168,1.17
36,226,basic,252.089,163.479,259.041,168.916,1.211,1.197
36,229,basic,254.256,218.629,261.145,221.409,1.143,1.202
36,230,basic,101.946,71.074,74.365,51.79,1.004,1.005
36,233,basic,285.652,176.973,291.731,180.675,0.845,0.847
36,234,basic,80.887,69.204,92.208,77.525,1.161,1.245
36,235,basic,81.049,51.967,82.13,52.202,1.141,1.174
36,236,basic,49.347,43.919,50.039,44.521,1.075,1.076
36,239,basic,265.83,156.664,267.751,157.727,1.662,1.664
36,241,basic,385.254,119.667,376.257,115.846,1.88,1.922
36,242,basic,156.055,110.119,161.275,113.892,1.218,1.215
36,243,basic,222.003,115.291,239.66,124.572,0.976,0.972
36,244,basic,34.227,31.985,34.614,32.571,1.079,1.013
36,245,basic,318.462,282.943,322.738,286.664,1.226,1.231
36,246,basic,233.356,118.138,249.847,125.985,1.182,1.198
36,247,basic,371.984,114.162,362.189,111.757,1.578,1.553
36,248,basic,148.533,95.864,150.732,97.507,0.892,0.881
36,249,basic,26.073,20.66,26.342,20.875,0.869,0.868
36,250,basic,85.713,66.592,89.863,69.808,0.944,0.945
36,251,basic,132.441,60.421,137.339,62.391,1.391,1.41
36,252,basic,238.447,170.546,244.813,174.55,1.429,1.444
36,255,basic,89.751,60.985,91.549,62.398,0.832,0.818
36,257,basic,127.512,114.139,124.561,111.508,1.071,1.072
36,259,basic,162.668,123.857,167.804,128.153,1.32,1.305
36,261,basic,171.196,157.777,176.091,162.259,1.076,1.072
36,262,basic,189.032,149.946,145.069,114.294,1.08,1.111
36,264,basic,82.058,34.98,83.543,35.616,0.932,0.932
36,266,basic,108.781,89.681,105.757,87.528,0.914,0.894
36,267,basic,112.306,103.198,114.394,105.114,1.032,1.032
36,268,basic,106.35,101.033,106.117,100.811,1.068,1.064
36,269,basic,105.502,99.315,96.424,90.775,1.052,1.018
36,270,basic,144.644,104.073,146.35,105.173,1.396,1.401
36,272,basic,42.089,39.674,41.82,39.522,1.06,1.01
36,275,basic,98.03,92.353,99.002,93.227,1.198,1.202
36,276,basic,143.949,66.999,90.011,41.842,1.135,1.138
36,277,basic,127.435,84.702,51.162,33.63,1.013,1.062
36,279,basic,105.24,43.974,77.321,32.035,0.994,1.031
36,281,basic,65.92,45.443,70.512,48.521,0.816,0.824
36,282,basic,73.591,58.064,73.699,58.822,0.872,0.82
36,286,basic,179.694,113.594,185.419,114.512,1.755,1.86
36,287,basic,0.0,0.0,454.809,191.614,,0.958
36,287,gifted,190.0,174.77,0.0,0.0,,
36,288,basic,190.443,168.905,193.954,174.447,1.386,1.336
36,289,basic,155.294,138.688,185.423,163.956,1.395,1.465
36,291,basic,378.336,267.915,391.493,270.347,2.213,2.329
36,292,basic,564.486,321.451,620.466,352.491,1.491,1.549
36,930,basic,398.848,366.337,401.263,367.959,2.317,2.326
36,935,basic,437.855,311.982,457.745,331.63,1.821,1.75
36,939,basic,218.19,102.181,225.645,105.065,1.689,1.719
36,949,basic,381.955,328.087,493.859,423.827,1.539,1.597
36,955,basic,45.937,43.64,52.232,49.621,2.792,2.599
36,971,basic,0.0,0.0,566.364,241.211,,1.123
36,971,gifted,516.102,474.732,0.0,0.0,,
36,972,basic,260.303,199.271,262.69,200.392,1.78,1.793
36,974,basic,88.345,81.04,91.654,84.835,1.24,1.184
36,977,basic,240.158,188.339,199.054,152.921,1.312,1.416
37,103,basic,256.062,232.011,256.87,232.61,1.664,1.667
37,104,basic,130.047,53.93,141.429,59.969,2.267,2.147
37,105,basic,435.187,211.767,307.43,146.529,2.337,2.48
37,105,gifted,176.322,162.12,0.0,0.0,,
37,106,basic,469.507,290.167,347.591,217.499,1.77,1.672
37,106,gifted,118.302,108.773,0.0,0.0,,
37,107,basic,498.525,255.173,498.724,255.267,2.504,2.505
37,109,basic,150.371,102.934,152.759,104.801,2.127,2.114
37,110,basic,390.252,201.773,399.653,206.465,2.141,2.146
37,113,basic,395.554,251.163,269.282,170.036,2.371,2.398
37,113,gifted,135.746,124.813,0.0,0.0,,
37,115,basic,144.177,85.792,164.859,98.071,1.725,1.727
37,117,basic,253.716,158.381,218.06,138.164,2.348,2.247
37,117,gifted,89.349,82.152,0.0,0.0,,
37,118,basic,266.067,141.787,338.561,179.661,2.16,2.189
37,130,basic,671.249,384.622,688.001,393.802,1.742,1.749
37,201,basic,74.286,49.441,80.709,54.037,1.047,1.014
37,202,basic,168.593,88.745,170.876,89.414,1.621,1.659
37,203,basic,248.663,174.593,248.828,174.617,1.291,1.294
37,204,basic,168.236,120.845,107.751,69.805,1.446,2.172
37,208,basic,209.235,172.184,240.797,198.362,1.276,1.346
37,209,basic,144.67,45.516,129.188,40.543,0.789,0.805
37,210,basic,192.58,76.369,190.942,75.792,1.435,1.426
37,211,basic,82.352,51.692,89.398,56.01,1.111,1.126
37,212,gifted,206.086,189.486,0.0,0.0,,
37,215,basic,122.702,67.538,123.922,67.765,0.891,0.922
37,218,basic,160.195,95.489,170.484,101.656,0.774,0.772
37,220,basic,89.363,73.774,91.519,75.245,1.508,1.538
37,221,basic,162.731,103.637,167.484,104.995,1.051,1.135
37,222,basic,138.218,86.11,144.205,88.575,1.909,2.009
37,225,basic,81.756,40.046,82.631,40.457,1.231,1.234
37,226,basic,262.106,157.057,268.962,162.537,1.428,1.387
37,229,basic,243.955,201.217,251.09,204.485,1.17,1.25
37,230,basic,102.281,69.486,74.326,50.493,1.027,1.025
37,233,basic,278.945,166.457,284.885,169.965,0.821,0.822
37,234,basic,80.718,66.076,94.038,75.662,1.248,1.366
37,235,basic,80.436,49.316,81.506,49.617,1.183,1.224
37,236,basic,48.652,43.156,49.31,43.725,1.088,1.09
37,239,basic,273.781,161.212,275.779,162.336,1.755,1.757
37,241,basic,383.857,123.934,375.702,119.911,1.969,2.049
37,242,basic,155.032,105.959,159.799,109.293,1.228,1.224
37,243,basic,218.131,111.012,235.489,119.901,0.989,0.986
37,244,basic,35.855,33.549,36.006,33.938,1.186,1.073
37,245,basic,320.671,274.265,325.038,277.895,1.241,1.246
37,246,basic,230.281,116.873,245.419,124.469,1.135,1.138
37,247,basic,368.0,116.341,358.943,113.823,1.628,1.607
37,248,basic,142.769,89.074,144.759,90.473,0.893,0.881
37,249,basic,32.303,23.911,32.721,24.206,0.903,0.906
37,250,basic,87.699,65.648,92.394,69.11,0.966,0.971
37,251,basic,138.11,62.315,143.177,64.407,1.415,1.436
37,252,basic,243.312,170.869,249.751,174.997,1.463,1.478
37,255,basic,84.485,55.052,85.96,56.163,0.873,0.855
37,257,basic,117.175,101.368,114.199,98.8,1.059,1.059
37,259,basic,161.45,122.27,165.898,126.125,1.289,1.262
37,261,basic,176.565,162.342,182.061,167.315,1.103,1.102
37,262,basic,183.389,139.694,140.878,106.784,1.068,1.101
37,264,basic,84.359,34.307,85.92,34.944,0.959,0.958
37,266,basic,107.806,83.716,104.996,81.713,0.907,0.89
37,267,basic,114.212,98.785,116.341,100.622,1.025,1.025
37,268,basic,110.335,104.819,110.174,104.666,1.068,1.064
37,269,basic,104.551,98.543,95.674,90.162,1.06,1.03
37,270,basic,155.244,109.438,157.098,110.619,1.535,1.542
37,272,basic,39.959,37.783,39.537,37.436,1.091,1.031
37,275,basic,91.985,86.956,92.908,87.799,1.193,1.197
37,276,basic,155.157,70.428,96.838,43.905,1.144,1.149
37,277,basic,131.043,84.993,52.989,34.049,1.03,1.092
37,279,basic,108.949,44.8,81.168,33.106,1.026,1.078
37,281,basic,65.078,43.296,69.658,46.275,0.812,0.822
37,282,basic,72.838,55.871,73.453,56.781,0.837,0.786
37,286,basic,174.685,105.271,180.106,106.902,2.009,2.115
37,287,basic,0.0,0.0,464.317,193.558,,0.976
37,287,gifted,190.0,174.696,0.0,0.0,,
37,288,basic,188.347,167.282,191.488,172.45,1.412,1.34
37,289,basic,158.514,144.52,189.655,171.756,1.422,1.501
37,291,basic,377.282,267.244,390.692,270.685,2.447,2.593
37,292,basic,564.087,325.788,617.652,357.795,1.505,1.571
37,930,basic,399.129,372.048,401.555,373.684,2.4,2.415
37,935,basic,438.351,319.259,458.04,338.731,1.927,1.842
37,939,basic,216.637,102.668,224.027,105.723,1.757,1.79
37,949,basic,378.57,329.205,490.511,428.653,1.624,1.675
37,955,basic,45.034,42.783,51.752,49.164,2.785,2.593
37,971,basic,0.0,0.0,552.835,235.129,,1.111
37,971,gifted,514.934,473.459,0.0,0.0,,
37,972,basic,262.389,203.875,264.954,205.138,1.845,1.863
37,974,basic,86.863,80.415,90.852,84.653,1.25,1.204
37,977,basic,248.831,190.477,204.137,153.97,1.371,1.477
38,103,basic,266.42,231.847,267.272,232.457,1.626,1.628
38,104,basic,128.291,52.193,142.645,59.458,2.299,2.204
38,105,basic,456.411,212.635,315.163,142.566,2.27,2.387
38,105,gifted,181.731,166.399,0.0,0.0,,
38,106,basic,453.654,283.609,337.4,215.617,1.688,1.592
38,106,gifted,116.758,106.907,0.0,0.0,,
38,107,basic,506.496,245.031,506.842,245.168,2.434,2.435
38,109,basic,154.838,101.033,157.128,103.002,2.11,2.093
38,110,basic,398.728,205.547,408.06,210.098,2.123,2.128
38,113,basic,392.398,232.727,262.145,154.275,2.322,2.353
38,113,gifted,136.27,124.773,0.0,0.0,,
38,115,basic,145.849,86.345,166.521,98.519,1.713,1.716
38,117,basic,259.596,155.1,224.076,136.658,2.304,2.221
38,117,gifted,90.129,82.525,0.0,0.0,,
38,118,basic,265.393,139.471,334.305,174.88,2.056,2.075
38,130,basic,666.714,395.425,683.39,404.738,1.712,1.717
38,201,basic,80.813,55.674,87.531,60.74,0.948,0.93
38,202,basic,169.383,86.22,172.155,86.519,1.632,1.679
38,203,basic,259.298,179.345,259.326,179.195,1.278,1.281
38,204,basic,187.531,131.856,113.131,68.152,1.363,1.996
38,208,basic,204.394,168.402,235.986,193.183,1.231,1.301
38,209,basic,144.068,53.966,127.184,47.551,0.767,0.773
38,210,basic,192.541,81.983,190.773,81.449,1.401,1.388
38,211,basic,81.883,52.438,88.381,56.483,1.1,1.11
38,212,gifted,205.859,188.491,0.0,0.0,,
38,215,basic,113.386,70.308,114.565,70.526,0.853,0.874
38,218,basic,149.747,96.678,158.201,102.214,0.753,0.75
38,220,basic,91.871,74.599,94.164,75.842,1.297,1.326
38,221,basic,164.915,115.069,169.96,116.082,0.944,1.007
38,222,basic,151.016,82.624,158.999,84.466,2.079,2.199
38,225,basic,89.616,45.185,90.581,45.657,1.265,1.266
38,226,basic,262.039,171.688,269.044,176.992,1.213,1.208
38,229,basic,254.73,209.454,261.707,211.906,1.125,1.178
38,230,basic,106.806,73.533,76.863,52.904,1.01,1.007
38,233,basic,279.113,179.504,285.06,183.265,0.825,0.827
38,234,basic,73.382,59.965,84.005,67.039,1.133,1.224
38,235,basic,86.702,54.853,88.131,54.968,1.204,1.249
38,236,basic,51.609,44.245,52.546,45.025,1.096,1.097
38,239,basic,276.084,156.582,278.026,157.67,1.699,1.699
38,241,basic,385.24,130.578,376.18,126.276,1.808,1.847
38,242,basic,156.042,107.906,161.447,111.731,1.217,1.215
38,243,basic,217.222,119.1,234.33,128.604,0.959,0.956
38,244,basic,37.075,34.413,37.457,35.056,1.059,1.014
38,245,basic,316.132,270.463,320.151,273.737,1.215,1.219
38,246,basic,231.507,121.443,248.052,129.591,1.174,1.187
38,247,basic,370.56,126.547,361.556,124.262,1.529,1.504
38,248,basic,144.717,95.141,146.72,96.721,0.881,0.871
38,249,basic,32.722,25.92,33.117,26.211,0.835,0.837
38,250,basic,84.204,63.671,89.041,67.31,0.961,0.963
38,251,basic,126.59,62.469,131.213,64.441,1.282,1.3
38,252,basic,247.608,173.306,254.021,177.237,1.371,1.383
38,255,basic,87.328,60.063,88.951,61.404,0.82,0.807
38,257,basic,120.451,103.714,117.548,101.2,1.05,1.051
38,259,basic,157.505,116.653,161.058,120.197,1.224,1.193
38,261,basic,186.207,166.312,192.344,171.688,1.097,1.097
38,262,basic,184.221,143.168,142.213,109.526,1.047,1.081
38,264,basic,84.52,40.091,86.08,40.832,0.931,0.931
38,266,basic,105.351,86.13,102.326,84.063,0.886,0.865
38,267,basic,121.309,107.372,123.737,109.507,1.029,1.03
38,268,basic,111.096,105.541,111.336,105.769,1.064,1.061
38,269,basic,106.055,98.418,97.108,90.189,1.025,0.991
38,270,basic,161.873,106.839,163.683,107.928,1.512,1.515
38,272,basic,41.321,38.702,40.983,38.566,1.018,0.979
38,275,basic,88.04,81.717,88.904,82.459,1.14,1.143
38,276,basic,152.849,76.521,95.537,47.76,1.12,1.124
38,277,basic,135.115,90.047,53.744,35.406,1.001,1.043
38,279,basic,103.478,47.383,76.237,34.542,0.984,1.021
38,281,basic,63.796,44.357,68.226,47.344,0.814,0.82
38,282,basic,78.0,59.995,78.208,60.998,0.878,0.827
38,286,basic,177.563,111.586,183.379,112.233,1.628,1.725
38,287,basic,0.0,0.0,455.925,210.05,,0.953
38,287,gifted,190.0,173.97,0.0,0.0,,
38,288,basic,178.767,153.593,181.846,158.263,1.293,1.254
38,289,basic,156.658,136.431,186.76,160.989,1.329,1.389
38,291,basic,375.933,252.594,388.628,254.838,2.164,2.263
38,292,basic,563.649,330.179,617.623,361.851,1.446,1.498
38,930,basic,399.49,335.859,401.901,336.932,2.328,2.34
38,935,basic,438.125,300.004,458.095,319.79,1.764,1.697
38,939,basic,216.814,105.824,224.19,108.74,1.666,1.694
38,949,basic,374.131,307.65,482.532,396.695,1.501,1.555
38,955,basic,44.713,42.477,50.939,48.392,2.762,2.559
38,971,basic,0.0,0.0,561.547,257.864,,1.117
38,971,gifted,515.968,472.436,0.0,0.0,,
38,972,basic,262.486,186.305,265.542,187.378,1.854,1.873
38,974,basic,86.63,76.861,89.463,80.294,1.198,1.148
38,977,basic,240.413,180.026,198.136,144.869,1.279,1.379
39,103,basic,279.991,254.72,280.774,255.353,1.636,1.637
39,104,basic,152.108,54.111,162.816,60.48,2.587,2.394
39,105,basic,426.855,192.758,299.512,131.408,2.226,2.365
39,105,gifted,176.655,162.702,0.0,0.0,,
39,106,basic,474.08,281.607,353.81,212.718,1.819,1.745
39,106,gifted,117.618,108.328,0.0,0.0,,
39,107,basic,525.333,248.729,525.727,248.89,2.492,2.493
39,109,basic,145.8,98.532,148.128,100.344,2.126,2.115
39,110,basic,398.473,202.094,407.941,206.684,2.085,2.09
39,113,basic,391.227,234.783,267.833,158.973,2.357,2.402
39,113,gifted,132.844,122.351,0.0,0.0,,
39,115,basic,137.742,78.641,157.86,90.049,1.72,1.724
39,117,basic,258.399,159.354,222.468,139.861,2.307,2.214
39,117,gifted,89.458,82.392,0.0,0.0,,
39,118,basic,260.397,131.248,329.807,165.44,2.131,2.154
39,130,basic,653.494,382.16,669.993,391.21,1.68,1.687
39,201,basic,77.083,52.257,83.932,57.228,0.952,0.934
39,202,basic,164.496,84.594,167.0,85.074,1.542,1.584
39,203,basic,252.226,177.12,252.342,177.052,1.281,1.285
39,204,basic,182.394,131.006,113.261,70.586,1.438,2.148
39,208,basic,205.93,175.809,237.604,201.955,1.233,1.3
39,209,basic,146.436,45.494,130.8,40.544,0.773,0.782
39,210,basic,192.794,75.216,191.056,74.688,1.41,1.398
39,211,basic,70.255,43.598,76.884,47.606,1.13,1.143
39,212,gifted,206.051,189.777,0.0,0.0,,
39,215,basic,122.998,72.67,124.336,72.84,0.896,0.924
39,218,basic,160.49,97.316,170.419,103.376,0.772,0.771
39,220,basic,93.08,76.057,95.579,77.56,1.494,1.53
39,221,basic,158.501,110.107,163.39,111.246,0.961,1.034
39,222,basic,139.684,83.374,146.621,85.506,1.908,2.021
39,225,basic,85.136,41.009,86.089,41.447,1.211,1.213
39,226,basic,253.226,166.487,260.47,172.124,1.256,1.245
39,229,basic,248.247,211.711,255.463,214.24,1.148,1.22
39,230,basic,119.053,79.965,85.801,57.642,1.052,1.047
39,233,basic,283.04,173.102,289.146,176.751,0.832,0.834
39,234,basic,75.962,63.915,88.348,72.659,1.212,1.323
39,235,basic,78.437,50.045,79.702,50.255,1.179,1.225
39,236,basic,50.719,45.373,51.572,46.107,1.085,1.088
39,239,basic,273.092,157.99,275.043,159.072,1.665,1.666
39,241,basic,384.591,116.536,376.439,112.352,1.875,1.949
39,242,basic,154.563,108.611,159.097,111.883,1.209,1.207
39,243,basic,213.524,107.611,230.508,116.251,0.988,0.986
39,244,basic,34.733,32.397,35.098,32.994,1.135,1.059
39,245,basic,320.384,288.075,324.551,291.717,1.226,1.232
39,246,basic,226.93,112.948,242.917,120.511,1.15,1.163
39,247,basic,366.75,109.72,357.845,107.457,1.561,1.543
39,248,basic,146.235,92.538,148.398,94.128,0.879,0.868
39,249,basic,30.467,24.27,30.858,24.565,0.869,0.871
39,250,basic,82.542,62.418,87.062,65.788,0.956,0.96
39,251,basic,130.812,59.498,135.677,61.444,1.401,1.422
39,252,basic,242.712,172.511,249.103,176.489,1.43,1.445
39,255,basic,86.209,57.048,87.593,58.166,0.834,0.819
39,257,basic,118.867,106.13,116.195,103.712,1.073,1.076
39,259,basic,167.893,124.812,172.935,129.124,1.326,1.304
39,261,basic,175.622,161.368,181.373,166.483,1.121,1.122
39,262,basic,190.23,150.836,146.108,114.982,1.055,1.09
39,264,basic,78.528,33.651,79.973,34.272,0.938,0.938
39,266,basic,104.185,86.332,101.196,84.155,0.912,0.893
39,267,basic,117.564,109.323,119.834,111.429,1.029,1.03
39,268,basic,110.083,104.579,110.011,104.511,1.064,1.06
39,269,basic,104.635,98.576,95.546,90.006,1.061,1.027
39,270,basic,153.298,106.479,155.121,107.595,1.433,1.439
39,272,basic,41.183,38.887,40.828,38.636,1.044,0.997
39,275,basic,93.58,88.398,94.48,89.21,1.157,1.16
39,276,basic,157.36,73.182,98.1,45.56,1.109,1.114
39,277,basic,131.145,84.593,52.45,33.441,1.018,1.07
39,279,basic,107.639,43.745,79.671,32.061,0.998,1.041
39,281,basic,72.207,48.569,77.518,52.024,0.806,0.816
39,282,basic,75.314,57.806,75.516,58.648,0.867,0.814
39,286,basic,179.188,113.92,185.065,114.917,1.824,1.934
39,287,basic,0.0,0.0,465.385,188.989,,0.971
39,287,gifted,190.0,174.993,0.0,0.0,,
39,288,basic,193.027,171.322,196.294,176.84,1.344,1.289
39,289,basic,157.649,140.21,188.355,165.996,1.389,1.454
39,291,basic,374.343,265.449,387.7,268.188,2.262,2.379
39,292,basic,564.766,315.905,619.985,346.503,1.527,1.588
39,930,basic,399.41,362.857,401.831,364.152,2.366,2.38
39,935,basic,437.512,310.148,457.28,330.116,1.8,1.724
39,939,basic,223.213,103.794,230.869,106.635,1.74,1.775
39,949,basic,376.098,319.283,487.809,414.417,1.58,1.637
39,955,basic,45.297,43.033,52.432,49.811,2.804,2.601
39,971,basic,0.0,0.0,557.011,230.661,,1.122
39,971,gifted,515.686,474.956,0.0,0.0,,
39,972,basic,262.725,197.023,265.689,198.219,1.836,1.855
39,974,basic,87.742,80.29,91.237,84.224,1.237,1.188
39,977,basic,248.542,190.868,203.181,152.939,1.323,1.425
40,103,basic,268.386,237.05,269.186,237.651,1.67,1.671
40,104,basic,130.93,60.564,143.333,68.384,2.371,2.239
40,105,basic,426.952,228.315,301.296,156.686,2.231,2.371
40,105,gifted,177.63,163.23,0.0,0.0,,
40,106,basic,463.408,311.335,345.183,235.667,1.715,1.623
40,106,gifted,116.744,107.28,0.0,0.0,,
40,107,basic,512.246,279.859,512.539,280.0,2.454,2.454
40,109,basic,147.878,101.781,149.606,103.331,2.205,2.189
40,110,basic,404.561,233.998,414.111,239.299,2.135,2.14
40,113,basic,398.288,256.723,271.463,173.639,2.338,2.368
40,113,gifted,135.485,124.501,0.0,0.0,,
40,115,basic,144.758,93.091,165.424,106.341,1.728,1.73
40,117,basic,265.832,172.743,229.172,151.666,2.343,2.251
40,117,gifted,90.565,83.223,0.0,0.0,,
40,118,basic,262.647,153.819,334.403,194.519,2.062,2.097
40,130,basic,667.846,433.578,684.366,443.833,1.714,1.719
40,201,basic,75.87,49.388,83.145,54.385,1.01,0.995
40,202,basic,169.223,86.349,171.989,86.811,1.698,1.75
40,203,basic,251.68,165.217,251.734,165.098,1.326,1.33
40,204,basic,176.554,117.624,109.373,63.61,1.416,2.122
40,208,basic,201.749,160.221,232.888,185.857,1.262,1.327
40,209,basic,154.565,61.334,135.959,53.899,0.768,0.772
40,210,basic,193.361,85.987,191.545,85.446,1.41,1.393
40,211,basic,76.022,47.089,82.358,50.894,1.103,1.117
40,212,gifted,205.618,188.949,0.0,0.0,,
40,215,basic,119.637,69.985,121.115,70.122,0.982,1.019
40,218,basic,158.947,98.898,168.818,105.102,0.753,0.751
40,220,basic,93.057,69.307,95.347,70.578,1.434,1.464
40,221,basic,165.966,109.847,170.919,110.988,0.99,1.062
40,222,basic,151.961,80.153,159.431,82.364,2.237,2.351
40,225,basic,84.734,43.685,85.721,44.173,1.221,1.223
40,226,basic,255.694,160.098,262.962,165.593,1.291,1.277
40,229,basic,252.74,192.829,260.006,195.626,1.133,1.195
40,230,basic,113.795,74.673,82.366,54.044,1.022,1.019
40,233,basic,274.822,170.629,280.71,174.22,0.829,0.83
40,234,basic,75.812,57.111,87.745,64.64,1.187,1.298
40,235,basic,84.448,51.706,85.865,51.897,1.238,1.291
40,236,basic,49.134,41.78,50.041,42.521,0.992,0.995
40,239,basic,274.495,154.467,276.395,155.519,1.717,1.717
40,241,basic,384.057,140.143,375.426,135.313,1.872,1.934
40,242,basic,156.341,103.84,161.571,107.427,1.206,1.201
40,243,basic,221.199,119.994,238.619,129.527,0.981,0.979
40,244,basic,35.047,32.149,35.226,32.709,1.113,1.047
40,245,basic,315.722,252.231,319.847,255.314,1.228,1.234
40,246,basic,222.605,117.978,238.018,125.71,1.146,1.16
40,247,basic,367.778,135.583,357.955,132.643,1.559,1.533
40,248,basic,150.242,94.815,152.386,96.395,0.888,0.876
40,249,basic,28.041,20.457,28.367,20.679,0.896,0.899
40,250,basic,86.632,61.328,91.616,64.831,0.976,0.978
40,251,basic,131.599,65.134,136.593,67.314,1.371,1.392
40,252,basic,233.612,155.277,239.91,158.956,1.42,1.436
40,255,basic,88.238,57.519,89.732,58.694,0.85,0.834
40,257,basic,123.143,98.136,120.098,95.738,1.075,1.074
40,259,basic,156.176,108.451,160.01,111.71,1.267,1.239
40,261,basic,180.27,155.729,185.874,160.653,1.063,1.059
40,262,basic,186.94,136.004,144.101,104.128,1.057,1.09
40,264,basic,76.364,37.445,77.786,38.144,0.883,0.883
40,266,basic,105.307,79.749,102.169,77.696,0.908,0.885
40,267,basic,118.838,97.168,121.258,99.132,1.024,1.024
40,268,basic,114.563,108.835,114.709,108.974,1.048,1.043
40,269,basic,107.063,97.463,97.979,89.433,1.019,0.988
40,270,basic,158.107,101.82,159.884,102.851,1.474,1.479
40,272,basic,43.621,40.686,43.221,40.545,0.995,0.952
40,275,basic,94.442,85.652,95.389,86.455,1.168,1.171
40,276,basic,151.03,76.386,94.206,47.601,1.141,1.144
40,277,basic,120.183,76.811,48.34,30.565,1.006,1.056
40,279,basic,100.292,46.986,73.784,34.287,0.998,1.035
40,281,basic,69.824,45.978,75.44,49.492,0.833,0.851
40,282,basic,81.974,58.828,81.914,59.446,0.891,0.837
40,286,basic,176.905,101.713,182.708,102.773,1.938,2.047
40,287,basic,0.0,0.0,449.729,211.916,,0.957
40,287,gifted,190.0,174.597,0.0,0.0,,
40,288,basic,198.493,160.034,201.799,165.393,1.33,1.27
40,289,basic,159.46,137.315,190.407,162.699,1.359,1.434
40,291,basic,378.257,246.325,391.715,248.71,2.355,2.481
40,292,basic,559.697,335.459,613.292,370.792,1.482,1.54
40,930,basic,399.21,330.786,401.634,331.588,2.306,2.322
40,935,basic,437.018,296.962,456.623,316.476,1.853,1.776
40,939,basic,219.569,111.357,227.07,114.56,1.765,1.796
40,949,basic,375.305,302.109,486.434,394.599,1.557,1.616
40,955,basic,45.548,43.271,52.628,49.996,2.742,2.54
40,971,basic,0.0,0.0,558.001,263.3,,1.112
40,971,gifted,515.514,473.721,0.0,0.0,,
40,972,basic,258.991,184.025,262.232,185.141,1.874,1.898
40,974,basic,85.67,73.219,89.017,76.865,1.173,1.129
40,977,basic,236.405,166.119,197.178,135.96,1.31,1.41
41,103,basic,263.546,232.304,264.435,232.918,1.648,1.651
41,104,basic,125.309,52.488,137.506,58.815,2.171,2.087
41,105,basic,449.761,209.577,309.756,139.808,2.182,2.287
41,105,gifted,183.123,167.997,0.0,0.0,,
41,106,basic,452.065,286.181,333.025,216.106,1.728,1.638
41,106,gifted,115.662,106.108,0.0,0.0,,
41,107,basic,524.672,247.064,525.082,247.204,2.447,2.448
41,109,basic,153.738,105.225,156.393,107.42,2.025,2.014
41,110,basic,401.076,214.206,410.337,218.778,2.051,2.057
41,113,basic,384.626,229.335,257.825,153.223,2.289,2.307
41,113,gifted,133.505,122.477,0.0,0.0,,
41,115,basic,143.548,85.776,164.235,98.043,1.721,1.724
41,117,basic,255.463,156.656,221.679,138.583,2.256,2.19
41,117,gifted,89.461,82.072,0.0,0.0,,
41,118,basic,259.716,137.104,324.755,170.904,2.03,2.041
41,130,basic,646.363,403.618,662.914,412.98,1.663,1.67
41,201,basic,78.339,53.745,85.576,59.014,0.931,0.925
41,202,basic,167.357,85.219,169.922,85.471,1.463,1.499
41,203,basic,273.267,181.336,273.407,181.203,1.338,1.341
41,204,basic,180.724,125.81,111.902,64.008,1.303,1.953
41,208,basic,209.187,176.557,241.73,202.459,1.207,1.276
41,209,basic,157.343,58.288,138.358,51.138,0.769,0.775
41,210,basic,191.111,80.591,189.342,80.185,1.328,1.313
41,211,basic,74.81,47.132,81.303,51.026,1.091,1.104
41,212,gifted,205.969,188.955,0.0,0.0,,
41,215,basic,120.168,77.201,121.368,77.407,0.839,0.859
41,218,basic,154.858,100.641,164.086,106.717,0.752,0.75
41,220,basic,94.341,73.96,96.774,75.136,1.348,1.375
41,221,basic,165.395,122.547,170.128,123.551,0.879,0.929
41,222,basic,141.198,81.107,148.456,82.519,1.74,1.836
41,225,basic,83.847,42.167,84.787,42.615,1.164,1.166
41,226,basic,255.132,172.535,262.238,178.108,1.162,1.158
41,229,basic,249.596,204.957,256.898,206.773,1.122,1.177
41,230,basic,115.561,79.463,84.052,57.785,0.963,0.96
41,233,basic,280.856,183.424,286.845,187.259,0.799,0.8
41,234,basic,77.88,63.331,89.617,70.753,1.119,1.21
41,235,basic,84.302,55.257,85.575,55.359,1.103,1.137
41,236,basic,50.767,43.748,51.626,44.462,1.033,1.034
41,239,basic,267.428,147.083,269.352,148.089,1.628,1.63
41,241,basic,384.378,122.585,375.818,118.062,1.762,1.811
41,242,basic,157.715,108.113,163.27,112.057,1.213,1.21
41,243,basic,214.936,116.228,231.949,125.54,0.961,0.959
41,244,basic,36.547,33.611,36.876,34.317,1.072,1.02
41,245,basic,323.828,277.176,328.166,280.581,1.225,1.231
41,246,basic,237.101,123.137,253.999,131.26,1.117,1.13
41,247,basic,366.069,119.146,357.104,117.071,1.486,1.464
41,248,basic,142.512,93.561,144.412,95.14,0.87,0.86
41,249,basic,33.611,27.381,34.024,27.696,0.825,0.826
41,250,basic,89.895,68.039,94.515,71.497,0.937,0.938
41,251,basic,129.558,62.925,134.396,64.907,1.292,1.309
41,252,basic,257.224,177.882,263.781,181.681,1.36,1.372
41,255,basic,88.298,60.636,89.926,62.059,0.815,0.801
41,257,basic,121.521,104.676,118.51,102.077,1.062,1.063
41,259,basic,166.819,122.952,171.049,127.143,1.16,1.133
41,261,basic,176.542,157.963,181.927,162.859,1.044,1.041
41,262,basic,184.818,143.783,142.664,109.773,1.053,1.085
41,264,basic,79.676,38.614,81.157,39.332,0.916,0.916
41,266,basic,104.154,87.275,101.225,85.308,0.886,0.867
41,267,basic,113.364,102.737,115.59,104.745,1.013,1.014
41,268,basic,109.737,104.25,109.837,104.345,1.066,1.064
41,269,basic,105.475,97.047,96.425,88.773,1.012,0.98
41,270,basic,154.969,104.217,156.762,105.277,1.315,1.319
41,272,basic,40.605,37.771,40.228,37.678,1.042,1.0
41,275,basic,98.016,90.299,98.95,91.091,1.113,1.116
41,276,basic,144.18,72.096,90.191,45.05,1.114,1.117
41,277,basic,126.376,82.839,50.877,32.785,1.007,1.055
41,279,basic,101.506,45.5,75.193,33.247,0.995,1.033
41,281,basic,67.863,47.422,72.856,50.763,0.791,0.799
41,282,basic,79.982,61.657,80.551,63.077,0.847,0.803
41,286,basic,183.852,115.106,189.649,115.404,1.645,1.729
41,287,basic,0.0,0.0,452.617,205.094,,0.939
41,287,gifted,190.0,174.306,0.0,0.0,,
41,288,basic,186.434,156.647,189.668,161.994,1.316,1.269
41,289,basic,158.151,138.012,187.758,162.483,1.323,1.372
41,291,basic,375.088,247.307,388.597,248.643,2.199,2.317
41,292,basic,563.563,327.657,618.078,359.342,1.439,1.498
41,930,basic,398.967,326.258,401.389,327.17,2.242,2.253
41,935,basic,437.854,296.404,457.69,317.451,1.706,1.637
41,939,basic,220.181,107.076,227.653,109.899,1.616,1.643
41,949,basic,380.199,308.886,490.65,398.548,1.481,1.541
41,955,basic,45.988,43.688,52.737,50.1,2.716,2.527
41,971,basic,0.0,0.0,559.793,251.16,,1.103
41,971,gifted,516.225,473.585,0.0,0.0,,
41,972,basic,260.928,185.3,263.863,186.248,1.779,1.796
41,974,basic,85.126,74.503,88.453,78.301,1.155,1.117
41,977,basic,239.489,174.503,199.302,140.704,1.284,1.391
42,103,basic,273.453,247.596,274.37,248.26,1.615,1.619
42,104,basic,138.935,56.61,150.12,62.684,2.341,2.196
42,105,basic,440.403,208.305,304.08,141.151,2.329,2.465
42,105,gifted,177.95,163.172,0.0,0.0,,
42,106,basic,474.893,286.552,352.328,214.191,1.851,1.781
42,106,gifted,118.099,108.291,0.0,0.0,,
42,107,basic,512.596,257.122,513.083,257.33,2.499,2.5
42,109,basic,142.264,98.244,144.399,99.925,2.09,2.076
42,110,basic,397.329,210.469,406.557,215.2,2.199,2.204
42,113,basic,392.323,245.918,259.244,161.827,2.32,2.338
42,113,gifted,136.25,124.935,0.0,0.0,,
42,115,basic,147.98,85.253,168.839,97.251,1.714,1.716
42,117,basic,263.366,168.489,228.657,148.048,2.321,2.235
42,117,gifted,89.411,81.986,0.0,0.0,,
42,118,basic,259.261,136.41,327.713,171.887,2.124,2.147
42,130,basic,667.568,395.474,684.367,404.988,1.726,1.733
42,201,basic,81.5,52.511,88.629,57.389,1.071,1.043
42,202,basic,166.408,86.034,168.906,86.718,1.653,1.701
42,203,basic,261.923,177.698,262.041,177.672,1.356,1.36
42,204,basic,182.122,127.308,111.214,71.127,1.494,2.162
42,208,basic,203.597,168.209,235.458,194.427,1.275,1.35
42,209,basic,152.701,49.002,134.26,43.04,0.789,0.795
42,210,basic,192.941,79.283,191.169,78.72,1.426,1.409
42,211,basic,73.546,44.632,79.142,47.991,1.119,1.127
42,212,gifted,206.076,188.962,0.0,0.0,,
42,215,basic,116.442,67.368,117.531,67.651,0.893,0.919
42,218,basic,163.249,95.587,173.832,101.811,0.772,0.77
42,220,basic,82.781,69.195,84.847,70.57,1.411,1.447
42,221,basic,165.135,112.49,169.619,114.019,1.0,1.076
42,222,basic,140.686,83.33,147.603,85.992,2.152,2.281
42,225,basic,82.772,39.955,83.655,40.369,1.272,1.274
42,226,basic,261.936,169.803,269.027,175.404,1.385,1.356
42,229,basic,256.576,208.165,263.541,211.795,1.157,1.221
42,230,basic,112.488,72.627,81.513,52.542,1.09,1.099
42,233,basic,285.382,168.508,291.467,172.057,0.86,0.862
42,234,basic,74.873,60.197,86.106,68.292,1.209,1.308
42,235,basic,79.981,50.181,81.153,50.505,1.228,1.278
42,236,basic,49.292,44.132,50.074,44.819,1.154,1.155
42,239,basic,272.069,157.831,273.983,158.911,1.718,1.719
42,241,basic,384.953,126.688,376.111,122.964,1.949,1.998
42,242,basic,156.041,105.628,161.49,109.398,1.243,1.239
42,243,basic,212.771,106.77,229.484,115.23,0.991,0.987
42,244,basic,37.437,35.118,37.78,35.623,1.131,1.053
42,245,basic,321.32,283.484,325.54,287.19,1.256,1.259
42,246,basic,240.519,118.698,257.529,126.752,1.237,1.254
42,247,basic,374.213,120.078,364.709,117.463,1.632,1.604
42,248,basic,146.963,89.043,149.06,90.47,0.891,0.879
42,249,basic,29.064,21.759,29.409,22.012,0.89,0.891
42,250,basic,84.915,60.738,89.533,64.026,0.977,0.98
42,251,basic,129.389,61.533,134.053,63.576,1.399,1.419
42,252,basic,244.567,171.78,250.938,175.899,1.51,1.525
42,255,basic,86.741,54.743,88.269,55.839,0.85,0.833
42,257,basic,123.636,106.182,121.02,103.909,1.097,1.099
42,259,basic,164.857,119.043,169.498,122.723,1.303,1.283
42,261,basic,174.546,160.427,179.767,165.213,1.114,1.111
42,262,basic,183.452,138.134,142.083,106.392,1.095,1.135
42,264,basic,82.148,36.049,83.629,36.701,0.931,0.931
42,266,basic,104.009,82.321,101.093,80.217,0.903,0.883
42,267,basic,119.406,105.561,121.697,107.581,1.041,1.042
42,268,basic,105.977,100.678,105.991,100.692,1.058,1.054
42,269,basic,108.541,102.444,99.537,93.954,1.032,0.998
42,270,basic,159.008,107.188,160.795,108.292,1.525,1.53
42,272,basic,40.81,38.522,40.287,38.108,1.097,1.035
42,275,basic,87.735,82.905,88.619,83.717,1.215,1.218
42,276,basic,147.226,69.635,92.254,43.591,1.127,1.132
42,277,basic,131.285,81.845,52.582,32.521,1.036,1.092
42,279,basic,106.485,44.097,78.874,32.469,1.005,1.046
42,281,basic,62.668,39.945,66.992,42.644,0.832,0.841
42,282,basic,81.065,58.44,81.356,59.102,0.893,0.839
42,286,basic,179.655,115.928,185.208,117.605,1.976,2.092
42,287,basic,0.0,0.0,452.561,187.435,,0.962
42,287,gifted,190.0,174.221,0.0,0.0,,
42,288,basic,189.03,166.127,192.235,171.23,1.459,1.385
42,289,basic,156.489,133.703,186.803,158.686,1.404,1.471
42,291,basic,371.776,271.541,385.008,275.18,2.341,2.488
42,292,basic,565.931,319.13,620.217,349.999,1.556,1.625
42,930,basic,398.695,366.561,401.116,368.101,2.37,2.385
42,935,basic,437.854,309.541,457.654,327.995,1.893,1.811
42,939,basic,219.991,107.012,227.406,110.186,1.767,1.799
42,949,basic,375.867,313.692,483.885,404.928,1.548,1.599
42,955,basic,45.69,43.406,51.678,49.094,2.749,2.551
42,971,basic,0.0,0.0,566.199,239.25,,1.142
42,971,gifted,516.855,473.932,0.0,0.0,,
42,972,basic,262.862,197.146,265.623,198.456,1.881,1.903
42,974,basic,85.902,78.079,89.158,81.695,1.255,1.193
42,977,basic,239.77,176.673,199.556,145.056,1.342,1.446
43,103,basic,267.137,233.256,268.027,233.866,1.654,1.657
43,104,basic,147.34,65.102,159.003,72.137,2.242,2.122
43,105,basic,442.118,219.851,311.192,151.314,2.282,2.404
43,105,gifted,177.392,163.152,0.0,0.0,,
43,106,basic,463.607,287.821,341.091,214.287,1.841,1.76
43,106,gifted,117.241,107.829,0.0,0.0,,
43,107,basic,524.458,266.141,524.879,266.316,2.515,2.516
43,109,basic,141.433,96.248,143.677,97.995,2.066,2.055
43,110,basic,405.77,225.57,415.148,230.558,2.121,2.126
43,113,basic,392.312,244.444,263.35,163.463,2.312,2.325
43,113,gifted,135.148,124.298,0.0,0.0,,
43,115,basic,139.943,84.236,159.643,96.074,1.725,1.726
43,117,basic,249.911,158.213,214.958,138.433,2.29,2.198
43,117,gifted,89.049,81.9,0.0,0.0,,
43,118,basic,267.598,145.209,341.114,183.996,2.138,2.171
43,130,basic,672.225,413.411,689.074,423.198,1.71,1.716
43,201,basic,79.692,52.456,86.51,57.286,1.04,1.016
43,202,basic,171.608,89.327,174.185,89.874,1.664,1.708
43,203,basic,262.72,177.248,262.821,177.182,1.32,1.324
43,204,basic,172.705,118.477,106.975,65.578,1.405,2.034
43,208,basic,202.05,163.63,233.95,189.292,1.274,1.345
43,209,basic,151.233,57.421,133.522,50.621,0.77,0.777
43,210,basic,194.387,86.865,192.642,86.308,1.387,1.372
43,211,basic,74.47,46.378,80.698,50.192,1.117,1.126
43,212,gifted,205.655,189.146,0.0,0.0,,
43,215,basic,118.323,70.813,119.523,71.042,0.894,0.92
43,218,basic,157.252,97.515,166.603,103.37,0.774,0.772
43,220,basic,83.184,65.77,85.167,66.958,1.374,1.403
43,221,basic,164.733,113.215,169.398,114.507,0.977,1.045
43,222,basic,144.379,82.489,151.267,84.692,2.01,2.123
43,225,basic,87.843,44.859,88.816,45.337,1.253,1.255
43,226,basic,254.703,165.45,261.527,170.994,1.299,1.278
43,229,basic,249.992,197.114,256.808,200.276,1.144,1.198
43,230,basic,107.136,70.974,77.699,51.406,1.035,1.038
43,233,basic,286.113,177.675,292.168,181.386,0.847,0.848
43,234,basic,75.375,58.478,86.793,66.143,1.193,1.289
43,235,basic,81.52,51.3,82.755,51.537,1.216,1.262
43,236,basic,52.577,45.964,53.454,46.711,1.068,1.07
43,239,basic,273.121,156.174,275.053,157.246,1.73,1.731
43,241,basic,382.527,137.548,373.385,133.304,1.883,1.922
43,242,basic,162.58,109.032,168.312,112.965,1.242,1.239
43,243,basic,215.753,116.928,232.7,126.203,0.968,0.965
43,244,basic,35.178,32.553,35.354,33.063,1.11,1.039
43,245,basic,321.397,269.435,325.576,272.851,1.233,1.237
43,246,basic,229.101,120.025,245.347,128.179,1.188,1.201
43,247,basic,367.383,131.973,357.964,129.26,1.583,1.555
43,248,basic,150.861,94.814,153.192,96.498,0.899,0.887
43,249,basic,30.857,22.883,31.324,23.202,0.895,0.9
43,250,basic,86.052,62.146,90.434,65.271,0.963,0.967
43,251,basic,139.009,69.576,143.962,71.794,1.391,1.41
43,252,basic,233.117,161.226,239.418,165.123,1.461,1.476
43,255,basic,89.293,58.219,90.966,59.487,0.867,0.851
43,257,basic,118.664,99.294,115.659,96.776,1.067,1.068
43,259,basic,152.886,109.19,156.364,112.242,1.249,1.22
43,261,basic,168.847,150.729,173.693,155.145,1.06,1.055
43,262,basic,190.069,141.575,146.004,108.036,1.08,1.114
43,264,basic,83.896,40.324,85.389,41.046,0.951,0.951
43,266,basic,102.773,80.921,99.911,78.962,0.896,0.874
43,267,basic,121.917,102.803,124.303,104.803,1.031,1.031
43,268,basic,105.18,99.921,104.893,99.648,1.064,1.059
43,269,basic,105.882,97.919,96.884,89.715,1.039,1.006
43,270,basic,157.931,104.298,159.734,105.371,1.487,1.492
43,272,basic,41.693,38.993,41.117,38.654,1.068,1.017
43,275,basic,97.542,90.883,98.499,91.73,1.144,1.147
43,276,basic,148.448,75.399,92.887,47.124,1.133,1.137
43,277,basic,130.624,84.099,52.339,33.353,1.024,1.077
43,279,basic,104.458,48.126,77.169,35.272,0.995,1.035
43,281,basic,67.17,44.555,71.894,47.624,0.81,0.817
43,282,basic,75.004,54.625,75.136,55.294,0.893,0.839
43,286,basic,178.107,108.184,183.737,109.376,1.927,2.035
43,287,basic,0.0,0.0,463.894,214.733,,0.965
43,287,gifted,190.0,174.747,0.0,0.0,,
43,288,basic,189.835,160.727,192.856,165.617,1.327,1.271
43,289,basic,153.836,128.832,184.246,152.76,1.398,1.477
43,291,basic,374.379,257.358,387.593,260.048,2.269,2.395
43,292,basic,565.106,329.854,620.201,362.419,1.525,1.59
43,930,basic,399.347,340.731,401.771,341.784,2.338,2.353
43,935,basic,437.633,302.557,457.249,321.912,1.836,1.753
43,939,basic,216.235,109.543,223.577,112.693,1.708,1.739
43,949,basic,378.59,304.746,487.415,393.2,1.53,1.588
43,955,basic,45.081,42.827,50.998,48.448,2.781,2.587
43,971,basic,0.0,0.0,560.711,260.453,,1.126
43,971,gifted,515.837,474.427,0.0,0.0,,
43,972,basic,264.237,191.256,267.173,192.387,1.875,1.897
43,974,basic,88.076,77.067,91.669,80.983,1.21,1.164
43,977,basic,244.333,175.71,200.178,141.524,1.317,1.415
44,103,basic,275.965,235.943,276.92,236.557,1.615,1.619
44,104,basic,113.965,45.611,123.443,50.69,2.272,2.157
44,105,basic,449.864,207.534,317.141,143.073,2.282,2.401
44,105,gifted,179.889,165.2,0.0,0.0,,
44,106,basic,465.662,271.916,342.905,202.993,1.797,1.707
44,106,gifted,117.686,108.076,0.0,0.0,,
44,107,basic,520.261,247.762,520.622,247.902,2.48,2.48
44,109,basic,139.944,90.087,142.257,91.775,2.04,2.029
44,110,basic,389.519,197.221,398.772,201.68,2.092,2.098
44,113,basic,381.423,224.392,257.315,150.839,2.315,2.328
44,113,gifted,133.032,122.169,0.0,0.0,,
44,115,basic,141.531,79.863,161.866,91.29,1.724,1.727
44,117,basic,244.339,143.886,210.564,125.875,2.286,2.205
44,117,gifted,88.752,81.505,0.0,0.0,,
44,118,basic,267.677,134.695,339.613,170.117,2.151,2.175
44,130,basic,667.333,375.374,684.228,384.268,1.701,1.709
44,201,basic,73.357,50.939,80.106,55.904,0.982,0.964
44,202,basic,168.117,90.37,170.704,90.923,1.634,1.68
44,203,basic,265.839,187.907,265.96,187.853,1.33,1.334
44,204,basic,187.774,134.996,114.75,72.578,1.436,2.149
44,208,basic,210.726,174.006,243.174,199.299,1.216,1.281
44,209,basic,152.576,55.772,133.869,48.858,0.782,0.789
44,210,basic,191.275,84.013,189.492,83.424,1.39,1.375
44,211,basic,73.836,47.96,80.341,52.072,1.109,1.123
44,212,gifted,206.595,189.725,0.0,0.0,,
44,215,basic,116.431,69.179,117.818,69.347,0.934,0.969
44,218,basic,150.792,96.253,160.159,102.28,0.761,0.759
44,220,basic,82.596,68.374,84.593,69.641,1.376,1.406
44,221,basic,159.675,111.804,163.949,113.097,0.935,0.995
44,222,basic,139.215,82.72,145.865,85.102,2.056,2.161
44,225,basic,82.535,42.893,83.466,43.356,1.239,1.241
44,226,basic,257.213,166.86,264.314,172.657,1.32,1.299
44,229,basic,246.37,205.398,253.794,208.328,1.149,1.224
44,230,basic,115.939,80.028,83.363,57.548,1.076,1.071
44,233,basic,279.845,177.794,285.852,181.539,0.847,0.849
44,234,basic,80.438,66.144,93.51,75.307,1.209,1.321
44,235,basic,78.892,51.008,80.052,51.256,1.176,1.219
44,236,basic,51.351,45.68,52.143,46.362,1.055,1.058
44,239,basic,277.052,164.933,278.991,166.048,1.73,1.732
44,241,basic,385.445,135.281,377.205,130.593,1.918,1.994
44,242,basic,162.577,113.588,168.663,117.943,1.248,1.244
44,243,basic,211.968,116.304,228.848,125.642,0.98,0.978
44,244,basic,39.829,37.014,40.119,37.637,1.127,1.048
44,245,basic,325.409,281.719,329.817,285.376,1.263,1.268
44,246,basic,230.612,123.468,247.138,132.028,1.17,1.18
44,247,basic,365.288,127.944,356.419,125.37,1.592,1.569
44,248,basic,144.801,94.716,146.844,96.267,0.888,0.877
44,249,basic,28.733,22.142,29.143,22.434,0.899,0.903
44,250,basic,86.209,65.965,90.988,69.564,0.954,0.958
44,251,basic,130.381,64.517,135.155,66.628,1.381,1.401
44,252,basic,234.608,169.314,240.791,173.273,1.424,1.439
44,255,basic,89.415,60.744,91.052,62.066,0.87,0.853
44,257,basic,121.593,106.105,118.903,103.733,1.089,1.091
44,259,basic,157.554,119.106,161.803,122.904,1.279,1.252
44,261,basic,180.263,164.717,185.823,169.772,1.086,1.083
44,262,basic,185.236,144.714,143.182,111.063,1.071,1.108
44,264,basic,77.143,36.072,78.534,36.727,0.92,0.919
44,266,basic,103.478,84.43,100.508,82.293,0.89,0.87
44,267,basic,110.781,98.137,112.926,100.029,1.017,1.018
44,268,basic,111.103,105.548,111.374,105.805,1.079,1.078
44,269,basic,106.415,99.689,97.37,91.226,1.047,1.016
44,270,basic,156.521,109.137,158.318,110.273,1.518,1.523
44,272,basic,43.304,40.683,42.64,40.232,1.108,1.044
44,275,basic,91.768,86.388,92.687,87.22,1.149,1.152
44,276,basic,152.412,76.723,95.074,47.824,1.118,1.12
44,277,basic,127.164,85.672,51.074,34.058,1.012,1.064
44,279,basic,109.068,49.703,80.262,36.274,1.014,1.055
44,281,basic,70.541,48.953,75.753,52.464,0.807,0.817
44,282,basic,81.632,63.071,82.341,64.257,0.899,0.848
44,286,basic,173.729,109.325,179.01,110.691,1.838,1.931
44,287,basic,0.0,0.0,442.82,204.799,,0.948
44,287,gifted,190.0,174.485,0.0,0.0,,
44,288,basic,187.8,163.35,190.61,168.739,1.415,1.344
44,289,basic,157.011,133.656,187.546,157.816,1.366,1.438
44,291,basic,376.488,260.52,390.107,262.656,2.266,2.404
44,292,basic,565.508,327.73,620.845,357.011,1.502,1.571
44,930,basic,399.428,355.415,401.847,356.68,2.34,2.354
44,935,basic,438.035,306.563,457.648,325.864,1.845,1.757
44,939,basic,221.992,109.081,229.51,112.111,1.712,1.745
44,949,basic,375.718,309.306,486.464,398.493,1.554,1.612
44,955,basic,45.498,43.223,52.631,49.999,2.752,2.559
44,971,basic,0.0,0.0,557.77,258.447,,1.131
44,971,gifted,516.518,474.34,0.0,0.0,,
44,972,basic,259.077,190.794,261.892,191.992,1.85,1.87
44,974,basic,87.366,79.497,91.34,83.766,1.212,1.17
44,977,basic,234.004,179.161,196.496,147.585,1.324,1.433
45,103,basic,254.784,217.242,255.753,217.804,1.662,1.666
45,104,basic,127.983,48.628,141.211,54.513,2.106,2.044
45,105,basic,430.987,182.414,305.189,126.151,2.264,2.376
45,105,gifted,176.899,162.634,0.0,0.0,,
45,106,basic,458.952,261.134,338.775,196.404,1.73,1.629
45,106,gifted,116.766,107.35,0.0,0.0,,
45,107,basic,506.669,223.992,507.047,224.127,2.475,2.475
45,109,basic,147.131,93.423,148.997,94.858,2.034,2.023
45,110,basic,409.243,198.005,419.096,202.514,2.155,2.161
45,113,basic,388.467,218.57,260.068,146.126,2.299,2.302
45,113,gifted,135.416,124.496,0.0,0.0,,
45,115,basic,148.469,79.071,169.603,90.291,1.714,1.716
45,117,basic,257.342,147.792,222.386,129.881,2.325,2.244
45,117,gifted,89.712,82.477,0.0,0.0,,
45,118,basic,284.462,134.797,361.217,170.012,2.123,2.156
45,130,basic,677.949,377.497,694.726,386.349,1.685,1.691
45,201,basic,79.721,54.871,86.608,59.938,1.035,1.018
45,202,basic,172.526,90.762,175.171,91.173,1.637,1.684
45,203,basic,267.14,189.63,267.254,189.535,1.351,1.355
45,204,basic,192.094,141.31,112.408,73.267,1.401,1.993
45,208,basic,206.998,176.89,238.646,201.066,1.209,1.282
45,209,basic,144.138,50.363,126.397,44.119,0.776,0.78
45,210,basic,193.109,84.004,191.236,83.532,1.356,1.335
45,211,basic,71.951,46.729,75.92,49.32,1.082,1.082
45,212,gifted,205.651,189.067,0.0,0.0,,
45,215,basic,113.396,71.937,114.427,72.217,0.865,0.883
45,218,basic,149.627,95.562,159.046,101.609,0.773,0.772
45,220,basic,84.056,71.562,86.01,72.842,1.286,1.312
45,221,basic,161.396,119.454,166.129,120.713,0.979,1.044
45,222,basic,150.468,90.345,157.662,92.524,1.974,2.084
45,225,basic,98.669,49.794,99.744,50.319,1.275,1.276
45,226,basic,254.585,180.194,261.563,185.865,1.232,1.225
45,229,basic,253.243,219.747,259.824,222.945,1.135,1.183
45,230,basic,125.407,86.572,90.456,62.352,1.051,1.054
45,233,basic,286.742,184.818,292.882,188.708,0.837,0.838
45,234,basic,72.618,62.631,81.748,69.56,1.121,1.185
45,235,basic,75.48,51.067,76.642,51.29,1.144,1.185
45,236,basic,46.381,41.652,47.132,42.307,1.146,1.148
45,239,basic,278.772,165.284,280.691,166.389,1.693,1.694
45,241,basic,386.858,128.453,377.565,124.786,1.89,1.913
45,242,basic,157.849,113.478,163.394,117.619,1.221,1.216
45,243,basic,213.814,115.475,230.437,124.577,0.975,0.971
45,244,basic,37.265,34.839,37.655,35.426,1.097,1.042
45,245,basic,320.283,291.365,324.556,295.163,1.225,1.232
45,246,basic,225.474,117.985,241.345,125.789,1.181,1.197
45,247,basic,372.806,122.263,363.226,119.844,1.614,1.585
45,248,basic,146.93,96.136,149.019,97.729,0.886,0.876
45,249,basic,31.891,26.186,32.245,26.474,0.851,0.851
45,250,basic,88.137,67.819,92.686,71.314,0.968,0.969
45,251,basic,137.242,69.192,142.106,71.353,1.348,1.366
45,252,basic,228.199,171.181,234.381,175.297,1.385,1.399
45,255,basic,86.242,59.215,87.814,60.512,0.819,0.803
45,257,basic,119.227,108.427,116.623,106.061,1.068,1.07
45,259,basic,159.107,120.089,162.6,123.343,1.304,1.279
45,261,basic,159.483,147.068,163.69,150.929,1.087,1.081
45,262,basic,188.002,152.549,145.309,116.924,1.069,1.108
45,264,basic,83.425,39.897,84.96,40.633,0.932,0.932
45,266,basic,103.392,89.686,100.511,87.541,0.89,0.869
45,267,basic,123.944,115.652,126.318,117.864,1.038,1.039
45,268,basic,109.674,104.19,109.719,104.233,1.071,1.067
45,269,basic,106.33,100.001,96.979,91.21,1.116,1.086
45,270,basic,151.211,105.588,152.971,106.681,1.466,1.471
45,272,basic,41.724,39.258,41.384,39.063,1.069,1.019
45,275,basic,91.48,86.331,92.377,87.136,1.198,1.201
45,276,basic,149.281,76.042,93.739,47.669,1.105,1.111
45,277,basic,123.082,82.274,49.626,32.772,1.018,1.073
45,279,basic,104.894,46.637,77.47,34.158,0.992,1.028
45,281,basic,65.148,45.034,69.813,48.177,0.823,0.83
45,282,basic,76.879,59.445,76.516,59.943,0.908,0.849
45,286,basic,177.703,120.469,183.39,121.549,1.738,1.84
45,287,basic,0.0,0.0,446.923,198.883,,0.955
45,287,gifted,190.0,174.678,0.0,0.0,,
45,288,basic,179.194,159.92,182.184,164.806,1.318,1.268
45,289,basic,153.352,127.598,183.827,150.502,1.314,1.393
45,291,basic,375.332,266.951,388.855,268.334,2.193,2.328
45,292,basic,564.139,320.822,617.598,347.04,1.47,1.531
45,930,basic,398.997,353.332,401.409,354.765,2.327,2.338
45,935,basic,438.53,305.994,458.604,324.941,1.763,1.691
45,939,basic,220.968,108.236,228.41,111.14,1.655,1.686
45,949,basic,377.67,308.79,487.935,395.049,1.497,1.554
45,955,basic,45.218,42.957,50.6,48.07,2.816,2.619
45,971,basic,0.0,0.0,563.154,252.651,,1.132
45,971,gifted,516.446,474.798,0.0,0.0,,
45,972,basic,262.327,193.129,265.011,194.299,1.817,1.834
45,974,basic,86.296,78.548,89.18,81.996,1.206,1.145
45,977,basic,235.825,182.25,197.115,149.324,1.322,1.423
46,103,basic,262.412,225.471,263.416,226.07,1.646,1.651
46,104,basic,125.159,54.978,138.483,61.676,2.159,2.093
46,105,basic,459.633,225.553,320.767,154.265,2.295,2.421
46,105,gifted,183.364,167.942,0.0,0.0,,
46,106,basic,463.656,282.627,343.656,212.043,1.767,1.678
46,106,gifted,117.248,107.387,0.0,0.0,,
46,107,basic,512.03,259.424,512.445,259.59,2.533,2.534
46,109,basic,143.122,95.783,145.21,97.404,2.034,2.021
46,110,basic,391.558,203.533,401.309,208.324,2.16,2.168
46,113,basic,378.016,233.435,250.448,154.495,2.289,2.288
46,113,gifted,134.554,123.237,0.0,0.0,,
46,115,basic,151.626,89.401,173.298,102.129,1.737,1.74
46,117,basic,261.532,158.852,227.726,139.876,2.34,2.269
46,117,gifted,89.351,81.836,0.0,0.0,,
46,118,basic,263.308,140.419,331.687,176.35,2.145,2.164
46,130,basic,660.744,380.757,677.509,389.786,1.767,1.777
46,201,basic,79.498,52.859,87.007,58.121,1.093,1.072
46,202,basic,171.285,92.268,173.797,92.91,1.667,1.712
46,203,basic,255.59,177.064,255.705,177.033,1.318,1.322
46,204,basic,176.126,124.4,108.462,68.999,1.45,2.129
46,208,basic,206.95,164.963,239.507,190.41,1.25,1.32
46,209,basic,157.952,58.539,139.257,51.549,0.76,0.767
46,210,basic,192.186,83.668,190.418,83.048,1.435,1.422
46,211,basic,73.483,46.973,79.171,50.559,1.105,1.113
46,212,gifted,205.664,188.366,0.0,0.0,,
46,215,basic,115.895,68.455,116.96,68.728,0.881,0.904
46,218,basic,154.05,95.826,163.456,101.719,0.765,0.763
46,220,basic,92.068,73.895,94.241,75.294,1.431,1.46
46,221,basic,162.509,107.281,167.186,108.63,1.008,1.085
46,222,basic,138.296,83.24,144.941,85.709,2.02,2.137
46,225,basic,75.044,38.981,75.84,39.382,1.233,1.235
46,226,basic,251.08,157.791,258.081,163.068,1.314,1.295
46,229,basic,252.996,202.905,260.155,206.252,1.16,1.226
46,230,basic,110.114,75.073,79.781,54.346,1.028,1.03
46,233,basic,278.449,173.029,284.367,176.657,0.835,0.836
46,234,basic,74.958,60.101,85.839,67.809,1.185,1.278
46,235,basic,74.764,46.756,75.967,47.053,1.242,1.292
46,236,basic,49.672,42.781,50.456,43.436,1.124,1.126
46,239,basic,272.36,162.428,274.297,163.546,1.716,1.717
46,241,basic,384.659,138.975,375.797,134.689,1.934,1.985
46,242,basic,166.023,113.946,171.772,117.995,1.243,1.238
46,243,basic,217.513,117.786,234.602,127.12,0.975,0.971
46,244,basic,38.213,35.636,38.518,36.206,1.118,1.044
46,245,basic,321.19,266.495,325.472,269.907,1.265,1.271
46,246,basic,224.102,119.428,239.025,127.062,1.181,1.195
46,247,basic,371.841,132.782,362.143,129.882,1.635,1.608
46,248,basic,145.765,93.727,147.837,95.237,0.891,0.879
46,249,basic,31.111,23.228,31.499,23.505,0.906,0.909
46,250,basic,85.133,63.01,89.456,66.183,0.974,0.976
46,251,basic,134.254,65.104,139.245,67.302,1.429,1.449
46,252,basic,250.997,173.435,257.514,177.495,1.468,1.483
46,255,basic,87.024,58.007,88.602,59.234,0.855,0.838
46,257,basic,121.135,100.872,118.092,98.343,1.087,1.087
46,259,basic,161.23,119.328,165.02,122.636,1.273,1.246
46,261,basic,178.115,159.79,183.728,164.788,1.108,1.107
46,262,basic,184.62,139.512,141.953,106.686,1.06,1.093
46,264,basic,81.865,37.564,83.371,38.256,0.946,0.946
46,266,basic,108.013,83.645,105.037,81.569,0.898,0.878
46,267,basic,120.684,102.359,122.977,104.298,1.04,1.041
46,268,basic,109.061,103.608,108.899,103.454,1.062,1.058
46,269,basic,104.226,97.213,95.169,88.804,1.053,1.02
46,270,basic,167.164,115.375,168.987,116.512,1.512,1.517
46,272,basic,40.396,38.022,39.964,37.743,1.093,1.038
46,275,basic,96.723,90.019,97.7,90.882,1.211,1.214
46,276,basic,150.662,74.807,94.355,46.784,1.107,1.114
46,277,basic,125.549,82.53,50.547,32.931,1.021,1.075
46,279,basic,108.006,49.177,79.558,35.966,1.01,1.052
46,281,basic,71.444,48.346,76.839,51.9,0.818,0.83
46,282,basic,76.161,57.039,75.896,57.385,0.911,0.852
46,286,basic,178.753,107.109,184.405,108.585,2.028,2.141
46,287,basic,0.0,0.0,458.964,210.817,,0.962
46,287,gifted,190.0,174.02,0.0,0.0,,
46,288,basic,188.183,160.224,191.307,165.414,1.403,1.331
46,289,basic,156.804,134.725,187.116,159.671,1.38,1.442
46,291,basic,377.074,254.112,390.971,256.178,2.385,2.549
46,292,basic,563.674,329.485,618.154,360.786,1.51,1.574
46,930,basic,399.417,358.031,401.834,359.452,2.363,2.376
46,935,basic,437.887,307.197,457.628,325.899,1.835,1.754
46,939,basic,217.324,107.878,224.809,111.006,1.761,1.796
46,949,basic,378.403,314.28,487.699,404.849,1.544,1.602
46,955,basic,46.286,43.971,52.678,50.044,2.756,2.564
46,971,basic,0.0,0.0,561.375,260.576,,1.121
46,971,gifted,516.12,472.711,0.0,0.0,,
46,972,basic,264.899,193.115,267.723,194.376,1.875,1.896
46,974,basic,84.917,76.892,88.12,80.479,1.221,1.166
46,977,basic,241.729,181.208,199.912,147.545,1.328,1.432
47,103,basic,276.113,244.208,276.969,244.832,1.612,1.614
47,104,basic,139.059,55.038,152.122,61.875,2.284,2.177
47,105,basic,461.771,217.807,324.891,148.841,2.274,2.388
47,105,gifted,180.622,165.737,0.0,0.0,,
47,106,basic,464.501,286.085,346.272,217.964,1.73,1.636
47,106,gifted,116.967,107.328,0.0,0.0,,
47,107,basic,506.787,247.216,507.097,247.344,2.459,2.459
47,109,basic,152.767,100.055,155.304,102.007,2.079,2.068
47,110,basic,397.893,190.989,406.956,195.153,2.044,2.048
47,113,basic,391.578,238.486,266.653,161.352,2.322,2.349
47,113,gifted,134.406,123.33,0.0,0.0,,
47,115,basic,143.5,87.246,164.158,99.692,1.725,1.73
47,117,basic,261.435,149.338,224.047,131.175,2.31,2.214
47,117,gifted,89.697,82.305,0.0,0.0,,
47,118,basic,275.678,142.353,349.817,179.408,2.137,2.164
47,130,basic,641.471,359.841,657.599,368.371,1.621,1.626
47,201,basic,78.242,56.305,85.234,61.573,0.907,0.9
47,202,basic,170.93,88.827,173.487,89.146,1.555,1.595
47,203,basic,254.845,183.574,254.942,183.463,1.255,1.259
47,204,basic,175.189,128.092,109.529,68.041,1.362,2.011
47,208,basic,200.012,164.594,231.836,190.258,1.223,1.288
47,209,basic,152.057,50.365,134.478,44.423,0.772,0.78
47,210,basic,193.569,74.513,191.869,74.091,1.345,1.331
47,211,basic,73.291,48.716,78.781,52.257,1.088,1.098
47,212,gifted,205.824,188.862,0.0,0.0,,
47,215,basic,115.892,63.788,117.315,63.904,0.893,0.924
47,218,basic,163.318,104.986,173.668,111.684,0.761,0.76
47,220,basic,94.009,74.783,96.395,76.094,1.402,1.431
47,221,basic,162.215,101.394,167.049,102.271,0.934,0.993
47,222,basic,141.082,85.0,148.132,86.83,1.825,1.926
47,225,basic,86.496,43.625,87.458,44.084,1.173,1.175
47,226,basic,261.735,148.037,269.079,152.983,1.252,1.245
47,229,basic,249.862,212.964,256.998,215.364,1.125,1.182
47,230,basic,112.053,81.61,81.66,59.439,1.001,0.999
47,233,basic,280.779,176.856,286.831,180.571,0.823,0.825
47,234,basic,75.476,63.957,86.853,71.916,1.15,1.24
47,235,basic,88.343,53.003,89.712,53.108,1.162,1.203
47,236,basic,53.169,45.624,54.084,46.377,0.998,1.001
47,239,basic,277.254,161.708,279.201,162.799,1.681,1.682
47,241,basic,383.363,117.68,375.045,113.449,1.841,1.898
47,242,basic,163.222,113.589,168.767,117.568,1.227,1.224
47,243,basic,218.253,116.571,235.461,125.858,0.975,0.973
47,244,basic,37.6,34.816,37.916,35.513,1.147,1.073
47,245,basic,322.141,264.522,326.498,267.629,1.226,1.235
47,246,basic,236.582,124.591,252.675,132.607,1.106,1.117
47,247,basic,369.735,114.341,360.892,112.145,1.529,1.511
47,248,basic,152.044,102.535,154.298,104.368,0.891,0.88
47,249,basic,32.662,25.375,33.027,25.64,0.852,0.853
47,250,basic,84.822,68.465,89.369,72.062,0.96,0.964
47,251,basic,129.63,55.338,134.63,57.174,1.339,1.359
47,252,basic,241.735,164.572,248.169,168.263,1.392,1.407
47,255,basic,85.567,60.951,86.845,62.152,0.834,0.818
47,257,basic,125.492,107.74,122.46,105.103,1.086,1.088
47,259,basic,158.188,124.86,162.5,129.022,1.259,1.234
47,261,basic,169.366,153.373,174.392,157.927,1.066,1.063
47,262,basic,187.587,147.515,144.305,112.446,1.046,1.079
47,264,basic,80.033,31.852,81.502,32.44,0.915,0.914
47,266,basic,101.987,80.57,99.175,78.711,0.876,0.857
47,267,basic,120.891,105.612,123.264,107.67,1.009,1.009
47,268,basic,110.805,105.265,110.704,105.169,1.068,1.065
47,269,basic,109.571,101.95,100.493,93.513,1.031,1.0
47,270,basic,158.251,116.186,160.066,117.36,1.4,1.404
47,272,basic,42.336,39.858,41.993,39.671,1.046,0.999
47,275,basic,92.779,86.315,93.768,87.17,1.141,1.144
47,276,basic,154.011,69.008,96.12,43.008,1.103,1.107
47,277,basic,125.327,86.754,50.629,34.497,1.019,1.075
47,279,basic,112.647,47.958,83.726,35.238,1.0,1.039
47,281,basic,65.415,47.749,70.169,51.09,0.806,0.815
47,282,basic,79.266,66.524,79.819,67.887,0.856,0.809
47,286,basic,186.779,102.551,192.587,103.127,1.788,1.879
47,287,basic,0.0,0.0,453.539,198.238,,0.957
47,287,gifted,190.0,174.342,0.0,0.0,,
47,288,basic,191.224,163.794,194.384,169.861,1.398,1.335
47,289,basic,156.682,143.423,187.412,169.962,1.412,1.488
47,291,basic,374.634,244.977,388.29,246.783,2.214,2.328
47,292,basic,563.023,330.293,617.368,363.532,1.448,1.499
47,930,basic,399.03,360.137,401.453,361.283,2.347,2.361
47,935,basic,437.715,312.902,457.394,334.524,1.784,1.705
47,939,basic,220.186,99.575,227.83,102.277,1.657,1.688
47,949,basic,377.857,328.663,488.037,425.992,1.571,1.632
47,955,basic,44.864,42.621,51.562,48.984,2.796,2.604
47,971,basic,0.0,0.0,560.879,244.844,,1.103
47,971,gifted,516.131,473.597,0.0,0.0,,
47,972,basic,258.992,193.491,262.07,194.582,1.817,1.836
47,974,basic,86.311,79.366,89.964,83.471,1.196,1.152
47,977,basic,242.39,193.291,201.304,156.553,1.324,1.43
48,103,basic,259.456,229.034,260.271,229.641,1.658,1.661
48,104,basic,142.365,55.974,156.199,63.23,2.455,2.31
48,105,basic,447.818,210.917,309.97,142.72,2.272,2.407
48,105,gifted,181.183,166.143,0.0,0.0,,
48,106,basic,450.738,271.136,334.158,203.4,1.79,1.705
48,106,gifted,115.542,105.95,0.0,0.0,,
48,107,basic,526.921,255.951,527.348,256.129,2.56,2.56
48,109,basic,153.273,101.587,155.846,103.561,2.151,2.137
48,110,basic,403.081,211.461,412.163,216.077,2.124,2.128
48,113,basic,405.018,245.619,273.714,164.601,2.356,2.395
48,113,gifted,137.447,126.038,0.0,0.0,,
48,115,basic,145.509,83.462,166.326,95.366,1.725,1.728
48,117,basic,261.038,161.232,224.937,141.206,2.326,2.229
48,117,gifted,89.67,82.227,0.0,0.0,,
48,118,basic,259.826,135.36,327.389,170.035,2.1,2.119
48,130,basic,656.134,384.004,672.662,393.245,1.705,1.711
48,201,basic,82.392,53.621,89.981,58.906,1.125,1.098
48,202,basic,168.72,88.37,171.178,88.958,1.62,1.664
48,203,basic,270.49,184.773,270.616,184.714,1.366,1.371
48,204,basic,176.354,125.518,106.799,68.345,1.383,2.041
48,208,basic,201.134,166.114,232.608,191.637,1.248,1.315
48,209,basic,152.678,51.838,133.818,45.398,0.784,0.788
48,210,basic,193.475,81.367,191.672,80.815,1.417,1.4
48,211,basic,79.758,49.61,86.005,53.438,1.11,1.119
48,212,gifted,205.607,188.54,0.0,0.0,,
48,215,basic,120.228,70.92,121.322,71.2,0.878,0.9
48,218,basic,154.643,93.791,164.148,99.614,0.766,0.763
48,220,basic,94.623,77.581,97.15,79.114,1.459,1.499
48,221,basic,163.339,111.449,168.207,112.816,1.011,1.091
48,222,basic,143.079,84.552,150.382,87.003,2.042,2.175
48,225,basic,87.285,43.372,88.26,43.843,1.241,1.243
48,226,basic,259.786,169.675,266.847,175.251,1.303,1.283
48,229,basic,255.899,209.133,262.842,212.576,1.152,1.209
48,230,basic,111.428,74.09,81.048,53.855,1.044,1.045
48,233,basic,273.766,166.949,279.618,170.466,0.837,0.839
48,234,basic,72.894,58.982,83.687,66.618,1.195,1.293
48,235,basic,78.046,48.893,79.301,49.176,1.267,1.318
48,236,basic,49.123,44.018,49.941,44.737,1.044,1.045
48,239,basic,282.491,165.03,284.478,166.158,1.695,1.697
48,241,basic,385.01,129.478,375.822,125.655,1.919,1.954
48,242,basic,157.288,107.522,163.13,111.595,1.239,1.235
48,243,basic,215.148,111.847,232.049,120.723,0.984,0.981
48,244,basic,37.184,34.748,37.494,35.277,1.12,1.049
48,245,basic,317.001,277.852,321.114,281.418,1.223,1.226
48,246,basic,240.286,121.321,257.516,129.541,1.242,1.261
48,247,basic,373.297,123.375,363.258,120.676,1.623,1.592
48,248,basic,144.839,90.638,146.928,92.117,0.873,0.863
48,249,basic,34.726,26.54,35.174,26.872,0.842,0.843
48,250,basic,87.872,64.334,92.605,67.791,0.971,0.972
48,251,basic,139.143,66.672,144.102,68.821,1.429,1.449
48,252,basic,241.159,169.502,247.525,173.546,1.493,1.508
48,255,basic,85.749,56.112,87.311,57.29,0.813,0.797
48,257,basic,118.034,102.486,115.197,100.038,1.054,1.053
48,259,basic,164.629,119.042,169.852,123.095,1.358,1.343
48,261,basic,173.496,158.784,178.428,163.327,1.084,1.079
48,262,basic,185.276,141.568,142.61,108.356,1.067,1.1
48,264,basic,78.773,35.538,80.219,36.191,0.936,0.936
48,266,basic,107.175,85.577,104.075,83.366,0.915,0.894
48,267,basic,117.409,103.88,119.717,105.913,1.02,1.021
48,268,basic,107.547,102.17,107.324,101.958,1.065,1.062
48,269,basic,104.215,97.953,95.188,89.463,1.046,1.014
48,270,basic,158.025,107.775,159.887,108.912,1.482,1.488
48,272,basic,42.125,39.744,41.811,39.546,1.03,0.981
48,275,basic,103.127,97.099,104.076,97.949,1.213,1.216
48,276,basic,154.578,74.814,96.332,46.59,1.138,1.141
48,277,basic,122.973,79.037,49.547,31.556,1.011,1.064
48,279,basic,103.065,44.441,76.033,32.557,0.999,1.039
48,281,basic,66.643,43.795,71.593,46.949,0.834,0.846
48,282,basic,75.07,55.338,74.821,55.692,0.91,0.853
48,286,basic,177.62,112.134,183.542,113.465,1.928,2.053
48,287,basic,0.0,0.0,443.264,192.14,,0.951
48,287,gifted,190.0,174.228,0.0,0.0,,
48,288,basic,187.984,164.668,191.178,169.782,1.377,1.315
48,289,basic,159.197,136.109,189.437,160.809,1.373,1.436
48,291,basic,369.98,263.9,382.882,267.393,2.273,2.393
48,292,basic,564.464,322.729,618.364,353.279,1.505,1.565
48,930,basic,398.968,360.871,401.39,362.192,2.336,2.351
48,935,basic,438.92,307.576,458.963,326.298,1.856,1.78
48,939,basic,219.137,106.44,226.609,109.555,1.761,1.792
48,949,basic,378.988,312.12,487.784,402.071,1.568,1.619
48,955,basic,47.278,44.914,53.355,50.687,2.793,2.588
48,971,basic,0.0,0.0,555.536,243.794,,1.126
48,971,gifted,515.135,472.374,0.0,0.0,,
48,972,basic,255.084,189.678,257.871,190.884,1.861,1.883
48,974,basic,87.655,79.259,90.797,82.843,1.241,1.183
48,977,basic,233.346,173.735,196.22,143.658,1.324,1.432
49,103,basic,267.623,234.068,268.553,234.707,1.635,1.639
49,104,basic,125.77,56.35,141.846,64.734,2.452,2.349
49,105,basic,471.592,245.316,324.228,165.252,2.336,2.482
49,105,gifted,184.973,169.39,0.0,0.0,,
49,106,basic,448.286,283.429,334.594,213.584,1.779,1.698
49,106,gifted,115.734,105.983,0.0,0.0,,
49,107,basic,516.722,281.381,517.071,281.538,2.49,2.491
49,109,basic,141.096,96.96,143.613,98.946,2.101,2.084
49,110,basic,396.319,215.669,405.534,220.504,2.097,2.103
49,113,basic,377.887,241.607,251.786,160.153,2.364,2.389
49,113,gifted,133.577,122.323,0.0,0.0,,
49,115,basic,154.984,95.921,177.58,109.819,1.734,1.74
49,117,basic,259.952,163.626,223.592,142.759,2.358,2.255
49,117,gifted,89.752,82.191,0.0,0.0,,
49,118,basic,267.683,151.549,333.365,188.659,2.11,2.113
49,130,basic,672.606,402.905,689.401,412.496,1.733,1.74
49,201,basic,85.087,55.498,92.762,60.825,1.118,1.087
49,202,basic,173.795,92.54,176.503,93.235,1.782,1.838
49,203,basic,264.31,179.052,264.397,178.99,1.36,1.364
49,204,basic,174.569,120.639,108.43,68.682,1.518,2.174
49,208,basic,204.748,159.117,237.225,184.883,1.297,1.368
49,209,basic,144.553,53.744,127.565,47.385,0.774,0.779
49,210,basic,192.731,83.679,190.873,83.04,1.43,1.413
49,211,basic,74.762,47.167,81.164,51.142,1.118,1.129
49,212,gifted,205.836,188.495,0.0,0.0,,
49,215,basic,118.361,67.01,119.683,67.258,0.987,1.026
49,218,basic,150.026,91.638,159.035,97.184,0.759,0.756
49,220,basic,90.642,70.215,92.667,71.534,1.49,1.517
49,221,basic,162.284,102.968,166.737,104.385,1.015,1.092
49,222,basic,149.305,85.492,155.834,88.233,2.376,2.473
49,225,basic,87.414,45.242,88.415,45.743,1.249,1.252
49,226,basic,262.035,156.741,269.026,161.847,1.41,1.382
49,229,basic,251.894,196.484,258.904,200.099,1.151,1.213
49,230,basic,112.224,74.895,81.243,54.161,1.079,1.084
49,233,basic,274.931,167.411,280.782,170.938,0.832,0.834
49,234,basic,73.433,57.518,84.608,65.332,1.179,1.282
49,235,basic,82.637,49.903,84.001,50.219,1.326,1.389
49,236,basic,48.743,40.323,49.569,40.985,1.04,1.044
49,239,basic,275.669,164.097,277.537,165.187,1.733,1.734
49,241,basic,384.049,142.348,374.972,138.095,1.916,1.963
49,242,basic,156.559,105.421,162.354,109.369,1.257,1.255
49,243,basic,218.189,116.842,235.263,126.057,0.983,0.979
49,244,basic,38.194,35.556,38.228,35.885,1.184,1.099
49,245,basic,320.432,255.154,324.615,258.422,1.248,1.252
49,246,basic,241.601,126.964,259.359,135.905,1.262,1.281
49,247,basic,370.51,135.409,361.056,132.493,1.61,1.581
49,248,basic,151.791,96.203,154.213,97.914,0.903,0.89
49,249,basic,30.501,21.938,30.969,22.242,0.96,0.969
49,250,basic,88.559,64.156,93.17,67.485,0.982,0.984
49,251,basic,127.126,61.014,131.852,63.113,1.4,1.419
49,252,basic,241.613,162.64,247.86,166.491,1.455,1.47
49,255,basic,84.109,55.069,85.445,56.091,0.871,0.853
49,257,basic,121.952,97.462,119.271,95.316,1.083,1.084
49,259,basic,157.617,113.836,162.107,117.356,1.348,1.33
49,261,basic,172.895,152.169,178.055,156.764,1.079,1.075
49,262,basic,188.754,138.025,145.261,105.692,1.089,1.124
49,264,basic,80.539,36.31,81.977,36.962,0.927,0.926
49,266,basic,109.281,80.694,106.098,78.572,0.934,0.911
49,267,basic,115.719,94.557,118.043,96.448,1.026,1.027
49,268,basic,109.265,103.802,109.21,103.749,1.072,1.068
49,269,basic,104.924,97.166,95.709,88.728,1.069,1.037
49,270,basic,155.106,105.383,156.864,106.468,1.572,1.579
49,272,basic,42.833,40.305,42.151,39.809,1.076,1.013
49,275,basic,89.913,83.317,90.829,84.131,1.148,1.151
49,276,basic,146.857,71.39,91.799,44.593,1.142,1.145
49,277,basic,121.463,78.744,48.618,31.294,1.015,1.065
49,279,basic,106.608,48.444,77.387,34.969,1.009,1.047
49,281,basic,67.526,44.962,72.323,48.095,0.82,0.829
49,282,basic,76.816,56.421,77.082,57.066,0.915,0.859
49,286,basic,177.273,104.253,182.693,105.842,2.043,2.153
49,287,basic,0.0,0.0,454.886,208.808,,0.951
49,287,gifted,190.0,173.993,0.0,0.0,,
49,288,basic,189.109,155.49,192.058,160.524,1.476,1.386
49,289,basic,156.338,136.701,185.686,161.972,1.385,1.436
49,291,basic,374.023,252.951,387.01,256.631,2.359,2.494
49,292,basic,561.088,331.728,615.72,366.35,1.521,1.568
49,930,basic,399.132,358.169,401.566,359.297,2.394,2.416
49,935,basic,437.955,306.639,457.531,325.444,1.914,1.821
49,939,basic,219.5,110.324,226.887,113.608,1.775,1.808
49,949,basic,380.375,316.893,491.463,411.835,1.625,1.672
49,955,basic,47.785,45.396,54.23,51.519,2.806,2.608
49,971,basic,0.0,0.0,567.765,262.647,,1.143
49,971,gifted,516.652,473.125,0.0,0.0,,
49,972,basic,256.311,186.174,259.491,187.493,1.939,1.969
49,974,basic,85.553,77.419,89.099,81.229,1.206,1.153
49,977,basic,235.577,174.509,195.682,143.014,1.313,1.416
50,103,basic,270.299,229.076,271.074,229.657,1.637,1.639
50,104,basic,153.042,59.945,165.481,67.404,2.567,2.391
50,105,basic,444.858,206.526,310.158,140.558,2.304,2.422
50,105,gifted,178.823,164.37,0.0,0.0,,
50,106,basic,461.106,275.842,342.765,207.963,1.788,1.704
50,106,gifted,116.908,107.458,0.0,0.0,,
50,107,basic,501.713,242.452,502.129,242.623,2.47,2.47
50,109,basic,158.843,101.71,161.511,103.711,2.157,2.144
50,110,basic,401.911,214.299,411.046,218.991,2.134,2.138
50,113,basic,386.194,223.545,261.783,150.03,2.362,2.401
50,113,gifted,133.416,122.633,0.0,0.0,,
50,115,basic,148.964,85.262,170.486,97.488,1.722,1.727
50,117,basic,268.67,162.337,231.557,142.694,2.326,2.229
50,117,gifted,90.308,83.009,0.0,0.0,,
50,118,basic,279.793,143.661,352.985,180.403,2.153,2.177
50,130,basic,659.237,398.619,675.706,408.085,1.678,1.683
50,201,basic,80.503,53.515,87.26,58.431,1.059,1.032
50,202,basic,173.235,91.082,175.834,91.555,1.677,1.722
50,203,basic,262.732,180.271,262.811,180.187,1.297,1.301
50,204,basic,176.855,124.163,106.675,66.404,1.367,1.978
50,208,basic,208.784,169.906,240.737,194.752,1.233,1.295
50,209,basic,152.105,60.828,132.767,53.074,0.758,0.759
50,210,basic,193.728,89.718,191.86,89.223,1.387,1.365
50,211,basic,78.55,49.786,85.044,53.807,1.109,1.12
50,212,gifted,206.01,189.359,0.0,0.0,,
50,215,basic,123.263,78.354,124.455,78.588,0.92,0.943
50,218,basic,155.952,99.839,165.633,106.124,0.758,0.754
50,220,basic,92.123,72.706,94.542,74.035,1.444,1.48
50,221,basic,163.202,119.487,167.688,120.805,0.932,0.991
50,222,basic,147.614,81.564,154.824,83.7,2.186,2.301
50,225,basic,82.814,43.589,83.738,44.058,1.223,1.225
50,226,basic,256.477,175.257,263.387,181.24,1.309,1.289
50,229,basic,258.232,208.092,265.227,211.498,1.133,1.179
50,230,basic,102.797,69.053,74.404,49.932,1.024,1.025
50,233,basic,280.41,180.539,286.402,184.328,0.835,0.837
50,234,basic,77.717,61.536,89.463,69.425,1.188,1.287
50,235,basic,82.118,54.467,83.286,54.681,1.165,1.206
50,236,basic,53.365,47.311,54.295,48.119,1.033,1.034
50,239,basic,281.803,162.922,283.782,164.028,1.723,1.724
50,241,basic,383.538,140.986,373.754,136.676,1.881,1.905
50,242,basic,159.085,110.473,165.332,114.899,1.214,1.211
50,243,basic,211.271,117.142,227.828,126.435,0.978,0.975
50,244,basic,37.21,34.372,37.485,34.994,1.079,1.014
50,245,basic,320.564,279.211,324.559,282.683,1.214,1.217
50,246,basic,243.428,130.219,260.991,139.177,1.201,1.215
50,247,basic,373.808,138.302,363.601,135.443,1.57,1.536
50,248,basic,143.705,92.787,145.703,94.308,0.895,0.883
50,249,basic,30.975,24.193,31.415,24.514,0.867,0.87
50,250,basic,84.658,61.884,89.104,65.104,0.966,0.969
50,251,basic,125.195,65.254,129.92,67.444,1.39,1.41
50,252,basic,237.521,167.213,243.776,171.111,1.442,1.457
50,255,basic,86.883,58.127,88.512,59.408,0.84,0.826
50,257,basic,121.077,103.106,118.17,100.649,1.079,1.079
50,259,basic,157.793,112.944,162.037,116.495,1.267,1.244
50,261,basic,173.989,156.048,179.093,160.841,1.085,1.077
50,262,basic,188.228,144.33,145.29,110.599,1.069,1.104
50,264,basic,76.889,39.901,78.276,40.625,0.901,0.901
50,266,basic,101.768,83.611,98.698,81.499,0.874,0.848
50,267,basic,115.496,102.406,117.757,104.402,1.024,1.025
50,268,basic,111.89,106.295,111.996,106.396,1.064,1.06
50,269,basic,111.592,103.645,102.357,95.133,1.057,1.027
50,270,basic,159.669,104.77,161.473,105.853,1.51,1.514
50,272,basic,42.018,39.239,41.339,38.848,1.058,1.004
50,275,basic,94.133,87.492,95.046,88.292,1.148,1.151
50,276,basic,156.715,83.8,97.694,52.208,1.099,1.101
50,277,basic,120.014,78.569,47.842,31.014,1.002,1.048
50,279,basic,99.702,47.59,72.182,34.233,0.989,1.018
50,281,basic,67.401,45.567,72.28,48.78,0.817,0.824
50,282,basic,73.139,53.825,72.999,54.329,0.888,0.835
50,286,basic,185.46,117.089,191.287,117.986,1.911,2.024
50,287,basic,0.0,0.0,444.289,212.198,,0.941
50,287,gifted,190.0,174.643,0.0,0.0,,
50,288,basic,191.749,160.372,194.845,165.788,1.393,1.33
50,289,basic,152.819,122.181,182.573,144.278,1.354,1.423
50,291,basic,374.865,252.636,387.763,255.584,2.266,2.372
50,292,basic,564.804,328.517,619.197,359.033,1.486,1.536
50,930,basic,399.552,330.551,401.973,331.494,2.297,2.312
50,935,basic,438.012,290.618,457.689,309.032,1.855,1.774
50,939,basic,219.773,111.85,227.233,114.97,1.738,1.768
50,949,basic,377.856,291.584,489.025,376.07,1.55,1.605
50,955,basic,46.26,43.947,52.437,49.815,2.817,2.632
50,971,basic,0.0,0.0,559.759,267.984,,1.117
50,971,gifted,515.711,474.028,0.0,0.0,,
50,972,basic,262.382,184.48,265.264,185.536,1.846,1.868
50,974,basic,87.651,76.192,91.057,79.985,1.223,1.177
50,977,basic,229.691,167.929,192.218,137.922,1.277,1.376
51,103,basic,260.714,230.642,261.525,231.24,1.647,1.649
51,104,basic,127.534,53.435,139.512,60.292,2.377,2.246
51,105,basic,452.917,220.565,313.72,149.015,2.268,2.386
51,105,gifted,181.508,166.531,0.0,0.0,,
51,106,basic,466.445,295.062,347.943,223.542,1.749,1.661
51,106,gifted,117.089,107.428,0.0,0.0,,
51,107,basic,515.497,257.556,515.865,257.71,2.522,2.523
51,109,basic,140.307,95.142,142.508,96.945,2.129,2.116
51,110,basic,390.483,216.496,399.425,221.254,2.073,2.077
51,113,basic,377.267,231.565,251.772,153.205,2.343,2.378
51,113,gifted,132.951,121.981,0.0,0.0,,
51,115,basic,142.436,85.694,163.043,98.025,1.722,1.726
51,117,basic,253.488,160.149,217.717,140.115,2.316,2.227
51,117,gifted,89.756,82.35,0.0,0.0,,
51,118,basic,265.46,143.67,333.857,180.1,2.101,2.117
51,130,basic,666.383,414.654,683.184,424.496,1.701,1.707
51,201,basic,75.665,49.87,82.453,54.743,1.026,1.002
51,202,basic,161.301,84.985,163.823,85.496,1.528,1.57
51,203,basic,272.413,183.748,272.537,183.646,1.317,1.321
51,204,basic,184.085,125.847,112.106,66.981,1.442,2.115
51,208,basic,208.794,171.114,241.342,197.285,1.262,1.335
51,209,basic,142.475,53.024,126.019,46.816,0.777,0.784
51,210,basic,191.33,83.523,189.499,82.938,1.395,1.381
51,211,basic,76.958,48.019,83.059,51.727,1.102,1.113
51,212,gifted,205.931,188.939,0.0,0.0,,
51,215,basic,114.231,69.198,115.659,69.376,0.93,0.964
51,218,basic,162.813,101.609,173.051,108.043,0.761,0.759
51,220,basic,88.823,71.273,91.128,72.583,1.353,1.386
51,221,basic,162.571,114.726,167.141,115.96,0.932,0.993
51,222,basic,143.208,80.86,150.665,82.973,1.998,2.121
51,225,basic,79.585,40.801,80.499,41.25,1.179,1.181
51,226,basic,262.819,173.792,269.789,179.41,1.272,1.259
51,229,basic,249.096,199.371,256.099,201.95,1.137,1.201
51,230,basic,110.839,73.431,79.686,52.813,1.036,1.03
51,233,basic,282.366,176.922,288.342,180.615,0.833,0.835
51,234,basic,77.459,60.963,89.624,69.025,1.198,1.301
51,235,basic,92.824,57.743,94.324,57.905,1.314,1.367
51,236,basic,45.116,39.848,45.909,40.523,1.002,1.004
51,239,basic,277.505,159.618,279.462,160.702,1.65,1.651
51,241,basic,384.825,133.014,376.226,128.48,1.883,1.942
51,242,basic,156.683,106.494,162.003,110.191,1.231,1.229
51,243,basic,219.519,117.592,236.837,126.964,0.981,0.978
51,244,basic,38.442,35.67,38.831,36.337,1.068,1.013
51,245,basic,324.497,277.626,328.818,281.172,1.239,1.244
51,246,basic,234.884,122.293,251.013,130.366,1.171,1.18
51,247,basic,368.095,127.76,358.826,125.197,1.572,1.547
51,248,basic,148.532,94.296,150.712,95.911,0.886,0.875
51,249,basic,26.465,20.332,26.748,20.544,0.861,0.862
51,250,basic,81.783,59.34,86.333,62.605,0.973,0.976
51,251,basic,132.406,65.488,137.308,67.639,1.384,1.403
51,252,basic,244.095,168.268,250.5,172.158,1.445,1.46
51,255,basic,87.111,57.617,88.744,58.887,0.823,0.808
51,257,basic,124.621,105.423,121.769,102.981,1.077,1.08
51,259,basic,161.499,114.631,165.96,118.362,1.29,1.266
51,261,basic,179.611,160.789,185.248,165.773,1.084,1.083
51,262,basic,187.287,141.897,144.308,108.564,1.065,1.097
51,264,basic,82.156,39.659,83.643,40.379,0.936,0.936
51,266,basic,106.316,85.263,103.245,83.131,0.898,0.877
51,267,basic,108.643,95.655,110.871,97.602,1.003,1.003
51,268,basic,114.077,108.373,114.23,108.518,1.073,1.07
51,269,basic,102.609,95.228,93.596,86.912,1.037,1.004
51,270,basic,143.974,96.824,145.715,97.853,1.368,1.374
51,272,basic,41.235,38.605,40.88,38.459,1.044,0.998
51,275,basic,95.961,89.101,96.938,89.951,1.192,1.195
51,276,basic,153.916,78.005,95.919,48.55,1.109,1.112
51,277,basic,124.654,80.379,50.25,32.029,1.004,1.056
51,279,basic,110.742,50.208,81.725,36.735,1.0,1.037
51,281,basic,65.533,43.699,70.362,46.796,0.817,0.828
51,282,basic,73.928,54.47,74.082,55.226,0.868,0.814
51,286,basic,178.897,112.438,184.619,113.479,1.772,1.875
51,287,basic,0.0,0.0,451.53,205.079,,0.961
51,287,gifted,190.0,174.323,0.0,0.0,,
51,288,basic,185.229,156.693,188.353,161.802,1.341,1.286
51,289,basic,155.19,131.62,185.226,155.915,1.371,1.43
51,291,basic,370.526,255.411,383.67,258.216,2.213,2.324
51,292,basic,563.966,329.509,620.18,362.942,1.485,1.545
51,930,basic,398.531,341.217,400.956,342.229,2.262,2.276
51,935,basic,437.788,299.658,457.653,318.982,1.819,1.746
51,939,basic,216.892,109.043,224.207,112.176,1.697,1.724
51,949,basic,379.579,307.481,490.088,398.064,1.531,1.586
51,955,basic,45.527,43.251,52.236,49.624,2.766,2.561
51,971,basic,0.0,0.0,564.207,257.476,,1.127
51,971,gifted,516.571,473.948,0.0,0.0,,
51,972,basic,253.623,183.76,256.674,184.91,1.831,1.852
51,974,basic,86.937,76.524,90.377,80.41,1.201,1.153
51,977,basic,239.657,172.981,199.011,140.751,1.326,1.43
52,103,basic,270.653,231.039,271.48,231.639,1.635,1.637
52,104,basic,151.358,59.53,167.97,68.342,2.522,2.382
52,105,basic,424.786,200.959,294.335,135.453,2.198,2.312
52,105,gifted,177.921,163.811,0.0,0.0,,
52,106,basic,455.116,277.978,340.648,211.456,1.75,1.67
52,106,gifted,115.53,106.368,0.0,0.0,,
52,107,basic,509.285,244.472,509.742,244.651,2.451,2.451
52,109,basic,161.701,104.821,164.365,106.832,2.107,2.097
52,110,basic,405.54,218.851,414.699,223.617,2.095,2.098
52,113,basic,393.916,229.383,265.237,153.085,2.339,2.374
52,113,gifted,134.218,123.574,0.0,0.0,,
52,115,basic,142.878,83.003,163.419,94.874,1.714,1.717
52,117,basic,261.229,158.18,224.469,138.808,2.301,2.211
52,117,gifted,90.309,83.147,0.0,0.0,,
52,118,basic,272.544,141.801,342.501,177.465,2.095,2.113
52,130,basic,650.36,400.711,666.777,410.253,1.648,1.654
52,201,basic,79.951,53.261,86.889,58.287,1.029,1.01
52,202,basic,178.639,91.582,181.259,91.884,1.663,1.708
52,203,basic,265.06,180.879,265.099,180.736,1.278,1.281
52,204,basic,175.022,120.709,107.114,64.056,1.373,1.998
52,208,basic,207.658,170.51,238.927,194.957,1.219,1.283
52,209,basic,146.451,58.515,128.771,51.422,0.766,0.768
52,210,basic,190.403,87.346,188.392,86.902,1.353,1.329
52,211,basic,81.577,51.712,87.642,55.463,1.091,1.1
52,212,gifted,205.789,189.469,0.0,0.0,,
52,215,basic,119.596,76.282,120.779,76.525,0.888,0.908
52,218,basic,155.357,99.952,165.758,106.711,0.767,0.765
52,220,basic,91.515,73.136,93.716,74.372,1.331,1.358
52,221,basic,162.888,120.295,167.352,121.524,0.906,0.959
52,222,basic,148.886,80.962,156.387,82.858,2.087,2.201
52,225,basic,85.246,44.617,86.179,45.087,1.193,1.195
52,226,basic,261.19,179.146,268.148,184.983,1.236,1.225
52,229,basic,247.195,198.732,253.97,201.458,1.129,1.178
52,230,basic,116.42,78.444,84.244,56.746,1.003,1.0
52,233,basic,281.005,182.09,286.97,185.89,0.824,0.825
52,234,basic,74.934,59.22,86.096,66.611,1.163,1.251
52,235,basic,90.843,58.535,92.283,58.663,1.237,1.284
52,236,basic,51.244,44.693,52.21,45.51,1.064,1.066
52,239,basic,266.388,151.117,268.227,152.139,1.693,1.694
52,241,basic,387.043,138.075,377.564,133.627,1.853,1.886
52,242,basic,157.386,108.808,163.069,112.846,1.192,1.189
52,243,basic,218.15,120.946,235.315,130.584,0.977,0.974
52,244,basic,38.887,35.795,39.032,36.311,1.083,1.028
52,245,basic,317.986,273.761,321.993,277.132,1.225,1.229
52,246,basic,241.242,128.243,258.81,136.975,1.175,1.191
52,247,basic,367.445,132.861,357.252,130.057,1.555,1.526
52,248,basic,145.696,94.58,147.69,96.126,0.875,0.864
52,249,basic,30.293,23.796,30.639,24.064,0.847,0.848
52,250,basic,86.427,63.424,90.72,66.559,0.959,0.961
52,251,basic,127.498,66.421,131.979,68.476,1.323,1.339
52,252,basic,240.714,168.833,246.941,172.682,1.407,1.42
52,255,basic,89.638,60.368,91.405,61.774,0.83,0.817
52,257,basic,124.6,106.166,121.56,103.59,1.071,1.072
52,259,basic,164.931,115.723,169.801,119.625,1.314,1.295
52,261,basic,175.85,157.8,180.769,162.463,1.036,1.027
52,262,basic,187.454,143.442,144.825,109.875,1.07,1.104
52,264,basic,78.781,40.569,80.2,41.303,0.925,0.924
52,266,basic,109.637,90.099,106.487,87.986,0.901,0.877
52,267,basic,118.933,105.064,121.347,107.181,1.02,1.021
52,268,basic,109.483,104.009,109.407,103.937,1.064,1.058
52,269,basic,105.683,97.897,96.744,89.725,0.995,0.962
52,270,basic,168.904,108.011,170.772,109.057,1.532,1.537
52,272,basic,41.516,38.628,40.999,38.411,1.026,0.977
52,275,basic,94.122,86.946,95.026,87.726,1.168,1.17
52,276,basic,155.409,82.415,96.731,51.248,1.112,1.115
52,277,basic,123.977,81.411,49.524,32.177,0.993,1.035
52,279,basic,105.617,50.392,76.596,36.286,0.976,1.003
52,281,basic,65.92,44.831,70.811,48.03,0.812,0.822
52,282,basic,75.923,56.164,75.8,56.84,0.882,0.827
52,286,basic,171.745,112.191,177.19,113.068,1.636,1.728
52,287,basic,0.0,0.0,446.473,213.137,,0.942
52,287,gifted,190.0,174.932,0.0,0.0,,
52,288,basic,186.903,158.3,189.865,162.983,1.296,1.253
52,289,basic,154.413,126.215,183.845,148.641,1.325,1.386
52,291,basic,372.519,255.43,385.275,258.037,2.116,2.215
52,292,basic,565.296,328.331,618.68,359.212,1.483,1.528
52,930,basic,398.883,322.367,401.306,323.217,2.282,2.296
52,935,basic,437.226,291.994,457.014,311.078,1.78,1.707
52,939,basic,219.056,110.965,226.361,114.038,1.679,1.705
52,949,basic,379.106,296.096,489.874,381.826,1.508,1.562
52,955,basic,46.137,43.83,52.334,49.717,2.768,2.571
52,971,basic,0.0,0.0,558.853,266.298,,1.104
52,971,gifted,515.043,474.198,0.0,0.0,,
52,972,basic,261.398,181.739,264.528,182.772,1.864,1.886
52,974,basic,85.575,74.077,88.79,77.817,1.189,1.141
52,977,basic,233.393,169.027,194.919,138.061,1.276,1.376
53,103,basic,273.603,234.97,274.602,235.585,1.627,1.631
53,104,basic,131.601,50.314,150.178,58.237,2.239,2.185
53,105,basic,411.619,183.722,284.944,123.785,2.258,2.396
53,105,gifted,175.193,161.472,0.0,0.0,,
53,106,basic,445.897,258.534,333.416,196.14,1.716,1.631
53,106,gifted,114.496,105.529,0.0,0.0,,
53,107,basic,496.669,229.118,497.089,229.273,2.485,2.485
53,109,basic,156.377,99.269,158.682,100.966,2.053,2.042
53,110,basic,403.505,195.454,412.88,199.794,2.092,2.097
53,113,basic,393.213,228.086,261.438,151.192,2.316,2.326
53,113,gifted,135.872,125.23,0.0,0.0,,
53,115,basic,144.93,79.911,165.626,91.29,1.728,1.73
53,117,basic,255.322,145.225,219.174,126.781,2.353,2.265
53,117,gifted,90.358,83.281,0.0,0.0,,
53,118,basic,258.32,127.202,326.607,160.128,2.098,2.121
53,130,basic,677.333,368.27,694.13,376.98,1.696,1.701
53,201,basic,77.119,53.076,84.501,58.544,1.049,1.025
53,202,basic,171.628,91.212,174.052,91.739,1.635,1.675
53,203,basic,261.412,188.939,261.536,188.912,1.272,1.275
53,204,basic,179.037,130.28,111.045,71.011,1.452,2.147
53,208,basic,207.77,173.207,239.929,198.075,1.217,1.287
53,209,basic,158.394,54.203,138.794,47.446,0.772,0.776
53,210,basic,193.791,81.124,191.948,80.617,1.393,1.374
53,211,basic,81.801,53.215,88.96,57.731,1.11,1.125
53,212,gifted,205.747,189.633,0.0,0.0,,
53,215,basic,122.017,72.497,123.072,72.754,0.858,0.876
53,218,basic,157.811,99.862,168.068,106.41,0.766,0.763
53,220,basic,93.919,76.87,96.504,78.398,1.484,1.524
53,221,basic,165.628,112.273,170.725,113.47,1.015,1.092
53,222,basic,142.055,88.322,148.696,90.517,1.867,1.976
53,225,basic,85.49,43.585,86.392,44.028,1.222,1.224
53,226,basic,252.417,163.995,259.512,169.538,1.24,1.225
53,229,basic,257.305,219.383,264.697,222.413,1.153,1.22
53,230,basic,107.242,75.016,77.015,53.797,1.051,1.054
53,233,basic,284.374,179.562,290.505,183.362,0.833,0.835
53,234,basic,81.381,68.016,94.876,77.546,1.252,1.368
53,235,basic,81.277,52.529,82.364,52.771,1.142,1.178
53,236,basic,48.546,43.077,49.263,43.699,1.102,1.104
53,239,basic,274.662,164.196,276.629,165.312,1.705,1.707
53,241,basic,385.215,127.148,376.631,122.798,1.94,2.005
53,242,basic,155.596,109.804,161.368,113.985,1.237,1.233
53,243,basic,214.335,115.162,231.278,124.341,0.977,0.975
53,244,basic,36.122,33.751,36.559,34.412,1.118,1.048
53,245,basic,317.852,281.069,322.032,284.672,1.213,1.218
53,246,basic,238.579,124.347,255.641,132.868,1.206,1.219
53,247,basic,373.618,122.59,363.728,120.017,1.61,1.581
53,248,basic,146.121,95.413,148.067,96.875,0.903,0.893
53,249,basic,25.034,19.544,25.263,19.715,0.893,0.894
53,250,basic,87.626,68.093,92.35,71.706,0.963,0.967
53,251,basic,132.197,62.71,137.225,64.825,1.398,1.419
53,252,basic,243.275,175.956,249.735,180.08,1.437,1.452
53,255,basic,90.676,62.067,92.502,63.508,0.855,0.84
53,257,basic,123.258,109.621,120.456,107.127,1.078,1.08
53,259,basic,163.348,125.269,168.039,129.333,1.314,1.294
53,261,basic,165.928,152.697,170.719,157.116,1.073,1.068
53,262,basic,191.646,151.842,147.275,115.9,1.074,1.107
53,264,basic,82.208,36.352,83.714,37.021,0.94,0.94
53,266,basic,106.23,87.176,103.152,84.98,0.91,0.888
53,267,basic,120.424,108.683,122.667,110.703,1.028,1.029
53,268,basic,108.477,103.053,108.324,102.908,1.073,1.069
53,269,basic,105.687,99.428,96.584,90.867,1.064,1.033
53,270,basic,148.913,107.384,150.622,108.504,1.439,1.444
53,272,basic,43.108,40.685,42.812,40.505,1.045,0.994
53,275,basic,98.226,92.501,99.164,93.342,1.17,1.174
53,276,basic,153.21,74.165,95.859,46.369,1.126,1.128
53,277,basic,125.022,84.599,50.149,33.614,1.009,1.055
53,279,basic,107.166,47.039,78.537,34.225,0.993,1.027
53,281,basic,61.864,43.051,66.464,46.119,0.824,0.838
53,282,basic,73.582,58.253,73.588,58.918,0.873,0.818
53,286,basic,185.78,112.807,191.783,113.829,1.991,2.109
53,287,basic,0.0,0.0,441.481,196.335,,0.944
53,287,gifted,190.0,175.119,0.0,0.0,,
53,288,basic,196.179,172.782,199.626,178.74,1.403,1.338
53,289,basic,156.691,136.089,186.834,160.571,1.358,1.425
53,291,basic,378.247,261.767,391.688,263.522,2.283,2.421
53,292,basic,565.06,323.898,619.317,352.995,1.48,1.53
53,930,basic,399.289,363.682,401.705,365.166,2.347,2.359
53,935,basic,437.445,309.289,457.197,328.227,1.826,1.751
53,939,basic,219.649,104.129,227.262,107.046,1.718,1.752
53,949,basic,375.549,319.371,485.465,410.72,1.494,1.549
53,955,basic,46.36,44.042,52.81,50.17,2.71,2.501
53,971,basic,0.0,0.0,559.687,250.073,,1.125
53,971,gifted,515.621,475.237,0.0,0.0,,
53,972,basic,261.603,196.218,264.169,197.381,1.813,1.83
53,974,basic,86.151,78.592,89.47,82.367,1.296,1.242
53,977,basic,231.346,181.865,194.806,150.142,1.306,1.415
54,103,basic,276.9,258.058,277.964,258.747,1.66,1.666
54,104,basic,133.457,57.148,151.868,65.408,2.089,2.069
54,105,basic,440.544,210.343,307.255,142.97,2.319,2.479
54,105,gifted,179.79,165.204,0.0,0.0,,
54,106,basic,453.82,293.126,339.219,222.198,1.692,1.596
54,106,gifted,116.304,106.869,0.0,0.0,,
54,107,basic,498.528,255.546,498.962,255.732,2.467,2.468
54,109,basic,148.144,108.574,149.889,110.152,2.069,2.053
54,110,basic,419.788,233.676,429.982,239.044,2.123,2.131
54,113,basic,385.08,250.653,258.391,167.727,2.31,2.321
54,113,gifted,133.712,122.865,0.0,0.0,,
54,115,basic,142.029,84.449,162.656,96.635,1.725,1.73
54,117,basic,248.631,167.326,216.515,147.079,2.325,2.265
54,117,gifted,89.367,82.117,0.0,0.0,,
54,118,basic,256.974,139.493,325.45,175.87,2.088,2.116
54,130,basic,665.288,414.537,681.977,424.348,1.758,1.766
54,201,basic,76.637,47.906,84.233,52.928,1.101,1.078
54,202,basic,173.944,84.823,176.648,85.39,1.739,1.791
54,203,basic,244.302,164.422,244.317,164.315,1.266,1.27
54,204,basic,185.736,126.66,114.293,69.88,1.524,2.232
54,208,basic,204.944,172.576,236.397,199.591,1.298,1.373
54,209,basic,154.404,46.833,135.328,41.026,0.766,0.769
54,210,basic,193.794,76.227,191.893,75.708,1.407,1.386
54,211,basic,72.215,42.655,77.43,45.687,1.104,1.112
54,212,gifted,206.034,189.32,0.0,0.0,,
54,215,basic,117.498,67.134,118.741,67.393,0.956,0.985
54,218,basic,154.049,88.156,163.958,93.85,0.769,0.767
54,220,basic,84.925,71.957,86.842,73.261,1.313,1.34
54,221,basic,162.397,112.056,166.833,113.471,0.973,1.041
54,222,basic,148.019,82.366,155.817,85.008,2.268,2.405
54,225,basic,82.89,38.837,83.762,39.238,1.191,1.192
54,226,basic,259.931,170.528,267.032,176.013,1.343,1.326
54,229,basic,251.262,203.641,258.472,206.894,1.149,1.219
54,230,basic,115.993,72.971,82.93,52.161,1.076,1.074
54,233,basic,277.57,161.266,283.433,164.646,0.842,0.843
54,234,basic,75.207,60.26,86.246,68.08,1.203,1.296
54,235,basic,75.489,46.148,76.954,46.443,1.32,1.388
54,236,basic,55.651,50.187,56.715,51.119,1.093,1.096
54,239,basic,280.315,155.602,282.274,156.681,1.758,1.758
54,241,basic,387.463,118.539,378.787,114.81,1.927,1.985
54,242,basic,157.162,105.501,162.897,109.442,1.221,1.216
54,243,basic,217.439,105.006,234.576,113.357,0.99,0.987
54,244,basic,38.248,35.86,38.664,36.424,1.134,1.074
54,245,basic,320.541,287.337,324.762,291.037,1.228,1.233
54,246,basic,233.173,110.722,250.082,118.237,1.21,1.234
54,247,basic,369.406,110.516,360.273,108.217,1.603,1.578
54,248,basic,150.146,88.775,152.34,90.238,0.895,0.884
54,249,basic,31.867,24.189,32.206,24.445,0.853,0.852
54,250,basic,92.061,64.753,96.589,67.922,0.969,0.971
54,251,basic,132.328,61.139,137.101,63.158,1.395,1.414
54,252,basic,229.097,160.654,235.165,164.528,1.422,1.436
54,255,basic,89.865,55.626,91.65,56.874,0.825,0.81
54,257,basic,120.052,103.947,117.367,101.614,1.081,1.082
54,259,basic,158.84,112.101,162.93,115.48,1.301,1.274
54,261,basic,171.72,157.473,177.021,162.285,1.119,1.116
54,262,basic,190.823,143.385,147.6,110.185,1.087,1.127
54,264,basic,77.05,33.128,78.471,33.739,0.94,0.94
54,266,basic,102.044,81.562,98.945,79.347,0.907,0.884
54,267,basic,120.906,109.725,123.282,111.872,1.015,1.016
54,268,basic,107.267,101.904,107.546,102.169,1.06,1.057
54,269,basic,105.556,99.741,96.679,91.375,0.994,0.958
54,270,basic,162.919,105.271,164.756,106.328,1.571,1.577
54,272,basic,42.183,39.756,41.735,39.436,1.07,1.012
54,275,basic,94.574,89.408,95.543,90.292,1.218,1.222
54,276,basic,151.411,69.311,94.227,43.057,1.158,1.164
54,277,basic,126.535,76.94,50.351,30.402,1.008,1.05
54,279,basic,106.389,42.066,77.177,30.346,0.992,1.024
54,281,basic,68.703,42.89,73.864,46.01,0.816,0.829
54,282,basic,79.137,55.9,79.46,56.652,0.896,0.84
54,286,basic,174.362,112.879,179.92,114.424,1.887,1.996
54,287,basic,0.0,0.0,447.396,176.303,,0.944
54,287,gifted,190.0,174.586,0.0,0.0,,
54,288,basic,187.252,166.003,190.621,171.026,1.381,1.325
54,289,basic,158.847,140.025,189.552,166.257,1.367,1.435
54,291,basic,371.559,274.121,385.032,276.413,2.324,2.485
54,292,basic,563.166,319.202,617.261,353.035,1.485,1.533
54,930,basic,398.815,362.133,401.228,363.581,2.384,2.397
54,935,basic,438.218,311.552,458.295,330.611,1.855,1.789
54,939,basic,212.759,102.034,219.899,105.074,1.784,1.813
54,949,basic,376.025,317.565,486.995,413.35,1.53,1.598
54,955,basic,45.807,43.516,53.021,50.37,2.677,2.487
54,971,basic,0.0,0.0,564.787,226.783,,1.144
54,971,gifted,516.436,474.54,0.0,0.0,,
54,972,basic,268.554,201.029,271.8,202.431,1.913,1.937
54,974,basic,88.188,80.11,91.393,83.722,1.213,1.156
54,977,basic,231.802,169.066,193.921,139.279,1.284,1.384
55,103,basic,252.665,226.388,253.905,226.98,1.637,1.646
55,104,basic,111.415,53.06,127.011,60.524,1.984,1.981
55,105,basic,464.617,229.985,316.982,150.81,2.239,2.378
55,105,gifted,185.338,169.789,0.0,0.0,,
55,106,basic,444.333,302.758,329.592,230.381,1.67,1.577
55,106,gifted,115.046,105.395,0.0,0.0,,
55,107,basic,522.707,259.432,523.208,259.55,2.518,2.52
55,109,basic,146.712,106.985,149.772,109.418,1.967,1.961
55,110,basic,409.176,231.928,418.966,237.031,2.08,2.086
55,113,basic,381.997,241.966,256.435,162.623,2.266,2.263
55,113,gifted,134.057,122.81,0.0,0.0,,
55,115,basic,152.864,97.122,175.403,111.207,1.721,1.728
55,117,basic,255.942,165.277,222.118,146.103,2.258,2.193
55,117,gifted,89.742,82.213,0.0,0.0,,
55,118,basic,251.64,141.966,312.6,176.295,2.035,2.037
55,130,basic,652.915,435.711,669.597,445.651,1.63,1.639
55,201,basic,76.0,50.645,82.088,55.261,0.94,0.918
55,202,basic,165.25,83.15,167.716,83.468,1.471,1.504
55,203,basic,277.892,183.714,278.01,183.611,1.263,1.266
55,204,basic,175.625,117.241,107.911,60.987,1.343,1.921
55,208,basic,206.799,171.608,238.321,197.451,1.214,1.284
55,209,basic,143.92,54.595,126.671,47.966,0.768,0.772
55,210,basic,194.235,82.051,192.414,81.713,1.35,1.332
55,211,basic,76.267,46.447,84.463,51.182,1.132,1.15
55,212,gifted,205.469,188.231,0.0,0.0,,
55,215,basic,121.147,75.633,122.481,75.771,0.849,0.874
55,218,basic,158.453,100.9,168.225,107.224,0.753,0.75
55,220,basic,97.786,73.634,100.533,74.797,1.405,1.441
55,221,basic,170.114,120.804,175.012,121.775,0.898,0.95
55,222,basic,146.756,80.601,153.93,81.99,1.812,1.91
55,225,basic,84.325,42.286,85.253,42.72,1.161,1.163
55,226,basic,256.729,167.393,263.733,172.977,1.179,1.17
55,229,basic,252.337,199.831,259.202,202.264,1.109,1.15
55,230,basic,110.809,73.129,79.486,52.465,1.011,1.006
55,233,basic,280.99,178.639,287.041,182.378,0.817,0.818
55,234,basic,78.714,60.509,92.016,68.278,1.176,1.291
55,235,basic,85.454,54.429,86.627,54.546,1.11,1.14
55,236,basic,51.578,44.053,52.461,44.788,1.008,1.009
55,239,basic,279.223,151.17,281.216,152.18,1.627,1.628
55,241,basic,385.88,124.998,376.572,120.635,1.799,1.836
55,242,basic,157.347,104.948,163.34,109.029,1.204,1.202
55,243,basic,212.557,113.963,229.283,123.025,0.967,0.966
55,244,basic,36.502,33.41,36.858,34.18,1.043,0.991
55,245,basic,321.727,267.02,325.9,270.351,1.225,1.228
55,246,basic,228.767,118.346,244.562,126.308,1.107,1.112
55,247,basic,371.444,123.412,361.882,121.302,1.507,1.478
55,248,basic,147.407,94.525,149.428,96.147,0.874,0.863
55,249,basic,30.422,23.575,30.762,23.804,0.848,0.851
55,250,basic,84.877,61.722,90.216,65.501,0.959,0.965
55,251,basic,132.815,63.582,137.924,65.618,1.327,1.346
55,252,basic,241.173,161.742,247.594,165.344,1.36,1.373
55,255,basic,87.881,58.791,89.503,60.13,0.818,0.806
55,257,basic,121.585,100.909,118.653,98.472,1.07,1.071
55,259,basic,157.189,109.217,160.746,112.529,1.243,1.217
55,261,basic,168.36,147.744,173.263,152.295,1.046,1.039
55,262,basic,185.114,138.779,142.719,105.971,1.058,1.088
55,264,basic,77.506,37.377,78.924,38.063,0.931,0.931
55,266,basic,106.568,85.92,103.412,83.977,0.887,0.863
55,267,basic,119.269,103.712,121.597,105.721,1.01,1.01
55,268,basic,108.581,103.15,108.411,102.987,1.066,1.06
55,269,basic,108.229,98.783,99.149,90.637,1.003,0.972
55,270,basic,164.044,105.92,165.891,106.979,1.357,1.36
55,272,basic,44.261,41.004,43.903,41.006,1.021,0.976
55,275,basic,102.827,92.748,103.829,93.562,1.197,1.2
55,276,basic,144.978,72.72,91.151,45.663,1.091,1.094
55,277,basic,119.727,77.36,47.937,30.536,0.982,1.024
55,279,basic,104.35,47.46,76.094,34.274,0.972,1.0
55,281,basic,68.099,46.291,72.794,49.395,0.796,0.801
55,282,basic,74.99,56.088,75.063,57.088,0.837,0.787
55,286,basic,180.989,106.242,187.024,106.49,1.765,1.864
55,287,basic,0.0,0.0,442.61,202.394,,0.934
55,287,gifted,190.0,174.06,0.0,0.0,,
55,288,basic,193.044,155.575,196.189,161.136,1.355,1.3
55,289,basic,158.831,139.388,188.561,164.747,1.356,1.397
55,291,basic,373.152,246.348,386.845,247.269,2.154,2.286
55,292,basic,564.679,336.239,618.177,372.305,1.422,1.467
55,930,basic,399.244,320.87,401.675,321.5,2.257,2.272
55,935,basic,437.292,299.154,456.846,320.832,1.697,1.624
55,939,basic,221.085,109.121,228.739,112.017,1.64,1.671
55,949,basic,381.014,308.568,492.741,399.877,1.487,1.562
55,955,basic,45.461,43.188,51.641,49.059,2.758,2.57
55,971,basic,0.0,0.0,564.868,255.199,,1.101
55,971,gifted,516.319,473.002,0.0,0.0,,
55,972,basic,259.407,183.679,262.36,184.503,1.798,1.817
55,974,basic,89.302,75.8,92.974,79.909,1.198,1.16
55,977,basic,231.382,164.07,193.806,133.624,1.262,1.361
56,103,basic,264.688,233.787,265.527,234.4,1.647,1.65
56,104,basic,134.708,53.635,147.51,60.497,2.422,2.275
56,105,basic,436.653,206.085,308.581,142.782,2.326,2.447
56,105,gifted,175.344,161.364,0.0,0.0,,
56,106,basic,447.117,270.149,330.173,202.124,1.774,1.682
56,106,gifted,115.256,106.066,0.0,0.0,,
56,107,basic,498.191,247.232,498.568,247.396,2.504,2.505
56,109,basic,149.535,98.863,151.674,100.525,2.167,2.154
56,110,basic,389.154,202.233,397.917,206.66,2.066,2.07
56,113,basic,393.495,240.282,260.886,158.128,2.35,2.382
56,113,gifted,136.751,125.847,0.0,0.0,,
56,115,basic,144.671,84.112,164.835,95.826,1.716,1.716
56,117,basic,258.807,158.33,222.484,138.251,2.336,2.241
56,117,gifted,90.052,82.872,0.0,0.0,,
56,118,basic,273.537,142.343,351.093,181.435,2.152,2.195
56,130,basic,668.599,384.346,685.356,393.555,1.74,1.747
56,201,basic,78.027,51.429,85.554,56.68,1.094,1.072
56,202,basic,174.721,91.195,177.282,91.764,1.691,1.739
56,203,basic,266.188,183.997,266.297,183.943,1.338,1.342
56,204,basic,180.189,126.792,111.132,70.33,1.512,2.182
56,208,basic,203.526,166.413,235.757,192.263,1.254,1.326
56,209,basic,151.165,51.006,133.452,44.973,0.789,0.796
56,210,basic,193.977,80.286,192.19,79.709,1.426,1.411
56,211,basic,72.079,45.452,77.095,48.572,1.094,1.101
56,212,gifted,205.656,189.258,0.0,0.0,,
56,215,basic,112.482,65.495,113.58,65.755,0.875,0.9
56,218,basic,160.512,97.581,170.765,103.835,0.774,0.773
56,220,basic,86.971,72.958,88.996,74.322,1.323,1.35
56,221,basic,160.337,106.551,165.046,107.861,1.01,1.088
56,222,basic,143.773,86.237,150.472,88.715,2.018,2.129
56,225,basic,77.884,38.869,78.731,39.278,1.241,1.243
56,226,basic,266.851,168.112,274.118,173.544,1.343,1.327
56,229,basic,247.834,203.103,254.82,206.291,1.155,1.223
56,230,basic,118.7,80.042,86.092,58.011,1.039,1.04
56,233,basic,282.89,172.356,288.937,175.988,0.842,0.844
56,234,basic,76.648,62.802,87.881,70.906,1.173,1.266
56,235,basic,83.284,52.122,84.531,52.404,1.216,1.263
56,236,basic,49.577,43.729,50.353,44.397,1.101,1.103
56,239,basic,275.802,162.047,277.672,163.113,1.725,1.726
56,241,basic,386.611,129.897,378.059,125.856,1.917,1.974
56,242,basic,158.582,109.242,164.057,113.11,1.225,1.221
56,243,basic,214.325,111.616,231.168,120.465,0.986,0.982
56,244,basic,37.567,35.136,37.858,35.632,1.119,1.05
56,245,basic,318.11,274.095,322.464,277.619,1.248,1.256
56,246,basic,233.607,118.894,250.52,127.016,1.234,1.254
56,247,basic,368.379,121.527,359.215,119.015,1.621,1.595
56,248,basic,151.349,95.527,153.737,97.227,0.895,0.884
56,249,basic,32.786,24.903,33.233,25.232,0.872,0.874
56,250,basic,87.341,64.767,91.985,68.19,0.971,0.973
56,251,basic,138.312,64.989,143.469,67.179,1.418,1.439
56,252,basic,248.251,172.72,254.747,176.76,1.489,1.505
56,255,basic,86.372,56.963,87.858,58.107,0.836,0.82
56,257,basic,125.066,107.237,122.245,104.801,1.084,1.086
56,259,basic,169.156,124.361,174.158,128.369,1.35,1.333
56,261,basic,174.244,158.986,179.722,163.896,1.109,1.108
56,262,basic,185.377,141.661,142.841,108.479,1.068,1.105
56,264,basic,83.824,36.858,85.364,37.537,0.93,0.929
56,266,basic,109.996,86.685,106.854,84.458,0.911,0.89
56,267,basic,115.471,101.675,117.688,103.62,1.016,1.016
56,268,basic,112.292,106.677,112.463,106.84,1.073,1.07
56,269,basic,106.816,100.457,97.775,91.949,1.035,1.004
56,270,basic,157.418,108.273,159.208,109.379,1.531,1.537
56,272,basic,40.638,38.305,40.207,38.003,1.061,1.005
56,275,basic,91.353,85.926,92.318,86.795,1.184,1.188
56,276,basic,150.63,71.909,94.298,44.963,1.118,1.123
56,277,basic,123.411,80.176,49.586,31.934,1.009,1.06
56,279,basic,110.336,47.435,81.086,34.611,1.004,1.044
56,281,basic,65.678,43.874,70.613,47.074,0.816,0.828
56,282,basic,80.522,60.306,80.716,61.036,0.914,0.857
56,286,basic,178.814,110.422,184.46,111.852,1.925,2.036
56,287,basic,0.0,0.0,449.591,194.746,,0.954
56,287,gifted,190.0,174.851,0.0,0.0,,
56,288,basic,197.481,169.84,201.147,176.054,1.485,1.405
56,289,basic,157.609,137.378,189.063,162.858,1.388,1.482
56,291,basic,376.747,262.767,390.367,265.524,2.328,2.471
56,292,basic,564.871,324.174,619.502,355.376,1.51,1.571
56,930,basic,398.772,363.497,401.192,364.947,2.366,2.38
56,935,basic,437.707,307.331,457.536,326.266,1.881,1.8
56,939,basic,219.516,106.278,226.989,109.393,1.733,1.764
56,949,basic,376.9,318.183,484.97,410.183,1.544,1.592
56,955,basic,46.194,43.885,52.372,49.753,2.75,2.534
56,971,basic,0.0,0.0,567.048,248.47,,1.136
56,971,gifted,516.417,475.242,0.0,0.0,,
56,972,basic,262.693,195.312,265.509,196.578,1.863,1.883
56,974,basic,87.536,80.167,91.152,84.152,1.202,1.148
56,977,basic,235.678,178.217,197.398,146.786,1.327,1.435
57,103,basic,273.733,240.133,274.618,240.756,1.646,1.648
57,104,basic,122.584,49.731,135.331,56.438,2.341,2.229
57,105,basic,463.79,215.798,325.102,147.384,2.267,2.387
57,105,gifted,181.828,167.037,0.0,0.0,,
57,106,basic,446.669,275.556,330.589,207.452,1.742,1.651
57,106,gifted,115.11,105.746,0.0,0.0,,
57,107,basic,504.737,245.271,505.083,245.413,2.462,2.462
57,109,basic,154.549,104.039,157.138,106.052,2.089,2.079
57,110,basic,404.025,219.271,413.193,224.076,2.089,2.092
57,113,basic,385.757,229.952,259.061,153.553,2.332,2.353
57,113,gifted,133.338,122.491,0.0,0.0,,
57,115,basic,143.388,83.267,163.787,95.069,1.726,1.728
57,117,basic,257.63,160.246,220.304,139.971,2.314,2.216
57,117,gifted,89.981,82.661,0.0,0.0,,
57,118,basic,257.535,134.477,328.192,170.315,2.1,2.129
57,130,basic,665.13,412.741,681.724,422.571,1.665,1.669
57,201,basic,74.621,48.858,81.732,53.948,1.09,1.065
57,202,basic,169.785,88.078,172.329,88.514,1.606,1.648
57,203,basic,250.212,172.133,250.28,172.048,1.275,1.278
57,204,basic,180.42,125.632,110.463,67.086,1.411,2.063
57,208,basic,205.107,170.959,237.239,196.615,1.237,1.306
57,209,basic,146.312,54.64,129.064,48.123,0.772,0.778
57,210,basic,193.677,85.411,191.93,84.911,1.396,1.38
57,211,basic,72.757,45.536,79.049,49.338,1.109,1.123
57,212,gifted,205.668,188.937,0.0,0.0,,
57,215,basic,115.918,73.686,117.097,73.906,0.889,0.912
57,218,basic,158.22,99.997,168.101,106.308,0.753,0.75
57,220,basic,88.083,71.266,90.365,72.556,1.376,1.409
57,221,basic,165.524,120.158,170.343,121.349,0.977,1.042
57,222,basic,147.85,84.851,154.995,86.833,1.945,2.057
57,225,basic,81.999,41.957,82.882,42.39,1.205,1.207
57,226,basic,269.145,184.087,276.074,190.185,1.301,1.282
57,229,basic,247.303,201.523,254.225,204.382,1.147,1.202
57,230,basic,106.198,70.653,77.103,51.193,1.035,1.04
57,233,basic,279.6,178.015,285.618,181.771,0.831,0.833
57,234,basic,76.087,60.75,88.648,69.032,1.211,1.324
57,235,basic,81.002,53.772,82.158,53.981,1.148,1.186
57,236,basic,48.514,43.097,49.301,43.782,1.043,1.044
57,239,basic,271.179,153.242,273.13,154.306,1.75,1.752
57,241,basic,383.765,132.61,375.108,128.061,1.849,1.905
57,242,basic,155.979,108.259,161.408,112.122,1.218,1.215
57,243,basic,221.819,119.132,239.197,128.552,0.99,0.988
57,244,basic,37.022,34.374,37.325,34.99,1.076,1.015
57,245,basic,319.578,280.105,323.868,283.793,1.254,1.258
57,246,basic,223.156,116.19,238.916,123.979,1.186,1.199
57,247,basic,364.818,126.098,355.323,123.599,1.562,1.533
57,248,basic,146.15,93.451,148.17,94.98,0.892,0.881
57,249,basic,28.6,22.608,28.907,22.837,0.871,0.873
57,250,basic,86.027,62.646,91.353,66.461,0.991,0.996
57,251,basic,123.901,63.306,128.604,65.412,1.332,1.352
57,252,basic,235.538,167.282,241.856,171.268,1.4,1.413
57,255,basic,85.282,56.668,86.769,57.862,0.835,0.82
57,257,basic,121.431,105.288,118.742,102.932,1.059,1.061
57,259,basic,159.202,114.679,163.055,118.088,1.243,1.217
57,261,basic,177.596,160.399,183.151,165.457,1.093,1.089
57,262,basic,192.579,149.103,148.124,113.785,1.065,1.1
57,264,basic,79.854,39.724,81.346,40.468,0.938,0.938
57,266,basic,102.201,84.787,99.213,82.676,0.894,0.873
57,267,basic,118.501,107.5,120.808,109.586,1.036,1.036
57,268,basic,107.618,102.237,107.329,101.963,1.071,1.066
57,269,basic,102.827,95.843,93.77,87.411,1.051,1.019
57,270,basic,159.238,104.845,161.037,105.916,1.471,1.475
57,272,basic,42.678,39.933,42.296,39.786,1.056,1.007
57,275,basic,92.968,86.755,93.847,87.518,1.141,1.144
57,276,basic,149.001,76.658,93.547,48.087,1.135,1.137
57,277,basic,124.093,80.27,50.054,31.98,1.006,1.059
57,279,basic,104.709,47.662,77.062,34.77,0.998,1.035
57,281,basic,68.24,45.884,73.374,49.208,0.809,0.82
57,282,basic,77.499,57.073,77.595,57.852,0.892,0.839
57,286,basic,179.39,115.378,185.089,116.345,1.816,1.918
57,287,basic,0.0,0.0,452.619,205.661,,0.955
57,287,gifted,190.0,174.544,0.0,0.0,,
57,288,basic,187.09,160.947,190.067,165.933,1.309,1.258
57,289,basic,161.438,132.748,192.611,156.55,1.383,1.454
57,291,basic,378.814,260.052,391.959,262.362,2.231,2.345
57,292,basic,563.128,326.597,617.246,357.944,1.472,1.521
57,930,basic,399.075,337.48,401.496,338.497,2.287,2.3
57,935,basic,438.362,296.447,458.166,315.87,1.811,1.731
57,939,basic,220.242,111.709,227.764,114.839,1.663,1.692
57,949,basic,382.105,304.73,490.697,391.636,1.523,1.57
57,955,basic,47.139,44.782,53.498,50.823,2.761,2.552
57,971,basic,0.0,0.0,561.183,256.587,,1.124
57,971,gifted,516.065,474.084,0.0,0.0,,
57,972,basic,258.479,185.92,261.253,186.947,1.815,1.834
57,974,basic,87.092,76.554,90.582,80.502,1.214,1.167
57,977,basic,239.961,175.003,199.214,142.227,1.312,1.416
58,103,basic,271.011,245.429,271.818,246.064,1.636,1.638
58,104,basic,134.251,53.14,145.806,59.566,2.599,2.415
58,105,basic,457.624,219.474,320.32,150.458,2.392,2.537
58,105,gifted,178.726,164.518,0.0,0.0,,
58,106,basic,449.315,275.504,332.763,206.333,1.804,1.712
58,106,gifted,115.38,106.208,0.0,0.0,,
58,107,basic,516.536,263.544,516.891,263.708,2.556,2.556
58,109,basic,151.499,103.656,154.157,105.699,2.183,2.169
58,110,basic,398.809,208.145,407.922,212.783,2.125,2.129
58,113,basic,389.359,243.432,265.99,164.973,2.419,2.46
58,113,gifted,133.541,122.925,0.0,0.0,,
58,115,basic,150.906,89.276,172.806,102.145,1.735,1.741
58,117,basic,264.263,166.541,226.564,145.23,2.349,2.233
58,117,gifted,89.684,82.554,0.0,0.0,,
58,118,basic,273.535,145.256,346.702,183.401,2.189,2.217
58,130,basic,662.76,388.621,679.252,397.961,1.707,1.712
58,201,basic,79.713,52.054,86.622,56.858,1.054,1.026
58,202,basic,174.057,89.54,176.673,90.194,1.742,1.792
58,203,basic,252.657,174.546,252.725,174.504,1.284,1.288
58,204,basic,175.248,124.383,107.974,69.95,1.458,2.11
58,208,basic,208.666,169.641,240.326,195.756,1.272,1.34
58,209,basic,165.178,52.751,144.426,46.069,0.78,0.787
58,210,basic,192.496,77.007,190.691,76.431,1.42,1.405
58,211,basic,80.349,49.704,86.537,53.475,1.105,1.114
58,212,gifted,205.909,189.54,0.0,0.0,,
58,215,basic,121.374,67.834,122.693,68.058,0.947,0.984
58,218,basic,156.528,92.313,166.069,97.979,0.774,0.771
58,220,basic,88.36,71.706,90.651,73.211,1.549,1.584
58,221,basic,164.241,105.173,169.198,106.567,1.073,1.164
58,222,basic,146.949,85.274,153.876,88.015,2.306,2.42
58,225,basic,78.428,38.399,79.273,38.8,1.211,1.213
58,226,basic,252.082,155.818,259.212,161.036,1.331,1.309
58,229,basic,249.639,202.997,256.577,206.679,1.16,1.221
58,230,basic,112.592,74.768,81.659,54.198,1.04,1.041
58,233,basic,286.93,169.767,293.116,173.363,0.847,0.85
58,234,basic,78.483,63.957,89.817,72.137,1.19,1.29
58,235,basic,87.326,52.932,88.727,53.236,1.303,1.363
58,236,basic,50.485,44.749,51.347,45.489,1.069,1.072
58,239,basic,275.966,160.606,277.892,161.699,1.772,1.773
58,241,basic,384.087,125.41,375.227,121.684,1.945,1.993
58,242,basic,157.344,107.212,162.925,111.137,1.234,1.227
58,243,basic,217.883,109.834,234.83,118.444,0.986,0.982
58,244,basic,37.83,35.446,38.139,35.961,1.169,1.08
58,245,basic,324.134,278.144,328.359,281.65,1.241,1.246
58,246,basic,229.536,115.086,245.405,122.814,1.184,1.195
58,247,basic,370.054,117.91,360.914,115.499,1.629,1.599
58,248,basic,147.31,91.032,149.43,92.507,0.897,0.885
58,249,basic,27.64,20.477,28.012,20.731,0.937,0.942
58,250,basic,89.018,64.947,93.987,68.522,0.986,0.991
58,251,basic,132.586,60.274,137.625,62.358,1.432,1.455
58,252,basic,236.988,163.481,243.381,167.483,1.466,1.482
58,255,basic,89.321,57.387,90.859,58.527,0.868,0.851
58,257,basic,117.031,99.366,114.079,96.88,1.059,1.058
58,259,basic,157.617,116.148,161.298,119.32,1.316,1.288
58,261,basic,172.416,158.22,177.427,162.817,1.097,1.094
58,262,basic,188.936,142.545,145.237,108.992,1.066,1.102
58,264,basic,81.226,34.071,82.729,34.704,0.93,0.929
58,266,basic,104.668,80.713,101.696,78.617,0.911,0.892
58,267,basic,113.678,99.414,115.91,101.358,1.02,1.02
58,268,basic,111.71,106.125,111.624,106.042,1.075,1.072
58,269,basic,108.258,102.028,99.171,93.457,1.021,0.988
58,270,basic,162.394,111.469,164.191,112.615,1.554,1.558
58,272,basic,41.848,39.567,41.319,39.132,1.082,1.021
58,275,basic,99.542,93.863,100.51,94.738,1.166,1.169
58,276,basic,154.213,70.872,96.377,44.251,1.122,1.127
58,277,basic,126.48,80.477,50.62,31.942,1.014,1.07
58,279,basic,100.688,41.549,74.748,30.632,1.008,1.053
58,281,basic,69.745,45.644,74.652,48.8,0.812,0.819
58,282,basic,72.086,53.616,72.372,54.287,0.869,0.812
58,286,basic,183.593,108.026,189.469,109.638,2.254,2.377
58,287,basic,0.0,0.0,442.71,183.874,,0.953
58,287,gifted,190.0,174.896,0.0,0.0,,
58,288,basic,193.964,169.36,197.059,174.628,1.43,1.352
58,289,basic,157.93,140.258,188.626,166.42,1.414,1.491
58,291,basic,375.309,260.878,388.563,264.836,2.462,2.594
58,292,basic,566.372,323.243,620.084,355.684,1.527,1.578
58,930,basic,399.332,368.542,401.754,369.98,2.419,2.436
58,935,basic,437.842,309.429,457.478,328.225,1.953,1.867
58,939,basic,220.913,105.327,228.608,108.457,1.791,1.83
58,949,basic,382.193,326.266,494.543,424.009,1.626,1.682
58,955,basic,45.875,43.581,52.187,49.577,2.831,2.633
58,971,basic,0.0,0.0,560.658,237.459,,1.125
58,971,gifted,515.87,474.859,0.0,0.0,,
58,972,basic,261.459,196.074,264.52,197.454,1.9,1.925
58,974,basic,87.322,80.378,90.665,84.042,1.241,1.184
58,977,basic,234.527,176.873,197.1,146.465,1.338,1.446
59,103,basic,264.972,229.185,266.045,229.776,1.632,1.637
59,104,basic,121.521,49.951,134.922,56.442,2.184,2.117
59,105,basic,443.377,204.874,308.807,138.518,2.248,2.375
59,105,gifted,179.555,165.032,0.0,0.0,,
59,106,basic,473.925,286.052,353.692,217.342,1.749,1.66
59,106,gifted,118.794,109.186,0.0,0.0,,
59,107,basic,503.809,240.448,504.226,240.591,2.455,2.456
59,109,basic,144.047,95.605,146.431,97.388,2.011,2.003
59,110,basic,399.653,205.008,408.986,209.537,2.084,2.089
59,113,basic,380.191,226.057,258.689,153.546,2.274,2.28
59,113,gifted,131.52,120.882,0.0,0.0,,
59,115,basic,138.841,80.45,159.457,92.256,1.719,1.726
59,117,basic,258.595,153.869,223.071,135.379,2.287,2.202
59,117,gifted,89.266,82.046,0.0,0.0,,
59,118,basic,274.495,140.782,344.954,176.239,2.102,2.118
59,130,basic,665.371,391.739,682.038,400.97,1.662,1.667
59,201,basic,77.014,53.046,83.654,57.931,0.967,0.954
59,202,basic,172.7,88.767,175.339,89.142,1.661,1.704
59,203,basic,252.003,175.127,252.072,175.02,1.303,1.306
59,204,basic,181.143,127.654,110.809,67.729,1.412,2.044
59,208,basic,203.509,168.971,234.522,193.538,1.203,1.266
59,209,basic,150.713,55.608,132.556,48.85,0.775,0.779
59,210,basic,191.729,82.523,189.91,82.064,1.375,1.357
59,211,basic,77.755,50.114,83.224,53.558,1.09,1.099
59,212,gifted,205.795,189.149,0.0,0.0,,
59,215,basic,118.454,72.87,119.643,73.08,0.876,0.898
59,218,basic,159.691,102.516,169.999,109.176,0.76,0.759
59,220,basic,92.619,74.229,94.913,75.525,1.396,1.426
59,221,basic,160.161,112.58,164.883,113.666,0.933,0.994
59,222,basic,149.938,87.495,157.1,89.387,1.904,2.01
59,225,basic,78.935,40.665,79.766,41.075,1.197,1.198
59,226,basic,255.675,168.1,262.513,173.44,1.224,1.215
59,229,basic,247.434,205.475,254.187,208.231,1.123,1.174
59,230,basic,112.98,77.748,82.047,56.336,1.028,1.033
59,233,basic,286.735,183.905,292.877,187.764,0.827,0.829
59,234,basic,73.064,60.151,83.752,67.493,1.148,1.237
59,235,basic,84.952,55.069,86.147,55.245,1.147,1.183
59,236,basic,45.333,39.618,46.055,40.23,1.055,1.057
59,239,basic,279.23,160.222,281.178,161.3,1.719,1.72
59,241,basic,386.827,131.178,377.73,126.833,1.847,1.889
59,242,basic,156.325,109.236,161.891,113.261,1.207,1.203
59,243,basic,217.866,118.713,234.842,128.06,0.977,0.975
59,244,basic,36.507,33.822,36.819,34.442,1.104,1.045
59,245,basic,319.422,275.568,323.553,278.937,1.23,1.236
59,246,basic,246.213,130.811,263.253,139.362,1.138,1.15
59,247,basic,367.992,125.442,358.562,123.003,1.55,1.523
59,248,basic,145.856,95.781,147.976,97.432,0.883,0.872
59,249,basic,25.041,19.591,25.319,19.798,0.89,0.892
59,250,basic,89.993,68.038,95.185,71.923,0.978,0.981
59,251,basic,124.288,61.305,128.81,63.259,1.305,1.323
59,252,basic,232.142,166.528,238.205,170.343,1.317,1.33
59,255,basic,85.89,59.069,87.463,60.379,0.815,0.801
59,257,basic,124.884,107.152,122.0,104.642,1.109,1.112
59,259,basic,158.304,119.185,161.314,122.411,1.198,1.164
59,261,basic,177.998,160.833,183.464,165.852,1.082,1.077
59,262,basic,189.327,147.392,146.138,112.724,1.067,1.105
59,264,basic,80.449,38.107,81.918,38.806,0.916,0.916
59,266,basic,101.583,83.469,98.64,81.438,0.882,0.861
59,267,basic,121.08,108.168,123.426,110.256,1.028,1.029
59,268,basic,108.732,103.296,108.604,103.174,1.063,1.058
59,269,basic,103.874,96.942,95.082,88.792,0.98,0.947
59,270,basic,167.568,112.939,169.381,114.032,1.5,1.503
59,272,basic,39.691,37.206,39.184,36.917,1.046,0.997
59,275,basic,95.77,89.075,96.698,89.885,1.182,1.185
59,276,basic,151.057,75.934,94.882,47.625,1.102,1.107
59,277,basic,126.857,84.467,50.946,33.537,1.015,1.06
59,279,basic,107.669,48.958,78.812,35.531,0.995,1.028
59,281,basic,68.499,47.669,73.579,51.088,0.805,0.814
59,282,basic,78.974,60.976,79.082,61.885,0.873,0.819
59,286,basic,181.777,112.647,187.408,113.456,1.758,1.852
59,287,basic,0.0,0.0,456.229,209.483,,0.944
59,287,gifted,190.0,174.632,0.0,0.0,,
59,288,basic,189.926,164.735,193.118,169.809,1.311,1.266
59,289,basic,155.656,134.003,185.306,157.892,1.338,1.399
59,291,basic,369.42,255.355,382.49,257.322,2.084,2.197
59,292,basic,565.791,327.344,620.068,358.268,1.481,1.531
59,930,basic,399.263,343.976,401.676,345.186,2.298,2.309
59,935,basic,438.928,303.687,458.876,323.717,1.756,1.681
59,939,basic,220.508,108.539,228.01,111.498,1.643,1.673
59,949,basic,380.145,311.305,492.985,402.199,1.539,1.603
59,955,basic,45.888,43.593,52.346,49.729,2.798,2.609
59,971,basic,0.0,0.0,562.934,257.826,,1.123
59,971,gifted,516.337,474.573,0.0,0.0,,
59,972,basic,254.459,184.572,257.108,185.597,1.803,1.819
59,974,basic,84.412,75.519,87.452,79.133,1.195,1.142
59,977,basic,238.214,179.907,198.202,146.305,1.291,1.395
60,103,basic,262.051,240.15,262.881,240.78,1.656,1.658
60,104,basic,138.605,61.663,150.335,68.82,2.313,2.185
60,105,basic,439.67,229.46,302.696,154.295,2.268,2.392
60,105,gifted,179.918,165.506,0.0,0.0,,
60,106,basic,450.18,295.494,330.433,219.79,1.793,1.707
60,106,gifted,115.638,106.375,0.0,0.0,,
60,107,basic,509.645,275.14,510.092,275.34,2.497,2.497
60,109,basic,149.205,106.306,151.459,108.246,2.132,2.117
60,110,basic,396.392,219.048,405.407,223.825,2.113,2.118
60,113,basic,381.889,253.333,255.149,168.371,2.312,2.329
60,113,gifted,133.013,122.358,0.0,0.0,,
60,115,basic,147.328,94.46,168.457,107.942,1.723,1.727
60,117,basic,261.887,170.043,225.913,149.116,2.344,2.257
60,117,gifted,90.16,82.938,0.0,0.0,,
60,118,basic,267.319,153.478,335.203,191.923,2.094,2.109
60,130,basic,658.101,408.585,674.61,418.338,1.732,1.737
60,201,basic,74.409,48.65,80.762,53.141,1.015,0.99
60,202,basic,166.632,85.031,169.223,85.553,1.63,1.676
60,203,basic,264.457,177.952,264.554,177.882,1.312,1.316
60,204,basic,169.857,116.763,106.551,65.181,1.429,2.072
60,208,basic,208.206,168.295,240.415,195.385,1.279,1.35
60,209,basic,146.605,49.92,129.04,43.886,0.766,0.771
60,210,basic,193.695,78.457,191.87,77.982,1.379,1.359
60,211,basic,70.78,43.773,76.175,47.048,1.109,1.118
60,212,gifted,205.652,189.179,0.0,0.0,,
60,215,basic,118.086,66.026,119.349,66.229,0.905,0.934
60,218,basic,156.311,94.084,166.146,100.055,0.766,0.764
60,220,basic,88.172,69.272,90.477,70.619,1.425,1.459
60,221,basic,167.724,105.3,172.783,106.436,1.026,1.103
60,222,basic,146.987,81.989,154.378,84.247,2.134,2.258
60,225,basic,90.572,44.482,91.55,44.946,1.229,1.231
60,226,basic,254.502,152.886,261.503,157.979,1.261,1.245
60,229,basic,252.105,200.057,258.897,203.142,1.134,1.188
60,230,basic,112.461,75.27,82.005,54.835,0.993,0.994
60,233,basic,281.5,168.774,287.573,172.345,0.834,0.836
60,234,basic,77.952,61.512,89.511,69.36,1.188,1.284
60,235,basic,92.802,55.304,94.184,55.506,1.241,1.29
60,236,basic,49.146,42.028,50.021,42.755,1.054,1.056
60,239,basic,272.006,155.287,273.936,156.352,1.69,1.692
60,241,basic,384.434,126.217,375.405,122.185,1.899,1.945
60,242,basic,161.574,107.972,167.296,111.891,1.219,1.216
60,243,basic,220.102,113.53,237.252,122.458,0.974,0.972
60,244,basic,37.113,34.57,37.391,35.125,1.105,1.038
60,245,basic,320.91,262.348,325.05,265.571,1.222,1.227
60,246,basic,233.368,118.549,249.529,126.451,1.149,1.16
60,247,basic,370.511,121.087,360.903,118.559,1.577,1.55
60,248,basic,141.926,88.782,143.766,90.13,0.884,0.872
60,249,basic,28.12,20.641,28.427,20.859,0.881,0.882
60,250,basic,90.741,66.007,95.818,69.658,0.98,0.984
60,251,basic,133.676,60.663,138.654,62.666,1.375,1.396
60,252,basic,238.091,159.626,244.463,163.433,1.419,1.434
60,255,basic,86.564,56.46,88.178,57.692,0.839,0.823
60,257,basic,123.275,101.368,120.166,98.829,1.072,1.072
60,259,basic,156.265,112.655,160.526,116.216,1.307,1.283
60,261,basic,175.522,157.528,180.593,162.191,1.048,1.042
60,262,basic,186.825,138.101,143.958,105.686,1.065,1.1
60,264,basic,81.417,34.556,82.938,35.203,0.954,0.954
60,266,basic,108.315,81.877,105.266,79.874,0.911,0.889
60,267,basic,112.6,94.64,114.835,96.509,1.012,1.012
60,268,basic,112.187,106.577,112.292,106.677,1.08,1.076
60,269,basic,111.661,103.772,102.405,95.224,1.06,1.028
60,270,basic,153.07,103.279,154.85,104.358,1.466,1.471
60,272,basic,42.522,40.028,42.154,39.818,1.035,0.988
60,275,basic,92.587,86.0,93.493,86.787,1.166,1.169
60,276,basic,148.492,68.546,92.519,42.672,1.144,1.147
60,277,basic,127.463,81.681,50.679,32.159,1.007,1.056
60,279,basic,99.655,42.561,72.972,30.941,0.994,1.029
60,281,basic,64.58,42.766,69.166,45.719,0.815,0.824
60,282,basic,75.002,55.762,75.3,56.581,0.88,0.826
60,286,basic,178.429,102.006,184.332,103.055,1.919,2.037
60,287,basic,0.0,0.0,456.522,197.01,,0.953
60,287,gifted,190.0,174.781,0.0,0.0,,
60,288,basic,184.429,155.987,187.541,161.091,1.344,1.284
60,289,basic,157.899,143.715,187.741,170.221,1.388,1.449
60,291,basic,374.729,252.008,388.213,254.657,2.375,2.507
60,292,basic,564.957,331.515,619.096,366.792,1.52,1.584
60,930,basic,399.121,357.066,401.54,358.305,2.366,2.38
60,935,basic,438.524,310.368,458.417,330.386,1.88,1.808
60,939,basic,221.064,106.393,228.649,109.517,1.758,1.79
60,949,basic,374.746,320.58,484.793,417.796,1.557,1.623
60,955,basic,44.27,42.057,50.607,48.076,2.734,2.54
60,971,basic,0.0,0.0,561.318,244.134,,1.116
60,971,gifted,515.668,474.363,0.0,0.0,,
60,972,basic,262.361,195.764,265.322,196.957,1.873,1.893
60,974,basic,86.612,77.991,89.78,81.631,1.228,1.173
60,977,basic,238.873,176.628,197.07,143.122,1.296,1.397
61,103,basic,271.028,233.57,271.78,234.16,1.612,1.613
61,104,basic,141.614,67.468,150.712,74.982,2.544,2.352
61,105,basic,441.368,233.823,308.218,159.012,2.305,2.433
61,105,gifted,176.704,162.459,0.0,0.0,,
61,106,basic,455.473,307.958,335.547,230.579,1.771,1.678
61,106,gifted,116.174,106.809,0.0,0.0,,
61,107,basic,512.653,278.338,512.985,278.497,2.454,2.454
61,109,basic,154.693,107.058,157.21,109.118,2.182,2.169
61,110,basic,412.715,270.054,422.024,275.889,2.118,2.122
61,113,basic,402.743,248.191,275.358,167.364,2.408,2.466
61,113,gifted,136.822,125.793,0.0,0.0,,
61,115,basic,143.475,91.481,164.04,104.525,1.709,1.712
61,117,basic,264.694,180.645,227.853,158.643,2.322,2.228
61,117,gifted,90.146,82.879,0.0,0.0,,
61,118,basic,269.434,157.532,341.267,198.629,2.143,2.165
61,130,basic,664.323,481.379,680.908,492.751,1.685,1.69
61,201,basic,75.807,48.648,82.219,53.086,0.946,0.927
61,202,basic,160.7,85.032,163.218,85.547,1.539,1.581
61,203,basic,258.746,162.186,258.857,162.097,1.332,1.336
61,204,basic,171.707,109.317,106.828,59.469,1.352,2.006
61,208,basic,201.471,160.009,233.543,185.898,1.253,1.317
61,209,basic,151.309,73.229,133.124,64.304,0.777,0.785
61,210,basic,195.143,101.956,193.397,101.389,1.391,1.373
61,211,basic,81.385,48.79,88.991,53.189,1.117,1.133
61,212,gifted,205.82,189.228,0.0,0.0,,
61,215,basic,121.326,81.239,123.01,81.304,0.955,0.999
61,218,basic,163.081,103.605,173.872,110.513,0.771,0.769
61,220,basic,93.706,65.53,96.16,66.759,1.455,1.488
61,221,basic,166.738,125.396,171.814,126.609,0.99,1.062
61,222,basic,151.082,76.74,158.379,78.644,2.135,2.248
61,225,basic,85.77,46.447,86.755,46.95,1.211,1.214
61,226,basic,260.684,186.703,267.698,193.324,1.328,1.305
61,229,basic,254.024,182.851,261.314,185.504,1.14,1.198
61,230,basic,105.745,65.914,76.241,47.51,1.004,1.002
61,233,basic,278.823,180.606,284.863,184.431,0.824,0.826
61,234,basic,76.229,53.098,89.201,60.599,1.206,1.323
61,235,basic,91.243,60.307,92.59,60.479,1.219,1.265
61,236,basic,52.483,45.152,53.467,45.964,1.037,1.04
61,239,basic,272.85,150.154,274.767,151.165,1.66,1.662
61,241,basic,385.545,159.016,376.959,153.505,1.912,1.973
61,242,basic,152.711,99.738,158.233,103.448,1.208,1.204
61,243,basic,216.227,123.531,233.266,133.338,0.984,0.982
61,244,basic,37.164,32.285,37.124,32.851,1.075,1.003
61,245,basic,320.304,261.327,324.509,264.576,1.237,1.243
61,246,basic,229.188,125.885,245.421,134.57,1.152,1.159
61,247,basic,373.242,159.266,363.807,156.09,1.58,1.555
61,248,basic,145.148,90.122,147.117,91.586,0.88,0.868
61,249,basic,25.877,19.04,26.195,19.251,0.902,0.906
61,250,basic,87.627,57.865,92.838,61.233,0.967,0.973
61,251,basic,129.758,75.932,134.675,78.458,1.347,1.368
61,252,basic,231.654,157.872,237.824,161.554,1.363,1.378
61,255,basic,87.972,55.577,89.566,56.779,0.847,0.832
61,257,basic,121.137,94.607,117.899,92.134,1.067,1.065
61,259,basic,163.717,101.748,168.846,105.293,1.341,1.323
61,261,basic,162.359,132.795,166.895,136.697,1.034,1.027
61,262,basic,187.541,133.994,143.67,101.975,1.048,1.077
61,264,basic,79.441,48.935,80.894,49.835,0.927,0.926
61,266,basic,106.883,84.03,103.798,81.974,0.907,0.884
61,267,basic,117.609,96.505,119.984,98.437,1.012,1.012
61,268,basic,107.121,100.854,106.758,100.502,1.058,1.053
61,269,basic,107.94,94.422,98.85,86.911,0.971,0.941
61,270,basic,157.485,93.86,159.293,94.815,1.388,1.393
61,272,basic,40.472,35.115,39.92,34.998,0.983,0.94
61,275,basic,94.661,83.724,95.585,84.481,1.094,1.097
61,276,basic,146.127,86.775,91.184,54.092,1.117,1.12
61,277,basic,121.371,74.717,48.68,29.641,1.008,1.056
61,279,basic,105.427,55.566,77.367,40.449,0.993,1.028
61,281,basic,73.734,47.095,78.965,50.359,0.793,0.799
61,282,basic,72.818,48.351,73.233,49.189,0.843,0.792
61,286,basic,181.977,113.873,187.803,114.834,1.927,2.036
61,287,basic,0.0,0.0,448.631,234.508,,0.941
61,287,gifted,190.0,174.684,0.0,0.0,,
61,288,basic,190.013,139.498,193.015,144.402,1.389,1.323
61,289,basic,157.23,114.09,187.775,135.044,1.393,1.464
61,291,basic,379.567,244.151,392.852,246.82,2.363,2.476
61,292,basic,566.431,341.867,619.951,376.387,1.489,1.546
61,930,basic,398.834,265.823,401.271,266.304,2.249,2.267
61,935,basic,437.487,276.185,457.028,294.813,1.847,1.762
61,939,basic,223.245,125.563,230.834,129.104,1.741,1.772
61,949,basic,378.724,262.739,490.334,341.928,1.56,1.616
61,955,basic,44.874,40.596,51.316,47.017,2.687,2.508
61,971,basic,0.0,0.0,552.793,287.771,,1.099
61,971,gifted,515.178,473.649,0.0,0.0,,
61,972,basic,262.142,173.909,265.466,174.907,1.864,1.889
61,974,basic,84.35,59.85,88.201,63.185,1.163,1.127
61,977,basic,234.245,149.402,196.406,122.556,1.301,1.411
62,103,basic,270.543,241.244,271.289,241.854,1.66,1.661
62,104,basic,153.928,49.085,168.133,56.153,3.029,2.789
62,105,basic,442.991,194.102,308.427,131.657,2.324,2.469
62,105,gifted,176.797,163.193,0.0,0.0,,
62,106,basic,444.092,254.118,331.871,191.934,1.806,1.734
62,106,gifted,113.607,104.865,0.0,0.0,,
62,107,basic,464.172,219.113,464.51,219.253,2.42,2.42
62,109,basic,159.835,101.573,162.62,103.606,2.223,2.21
62,110,basic,405.779,191.708,414.747,195.829,2.109,2.113
62,113,basic,389.348,224.418,267.053,151.214,2.48,2.563
62,113,gifted,131.716,121.58,0.0,0.0,,
62,115,basic,143.807,79.749,164.726,91.258,1.727,1.732
62,117,basic,282.973,165.341,244.534,145.502,2.327,2.227
62,117,gifted,90.732,83.751,0.0,0.0,,
62,118,basic,262.52,127.456,332.082,160.695,2.184,2.203
62,130,basic,653.717,352.031,670.121,360.484,1.698,1.703
62,201,basic,71.607,49.655,77.314,53.99,1.001,0.971
62,202,basic,170.497,87.976,173.203,88.505,1.726,1.778
62,203,basic,265.9,192.891,265.974,192.795,1.317,1.321
62,204,basic,182.466,135.528,111.97,74.305,1.495,2.149
62,208,basic,201.897,170.551,234.188,196.638,1.261,1.326
62,209,basic,139.632,42.299,122.453,37.063,0.774,0.778
62,210,basic,193.88,74.943,191.99,74.435,1.416,1.397
62,211,basic,78.904,50.93,85.755,55.255,1.118,1.13
62,212,gifted,205.757,189.924,0.0,0.0,,
62,215,basic,120.027,66.727,121.666,66.82,0.987,1.035
62,218,basic,159.118,97.712,169.213,103.955,0.769,0.767
62,220,basic,91.004,75.552,93.312,77.023,1.532,1.567
62,221,basic,162.737,108.012,167.686,109.232,1.009,1.088
62,222,basic,151.236,88.821,158.101,91.381,2.301,2.401
62,225,basic,73.897,36.371,74.729,36.759,1.202,1.205
62,226,basic,251.589,157.025,258.999,162.545,1.33,1.314
62,229,basic,257.441,226.263,264.737,229.838,1.148,1.21
62,230,basic,117.766,82.531,85.645,59.945,1.06,1.063
62,233,basic,281.182,172.618,287.287,176.277,0.833,0.836
62,234,basic,78.158,68.022,90.609,77.396,1.208,1.316
62,235,basic,82.298,51.265,83.599,51.492,1.251,1.303
62,236,basic,50.982,45.846,51.911,46.652,1.083,1.086
62,239,basic,276.011,165.329,277.91,166.44,1.738,1.739
62,241,basic,384.664,118.058,375.676,114.335,1.92,1.967
62,242,basic,160.623,114.944,166.874,119.497,1.221,1.218
62,243,basic,217.463,111.412,234.675,120.305,0.982,0.979
62,244,basic,37.97,35.569,38.205,36.011,1.191,1.097
62,245,basic,318.653,285.153,322.687,288.697,1.263,1.268
62,246,basic,230.204,117.023,245.769,124.763,1.158,1.164
62,247,basic,375.064,112.508,365.746,110.248,1.601,1.574
62,248,basic,150.726,97.345,152.997,99.037,0.902,0.89
62,249,basic,30.855,24.289,31.343,24.635,0.906,0.913
62,250,basic,84.419,66.454,88.911,69.942,0.966,0.97
62,251,basic,135.473,60.164,140.725,62.242,1.431,1.453
62,252,basic,251.692,181.671,258.257,185.829,1.47,1.487
62,255,basic,88.204,59.705,89.698,60.889,0.875,0.861
62,257,basic,120.177,108.702,117.499,106.294,1.083,1.084
62,259,basic,156.962,124.512,161.097,128.334,1.287,1.262
62,261,basic,169.354,157.472,174.432,162.192,1.095,1.089
62,262,basic,190.655,153.118,146.757,117.088,1.08,1.116
62,264,basic,80.937,32.699,82.427,33.303,0.946,0.945
62,266,basic,110.736,90.968,107.498,88.691,0.918,0.892
62,267,basic,125.019,116.025,127.489,118.308,1.038,1.039
62,268,basic,106.16,100.852,105.999,100.699,1.07,1.065
62,269,basic,110.844,104.877,101.796,96.341,1.022,0.987
62,270,basic,170.366,123.515,172.184,124.719,1.548,1.552
62,272,basic,42.131,39.883,41.384,39.218,1.083,1.014
62,275,basic,98.023,92.555,99.026,93.468,1.228,1.232
62,276,basic,149.611,67.74,93.659,42.382,1.128,1.13
62,277,basic,122.56,82.428,48.58,32.42,1.002,1.043
62,279,basic,98.448,40.074,71.174,28.798,0.988,1.018
62,281,basic,72.58,50.37,77.698,53.858,0.808,0.814
62,282,basic,77.813,62.452,78.076,63.293,0.883,0.83
62,286,basic,182.551,108.251,188.559,109.413,2.158,2.283
62,287,basic,0.0,0.0,453.594,186.666,,0.944
62,287,gifted,190.0,175.38,0.0,0.0,,
62,288,basic,186.948,163.269,189.692,169.474,1.568,1.465
62,289,basic,158.312,142.447,189.156,168.765,1.432,1.5
62,291,basic,375.743,263.637,389.223,266.892,2.399,2.523
62,292,basic,564.394,318.726,619.196,349.22,1.504,1.545
62,930,basic,399.389,370.036,401.819,371.288,2.446,2.468
62,935,basic,437.382,315.528,456.843,335.429,1.884,1.79
62,939,basic,224.438,102.548,232.128,105.424,1.748,1.783
62,949,basic,378.229,327.76,489.801,424.547,1.632,1.681
62,955,basic,44.658,42.425,51.033,48.481,2.853,2.664
62,971,basic,0.0,0.0,564.606,235.374,,1.137
62,971,gifted,516.555,476.807,0.0,0.0,,
62,972,basic,263.165,200.692,266.402,202.008,1.904,1.931
62,974,basic,89.145,82.714,92.995,86.907,1.266,1.214
62,977,basic,233.367,191.119,193.531,155.887,1.266,1.364
63,103,basic,275.4,241.47,276.24,242.102,1.589,1.59
63,104,basic,135.649,53.86,148.645,61.024,2.438,2.303
63,105,basic,439.471,209.954,300.594,140.029,2.219,2.319
63,105,gifted,180.633,166.087,0.0,0.0,,
63,106,basic,448.306,276.546,331.548,208.111,1.75,1.666
63,106,gifted,115.37,106.079,0.0,0.0,,
63,107,basic,497.329,244.109,497.784,244.288,2.442,2.442
63,109,basic,154.348,100.945,157.016,103.057,2.119,2.105
63,110,basic,400.754,205.53,409.567,209.898,2.099,2.102
63,113,basic,388.139,232.287,259.144,153.714,2.322,2.357
63,113,gifted,133.744,122.974,0.0,0.0,,
63,115,basic,141.535,84.936,161.812,97.048,1.708,1.711
63,117,basic,265.722,158.165,228.648,139.139,2.308,2.217
63,117,gifted,90.558,83.266,0.0,0.0,,
63,118,basic,274.17,145.007,342.364,180.69,2.076,2.085
63,130,basic,653.747,387.138,670.146,396.32,1.682,1.687
63,201,basic,76.492,52.231,82.905,57.08,1.01,0.987
63,202,basic,171.532,88.292,174.219,88.613,1.633,1.678
63,203,basic,266.842,184.262,266.909,184.124,1.314,1.318
63,204,basic,180.724,130.302,108.279,67.593,1.306,1.901
63,208,basic,204.113,166.625,236.088,191.634,1.244,1.315
63,209,basic,153.244,57.025,135.376,50.283,0.768,0.774
63,210,basic,194.194,82.737,192.379,82.297,1.355,1.337
63,211,basic,75.3,48.676,81.513,52.575,1.103,1.114
63,212,gifted,205.436,188.892,0.0,0.0,,
63,215,basic,117.304,70.954,118.636,71.111,0.896,0.924
63,218,basic,157.656,101.663,167.554,108.116,0.767,0.765
63,220,basic,92.777,74.525,95.1,75.769,1.347,1.377
63,221,basic,159.565,109.114,164.407,110.149,0.939,1.001
63,222,basic,151.377,83.174,159.249,85.022,2.12,2.24
63,225,basic,82.608,42.469,83.515,42.917,1.209,1.211
63,226,basic,252.326,160.762,259.398,166.205,1.219,1.209
63,229,basic,251.36,207.723,257.986,210.432,1.122,1.168
63,230,basic,116.86,81.207,84.692,58.869,1.019,1.015
63,233,basic,277.374,178.913,283.271,182.653,0.81,0.812
63,234,basic,75.69,62.071,87.095,69.751,1.155,1.249
63,235,basic,81.781,51.879,83.017,52.017,1.167,1.207
63,236,basic,53.481,46.054,54.498,46.901,1.051,1.053
63,239,basic,270.736,157.06,272.6,158.116,1.66,1.661
63,241,basic,385.916,130.318,376.707,126.14,1.833,1.867
63,242,basic,160.244,112.107,165.792,116.076,1.195,1.193
63,243,basic,210.136,114.962,226.587,124.068,0.975,0.972
63,244,basic,36.988,34.254,37.211,34.813,1.068,1.01
63,245,basic,318.196,269.203,322.304,272.505,1.225,1.23
63,246,basic,228.3,122.081,243.993,130.099,1.125,1.134
63,247,basic,370.027,125.925,360.569,123.515,1.543,1.517
63,248,basic,145.834,96.758,147.862,98.392,0.884,0.873
63,249,basic,31.275,24.69,31.638,24.954,0.843,0.845
63,250,basic,87.698,67.118,92.631,70.845,0.959,0.962
63,251,basic,133.915,64.168,138.932,66.242,1.332,1.351
63,252,basic,248.813,172.708,255.219,176.558,1.371,1.385
63,255,basic,84.849,58.947,86.339,60.204,0.819,0.806
63,257,basic,123.296,105.313,120.283,102.748,1.067,1.067
63,259,basic,155.022,116.735,158.391,120.169,1.217,1.186
63,261,basic,167.932,151.403,172.514,155.671,1.041,1.034
63,262,basic,184.488,143.308,141.847,109.305,1.054,1.084
63,264,basic,81.196,37.746,82.71,38.449,0.918,0.918
63,266,basic,106.875,86.325,103.828,84.303,0.889,0.867
63,267,basic,121.574,107.264,123.985,109.375,1.029,1.029
63,268,basic,109.08,103.626,108.96,103.512,1.075,1.071
63,269,basic,104.296,96.848,95.427,88.672,0.993,0.96
63,270,basic,163.353,110.779,165.171,111.884,1.477,1.48
63,272,basic,40.422,37.852,39.986,37.64,1.032,0.985
63,275,basic,96.573,89.558,97.494,90.342,1.14,1.143
63,276,basic,148.27,72.944,92.49,45.463,1.135,1.137
63,277,basic,127.402,85.586,51.222,33.985,1.007,1.054
63,279,basic,109.464,49.961,80.576,36.424,0.989,1.024
63,281,basic,64.452,45.399,68.926,48.469,0.806,0.812
63,282,basic,77.309,60.191,77.36,61.079,0.886,0.833
63,286,basic,174.565,105.071,180.331,105.786,1.734,1.833
63,287,basic,0.0,0.0,455.486,209.71,,0.954
63,287,gifted,190.0,174.699,0.0,0.0,,
63,288,basic,189.438,159.295,192.645,164.88,1.375,1.319
63,289,basic,154.425,136.429,183.521,160.913,1.331,1.383
63,291,basic,374.542,249.285,387.541,251.543,2.177,2.281
63,292,basic,564.205,329.905,618.572,361.517,1.474,1.531
63,930,basic,399.093,341.711,401.516,342.504,2.31,2.326
63,935,basic,438.012,302.974,457.855,323.642,1.754,1.676
63,939,basic,217.253,106.579,224.596,109.577,1.633,1.658
63,949,basic,378.512,316.261,487.624,407.706,1.508,1.562
63,955,basic,45.086,42.832,50.884,48.34,2.74,2.544
63,971,basic,0.0,0.0,552.41,254.551,,1.105
63,971,gifted,514.973,473.503,0.0,0.0,,
63,972,basic,260.769,186.456,263.924,187.473,1.839,1.861
63,974,basic,86.959,77.763,90.406,81.7,1.201,1.156
63,977,basic,240.743,182.196,199.972,147.651,1.3,1.406
64,103,basic,274.625,256.713,275.57,257.391,1.672,1.676
64,104,basic,127.218,53.205,142.6,60.95,2.346,2.243
64,105,basic,440.908,219.584,308.158,150.002,2.299,2.435
64,105,gifted,179.596,165.067,0.0,0.0,,
64,106,basic,467.633,305.174,350.896,231.8,1.745,1.661
64,106,gifted,117.348,107.854,0.0,0.0,,
64,107,basic,522.546,278.137,522.953,278.321,2.471,2.472
64,109,basic,140.466,103.199,142.341,104.834,2.124,2.11
64,110,basic,384.459,208.631,393.444,213.343,2.133,2.138
64,113,basic,379.977,254.532,254.885,170.309,2.303,2.31
64,113,gifted,133.116,122.347,0.0,0.0,,
64,115,basic,144.016,89.476,164.924,102.382,1.721,1.726
64,117,basic,257.368,171.705,222.273,150.424,2.335,2.249
64,117,gifted,89.57,82.324,0.0,0.0,,
64,118,basic,270.341,150.835,341.889,189.828,2.107,2.136
64,130,basic,644.595,398.274,660.911,407.899,1.718,1.725
64,201,basic,76.605,49.379,83.485,54.058,0.972,0.953
64,202,basic,175.842,85.866,178.454,86.415,1.741,1.789
64,203,basic,258.639,175.03,258.692,174.955,1.27,1.273
64,204,basic,180.88,125.609,112.092,69.808,1.457,2.141
64,208,basic,206.345,170.948,238.488,198.762,1.287,1.359
64,209,basic,141.878,41.844,125.093,36.845,0.783,0.79
64,210,basic,193.03,72.208,191.32,71.693,1.435,1.423
64,211,basic,76.328,45.706,82.538,49.35,1.112,1.123
64,212,gifted,205.735,189.091,0.0,0.0,,
64,215,basic,119.171,64.61,120.663,64.759,0.961,1.004
64,218,basic,153.709,88.074,162.489,93.155,0.763,0.76
64,220,basic,97.035,78.842,99.444,80.367,1.482,1.516
64,221,basic,162.034,103.485,166.788,104.752,0.994,1.072
64,222,basic,147.826,82.055,155.252,84.602,2.295,2.419
64,225,basic,85.004,39.46,85.917,39.869,1.229,1.231
64,226,basic,251.887,152.802,259.027,158.057,1.311,1.29
64,229,basic,258.862,209.86,266.156,213.45,1.142,1.201
64,230,basic,105.354,68.274,76.327,49.398,1.028,1.033
64,233,basic,279.404,160.966,285.462,164.387,0.831,0.833
64,234,basic,84.671,68.466,97.639,77.496,1.195,1.307
64,235,basic,83.738,50.053,85.011,50.298,1.229,1.28
64,236,basic,52.381,46.174,53.35,47.0,1.088,1.091
64,239,basic,280.853,157.341,282.862,158.437,1.748,1.749
64,241,basic,383.514,115.43,375.075,111.752,1.895,1.956
64,242,basic,153.897,102.982,159.329,106.701,1.222,1.218
64,243,basic,213.185,102.664,229.67,110.659,0.984,0.981
64,244,basic,38.459,35.967,38.721,36.46,1.145,1.06
64,245,basic,322.231,277.635,326.488,281.097,1.236,1.243
64,246,basic,234.677,111.983,251.409,119.633,1.19,1.204
64,247,basic,372.388,109.612,363.427,107.444,1.569,1.543
64,248,basic,142.781,86.018,144.728,87.379,0.878,0.865
64,249,basic,31.921,23.631,32.372,23.931,0.897,0.904
64,250,basic,90.537,64.856,95.947,68.662,0.992,0.998
64,251,basic,135.909,58.622,141.0,60.596,1.436,1.458
64,252,basic,241.591,163.027,247.987,166.883,1.463,1.479
64,255,basic,88.072,55.274,89.537,56.356,0.852,0.835
64,257,basic,122.155,103.073,119.187,100.565,1.096,1.097
64,259,basic,159.921,115.748,164.355,119.419,1.302,1.278
64,261,basic,180.818,164.788,186.847,170.257,1.14,1.138
64,262,basic,190.144,142.112,146.198,108.569,1.061,1.099
64,264,basic,80.645,32.079,82.126,32.67,0.952,0.951
64,266,basic,106.922,82.568,103.945,80.534,0.88,0.859
64,267,basic,119.428,105.423,121.769,107.479,1.017,1.017
64,268,basic,109.603,104.123,109.614,104.133,1.064,1.061
64,269,basic,110.199,103.891,101.153,95.362,1.039,1.007
64,270,basic,154.076,101.788,155.88,102.878,1.596,1.601
64,272,basic,42.617,40.274,42.197,39.952,1.048,0.992
64,275,basic,91.799,86.545,92.737,87.387,1.179,1.183
64,276,basic,154.374,67.518,96.549,42.189,1.13,1.134
64,277,basic,125.052,77.385,49.918,30.615,1.005,1.057
64,279,basic,105.633,41.052,77.804,30.021,0.999,1.04
64,281,basic,64.674,41.19,69.531,44.18,0.827,0.84
64,282,basic,75.562,55.226,76.001,56.066,0.876,0.822
64,286,basic,180.582,106.506,186.394,107.856,2.023,2.14
64,287,basic,0.0,0.0,447.41,174.28,,0.964
64,287,gifted,190.0,174.629,0.0,0.0,,
64,288,basic,190.89,165.975,194.124,171.475,1.41,1.338
64,289,basic,154.923,141.592,185.191,168.516,1.388,1.463
64,291,basic,374.44,265.575,388.174,268.488,2.368,2.515
64,292,basic,563.523,320.693,616.76,355.617,1.528,1.576
64,930,basic,399.576,365.547,401.998,366.776,2.446,2.465
64,935,basic,437.167,315.129,456.846,335.244,1.881,1.801
64,939,basic,224.506,104.452,232.17,107.564,1.793,1.825
64,949,basic,373.704,325.064,484.179,424.544,1.579,1.649
64,955,basic,44.294,42.079,51.234,48.672,2.698,2.501
64,971,basic,0.0,0.0,559.347,222.855,,1.125
64,971,gifted,515.926,474.188,0.0,0.0,,
64,972,basic,265.405,200.417,268.579,201.711,1.916,1.94
64,974,basic,88.562,81.242,92.203,85.248,1.223,1.17
64,977,basic,235.517,175.224,195.946,143.606,1.316,1.412
65,103,basic,268.031,226.391,268.885,226.989,1.611,1.614
65,104,basic,140.711,52.477,158.327,60.867,2.566,2.438
65,105,basic,462.833,209.192,318.092,139.998,2.251,2.373
65,105,gifted,183.91,168.546,0.0,0.0,,
65,106,basic,443.334,259.317,331.629,196.63,1.759,1.685
65,106,gifted,114.067,104.538,0.0,0.0,,
65,107,basic,526.939,243.344,527.389,243.509,2.51,2.511
65,109,basic,146.942,92.753,149.404,94.647,2.097,2.082
65,110,basic,385.556,197.386,394.472,201.767,2.102,2.106
65,113,basic,396.151,226.203,265.018,150.249,2.313,2.34
65,113,gifted,136.088,124.719,0.0,0.0,,
65,115,basic,146.621,81.882,167.811,93.627,1.718,1.722
65,117,basic,269.719,157.194,232.837,138.307,2.327,2.238
65,117,gifted,90.014,82.494,0.0,0.0,,
65,118,basic,269.58,135.109,336.419,168.377,2.099,2.106
65,130,basic,661.35,381.297,677.976,390.345,1.709,1.715
65,201,basic,78.582,54.135,85.282,59.148,1.004,0.983
65,202,basic,172.241,93.05,174.705,93.499,1.58,1.621
65,203,basic,255.486,179.588,255.594,179.517,1.303,1.307
65,204,basic,174.674,124.987,107.22,67.424,1.395,2.015
65,208,basic,205.495,169.75,237.617,194.389,1.223,1.286
65,209,basic,152.732,59.687,134.139,52.379,0.761,0.764
65,210,basic,192.026,87.718,190.116,87.189,1.375,1.356
65,211,basic,66.39,42.941,71.834,46.399,1.116,1.125
65,212,gifted,205.927,188.723,0.0,0.0,,
65,215,basic,115.162,73.929,116.296,74.183,0.867,0.888
65,218,basic,157.255,102.678,166.816,109.003,0.749,0.746
65,220,basic,87.594,73.571,89.527,74.774,1.249,1.273
65,221,basic,163.401,120.211,167.86,121.492,0.937,0.993
65,222,basic,139.34,83.18,146.236,85.208,1.897,2.009
65,225,basic,78.75,42.005,79.581,42.43,1.178,1.18
65,226,basic,249.051,172.584,255.863,178.418,1.234,1.218
65,229,basic,251.41,209.359,258.236,212.491,1.132,1.181
65,230,basic,113.703,78.632,81.891,56.653,1.019,1.013
65,233,basic,280.491,182.858,286.395,186.662,0.845,0.846
65,234,basic,78.635,64.437,90.284,72.528,1.178,1.269
65,235,basic,87.438,58.163,88.69,58.358,1.187,1.227
65,236,basic,54.224,47.86,55.164,48.664,1.084,1.086
65,239,basic,260.004,154.952,261.863,156.008,1.643,1.645
65,241,basic,383.657,138.412,374.105,134.084,1.853,1.883
65,242,basic,153.406,108.931,158.937,112.964,1.203,1.199
65,243,basic,219.82,122.564,237.065,132.305,0.991,0.988
65,244,basic,36.204,33.562,36.485,34.141,1.075,1.013
65,245,basic,317.835,279.565,321.882,283.138,1.228,1.231
65,246,basic,225.854,121.996,242.156,130.398,1.181,1.193
65,247,basic,368.527,133.638,358.705,131.0,1.551,1.518
65,248,basic,147.845,97.601,150.097,99.336,0.891,0.88
65,249,basic,29.162,23.251,29.568,23.56,0.871,0.873
65,250,basic,86.163,65.2,90.729,68.629,0.962,0.964
65,251,basic,130.161,67.548,134.802,69.694,1.349,1.366
65,252,basic,247.724,178.734,254.079,182.798,1.414,1.427
65,255,basic,88.001,60.493,89.765,61.894,0.834,0.821
65,257,basic,118.555,103.379,115.539,100.749,1.082,1.083
65,259,basic,168.369,123.457,173.476,127.694,1.312,1.292
65,261,basic,177.853,161.364,183.02,166.15,1.08,1.074
65,262,basic,189.859,149.352,146.296,114.216,1.073,1.107
65,264,basic,77.509,39.001,78.923,39.715,0.946,0.946
65,266,basic,105.503,88.754,102.46,86.602,0.871,0.848
65,267,basic,114.079,103.278,116.285,105.267,1.019,1.019
65,268,basic,114.11,108.405,114.333,108.616,1.08,1.077
65,269,basic,105.946,98.974,96.898,90.564,1.058,1.027
65,270,basic,150.222,102.99,151.992,104.053,1.444,1.45
65,272,basic,39.761,37.139,39.126,36.765,1.078,1.021
65,275,basic,96.825,90.505,97.775,91.338,1.178,1.181
65,276,basic,149.748,78.81,93.171,48.979,1.132,1.135
65,277,basic,125.983,84.599,50.422,33.521,1.005,1.048
65,279,basic,107.59,50.977,78.264,36.798,0.994,1.026
65,281,basic,63.926,44.445,68.555,47.577,0.813,0.821
65,282,basic,76.987,58.686,77.153,59.518,0.896,0.844
65,286,basic,176.192,115.844,181.663,116.875,1.723,1.818
65,287,basic,0.0,0.0,444.657,211.62,,0.946
65,287,gifted,190.0,174.127,0.0,0.0,,
65,288,basic,183.109,158.382,186.118,163.347,1.353,1.302
65,289,basic,155.747,127.298,185.096,149.841,1.339,1.391
65,291,basic,373.428,257.804,386.105,260.57,2.163,2.263
65,292,basic,561.812,325.994,617.081,356.167,1.479,1.523
65,930,basic,399.124,338.45,401.546,339.551,2.294,2.307
65,935,basic,438.19,297.252,458.034,316.184,1.798,1.719
65,939,basic,215.324,109.238,222.515,112.287,1.653,1.679
65,949,basic,376.686,299.675,485.263,383.609,1.506,1.559
65,955,basic,45.039,42.787,51.227,48.666,2.778,2.582
65,971,basic,0.0,0.0,560.269,266.927,,1.12
65,971,gifted,515.41,472.352,0.0,0.0,,
65,972,basic,263.993,188.117,266.917,189.242,1.834,1.854
65,974,basic,87.335,77.55,90.575,81.305,1.225,1.174
65,977,basic,232.928,175.678,194.971,144.02,1.29,1.393
66,103,basic,268.303,240.614,269.039,241.214,1.64,1.641
66,104,basic,164.133,65.059,176.389,72.78,2.813,2.577
66,105,basic,466.137,233.069,327.357,160.713,2.298,2.421
66,105,gifted,182.323,167.106,0.0,0.0,,
66,106,basic,473.692,292.758,355.12,221.395,1.849,1.776
66,106,gifted,117.327,107.535,0.0,0.0,,
66,107,basic,504.952,264.271,505.406,264.479,2.505,2.506
66,109,basic,149.552,101.661,152.025,103.61,2.21,2.194
66,110,basic,413.135,220.536,422.663,225.436,2.137,2.143
66,113,basic,392.267,246.061,265.798,164.423,2.429,2.503
66,113,gifted,134.009,122.825,0.0,0.0,,
66,115,basic,140.625,84.912,160.86,97.075,1.728,1.732
66,117,basic,264.512,167.949,228.133,146.95,2.326,2.229
66,117,gifted,89.953,82.446,0.0,0.0,,
66,118,basic,271.052,147.037,343.331,185.581,2.192,2.217
66,130,basic,655.628,387.948,672.204,397.294,1.762,1.769
66,201,basic,79.461,51.483,87.312,56.831,1.098,1.075
66,202,basic,173.307,90.065,175.826,90.692,1.713,1.761
66,203,basic,266.295,181.878,266.376,181.83,1.305,1.309
66,204,basic,182.44,127.003,111.189,69.892,1.483,2.2
66,208,basic,205.842,165.042,237.693,191.115,1.29,1.358
66,209,basic,149.986,50.828,131.057,44.388,0.774,0.778
66,210,basic,194.971,80.55,193.152,79.985,1.421,1.403
66,211,basic,78.685,48.816,85.369,52.872,1.105,1.119
66,212,gifted,206.027,188.832,0.0,0.0,,
66,215,basic,115.953,65.266,117.164,65.512,0.941,0.973
66,218,basic,156.434,93.51,165.932,99.233,0.759,0.756
66,220,basic,92.777,74.289,95.066,75.757,1.471,1.504
66,221,basic,164.929,106.187,169.613,107.567,1.023,1.103
66,222,basic,140.592,82.35,147.156,84.926,2.15,2.261
66,225,basic,77.718,38.789,78.542,39.186,1.207,1.21
66,226,basic,265.825,161.06,272.931,166.475,1.426,1.396
66,229,basic,252.076,201.216,259.354,204.741,1.147,1.216
66,230,basic,110.289,72.632,78.998,52.025,1.085,1.082
66,233,basic,277.145,165.746,283.104,169.257,0.834,0.836
66,234,basic,78.047,61.776,91.004,70.808,1.237,1.354
66,235,basic,86.147,52.54,87.375,52.825,1.252,1.303
66,236,basic,51.001,44.427,51.839,45.139,1.065,1.067
66,239,basic,267.732,155.779,269.58,156.822,1.753,1.755
66,241,basic,383.801,130.712,375.246,126.479,1.931,2.002
66,242,basic,162.224,109.187,168.656,113.595,1.252,1.248
66,243,basic,217.629,111.966,234.882,120.909,0.994,0.991
66,244,basic,37.286,34.803,37.522,35.292,1.147,1.059
66,245,basic,319.808,266.207,324.11,269.692,1.256,1.261
66,246,basic,245.281,124.694,262.8,133.234,1.204,1.221
66,247,basic,367.318,123.319,357.504,120.524,1.59,1.561
66,248,basic,150.212,93.157,152.521,94.751,0.904,0.893
66,249,basic,28.449,20.834,28.813,21.085,0.92,0.924
66,250,basic,83.115,60.248,87.502,63.391,0.977,0.981
66,251,basic,131.721,61.354,136.627,63.44,1.408,1.429
66,252,basic,226.742,155.547,232.835,159.341,1.435,1.451
66,255,basic,88.854,57.326,90.577,58.594,0.859,0.842
66,257,basic,118.86,98.716,116.08,96.409,1.069,1.07
66,259,basic,163.025,118.167,167.969,122.096,1.335,1.315
66,261,basic,169.379,153.254,174.411,157.859,1.081,1.076
66,262,basic,188.445,139.903,145.15,107.219,1.084,1.117
66,264,basic,80.278,34.715,81.713,35.339,0.941,0.94
66,266,basic,104.591,79.416,101.443,77.279,0.93,0.907
66,267,basic,117.031,99.427,119.29,101.339,1.018,1.018
66,268,basic,110.318,104.802,110.426,104.905,1.075,1.071
66,269,basic,106.151,99.498,97.016,90.962,1.072,1.039
66,270,basic,152.031,103.608,153.763,104.68,1.522,1.528
66,272,basic,42.025,39.63,41.536,39.279,1.06,0.998
66,275,basic,91.266,85.718,92.186,86.543,1.151,1.155
66,276,basic,158.661,74.695,98.748,46.462,1.126,1.127
66,277,basic,125.565,80.265,50.078,31.774,1.005,1.053
66,279,basic,97.221,41.681,71.074,30.295,0.993,1.029
66,281,basic,68.702,44.911,74.271,48.413,0.834,0.853
66,282,basic,75.236,55.168,75.359,55.729,0.913,0.857
66,286,basic,181.944,108.138,187.616,109.637,2.074,2.191
66,287,basic,0.0,0.0,444.863,191.879,,0.954
66,287,gifted,190.0,174.143,0.0,0.0,,
66,288,basic,189.348,161.474,192.253,166.724,1.441,1.355
66,289,basic,157.104,138.288,187.416,163.993,1.412,1.486
66,291,basic,378.448,258.674,391.851,262.388,2.487,2.623
66,292,basic,564.052,324.799,618.641,358.278,1.551,1.604
66,930,basic,398.893,363.444,401.322,364.751,2.385,2.403
66,935,basic,437.447,308.044,457.03,326.899,1.922,1.837
66,939,basic,221.771,107.186,229.277,110.36,1.82,1.853
66,949,basic,381.347,320.512,491.067,415.105,1.619,1.668
66,955,basic,47.39,45.021,54.555,51.828,2.76,2.557
66,971,basic,0.0,0.0,557.833,243.793,,1.133
66,971,gifted,515.648,472.612,0.0,0.0,,
66,972,basic,262.62,194.856,265.572,196.132,1.895,1.919
66,974,basic,86.648,79.003,90.577,83.15,1.225,1.179
66,977,basic,232.245,173.025,193.437,142.139,1.307,1.405
67,103,basic,272.881,235.543,273.667,236.15,1.635,1.636
67,104,basic,144.234,51.523,156.25,58.181,2.593,2.415
67,105,basic,463.148,205.944,325.026,140.917,2.299,2.409
67,105,gifted,179.289,164.868,0.0,0.0,,
67,106,basic,457.473,268.488,341.272,203.794,1.75,1.663
67,106,gifted,115.744,106.434,0.0,0.0,,
67,107,basic,515.184,239.526,515.578,239.682,2.465,2.466
67,109,basic,158.884,99.045,161.823,101.138,2.175,2.165
67,110,basic,399.606,194.573,408.359,198.734,2.091,2.093
67,113,basic,386.919,220.625,261.571,147.227,2.387,2.439
67,113,gifted,132.76,122.081,0.0,0.0,,
67,115,basic,150.349,85.314,171.647,97.341,1.719,1.721
67,117,basic,269.769,155.088,231.54,136.281,2.3,2.198
67,117,gifted,90.23,82.972,0.0,0.0,,
67,118,basic,275.0,134.558,350.252,170.283,2.182,2.211
67,130,basic,660.795,371.324,677.281,380.153,1.657,1.661
67,201,basic,87.635,60.491,95.348,66.162,0.994,0.981
67,202,basic,172.006,89.284,174.639,89.662,1.619,1.663
67,203,basic,253.08,180.206,253.129,180.075,1.259,1.263
67,204,basic,186.79,134.021,111.743,70.047,1.416,2.02
67,208,basic,209.45,173.032,241.88,198.254,1.222,1.288
67,209,basic,153.216,53.446,134.347,46.807,0.772,0.776
67,210,basic,193.171,79.602,191.337,79.114,1.386,1.37
67,211,basic,75.941,49.43,81.139,52.767,1.085,1.09
67,212,gifted,205.846,189.288,0.0,0.0,,
67,215,basic,124.24,73.894,125.441,74.113,0.89,0.911
67,218,basic,160.508,102.744,170.164,108.986,0.75,0.748
67,220,basic,91.821,73.741,94.327,75.112,1.428,1.465
67,221,basic,165.183,113.544,169.882,114.654,0.924,0.982
67,222,basic,147.588,84.491,155.277,86.528,2.052,2.171
67,225,basic,80.701,41.19,81.583,41.628,1.184,1.185
67,226,basic,255.04,162.297,262.275,167.572,1.242,1.236
67,229,basic,256.043,216.282,262.932,219.194,1.133,1.183
67,230,basic,112.463,78.715,81.481,56.956,1.021,1.023
67,233,basic,281.255,178.97,287.3,182.729,0.822,0.824
67,234,basic,75.339,63.672,85.58,71.02,1.131,1.208
67,235,basic,84.344,53.177,85.751,53.327,1.191,1.239
67,236,basic,48.747,42.736,49.63,43.483,1.045,1.047
67,239,basic,272.862,160.406,274.803,161.512,1.655,1.656
67,241,basic,382.122,125.04,373.12,121.131,1.839,1.874
67,242,basic,156.95,110.539,162.458,114.545,1.206,1.202
67,243,basic,216.616,116.18,233.592,125.406,0.986,0.982
67,244,basic,34.972,32.536,35.51,33.304,1.096,1.04
67,245,basic,321.347,278.512,325.661,281.99,1.214,1.221
67,246,basic,231.887,119.73,249.124,127.953,1.21,1.229
67,247,basic,372.144,121.602,362.878,119.317,1.547,1.52
67,248,basic,141.407,93.391,143.177,94.802,0.88,0.87
67,249,basic,32.129,25.547,32.453,25.793,0.837,0.838
67,250,basic,85.72,66.581,89.966,69.861,0.952,0.953
67,251,basic,131.232,61.397,136.137,63.388,1.362,1.382
67,252,basic,235.365,166.751,241.598,170.59,1.379,1.393
67,255,basic,88.241,61.139,89.848,62.499,0.822,0.807
67,257,basic,121.93,106.892,119.147,104.433,1.061,1.063
67,259,basic,154.705,117.025,158.6,120.631,1.295,1.27
67,261,basic,176.037,159.981,181.41,164.837,1.08,1.077
67,262,basic,186.86,146.832,144.378,112.52,1.072,1.105
67,264,basic,78.712,35.093,80.158,35.739,0.923,0.923
67,266,basic,106.396,87.09,103.315,84.966,0.888,0.866
67,267,basic,122.938,110.736,125.372,112.917,1.019,1.02
67,268,basic,109.855,104.362,109.984,104.485,1.062,1.058
67,269,basic,108.019,101.149,99.071,92.801,0.998,0.964
67,270,basic,155.727,108.952,157.536,110.083,1.454,1.459
67,272,basic,42.53,40.015,42.186,39.839,1.042,0.994
67,275,basic,101.276,94.794,102.216,95.615,1.162,1.165
67,276,basic,155.555,74.944,96.932,46.674,1.12,1.121
67,277,basic,128.57,86.624,51.478,34.276,1.01,1.057
67,279,basic,106.184,46.82,78.58,34.334,0.988,1.023
67,281,basic,72.85,51.304,78.183,54.963,0.801,0.808
67,282,basic,79.373,62.227,79.531,63.16,0.912,0.859
67,286,basic,181.183,110.778,186.969,111.572,1.753,1.853
67,287,basic,0.0,0.0,455.48,202.988,,0.95
67,287,gifted,190.0,174.717,0.0,0.0,,
67,288,basic,186.454,162.352,189.52,167.811,1.34,1.284
67,289,basic,159.476,138.411,190.402,162.944,1.382,1.462
67,291,basic,369.75,252.267,382.883,254.954,2.152,2.255
67,292,basic,563.183,323.7,618.101,354.468,1.46,1.507
67,930,basic,399.111,352.626,401.527,353.759,2.343,2.357
67,935,basic,437.969,301.05,457.891,320.411,1.826,1.755
67,939,basic,220.627,104.351,228.184,107.229,1.673,1.702
67,949,basic,381.334,317.873,490.321,408.245,1.551,1.6
67,955,basic,46.662,44.329,52.66,50.027,2.837,2.632
67,971,basic,0.0,0.0,568.476,253.182,,1.128
67,971,gifted,516.7,475.139,0.0,0.0,,
67,972,basic,263.652,191.87,266.727,193.006,1.83,1.85
67,974,basic,90.529,82.516,94.069,86.529,1.192,1.144
67,977,basic,239.341,185.668,198.657,150.608,1.297,1.402
68,103,basic,268.109,239.974,268.935,240.602,1.619,1.621
68,104,basic,129.462,51.267,139.991,57.335,2.408,2.266
68,105,basic,470.183,224.824,323.237,150.429,2.265,2.388
68,105,gifted,186.352,170.438,0.0,0.0,,
68,106,basic,466.18,289.404,345.997,218.359,1.752,1.662
68,106,gifted,117.197,107.189,0.0,0.0,,
68,107,basic,497.3,248.055,497.739,248.235,2.44,2.44
68,109,basic,158.136,104.819,160.864,107.004,2.162,2.147
68,110,basic,396.542,203.958,405.595,208.425,2.099,2.103
68,113,basic,388.042,238.714,265.322,161.952,2.332,2.362
68,113,gifted,132.562,121.242,0.0,0.0,,
68,115,basic,145.292,87.022,166.71,99.684,1.725,1.733
68,117,basic,260.041,158.456,224.3,139.225,2.305,2.22
68,117,gifted,89.987,82.302,0.0,0.0,,
68,118,basic,259.501,137.641,323.854,171.503,2.093,2.101
68,130,basic,663.071,388.104,679.765,397.28,1.696,1.703
68,201,basic,82.012,54.991,88.61,59.922,1.028,0.999
68,202,basic,169.757,87.082,172.394,87.509,1.612,1.657
68,203,basic,276.958,190.475,277.049,190.349,1.332,1.336
68,204,basic,183.104,129.171,109.893,68.469,1.42,2.013
68,208,basic,202.312,167.153,233.663,192.796,1.238,1.304
68,209,basic,146.963,49.759,129.053,43.648,0.779,0.783
68,210,basic,191.666,77.762,189.802,77.315,1.368,1.349
68,211,basic,78.141,49.508,84.433,53.414,1.109,1.119
68,212,gifted,205.616,188.058,0.0,0.0,,
68,215,basic,115.686,66.575,116.954,66.768,0.889,0.916
68,218,basic,157.151,97.631,167.012,103.826,0.763,0.761
68,220,basic,85.891,70.696,88.058,71.932,1.317,1.35
68,221,basic,165.586,110.4,170.383,111.527,0.925,0.987
68,222,basic,149.538,83.069,157.092,85.155,2.151,2.27
68,225,basic,82.031,40.914,82.925,41.342,1.195,1.197
68,226,basic,260.81,160.601,267.825,165.842,1.268,1.255
68,229,basic,247.546,205.091,253.922,208.006,1.124,1.17
68,230,basic,119.715,81.637,87.198,59.4,1.045,1.046
68,233,basic,277.535,171.524,283.456,175.117,0.832,0.833
68,234,basic,74.265,60.929,85.41,68.652,1.177,1.27
68,235,basic,85.219,51.768,86.589,51.949,1.255,1.302
68,236,basic,50.204,43.692,51.156,44.498,1.058,1.06
68,239,basic,268.196,154.349,270.073,155.404,1.698,1.699
68,241,basic,385.857,124.097,376.366,120.301,1.868,1.896
68,242,basic,154.608,106.409,160.321,110.423,1.208,1.206
68,243,basic,213.679,112.053,230.489,120.992,0.984,0.98
68,244,basic,36.978,34.358,37.281,34.931,1.122,1.059
68,245,basic,318.699,271.447,322.644,274.798,1.215,1.218
68,246,basic,226.765,116.483,242.21,124.133,1.147,1.156
68,247,basic,366.528,116.895,356.928,114.534,1.59,1.562
68,248,basic,146.843,94.507,148.896,96.073,0.884,0.873
68,249,basic,31.363,24.145,31.709,24.396,0.848,0.85
68,250,basic,94.847,71.924,99.637,75.505,0.959,0.963
68,251,basic,131.868,60.258,136.663,62.198,1.375,1.393
68,252,basic,239.081,165.396,245.313,169.196,1.406,1.42
68,255,basic,85.106,57.522,86.727,58.808,0.824,0.81
68,257,basic,117.409,100.975,115.154,98.989,1.062,1.065
68,259,basic,168.994,126.143,173.994,130.413,1.279,1.259
68,261,basic,173.802,158.081,178.624,162.593,1.065,1.058
68,262,basic,193.764,148.652,149.476,113.739,1.073,1.109
68,264,basic,79.762,34.545,81.226,35.179,0.914,0.914
68,266,basic,105.71,84.014,102.688,81.996,0.896,0.873
68,267,basic,109.595,96.375,111.858,98.348,1.014,1.015
68,268,basic,110.277,104.763,110.315,104.8,1.055,1.05
68,269,basic,103.456,96.748,94.614,88.524,0.993,0.957
68,270,basic,161.123,111.096,162.933,112.2,1.456,1.46
68,272,basic,39.833,37.44,39.388,37.165,1.025,0.974
68,275,basic,99.218,92.664,100.166,93.488,1.205,1.208
68,276,basic,153.668,71.97,95.713,44.802,1.134,1.135
68,277,basic,124.382,82.185,50.197,32.762,1.001,1.054
68,279,basic,105.921,45.589,77.893,33.262,0.989,1.022
68,281,basic,68.364,46.795,73.16,50.003,0.816,0.823
68,282,basic,74.491,57.615,74.709,58.462,0.875,0.825
68,286,basic,179.153,106.765,185.043,107.513,1.787,1.898
68,287,basic,0.0,0.0,448.458,195.089,,0.954
68,287,gifted,190.0,173.775,0.0,0.0,,
68,288,basic,185.86,161.088,188.773,166.198,1.345,1.29
68,289,basic,157.343,142.029,186.904,167.838,1.373,1.423
68,291,basic,371.388,254.812,384.046,257.818,2.226,2.326
68,292,basic,562.583,326.334,618.41,359.563,1.479,1.537
68,930,basic,398.802,355.511,401.229,356.496,2.339,2.355
68,935,basic,438.205,308.133,457.983,328.302,1.824,1.749
68,939,basic,221.273,104.417,228.659,107.383,1.713,1.739
68,949,basic,384.255,325.936,496.0,421.149,1.565,1.629
68,955,basic,45.968,43.67,52.285,49.671,2.798,2.616
68,971,basic,0.0,0.0,566.053,246.68,,1.131
68,971,gifted,516.613,472.497,0.0,0.0,,
68,972,basic,260.583,192.468,263.687,193.563,1.857,1.879
68,974,basic,86.776,78.269,90.006,82.016,1.248,1.195
68,977,basic,238.066,180.909,198.199,147.554,1.312,1.412
69,103,basic,269.285,252.502,270.357,253.169,1.654,1.66
69,104,basic,122.246,49.538,138.767,56.921,2.194,2.147
69,105,basic,452.744,216.54,321.523,149.869,2.272,2.412
69,105,gifted,180.706,166.346,0.0,0.0,,
69,106,basic,433.614,279.541,321.361,210.472,1.723,1.628
69,106,gifted,113.754,104.714,0.0,0.0,,
69,107,basic,528.46,266.808,528.856,266.968,2.497,2.498
69,109,basic,137.99,101.603,139.887,103.231,2.042,2.031
69,110,basic,382.508,203.06,391.915,207.773,2.119,2.127
69,113,basic,387.47,257.334,262.517,174.35,2.277,2.272
69,113,gifted,133.486,122.879,0.0,0.0,,
69,115,basic,155.516,93.875,177.878,107.295,1.731,1.735
69,117,basic,251.362,165.176,217.682,144.897,2.329,2.259
69,117,gifted,88.939,81.871,0.0,0.0,,
69,118,basic,260.791,139.624,334.176,177.595,2.125,2.166
69,130,basic,668.094,403.284,684.842,412.824,1.707,1.714
69,201,basic,84.167,54.599,91.847,59.955,1.047,1.023
69,202,basic,167.046,82.912,169.505,83.424,1.572,1.615
69,203,basic,250.295,173.019,250.421,172.981,1.289,1.293
69,204,basic,186.926,132.291,112.293,70.48,1.459,2.134
69,208,basic,206.15,177.563,237.463,204.952,1.268,1.339
69,209,basic,147.57,41.122,129.883,36.158,0.784,0.788
69,210,basic,191.451,69.806,189.542,69.269,1.431,1.416
69,211,basic,77.205,46.719,84.382,50.945,1.112,1.126
69,212,gifted,205.727,189.379,0.0,0.0,,
69,215,basic,120.463,65.717,121.684,65.922,0.904,0.93
69,218,basic,153.271,88.897,162.19,94.126,0.753,0.75
69,220,basic,89.204,73.717,91.392,75.136,1.469,1.5
69,221,basic,168.143,109.715,173.215,110.903,1.021,1.1
69,222,basic,138.944,82.368,145.141,84.598,1.93,2.025
69,225,basic,89.033,40.742,90.039,41.182,1.224,1.226
69,226,basic,253.382,157.459,260.468,162.744,1.296,1.281
69,229,basic,248.124,209.649,255.294,212.879,1.146,1.21
69,230,basic,114.59,75.821,82.423,54.564,1.021,1.015
69,233,basic,281.157,163.326,287.17,166.757,0.837,0.839
69,234,basic,77.32,64.592,89.726,73.41,1.208,1.321
69,235,basic,81.853,49.898,83.066,50.133,1.177,1.221
69,236,basic,47.847,43.036,48.584,43.675,1.073,1.076
69,239,basic,267.838,151.908,269.715,152.924,1.678,1.68
69,241,basic,384.036,109.277,375.266,105.667,1.888,1.945
69,242,basic,155.137,105.471,160.687,109.346,1.217,1.213
69,243,basic,210.632,101.169,227.148,109.169,0.973,0.971
69,244,basic,35.355,33.113,35.645,33.591,1.141,1.06
69,245,basic,317.768,283.137,321.977,286.849,1.246,1.25
69,246,basic,234.749,111.003,250.762,118.311,1.165,1.175
69,247,basic,368.211,102.075,358.481,99.96,1.58,1.548
69,248,basic,147.354,89.227,149.539,90.745,0.884,0.873
69,249,basic,31.831,24.069,32.307,24.401,0.904,0.909
69,250,basic,87.852,65.103,92.453,68.464,0.971,0.975
69,251,basic,133.03,57.093,138.061,59.02,1.402,1.423
69,252,basic,241.014,170.001,247.414,174.004,1.433,1.448
69,255,basic,87.144,55.55,88.727,56.743,0.843,0.827
69,257,basic,121.221,107.831,118.277,105.218,1.078,1.079
69,259,basic,153.964,115.338,157.271,118.45,1.267,1.237
69,261,basic,181.181,167.271,186.987,172.516,1.129,1.127
69,262,basic,183.243,141.751,141.033,108.425,1.06,1.092
69,264,basic,80.019,31.249,81.489,31.826,0.918,0.918
69,266,basic,108.202,86.973,104.989,84.708,0.913,0.891
69,267,basic,115.096,104.93,117.295,106.931,1.028,1.028
69,268,basic,110.839,105.297,110.959,105.411,1.087,1.086
69,269,basic,105.192,99.309,96.111,90.748,1.059,1.028
69,270,basic,153.203,107.008,154.96,108.099,1.408,1.414
69,272,basic,42.288,39.988,41.902,39.682,1.061,1.001
69,275,basic,97.313,91.953,98.268,92.822,1.195,1.198
69,276,basic,150.845,65.425,94.236,40.833,1.111,1.114
69,277,basic,123.568,77.895,49.47,30.909,1.006,1.051
69,279,basic,105.052,39.719,76.869,28.837,1.002,1.041
69,281,basic,62.31,40.186,67.095,43.134,0.841,0.858
69,282,basic,74.217,55.711,74.151,56.272,0.899,0.842
69,286,basic,183.503,109.334,189.319,110.529,2.041,2.154
69,287,basic,0.0,0.0,446.061,170.386,,0.946
69,287,gifted,190.0,174.902,0.0,0.0,,
69,288,basic,181.175,159.186,183.951,164.766,1.473,1.391
69,289,basic,155.34,143.678,186.161,171.002,1.419,1.504
69,291,basic,377.309,274.327,390.91,276.431,2.355,2.505
69,292,basic,564.525,321.285,618.922,355.915,1.486,1.536
69,930,basic,398.807,369.513,401.238,370.885,2.37,2.387
69,935,basic,438.467,324.005,458.193,344.82,1.85,1.774
69,939,basic,219.454,100.066,227.026,102.971,1.756,1.79
69,949,basic,378.458,332.7,489.303,432.759,1.572,1.635
69,955,basic,46.726,44.39,53.649,50.967,2.729,2.53
69,971,basic,0.0,0.0,565.772,219.609,,1.131
69,971,gifted,516.45,475.41,0.0,0.0,,
69,972,basic,260.079,204.68,262.979,205.896,1.839,1.86
69,974,basic,85.486,78.788,88.906,82.578,1.253,1.204
69,977,basic,233.317,178.663,195.434,146.929,1.306,1.412
70,103,basic,265.393,227.601,266.153,228.187,1.636,1.637
70,104,basic,150.6,63.382,162.659,71.489,2.719,2.513
70,105,basic,462.563,237.372,318.696,159.914,2.295,2.41
70,105,gifted,182.484,167.122,0.0,0.0,,
70,106,basic,460.484,291.634,343.147,219.925,1.804,1.727
70,106,gifted,116.061,106.29,0.0,0.0,,
70,107,basic,504.958,266.085,505.441,266.296,2.469,2.47
70,109,basic,152.297,101.111,154.729,103.089,2.165,2.148
70,110,basic,411.116,228.883,420.526,233.923,2.166,2.17
70,113,basic,396.958,243.463,265.79,160.797,2.386,2.443
70,113,gifted,136.325,124.848,0.0,0.0,,
70,115,basic,149.362,92.648,170.637,105.794,1.718,1.721
70,117,basic,250.511,156.959,215.172,137.446,2.319,2.22
70,117,gifted,89.38,81.856,0.0,0.0,,
70,118,basic,273.072,152.472,342.077,190.571,2.133,2.145
70,130,basic,653.903,408.981,670.359,418.698,1.701,1.708
70,201,basic,78.9,52.369,86.197,57.541,1.043,1.023
70,202,basic,168.932,90.461,171.506,90.99,1.636,1.681
70,203,basic,258.559,173.719,258.657,173.636,1.333,1.337
70,204,basic,170.687,115.129,108.264,64.487,1.469,2.141
70,208,basic,209.03,165.054,242.021,191.147,1.264,1.328
70,209,basic,149.088,62.09,130.245,54.206,0.769,0.772
70,210,basic,193.946,90.165,192.005,89.567,1.401,1.381
70,211,basic,77.385,49.178,84.642,53.645,1.112,1.128
70,212,gifted,206.034,188.689,0.0,0.0,,
70,215,basic,122.709,74.923,124.05,75.107,0.914,0.945
70,218,basic,156.5,99.973,165.666,105.883,0.763,0.761
70,220,basic,97.093,71.391,99.776,72.797,1.576,1.616
70,221,basic,164.089,110.051,169.368,111.2,1.028,1.112
70,222,basic,149.211,83.468,156.24,85.706,2.088,2.197
70,225,basic,80.494,43.252,81.382,43.708,1.189,1.191
70,226,basic,264.657,168.625,271.67,174.27,1.327,1.307
70,229,basic,257.361,199.733,264.761,202.879,1.135,1.194
70,230,basic,108.325,72.727,78.22,52.576,1.031,1.022
70,233,basic,276.561,176.825,282.59,180.594,0.818,0.82
70,234,basic,73.146,55.803,85.35,63.66,1.21,1.326
70,235,basic,84.907,53.607,86.216,53.825,1.221,1.269
70,236,basic,53.296,45.647,54.246,46.435,1.017,1.019
70,239,basic,278.159,162.442,280.077,163.522,1.677,1.679
70,241,basic,384.2,147.288,375.318,142.35,1.877,1.933
70,242,basic,159.907,108.774,166.123,113.098,1.197,1.194
70,243,basic,215.046,120.267,232.072,129.883,1.003,1.0
70,244,basic,38.64,35.596,38.865,36.213,1.073,1.008
70,245,basic,321.245,259.826,325.392,263.073,1.232,1.237
70,246,basic,234.061,127.276,251.344,136.251,1.192,1.206
70,247,basic,371.595,144.631,362.174,141.723,1.541,1.513
70,248,basic,145.684,94.264,147.663,95.761,0.894,0.882
70,249,basic,31.521,23.474,31.932,23.752,0.881,0.886
70,250,basic,82.009,59.526,86.585,62.821,0.959,0.961
70,251,basic,125.298,64.234,130.181,66.447,1.38,1.402
70,252,basic,234.491,160.485,240.793,164.29,1.399,1.414
70,255,basic,87.149,58.285,88.777,59.571,0.846,0.83
70,257,basic,123.146,99.556,120.126,97.125,1.084,1.084
70,259,basic,167.6,116.503,174.078,121.264,1.376,1.364
70,261,basic,171.856,150.576,176.954,155.192,1.042,1.036
70,262,basic,185.878,137.077,143.647,105.235,1.089,1.122
70,264,basic,79.873,40.387,81.347,41.137,0.918,0.918
70,266,basic,104.341,80.642,101.05,78.481,0.898,0.872
70,267,basic,114.392,94.681,116.686,96.566,1.018,1.019
70,268,basic,108.51,103.084,108.734,103.297,1.065,1.062
70,269,basic,105.067,96.124,96.051,88.103,1.005,0.973
70,270,basic,145.709,97.039,147.445,98.066,1.436,1.442
70,272,basic,40.428,37.703,39.852,37.413,1.015,0.963
70,275,basic,91.838,83.849,92.763,84.639,1.156,1.159
70,276,basic,155.606,81.847,96.357,50.678,1.126,1.125
70,277,basic,117.236,77.139,46.93,30.611,0.994,1.037
70,279,basic,101.055,49.451,73.283,35.631,0.984,1.014
70,281,basic,69.294,46.976,74.31,50.271,0.813,0.823
70,282,basic,74.909,55.074,75.361,55.953,0.878,0.829
70,286,basic,178.566,101.603,184.512,102.666,2.112,2.231
70,287,basic,0.0,0.0,441.885,217.664,,0.942
70,287,gifted,190.0,174.005,0.0,0.0,,
70,288,basic,184.948,150.732,187.417,155.697,1.345,1.273
70,289,basic,156.937,131.231,186.976,155.304,1.367,1.426
70,291,basic,380.664,244.018,393.821,246.811,2.417,2.534
70,292,basic,564.721,336.824,620.069,370.957,1.511,1.566
70,930,basic,398.901,329.897,401.334,330.694,2.297,2.314
70,935,basic,437.992,294.671,457.618,313.67,1.885,1.803
70,939,basic,222.433,113.789,230.113,117.041,1.788,1.822
70,949,basic,378.784,301.471,487.891,389.711,1.537,1.586
70,955,basic,45.315,43.049,52.269,49.656,2.736,2.54
70,971,basic,0.0,0.0,565.293,277.111,,1.123
70,971,gifted,516.142,472.691,0.0,0.0,,
70,972,basic,260.655,183.617,263.807,184.712,1.877,1.902
70,974,basic,85.444,73.758,89.168,77.604,1.177,1.141
70,977,basic,228.498,164.989,191.838,136.099,1.275,1.371
71,103,basic,271.635,244.463,272.527,245.105,1.639,1.642
71,104,basic,122.461,50.741,135.287,57.445,2.353,2.243
71,105,basic,443.386,213.254,305.387,143.29,2.293,2.428
71,105,gifted,180.629,165.567,0.0,0.0,,
71,106,basic,462.047,289.957,343.568,218.428,1.75,1.665
71,106,gifted,117.354,107.568,0.0,0.0,,
71,107,basic,505.291,256.369,505.635,256.512,2.464,2.464
71,109,basic,148.163,103.162,150.57,105.164,2.08,2.064
71,110,basic,396.744,215.613,406.214,220.515,2.123,2.129
71,113,basic,393.987,245.55,265.14,164.366,2.333,2.354
71,113,gifted,136.338,124.969,0.0,0.0,,
71,115,basic,142.679,84.891,163.434,97.158,1.716,1.72
71,117,basic,258.746,165.352,223.213,144.889,2.328,2.242
71,117,gifted,89.95,82.449,0.0,0.0,,
71,118,basic,269.285,145.248,336.551,181.183,2.089,2.1
71,130,basic,668.599,408.459,685.425,418.095,1.736,1.744
71,201,basic,73.928,47.988,79.64,52.122,1.062,1.026
71,202,basic,164.297,84.993,166.816,85.581,1.607,1.649
71,203,basic,269.188,181.97,269.302,181.904,1.331,1.335
71,204,basic,173.587,122.37,105.416,66.82,1.359,1.959
71,208,basic,201.316,166.602,233.722,193.371,1.252,1.32
71,209,basic,146.361,50.372,128.528,44.172,0.788,0.795
71,210,basic,194.123,81.354,192.404,80.842,1.421,1.405
71,211,basic,73.091,44.772,79.558,48.66,1.132,1.143
71,212,gifted,205.91,188.74,0.0,0.0,,
71,215,basic,119.081,70.639,120.467,70.81,0.93,0.966
71,218,basic,159.429,96.542,169.261,102.559,0.765,0.762
71,220,basic,92.452,74.715,94.74,76.076,1.429,1.463
71,221,basic,160.578,110.284,165.375,111.569,0.999,1.074
71,222,basic,142.893,79.455,149.891,81.697,2.209,2.328
71,225,basic,86.063,42.776,87.001,43.221,1.207,1.21
71,226,basic,252.024,164.666,258.867,170.462,1.305,1.277
71,229,basic,251.04,202.567,257.853,206.092,1.152,1.199
71,230,basic,109.502,71.902,79.285,52.031,1.038,1.038
71,233,basic,282.286,172.441,288.302,176.054,0.831,0.833
71,234,basic,74.625,59.54,86.177,67.493,1.206,1.308
71,235,basic,81.871,51.644,83.084,51.886,1.229,1.274
71,236,basic,52.485,46.555,53.397,47.34,1.064,1.067
71,239,basic,278.816,159.617,280.812,160.716,1.707,1.709
71,241,basic,382.716,127.826,373.119,124.044,1.902,1.927
71,242,basic,155.679,105.894,161.478,109.922,1.238,1.234
71,243,basic,214.67,111.003,231.419,119.748,0.986,0.983
71,244,basic,35.053,32.445,35.195,32.96,1.169,1.07
71,245,basic,323.134,280.708,327.16,284.217,1.26,1.262
71,246,basic,234.713,120.074,250.087,127.844,1.141,1.144
71,247,basic,371.37,122.443,361.708,119.948,1.611,1.579
71,248,basic,149.408,92.77,151.599,94.336,0.903,0.892
71,249,basic,30.091,22.833,30.469,23.087,0.908,0.914
71,250,basic,90.78,65.601,95.876,69.244,0.969,0.972
71,251,basic,130.165,62.527,135.02,64.618,1.407,1.427
71,252,basic,241.548,167.893,247.92,171.85,1.443,1.457
71,255,basic,90.551,58.247,92.285,59.533,0.872,0.857
71,257,basic,121.908,104.256,118.92,101.727,1.066,1.065
71,259,basic,161.282,114.283,165.885,117.924,1.352,1.333
71,261,basic,176.9,160.631,182.023,165.406,1.097,1.09
71,262,basic,187.418,142.204,143.834,108.483,1.066,1.098
71,264,basic,83.29,38.34,84.833,39.052,0.928,0.928
71,266,basic,106.993,85.525,103.979,83.435,0.894,0.872
71,267,basic,116.159,103.241,118.458,105.274,1.028,1.028
71,268,basic,107.748,102.361,107.354,101.986,1.065,1.06
71,269,basic,109.989,103.146,100.992,94.716,1.01,0.978
71,270,basic,150.134,100.176,151.924,101.248,1.465,1.47
71,272,basic,40.781,38.344,40.199,37.953,1.06,1.002
71,275,basic,97.44,91.376,98.347,92.184,1.161,1.164
71,276,basic,155.03,75.748,96.842,47.27,1.111,1.115
71,277,basic,124.885,79.205,50.034,31.42,1.012,1.064
71,279,basic,103.253,44.568,75.948,32.534,1.003,1.042
71,281,basic,64.291,42.142,68.549,44.905,0.811,0.814
71,282,basic,75.535,55.257,75.652,55.923,0.872,0.817
71,286,basic,175.535,109.048,181.262,110.264,1.927,2.042
71,287,basic,0.0,0.0,449.436,194.455,,0.948
71,287,gifted,190.0,174.157,0.0,0.0,,
71,288,basic,186.64,159.528,189.494,164.517,1.4,1.335
71,289,basic,155.861,133.987,185.261,158.439,1.362,1.417
71,291,basic,375.553,259.833,388.762,262.614,2.347,2.475
71,292,basic,565.516,325.683,619.401,358.131,1.499,1.552
71,930,basic,399.423,352.653,401.853,353.581,2.351,2.369
71,935,basic,437.029,302.562,456.458,322.015,1.863,1.775
71,939,basic,222.58,109.682,230.052,112.8,1.731,1.763
71,949,basic,379.896,312.571,491.106,405.609,1.567,1.621
71,955,basic,45.043,42.791,50.495,47.97,2.83,2.65
71,971,basic,0.0,0.0,550.839,241.677,,1.114
71,971,gifted,514.99,472.048,0.0,0.0,,
71,972,basic,261.431,190.925,264.487,192.052,1.88,1.905
71,974,basic,88.552,78.944,92.177,82.971,1.242,1.19
71,977,basic,235.333,172.404,196.652,141.438,1.315,1.423
72,103,basic,270.417,244.184,271.215,244.828,1.667,1.669
72,104,basic,139.422,49.102,147.686,54.447,2.823,2.573
72,105,basic,471.996,216.083,322.516,144.663,2.295,2.417
72,105,gifted,185.311,169.131,0.0,0.0,,
72,106,basic,476.628,279.075,355.218,209.261,1.875,1.819
72,106,gifted,118.103,107.791,0.0,0.0,,
72,107,basic,504.08,243.947,504.672,244.186,2.505,2.506
72,109,basic,147.376,98.774,150.141,100.906,2.141,2.125
72,110,basic,402.313,202.167,411.573,206.67,2.121,2.126
72,113,basic,403.794,245.751,271.817,163.696,2.367,2.413
72,113,gifted,137.108,125.137,0.0,0.0,,
72,115,basic,157.406,89.385,180.129,102.214,1.732,1.736
72,117,basic,245.72,151.243,210.588,131.8,2.31,2.209
72,117,gifted,89.141,81.357,0.0,0.0,,
72,118,basic,265.552,135.416,329.617,168.134,2.122,2.121
72,130,basic,670.148,379.632,687.044,388.651,1.721,1.729
72,201,basic,86.073,56.679,94.547,62.5,1.067,1.052
72,202,basic,170.438,87.698,172.921,88.285,1.636,1.681
72,203,basic,262.892,182.938,263.012,182.897,1.332,1.336
72,204,basic,181.198,130.932,110.649,71.381,1.424,2.138
72,208,basic,210.055,175.502,241.858,201.684,1.244,1.31
72,209,basic,147.526,44.965,129.23,39.358,0.786,0.79
72,210,basic,193.307,75.91,191.497,75.4,1.388,1.37
72,211,basic,71.087,44.207,76.395,47.447,1.1,1.109
72,212,gifted,206.033,188.043,0.0,0.0,,
72,215,basic,120.844,68.758,121.888,69.037,0.88,0.899
72,218,basic,158.877,94.356,168.796,100.29,0.767,0.765
72,220,basic,87.206,73.77,89.241,75.151,1.404,1.433
72,221,basic,158.678,106.609,162.891,107.96,0.96,1.023
72,222,basic,141.452,86.291,148.219,88.751,1.962,2.08
72,225,basic,70.866,34.201,71.603,34.546,1.204,1.206
72,226,basic,259.816,163.782,266.692,169.187,1.334,1.309
72,229,basic,251.469,211.511,258.59,214.919,1.148,1.214
72,230,basic,119.774,80.431,86.574,58.137,1.032,1.029
72,233,basic,278.356,166.263,284.268,169.751,0.83,0.832
72,234,basic,78.714,65.936,90.427,74.552,1.19,1.287
72,235,basic,84.931,53.267,86.092,53.541,1.165,1.207
72,236,basic,49.587,44.592,50.34,45.256,1.073,1.075
72,239,basic,272.814,158.975,274.744,160.062,1.726,1.727
72,241,basic,385.71,119.979,376.811,116.184,1.916,1.97
72,242,basic,157.065,108.88,162.488,112.767,1.206,1.2
72,243,basic,216.227,108.001,233.225,116.572,0.994,0.99
72,244,basic,38.049,35.65,38.357,36.144,1.149,1.066
72,245,basic,322.842,286.471,327.192,290.25,1.25,1.255
72,246,basic,233.883,115.274,250.888,123.172,1.201,1.222
72,247,basic,367.13,111.454,357.465,109.03,1.603,1.574
72,248,basic,148.203,91.911,150.411,93.455,0.897,0.886
72,249,basic,32.714,25.155,33.164,25.493,0.858,0.859
72,250,basic,85.36,63.614,89.879,66.961,0.974,0.977
72,251,basic,131.574,59.626,136.175,61.526,1.391,1.409
72,252,basic,233.64,165.468,239.796,169.423,1.454,1.468
72,255,basic,88.643,57.572,90.306,58.815,0.853,0.837
72,257,basic,124.849,109.767,121.773,107.069,1.092,1.092
72,259,basic,164.595,123.464,169.206,127.35,1.309,1.287
72,261,basic,174.359,161.525,179.338,166.124,1.084,1.08
72,262,basic,186.844,144.387,144.322,110.843,1.085,1.122
72,264,basic,77.942,32.268,79.325,32.844,0.931,0.931
72,266,basic,103.791,83.22,100.859,81.109,0.905,0.885
72,267,basic,127.228,115.467,129.628,117.64,1.019,1.02
72,268,basic,111.228,105.667,111.35,105.782,1.068,1.065
72,269,basic,102.888,97.171,93.966,88.757,1.023,0.988
72,270,basic,151.582,105.343,153.368,106.46,1.524,1.53
72,272,basic,40.229,37.983,39.695,37.548,1.126,1.058
72,275,basic,91.383,86.425,92.338,87.301,1.224,1.227
72,276,basic,148.93,67.822,92.714,42.165,1.122,1.128
72,277,basic,130.19,83.463,52.233,33.193,1.022,1.074
72,279,basic,103.05,41.482,76.328,30.504,1.008,1.049
72,281,basic,69.396,45.742,74.848,49.208,0.826,0.841
72,282,basic,74.205,56.158,74.275,56.729,0.884,0.83
72,286,basic,179.835,113.914,185.188,115.403,1.861,1.96
72,287,basic,0.0,0.0,449.805,182.365,,0.955
72,287,gifted,190.0,173.41,0.0,0.0,,
72,288,basic,184.321,165.376,187.261,170.192,1.362,1.302
72,289,basic,154.558,137.918,183.777,163.345,1.403,1.448
72,291,basic,372.251,268.125,385.243,271.833,2.308,2.428
72,292,basic,566.451,316.378,620.77,346.615,1.553,1.616
72,930,basic,399.189,370.565,401.607,372.158,2.378,2.392
72,935,basic,437.998,312.214,457.809,331.322,1.892,1.813
72,939,basic,221.611,103.488,228.96,106.465,1.746,1.775
72,949,basic,377.975,324.492,487.292,418.852,1.574,1.627
72,955,basic,47.048,44.696,53.993,51.294,2.738,2.538
72,971,basic,0.0,0.0,556.883,230.03,,1.13
72,971,gifted,515.657,470.632,0.0,0.0,,
72,972,basic,259.511,197.917,262.142,199.15,1.847,1.866
72,974,basic,87.675,81.109,91.228,84.992,1.218,1.164
72,977,basic,238.745,183.565,199.132,150.616,1.327,1.433
73,103,basic,280.971,245.949,281.798,246.599,1.62,1.621
73,104,basic,137.08,48.866,147.921,54.676,2.533,2.374
73,105,basic,471.384,203.957,322.081,135.68,2.332,2.458
73,105,gifted,183.681,167.867,0.0,0.0,,
73,106,basic,473.985,275.621,354.573,209.002,1.765,1.685
73,106,gifted,118.189,108.013,0.0,0.0,,
73,107,basic,503.951,230.285,504.31,230.42,2.486,2.486
73,109,basic,149.866,96.067,152.876,98.34,2.12,2.105
73,110,basic,405.975,203.039,415.249,207.501,2.095,2.1
73,113,basic,396.505,224.727,267.299,149.286,2.405,2.465
73,113,gifted,136.512,124.759,0.0,0.0,,
73,115,basic,155.57,85.578,177.934,97.809,1.736,1.74
73,117,basic,256.787,151.708,219.928,132.851,2.309,2.205
73,117,gifted,89.464,81.761,0.0,0.0,,
73,118,basic,265.08,129.393,329.065,160.775,2.14,2.137
73,130,basic,661.491,376.249,678.084,385.181,1.698,1.704
73,201,basic,79.125,53.002,85.935,58.029,1.06,1.032
73,202,basic,174.743,89.98,177.236,90.425,1.632,1.672
73,203,basic,263.589,185.981,263.688,185.912,1.274,1.277
73,204,basic,173.763,125.051,107.586,67.93,1.396,2.031
73,208,basic,204.601,172.015,236.975,197.606,1.24,1.305
73,209,basic,150.346,51.139,132.358,44.962,0.77,0.775
73,210,basic,194.382,80.954,192.645,80.503,1.404,1.387
73,211,basic,80.979,51.214,88.499,55.814,1.11,1.125
73,212,gifted,205.671,187.963,0.0,0.0,,
73,215,basic,119.15,72.142,120.416,72.322,0.914,0.941
73,218,basic,155.645,97.367,165.164,103.404,0.761,0.758
73,220,basic,93.967,76.13,96.25,77.485,1.463,1.494
73,221,basic,169.6,120.806,174.492,121.992,0.973,1.039
73,222,basic,145.728,83.334,152.173,85.405,2.083,2.175
73,225,basic,84.435,42.263,85.383,42.714,1.204,1.206
73,226,basic,263.865,173.656,270.888,179.773,1.361,1.337
73,229,basic,254.208,215.468,261.467,218.746,1.134,1.188
73,230,basic,106.668,73.389,77.91,53.547,0.981,0.982
73,233,basic,281.061,176.635,287.079,180.345,0.835,0.837
73,234,basic,79.122,65.809,92.175,74.904,1.202,1.311
73,235,basic,81.011,53.167,82.104,53.362,1.136,1.172
73,236,basic,53.556,47.912,54.445,48.688,1.075,1.077
73,239,basic,283.918,164.404,285.907,165.492,1.698,1.7
73,241,basic,383.237,124.502,373.863,120.507,1.859,1.895
73,242,basic,156.5,110.091,162.485,114.377,1.211,1.209
73,243,basic,216.398,113.572,233.613,122.705,0.997,0.994
73,244,basic,39.936,37.019,39.979,37.476,1.165,1.076
73,245,basic,319.642,284.783,323.782,288.426,1.234,1.239
73,246,basic,242.624,124.089,260.058,132.594,1.182,1.195
73,247,basic,371.564,120.056,362.0,117.702,1.551,1.522
73,248,basic,149.456,95.913,151.834,97.72,0.884,0.871
73,249,basic,32.697,25.795,33.223,26.153,0.903,0.911
73,250,basic,83.33,63.195,87.323,66.191,0.947,0.95
73,251,basic,129.32,62.688,134.25,64.808,1.355,1.374
73,252,basic,237.076,171.293,243.413,175.283,1.411,1.426
73,255,basic,88.166,58.924,89.718,60.165,0.853,0.838
73,257,basic,121.698,108.323,118.769,105.751,1.075,1.074
73,259,basic,163.812,120.742,169.007,124.917,1.33,1.315
73,261,basic,177.438,162.719,182.739,167.705,1.097,1.09
73,262,basic,188.539,149.019,145.094,113.827,1.071,1.104
73,264,basic,78.181,35.927,79.622,36.592,0.933,0.932
73,266,basic,100.602,84.504,97.595,82.387,0.89,0.866
73,267,basic,119.269,110.121,121.553,112.226,1.024,1.025
73,268,basic,109.772,104.283,109.699,104.214,1.071,1.066
73,269,basic,105.683,99.408,96.768,91.02,1.034,1.004
73,270,basic,154.477,105.67,156.27,106.768,1.478,1.483
73,272,basic,41.676,39.183,41.009,38.719,1.072,1.011
73,275,basic,91.599,86.147,92.573,87.014,1.213,1.216
73,276,basic,149.736,73.365,93.557,45.812,1.126,1.128
73,277,basic,119.498,78.335,48.139,31.222,1.016,1.063
73,279,basic,115.406,50.034,84.196,36.239,0.986,1.017
73,281,basic,74.386,50.764,79.512,54.203,0.798,0.803
73,282,basic,72.965,56.09,73.344,57.02,0.857,0.807
73,286,basic,183.97,113.387,189.786,114.263,1.992,2.102
73,287,basic,0.0,0.0,451.968,196.364,,0.949
73,287,gifted,190.0,173.641,0.0,0.0,,
73,288,basic,195.271,169.309,198.236,175.173,1.428,1.358
73,289,basic,156.633,132.184,185.965,155.834,1.384,1.43
73,291,basic,376.396,257.516,389.533,260.26,2.325,2.435
73,292,basic,564.857,319.645,618.398,348.692,1.479,1.526
73,930,basic,399.411,351.623,401.846,352.443,2.371,2.39
73,935,basic,437.148,301.792,456.492,321.918,1.805,1.71
73,939,basic,217.086,103.948,224.623,106.86,1.699,1.731
73,949,basic,384.998,313.118,495.882,402.884,1.577,1.619
73,955,basic,46.999,44.649,53.156,50.498,2.86,2.665
73,971,basic,0.0,0.0,560.868,246.067,,1.116
73,971,gifted,515.917,471.497,0.0,0.0,,
73,972,basic,264.903,192.651,267.939,193.7,1.863,1.886
73,974,basic,87.713,79.295,91.802,83.689,1.234,1.196
73,977,basic,235.323,179.572,196.486,146.945,1.295,1.396
74,103,basic,277.04,224.799,277.993,225.383,1.61,1.614
74,104,basic,137.502,58.676,155.497,67.441,2.267,2.198
74,105,basic,452.252,214.212,320.581,148.251,2.295,2.433
74,105,gifted,180.01,165.286,0.0,0.0,,
74,106,basic,449.867,267.952,336.866,203.538,1.715,1.624
74,106,gifted,115.819,106.345,0.0,0.0,,
74,107,basic,532.874,260.625,533.182,260.756,2.52,2.52
74,109,basic,150.866,95.666,152.976,97.232,2.102,2.09
74,110,basic,396.503,206.378,405.796,211.039,2.112,2.117
74,113,basic,379.925,220.493,253.648,146.675,2.319,2.331
74,113,gifted,134.475,123.476,0.0,0.0,,
74,115,basic,145.809,83.069,166.74,94.93,1.729,1.733
74,117,basic,264.34,154.976,226.821,135.445,2.356,2.25
74,117,gifted,90.24,82.858,0.0,0.0,,
74,118,basic,263.612,136.442,337.206,173.434,2.138,2.175
74,130,basic,668.093,390.285,684.585,399.573,1.683,1.687
74,201,basic,77.241,52.369,83.912,57.227,1.041,1.016
74,202,basic,166.969,92.787,169.508,93.403,1.626,1.672
74,203,basic,273.892,189.446,274.013,189.383,1.336,1.34
74,204,basic,173.062,121.47,108.055,67.877,1.472,2.138
74,208,basic,204.212,160.122,236.413,183.864,1.242,1.307
74,209,basic,143.626,59.778,125.811,52.325,0.769,0.773
74,210,basic,191.461,90.446,189.58,89.817,1.42,1.401
74,211,basic,76.54,49.674,82.479,53.459,1.109,1.118
74,212,gifted,205.629,188.81,0.0,0.0,,
74,215,basic,113.163,71.43,114.445,71.668,0.933,0.966
74,218,basic,161.939,104.521,172.155,111.16,0.771,0.769
74,220,basic,93.192,73.41,95.569,74.839,1.465,1.499
74,221,basic,165.392,114.554,170.46,115.87,1.043,1.127
74,222,basic,151.759,89.84,158.766,92.274,2.058,2.171
74,225,basic,88.878,48.612,89.845,49.121,1.203,1.205
74,226,basic,251.356,168.349,258.328,173.985,1.292,1.274
74,229,basic,254.212,203.621,261.387,206.99,1.136,1.195
74,230,basic,109.04,74.898,79.463,54.528,1.013,1.016
74,233,basic,284.571,184.295,290.673,188.179,0.844,0.846
74,234,basic,74.026,58.546,85.505,66.418,1.218,1.322
74,235,basic,79.606,51.909,80.912,52.187,1.254,1.306
74,236,basic,53.874,47.094,54.822,47.897,1.048,1.051
74,239,basic,253.172,153.05,254.979,154.107,1.689,1.691
74,241,basic,387.554,151.484,378.39,146.634,1.913,1.963
74,242,basic,160.647,112.661,166.719,117.012,1.223,1.219
74,243,basic,218.368,123.661,235.565,133.495,0.992,0.988
74,244,basic,38.544,35.812,38.827,36.391,1.092,1.029
74,245,basic,319.342,270.824,323.442,274.191,1.223,1.227
74,246,basic,228.75,126.891,244.892,135.516,1.196,1.208
74,247,basic,370.907,145.271,361.187,142.175,1.599,1.57
74,248,basic,145.621,96.201,147.758,97.813,0.887,0.875
74,249,basic,33.414,25.909,33.869,26.251,0.864,0.866
74,250,basic,83.994,62.046,88.751,65.536,0.97,0.973
74,251,basic,130.707,68.789,135.556,71.085,1.385,1.406
74,252,basic,238.366,166.581,244.734,170.587,1.448,1.463
74,255,basic,86.621,59.016,88.249,60.301,0.835,0.819
74,257,basic,123.814,103.32,120.871,100.88,1.064,1.064
74,259,basic,166.095,120.48,171.086,124.473,1.305,1.287
74,261,basic,182.221,162.619,187.903,167.75,1.077,1.073
74,262,basic,190.49,145.06,146.547,110.931,1.08,1.114
74,264,basic,80.61,41.275,82.1,42.041,0.969,0.969
74,266,basic,106.833,84.516,103.673,82.316,0.922,0.899
74,267,basic,117.054,101.615,119.35,103.598,1.021,1.022
74,268,basic,109.198,103.738,109.032,103.58,1.069,1.065
74,269,basic,104.449,96.744,95.179,88.231,1.075,1.043
74,270,basic,159.193,109.604,160.988,110.705,1.426,1.432
74,272,basic,40.754,38.198,40.209,37.869,1.046,0.995
74,275,basic,95.957,88.947,96.86,89.734,1.132,1.135
74,276,basic,146.839,78.816,91.763,49.206,1.121,1.124
74,277,basic,126.598,84.353,50.471,33.355,1.007,1.052
74,279,basic,103.534,50.953,75.314,36.829,0.999,1.033
74,281,basic,67.052,46.072,72.042,49.398,0.824,0.836
74,282,basic,74.044,55.241,74.158,55.868,0.892,0.837
74,286,basic,180.257,112.074,186.076,113.384,1.98,2.098
74,287,basic,0.0,0.0,442.364,218.313,,0.945
74,287,gifted,190.0,174.459,0.0,0.0,,
74,288,basic,187.891,158.101,190.909,163.047,1.354,1.291
74,289,basic,159.097,125.839,190.45,148.664,1.366,1.448
74,291,basic,373.626,245.643,386.779,248.199,2.302,2.432
74,292,basic,562.401,332.026,616.666,362.543,1.464,1.505
74,930,basic,398.555,336.198,400.979,337.311,2.286,2.301
74,935,basic,438.309,291.818,458.112,309.429,1.861,1.78
74,939,basic,219.868,114.298,227.402,117.525,1.714,1.748
74,949,basic,374.866,290.6,484.005,373.134,1.543,1.598
74,955,basic,45.185,42.926,51.678,49.094,2.793,2.593
74,971,basic,0.0,0.0,566.12,280.29,,1.132
74,971,gifted,516.516,474.266,0.0,0.0,,
74,972,basic,262.011,182.043,265.037,183.25,1.867,1.891
74,974,basic,85.975,75.943,89.18,79.557,1.228,1.175
74,977,basic,229.656,170.501,192.679,140.629,1.298,1.403
75,103,basic,255.543,236.071,256.276,236.679,1.655,1.657
75,104,basic,146.997,53.096,159.991,60.194,2.906,2.666
75,105,basic,433.562,204.535,300.994,138.923,2.298,2.444
75,105,gifted,176.806,162.53,0.0,0.0,,
75,106,basic,467.583,285.253,351.006,216.091,1.803,1.729
75,106,gifted,116.859,107.423,0.0,0.0,,
75,107,basic,515.116,258.388,515.502,258.561,2.512,2.512
75,109,basic,152.228,104.697,154.59,106.583,2.216,2.201
75,110,basic,404.028,209.925,413.194,214.561,2.121,2.125
75,113,basic,395.163,246.78,266.03,163.86,2.419,2.489
75,113,gifted,135.506,124.565,0.0,0.0,,
75,115,basic,144.577,84.24,165.203,96.232,1.724,1.726
75,117,basic,259.207,165.66,223.141,144.733,2.324,2.226
75,117,gifted,89.738,82.492,0.0,0.0,,
75,118,basic,252.912,132.575,320.422,167.418,2.144,2.167
75,130,basic,658.454,383.312,675.123,392.581,1.747,1.754
75,201,basic,78.268,50.926,85.726,56.08,1.085,1.057
75,202,basic,172.798,86.668,175.526,87.318,1.799,1.853
75,203,basic,265.784,182.573,265.857,182.486,1.38,1.385
75,204,basic,184.56,131.679,112.929,72.925,1.505,2.203
75,208,basic,198.916,166.695,230.543,193.301,1.29,1.363
75,209,basic,151.816,45.345,133.946,39.955,0.781,0.789
75,210,basic,193.207,74.926,191.426,74.382,1.423,1.408
75,211,basic,78.465,48.107,85.823,52.506,1.12,1.136
75,212,gifted,205.774,189.159,0.0,0.0,,
75,215,basic,120.691,65.957,122.371,66.09,1.052,1.11
75,218,basic,158.04,92.402,167.871,98.187,0.763,0.761
75,220,basic,89.459,74.845,91.641,76.33,1.5,1.532
75,221,basic,162.94,107.875,167.504,109.269,1.019,1.097
75,222,basic,155.524,83.937,163.231,86.973,2.806,2.918
75,225,basic,90.907,43.12,91.945,43.594,1.255,1.258
75,226,basic,254.941,159.405,262.09,164.944,1.403,1.375
75,229,basic,254.618,212.635,262.209,216.318,1.16,1.235
75,230,basic,126.425,83.964,92.318,61.256,1.028,1.032
75,233,basic,282.389,166.27,288.418,169.769,0.836,0.837
75,234,basic,78.045,64.439,91.671,74.303,1.265,1.391
75,235,basic,88.025,53.211,89.455,53.486,1.372,1.435
75,236,basic,47.658,42.924,48.578,43.724,1.091,1.095
75,239,basic,278.343,162.083,280.334,163.225,1.731,1.732
75,241,basic,384.942,118.596,376.479,114.873,1.969,2.036
75,242,basic,160.592,110.299,166.539,114.457,1.238,1.235
75,243,basic,215.722,106.274,232.776,114.724,0.985,0.983
75,244,basic,37.1,34.775,37.257,35.137,1.191,1.082
75,245,basic,321.173,284.662,325.5,288.395,1.298,1.303
75,246,basic,223.341,109.558,238.2,116.655,1.174,1.183
75,247,basic,373.531,111.793,364.358,109.503,1.648,1.62
75,248,basic,147.511,90.243,149.561,91.676,0.899,0.886
75,249,basic,28.006,21.129,28.373,21.375,0.935,0.944
75,250,basic,86.64,63.83,91.454,67.325,0.971,0.976
75,251,basic,129.699,58.561,134.583,60.565,1.393,1.415
75,252,basic,230.556,163.64,236.701,167.584,1.427,1.444
75,255,basic,84.542,53.87,85.7,54.768,0.883,0.864
75,257,basic,125.939,110.345,123.024,107.778,1.094,1.095
75,259,basic,164.408,122.513,168.791,126.15,1.311,1.29
75,261,basic,179.709,166.942,185.157,172.008,1.087,1.083
75,262,basic,183.888,141.31,141.875,108.405,1.08,1.118
75,264,basic,79.484,32.618,80.905,33.205,0.925,0.925
75,266,basic,105.737,84.111,102.687,81.942,0.91,0.888
75,267,basic,118.117,107.135,120.557,109.335,1.026,1.027
75,268,basic,108.772,103.333,108.589,103.159,1.072,1.068
75,269,basic,105.32,99.543,96.131,90.868,1.093,1.062
75,270,basic,150.878,103.381,152.64,104.509,1.586,1.59
75,272,basic,42.197,39.919,41.557,39.364,1.106,1.031
75,275,basic,96.806,91.63,97.799,92.543,1.205,1.209
75,276,basic,148.248,66.851,92.98,41.884,1.128,1.134
75,277,basic,125.527,79.425,50.268,31.551,1.02,1.072
75,279,basic,109.384,43.335,80.079,31.529,1.011,1.05
75,281,basic,66.871,43.492,71.756,46.592,0.814,0.825
75,282,basic,74.251,55.495,74.388,56.082,0.875,0.818
75,286,basic,178.604,109.984,184.129,111.63,2.116,2.225
75,287,basic,0.0,0.0,455.491,181.241,,0.959
75,287,gifted,190.0,174.658,0.0,0.0,,
75,288,basic,189.192,166.873,191.845,172.299,1.491,1.395
75,289,basic,160.234,143.947,191.055,170.635,1.442,1.511
75,291,basic,382.776,271.41,396.453,275.109,2.557,2.7
75,292,basic,566.029,319.725,619.997,351.711,1.528,1.582
75,930,basic,399.759,367.492,402.191,368.536,2.509,2.537
75,935,basic,437.099,314.453,456.501,334.261,1.923,1.821
75,939,basic,218.736,102.629,226.212,105.713,1.795,1.826
75,949,basic,377.042,325.531,486.521,422.422,1.614,1.657
75,955,basic,46.544,44.217,52.958,50.31,2.762,2.558
75,971,basic,0.0,0.0,560.679,228.351,,1.133
75,971,gifted,516.368,474.673,0.0,0.0,,
75,972,basic,260.314,196.545,263.833,197.961,1.986,2.019
75,974,basic,87.102,80.437,91.273,84.875,1.263,1.216
75,977,basic,237.965,182.13,197.657,149.034,1.325,1.431
76,103,basic,279.077,243.309,279.855,243.917,1.635,1.636
76,104,basic,135.451,55.554,147.258,62.841,2.643,2.454
76,105,basic,439.227,222.244,307.34,151.621,2.246,2.381
76,105,gifted,179.112,164.678,0.0,0.0,,
76,106,basic,453.382,284.236,336.686,213.872,1.781,1.696
76,106,gifted,115.881,106.543,0.0,0.0,,
76,107,basic,504.219,262.121,504.524,262.263,2.484,2.484
76,109,basic,160.166,106.592,162.789,108.588,2.176,2.164
76,110,basic,396.3,214.122,405.433,218.9,2.105,2.109
76,113,basic,386.567,236.609,261.841,158.401,2.411,2.462
76,113,gifted,133.98,123.183,0.0,0.0,,
76,115,basic,151.13,92.228,172.953,105.478,1.735,1.739
76,117,basic,260.23,161.5,223.765,141.444,2.323,2.224
76,117,gifted,89.848,82.608,0.0,0.0,,
76,118,basic,255.421,140.096,323.435,176.702,2.13,2.152
76,130,basic,650.695,394.106,667.106,403.557,1.699,1.705
76,201,basic,78.658,52.321,86.258,57.693,1.037,1.018
76,202,basic,168.023,87.678,170.836,88.202,1.721,1.776
76,203,basic,252.516,171.999,252.53,171.858,1.321,1.325
76,204,basic,181.05,124.302,113.281,68.152,1.484,2.231
76,208,basic,204.054,162.194,235.902,187.618,1.275,1.34
76,209,basic,147.787,56.143,130.37,49.452,0.77,0.777
76,210,basic,193.024,84.742,191.193,84.149,1.385,1.37
76,211,basic,73.781,46.861,79.87,50.627,1.106,1.119
76,212,gifted,205.716,189.139,0.0,0.0,,
76,215,basic,120.512,71.349,121.806,71.576,0.909,0.938
76,218,basic,158.715,99.357,168.492,105.519,0.763,0.761
76,220,basic,90.371,72.469,92.539,73.781,1.314,1.344
76,221,basic,161.504,106.787,166.277,108.008,0.989,1.061
76,222,basic,149.946,82.472,157.856,84.961,2.301,2.432
76,225,basic,85.788,44.488,86.705,44.95,1.227,1.228
76,226,basic,260.195,163.298,267.245,168.626,1.281,1.265
76,229,basic,250.943,198.185,258.478,200.786,1.16,1.241
76,230,basic,109.164,73.35,78.864,53.011,1.06,1.055
76,233,basic,284.21,177.375,290.237,181.088,0.837,0.839
76,234,basic,80.484,62.969,93.128,71.454,1.228,1.334
76,235,basic,86.722,53.405,88.232,53.629,1.27,1.329
76,236,basic,55.119,47.192,56.167,48.059,1.067,1.07
76,239,basic,264.824,154.745,266.686,155.827,1.705,1.706
76,241,basic,385.084,138.083,376.89,133.43,1.916,1.986
76,242,basic,160.92,109.876,166.399,113.707,1.213,1.209
76,243,basic,217.867,118.138,235.314,127.686,0.99,0.987
76,244,basic,35.669,33.173,35.999,33.737,1.08,1.025
76,245,basic,316.959,260.579,320.986,263.741,1.227,1.232
76,246,basic,225.615,119.934,241.569,127.996,1.175,1.19
76,247,basic,370.693,133.171,361.549,130.415,1.595,1.573
76,248,basic,146.366,94.215,148.421,95.738,0.891,0.88
76,249,basic,29.701,22.354,30.035,22.596,0.856,0.857
76,250,basic,87.823,64.754,92.526,68.194,0.95,0.953
76,251,basic,132.196,64.707,136.877,66.755,1.356,1.375
76,252,basic,238.597,162.477,244.844,166.31,1.433,1.446
76,255,basic,87.36,58.451,88.93,59.679,0.834,0.819
76,257,basic,123.875,101.748,121.161,99.493,1.086,1.088
76,259,basic,166.699,120.882,172.019,125.209,1.285,1.263
76,261,basic,173.915,155.075,179.207,159.746,1.053,1.052
76,262,basic,186.322,139.444,143.987,107.021,1.064,1.1
76,264,basic,80.745,37.659,82.209,38.344,0.949,0.949
76,266,basic,107.639,83.061,104.583,80.978,0.896,0.875
76,267,basic,122.761,103.438,125.228,105.503,1.032,1.033
76,268,basic,107.62,102.239,107.703,102.318,1.052,1.05
76,269,basic,107.979,100.046,98.925,91.77,1.033,1.001
76,270,basic,161.946,107.73,163.76,108.804,1.56,1.566
76,272,basic,38.275,35.911,37.818,35.628,1.036,0.99
76,275,basic,95.546,88.36,96.469,89.166,1.15,1.153
76,276,basic,153.396,76.169,95.269,47.251,1.143,1.146
76,277,basic,121.837,79.761,49.122,31.81,1.013,1.069
76,279,basic,107.161,49.354,79.095,36.147,1.003,1.041
76,281,basic,65.041,44.029,70.089,47.305,0.818,0.833
76,282,basic,74.873,55.921,75.392,56.856,0.883,0.833
76,286,basic,173.649,106.129,179.254,107.348,1.757,1.863
76,287,basic,0.0,0.0,456.995,212.083,,0.961
76,287,gifted,190.0,174.689,0.0,0.0,,
76,288,basic,180.658,153.683,183.623,158.22,1.287,1.237
76,289,basic,161.468,139.495,192.479,165.018,1.399,1.466
76,291,basic,372.69,252.247,385.616,255.479,2.23,2.341
76,292,basic,562.824,332.886,618.528,366.749,1.483,1.543
76,930,basic,399.131,346.405,401.544,347.601,2.352,2.365
76,935,basic,437.675,301.974,457.664,320.78,1.847,1.776
76,939,basic,218.748,109.352,226.09,112.508,1.734,1.763
76,949,basic,376.881,308.66,488.565,401.577,1.594,1.648
76,955,basic,46.36,44.042,53.883,51.189,2.763,2.564
76,971,basic,0.0,0.0,561.263,261.463,,1.131
76,971,gifted,516.263,474.66,0.0,0.0,,
76,972,basic,266.28,190.363,269.534,191.64,1.905,1.929
76,974,basic,88.001,78.458,91.378,82.234,1.226,1.176
76,977,basic,241.284,177.67,199.497,144.322,1.32,1.422
77,103,basic,264.12,230.586,264.994,231.197,1.628,1.631
77,104,basic,130.273,51.699,144.993,58.896,2.335,2.238
77,105,basic,459.326,214.131,318.117,144.613,2.286,2.413
77,105,gifted,182.887,167.907,0.0,0.0,,
77,106,basic,443.429,267.608,329.342,201.914,1.732,1.64
77,106,gifted,114.585,105.2,0.0,0.0,,
77,107,basic,512.404,249.948,512.77,250.097,2.472,2.472
77,109,basic,154.361,101.021,156.903,103.029,2.104,2.089
77,110,basic,400.777,200.404,410.005,204.832,2.138,2.142
77,113,basic,388.953,233.123,262.302,156.294,2.325,2.348
77,113,gifted,134.189,123.198,0.0,0.0,,
77,115,basic,146.839,85.208,168.059,97.444,1.72,1.724
77,117,basic,261.134,156.016,225.624,137.156,2.298,2.21
77,117,gifted,89.96,82.592,0.0,0.0,,
77,118,basic,280.17,145.033,351.241,181.279,2.1,2.115
77,130,basic,657.673,374.785,674.254,383.711,1.712,1.718
77,201,basic,74.114,50.975,80.129,55.434,1.009,0.988
77,202,basic,163.77,87.846,166.378,88.381,1.585,1.631
77,203,basic,256.839,182.126,256.935,182.03,1.299,1.303
77,204,basic,165.897,120.745,104.309,67.38,1.398,2.024
77,208,basic,209.362,173.208,241.502,198.784,1.21,1.275
77,209,basic,152.167,53.67,133.694,47.074,0.776,0.783
77,210,basic,192.397,80.978,190.634,80.418,1.401,1.388
77,211,basic,71.491,46.472,76.327,49.587,1.094,1.099
77,212,gifted,205.824,188.966,0.0,0.0,,
77,215,basic,120.936,70.823,122.423,70.962,0.958,0.996
77,218,basic,156.876,99.549,166.4,105.645,0.752,0.75
77,220,basic,92.496,75.629,94.803,77.047,1.433,1.464
77,221,basic,165.749,112.41,170.582,113.607,0.971,1.04
77,222,basic,149.294,87.716,156.469,90.023,2.08,2.193
77,225,basic,84.361,43.441,85.325,43.915,1.206,1.209
77,226,basic,259.144,163.378,266.29,169.026,1.336,1.317
77,229,basic,250.719,210.657,257.576,213.904,1.137,1.19
77,230,basic,116.22,81.318,85.291,59.667,1.011,1.009
77,233,basic,277.525,175.542,283.506,179.248,0.827,0.829
77,234,basic,71.137,60.015,80.834,67.138,1.135,1.213
77,235,basic,89.043,55.898,90.442,56.097,1.263,1.314
77,236,basic,48.332,42.979,49.163,43.691,1.001,1.004
77,239,basic,266.625,159.169,268.5,160.252,1.689,1.69
77,241,basic,382.494,130.038,373.139,126.078,1.875,1.906
77,242,basic,163.262,114.809,169.054,119.002,1.233,1.229
77,243,basic,223.218,119.958,240.754,129.498,0.992,0.989
77,244,basic,36.23,33.66,36.422,34.183,1.121,1.035
77,245,basic,320.589,277.052,324.856,280.518,1.255,1.262
77,246,basic,220.463,117.531,235.201,125.176,1.127,1.134
77,247,basic,370.148,124.575,360.857,122.025,1.586,1.562
77,248,basic,143.924,94.548,145.961,96.11,0.885,0.873
77,249,basic,30.912,24.143,31.332,24.454,0.879,0.881
77,250,basic,87.484,67.258,91.79,70.558,0.958,0.959
77,251,basic,135.16,64.157,140.262,66.29,1.398,1.419
77,252,basic,247.024,172.796,253.566,176.821,1.48,1.496
77,255,basic,89.828,61.327,91.522,62.699,0.856,0.839
77,257,basic,121.924,106.017,118.986,103.452,1.078,1.079
77,259,basic,158.886,120.416,163.524,124.467,1.299,1.276
77,261,basic,173.615,158.462,178.786,163.188,1.086,1.082
77,262,basic,183.867,143.877,141.423,109.93,1.07,1.103
77,264,basic,79.368,35.78,80.837,36.445,0.921,0.921
77,266,basic,103.784,83.848,100.778,81.727,0.898,0.877
77,267,basic,111.852,100.433,114.105,102.445,1.012,1.012
77,268,basic,109.049,103.597,108.971,103.522,1.072,1.069
77,269,basic,104.547,98.051,95.628,89.691,1.026,0.991
77,270,basic,155.546,110.813,157.325,111.939,1.421,1.426
77,272,basic,40.025,37.692,39.547,37.365,1.055,1.001
77,275,basic,90.957,85.296,91.903,86.139,1.143,1.147
77,276,basic,159.137,77.525,98.951,48.164,1.123,1.126
77,277,basic,128.379,86.266,51.606,34.285,1.005,1.06
77,279,basic,98.596,43.786,73.348,32.277,1.003,1.046
77,281,basic,66.837,46.529,71.276,49.573,0.812,0.816
77,282,basic,74.309,58.324,74.524,59.115,0.859,0.808
77,286,basic,173.92,106.352,179.521,107.554,1.865,1.968
77,287,basic,0.0,0.0,450.889,202.042,,0.961
77,287,gifted,190.0,174.438,0.0,0.0,,
77,288,basic,180.688,156.113,183.471,161.511,1.444,1.372
77,289,basic,150.028,132.412,178.808,156.449,1.347,1.41
77,291,basic,376.962,254.913,390.495,257.108,2.32,2.451
77,292,basic,565.191,329.251,619.318,360.235,1.475,1.526
77,930,basic,398.65,358.097,401.077,359.277,2.327,2.343
77,935,basic,437.805,306.415,457.481,325.932,1.851,1.769
77,939,basic,221.223,106.704,228.778,109.721,1.735,1.766
77,949,basic,377.439,320.553,487.571,413.261,1.534,1.591
77,955,basic,43.198,41.038,48.97,46.521,2.808,2.632
77,971,basic,0.0,0.0,557.541,252.68,,1.11
77,971,gifted,515.414,473.199,0.0,0.0,,
77,972,basic,252.862,186.922,255.865,188.107,1.839,1.861
77,974,basic,88.025,80.752,91.642,84.74,1.183,1.136
77,977,basic,240.823,186.308,199.381,151.368,1.324,1.425
78,103,basic,265.291,224.259,266.133,224.848,1.603,1.606
78,104,basic,140.342,58.854,153.877,66.352,2.359,2.244
78,105,basic,476.082,224.19,325.381,148.667,2.315,2.456
78,105,gifted,185.2,169.715,0.0,0.0,,
78,106,basic,450.777,275.016,333.725,207.094,1.749,1.657
78,106,gifted,116.042,106.34,0.0,0.0,,
78,107,basic,508.843,247.801,509.287,247.976,2.482,2.483
78,109,basic,144.708,93.016,147.132,94.936,2.126,2.11
78,110,basic,413.58,224.284,423.024,229.178,2.107,2.112
78,113,basic,387.171,226.636,262.409,152.725,2.318,2.338
78,113,gifted,133.887,122.693,0.0,0.0,,
78,115,basic,150.093,87.343,172.175,100.027,1.72,1.728
78,117,basic,255.638,153.883,219.07,134.763,2.332,2.231
78,117,gifted,89.577,82.088,0.0,0.0,,
78,118,basic,255.217,133.874,318.606,166.977,2.113,2.118
78,130,basic,659.451,402.051,675.9,411.563,1.698,1.704
78,201,basic,77.122,51.81,84.647,57.183,1.03,1.014
78,202,basic,181.162,93.527,183.87,93.884,1.775,1.825
78,203,basic,261.875,177.607,261.906,177.464,1.332,1.336
78,204,basic,183.837,127.241,111.741,66.817,1.39,2.095
78,208,basic,205.874,166.306,237.736,190.9,1.23,1.292
78,209,basic,157.59,66.131,138.208,57.939,0.764,0.768
78,210,basic,194.546,92.371,192.764,91.84,1.372,1.354
78,211,basic,82.693,52.798,90.748,57.745,1.11,1.128
78,212,gifted,205.505,188.322,0.0,0.0,,
78,215,basic,117.158,74.968,118.516,75.145,0.924,0.955
78,218,basic,158.354,103.035,167.671,109.176,0.758,0.755
78,220,basic,88.217,68.881,90.428,70.155,1.409,1.438
78,221,basic,163.682,118.154,168.685,119.334,0.98,1.051
78,222,basic,157.205,84.117,164.628,86.28,2.268,2.374
78,225,basic,83.04,44.378,83.981,44.86,1.226,1.228
78,226,basic,257.503,176.171,264.481,182.099,1.279,1.263
78,229,basic,254.435,202.545,262.01,205.352,1.14,1.204
78,230,basic,114.633,77.624,82.37,55.833,1.009,1.001
78,233,basic,276.608,181.054,282.586,184.888,0.82,0.822
78,234,basic,79.339,61.445,92.908,70.145,1.237,1.356
78,235,basic,87.059,56.116,88.481,56.281,1.289,1.34
78,236,basic,50.944,44.416,51.908,45.226,1.055,1.058
78,239,basic,259.359,150.492,261.158,151.515,1.695,1.696
78,241,basic,383.758,145.533,374.878,140.588,1.851,1.903
78,242,basic,156.646,108.469,162.29,112.504,1.216,1.212
78,243,basic,222.474,125.502,240.198,135.589,0.995,0.992
78,244,basic,36.183,33.294,36.37,33.862,1.064,1.001
78,245,basic,319.378,272.345,323.4,275.614,1.241,1.246
78,246,basic,218.669,120.377,233.989,128.348,1.142,1.156
78,247,basic,368.137,141.637,358.458,138.75,1.541,1.512
78,248,basic,150.229,98.05,152.493,99.799,0.899,0.887
78,249,basic,27.979,21.56,28.356,21.807,0.913,0.92
78,250,basic,83.685,61.479,88.021,64.638,0.948,0.95
78,251,basic,129.171,68.646,134.089,70.935,1.361,1.382
78,252,basic,240.142,169.434,246.448,173.335,1.387,1.401
78,255,basic,85.059,57.479,86.448,58.628,0.842,0.827
78,257,basic,125.66,105.708,122.355,102.956,1.082,1.081
78,259,basic,160.487,113.064,165.006,116.741,1.312,1.291
78,261,basic,165.619,147.12,170.357,151.484,1.062,1.055
78,262,basic,187.103,142.739,144.257,109.253,1.069,1.101
78,264,basic,79.25,42.094,80.72,42.877,0.918,0.918
78,266,basic,101.111,82.414,98.143,80.37,0.888,0.865
78,267,basic,113.336,99.298,115.68,101.335,1.016,1.017
78,268,basic,111.816,106.224,111.902,106.306,1.064,1.06
78,269,basic,110.753,102.181,101.733,94.0,1.013,0.981
78,270,basic,171.726,110.633,173.536,111.696,1.554,1.558
78,272,basic,40.173,37.42,39.569,37.094,1.021,0.974
78,275,basic,96.762,89.233,97.708,90.044,1.153,1.156
78,276,basic,150.255,81.684,93.722,50.896,1.117,1.121
78,277,basic,127.27,83.906,50.84,33.134,1.007,1.057
78,279,basic,105.783,52.115,78.026,38.128,0.985,1.019
78,281,basic,62.661,42.661,67.399,45.735,0.831,0.845
78,282,basic,73.104,54.09,72.986,54.655,0.874,0.82
78,286,basic,184.876,113.827,190.762,114.726,1.934,2.043
78,287,basic,0.0,0.0,456.892,224.673,,0.956
78,287,gifted,190.0,174.114,0.0,0.0,,
78,288,basic,193.446,160.463,196.392,165.803,1.345,1.283
78,289,basic,157.956,125.881,187.47,148.195,1.356,1.407
78,291,basic,374.787,247.193,387.741,249.747,2.266,2.373
78,292,basic,562.153,330.912,615.846,361.663,1.477,1.525
78,930,basic,399.438,318.095,401.868,318.61,2.332,2.351
78,935,basic,437.064,291.264,456.607,310.46,1.788,1.701
78,939,basic,221.701,114.708,229.232,117.884,1.708,1.738
78,949,basic,379.683,292.512,492.03,376.973,1.519,1.583
78,955,basic,46.273,43.958,53.728,51.04,2.738,2.555
78,971,basic,0.0,0.0,554.455,272.882,,1.114
78,971,gifted,515.316,472.229,0.0,0.0,,
78,972,basic,262.568,179.676,265.968,180.73,1.91,1.937
78,974,basic,89.349,76.731,93.299,80.864,1.209,1.173
78,977,basic,241.351,174.496,198.909,140.928,1.294,1.395
79,103,basic,267.93,227.505,268.778,228.095,1.635,1.638
79,104,basic,138.395,56.094,150.823,63.093,2.412,2.269
79,105,basic,431.806,205.928,302.275,140.434,2.294,2.434
79,105,gifted,176.07,161.735,0.0,0.0,,
79,106,basic,467.506,278.838,348.078,210.427,1.778,1.692
79,106,gifted,117.8,108.21,0.0,0.0,,
79,107,basic,530.217,260.947,530.617,261.112,2.53,2.531
79,109,basic,141.463,91.317,143.554,92.942,2.093,2.078
79,110,basic,406.032,203.626,415.696,208.255,2.129,2.135
79,113,basic,401.511,238.894,272.356,161.267,2.334,2.351
79,113,gifted,137.05,125.892,0.0,0.0,,
79,115,basic,159.837,93.257,182.62,106.485,1.742,1.745
79,117,basic,257.921,151.239,222.368,132.697,2.327,2.234
79,117,gifted,89.395,82.117,0.0,0.0,,
79,118,basic,269.333,140.291,341.812,177.152,2.14,2.168
79,130,basic,653.343,370.203,669.775,379.016,1.722,1.728
79,201,basic,79.351,53.681,86.368,58.779,1.068,1.045
79,202,basic,165.447,88.996,168.107,89.548,1.65,1.699
79,203,basic,275.787,191.898,275.893,191.813,1.336,1.34
79,204,basic,174.068,125.012,106.977,68.701,1.394,2.009
79,208,basic,207.819,165.265,239.525,189.747,1.225,1.287
79,209,basic,137.267,51.448,119.868,44.89,0.784,0.787
79,210,basic,193.024,84.2,191.154,83.689,1.371,1.351
79,211,basic,74.339,48.41,79.848,51.944,1.099,1.107
79,212,gifted,205.604,188.864,0.0,0.0,,
79,215,basic,123.862,73.85,125.054,74.092,0.89,0.913
79,218,basic,151.939,96.897,161.235,102.9,0.75,0.746
79,220,basic,90.649,73.899,92.764,75.196,1.342,1.371
79,221,basic,162.02,107.238,166.585,108.479,0.972,1.038
79,222,basic,146.699,87.182,154.016,89.495,2.015,2.138
79,225,basic,83.308,43.657,84.235,44.126,1.229,1.231
79,226,basic,262.651,163.15,269.583,168.459,1.297,1.279
79,229,basic,253.675,207.104,260.619,210.616,1.131,1.18
79,230,basic,105.071,73.182,75.952,52.841,1.018,1.021
79,233,basic,281.883,178.771,287.868,182.522,0.824,0.825
79,234,basic,77.263,62.984,88.337,70.831,1.174,1.262
79,235,basic,88.28,55.287,89.601,55.509,1.229,1.277
79,236,basic,46.913,40.6,47.733,41.294,1.038,1.04
79,239,basic,271.124,161.121,273.055,162.241,1.74,1.741
79,241,basic,384.836,138.049,375.375,134.003,1.884,1.909
79,242,basic,159.249,110.681,165.758,115.294,1.239,1.236
79,243,basic,213.041,117.213,229.728,126.496,0.965,0.962
79,244,basic,39.61,36.866,39.804,37.354,1.124,1.059
79,245,basic,320.821,268.069,325.075,271.482,1.212,1.217
79,246,basic,244.705,131.839,261.666,140.507,1.178,1.194
79,247,basic,371.183,132.85,361.752,130.258,1.575,1.543
79,248,basic,145.143,95.981,147.216,97.565,0.876,0.864
79,249,basic,27.818,21.206,28.13,21.429,0.895,0.897
79,250,basic,89.157,67.59,93.754,71.053,0.965,0.967
79,251,basic,130.295,62.924,135.038,64.991,1.373,1.391
79,252,basic,253.205,174.151,259.674,178.146,1.442,1.455
79,255,basic,89.905,61.75,91.717,63.169,0.83,0.816
79,257,basic,120.122,100.412,116.996,97.824,1.092,1.091
79,259,basic,159.239,120.242,162.997,123.685,1.246,1.219
79,261,basic,165.443,149.27,169.996,153.529,1.056,1.049
79,262,basic,192.264,146.618,148.065,112.142,1.083,1.119
79,264,basic,79.651,36.527,81.123,37.203,0.943,0.943
79,266,basic,103.538,81.082,100.569,79.08,0.884,0.86
79,267,basic,118.725,102.424,121.098,104.46,1.024,1.025
79,268,basic,112.71,107.075,112.789,107.15,1.09,1.086
79,269,basic,105.736,98.612,96.692,90.224,1.039,1.008
79,270,basic,154.788,107.427,156.589,108.559,1.512,1.517
79,272,basic,40.919,38.398,40.423,38.104,1.089,1.031
79,275,basic,98.502,91.619,99.45,92.445,1.153,1.157
79,276,basic,143.849,71.143,90.006,44.458,1.127,1.132
79,277,basic,121.206,81.417,48.607,32.356,1.006,1.052
79,279,basic,103.637,47.775,75.072,34.381,1.0,1.031
79,281,basic,67.184,46.877,71.896,50.108,0.801,0.807
79,282,basic,78.945,61.269,79.282,62.16,0.858,0.806
79,286,basic,187.469,110.937,193.258,111.98,1.921,2.031
79,287,basic,0.0,0.0,442.207,206.6,,0.936
79,287,gifted,190.0,174.531,0.0,0.0,,
79,288,basic,191.784,164.694,194.976,169.715,1.321,1.267
79,289,basic,156.655,134.894,187.348,159.624,1.395,1.467
79,291,basic,373.853,247.689,387.032,250.368,2.262,2.383
79,292,basic,563.884,328.448,618.543,359.644,1.504,1.557
79,930,basic,399.114,353.321,401.538,354.437,2.348,2.364
79,935,basic,437.768,303.441,457.626,322.4,1.811,1.734
79,939,basic,219.17,108.057,226.504,111.093,1.699,1.728
79,949,basic,379.38,315.797,490.884,407.615,1.549,1.61
79,955,basic,45.787,43.498,51.741,49.154,2.783,2.601
79,971,basic,0.0,0.0,563.015,263.216,,1.129
79,971,gifted,516.176,474.151,0.0,0.0,,
79,972,basic,257.564,185.403,260.5,186.547,1.856,1.878
79,974,basic,86.613,78.495,89.895,82.213,1.227,1.174
79,977,basic,227.647,174.497,191.774,144.301,1.288,1.393
80,103,basic,281.107,245.449,281.929,246.088,1.642,1.643
80,104,basic,142.661,58.515,152.239,64.922,2.404,2.234
80,105,basic,434.647,206.855,305.277,142.031,2.295,2.406
80,105,gifted,174.734,161.28,0.0,0.0,,
80,106,basic,452.068,277.663,331.725,206.91,1.8,1.707
80,106,gifted,115.794,106.878,0.0,0.0,,
80,107,basic,519.324,256.206,519.691,256.366,2.49,2.49
80,109,basic,146.147,97.021,148.585,98.857,2.145,2.135
80,110,basic,399.35,219.28,408.366,224.118,2.081,2.083
80,113,basic,386.339,230.36,258.225,151.792,2.388,2.448
80,113,gifted,133.567,123.283,0.0,0.0,,
80,115,basic,137.093,80.824,156.283,92.16,1.722,1.721
80,117,basic,271.303,167.672,232.329,146.855,2.356,2.247
80,117,gifted,90.102,83.165,0.0,0.0,,
80,118,basic,267.663,139.978,341.645,177.635,2.181,2.211
80,130,basic,650.568,401.015,666.762,410.586,1.686,1.691
80,201,basic,74.148,49.139,80.822,53.913,1.007,0.986
80,202,basic,169.474,87.278,172.1,87.745,1.65,1.695
80,203,basic,257.878,175.579,257.956,175.493,1.28,1.284
80,204,basic,178.968,122.046,111.272,66.208,1.453,2.144
80,208,basic,205.348,167.863,238.06,193.805,1.261,1.334
80,209,basic,143.595,54.029,126.106,47.388,0.778,0.783
80,210,basic,193.63,85.885,191.789,85.359,1.377,1.359
80,211,basic,85.45,53.308,92.715,57.694,1.104,1.118
80,212,gifted,205.553,189.726,0.0,0.0,,
80,215,basic,123.36,75.525,124.785,75.668,0.922,0.955
80,218,basic,158.348,98.971,168.755,105.52,0.767,0.765
80,220,basic,89.959,72.532,92.18,73.829,1.33,1.361
80,221,basic,165.898,116.317,170.979,117.475,0.998,1.072
80,222,basic,148.791,80.096,156.074,82.303,2.235,2.344
80,225,basic,89.854,45.983,90.827,46.459,1.21,1.212
80,226,basic,260.103,173.868,267.187,179.58,1.277,1.264
80,229,basic,252.842,201.929,260.223,204.593,1.148,1.215
80,230,basic,118.159,77.644,85.169,55.926,1.069,1.068
80,233,basic,280.601,175.961,286.657,179.676,0.848,0.85
80,234,basic,76.86,60.422,89.546,68.737,1.197,1.311
80,235,basic,86.333,55.998,87.559,56.191,1.151,1.193
80,236,basic,53.729,47.243,54.692,48.06,1.058,1.06
80,239,basic,287.8,163.763,289.778,164.85,1.707,1.709
80,241,basic,386.254,133.946,377.797,129.175,1.921,1.991
80,242,basic,161.945,110.493,168.039,114.75,1.218,1.215
80,243,basic,215.239,115.614,232.233,124.821,0.992,0.99
80,244,basic,34.738,32.163,34.984,32.734,1.062,0.996
80,245,basic,322.521,277.715,326.743,281.163,1.227,1.233
80,246,basic,229.67,120.275,245.555,128.34,1.163,1.171
80,247,basic,372.128,129.868,362.474,127.16,1.598,1.573
80,248,basic,148.882,94.345,151.045,95.941,0.894,0.883
80,249,basic,31.151,23.964,31.536,24.245,0.864,0.866
80,250,basic,82.539,59.805,87.437,63.298,0.971,0.975
80,251,basic,131.355,65.323,136.451,67.524,1.422,1.446
80,252,basic,238.389,165.209,244.841,169.112,1.451,1.467
80,255,basic,89.063,58.594,90.743,59.903,0.845,0.829
80,257,basic,128.108,109.024,125.382,106.679,1.062,1.064
80,259,basic,167.064,116.912,172.331,121.05,1.347,1.328
80,261,basic,167.724,150.928,172.578,155.389,1.057,1.052
80,262,basic,189.018,143.436,145.71,109.744,1.065,1.1
80,264,basic,78.313,38.728,79.776,39.452,0.891,0.891
80,266,basic,107.528,86.327,104.36,84.156,0.923,0.9
80,267,basic,120.881,106.39,123.222,108.439,1.015,1.016
80,268,basic,112.365,106.747,112.38,106.761,1.07,1.066
80,269,basic,105.692,98.223,96.621,89.861,1.018,0.984
80,270,basic,159.843,104.261,161.666,105.323,1.502,1.507
80,272,basic,39.85,37.294,39.391,37.069,1.031,0.98
80,275,basic,106.756,98.998,107.828,99.925,1.2,1.203
80,276,basic,156.844,79.937,97.602,49.725,1.142,1.142
80,277,basic,122.803,79.183,49.163,31.376,1.005,1.052
80,279,basic,104.405,47.837,76.353,34.718,0.988,1.021
80,281,basic,67.508,44.989,72.687,48.298,0.814,0.827
80,282,basic,79.122,57.725,79.221,58.485,0.899,0.845
80,286,basic,178.48,107.861,184.434,108.908,1.994,2.107
80,287,basic,0.0,0.0,446.011,204.874,,0.942
80,287,gifted,190.0,175.371,0.0,0.0,,
80,288,basic,178.328,149.397,180.901,154.448,1.375,1.306
80,289,basic,161.063,132.842,192.681,156.988,1.402,1.481
80,291,basic,376.378,256.951,389.536,259.838,2.238,2.348
80,292,basic,566.783,328.346,622.306,360.073,1.497,1.562
80,930,basic,399.313,336.084,401.738,337.046,2.32,2.335
80,935,basic,438.347,294.135,458.087,313.292,1.873,1.792
80,939,basic,220.236,110.938,227.833,114.09,1.693,1.724
80,949,basic,376.26,299.115,485.045,386.899,1.548,1.592
80,955,basic,45.63,43.349,52.085,49.481,2.801,2.579
80,971,basic,0.0,0.0,556.51,256.182,,1.119
80,971,gifted,515.486,475.797,0.0,0.0,,
80,972,basic,266.052,189.889,269.113,191.033,1.849,1.87
80,974,basic,84.94,74.609,88.544,78.545,1.186,1.144
80,977,basic,232.763,168.511,194.787,138.202,1.297,1.401
81,103,basic,283.415,246.555,284.342,247.201,1.642,1.644
81,104,basic,115.088,48.695,124.894,54.412,2.26,2.144
81,105,basic,418.093,203.416,287.774,136.474,2.236,2.342
81,105,gifted,176.587,162.113,0.0,0.0,,
81,106,basic,473.738,295.365,350.804,222.549,1.751,1.664
81,106,gifted,118.659,108.933,0.0,0.0,,
81,107,basic,506.362,252.42,506.831,252.606,2.462,2.463
81,109,basic,153.976,102.2,156.162,103.954,2.087,2.075
81,110,basic,401.781,208.383,410.814,212.87,2.092,2.096
81,113,basic,387.359,236.663,256.105,156.054,2.288,2.296
81,113,gifted,135.898,124.759,0.0,0.0,,
81,115,basic,147.962,90.014,168.874,102.705,1.708,1.71
81,117,basic,260.644,155.752,224.349,136.744,2.323,2.237
81,117,gifted,90.518,83.099,0.0,0.0,,
81,118,basic,272.392,146.309,342.025,182.928,2.079,2.098
81,130,basic,661.233,393.851,677.724,403.187,1.681,1.686
81,201,basic,78.661,53.585,85.953,58.851,1.004,0.993
81,202,basic,168.295,89.867,170.733,90.269,1.509,1.546
81,203,basic,248.041,171.809,248.182,171.757,1.286,1.289
81,204,basic,180.162,126.135,110.269,66.491,1.403,2.056
81,208,basic,204.44,165.309,236.454,190.427,1.246,1.316
81,209,basic,154.597,57.893,134.824,50.456,0.781,0.782
81,210,basic,192.029,82.252,190.113,81.781,1.352,1.333
81,211,basic,71.712,46.4,77.016,49.746,1.093,1.102
81,212,gifted,205.424,188.586,0.0,0.0,,
81,215,basic,121.28,74.028,122.287,74.3,0.83,0.844
81,218,basic,152.773,98.352,162.238,104.511,0.754,0.752
81,220,basic,90.016,71.893,92.265,73.145,1.344,1.373
81,221,basic,164.218,110.304,169.129,111.33,0.94,1.003
81,222,basic,142.851,86.862,149.264,88.698,1.708,1.799
81,225,basic,85.919,44.073,86.865,44.535,1.234,1.236
81,226,basic,249.401,158.384,256.2,163.455,1.172,1.164
81,229,basic,259.07,211.243,266.072,213.78,1.13,1.184
81,230,basic,115.631,79.908,82.867,57.292,1.028,1.022
81,233,basic,280.929,179.086,286.97,182.839,0.834,0.836
81,234,basic,76.858,62.473,88.0,69.992,1.152,1.241
81,235,basic,88.642,56.8,89.79,56.987,1.102,1.133
81,236,basic,49.183,42.165,49.891,42.754,1.045,1.047
81,239,basic,266.661,154.201,268.538,155.225,1.681,1.683
81,241,basic,385.375,130.735,376.418,126.32,1.882,1.928
81,242,basic,151.609,104.722,157.122,108.697,1.217,1.212
81,243,basic,215.124,117.645,232.006,126.997,0.981,0.978
81,244,basic,35.91,33.323,36.262,33.938,1.038,0.99
81,245,basic,318.359,266.373,322.406,269.6,1.202,1.207
81,246,basic,254.082,134.27,272.583,143.519,1.184,1.197
81,247,basic,374.958,129.08,365.018,126.524,1.558,1.529
81,248,basic,146.376,96.713,148.51,98.36,0.888,0.879
81,249,basic,30.011,23.276,30.408,23.578,0.857,0.858
81,250,basic,82.718,62.707,87.396,66.211,0.972,0.976
81,251,basic,129.872,61.498,134.622,63.445,1.37,1.389
81,252,basic,238.838,163.061,245.187,166.822,1.402,1.416
81,255,basic,88.977,61.339,90.824,62.845,0.832,0.818
81,257,basic,120.351,100.886,117.662,98.582,1.09,1.093
81,259,basic,170.137,125.838,175.199,130.199,1.274,1.253
81,261,basic,168.785,151.026,173.743,155.552,1.065,1.06
81,262,basic,186.9,142.915,144.633,109.643,1.073,1.107
81,264,basic,79.473,36.968,80.93,37.649,0.893,0.893
81,266,basic,98.364,78.128,95.366,76.128,0.887,0.865
81,267,basic,122.011,106.201,124.293,108.182,1.015,1.016
81,268,basic,112.029,106.428,112.23,106.619,1.061,1.059
81,269,basic,103.094,95.548,94.204,87.427,0.994,0.96
81,270,basic,159.381,110.386,161.165,111.466,1.398,1.402
81,272,basic,41.655,39.068,41.298,38.918,1.021,0.978
81,275,basic,93.86,86.414,94.77,87.196,1.163,1.166
81,276,basic,150.549,73.956,93.61,45.973,1.131,1.13
81,277,basic,126.266,84.54,50.704,33.552,1.011,1.056
81,279,basic,97.282,44.556,71.557,32.486,0.994,1.028
81,281,basic,63.641,44.447,68.551,47.703,0.823,0.837
81,282,basic,74.126,57.717,74.166,58.51,0.862,0.811
81,286,basic,181.447,106.648,187.231,107.361,1.788,1.887
81,287,basic,0.0,0.0,451.429,209.624,,0.943
81,287,gifted,190.0,174.427,0.0,0.0,,
81,288,basic,183.683,156.658,186.596,161.5,1.29,1.244
81,289,basic,154.785,137.305,184.709,162.39,1.348,1.408
81,291,basic,374.701,247.514,387.801,249.259,2.187,2.303
81,292,basic,563.814,331.053,619.418,362.968,1.482,1.552
81,930,basic,398.708,345.79,401.124,347.201,2.277,2.286
81,935,basic,438.459,299.54,458.437,319.047,1.829,1.763
81,939,basic,223.297,108.42,230.872,111.393,1.693,1.723
81,949,basic,374.912,315.172,485.005,407.483,1.492,1.556
81,955,basic,45.231,42.97,51.73,49.144,2.701,2.495
81,971,basic,0.0,0.0,561.111,259.328,,1.117
81,971,gifted,515.865,473.582,0.0,0.0,,
81,972,basic,259.504,188.803,261.972,189.84,1.792,1.805
81,974,basic,86.43,77.36,89.505,80.967,1.2,1.15
81,977,basic,236.646,178.852,197.006,145.56,1.285,1.386
82,103,basic,272.34,228.706,273.238,229.312,1.628,1.63
82,104,basic,134.6,52.369,147.782,59.043,2.41,2.278
82,105,basic,455.959,209.175,317.463,142.671,2.319,2.442
82,105,gifted,180.528,165.591,0.0,0.0,,
82,106,basic,456.492,262.709,338.795,197.091,1.809,1.73
82,106,gifted,116.236,106.618,0.0,0.0,,
82,107,basic,502.446,239.769,502.853,239.935,2.477,2.478
82,109,basic,147.667,93.181,150.123,94.955,2.09,2.077
82,110,basic,389.781,194.993,398.563,199.26,2.112,2.115
82,113,basic,389.552,227.055,260.837,151.106,2.354,2.381
82,113,gifted,135.596,124.376,0.0,0.0,,
82,115,basic,143.426,79.919,163.95,91.301,1.724,1.727
82,117,basic,272.793,158.485,235.102,138.865,2.328,2.228
82,117,gifted,90.265,82.796,0.0,0.0,,
82,118,basic,276.263,138.588,348.441,174.202,2.138,2.159
82,130,basic,653.183,359.62,669.643,368.292,1.724,1.73
82,201,basic,75.614,52.329,81.858,56.956,1.003,0.978
82,202,basic,167.733,90.991,170.258,91.647,1.666,1.711
82,203,basic,250.007,178.724,250.129,178.7,1.298,1.301
82,204,basic,176.023,127.738,107.61,70.448,1.433,2.077
82,208,basic,205.035,166.973,236.878,191.276,1.245,1.313
82,209,basic,154.921,56.389,136.069,49.472,0.773,0.779
82,210,basic,192.01,84.374,190.193,83.794,1.423,1.405
82,211,basic,74.414,48.46,80.118,52.106,1.105,1.114
82,212,gifted,205.503,188.5,0.0,0.0,,
82,215,basic,122.946,72.145,124.315,72.33,0.954,0.991
82,218,basic,154.046,97.464,163.982,103.798,0.775,0.773
82,220,basic,92.512,76.236,94.717,77.681,1.461,1.491
82,221,basic,169.372,114.999,174.388,116.341,1.045,1.128
82,222,basic,143.977,85.682,150.573,88.197,2.182,2.288
82,225,basic,85.751,44.923,86.697,45.398,1.222,1.225
82,226,basic,249.589,161.713,256.692,167.38,1.32,1.296
82,229,basic,245.683,205.373,252.408,208.752,1.135,1.194
82,230,basic,111.558,77.565,80.425,55.908,1.047,1.045
82,233,basic,283.005,179.35,289.051,183.118,0.827,0.829
82,234,basic,77.444,63.83,89.449,72.469,1.209,1.313
82,235,basic,77.613,50.041,78.689,50.31,1.186,1.228
82,236,basic,52.063,46.41,52.923,47.152,1.074,1.077
82,239,basic,287.641,172.894,289.665,174.06,1.759,1.761
82,241,basic,386.251,137.815,377.018,133.434,1.939,1.988
82,242,basic,161.813,113.299,167.802,117.584,1.242,1.238
82,243,basic,213.046,116.633,229.849,125.924,0.988,0.984
82,244,basic,36.466,33.982,36.562,34.373,1.149,1.059
82,245,basic,325.975,281.817,330.24,285.429,1.264,1.268
82,246,basic,230.72,124.116,246.509,132.431,1.165,1.172
82,247,basic,367.137,129.666,357.394,126.796,1.622,1.594
82,248,basic,146.356,95.289,148.385,96.814,0.894,0.882
82,249,basic,31.835,24.323,32.268,24.633,0.905,0.908
82,250,basic,85.155,64.955,89.748,68.427,0.963,0.966
82,251,basic,133.561,65.92,138.717,68.211,1.421,1.444
82,252,basic,244.393,176.212,250.866,180.368,1.47,1.487
82,255,basic,86.687,58.608,88.271,59.85,0.882,0.865
82,257,basic,120.767,105.728,117.723,103.076,1.068,1.068
82,259,basic,167.094,127.048,171.908,131.173,1.283,1.261
82,261,basic,170.204,155.721,175.31,160.46,1.113,1.107
82,262,basic,186.088,145.111,143.227,111.084,1.068,1.1
82,264,basic,82.095,38.023,83.594,38.721,0.924,0.923
82,266,basic,104.862,84.722,101.819,82.561,0.901,0.878
82,267,basic,107.896,94.915,109.947,96.713,1.012,1.012
82,268,basic,106.591,101.262,106.347,101.029,1.057,1.051
82,269,basic,107.803,101.128,98.518,92.419,1.092,1.059
82,270,basic,158.891,112.344,160.717,113.507,1.515,1.521
82,272,basic,37.644,35.468,37.021,34.992,1.095,1.03
82,275,basic,96.682,91.053,97.649,91.925,1.178,1.182
82,276,basic,147.465,73.925,91.971,46.078,1.129,1.132
82,277,basic,125.945,84.8,50.438,33.641,1.018,1.073
82,279,basic,107.553,49.139,79.051,35.895,0.996,1.031
82,281,basic,69.804,48.193,74.804,51.577,0.811,0.819
82,282,basic,76.319,58.841,76.356,59.436,0.904,0.847
82,286,basic,183.155,111.198,188.975,112.579,2.123,2.241
82,287,basic,0.0,0.0,449.934,207.529,,0.96
82,287,gifted,190.0,174.279,0.0,0.0,,
82,288,basic,195.17,169.044,198.159,175.017,1.493,1.402
82,289,basic,155.044,131.38,185.051,155.183,1.354,1.423
82,291,basic,378.814,259.282,392.363,261.996,2.403,2.544
82,292,basic,564.702,326.924,619.241,356.265,1.507,1.561
82,930,basic,399.324,359.359,401.753,360.61,2.383,2.4
82,935,basic,437.762,305.639,457.275,324.195,1.9,1.809
82,939,basic,219.994,108.373,227.558,111.495,1.721,1.754
82,949,basic,376.39,311.232,485.362,399.1,1.528,1.582
82,955,basic,44.062,41.859,50.208,47.698,2.777,2.592
82,971,basic,0.0,0.0,560.356,260.655,,1.122
82,971,gifted,516.038,473.34,0.0,0.0,,
82,972,basic,263.81,194.88,266.701,196.15,1.863,1.885
82,974,basic,85.422,77.978,89.078,81.936,1.238,1.19
82,977,basic,236.516,182.123,196.664,149.092,1.326,1.426
83,103,basic,263.597,239.51,264.434,240.136,1.64,1.642
83,104,basic,125.899,46.103,137.542,51.943,2.344,2.219
83,105,basic,451.905,200.513,312.883,135.298,2.287,2.402
83,105,gifted,179.819,164.798,0.0,0.0,,
83,106,basic,462.701,278.871,343.916,211.159,1.724,1.63
83,106,gifted,117.001,107.228,0.0,0.0,,
83,107,basic,499.043,233.749,499.45,233.903,2.48,2.481
83,109,basic,150.498,100.485,152.634,102.324,2.096,2.08
83,110,basic,408.293,196.633,417.82,200.943,2.117,2.123
83,113,basic,398.603,240.174,264.7,158.58,2.331,2.351
83,113,gifted,138.095,126.559,0.0,0.0,,
83,115,basic,152.358,87.459,173.72,99.697,1.723,1.724
83,117,basic,259.536,155.018,224.65,136.565,2.298,2.22
83,117,gifted,89.736,82.241,0.0,0.0,,
83,118,basic,263.452,131.161,333.58,165.332,2.137,2.157
83,130,basic,679.973,380.735,696.947,389.631,1.699,1.705
83,201,basic,77.016,52.077,84.011,57.167,1.056,1.038
83,202,basic,163.316,82.827,166.003,83.241,1.597,1.644
83,203,basic,258.41,184.551,258.487,184.436,1.292,1.296
83,204,basic,174.189,129.0,107.101,69.128,1.372,1.999
83,208,basic,205.804,175.855,237.527,201.766,1.232,1.301
83,209,basic,147.283,44.465,129.813,39.153,0.778,0.781
83,210,basic,192.932,73.217,191.06,72.813,1.372,1.353
83,211,basic,76.883,49.285,81.759,52.382,1.091,1.095
83,212,gifted,205.493,188.328,0.0,0.0,,
83,215,basic,119.508,68.594,120.592,68.857,0.878,0.895
83,218,basic,160.811,98.831,171.388,105.373,0.779,0.778
83,220,basic,84.621,72.023,86.533,73.24,1.269,1.294
83,221,basic,164.38,112.243,168.691,113.442,0.903,0.953
83,222,basic,143.984,88.381,151.227,90.374,1.82,1.936
83,225,basic,75.668,36.799,76.46,37.17,1.164,1.166
83,226,basic,265.824,168.956,272.605,174.22,1.188,1.175
83,229,basic,253.547,221.231,260.281,224.187,1.135,1.186
83,230,basic,110.14,76.586,79.139,54.988,1.038,1.037
83,233,basic,280.323,172.344,286.198,175.916,0.835,0.836
83,234,basic,75.804,65.283,86.152,73.025,1.16,1.234
83,235,basic,85.666,53.055,87.015,53.221,1.215,1.259
83,236,basic,46.174,41.159,46.939,41.822,1.032,1.033
83,239,basic,272.945,158.047,274.831,159.108,1.704,1.705
83,241,basic,387.414,113.856,378.023,110.332,1.86,1.891
83,242,basic,147.408,105.022,152.053,108.456,1.182,1.177
83,243,basic,221.144,112.111,238.537,121.049,0.99,0.986
83,244,basic,34.033,31.771,34.3,32.231,1.137,1.071
83,245,basic,316.058,280.411,320.067,283.967,1.24,1.243
83,246,basic,240.159,118.483,257.553,126.47,1.201,1.219
83,247,basic,370.634,107.28,360.724,105.043,1.568,1.541
83,248,basic,144.378,93.309,146.358,94.81,0.886,0.877
83,249,basic,30.425,24.454,30.751,24.72,0.838,0.837
83,250,basic,83.169,65.213,87.227,68.399,0.961,0.961
83,251,basic,130.252,57.526,134.756,59.292,1.335,1.351
83,252,basic,234.605,167.736,240.706,171.623,1.393,1.405
83,255,basic,83.383,56.847,84.911,58.096,0.831,0.817
83,257,basic,120.537,108.231,117.64,105.652,1.072,1.073
83,259,basic,166.619,129.198,171.574,133.607,1.295,1.275
83,261,basic,174.447,160.495,179.567,165.171,1.104,1.099
83,262,basic,188.023,150.494,145.077,115.214,1.069,1.102
83,264,basic,78.81,32.133,80.225,32.712,0.899,0.899
83,266,basic,105.434,87.643,102.423,85.525,0.881,0.86
83,267,basic,116.694,108.182,118.985,110.301,1.024,1.024
83,268,basic,108.336,102.919,108.199,102.789,1.057,1.053
83,269,basic,101.57,95.736,92.669,87.367,1.026,0.992
83,270,basic,162.5,116.041,164.3,117.167,1.456,1.461
83,272,basic,42.412,39.963,42.091,39.758,1.062,1.009
83,275,basic,98.007,92.397,98.927,93.23,1.179,1.182
83,276,basic,152.459,68.085,94.783,42.275,1.14,1.142
83,277,basic,128.34,85.343,51.575,33.919,1.015,1.061
83,279,basic,104.039,41.829,76.39,30.447,0.995,1.029
83,281,basic,62.592,43.413,67.119,46.454,0.812,0.821
83,282,basic,79.556,63.325,79.627,64.19,0.903,0.85
83,286,basic,177.947,113.632,183.385,114.578,1.625,1.714
83,287,basic,0.0,0.0,454.075,184.858,,0.948
83,287,gifted,190.0,174.129,0.0,0.0,,
83,288,basic,183.315,164.415,186.52,169.25,1.317,1.277
83,289,basic,157.886,144.14,188.421,170.528,1.392,1.46
83,291,basic,370.679,265.887,383.299,268.659,2.151,2.252
83,292,basic,562.885,320.341,617.51,351.467,1.462,1.515
83,930,basic,398.911,367.244,401.324,368.753,2.349,2.361
83,935,basic,438.166,315.966,458.188,336.183,1.797,1.731
83,939,basic,216.535,98.466,223.658,101.213,1.688,1.712
83,949,basic,379.137,331.33,487.472,426.403,1.515,1.57
83,955,basic,45.689,43.405,51.497,48.922,2.789,2.592
83,971,basic,0.0,0.0,557.08,229.28,,1.114
83,971,gifted,515.259,472.218,0.0,0.0,,
83,972,basic,255.877,196.677,258.62,197.836,1.801,1.818
83,974,basic,88.891,81.77,91.926,85.352,1.261,1.198
83,977,basic,238.646,190.564,198.772,155.214,1.298,1.404
84,103,basic,270.453,239.639,271.36,240.283,1.637,1.64
84,104,basic,135.33,47.772,151.388,54.5,2.29,2.205
84,105,basic,438.245,187.021,298.67,124.459,2.296,2.425
84,105,gifted,180.807,165.952,0.0,0.0,,
84,106,basic,445.201,252.075,330.787,189.847,1.733,1.646
84,106,gifted,115.007,105.559,0.0,0.0,,
84,107,basic,507.952,229.875,508.388,230.036,2.472,2.473
84,109,basic,153.943,97.267,156.669,99.272,2.132,2.118
84,110,basic,396.874,182.31,405.684,186.227,2.125,2.129
84,113,basic,400.124,233.32,269.197,156.138,2.315,2.335
84,113,gifted,136.989,125.735,0.0,0.0,,
84,115,basic,143.423,77.124,164.1,88.175,1.729,1.733
84,117,basic,256.581,146.758,221.942,128.872,2.314,2.23
84,117,gifted,89.528,82.173,0.0,0.0,,
84,118,basic,273.851,130.656,341.462,162.687,2.111,2.119
84,130,basic,668.974,347.594,685.814,355.906,1.736,1.742
84,201,basic,79.655,55.1,86.346,60.141,1.072,1.043
84,202,basic,168.667,89.092,171.189,89.649,1.625,1.67
84,203,basic,248.035,183.734,248.099,183.667,1.279,1.282
84,204,basic,167.985,128.401,104.631,71.599,1.403,2.036
84,208,basic,198.692,170.12,230.218,195.303,1.238,1.303
84,209,basic,161.042,48.161,142.264,42.492,0.767,0.773
84,210,basic,194.101,75.099,192.345,74.611,1.412,1.396
84,211,basic,82.459,53.711,88.914,57.863,1.111,1.118
84,212,gifted,205.296,188.43,0.0,0.0,,
84,215,basic,117.589,67.186,118.674,67.445,0.879,0.9
84,218,basic,152.101,93.939,161.39,99.74,0.771,0.768
84,220,basic,87.413,75.037,89.693,76.535,1.415,1.453
84,221,basic,157.522,105.995,162.387,107.27,1.015,1.093
84,222,basic,151.53,95.203,159.024,97.649,2.012,2.143
84,225,basic,82.891,40.924,83.722,41.323,1.193,1.194
84,226,basic,257.481,165.539,264.418,170.887,1.256,1.239
84,229,basic,247.529,221.387,254.141,224.811,1.141,1.197
84,230,basic,104.959,74.981,76.294,54.476,1.011,1.01
84,233,basic,279.45,172.837,285.407,176.468,0.826,0.828
84,234,basic,74.572,65.678,84.898,73.69,1.174,1.262
84,235,basic,86.734,55.002,88.018,55.246,1.211,1.258
84,236,basic,51.047,46.195,51.936,46.98,1.103,1.105
84,239,basic,279.986,169.131,281.957,170.284,1.733,1.735
84,241,basic,387.159,118.615,377.612,115.059,1.885,1.915
84,242,basic,154.32,111.263,159.393,114.998,1.231,1.228
84,243,basic,220.086,113.047,237.377,122.036,0.985,0.981
84,244,basic,35.25,33.163,35.568,33.601,1.108,1.034
84,245,basic,320.883,291.699,325.042,295.576,1.234,1.236
84,246,basic,238.733,120.121,255.731,128.263,1.215,1.23
84,247,basic,366.771,108.916,357.033,106.567,1.605,1.576
84,248,basic,145.453,94.589,147.446,96.069,0.89,0.879
84,249,basic,29.489,23.634,29.79,23.866,0.866,0.868
84,250,basic,84.787,67.657,89.196,71.171,0.962,0.963
84,251,basic,132.442,59.755,137.247,61.691,1.37,1.39
84,252,basic,224.87,167.232,230.971,171.357,1.421,1.434
84,255,basic,88.237,60.64,90.033,62.04,0.832,0.818
84,257,basic,117.187,107.852,114.255,105.208,1.071,1.071
84,259,basic,168.75,133.297,174.607,138.182,1.394,1.382
84,261,basic,178.445,166.274,183.7,171.061,1.12,1.117
84,262,basic,186.303,152.152,143.474,116.504,1.07,1.101
84,264,basic,78.216,31.627,79.667,32.214,0.923,0.923
84,266,basic,105.267,88.235,102.228,85.976,0.907,0.886
84,267,basic,116.607,108.935,118.859,111.035,1.027,1.027
84,268,basic,111.277,105.713,111.221,105.66,1.058,1.053
84,269,basic,106.566,100.84,97.538,92.311,1.058,1.027
84,270,basic,153.292,113.439,155.069,114.628,1.514,1.519
84,272,basic,42.144,39.905,41.836,39.646,1.071,1.017
84,275,basic,93.537,88.525,94.399,89.31,1.193,1.198
84,276,basic,147.333,66.552,91.684,41.379,1.153,1.155
84,277,basic,128.804,87.247,51.723,34.696,1.019,1.07
84,279,basic,114.615,46.388,84.553,33.959,0.998,1.038
84,281,basic,65.033,45.374,69.57,48.476,0.819,0.826
84,282,basic,77.46,63.054,77.747,63.9,0.876,0.825
84,286,basic,175.585,113.269,181.33,114.519,1.815,1.93
84,287,basic,0.0,0.0,451.462,184.739,,0.963
84,287,gifted,190.0,174.391,0.0,0.0,,
84,288,basic,192.897,174.857,196.396,180.229,1.376,1.322
84,289,basic,152.78,138.287,181.608,163.338,1.341,1.394
84,291,basic,376.148,275.489,388.832,278.523,2.237,2.351
84,292,basic,561.817,316.72,616.294,345.047,1.483,1.536
84,930,basic,398.793,373.448,401.208,375.067,2.407,2.422
84,935,basic,437.622,320.466,457.52,339.442,1.839,1.769
84,939,basic,219.662,100.126,227.103,102.992,1.718,1.747
84,949,basic,378.152,332.853,488.353,428.159,1.542,1.598
84,955,basic,45.255,42.993,51.259,48.696,2.774,2.579
84,971,basic,0.0,0.0,562.769,234.957,,1.115
84,971,gifted,515.622,473.261,0.0,0.0,,
84,972,basic,262.223,203.873,265.059,205.187,1.847,1.867
84,974,basic,86.693,80.622,89.561,83.864,1.279,1.213
84,977,basic,238.711,195.896,199.228,160.491,1.333,1.442
85,103,basic,271.575,243.166,272.433,243.821,1.615,1.617
85,104,basic,134.799,55.465,147.444,62.502,2.476,2.346
85,105,basic,469.45,232.553,316.049,152.634,2.282,2.402
85,105,gifted,187.343,171.525,0.0,0.0,,
85,106,basic,452.156,283.479,334.784,212.231,1.815,1.743
85,106,gifted,115.676,105.909,0.0,0.0,,
85,107,basic,484.56,249.459,485.01,249.641,2.462,2.463
85,109,basic,148.734,101.575,152.318,104.324,2.12,2.107
85,110,basic,384.096,206.912,392.666,211.391,2.084,2.087
85,113,basic,391.275,244.92,265.552,164.458,2.348,2.392
85,113,gifted,133.914,122.608,0.0,0.0,,
85,115,basic,137.979,84.72,158.751,97.262,1.717,1.727
85,117,basic,262.835,164.75,226.358,144.619,2.308,2.214
85,117,gifted,89.54,81.98,0.0,0.0,,
85,118,basic,276.252,151.92,339.74,187.374,2.08,2.067
85,130,basic,667.831,405.812,684.632,415.421,1.689,1.695
85,201,basic,71.445,47.665,77.1,51.861,1.032,1.001
85,202,basic,162.464,86.21,164.916,86.752,1.523,1.563
85,203,basic,256.793,175.843,256.918,175.783,1.323,1.327
85,204,basic,169.086,119.799,104.63,65.845,1.356,1.955
85,208,basic,204.566,167.563,236.638,193.894,1.25,1.316
85,209,basic,147.754,52.879,130.382,46.581,0.755,0.762
85,210,basic,194.437,81.547,192.663,81.064,1.397,1.38
85,211,basic,74.892,47.303,80.83,50.995,1.116,1.123
85,212,gifted,205.597,188.238,0.0,0.0,,
85,215,basic,116.042,68.007,117.305,68.202,0.886,0.913
85,218,basic,154.309,96.187,163.707,102.119,0.759,0.756
85,220,basic,92.535,73.913,94.866,75.254,1.4,1.432
85,221,basic,165.88,109.868,170.856,110.986,0.987,1.059
85,222,basic,147.522,86.559,154.396,88.577,1.912,2.023
85,225,basic,81.777,41.471,82.667,41.901,1.205,1.207
85,226,basic,249.439,157.437,256.444,162.805,1.226,1.211
85,229,basic,248.766,201.644,255.525,204.892,1.141,1.189
85,230,basic,107.323,73.048,77.926,52.979,1.016,1.018
85,233,basic,277.267,172.004,283.234,175.625,0.837,0.839
85,234,basic,76.36,61.643,87.384,69.243,1.167,1.257
85,235,basic,87.651,54.131,88.974,54.321,1.227,1.274
85,236,basic,49.004,42.373,49.833,43.066,1.082,1.084
85,239,basic,280.608,162.579,282.608,163.684,1.688,1.69
85,241,basic,384.253,130.278,374.677,126.412,1.863,1.886
85,242,basic,158.779,108.734,164.467,112.701,1.212,1.21
85,243,basic,215.704,114.657,232.633,123.76,0.989,0.986
85,244,basic,34.929,32.386,35.183,32.967,1.104,1.03
85,245,basic,318.71,268.323,322.704,271.599,1.228,1.232
85,246,basic,244.577,126.768,261.942,135.359,1.184,1.197
85,247,basic,369.758,124.525,360.229,122.088,1.583,1.552
85,248,basic,147.65,94.749,149.916,96.441,0.887,0.875
85,249,basic,29.298,22.114,29.705,22.392,0.895,0.9
85,250,basic,94.161,70.237,98.825,73.664,0.961,0.965
85,251,basic,132.246,62.757,137.002,64.75,1.353,1.372
85,252,basic,242.481,166.514,248.866,170.406,1.437,1.451
85,255,basic,89.213,59.757,90.91,61.074,0.835,0.822
85,257,basic,119.472,100.949,116.386,98.365,1.081,1.081
85,259,basic,159.742,116.662,164.075,120.346,1.311,1.288
85,261,basic,168.106,151.343,172.854,155.742,1.073,1.067
85,262,basic,189.905,144.387,145.53,109.896,1.06,1.092
85,264,basic,76.382,34.389,77.807,35.033,0.925,0.925
85,266,basic,105.555,82.787,102.464,80.7,0.913,0.891
85,267,basic,116.481,100.7,118.762,102.661,1.025,1.025
85,268,basic,111.932,106.335,111.861,106.268,1.067,1.062
85,269,basic,103.438,96.482,94.574,88.248,1.019,0.988
85,270,basic,152.561,105.062,154.35,106.154,1.416,1.422
85,272,basic,41.204,38.741,40.668,38.391,1.041,0.992
85,275,basic,88.266,82.132,89.112,82.875,1.146,1.149
85,276,basic,153.715,74.405,95.965,46.413,1.122,1.125
85,277,basic,123.22,80.983,49.614,32.277,1.0,1.047
85,279,basic,103.479,45.785,75.518,33.137,1.006,1.044
85,281,basic,68.344,46.57,72.914,49.649,0.801,0.804
85,282,basic,77.039,58.513,77.143,59.277,0.874,0.819
85,286,basic,178.434,106.188,184.234,107.113,1.847,1.958
85,287,basic,0.0,0.0,451.392,202.196,,0.952
85,287,gifted,190.0,173.958,0.0,0.0,,
85,288,basic,183.061,155.07,186.153,160.137,1.392,1.335
85,289,basic,149.901,133.821,177.303,158.145,1.366,1.396
85,291,basic,374.19,256.498,387.028,259.476,2.226,2.333
85,292,basic,563.946,329.738,618.674,363.403,1.513,1.568
85,930,basic,398.722,352.264,401.153,353.334,2.327,2.342
85,935,basic,437.951,307.038,457.648,327.019,1.841,1.763
85,939,basic,220.803,107.773,228.407,110.879,1.718,1.749
85,949,basic,378.796,316.391,490.064,410.893,1.594,1.653
85,955,basic,45.375,43.106,51.231,48.669,2.833,2.643
85,971,basic,0.0,0.0,553.804,249.629,,1.107
85,971,gifted,514.744,471.283,0.0,0.0,,
85,972,basic,261.669,193.083,264.643,194.189,1.844,1.865
85,974,basic,87.318,78.259,90.517,81.967,1.238,1.183
85,977,basic,236.186,176.849,196.927,144.569,1.301,1.404
86,103,basic,269.091,224.757,270.002,225.361,1.655,1.658
86,104,basic,129.385,54.694,142.929,61.799,2.358,2.244
86,105,basic,466.066,221.338,322.831,150.157,2.388,2.52
86,105,gifted,181.437,166.406,0.0,0.0,,
86,106,basic,452.182,271.903,335.859,204.376,1.759,1.671
86,106,gifted,115.636,106.056,0.0,0.0,,
86,107,basic,507.366,252.891,507.765,253.06,2.524,2.525
86,109,basic,156.966,102.069,159.8,104.143,2.123,2.11
86,110,basic,390.853,207.757,399.687,212.336,2.109,2.112
86,113,basic,386.644,230.845,259.322,154.192,2.334,2.35
86,113,gifted,135.279,124.072,0.0,0.0,,
86,115,basic,158.871,91.581,181.651,104.636,1.73,1.734
86,117,basic,254.784,154.968,218.886,135.329,2.317,2.214
86,117,gifted,89.297,81.899,0.0,0.0,,
86,118,basic,273.507,143.377,344.905,180.256,2.157,2.177
86,130,basic,657.247,386.772,673.804,396.117,1.716,1.722
86,201,basic,82.217,55.003,89.195,59.982,1.031,1.007
86,202,basic,174.098,94.319,176.604,94.954,1.689,1.735
86,203,basic,277.389,190.481,277.54,190.462,1.336,1.34
86,204,basic,184.156,128.582,111.824,70.818,1.482,2.124
86,208,basic,207.653,164.539,239.331,188.639,1.253,1.321
86,209,basic,146.305,57.103,129.469,50.474,0.78,0.786
86,210,basic,194.674,88.831,192.886,88.189,1.441,1.427
86,211,basic,71.353,45.533,75.96,48.448,1.092,1.097
86,212,gifted,206.208,189.125,0.0,0.0,,
86,215,basic,118.661,73.013,119.804,73.283,0.91,0.936
86,218,basic,158.504,99.562,168.045,105.592,0.761,0.759
86,220,basic,97.687,76.694,100.111,78.203,1.534,1.568
86,221,basic,163.027,111.876,167.803,113.272,1.035,1.117
86,222,basic,139.886,84.843,146.28,87.308,1.948,2.056
86,225,basic,83.632,44.118,84.591,44.608,1.247,1.25
86,226,basic,267.397,174.953,274.59,180.699,1.385,1.362
86,229,basic,245.588,195.838,252.384,199.278,1.146,1.204
86,230,basic,114.376,76.806,82.152,55.152,1.051,1.049
86,233,basic,277.351,175.442,283.313,179.152,0.818,0.82
86,234,basic,77.85,61.912,88.665,69.56,1.164,1.25
86,235,basic,79.517,51.908,80.619,52.195,1.16,1.204
86,236,basic,48.637,42.956,49.334,43.56,1.033,1.034
86,239,basic,276.66,164.686,278.613,165.808,1.727,1.729
86,241,basic,383.869,145.808,374.834,141.558,1.879,1.916
86,242,basic,158.897,110.037,164.449,113.958,1.214,1.21
86,243,basic,214.805,117.944,231.584,127.251,0.989,0.985
86,244,basic,38.199,35.605,38.613,36.259,1.095,1.032
86,245,basic,317.79,270.039,322.045,273.479,1.227,1.233
86,246,basic,226.088,121.739,242.078,129.944,1.204,1.221
86,247,basic,365.563,137.533,356.754,134.822,1.589,1.561
86,248,basic,151.23,97.117,153.557,98.794,0.897,0.885
86,249,basic,28.094,21.228,28.47,21.494,0.91,0.914
86,250,basic,88.913,64.71,93.638,68.139,0.98,0.982
86,251,basic,127.123,65.47,131.761,67.644,1.372,1.392
86,252,basic,235.494,165.737,241.734,169.719,1.416,1.431
86,255,basic,83.262,55.227,84.519,56.213,0.855,0.839
86,257,basic,118.446,98.858,115.628,96.503,1.073,1.074
86,259,basic,158.294,114.076,162.132,117.315,1.315,1.288
86,261,basic,176.536,157.781,182.159,162.755,1.104,1.103
86,262,basic,186.222,140.651,143.69,107.895,1.074,1.111
86,264,basic,81.159,40.028,82.637,40.761,0.938,0.938
86,266,basic,102.641,80.58,99.548,78.383,0.919,0.897
86,267,basic,120.881,103.888,123.169,105.85,1.041,1.042
86,268,basic,111.094,105.539,111.231,105.67,1.066,1.061
86,269,basic,109.049,101.721,99.945,93.276,1.026,0.994
86,270,basic,161.441,109.619,163.263,110.732,1.491,1.497
86,272,basic,42.086,39.59,41.676,39.352,1.035,0.985
86,275,basic,91.531,85.269,92.435,86.074,1.171,1.174
86,276,basic,149.851,77.723,93.635,48.508,1.134,1.139
86,277,basic,128.509,83.947,51.273,33.243,1.013,1.059
86,279,basic,112.966,53.219,82.527,38.612,1.007,1.048
86,281,basic,67.618,45.4,72.23,48.451,0.819,0.825
86,282,basic,75.201,55.31,75.359,55.944,0.893,0.836
86,286,basic,182.854,113.649,188.521,115.154,2.041,2.154
86,287,basic,0.0,0.0,445.841,210.792,,0.952
86,287,gifted,190.0,174.26,0.0,0.0,,
86,288,basic,178.027,151.829,180.824,156.348,1.35,1.286
86,289,basic,156.51,126.434,186.602,149.42,1.377,1.446
86,291,basic,370.225,250.965,383.66,253.987,2.327,2.467
86,292,basic,564.111,328.762,618.147,359.222,1.513,1.567
86,930,basic,399.169,347.46,401.591,348.817,2.302,2.315
86,935,basic,437.982,297.066,457.731,314.929,1.876,1.792
86,939,basic,220.279,112.769,227.872,116.054,1.747,1.781
86,949,basic,377.955,298.786,488.191,384.73,1.55,1.607
86,955,basic,44.828,42.587,51.027,48.475,2.796,2.601
86,971,basic,0.0,0.0,564.753,268.916,,1.139
86,971,gifted,516.466,473.681,0.0,0.0,,
86,972,basic,257.275,184.063,259.904,185.243,1.846,1.866
86,974,basic,88.436,78.963,91.783,82.736,1.195,1.137
86,977,basic,233.354,171.825,195.713,141.799,1.317,1.426
87,103,basic,267.261,235.622,268.068,236.245,1.661,1.663
87,104,basic,142.607,61.795,155.929,69.774,2.729,2.524
87,105,basic,464.98,240.036,324.911,164.947,2.372,2.497
87,105,gifted,180.969,166.124,0.0,0.0,,
87,106,basic,452.782,287.448,336.792,215.71,1.816,1.737
87,106,gifted,116.074,106.552,0.0,0.0,,
87,107,basic,523.603,285.059,523.998,285.252,2.509,2.51
87,109,basic,154.444,106.481,156.836,108.394,2.213,2.196
87,110,basic,405.065,227.695,414.171,232.697,2.118,2.122
87,113,basic,389.583,247.855,262.659,165.531,2.425,2.478
87,113,gifted,134.045,123.049,0.0,0.0,,
87,115,basic,150.043,92.44,171.313,105.493,1.734,1.738
87,117,basic,262.563,169.895,225.066,147.891,2.373,2.258
87,117,gifted,89.858,82.486,0.0,0.0,,
87,118,basic,275.844,155.027,349.387,195.699,2.199,2.225
87,130,basic,659.984,408.473,676.432,418.313,1.74,1.746
87,201,basic,81.012,51.652,88.887,56.918,1.109,1.084
87,202,basic,169.454,88.821,172.13,89.561,1.774,1.828
87,203,basic,258.605,170.7,258.661,170.616,1.393,1.398
87,204,basic,187.386,127.14,112.867,70.061,1.51,2.208
87,208,basic,205.161,160.204,237.613,186.312,1.297,1.368
87,209,basic,141.65,52.337,125.024,46.151,0.778,0.785
87,210,basic,191.992,83.98,190.173,83.319,1.43,1.415
87,211,basic,79.019,48.523,85.878,52.656,1.11,1.123
87,212,gifted,205.701,188.826,0.0,0.0,,
87,215,basic,123.224,70.719,124.717,70.93,1.007,1.057
87,218,basic,150.342,89.918,159.024,95.154,0.761,0.758
87,220,basic,94.098,71.12,96.62,72.662,1.598,1.639
87,221,basic,163.737,105.346,168.664,106.835,1.091,1.186
87,222,basic,157.102,85.241,164.943,88.303,2.688,2.813
87,225,basic,88.348,44.77,89.36,45.268,1.283,1.285
87,226,basic,253.911,158.469,261.26,163.78,1.35,1.33
87,229,basic,251.095,192.096,258.538,195.717,1.169,1.243
87,230,basic,105.798,68.556,76.45,49.469,1.056,1.064
87,233,basic,278.552,167.633,284.533,171.18,0.822,0.824
87,234,basic,76.928,58.689,89.422,67.169,1.224,1.343
87,235,basic,81.671,49.196,83.115,49.55,1.411,1.48
87,236,basic,48.73,40.821,49.668,41.582,1.065,1.069
87,239,basic,278.974,162.657,280.912,163.775,1.734,1.734
87,241,basic,383.871,140.904,375.274,136.686,1.955,2.015
87,242,basic,160.908,106.991,166.876,111.015,1.255,1.252
87,243,basic,211.436,111.111,228.117,119.94,0.981,0.977
87,244,basic,37.536,34.998,37.897,35.615,1.133,1.053
87,245,basic,322.501,260.067,326.886,263.454,1.273,1.28
87,246,basic,233.409,121.055,249.983,129.312,1.223,1.241
87,247,basic,371.344,134.248,361.923,131.374,1.649,1.618
87,248,basic,143.634,88.696,145.421,89.954,0.894,0.881
87,249,basic,28.669,20.639,28.998,20.846,0.935,0.944
87,250,basic,90.753,63.739,95.74,67.209,0.967,0.971
87,251,basic,135.394,65.8,140.684,68.15,1.444,1.469
87,252,basic,241.532,160.772,248.034,164.703,1.525,1.543
87,255,basic,86.369,54.97,87.783,56.014,0.859,0.841
87,257,basic,120.78,95.788,117.961,93.553,1.096,1.097
87,259,basic,162.535,113.74,167.169,117.266,1.336,1.316
87,261,basic,175.455,153.143,180.882,157.928,1.08,1.077
87,262,basic,184.897,133.814,142.447,102.612,1.079,1.113
87,264,basic,81.516,37.82,83.046,38.531,0.927,0.927
87,266,basic,105.571,78.358,102.384,76.208,0.931,0.907
87,267,basic,124.326,102.242,126.892,104.34,1.034,1.035
87,268,basic,110.358,104.84,110.489,104.965,1.065,1.061
87,269,basic,108.016,100.036,98.775,91.587,1.062,1.031
87,270,basic,160.609,105.384,162.425,106.497,1.582,1.587
87,272,basic,40.731,38.325,40.198,37.967,1.063,1.005
87,275,basic,99.098,91.49,100.16,92.422,1.184,1.188
87,276,basic,155.575,76.69,97.148,47.851,1.12,1.125
87,277,basic,123.38,77.515,49.383,30.795,1.014,1.069
87,279,basic,108.518,48.693,79.223,35.331,1.02,1.064
87,281,basic,66.073,42.512,71.266,45.756,0.832,0.848
87,282,basic,77.137,54.533,77.436,55.153,0.913,0.858
87,286,basic,186.57,107.7,192.609,109.424,2.392,2.523
87,287,basic,0.0,0.0,451.261,203.378,,0.953
87,287,gifted,190.0,174.414,0.0,0.0,,
87,288,basic,197.614,157.901,200.654,163.614,1.574,1.455
87,289,basic,156.606,131.78,186.9,156.431,1.409,1.489
87,291,basic,375.963,250.513,389.736,254.458,2.569,2.72
87,292,basic,561.489,328.75,615.844,363.131,1.527,1.579
87,930,basic,398.968,350.647,401.405,351.601,2.416,2.441
87,935,basic,438.442,300.039,458.131,318.382,1.968,1.875
87,939,basic,217.343,110.391,224.911,113.787,1.801,1.836
87,949,basic,382.857,311.497,492.631,403.593,1.604,1.649
87,955,basic,47.161,44.803,53.894,51.199,2.758,2.553
87,971,basic,0.0,0.0,564.918,257.917,,1.137
87,971,gifted,516.411,474.049,0.0,0.0,,
87,972,basic,257.178,183.54,260.576,184.913,1.989,2.022
87,974,basic,86.868,76.483,90.713,80.44,1.212,1.164
87,977,basic,236.126,169.129,196.525,138.893,1.327,1.433
88,103,basic,272.504,247.052,273.455,247.703,1.651,1.655
88,104,basic,127.034,52.63,145.149,60.995,2.291,2.234
88,105,basic,432.647,212.717,302.179,144.313,2.263,2.424
88,105,gifted,179.87,165.422,0.0,0.0,,
88,106,basic,436.42,275.137,325.216,208.004,1.714,1.624
88,106,gifted,114.277,105.098,0.0,0.0,,
88,107,basic,518.876,265.459,519.194,265.594,2.507,2.508
88,109,basic,147.477,101.728,149.581,103.486,2.094,2.079
88,110,basic,399.427,204.413,408.829,208.986,2.124,2.131
88,113,basic,396.766,252.88,271.537,172.588,2.319,2.328
88,113,gifted,135.461,124.58,0.0,0.0,,
88,115,basic,148.302,89.684,170.115,102.76,1.747,1.753
88,117,basic,259.139,161.195,225.406,141.938,2.309,2.241
88,117,gifted,89.656,82.454,0.0,0.0,,
88,118,basic,261.831,142.794,329.531,179.027,2.056,2.078
88,130,basic,667.823,385.387,684.694,394.489,1.746,1.754
88,201,basic,75.626,50.749,81.724,55.205,1.005,0.977
88,202,basic,167.546,85.689,170.28,86.241,1.698,1.749
88,203,basic,260.19,179.933,260.244,179.827,1.34,1.344
88,204,basic,179.347,129.256,108.012,69.763,1.388,2.017
88,208,basic,205.533,168.459,236.304,194.02,1.246,1.312
88,209,basic,157.125,50.47,137.902,44.239,0.783,0.789
88,210,basic,191.163,75.284,189.343,74.799,1.388,1.369
88,211,basic,78.481,49.411,85.151,53.522,1.125,1.137
88,212,gifted,205.682,189.16,0.0,0.0,,
88,215,basic,116.668,63.711,118.197,63.85,0.974,1.017
88,218,basic,154.893,93.852,164.468,99.721,0.76,0.756
88,220,basic,87.688,72.96,89.834,74.293,1.342,1.375
88,221,basic,166.828,106.124,171.559,107.356,0.981,1.051
88,222,basic,155.116,85.695,162.98,88.199,2.414,2.544
88,225,basic,80.818,39.501,81.744,39.937,1.249,1.252
88,226,basic,255.104,153.64,262.101,158.682,1.254,1.238
88,229,basic,255.349,211.054,262.19,214.446,1.14,1.193
88,230,basic,103.281,70.562,74.522,50.845,1.032,1.036
88,233,basic,284.122,171.102,290.116,174.67,0.836,0.838
88,234,basic,75.83,62.326,87.609,70.613,1.213,1.322
88,235,basic,90.477,53.649,91.926,53.852,1.315,1.372
88,236,basic,54.337,47.393,55.414,48.299,1.071,1.074
88,239,basic,285.144,166.239,287.091,167.359,1.735,1.735
88,241,basic,384.893,122.896,375.686,119.121,1.907,1.946
88,242,basic,155.471,106.417,161.009,110.322,1.238,1.233
88,243,basic,219.063,112.134,236.162,120.969,0.991,0.988
88,244,basic,37.391,34.955,37.67,35.456,1.097,1.024
88,245,basic,318.869,269.37,322.915,272.731,1.232,1.236
88,246,basic,227.172,115.124,242.326,122.58,1.17,1.178
88,247,basic,372.031,116.764,362.36,114.36,1.607,1.576
88,248,basic,142.971,90.891,144.965,92.367,0.885,0.873
88,249,basic,29.818,22.462,30.194,22.728,0.876,0.879
88,250,basic,84.644,63.686,89.802,67.525,0.984,0.988
88,251,basic,142.582,63.351,147.743,65.401,1.389,1.41
88,252,basic,233.395,159.767,239.626,163.601,1.45,1.464
88,255,basic,86.411,57.497,87.895,58.652,0.84,0.825
88,257,basic,123.278,105.337,120.027,102.604,1.067,1.066
88,259,basic,158.445,120.752,161.724,123.939,1.243,1.211
88,261,basic,167.165,152.915,171.837,157.283,1.07,1.063
88,262,basic,185.86,141.595,143.004,108.276,1.071,1.104
88,264,basic,82.551,33.599,84.053,34.211,0.963,0.963
88,266,basic,111.044,85.709,108.038,83.674,0.918,0.897
88,267,basic,117.582,102.433,119.975,104.503,1.021,1.022
88,268,basic,110.263,104.75,110.127,104.621,1.068,1.063
88,269,basic,104.162,97.781,95.075,89.231,1.063,1.033
88,270,basic,157.165,108.649,158.952,109.798,1.564,1.567
88,272,basic,42.614,40.189,42.149,39.845,1.063,1.008
88,275,basic,94.013,88.402,94.929,89.215,1.18,1.183
88,276,basic,149.757,68.01,93.935,42.594,1.111,1.118
88,277,basic,121.594,79.564,49.147,31.815,1.012,1.069
88,279,basic,99.066,41.225,73.3,30.269,0.998,1.038
88,281,basic,64.254,43.391,68.806,46.388,0.825,0.834
88,282,basic,74.27,56.98,73.974,57.386,0.909,0.849
88,286,basic,174.762,103.21,180.539,104.379,1.869,1.984
88,287,basic,0.0,0.0,452.105,190.493,,0.954
88,287,gifted,190.0,174.738,0.0,0.0,,
88,288,basic,200.141,172.71,203.844,178.706,1.447,1.381
88,289,basic,157.507,144.996,187.567,171.798,1.356,1.418
88,291,basic,375.524,258.264,388.81,260.8,2.347,2.482
88,292,basic,562.235,327.21,614.368,360.267,1.47,1.513
88,930,basic,399.165,364.363,401.59,365.445,2.436,2.456
88,935,basic,437.585,317.339,457.353,337.445,1.819,1.742
88,939,basic,219.866,103.358,227.214,106.36,1.736,1.764
88,949,basic,378.787,330.5,491.212,430.087,1.581,1.645
88,955,basic,44.877,42.633,50.993,48.444,2.789,2.606
88,971,basic,0.0,0.0,558.608,238.288,,1.119
88,971,gifted,515.454,474.049,0.0,0.0,,
88,972,basic,265.262,197.959,268.64,199.237,1.931,1.958
88,974,basic,84.991,77.807,88.073,81.314,1.28,1.222
88,977,basic,238.259,183.421,198.498,150.085,1.328,1.434
89,103,basic,272.955,233.979,273.798,234.582,1.623,1.625
89,104,basic,146.637,60.085,160.076,67.72,2.432,2.292
89,105,basic,437.249,211.737,304.975,144.411,2.247,2.357
89,105,gifted,178.923,164.354,0.0,0.0,,
89,106,basic,468.967,284.451,350.488,215.513,1.787,1.704
89,106,gifted,117.289,107.738,0.0,0.0,,
89,107,basic,507.839,251.461,508.27,251.64,2.477,2.478
89,109,basic,153.073,100.069,155.597,101.948,2.088,2.078
89,110,basic,382.366,203.155,391.355,207.712,2.084,2.089
89,113,basic,381.592,228.001,254.217,150.749,2.342,2.372
89,113,gifted,134.831,123.852,0.0,0.0,,
89,115,basic,150.466,88.381,172.083,101.016,1.729,1.733
89,117,basic,250.205,151.459,215.595,132.649,2.294,2.212
89,117,gifted,89.312,82.039,0.0,0.0,,
89,118,basic,280.778,148.857,353.062,186.43,2.093,2.114
89,130,basic,662.348,390.634,679.141,399.95,1.716,1.723
89,201,basic,78.382,52.886,85.334,57.904,1.034,1.015
89,202,basic,170.355,90.429,172.978,90.924,1.646,1.692
89,203,basic,258.736,178.059,258.801,177.947,1.326,1.33
89,204,basic,170.678,119.708,105.793,65.866,1.409,2.031
89,208,basic,205.339,166.164,237.316,191.226,1.24,1.306
89,209,basic,149.066,57.911,130.589,50.69,0.758,0.761
89,210,basic,192.252,86.426,190.416,85.889,1.38,1.361
89,211,basic,77.456,49.822,82.938,53.289,1.093,1.101
89,212,gifted,205.431,188.703,0.0,0.0,,
89,215,basic,121.869,73.668,123.208,73.849,0.916,0.946
89,218,basic,156.063,99.661,165.673,105.866,0.761,0.758
89,220,basic,89.849,72.226,92.071,73.518,1.355,1.387
89,221,basic,165.182,114.767,169.774,116.011,0.939,1.001
89,222,basic,153.968,85.609,161.649,87.864,2.212,2.335
89,225,basic,90.733,47.441,91.743,47.95,1.237,1.239
89,226,basic,264.046,170.838,271.137,176.482,1.299,1.283
89,229,basic,252.661,204.345,259.578,207.677,1.127,1.176
89,230,basic,105.449,72.312,76.911,52.673,1.009,1.012
89,233,basic,283.064,180.296,289.153,184.095,0.837,0.838
89,234,basic,76.043,60.908,87.081,68.483,1.163,1.254
89,235,basic,80.734,50.565,82.122,50.768,1.288,1.343
89,236,basic,48.317,42.001,49.214,42.758,1.076,1.078
89,239,basic,283.431,165.965,285.368,167.072,1.71,1.711
89,241,basic,383.732,138.881,374.594,134.565,1.889,1.926
89,242,basic,170.702,117.748,177.323,122.399,1.219,1.216
89,243,basic,213.051,117.75,229.695,127.054,0.982,0.978
89,244,basic,36.043,33.359,36.261,33.917,1.1,1.03
89,245,basic,320.724,270.475,324.965,273.854,1.235,1.241
89,246,basic,231.889,125.193,247.661,133.313,1.15,1.163
89,247,basic,369.603,134.177,359.958,131.402,1.582,1.554
89,248,basic,146.69,95.262,148.78,96.852,0.898,0.887
89,249,basic,28.198,21.482,28.482,21.681,0.886,0.889
89,250,basic,86.139,64.021,90.956,67.561,0.973,0.976
89,251,basic,135.932,68.149,140.949,70.367,1.379,1.4
89,252,basic,238.228,165.466,244.582,169.382,1.464,1.479
89,255,basic,86.567,58.663,88.072,59.88,0.832,0.816
89,257,basic,123.034,103.8,119.956,101.209,1.092,1.093
89,259,basic,158.241,114.783,163.06,118.637,1.315,1.298
89,261,basic,173.577,155.967,178.635,160.655,1.062,1.055
89,262,basic,188.003,143.158,144.882,109.555,1.075,1.109
89,264,basic,81.251,39.347,82.754,40.076,0.931,0.931
89,266,basic,103.476,82.518,100.504,80.492,0.898,0.875
89,267,basic,119.205,102.556,121.629,104.626,1.034,1.035
89,268,basic,110.274,104.76,110.241,104.729,1.069,1.065
89,269,basic,106.983,99.461,98.074,91.268,1.005,0.972
89,270,basic,153.991,103.925,155.777,105.017,1.496,1.501
89,272,basic,39.462,36.918,38.856,36.56,1.075,1.017
89,275,basic,91.427,85.158,92.331,85.949,1.119,1.122
89,276,basic,140.819,71.973,88.142,45.019,1.139,1.141
89,277,basic,128.782,85.38,51.445,33.773,1.016,1.063
89,279,basic,106.974,50.314,78.323,36.576,0.988,1.021
89,281,basic,70.039,47.94,75.19,51.361,0.821,0.83
89,282,basic,75.312,56.837,75.346,57.47,0.883,0.832
89,286,basic,179.095,109.427,184.762,110.481,1.855,1.961
89,287,basic,0.0,0.0,454.502,215.27,,0.951
89,287,gifted,190.0,174.528,0.0,0.0,,
89,288,basic,191.028,160.326,194.165,165.789,1.402,1.337
89,289,basic,154.987,131.217,184.843,154.984,1.332,1.397
89,291,basic,373.405,249.874,387.019,252.177,2.295,2.425
89,292,basic,564.756,330.191,618.597,361.274,1.506,1.559
89,930,basic,398.616,339.475,401.046,340.342,2.345,2.362
89,935,basic,437.985,301.951,457.745,321.255,1.804,1.723
89,939,basic,224.751,112.563,232.316,115.701,1.715,1.746
89,949,basic,373.581,301.559,483.33,389.739,1.543,1.599
89,955,basic,45.034,42.782,51.307,48.742,2.777,2.584
89,971,basic,0.0,0.0,563.737,267.109,,1.122
89,971,gifted,516.331,474.286,0.0,0.0,,
89,972,basic,261.791,186.06,264.997,187.183,1.901,1.927
89,974,basic,86.024,76.646,89.434,80.471,1.188,1.14
89,977,basic,237.686,176.729,197.024,143.672,1.294,1.398
90,103,basic,273.631,251.186,274.374,251.805,1.691,1.692
90,104,basic,139.352,53.244,148.78,58.964,2.675,2.444
90,105,basic,439.214,209.366,306.939,143.516,2.348,2.493
90,105,gifted,177.194,163.132,0.0,0.0,,
90,106,basic,449.788,274.133,330.113,203.001,1.837,1.755
90,106,gifted,115.487,106.323,0.0,0.0,,
90,107,basic,513.407,260.594,513.737,260.747,2.501,2.502
90,109,basic,146.197,99.641,148.344,101.365,2.267,2.249
90,110,basic,409.628,212.676,419.231,217.528,2.182,2.187
90,113,basic,401.12,251.62,273.858,169.687,2.473,2.545
90,113,gifted,135.542,124.786,0.0,0.0,,
90,115,basic,154.308,89.956,176.261,102.727,1.744,1.746
90,117,basic,265.176,168.075,228.142,146.776,2.394,2.284
90,117,gifted,90.091,82.941,0.0,0.0,,
90,118,basic,261.845,137.911,332.601,174.553,2.169,2.197
90,130,basic,659.731,381.274,676.124,390.413,1.754,1.76
90,201,basic,84.385,55.119,92.55,60.617,1.044,1.03
90,202,basic,170.639,86.059,173.465,86.746,1.798,1.859
90,203,basic,265.493,182.784,265.533,182.683,1.358,1.363
90,204,basic,171.486,123.014,107.962,70.418,1.437,2.166
90,208,basic,209.967,175.101,242.549,202.731,1.271,1.336
90,209,basic,148.427,44.348,132.001,39.388,0.773,0.782
90,210,basic,193.329,75.122,191.585,74.532,1.44,1.429
90,211,basic,74.868,45.846,80.952,49.528,1.112,1.12
90,212,gifted,205.759,189.431,0.0,0.0,,
90,215,basic,118.786,64.241,120.154,64.498,1.007,1.048
90,218,basic,153.63,89.184,162.485,94.366,0.764,0.761
90,220,basic,86.597,73.266,88.625,74.735,1.462,1.489
90,221,basic,168.456,108.992,173.34,110.497,1.075,1.164
90,222,basic,148.843,84.991,156.736,88.152,2.553,2.686
90,225,basic,89.344,42.428,90.339,42.89,1.253,1.255
90,226,basic,250.995,157.476,257.979,162.589,1.304,1.283
90,229,basic,257.114,212.804,264.35,216.566,1.16,1.231
90,230,basic,104.075,68.815,75.373,49.824,1.043,1.042
90,233,basic,281.49,164.175,287.409,167.603,0.838,0.839
90,234,basic,72.903,60.086,83.646,68.04,1.205,1.303
90,235,basic,89.933,53.303,91.613,53.651,1.443,1.522
90,236,basic,51.301,46.248,52.3,47.117,1.079,1.084
90,239,basic,270.522,158.112,272.398,159.206,1.725,1.725
90,241,basic,381.911,120.226,373.722,116.592,1.92,1.989
90,242,basic,160.016,108.861,165.056,112.357,1.229,1.225
90,243,basic,219.119,107.899,236.385,116.468,0.989,0.986
90,244,basic,37.023,34.849,37.156,35.123,1.142,1.051
90,245,basic,321.048,282.095,325.294,285.698,1.262,1.267
90,246,basic,240.437,117.079,258.075,125.16,1.22,1.247
90,247,basic,371.597,113.595,362.393,111.058,1.582,1.563
90,248,basic,147.972,89.775,150.137,91.242,0.897,0.885
90,249,basic,28.169,20.843,28.502,21.077,0.929,0.933
90,250,basic,83.079,60.93,87.455,64.129,0.965,0.967
90,251,basic,128.164,57.915,132.851,59.865,1.383,1.404
90,252,basic,239.293,169.626,245.562,173.738,1.451,1.465
90,255,basic,86.803,55.206,88.349,56.329,0.852,0.835
90,257,basic,119.803,104.179,116.613,101.427,1.095,1.094
90,259,basic,169.111,124.758,174.913,129.304,1.379,1.363
90,261,basic,168.614,155.856,173.925,160.643,1.135,1.136
90,262,basic,193.133,147.071,147.679,111.966,1.065,1.097
90,264,basic,80.027,32.219,81.476,32.805,0.97,0.97
90,266,basic,111.364,86.932,108.285,84.702,0.94,0.923
90,267,basic,121.245,107.085,123.751,109.286,1.037,1.038
90,268,basic,110.972,105.424,110.928,105.382,1.07,1.066
90,269,basic,103.785,98.148,94.886,89.735,1.059,1.029
90,270,basic,153.488,105.372,155.282,106.5,1.613,1.619
90,272,basic,43.604,41.298,43.225,40.971,1.073,1.019
90,275,basic,88.777,84.12,89.658,84.933,1.175,1.179
90,276,basic,152.522,68.06,94.911,42.306,1.17,1.175
90,277,basic,123.598,78.136,49.975,31.351,1.02,1.075
90,279,basic,108.515,42.999,80.059,31.504,1.015,1.064
90,281,basic,69.169,44.541,74.358,47.789,0.835,0.849
90,282,basic,75.844,56.27,75.932,56.764,0.893,0.838
90,286,basic,173.495,108.901,178.919,110.766,2.002,2.108
90,287,basic,0.0,0.0,458.624,182.983,,0.972
90,287,gifted,190.0,174.922,0.0,0.0,,
90,288,basic,173.465,155.956,176.44,160.542,1.408,1.338
90,289,basic,156.665,141.758,187.135,168.358,1.414,1.491
90,291,basic,376.766,277.423,389.726,281.871,2.413,2.542
90,292,basic,561.764,318.01,617.493,350.776,1.542,1.608
90,930,basic,399.602,370.955,402.022,372.445,2.478,2.499
90,935,basic,437.723,318.001,457.522,336.911,1.945,1.864
90,939,basic,215.329,101.307,222.563,104.346,1.788,1.819
90,949,basic,379.246,327.86,490.537,426.302,1.632,1.681
90,955,basic,46.13,43.824,53.134,50.477,2.776,2.571
90,971,basic,0.0,0.0,550.884,224.996,,1.133
90,971,gifted,514.819,473.965,0.0,0.0,,
90,972,basic,259.729,198.39,263.178,199.981,1.993,2.023
90,974,basic,85.608,79.535,88.85,83.049,1.233,1.176
90,977,basic,242.149,184.025,200.388,150.295,1.347,1.45
91,103,basic,259.292,224.197,260.18,224.784,1.639,1.642
91,104,basic,139.293,63.445,158.497,73.495,2.285,2.218
91,105,basic,432.207,215.396,297.609,143.744,2.241,2.373
91,105,gifted,178.525,164.28,0.0,0.0,,
91,106,basic,451.956,297.947,339.239,227.554,1.687,1.605
91,106,gifted,115.861,106.616,0.0,0.0,,
91,107,basic,519.734,262.198,520.165,262.371,2.494,2.495
91,109,basic,146.559,100.43,148.504,102.186,2.092,2.075
91,110,basic,416.961,243.958,426.615,249.328,2.194,2.199
91,113,basic,389.022,238.476,260.083,158.765,2.286,2.3
91,113,gifted,133.949,123.261,0.0,0.0,,
91,115,basic,138.135,84.518,158.086,96.643,1.707,1.71
91,117,basic,260.083,168.307,224.414,148.275,2.314,2.225
91,117,gifted,89.981,82.801,0.0,0.0,,
91,118,basic,259.542,143.889,327.247,180.727,2.098,2.115
91,130,basic,661.525,447.568,677.897,458.088,1.666,1.671
91,201,basic,76.01,48.318,83.703,53.604,1.084,1.065
91,202,basic,173.169,89.424,175.691,89.799,1.591,1.631
91,203,basic,262.441,172.097,262.534,172.013,1.276,1.279
91,204,basic,173.131,112.782,108.465,60.719,1.422,2.095
91,208,basic,210.154,171.042,242.681,196.946,1.226,1.295
91,209,basic,141.369,61.207,124.239,53.746,0.777,0.78
91,210,basic,192.128,93.031,190.228,92.508,1.364,1.344
91,211,basic,78.278,47.967,85.01,51.965,1.104,1.116
91,212,gifted,205.536,189.136,0.0,0.0,,
91,215,basic,120.027,80.658,121.073,80.955,0.85,0.865
91,218,basic,158.146,101.047,168.077,107.467,0.761,0.758
91,220,basic,91.531,69.527,93.899,70.732,1.355,1.387
91,221,basic,164.91,124.87,169.554,126.117,0.915,0.971
91,222,basic,139.745,77.34,146.72,79.092,1.843,1.952
91,225,basic,77.866,41.456,78.678,41.871,1.156,1.158
91,226,basic,247.76,178.768,254.522,184.647,1.187,1.176
91,229,basic,253.187,193.444,260.298,195.763,1.129,1.187
91,230,basic,111.422,70.804,80.007,50.82,1.062,1.06
91,233,basic,283.695,183.514,289.732,187.347,0.827,0.828
91,234,basic,78.429,58.006,90.843,65.569,1.207,1.31
91,235,basic,89.721,59.57,91.009,59.739,1.171,1.21
91,236,basic,47.084,40.871,47.862,41.526,1.048,1.049
91,239,basic,267.27,148.291,269.163,149.294,1.658,1.66
91,241,basic,385.202,144.635,376.325,139.526,1.866,1.92
91,242,basic,155.834,104.841,161.423,108.706,1.195,1.192
91,243,basic,215.471,120.241,232.49,129.858,0.979,0.976
91,244,basic,37.011,33.819,37.264,34.41,1.035,0.99
91,245,basic,319.797,271.615,323.927,275.043,1.223,1.227
91,246,basic,237.322,126.022,254.712,134.621,1.192,1.209
91,247,basic,369.629,142.487,359.623,139.443,1.548,1.522
91,248,basic,145.049,91.854,147.025,93.337,0.878,0.868
91,249,basic,28.172,21.676,28.48,21.909,0.861,0.861
91,250,basic,79.981,55.698,84.074,58.52,0.954,0.957
91,251,basic,126.183,69.283,130.779,71.484,1.327,1.345
91,252,basic,230.593,161.573,236.628,165.308,1.318,1.33
91,255,basic,87.131,56.871,88.865,58.218,0.824,0.81
91,257,basic,120.203,98.849,117.544,96.627,1.066,1.069
91,259,basic,168.731,110.974,174.255,115.006,1.319,1.303
91,261,basic,173.81,151.064,178.886,155.612,1.052,1.047
91,262,basic,184.445,136.306,142.841,104.678,1.077,1.11
91,264,basic,79.76,44.981,81.217,45.804,0.913,0.913
91,266,basic,107.285,87.331,104.256,85.29,0.882,0.86
91,267,basic,119.883,103.649,122.2,105.644,1.016,1.017
91,268,basic,114.45,108.692,114.9,109.109,1.075,1.071
91,269,basic,106.51,96.992,97.533,89.1,0.982,0.949
91,270,basic,161.172,99.84,162.963,100.82,1.421,1.425
91,272,basic,42.738,39.197,42.37,39.176,1.011,0.97
91,275,basic,90.793,82.106,91.66,82.83,1.187,1.189
91,276,basic,158.121,88.283,98.314,54.864,1.112,1.112
91,277,basic,127.595,80.517,50.963,31.808,1.008,1.052
91,279,basic,101.774,50.38,74.32,36.483,0.989,1.021
91,281,basic,70.989,46.586,76.506,50.038,0.811,0.824
91,282,basic,77.806,54.288,77.966,55.097,0.872,0.822
91,286,basic,179.331,116.382,184.969,117.222,1.712,1.807
91,287,basic,0.0,0.0,454.241,223.708,,0.945
91,287,gifted,190.0,174.839,0.0,0.0,,
91,288,basic,191.382,156.607,194.573,161.322,1.252,1.211
91,289,basic,155.004,121.2,184.861,143.246,1.339,1.399
91,291,basic,370.181,247.877,383.047,250.052,2.186,2.295
91,292,basic,564.716,334.641,619.071,368.746,1.472,1.514
91,930,basic,399.106,298.239,401.524,299.233,2.219,2.229
91,935,basic,438.331,284.35,458.288,303.107,1.804,1.736
91,939,basic,220.882,117.668,228.285,120.902,1.69,1.718
91,949,basic,378.849,283.615,489.864,366.997,1.491,1.549
91,955,basic,47.026,44.528,53.875,51.048,2.7,2.497
91,971,basic,0.0,0.0,562.129,276.188,,1.104
91,971,gifted,515.718,474.567,0.0,0.0,,
91,972,basic,257.819,178.353,260.549,179.346,1.79,1.807
91,974,basic,87.862,69.104,91.138,72.609,1.211,1.164
91,977,basic,237.078,160.924,196.739,130.573,1.281,1.382
92,103,basic,270.359,237.776,271.224,238.402,1.664,1.666
92,104,basic,122.118,43.99,134.772,50.092,2.514,2.367
92,105,basic,471.08,212.181,329.179,144.989,2.284,2.409
92,105,gifted,184.354,168.764,0.0,0.0,,
92,106,basic,452.612,263.199,336.378,198.298,1.755,1.666
92,106,gifted,115.87,106.071,0.0,0.0,,
92,107,basic,510.409,240.576,510.813,240.738,2.518,2.519
92,109,basic,153.389,98.549,155.724,100.348,2.135,2.12
92,110,basic,397.069,188.387,406.13,192.54,2.102,2.107
92,113,basic,391.995,233.356,264.005,156.325,2.336,2.356
92,113,gifted,135.488,124.03,0.0,0.0,,
92,115,basic,147.361,82.788,168.51,94.597,1.725,1.73
92,117,basic,258.454,150.701,222.693,132.018,2.299,2.206
92,117,gifted,89.865,82.265,0.0,0.0,,
92,118,basic,261.354,130.023,331.36,164.071,2.12,2.147
92,130,basic,659.584,354.586,676.222,363.066,1.702,1.708
92,201,basic,83.692,57.286,92.374,63.503,1.095,1.08
92,202,basic,171.463,90.994,173.988,91.543,1.649,1.694
92,203,basic,258.677,188.411,258.754,188.344,1.295,1.298
92,204,basic,178.449,133.358,109.819,72.313,1.437,2.172
92,208,basic,204.752,170.556,236.274,195.595,1.253,1.32
92,209,basic,144.934,45.663,127.023,40.006,0.778,0.779
92,210,basic,193.393,76.309,191.538,75.821,1.409,1.389
92,211,basic,73.331,47.861,79.839,51.99,1.107,1.121
92,212,gifted,205.467,188.091,0.0,0.0,,
92,215,basic,119.141,68.074,120.181,68.342,0.87,0.888
92,218,basic,155.346,96.365,165.163,102.506,0.77,0.767
92,220,basic,89.443,74.642,91.784,76.145,1.48,1.517
92,221,basic,166.652,109.022,171.536,110.262,1.016,1.092
92,222,basic,141.001,88.456,148.012,90.916,1.959,2.081
92,225,basic,90.023,44.979,90.977,45.439,1.218,1.22
92,226,basic,254.077,158.054,261.087,163.258,1.272,1.257
92,229,basic,244.557,212.439,251.944,215.751,1.152,1.225
92,230,basic,106.343,75.678,76.969,54.759,1.013,1.011
92,233,basic,281.476,174.146,287.524,177.819,0.83,0.832
92,234,basic,78.19,67.523,90.474,76.652,1.214,1.324
92,235,basic,78.884,49.239,80.104,49.494,1.228,1.275
92,236,basic,52.144,46.634,52.992,47.374,1.055,1.057
92,239,basic,266.376,161.199,268.274,162.309,1.717,1.718
92,241,basic,388.053,123.467,379.273,119.333,1.9,1.963
92,242,basic,151.895,108.585,157.434,112.648,1.215,1.21
92,243,basic,215.78,112.407,232.975,121.446,0.987,0.984
92,244,basic,32.957,30.889,33.273,31.374,1.171,1.087
92,245,basic,319.002,282.588,323.352,286.312,1.236,1.241
92,246,basic,225.988,116.161,242.056,123.839,1.187,1.209
92,247,basic,363.272,113.094,353.154,110.499,1.596,1.567
92,248,basic,147.063,96.104,149.101,97.636,0.892,0.881
92,249,basic,29.877,23.462,30.184,23.697,0.873,0.873
92,250,basic,85.153,67.27,89.575,70.743,0.955,0.956
92,251,basic,132.534,59.653,137.447,61.624,1.397,1.419
92,252,basic,235.892,169.553,242.23,173.64,1.444,1.458
92,255,basic,84.586,58.211,86.043,59.399,0.831,0.815
92,257,basic,120.697,107.789,117.505,104.986,1.088,1.086
92,259,basic,156.931,125.405,160.324,128.785,1.244,1.213
92,261,basic,180.059,166.756,185.697,171.957,1.118,1.113
92,262,basic,187.616,149.719,144.435,114.585,1.07,1.102
92,264,basic,79.741,32.622,81.187,33.216,0.938,0.938
92,266,basic,107.023,86.878,103.85,84.63,0.899,0.876
92,267,basic,116.321,106.107,118.577,108.158,1.035,1.035
92,268,basic,112.373,106.755,112.525,106.899,1.057,1.053
92,269,basic,102.008,96.275,92.713,87.508,1.109,1.08
92,270,basic,157.616,116.573,159.384,117.76,1.459,1.464
92,272,basic,44.076,41.701,43.687,41.383,1.07,1.008
92,275,basic,92.319,87.202,93.21,88.009,1.196,1.199
92,276,basic,147.359,67.543,92.238,42.238,1.122,1.125
92,277,basic,121.571,82.523,48.718,32.784,0.998,1.044
92,279,basic,104.007,43.377,75.676,31.361,0.997,1.03
92,281,basic,73.77,51.424,80.098,55.618,0.831,0.851
92,282,basic,77.111,61.746,76.82,62.145,0.914,0.858
92,286,basic,186.786,112.397,192.658,113.584,2.008,2.124
92,287,basic,0.0,0.0,444.394,188.154,,0.942
92,287,gifted,190.0,173.932,0.0,0.0,,
92,288,basic,185.703,165.904,188.764,171.191,1.379,1.314
92,289,basic,157.471,142.458,187.698,168.341,1.392,1.464
92,291,basic,380.001,263.852,393.436,266.475,2.376,2.508
92,292,basic,562.036,321.25,616.209,351.12,1.492,1.544
92,930,basic,399.094,371.661,401.515,373.161,2.4,2.416
92,935,basic,437.613,318.567,457.403,338.112,1.827,1.748
92,939,basic,221.494,102.224,229.071,105.139,1.748,1.78
92,949,basic,379.315,332.71,488.106,427.183,1.553,1.61
92,955,basic,47.959,45.561,55.278,52.514,2.702,2.505
92,971,basic,0.0,0.0,560.529,240.029,,1.127
92,971,gifted,515.981,472.346,0.0,0.0,,
92,972,basic,258.071,197.474,260.86,198.7,1.858,1.879
92,974,basic,88.337,82.265,91.964,86.209,1.239,1.19
92,977,basic,230.409,187.34,193.472,154.541,1.295,1.401
93,103,basic,269.29,228.28,270.095,228.874,1.636,1.638
93,104,basic,131.992,56.044,142.459,62.649,2.431,2.278
93,105,basic,450.27,214.391,313.14,145.487,2.305,2.425
93,105,gifted,178.962,164.612,0.0,0.0,,
93,106,basic,455.839,281.363,336.969,211.069,1.786,1.699
93,106,gifted,116.065,106.758,0.0,0.0,,
93,107,basic,485.519,238.521,485.839,238.656,2.483,2.483
93,109,basic,147.938,97.421,150.486,99.396,2.132,2.119
93,110,basic,396.254,230.483,405.228,235.516,2.094,2.097
93,113,basic,395.935,230.13,267.716,153.983,2.395,2.437
93,113,gifted,134.889,124.073,0.0,0.0,,
93,115,basic,150.418,87.302,171.634,99.605,1.73,1.73
93,117,basic,267.253,168.953,230.373,148.574,2.317,2.22
93,117,gifted,89.583,82.4,0.0,0.0,,
93,118,basic,270.328,143.621,341.323,180.589,2.12,2.141
93,130,basic,652.844,421.732,669.288,431.824,1.692,1.697
93,201,basic,83.22,55.094,91.33,60.784,1.025,1.009
93,202,basic,165.382,87.149,168.127,87.658,1.669,1.718
93,203,basic,266.126,176.707,266.189,176.575,1.364,1.368
93,204,basic,171.989,117.39,106.896,63.855,1.376,2.046
93,208,basic,200.623,164.439,232.486,189.223,1.246,1.315
93,209,basic,151.105,65.716,132.418,57.505,0.787,0.793
93,210,basic,193.717,96.171,191.935,95.542,1.403,1.388
93,211,basic,76.331,47.688,83.832,52.193,1.116,1.135
93,212,gifted,205.443,188.97,0.0,0.0,,
93,215,basic,123.542,81.374,125.145,81.455,0.991,1.033
93,218,basic,156.728,101.409,166.204,107.626,0.76,0.757
93,220,basic,94.996,73.249,97.398,74.59,1.451,1.483
93,221,basic,162.11,124.968,166.866,126.292,0.963,1.03
93,222,basic,160.107,83.223,167.631,85.402,2.364,2.474
93,225,basic,71.021,38.611,71.849,39.038,1.171,1.174
93,226,basic,254.775,186.782,261.863,193.284,1.294,1.276
93,229,basic,250.337,196.494,257.59,199.463,1.141,1.199
93,230,basic,105.761,69.633,76.92,50.591,1.004,1.006
93,233,basic,279.563,183.655,285.585,187.521,0.827,0.83
93,234,basic,74.314,56.368,87.417,64.578,1.233,1.361
93,235,basic,83.756,55.28,85.236,55.468,1.328,1.385
93,236,basic,47.853,42.58,48.773,43.365,1.032,1.036
93,239,basic,266.888,153.234,268.738,154.273,1.69,1.691
93,241,basic,382.689,149.54,374.191,144.377,1.881,1.943
93,242,basic,155.924,107.074,161.698,111.148,1.228,1.224
93,243,basic,210.711,119.861,227.223,129.33,0.973,0.971
93,244,basic,35.966,32.838,36.095,33.447,1.09,1.014
93,245,basic,323.046,281.709,327.296,285.232,1.261,1.267
93,246,basic,230.906,126.45,246.932,134.796,1.17,1.183
93,247,basic,369.15,146.535,359.583,143.532,1.568,1.54
93,248,basic,144.462,92.895,146.545,94.497,0.869,0.856
93,249,basic,31.273,24.368,31.709,24.669,0.89,0.896
93,250,basic,89.265,63.066,94.674,66.822,0.977,0.982
93,251,basic,129.338,72.994,134.292,75.449,1.376,1.398
93,252,basic,239.754,171.726,246.109,175.724,1.408,1.423
93,255,basic,85.837,56.613,87.144,57.693,0.839,0.822
93,257,basic,122.244,103.517,119.072,100.874,1.078,1.076
93,259,basic,155.764,107.091,159.432,110.187,1.257,1.23
93,261,basic,161.548,143.058,166.196,147.269,1.067,1.062
93,262,basic,187.31,142.683,143.384,108.55,1.06,1.089
93,264,basic,78.888,45.516,80.355,46.364,0.909,0.909
93,266,basic,112.517,93.485,109.469,91.328,0.91,0.888
93,267,basic,119.953,106.261,122.427,108.434,1.023,1.024
93,268,basic,106.316,100.993,105.88,100.576,1.078,1.074
93,269,basic,106.507,97.598,97.291,89.253,1.045,1.014
93,270,basic,160.95,102.343,162.722,103.387,1.457,1.461
93,272,basic,39.786,36.761,39.196,36.506,1.038,0.987
93,275,basic,97.088,89.465,98.056,90.296,1.167,1.171
93,276,basic,150.866,86.303,94.419,53.975,1.125,1.127
93,277,basic,128.049,82.339,51.105,32.512,1.012,1.061
93,279,basic,101.435,51.092,75.347,37.632,0.987,1.024
93,281,basic,66.846,44.343,71.972,47.598,0.818,0.832
93,282,basic,73.11,51.775,72.994,52.306,0.882,0.827
93,286,basic,189.815,122.539,195.724,123.564,1.988,2.097
93,287,basic,0.0,0.0,452.107,226.06,,0.945
93,287,gifted,190.0,174.765,0.0,0.0,,
93,288,basic,182.095,148.115,184.746,153.249,1.403,1.331
93,289,basic,157.555,118.061,187.998,139.363,1.364,1.429
93,291,basic,377.704,253.841,391.178,256.372,2.312,2.432
93,292,basic,566.02,333.737,620.628,364.483,1.49,1.547
93,930,basic,399.081,300.538,401.521,300.835,2.315,2.338
93,935,basic,437.538,287.353,457.063,306.391,1.801,1.707
93,939,basic,221.271,119.437,228.894,122.78,1.712,1.745
93,949,basic,387.747,282.148,498.708,362.816,1.535,1.576
93,955,basic,47.627,45.165,54.097,51.314,2.759,2.548
93,971,basic,0.0,0.0,555.327,278.351,,1.107
93,971,gifted,515.234,473.921,0.0,0.0,,
93,972,basic,261.25,176.823,264.869,177.9,1.931,1.962
93,974,basic,86.422,70.213,90.147,73.963,1.188,1.149
93,977,basic,236.858,164.786,197.099,134.231,1.303,1.413
94,103,basic,262.841,237.482,263.643,238.121,1.646,1.648
94,104,basic,139.215,50.12,152.014,56.629,2.771,2.555
94,105,basic,457.258,206.235,314.517,139.141,2.322,2.466
94,105,gifted,181.517,166.318,0.0,0.0,,
94,106,basic,458.783,268.094,342.991,201.882,1.823,1.756
94,106,gifted,115.648,105.965,0.0,0.0,,
94,107,basic,507.577,244.064,508.024,244.252,2.552,2.553
94,109,basic,156.581,104.851,159.309,106.96,2.192,2.174
94,110,basic,401.89,205.529,410.881,210.002,2.089,2.094
94,113,basic,391.812,235.924,260.334,155.047,2.412,2.472
94,113,gifted,136.172,124.77,0.0,0.0,,
94,115,basic,147.449,81.612,168.492,93.23,1.731,1.733
94,117,basic,257.363,160.643,221.275,140.012,2.324,2.223
94,117,gifted,89.916,82.387,0.0,0.0,,
94,118,basic,259.05,130.712,325.178,163.841,2.136,2.148
94,130,basic,646.419,367.792,662.926,376.748,1.737,1.745
94,201,basic,78.96,51.487,85.881,56.333,1.114,1.077
94,202,basic,167.708,87.475,170.244,88.2,1.677,1.725
94,203,basic,257.596,179.958,257.686,179.91,1.333,1.337
94,204,basic,184.509,133.131,111.4,73.857,1.522,2.176
94,208,basic,204.84,171.574,237.036,197.768,1.271,1.344
94,209,basic,157.397,48.211,139.365,42.64,0.78,0.788
94,210,basic,192.944,77.35,191.146,76.767,1.446,1.43
94,211,basic,74.709,45.904,81.427,49.98,1.135,1.145
94,212,gifted,206.071,188.816,0.0,0.0,,
94,215,basic,122.787,70.898,124.087,71.156,0.969,1.006
94,218,basic,155.231,91.265,164.799,96.937,0.77,0.767
94,220,basic,87.75,75.582,89.849,77.057,1.421,1.455
94,221,basic,162.353,111.381,167.102,112.946,1.049,1.138
94,222,basic,146.969,88.741,154.324,91.646,2.249,2.385
94,225,basic,83.271,40.431,84.173,40.858,1.21,1.212
94,226,basic,259.515,172.051,266.629,177.64,1.347,1.323
94,229,basic,243.79,205.814,250.333,209.36,1.145,1.21
94,230,basic,113.177,74.721,81.036,53.464,1.07,1.072
94,233,basic,279.313,166.503,285.259,170.01,0.837,0.838
94,234,basic,74.696,62.284,86.712,71.258,1.254,1.364
94,235,basic,79.814,50.284,81.145,50.632,1.324,1.386
94,236,basic,48.424,44.275,49.283,45.041,1.09,1.092
94,239,basic,265.334,157.288,267.24,158.39,1.718,1.719
94,241,basic,386.108,124.164,376.871,120.475,1.92,1.965
94,242,basic,157.482,109.977,162.584,113.621,1.226,1.221
94,243,basic,217.903,108.623,235.112,117.268,0.982,0.979
94,244,basic,36.243,34.118,36.668,34.647,1.168,1.082
94,245,basic,320.535,292.475,324.69,296.313,1.225,1.227
94,246,basic,230.228,113.905,245.918,121.401,1.213,1.227
94,247,basic,362.616,112.484,353.212,110.021,1.626,1.595
94,248,basic,144.586,89.006,146.607,90.407,0.876,0.864
94,249,basic,31.211,24.181,31.599,24.467,0.88,0.883
94,250,basic,88.757,65.221,93.236,68.491,0.97,0.973
94,251,basic,138.338,64.73,143.383,66.901,1.44,1.461
94,252,basic,238.092,171.479,244.412,175.655,1.489,1.505
94,255,basic,85.559,54.993,87.095,56.11,0.824,0.807
94,257,basic,124.251,110.32,121.396,107.778,1.095,1.096
94,259,basic,167.471,124.379,171.804,127.957,1.342,1.32
94,261,basic,174.109,161.736,179.432,166.597,1.149,1.148
94,262,basic,187.052,145.653,144.023,111.584,1.075,1.112
94,264,basic,79.34,34.008,80.8,34.636,0.942,0.941
94,266,basic,108.261,87.955,105.253,85.727,0.908,0.887
94,267,basic,114.483,106.131,116.754,108.229,1.011,1.012
94,268,basic,108.322,102.905,108.041,102.639,1.062,1.057
94,269,basic,106.023,100.454,97.237,92.142,1.017,0.985
94,270,basic,146.804,102.587,148.536,103.701,1.49,1.496
94,272,basic,41.506,39.293,41.089,38.935,1.078,1.017
94,275,basic,97.98,92.815,98.92,93.683,1.225,1.229
94,276,basic,152.197,71.074,95.368,44.483,1.12,1.127
94,277,basic,129.418,81.914,51.921,32.625,1.022,1.075
94,279,basic,109.988,44.481,81.164,32.63,1.006,1.048
94,281,basic,68.804,44.608,73.753,47.764,0.823,0.831
94,282,basic,78.862,58.279,78.909,58.799,0.905,0.844
94,286,basic,178.249,115.043,184.112,116.843,2.19,2.321
94,287,basic,0.0,0.0,463.84,187.0,,0.97
94,287,gifted,190.0,174.091,0.0,0.0,,
94,288,basic,194.05,173.726,197.453,179.213,1.468,1.387
94,289,basic,156.309,134.229,186.155,158.933,1.411,1.47
94,291,basic,377.867,278.443,390.876,282.769,2.41,2.54
94,292,basic,565.974,316.042,620.211,345.754,1.548,1.605
94,930,basic,398.648,371.145,401.075,372.609,2.405,2.426
94,935,basic,438.604,312.187,458.442,330.636,1.897,1.808
94,939,basic,216.379,103.543,223.799,106.672,1.783,1.815
94,949,basic,381.521,323.609,489.945,415.617,1.571,1.615
94,955,basic,46.204,43.894,52.074,49.47,2.795,2.585
94,971,basic,0.0,0.0,566.075,234.644,,1.141
94,971,gifted,516.393,473.154,0.0,0.0,,
94,972,basic,259.079,195.409,262.155,196.816,1.919,1.948
94,974,basic,86.045,79.393,89.275,82.979,1.311,1.245
94,977,basic,245.893,188.221,202.224,152.766,1.337,1.441
95,103,basic,274.755,249.126,275.68,249.779,1.657,1.661
95,104,basic,130.922,56.562,146.946,64.839,2.318,2.231
95,105,basic,451.278,222.115,317.63,152.397,2.297,2.426
95,105,gifted,179.67,165.157,0.0,0.0,,
95,106,basic,438.766,285.812,324.721,215.092,1.725,1.63
95,106,gifted,115.624,106.285,0.0,0.0,,
95,107,basic,506.134,260.935,506.439,261.068,2.488,2.488
95,109,basic,149.416,106.31,151.828,108.305,2.092,2.08
95,110,basic,384.592,219.437,393.452,224.293,2.095,2.1
95,113,basic,391.994,249.498,266.158,168.823,2.315,2.325
95,113,gifted,134.171,123.333,0.0,0.0,,
95,115,basic,148.155,90.767,169.463,103.743,1.715,1.719
95,117,basic,258.886,170.957,223.659,150.114,2.304,2.221
95,117,gifted,89.394,82.174,0.0,0.0,,
95,118,basic,273.85,150.871,347.981,190.585,2.121,2.152
95,130,basic,666.182,428.514,683.006,438.725,1.702,1.709
95,201,basic,82.549,53.377,89.728,58.373,0.999,0.977
95,202,basic,167.738,84.342,170.351,84.829,1.645,1.691
95,203,basic,246.686,163.663,246.781,163.607,1.311,1.314
95,204,basic,177.813,120.115,110.832,65.577,1.436,2.134
95,208,basic,204.147,168.763,235.837,195.307,1.248,1.316
95,209,basic,152.008,54.0,133.43,47.338,0.766,0.771
95,210,basic,193.366,82.223,191.566,81.718,1.393,1.376
95,211,basic,77.364,46.785,84.486,50.95,1.116,1.132
95,212,gifted,205.959,189.323,0.0,0.0,,
95,215,basic,119.086,71.931,120.36,72.12,0.897,0.925
95,218,basic,157.961,95.328,168.257,101.591,0.769,0.767
95,220,basic,88.639,69.386,91.021,70.7,1.445,1.482
95,221,basic,166.823,114.595,171.992,115.74,1.02,1.099
95,222,basic,149.453,79.947,156.654,82.101,2.218,2.33
95,225,basic,90.614,44.416,91.597,44.879,1.249,1.251
95,226,basic,263.062,172.061,270.324,177.923,1.328,1.311
95,229,basic,250.574,197.515,257.957,200.285,1.152,1.22
95,230,basic,105.32,67.806,77.204,49.579,1.037,1.046
95,233,basic,284.111,172.69,290.261,176.338,0.85,0.853
95,234,basic,75.417,58.574,87.923,66.713,1.206,1.323
95,235,basic,80.593,51.35,81.762,51.549,1.156,1.199
95,236,basic,54.284,47.488,55.221,48.287,1.099,1.101
95,239,basic,287.568,160.788,289.583,161.872,1.695,1.697
95,241,basic,386.7,128.78,378.021,124.408,1.913,1.974
95,242,basic,152.562,102.41,158.044,106.18,1.22,1.216
95,243,basic,213.373,110.574,230.197,119.361,0.972,0.97
95,244,basic,37.422,34.589,37.793,35.349,1.148,1.071
95,245,basic,321.629,277.736,325.85,281.183,1.222,1.228
95,246,basic,242.21,122.445,258.966,130.548,1.168,1.18
95,247,basic,371.144,123.256,361.657,120.703,1.607,1.581
95,248,basic,142.741,87.852,144.603,89.21,0.891,0.879
95,249,basic,28.308,21.361,28.62,21.574,0.892,0.896
95,250,basic,88.25,62.491,93.245,65.99,0.965,0.968
95,251,basic,137.238,66.425,142.453,68.654,1.412,1.434
95,252,basic,233.086,158.552,239.493,162.364,1.467,1.484
95,255,basic,85.175,54.383,86.465,55.406,0.842,0.825
95,257,basic,120.458,101.153,117.768,98.888,1.076,1.077
95,259,basic,160.859,112.647,164.958,116.069,1.254,1.229
95,261,basic,174.671,157.164,179.939,162.005,1.052,1.047
95,262,basic,191.857,142.877,147.529,109.087,1.082,1.117
95,264,basic,80.133,37.858,81.611,38.559,0.94,0.94
95,266,basic,109.183,86.495,106.072,84.379,0.916,0.893
95,267,basic,120.402,105.979,122.711,108.0,1.013,1.014
95,268,basic,110.589,105.06,110.459,104.936,1.074,1.07
95,269,basic,104.572,97.287,95.415,88.804,1.061,1.029
95,270,basic,154.223,98.691,156.013,99.736,1.506,1.51
95,272,basic,39.826,37.348,39.3,37.039,1.04,0.99
95,275,basic,94.517,87.746,95.432,88.548,1.177,1.18
95,276,basic,148.713,73.496,93.232,46.038,1.12,1.123
95,277,basic,124.558,78.001,49.887,30.924,0.996,1.045
95,279,basic,98.302,42.943,72.149,31.281,0.993,1.028
95,281,basic,67.477,43.659,72.468,46.782,0.809,0.82
95,282,basic,79.179,56.706,79.63,57.624,0.865,0.815
95,286,basic,185.218,111.224,191.363,112.146,2.025,2.149
95,287,basic,0.0,0.0,448.873,195.776,,0.951
95,287,gifted,190.0,174.653,0.0,0.0,,
95,288,basic,185.555,152.865,188.569,158.436,1.454,1.38
95,289,basic,156.332,133.308,186.894,157.93,1.367,1.445
95,291,basic,379.651,258.281,393.245,260.605,2.356,2.488
95,292,basic,562.47,327.511,616.111,362.246,1.473,1.514
95,930,basic,399.481,340.738,401.903,341.735,2.35,2.365
95,935,basic,437.909,299.867,457.59,319.494,1.845,1.765
95,939,basic,222.895,110.817,230.655,114.003,1.742,1.776
95,949,basic,382.04,308.856,492.1,400.14,1.561,1.618
95,955,basic,46.774,44.436,53.497,50.822,2.76,2.568
95,971,basic,0.0,0.0,560.534,246.489,,1.127
95,971,gifted,516.278,474.576,0.0,0.0,,
95,972,basic,268.93,194.128,271.962,195.247,1.865,1.886
95,974,basic,85.326,74.755,88.851,78.607,1.2,1.157
95,977,basic,235.421,167.704,195.87,136.893,1.3,1.402
96,103,basic,273.883,241.949,274.703,242.591,1.612,1.613
96,104,basic,147.226,57.852,157.745,64.382,2.635,2.449
96,105,basic,463.614,224.364,319.351,150.872,2.296,2.426
96,105,gifted,182.986,167.658,0.0,0.0,,
96,106,basic,471.16,284.156,351.221,213.725,1.867,1.799
96,106,gifted,117.153,107.34,0.0,0.0,,
96,107,basic,493.984,249.161,494.449,249.36,2.484,2.485
96,109,basic,153.092,102.022,156.379,104.39,2.136,2.128
96,110,basic,395.852,209.138,404.386,213.537,2.085,2.088
96,113,basic,391.821,237.886,268.394,161.11,2.397,2.448
96,113,gifted,133.952,122.731,0.0,0.0,,
96,115,basic,151.399,89.687,173.856,102.85,1.741,1.749
96,117,basic,266.895,164.696,229.651,144.407,2.3,2.198
96,117,gifted,89.647,82.137,0.0,0.0,,
96,118,basic,268.996,142.842,334.318,177.567,2.143,2.142
96,130,basic,640.977,378.108,657.321,387.29,1.71,1.716
96,201,basic,83.561,55.77,91.003,61.064,1.021,1.0
96,202,basic,173.288,90.723,175.843,91.249,1.65,1.696
96,203,basic,260.901,178.562,260.991,178.479,1.335,1.339
96,204,basic,181.022,127.08,110.479,69.161,1.427,2.079
96,208,basic,209.145,169.27,240.865,194.844,1.252,1.315
96,209,basic,150.345,53.337,132.089,46.781,0.782,0.79
96,210,basic,192.12,81.474,190.328,80.905,1.391,1.376
96,211,basic,75.102,47.383,81.465,51.3,1.107,1.119
96,212,gifted,206.075,188.813,0.0,0.0,,
96,215,basic,125.3,73.068,126.633,73.248,0.908,0.94
96,218,basic,157.759,97.263,167.31,103.195,0.771,0.769
96,220,basic,93.868,74.734,96.243,76.158,1.465,1.498
96,221,basic,164.482,109.267,169.329,110.492,0.992,1.067
96,222,basic,152.993,89.117,160.013,91.44,2.034,2.144
96,225,basic,86.288,43.661,87.247,44.127,1.231,1.233
96,226,basic,258.436,161.273,265.622,166.795,1.336,1.317
96,229,basic,246.875,199.901,253.868,203.105,1.134,1.193
96,230,basic,110.13,74.214,78.921,53.197,1.041,1.037
96,233,basic,283.064,174.412,289.173,178.097,0.84,0.842
96,234,basic,75.601,60.503,87.691,68.837,1.209,1.314
96,235,basic,76.121,47.169,77.355,47.401,1.24,1.291
96,236,basic,52.266,45.885,53.146,46.636,1.039,1.041
96,239,basic,272.692,159.544,274.58,160.617,1.691,1.692
96,241,basic,384.105,131.994,375.331,127.904,1.894,1.94
96,242,basic,161.803,110.379,167.807,114.577,1.238,1.234
96,243,basic,212.229,112.447,228.942,121.379,0.988,0.985
96,244,basic,36.311,33.718,36.582,34.301,1.151,1.073
96,245,basic,318.559,268.894,322.696,272.231,1.234,1.239
96,246,basic,226.34,118.628,241.12,126.17,1.137,1.144
96,247,basic,365.992,124.95,357.006,122.554,1.583,1.553
96,248,basic,146.654,93.435,148.798,95.023,0.887,0.875
96,249,basic,32.129,24.207,32.561,24.504,0.884,0.89
96,250,basic,88.368,65.304,93.14,68.778,0.971,0.975
96,251,basic,126.082,59.874,130.919,61.923,1.408,1.43
96,252,basic,237.757,164.134,244.089,168.007,1.443,1.459
96,255,basic,88.879,58.867,90.424,60.078,0.849,0.833
96,257,basic,119.869,101.129,116.809,98.548,1.078,1.078
96,259,basic,158.47,115.785,162.531,119.287,1.308,1.282
96,261,basic,171.93,155.732,176.878,160.267,1.06,1.056
96,262,basic,192.861,145.816,147.943,111.16,1.076,1.109
96,264,basic,79.767,36.092,81.225,36.755,0.917,0.917
96,266,basic,107.389,84.23,104.473,82.215,0.893,0.874
96,267,basic,127.424,109.952,129.914,112.086,1.028,1.029
96,268,basic,110.836,105.295,110.818,105.277,1.073,1.069
96,269,basic,105.608,98.653,96.724,90.391,1.032,1.001
96,270,basic,156.335,106.852,158.102,107.94,1.475,1.48
96,272,basic,40.82,38.414,40.267,38.041,1.044,0.989
96,275,basic,94.496,88.237,95.44,89.074,1.178,1.181
96,276,basic,148.412,71.943,92.716,44.904,1.135,1.138
96,277,basic,129.286,84.093,52.039,33.516,1.024,1.076
96,279,basic,105.169,46.436,77.831,34.082,1.013,1.055
96,281,basic,66.148,44.548,70.693,47.544,0.81,0.817
96,282,basic,74.901,56.231,75.107,56.982,0.886,0.83
96,286,basic,177.789,105.149,183.524,106.369,1.994,2.107
96,287,basic,0.0,0.0,452.78,202.071,,0.955
96,287,gifted,190.0,174.084,0.0,0.0,,
96,288,basic,186.759,158.629,189.552,163.853,1.415,1.343
96,289,basic,156.905,136.126,186.154,160.791,1.396,1.444
96,291,basic,373.555,253.952,386.834,257.177,2.303,2.421
96,292,basic,563.55,325.182,619.437,357.966,1.528,1.586
96,930,basic,398.703,354.075,401.134,355.08,2.346,2.364
96,935,basic,437.632,303.81,457.146,323.234,1.868,1.78
96,939,basic,222.381,108.471,230.077,111.61,1.739,1.773
96,949,basic,388.932,320.91,502.864,415.701,1.605,1.664
96,955,basic,46.566,44.238,53.314,50.649,2.813,2.627
96,971,basic,0.0,0.0,561.524,252.166,,1.132
96,971,gifted,515.958,472.737,0.0,0.0,,
96,972,basic,259.729,189.464,262.806,190.611,1.883,1.908
96,974,basic,86.864,78.585,90.555,82.604,1.211,1.165
96,977,basic,239.065,178.168,199.116,145.675,1.325,1.433
97,103,basic,271.781,246.654,272.557,247.266,1.671,1.673
97,104,basic,141.686,57.894,151.581,64.333,2.487,2.304
97,105,basic,447.647,216.682,316.261,149.84,2.33,2.45
97,105,gifted,175.726,161.997,0.0,0.0,,
97,106,basic,459.555,289.875,339.541,217.128,1.81,1.718
97,106,gifted,116.238,107.156,0.0,0.0,,
97,107,basic,498.295,253.93,498.653,254.091,2.511,2.511
97,109,basic,149.858,104.791,152.1,106.628,2.149,2.136
97,110,basic,386.76,215.667,395.883,220.564,2.123,2.128
97,113,basic,385.676,241.819,260.866,162.132,2.385,2.422
97,113,gifted,133.533,123.101,0.0,0.0,,
97,115,basic,153.711,92.489,175.761,105.69,1.719,1.722
97,117,basic,251.456,164.762,215.84,143.978,2.309,2.21
97,117,gifted,89.234,82.262,0.0,0.0,,
97,118,basic,276.08,147.407,352.656,187.278,2.225,2.256
97,130,basic,663.739,414.993,680.4,424.869,1.728,1.734
97,201,basic,83.794,53.235,91.876,58.698,1.112,1.09
97,202,basic,171.449,85.896,174.097,86.417,1.712,1.761
97,203,basic,256.584,171.881,256.656,171.794,1.319,1.323
97,204,basic,188.214,128.94,112.611,68.718,1.447,2.116
97,208,basic,208.291,172.578,240.056,199.068,1.265,1.338
97,209,basic,152.572,51.998,133.392,45.429,0.771,0.774
97,210,basic,192.805,81.169,190.907,80.66,1.368,1.347
97,211,basic,73.978,44.952,79.88,48.453,1.099,1.111
97,212,gifted,206.117,190.014,0.0,0.0,,
97,215,basic,116.992,68.724,118.231,68.947,0.95,0.979
97,218,basic,159.687,95.548,170.145,101.842,0.76,0.758
97,220,basic,90.093,72.197,92.286,73.561,1.451,1.481
97,221,basic,164.132,112.676,169.046,113.944,1.005,1.083
97,222,basic,147.345,79.576,154.36,81.954,2.312,2.421
97,225,basic,74.043,36.447,74.848,36.83,1.19,1.192
97,226,basic,262.136,170.064,269.177,175.728,1.367,1.347
97,229,basic,255.838,204.277,263.133,207.447,1.155,1.219
97,230,basic,114.955,73.543,82.415,52.648,1.097,1.102
97,233,basic,280.085,169.512,286.099,173.091,0.819,0.821
97,234,basic,78.846,62.27,91.182,70.684,1.197,1.3
97,235,basic,77.861,48.981,79.107,49.217,1.208,1.259
97,236,basic,51.387,45.616,52.312,46.412,1.075,1.078
97,239,basic,279.141,157.103,281.068,158.164,1.732,1.733
97,241,basic,385.629,126.461,376.947,122.388,1.947,2.004
97,242,basic,157.644,105.781,163.757,109.979,1.247,1.243
97,243,basic,219.733,112.147,237.143,121.115,0.993,0.99
97,244,basic,40.341,37.509,40.508,37.997,1.151,1.077
97,245,basic,318.601,277.331,322.705,280.756,1.239,1.245
97,246,basic,230.628,115.03,246.712,122.699,1.201,1.215
97,247,basic,373.564,121.301,363.707,118.714,1.634,1.604
97,248,basic,144.74,88.691,146.793,90.146,0.885,0.874
97,249,basic,29.811,22.409,30.181,22.671,0.905,0.908
97,250,basic,81.98,58.396,86.496,61.581,0.967,0.971
97,251,basic,132.621,63.797,137.561,65.938,1.393,1.413
97,252,basic,242.312,166.968,248.714,170.878,1.478,1.494
97,255,basic,87.406,55.573,88.922,56.721,0.851,0.834
97,257,basic,119.713,101.858,117.087,99.594,1.074,1.076
97,259,basic,158.34,111.931,162.168,115.137,1.285,1.259
97,261,basic,164.965,150.494,169.29,154.562,1.032,1.025
97,262,basic,190.639,143.085,147.009,109.572,1.076,1.114
97,264,basic,78.416,36.031,79.834,36.686,0.927,0.927
97,266,basic,105.734,84.069,102.726,81.995,0.907,0.885
97,267,basic,124.901,110.172,127.338,112.311,1.034,1.035
97,268,basic,108.567,103.138,108.372,102.954,1.068,1.064
97,269,basic,107.402,100.482,98.106,91.807,1.086,1.054
97,270,basic,170.672,110.015,172.58,111.089,1.573,1.58
97,272,basic,41.276,38.826,40.775,38.506,1.028,0.974
97,275,basic,92.789,86.935,93.73,87.776,1.184,1.187
97,276,basic,153.877,74.742,96.359,46.769,1.119,1.121
97,277,basic,125.045,78.309,50.001,31.011,1.004,1.055
97,279,basic,101.311,43.316,74.129,31.489,0.992,1.026
97,281,basic,65.656,42.231,70.636,45.31,0.824,0.839
97,282,basic,75.351,53.856,75.147,54.291,0.909,0.851
97,286,basic,172.296,108.237,177.994,109.505,1.888,2.002
97,287,basic,0.0,0.0,443.333,189.565,,0.946
97,287,gifted,190.0,175.156,0.0,0.0,,
97,288,basic,188.141,159.465,191.012,164.941,1.421,1.343
97,289,basic,162.091,137.909,193.764,163.27,1.43,1.516
97,291,basic,376.662,262.63,390.078,265.654,2.362,2.491
97,292,basic,565.286,325.156,620.294,358.715,1.506,1.564
97,930,basic,399.533,350.488,401.959,351.5,2.379,2.396
97,935,basic,437.43,302.615,457.073,322.107,1.878,1.793
97,939,basic,222.337,109.287,229.84,112.433,1.761,1.792
97,949,basic,383.688,312.515,495.455,405.981,1.586,1.64
97,955,basic,48.25,45.837,54.798,52.058,2.795,2.597
97,971,basic,0.0,0.0,560.231,241.792,,1.139
97,971,gifted,516.139,475.814,0.0,0.0,,
97,972,basic,264.559,193.596,267.709,194.796,1.891,1.916
97,974,basic,87.437,77.924,91.325,82.102,1.202,1.158
97,977,basic,232.348,167.813,194.189,137.833,1.311,1.413
98,103,basic,273.445,237.364,274.402,238.005,1.64,1.644
98,104,basic,129.702,61.213,143.975,69.24,2.362,2.254
98,105,basic,441.347,234.425,303.295,157.828,2.291,2.438
98,105,gifted,180.928,165.844,0.0,0.0,,
98,106,basic,455.35,292.243,338.564,219.099,1.815,1.741
98,106,gifted,115.717,106.07,0.0,0.0,,
98,107,basic,519.24,282.247,519.653,282.432,2.54,2.541
98,109,basic,147.6,102.841,150.357,104.959,2.074,2.061
98,110,basic,392.464,228.254,401.502,233.355,2.13,2.135
98,113,basic,400.445,257.986,269.23,173.002,2.33,2.339
98,113,gifted,137.295,125.848,0.0,0.0,,
98,115,basic,158.881,98.421,181.678,112.499,1.745,1.748
98,117,basic,261.202,170.036,224.26,148.159,2.352,2.246
98,117,gifted,89.756,82.273,0.0,0.0,,
98,118,basic,259.348,149.598,324.24,186.779,2.086,2.096
98,130,basic,641.161,406.894,657.327,416.729,1.703,1.71
98,201,basic,81.424,51.814,88.531,56.674,1.14,1.105
98,202,basic,167.737,89.471,170.257,90.192,1.696,1.744
98,203,basic,276.986,181.832,277.111,181.8,1.393,1.397
98,204,basic,173.34,116.34,105.12,64.727,1.465,2.108
98,208,basic,204.496,159.787,235.771,184.92,1.281,1.349
98,209,basic,147.2,58.66,129.81,51.684,0.765,0.771
98,210,basic,192.735,88.719,190.928,88.057,1.448,1.432
98,211,basic,72.481,44.569,78.786,48.394,1.126,1.136
98,212,gifted,205.864,188.702,0.0,0.0,,
98,215,basic,122.288,72.776,123.405,73.065,0.91,0.937
98,218,basic,155.736,94.924,165.36,100.838,0.761,0.758
98,220,basic,94.431,70.445,96.847,71.859,1.535,1.574
98,221,basic,163.786,108.968,168.469,110.471,1.027,1.11
98,222,basic,146.773,83.178,153.89,85.804,2.238,2.367
98,225,basic,83.393,43.372,84.303,43.833,1.267,1.269
98,226,basic,258.356,164.161,265.357,169.616,1.387,1.358
98,229,basic,251.007,189.221,257.809,192.615,1.164,1.224
98,230,basic,106.195,68.72,76.11,49.242,1.054,1.052
98,233,basic,278.299,170.395,284.243,173.99,0.828,0.83
98,234,basic,75.109,56.076,86.515,63.686,1.212,1.315
98,235,basic,76.708,48.125,77.78,48.429,1.201,1.248
98,236,basic,50.369,42.111,51.185,42.782,1.081,1.083
98,239,basic,274.695,159.434,276.644,160.536,1.735,1.737
98,241,basic,384.885,148.827,375.449,144.492,1.938,1.972
98,242,basic,160.81,106.25,166.584,110.119,1.239,1.236
98,243,basic,219.409,119.039,236.72,128.517,0.976,0.972
98,244,basic,35.389,32.779,35.571,33.24,1.116,1.042
98,245,basic,321.457,256.613,325.684,260.003,1.257,1.259
98,246,basic,230.637,122.841,245.657,130.626,1.181,1.192
98,247,basic,370.452,141.967,360.181,138.677,1.648,1.614
98,248,basic,147.362,91.286,149.529,92.788,0.893,0.881
98,249,basic,29.18,20.903,29.592,21.182,0.902,0.907
98,250,basic,83.884,58.412,88.11,61.343,0.971,0.973
98,251,basic,132.069,67.294,136.92,69.558,1.435,1.457
98,252,basic,229.448,154.606,235.648,158.444,1.501,1.516
98,255,basic,87.944,56.249,89.557,57.414,0.847,0.831
98,257,basic,118.577,93.854,115.652,91.548,1.075,1.075
98,259,basic,169.012,116.838,173.62,120.4,1.299,1.276
98,261,basic,182.098,154.962,187.568,159.671,1.092,1.088
98,262,basic,188.817,135.787,144.702,103.623,1.077,1.107
98,264,basic,79.307,39.007,80.758,39.723,0.937,0.937
98,266,basic,103.78,77.493,100.613,75.349,0.929,0.906
98,267,basic,124.542,100.031,126.926,101.94,1.034,1.035
98,268,basic,106.881,101.537,106.49,101.166,1.064,1.059
98,269,basic,101.859,93.193,92.928,85.272,1.033,1.002
98,270,basic,168.436,109.228,170.301,110.329,1.555,1.561
98,272,basic,41.696,39.015,41.198,38.734,1.052,1.001
98,275,basic,93.583,85.944,94.495,86.742,1.157,1.16
98,276,basic,153.268,79.051,95.543,49.245,1.132,1.135
98,277,basic,124.511,78.764,50.244,31.533,1.009,1.064
98,279,basic,104.716,49.365,76.892,36.028,1.014,1.056
98,281,basic,71.525,46.071,76.881,49.446,0.834,0.845
98,282,basic,74.898,52.342,74.489,52.492,0.922,0.863
98,286,basic,177.548,106.89,183.242,108.507,2.105,2.227
98,287,basic,0.0,0.0,448.16,212.234,,0.962
98,287,gifted,190.0,174.16,0.0,0.0,,
98,288,basic,185.417,147.993,188.249,152.557,1.445,1.361
98,289,basic,155.635,127.863,185.014,151.613,1.391,1.444
98,291,basic,368.606,254.228,381.663,257.949,2.303,2.441
98,292,basic,561.977,333.308,617.839,368.33,1.531,1.592
98,930,basic,399.099,339.9,401.525,341.044,2.334,2.351
98,935,basic,437.395,299.837,457.043,318.064,1.901,1.814
98,939,basic,221.013,115.702,228.503,119.18,1.761,1.793
98,949,basic,380.634,299.443,490.598,388.244,1.592,1.642
98,955,basic,46.626,44.294,52.551,49.924,2.806,2.609
98,971,basic,0.0,0.0,563.459,268.818,,1.131
98,971,gifted,515.589,472.604,0.0,0.0,,
98,972,basic,260.492,186.711,263.318,187.909,1.898,1.923
98,974,basic,86.308,72.27,89.793,75.824,1.228,1.174
98,977,basic,237.207,165.894,197.67,136.411,1.342,1.444
99,103,basic,262.887,234.817,263.803,235.437,1.668,1.672
99,104,basic,126.076,51.193,139.763,57.829,2.227,2.146
99,105,basic,444.601,208.056,308.077,140.823,2.325,2.453
99,105,gifted,179.356,164.783,0.0,0.0,,
99,106,basic,459.389,280.819,341.013,211.594,1.736,1.643
99,106,gifted,116.888,107.39,0.0,0.0,,
99,107,basic,500.258,248.695,500.665,248.862,2.475,2.476
99,109,basic,149.833,101.427,151.719,103.064,2.082,2.065
99,110,basic,400.871,199.915,410.782,204.542,2.163,2.172
99,113,basic,389.928,241.59,261.096,161.189,2.297,2.308
99,113,gifted,133.667,122.806,0.0,0.0,,
99,115,basic,143.212,83.981,163.453,95.819,1.731,1.733
99,117,basic,256.98,156.239,223.075,137.276,2.334,2.267
99,117,gifted,89.93,82.623,0.0,0.0,,
99,118,basic,270.196,141.488,341.104,177.841,2.107,2.131
99,130,basic,661.855,378.071,678.508,386.97,1.725,1.733
99,201,basic,82.646,54.635,90.642,60.347,1.135,1.108
99,202,basic,167.052,86.975,169.699,87.519,1.662,1.711
99,203,basic,258.714,181.861,258.793,181.769,1.311,1.315
99,204,basic,177.103,128.298,109.44,70.13,1.428,2.119
99,208,basic,203.311,167.633,235.383,193.588,1.255,1.324
99,209,basic,143.393,46.912,126.626,41.374,0.78,0.786
99,210,basic,191.044,76.859,189.16,76.327,1.386,1.368
99,211,basic,80.541,51.377,87.205,55.522,1.103,1.115
99,212,gifted,205.915,189.184,0.0,0.0,,
99,215,basic,122.359,70.807,123.473,71.071,0.887,0.908
99,218,basic,157.18,96.339,167.449,102.684,0.774,0.771
99,220,basic,86.136,72.142,88.266,73.495,1.36,1.392
99,221,basic,167.098,110.822,171.762,112.082,0.959,1.026
99,222,basic,143.566,83.683,150.848,86.122,2.158,2.28
99,225,basic,93.991,46.408,95.031,46.907,1.261,1.263
99,226,basic,249.641,157.154,256.629,162.349,1.229,1.215
99,229,basic,247.081,207.173,254.007,210.1,1.15,1.216
99,230,basic,107.103,73.659,77.996,53.629,1.031,1.028
99,233,basic,284.141,174.208,290.138,177.843,0.838,0.839
99,234,basic,77.408,64.468,89.445,73.102,1.225,1.328
99,235,basic,83.676,51.777,85.003,52.007,1.246,1.296
99,236,basic,46.327,40.968,47.107,41.638,1.055,1.057
99,239,basic,283.856,167.443,285.855,168.59,1.716,1.717
99,241,basic,386.02,124.647,377.236,120.548,1.906,1.963
99,242,basic,153.823,107.535,159.047,111.267,1.224,1.22
99,243,basic,220.664,114.391,238.257,123.601,0.985,0.982
99,244,basic,35.956,33.6,36.247,34.102,1.126,1.054
99,245,basic,317.567,275.921,321.622,279.389,1.241,1.244
99,246,basic,217.332,110.744,232.769,118.239,1.2,1.215
99,247,basic,365.275,116.181,355.556,113.611,1.598,1.572
99,248,basic,148.454,95.318,150.692,96.958,0.896,0.885
99,249,basic,29.063,22.512,29.409,22.772,0.873,0.874
99,250,basic,88.051,67.132,92.388,70.417,0.956,0.958
99,251,basic,132.409,60.662,137.223,62.647,1.371,1.39
99,252,basic,231.644,162.486,237.768,166.345,1.417,1.431
99,255,basic,88.391,59.318,90.088,60.63,0.846,0.832
99,257,basic,117.763,102.654,115.114,100.344,1.054,1.054
99,259,basic,169.586,127.184,175.57,131.936,1.364,1.352
99,261,basic,172.0,157.993,177.013,162.593,1.074,1.07
99,262,basic,193.984,150.539,148.965,114.894,1.077,1.109
99,264,basic,78.171,33.338,79.613,33.955,0.906,0.906
99,266,basic,109.67,87.189,106.635,85.075,0.908,0.887
99,267,basic,121.059,108.949,123.432,111.076,1.013,1.014
99,268,basic,109.313,103.847,109.198,103.738,1.082,1.079
99,269,basic,104.098,98.011,95.188,89.632,1.025,0.99
99,270,basic,149.488,104.758,151.282,105.887,1.512,1.518
99,272,basic,39.27,37.02,38.741,36.613,1.084,1.027
99,275,basic,95.884,90.402,96.793,91.222,1.163,1.166
99,276,basic,148.769,68.816,92.511,42.753,1.155,1.158
99,277,basic,127.574,84.081,51.13,33.369,1.01,1.061
99,279,basic,107.383,45.38,79.026,33.158,0.994,1.03
99,281,basic,61.936,42.212,66.512,45.216,0.823,0.836
99,282,basic,75.885,58.749,76.055,59.475,0.888,0.836
99,286,basic,176.687,109.265,182.289,110.461,1.797,1.904
99,287,basic,0.0,0.0,453.262,192.796,,0.96
99,287,gifted,190.0,174.562,0.0,0.0,,
99,288,basic,189.116,165.345,192.535,170.984,1.443,1.379
99,289,basic,154.705,139.973,184.598,165.673,1.363,1.433
99,291,basic,374.201,259.252,387.434,261.493,2.308,2.443
99,292,basic,564.625,325.838,621.098,358.632,1.485,1.542
99,930,basic,399.479,365.858,401.897,367.173,2.381,2.396
99,935,basic,437.177,313.717,456.899,333.32,1.808,1.732
99,939,basic,218.82,103.553,226.139,106.494,1.74,1.77
99,949,basic,384.403,334.184,494.29,429.769,1.519,1.577
99,955,basic,46.932,44.586,53.642,50.96,2.708,2.511
99,971,basic,0.0,0.0,561.109,241.726,,1.134
99,971,gifted,516.087,474.153,0.0,0.0,,
99,972,basic,256.274,192.204,259.165,193.403,1.863,1.885
99,974,basic,86.336,79.229,89.573,82.893,1.273,1.217
99,977,basic,239.518,186.036,198.518,151.504,1.322,1.424
100,103,basic,271.45,233.31,272.297,233.931,1.668,1.67
100,104,basic,132.472,53.854,142.68,59.883,2.546,2.366
100,105,basic,463.403,224.397,319.007,151.164,2.346,2.49
100,105,gifted,183.003,168.1,0.0,0.0,,
100,106,basic,451.806,269.515,333.203,200.406,1.858,1.786
100,106,gifted,115.209,105.827,0.0,0.0,,
100,107,basic,517.046,261.623,517.482,261.812,2.528,2.529
100,109,basic,150.369,99.135,153.277,101.276,2.128,2.114
100,110,basic,398.827,207.265,407.969,211.876,2.116,2.121
100,113,basic,382.904,233.402,260.983,157.912,2.368,2.405
100,113,gifted,132.484,121.696,0.0,0.0,,
100,115,basic,146.871,85.885,168.615,98.485,1.735,1.743
100,117,basic,249.174,151.7,213.661,132.231,2.327,2.218
100,117,gifted,88.805,81.573,0.0,0.0,,
100,118,basic,267.383,142.214,333.652,177.285,2.12,2.127
100,130,basic,665.089,383.221,681.767,392.389,1.716,1.723
100,201,basic,76.145,51.229,82.47,55.798,0.999,0.969
100,202,basic,169.983,91.095,172.571,91.766,1.692,1.741
100,203,basic,276.089,189.791,276.215,189.74,1.375,1.38
100,204,basic,179.175,126.891,110.194,70.925,1.463,2.126
100,208,basic,206.161,164.025,238.406,189.357,1.264,1.329
100,209,basic,146.519,52.677,129.322,46.417,0.779,0.789
100,210,basic,192.725,83.316,190.926,82.697,1.399,1.384
100,211,basic,79.566,50.516,86.33,54.713,1.118,1.132
100,212,gifted,206.251,189.455,0.0,0.0,,
100,215,basic,122.582,70.263,124.151,70.418,0.985,1.036
100,218,basic,155.875,95.85,165.19,101.616,0.769,0.767
100,220,basic,90.574,72.561,92.808,73.971,1.489,1.523
100,221,basic,162.44,106.066,167.213,107.443,1.049,1.134
100,222,basic,151.98,89.203,159.003,91.895,2.237,2.353
100,225,basic,86.47,44.193,87.487,44.692,1.282,1.285
100,226,basic,268.063,164.379,275.113,169.995,1.468,1.432
100,229,basic,256.104,206.472,263.244,210.122,1.147,1.209
100,230,basic,112.966,76.113,81.037,54.599,1.082,1.079
100,233,basic,277.471,170.78,283.432,174.396,0.832,0.834
100,234,basic,77.716,62.194,90.338,71.029,1.224,1.343
100,235,basic,76.648,47.733,77.832,48.021,1.247,1.3
100,236,basic,47.395,41.423,48.191,42.101,1.061,1.063
100,239,basic,269.788,161.39,271.672,162.486,1.715,1.717
100,241,basic,383.169,137.136,374.522,133.003,1.927,1.98
100,242,basic,157.517,107.9,163.315,111.938,1.252,1.249
100,243,basic,223.14,119.06,240.584,128.433,0.992,0.989
100,244,basic,40.326,37.594,40.531,38.107,1.174,1.083
100,245,basic,320.195,267.698,324.429,271.136,1.252,1.256
100,246,basic,232.148,122.766,248.147,131.025,1.172,1.181
100,247,basic,373.333,132.069,364.375,129.471,1.597,1.567
100,248,basic,146.726,93.632,148.857,95.178,0.89,0.877
100,249,basic,29.114,21.606,29.515,21.868,0.928,0.937
100,250,basic,87.723,64.572,92.903,68.331,0.995,1.001
100,251,basic,130.316,62.852,135.227,65.012,1.408,1.429
100,252,basic,242.591,168.213,248.979,172.241,1.467,1.482
100,255,basic,83.73,55.436,84.927,56.384,0.852,0.834
100,257,basic,121.769,101.808,118.698,99.243,1.078,1.079
100,259,basic,147.056,108.919,150.0,111.631,1.287,1.254
100,261,basic,172.954,157.183,177.985,161.811,1.055,1.05
100,262,basic,187.961,141.565,144.482,108.232,1.081,1.116
100,264,basic,81.727,36.722,83.245,37.406,0.967,0.966
100,266,basic,109.343,84.207,106.351,82.135,0.923,0.903
100,267,basic,123.603,105.235,126.034,107.295,1.037,1.038
100,268,basic,109.233,103.772,109.112,103.657,1.083,1.08
100,269,basic,106.033,99.33,97.04,90.932,1.032,0.998
100,270,basic,156.955,108.895,158.742,110.033,1.505,1.511
100,272,basic,40.984,38.621,40.54,38.32,1.059,0.999
100,275,basic,92.337,86.636,93.241,87.445,1.139,1.142
100,276,basic,149.258,73.174,93.373,45.725,1.104,1.11
100,277,basic,128.557,84.082,51.381,33.33,1.018,1.071
100,279,basic,105.315,47.108,77.468,34.415,1.014,1.057
100,281,basic,69.326,46.662,74.009,49.764,0.806,0.813
100,282,basic,76.387,57.28,76.803,58.096,0.886,0.829
100,286,basic,183.584,108.374,189.398,109.913,2.183,2.303
100,287,basic,0.0,0.0,454.21,205.011,,0.96
100,287,gifted,190.0,174.528,0.0,0.0,,
100,288,basic,191.978,165.0,194.773,170.019,1.395,1.316
100,289,basic,158.754,136.666,188.781,161.728,1.37,1.422
100,291,basic,375.144,253.786,388.57,257.256,2.433,2.571
100,292,basic,564.344,326.654,619.456,358.168,1.537,1.6
100,930,basic,398.946,360.04,401.377,361.168,2.4,2.421
100,935,basic,438.097,305.912,457.716,324.6,1.894,1.801
100,939,basic,220.93,109.351,228.438,112.539,1.743,1.777
100,949,basic,379.414,314.863,492.183,407.931,1.596,1.661
100,955,basic,45.057,42.804,51.753,49.165,2.774,2.594
100,971,basic,0.0,0.0,561.677,256.338,,1.134
100,971,gifted,516.37,474.32,0.0,0.0,,
100,972,basic,260.114,189.491,263.188,190.769,1.919,1.946
100,974,basic,87.803,80.034,91.661,84.135,1.219,1.172
100,977,basic,239.448,180.112,198.225,146.926,1.331,1.435
101,103,basic,256.334,222.533,257.44,223.119,1.646,1.653
101,104,basic,130.098,58.162,148.716,66.79,2.073,2.062
101,105,basic,453.754,214.382,312.434,143.545,2.293,2.426
101,105,gifted,182.546,167.523,0.0,0.0,,
101,106,basic,442.474,279.04,330.242,211.953,1.688,1.594
101,106,gifted,114.529,105.104,0.0,0.0,,
101,107,basic,537.579,263.37,538.03,263.525,2.517,2.518
101,109,basic,143.233,98.453,145.505,100.251,2.019,2.009
101,110,basic,387.378,217.003,396.789,221.971,2.068,2.074
101,113,basic,387.876,234.837,257.885,156.009,2.277,2.277
101,113,gifted,135.439,124.292,0.0,0.0,,
101,115,basic,143.58,84.238,164.232,96.275,1.717,1.721
101,117,basic,253.163,159.007,218.115,139.284,2.332,2.251
101,117,gifted,89.721,82.338,0.0,0.0,,
101,118,basic,262.91,140.185,329.741,175.365,2.089,2.102
101,130,basic,662.452,419.329,679.035,429.191,1.68,1.687
101,201,basic,80.881,53.832,87.927,58.825,0.993,0.977
101,202,basic,171.259,90.741,173.723,91.203,1.576,1.616
101,203,basic,245.721,166.515,245.838,166.46,1.3,1.304
101,204,basic,177.628,122.439,110.176,66.713,1.412,2.055
101,208,basic,204.56,168.769,236.228,193.816,1.225,1.295
101,209,basic,149.243,58.941,130.823,51.611,0.777,0.781
101,210,basic,194.713,88.862,192.969,88.34,1.428,1.412
101,211,basic,73.296,45.996,77.932,48.869,1.087,1.092
101,212,gifted,205.495,188.583,0.0,0.0,,
101,215,basic,118.011,77.177,119.153,77.439,0.872,0.894
101,218,basic,155.399,98.456,165.244,104.736,0.763,0.762
101,220,basic,88.103,70.813,90.272,72.09,1.356,1.385
101,221,basic,158.414,117.765,162.84,119.046,0.935,0.995
101,222,basic,136.579,80.072,143.35,82.095,1.839,1.95
101,225,basic,84.046,44.132,84.935,44.58,1.174,1.176
101,226,basic,263.178,185.778,270.217,191.733,1.244,1.232
101,229,basic,246.424,197.57,253.379,200.546,1.132,1.187
101,230,basic,114.117,75.578,82.801,54.767,1.014,1.016
101,233,basic,278.882,178.898,284.865,182.659,0.831,0.833
101,234,basic,74.264,58.863,84.8,66.026,1.158,1.242
101,235,basic,83.021,55.18,84.288,55.401,1.195,1.238
101,236,basic,47.354,41.847,48.096,42.484,1.059,1.06
101,239,basic,272.666,155.924,274.614,156.988,1.704,1.706
101,241,basic,385.7,139.745,376.784,135.305,1.867,1.91
101,242,basic,155.382,107.434,161.178,111.557,1.221,1.218
101,243,basic,212.511,115.818,229.154,124.998,0.997,0.993
101,244,basic,36.213,33.525,36.622,34.217,1.072,1.018
101,245,basic,322.64,283.051,326.99,286.624,1.23,1.237
101,246,basic,235.355,124.827,251.951,133.099,1.181,1.197
101,247,basic,364.746,132.291,355.779,129.758,1.589,1.562
101,248,basic,143.095,91.666,145.159,93.207,0.883,0.872
101,249,basic,28.66,22.554,28.966,22.79,0.873,0.873
101,250,basic,87.195,62.785,91.999,66.216,0.967,0.969
101,251,basic,136.116,70.893,140.994,73.133,1.404,1.424
101,252,basic,239.439,167.162,245.795,171.07,1.449,1.463
101,255,basic,86.041,56.905,87.535,58.091,0.834,0.819
101,257,basic,122.951,104.735,120.073,102.301,1.07,1.07
101,259,basic,154.296,108.48,157.654,111.49,1.271,1.242
101,261,basic,186.419,166.165,192.456,171.521,1.106,1.104
101,262,basic,191.876,146.889,147.459,112.012,1.067,1.103
101,264,basic,78.497,40.987,79.913,41.731,0.942,0.942
101,266,basic,104.929,86.487,101.889,84.323,0.889,0.867
101,267,basic,112.661,101.484,114.821,103.423,1.015,1.016
101,268,basic,108.15,102.743,108.211,102.801,1.058,1.053
101,269,basic,103.075,95.734,93.923,87.262,1.053,1.023
101,270,basic,146.515,95.673,148.278,96.698,1.442,1.447
101,272,basic,42.484,39.619,42.051,39.455,1.059,1.01
101,275,basic,95.338,88.529,96.265,89.339,1.147,1.15
101,276,basic,147.45,78.496,92.692,49.279,1.131,1.136
101,277,basic,125.128,80.428,50.102,31.903,1.008,1.05
101,279,basic,107.747,50.819,78.602,36.784,0.992,1.025
101,281,basic,65.789,43.942,70.502,47.005,0.809,0.817
101,282,basic,79.798,57.768,79.997,58.612,0.884,0.829
101,286,basic,180.843,119.309,186.468,120.402,1.764,1.863
101,287,basic,0.0,0.0,439.797,206.952,,0.933
101,287,gifted,190.0,174.363,0.0,0.0,,
101,288,basic,183.186,155.357,186.374,160.121,1.308,1.263
101,289,basic,156.738,126.428,186.499,149.222,1.329,1.385
101,291,basic,370.795,257.373,384.393,258.874,2.144,2.28
101,292,basic,563.52,330.304,617.153,362.225,1.463,1.505
101,930,basic,399.294,329.134,401.71,330.343,2.267,2.277
101,935,basic,437.53,295.062,457.388,313.865,1.77,1.697
101,939,basic,220.959,114.374,228.483,117.545,1.706,1.738
101,949,basic,373.412,292.924,481.988,377.393,1.49,1.547
101,955,basic,44.966,42.718,51.021,48.47,2.743,2.545
101,971,basic,0.0,0.0,560.198,264.152,,1.124
101,971,gifted,515.741,473.297,0.0,0.0,,
101,972,basic,259.488,184.01,262.22,185.105,1.813,1.83
101,974,basic,86.896,75.251,90.019,78.927,1.183,1.13
101,977,basic,227.839,163.937,192.619,135.619,1.285,1.396
102,103,basic,262.902,228.336,263.687,228.92,1.617,1.619
102,104,basic,134.446,61.848,144.848,68.741,2.346,2.205
102,105,basic,438.813,233.947,305.69,158.976,2.261,2.394
102,105,gifted,179.595,164.908,0.0,0.0,,
102,106,basic,458.951,296.825,337.536,221.652,1.768,1.671
102,106,gifted,116.849,107.293,0.0,0.0,,
102,107,basic,504.381,275.04,504.666,275.176,2.451,2.452
102,109,basic,158.878,106.989,161.157,108.893,2.137,2.12
102,110,basic,402.873,217.71,412.728,222.759,2.196,2.202
102,113,basic,384.073,243.697,259.253,163.127,2.357,2.392
102,113,gifted,134.431,123.437,0.0,0.0,,
102,115,basic,147.192,93.878,168.495,107.39,1.732,1.736
102,117,basic,249.737,154.695,214.902,135.251,2.346,2.26
102,117,gifted,90.063,82.698,0.0,0.0,,
102,118,basic,255.381,146.494,321.98,184.021,2.108,2.128
102,130,basic,662.867,404.943,679.488,414.463,1.698,1.706
102,201,basic,77.502,52.149,84.026,56.913,1.012,0.986
102,202,basic,165.821,88.663,168.536,89.202,1.659,1.71
102,203,basic,266.074,179.241,266.175,179.14,1.364,1.368
102,204,basic,183.432,125.481,111.212,67.464,1.455,2.125
102,208,basic,208.042,162.359,239.596,187.298,1.269,1.343
102,209,basic,139.792,55.836,122.998,49.077,0.773,0.777
102,210,basic,193.281,86.121,191.427,85.584,1.39,1.37
102,211,basic,76.524,48.894,84.235,53.718,1.146,1.159
102,212,gifted,205.776,188.948,0.0,0.0,,
102,215,basic,118.535,67.973,119.988,68.139,0.949,0.987
102,218,basic,159.911,101.44,169.994,107.889,0.767,0.765
102,220,basic,88.313,67.925,90.365,69.134,1.358,1.385
102,221,basic,160.633,103.897,164.949,105.132,0.913,0.972
102,222,basic,150.422,82.218,157.712,84.597,2.287,2.4
102,225,basic,92.14,48.525,93.201,49.062,1.258,1.261
102,226,basic,266.947,158.211,273.926,163.422,1.337,1.316
102,229,basic,254.064,196.649,261.472,199.649,1.163,1.228
102,230,basic,113.548,77.477,81.932,55.844,1.049,1.051
102,233,basic,280.808,176.087,286.799,179.798,0.841,0.842
102,234,basic,77.743,59.539,90.839,68.141,1.246,1.358
102,235,basic,86.889,52.232,88.323,52.429,1.282,1.338
102,236,basic,49.281,40.062,50.191,40.775,1.061,1.063
102,239,basic,275.477,162.679,277.391,163.784,1.681,1.682
102,241,basic,384.769,142.49,375.9,137.788,1.95,2.006
102,242,basic,158.322,106.624,164.225,110.685,1.23,1.227
102,243,basic,214.59,119.352,231.797,129.0,0.984,0.982
102,244,basic,38.009,35.063,38.164,35.559,1.12,1.056
102,245,basic,318.066,248.429,322.026,251.454,1.209,1.212
102,246,basic,241.179,131.389,257.371,139.986,1.164,1.171
102,247,basic,374.382,139.739,364.441,136.775,1.626,1.596
102,248,basic,144.341,94.257,146.299,95.752,0.888,0.876
102,249,basic,31.245,22.813,31.611,23.063,0.882,0.885
102,250,basic,83.291,61.731,87.432,64.753,0.954,0.958
102,251,basic,131.84,63.678,136.616,65.757,1.399,1.417
102,252,basic,236.601,158.182,242.728,161.872,1.419,1.432
102,255,basic,83.876,56.825,85.347,58.008,0.84,0.824
102,257,basic,118.089,94.472,115.339,92.266,1.061,1.062
102,259,basic,158.402,114.95,162.109,118.192,1.294,1.267
102,261,basic,166.72,145.164,171.394,149.377,1.051,1.045
102,262,basic,182.144,133.694,141.044,102.797,1.074,1.11
102,264,basic,79.052,36.723,80.484,37.39,0.943,0.943
102,266,basic,107.705,80.517,104.701,78.585,0.894,0.872
102,267,basic,117.01,94.083,119.391,95.984,1.019,1.02
102,268,basic,110.089,104.585,110.079,104.575,1.062,1.057
102,269,basic,106.044,96.822,96.963,88.768,1.019,0.988
102,270,basic,160.814,109.227,162.614,110.315,1.481,1.486
102,272,basic,39.132,36.513,38.487,36.126,1.076,1.021
102,275,basic,91.069,83.236,91.933,83.977,1.137,1.14
102,276,basic,151.59,76.087,95.128,47.688,1.101,1.106
102,277,basic,124.523,82.928,49.878,32.9,1.007,1.056
102,279,basic,105.379,50.195,76.929,36.384,0.999,1.034
102,281,basic,67.954,46.722,73.093,50.138,0.816,0.828
102,282,basic,74.115,55.683,73.888,56.14,0.907,0.849
102,286,basic,179.922,103.693,185.464,104.788,1.811,1.914
102,287,basic,0.0,0.0,448.775,217.421,,0.945
102,287,gifted,190.0,174.462,0.0,0.0,,
102,288,basic,184.826,150.765,187.758,155.548,1.37,1.308
102,289,basic,157.329,138.688,187.507,164.314,1.411,1.473
102,291,basic,372.812,243.591,385.651,246.625,2.308,2.42
102,292,basic,563.825,339.919,616.887,373.356,1.494,1.562
102,930,basic,398.96,343.292,401.39,344.19,2.337,2.354
102,935,basic,438.174,304.097,457.958,323.648,1.859,1.782
102,939,basic,223.395,111.265,230.763,114.421,1.791,1.82
102,949,basic,376.989,311.759,487.915,405.611,1.586,1.648
102,955,basic,46.047,43.745,52.567,49.938,2.785,2.594
102,971,basic,0.0,0.0,560.917,270.488,,1.121
102,971,gifted,515.947,473.753,0.0,0.0,,
102,972,basic,261.908,187.666,265.2,188.848,1.893,1.919
102,974,basic,88.104,77.686,91.873,81.785,1.247,1.201
102,977,basic,233.696,172.105,195.107,141.073,1.308,1.412
103,103,basic,276.689,246.144,277.61,246.788,1.622,1.625
103,104,basic,127.032,54.952,141.829,62.686,2.263,2.175
103,105,basic,439.603,211.971,306.179,143.886,2.271,2.4
103,105,gifted,179.428,164.777,0.0,0.0,,
103,106,basic,457.637,292.475,341.008,221.262,1.724,1.637
103,106,gifted,116.355,106.855,0.0,0.0,,
103,107,basic,507.096,253.196,507.494,253.363,2.492,2.493
103,109,basic,150.147,103.358,152.297,105.139,2.124,2.111
103,110,basic,399.095,230.091,407.947,235.036,2.122,2.125
103,113,basic,389.792,240.525,261.207,160.591,2.306,2.317
103,113,gifted,134.918,123.902,0.0,0.0,,
103,115,basic,150.015,88.619,171.415,101.202,1.733,1.736
103,117,basic,266.881,174.945,231.158,154.082,2.29,2.206
103,117,gifted,90.351,82.974,0.0,0.0,,
103,118,basic,260.636,140.19,330.478,176.863,2.126,2.152
103,130,basic,674.514,433.808,691.337,444.131,1.735,1.74
103,201,basic,78.263,50.457,85.009,55.135,1.004,0.984
103,202,basic,170.031,86.488,172.589,86.966,1.626,1.67
103,203,basic,267.512,175.57,267.625,175.504,1.338,1.342
103,204,basic,171.466,116.029,106.02,63.502,1.376,2.01
103,208,basic,204.352,169.229,236.668,195.721,1.247,1.314
103,209,basic,148.689,55.978,130.461,49.058,0.786,0.791
103,210,basic,193.454,87.399,191.651,86.875,1.378,1.359
103,211,basic,73.614,44.458,79.5,47.94,1.105,1.115
103,212,gifted,206.091,189.263,0.0,0.0,,
103,215,basic,126.929,79.591,128.249,79.772,0.927,0.955
103,218,basic,151.32,92.758,160.516,98.471,0.754,0.751
103,220,basic,87.591,69.575,89.902,70.869,1.361,1.397
103,221,basic,165.597,120.417,170.62,121.679,1.0,1.075
103,222,basic,151.116,81.223,158.556,83.314,2.157,2.278
103,225,basic,86.18,43.258,87.157,43.731,1.228,1.23
103,226,basic,251.31,175.962,258.564,182.111,1.277,1.261
103,229,basic,249.629,196.293,256.475,199.325,1.126,1.179
103,230,basic,109.205,69.768,79.218,50.589,1.02,1.019
103,233,basic,283.92,176.173,290.024,179.89,0.839,0.84
103,234,basic,77.729,59.722,89.408,67.371,1.185,1.282
103,235,basic,70.902,46.161,72.039,46.373,1.193,1.24
103,236,basic,51.1,45.375,52.008,46.159,1.072,1.074
103,239,basic,269.628,150.794,271.532,151.822,1.68,1.681
103,241,basic,384.951,134.973,375.712,130.764,1.88,1.918
103,242,basic,157.545,105.709,163.408,109.744,1.225,1.221
103,243,basic,212.396,112.702,229.038,121.634,0.962,0.959
103,244,basic,38.607,35.65,38.971,36.386,1.106,1.041
103,245,basic,321.513,282.705,325.719,286.245,1.207,1.212
103,246,basic,240.126,122.826,257.548,131.292,1.182,1.197
103,247,basic,368.607,129.462,358.94,126.788,1.578,1.549
103,248,basic,146.134,89.779,148.123,91.218,0.887,0.875
103,249,basic,31.703,24.289,32.088,24.564,0.861,0.864
103,250,basic,88.735,61.901,93.546,65.217,0.963,0.967
103,251,basic,132.205,67.955,137.326,70.292,1.415,1.436
103,252,basic,251.211,174.513,257.776,178.481,1.455,1.472
103,255,basic,88.855,56.424,90.457,57.624,0.846,0.832
103,257,basic,124.06,104.899,121.021,102.339,1.076,1.077
103,259,basic,171.339,115.519,177.122,119.738,1.337,1.322
103,261,basic,169.593,151.85,174.339,156.235,1.062,1.055
103,262,basic,188.977,141.335,145.401,108.009,1.074,1.107
103,264,basic,81.924,42.197,83.437,42.978,0.903,0.903
103,266,basic,101.549,82.605,98.593,80.531,0.9,0.878
103,267,basic,122.444,108.18,124.812,110.261,1.028,1.028
103,268,basic,107.611,102.23,107.393,102.023,1.067,1.064
103,269,basic,104.085,96.453,94.971,88.062,1.03,0.997
103,270,basic,154.478,97.78,156.265,98.812,1.453,1.458
103,272,basic,42.714,39.921,42.293,39.743,1.022,0.978
103,275,basic,101.343,94.051,102.365,94.942,1.205,1.208
103,276,basic,151.149,78.841,94.044,49.025,1.131,1.132
103,277,basic,122.512,75.971,49.392,30.287,1.023,1.076
103,279,basic,102.002,46.343,75.141,33.874,0.998,1.034
103,281,basic,65.745,42.13,70.517,45.101,0.817,0.826
103,282,basic,76.283,53.492,76.51,54.223,0.865,0.814
103,286,basic,181.265,114.132,187.33,115.156,1.987,2.108
103,287,basic,0.0,0.0,448.992,202.746,,0.956
103,287,gifted,190.0,174.486,0.0,0.0,,
103,288,basic,191.664,157.059,194.815,162.733,1.454,1.381
103,289,basic,158.183,126.898,188.885,150.164,1.358,1.427
103,291,basic,377.573,258.09,391.174,260.166,2.348,2.484
103,292,basic,563.472,326.652,617.831,359.241,1.476,1.529
103,930,basic,398.589,327.999,401.015,328.888,2.269,2.284
103,935,basic,437.493,293.403,457.138,312.237,1.822,1.744
103,939,basic,217.525,111.552,225.09,114.811,1.725,1.756
103,949,basic,374.103,290.386,483.886,375.924,1.512,1.574
103,955,basic,44.731,42.494,51.005,48.455,2.739,2.545
103,971,basic,0.0,0.0,558.314,254.426,,1.118
103,971,gifted,515.322,473.244,0.0,0.0,,
103,972,basic,263.028,186.731,266.056,187.814,1.846,1.869
103,974,basic,87.313,73.416,90.704,77.099,1.198,1.151
103,977,basic,236.556,164.05,197.626,134.511,1.318,1.418
104,103,basic,262.131,236.557,262.871,237.167,1.65,1.651
104,104,basic,146.888,52.901,154.2,58.535,2.751,2.509
104,105,basic,480.777,223.26,330.447,150.075,2.283,2.386
104,105,gifted,185.059,169.454,0.0,0.0,,
104,106,basic,478.858,291.031,357.583,219.587,1.818,1.752
104,106,gifted,117.563,107.649,0.0,0.0,,
104,107,basic,490.65,241.391,491.316,241.656,2.437,2.439
104,109,basic,146.904,98.168,149.588,100.277,2.191,2.177
104,110,basic,399.106,208.156,407.878,212.59,2.082,2.085
104,113,basic,381.191,231.074,254.711,151.786,2.377,2.447
104,113,gifted,132.509,121.335,0.0,0.0,,
104,115,basic,148.686,87.566,169.992,100.039,1.717,1.721
104,117,basic,253.971,157.481,217.416,137.86,2.314,2.21
104,117,gifted,89.562,82.01,0.0,0.0,,
104,118,basic,274.239,142.487,342.413,177.708,2.127,2.133
104,130,basic,663.289,391.592,679.95,400.918,1.738,1.744
104,201,basic,79.64,53.012,86.784,58.116,1.02,1.002
104,202,basic,172.267,86.584,174.953,86.984,1.664,1.711
104,203,basic,246.839,172.228,246.887,172.121,1.259,1.263
104,204,basic,191.528,136.648,113.568,71.072,1.384,2.019
104,208,basic,206.494,173.134,239.225,199.844,1.256,1.33
104,209,basic,152.545,50.11,133.904,43.927,0.774,0.779
104,210,basic,191.666,77.4,189.83,76.925,1.368,1.35
104,211,basic,74.139,46.518,79.722,49.942,1.089,1.098
104,212,gifted,205.655,188.313,0.0,0.0,,
104,215,basic,114.883,67.144,116.182,67.326,0.923,0.952
104,218,basic,148.535,91.284,157.487,96.85,0.753,0.751
104,220,basic,91.272,74.797,93.493,76.159,1.378,1.406
104,221,basic,176.111,118.119,181.5,119.156,1.041,1.117
104,222,basic,147.703,82.247,154.647,84.422,2.15,2.25
104,225,basic,86.899,42.355,87.889,42.816,1.232,1.234
104,226,basic,260.623,168.483,267.851,173.943,1.248,1.24
104,229,basic,243.895,203.837,250.682,206.767,1.133,1.187
104,230,basic,112.221,75.403,80.813,54.213,1.042,1.045
104,233,basic,281.003,173.027,287.061,176.671,0.828,0.83
104,234,basic,79.282,66.097,90.713,74.152,1.147,1.238
104,235,basic,84.776,52.97,86.18,53.147,1.216,1.266
104,236,basic,49.546,43.805,50.423,44.551,1.066,1.069
104,239,basic,274.145,156.071,276.039,157.12,1.718,1.719
104,241,basic,385.533,121.734,376.514,117.858,1.852,1.893
104,242,basic,159.702,110.262,165.153,114.173,1.229,1.224
104,243,basic,215.714,111.318,232.657,120.165,0.969,0.965
104,244,basic,37.003,34.493,37.402,35.169,1.11,1.042
104,245,basic,320.269,281.153,324.446,284.592,1.234,1.24
104,246,basic,241.847,121.343,259.079,129.47,1.183,1.199
104,247,basic,363.567,113.424,354.348,111.183,1.569,1.542
104,248,basic,148.486,94.222,150.543,95.778,0.884,0.872
104,249,basic,31.335,24.362,31.699,24.62,0.887,0.891
104,250,basic,87.604,65.652,91.961,68.882,0.961,0.963
104,251,basic,134.148,62.491,139.3,64.58,1.345,1.367
104,252,basic,227.955,161.247,234.264,165.133,1.377,1.392
104,255,basic,89.812,59.485,91.405,60.769,0.843,0.827
104,257,basic,124.966,109.104,122.131,106.616,1.078,1.079
104,259,basic,165.372,121.591,169.974,125.453,1.31,1.291
104,261,basic,171.706,157.117,176.674,161.717,1.075,1.069
104,262,basic,188.956,146.356,145.818,112.022,1.08,1.117
104,264,basic,79.763,34.916,81.269,35.578,0.94,0.939
104,266,basic,104.562,85.314,101.678,83.3,0.888,0.868
104,267,basic,119.0,107.975,121.382,110.126,1.034,1.035
104,268,basic,112.515,106.89,112.641,107.009,1.064,1.06
104,269,basic,110.403,103.435,101.036,94.634,1.107,1.077
104,270,basic,154.965,105.811,156.729,106.891,1.457,1.462
104,272,basic,41.934,39.5,41.505,39.224,1.044,0.995
104,275,basic,94.82,89.021,95.795,89.882,1.173,1.177
104,276,basic,151.178,71.6,94.863,44.879,1.105,1.108
104,277,basic,128.821,83.41,51.614,32.993,1.013,1.07
104,279,basic,104.489,43.996,77.632,32.399,0.99,1.028
104,281,basic,64.382,43.275,69.016,46.296,0.82,0.829
104,282,basic,74.54,56.581,74.452,57.212,0.886,0.832
104,286,basic,181.359,108.554,187.299,109.487,1.96,2.072
104,287,basic,0.0,0.0,455.312,192.206,,0.959
104,287,gifted,190.0,173.978,0.0,0.0,,
104,288,basic,184.514,159.775,187.331,165.341,1.383,1.315
104,289,basic,154.739,137.375,184.093,162.384,1.381,1.435
104,291,basic,382.941,255.992,396.534,258.414,2.431,2.553
104,292,basic,568.81,322.844,623.506,354.479,1.526,1.584
104,930,basic,399.238,355.07,401.666,356.1,2.371,2.388
104,935,basic,437.477,304.837,457.077,324.957,1.845,1.763
104,939,basic,218.607,103.584,226.313,106.531,1.725,1.759
104,949,basic,376.996,317.313,485.534,409.759,1.558,1.608
104,955,basic,46.056,43.753,52.288,49.673,2.789,2.589
104,971,basic,0.0,0.0,560.718,238.692,,1.135
104,971,gifted,516.299,472.761,0.0,0.0,,
104,972,basic,264.273,195.311,267.452,196.457,1.856,1.879
104,974,basic,88.692,80.589,92.293,84.616,1.204,1.157
104,977,basic,243.062,183.487,200.308,148.067,1.319,1.424
105,103,basic,266.957,233.532,267.703,234.133,1.587,1.588
105,104,basic,156.937,59.59,169.143,67.047,2.843,2.618
105,105,basic,439.188,212.096,302.122,142.33,2.299,2.441
105,105,gifted,179.167,164.517,0.0,0.0,,
105,106,basic,461.951,277.357,344.312,208.879,1.835,1.759
105,106,gifted,116.56,107.029,0.0,0.0,,
105,107,basic,524.162,262.414,524.663,262.632,2.534,2.535
105,109,basic,152.82,99.152,155.92,101.319,2.226,2.218
105,110,basic,393.669,205.105,402.448,209.591,2.112,2.114
105,113,basic,389.821,232.185,265.189,155.502,2.449,2.522
105,113,gifted,134.019,123.061,0.0,0.0,,
105,115,basic,157.827,92.748,180.876,106.196,1.741,1.746
105,117,basic,269.591,163.8,231.363,143.374,2.337,2.224
105,117,gifted,90.08,82.714,0.0,0.0,,
105,118,basic,268.261,142.636,334.86,177.831,2.11,2.118
105,130,basic,665.434,390.743,681.967,400.11,1.683,1.688
105,201,basic,79.844,53.065,87.025,58.241,1.077,1.046
105,202,basic,162.899,87.038,165.524,87.646,1.633,1.682
105,203,basic,266.61,184.112,266.713,184.042,1.324,1.328
105,204,basic,183.101,128.769,111.338,69.94,1.469,2.15
105,208,basic,205.397,164.173,236.684,188.867,1.272,1.337
105,209,basic,148.993,54.173,130.067,47.251,0.78,0.784
105,210,basic,193.655,83.949,191.8,83.412,1.373,1.354
105,211,basic,73.15,46.405,80.008,50.641,1.127,1.142
105,212,gifted,206.058,189.209,0.0,0.0,,
105,215,basic,122.228,72.157,123.543,72.37,0.915,0.947
105,218,basic,157.066,97.651,167.131,103.96,0.763,0.761
105,220,basic,87.551,71.216,89.592,72.49,1.374,1.404
105,221,basic,161.488,107.687,166.207,108.976,0.992,1.068
105,222,basic,141.401,81.377,148.03,83.793,2.187,2.293
105,225,basic,77.21,40.042,78.052,40.46,1.184,1.187
105,226,basic,255.624,162.045,262.687,167.443,1.288,1.27
105,229,basic,257.727,208.488,264.924,211.667,1.144,1.209
105,230,basic,111.966,75.736,81.092,54.807,1.057,1.058
105,233,basic,281.235,174.698,287.262,178.379,0.839,0.841
105,234,basic,79.407,63.332,92.444,72.291,1.25,1.365
105,235,basic,85.943,53.61,87.362,53.864,1.256,1.313
105,236,basic,52.164,45.504,53.1,46.292,1.072,1.075
105,239,basic,265.201,156.967,267.069,158.041,1.708,1.709
105,241,basic,387.015,135.731,378.083,131.366,1.95,2.005
105,242,basic,158.073,108.892,164.153,113.185,1.236,1.231
105,243,basic,216.923,116.294,234.034,125.542,0.987,0.984
105,244,basic,37.855,35.206,38.132,35.76,1.15,1.078
105,245,basic,316.225,267.897,320.025,271.088,1.217,1.22
105,246,basic,239.262,126.703,255.297,134.962,1.163,1.171
105,247,basic,374.246,130.516,364.552,127.795,1.625,1.594
105,248,basic,144.206,92.754,146.437,94.398,0.887,0.874
105,249,basic,31.457,23.771,31.941,24.113,0.901,0.905
105,250,basic,86.156,63.811,91.155,67.461,0.977,0.982
105,251,basic,137.218,66.24,142.115,68.377,1.4,1.419
105,252,basic,243.311,167.727,249.644,171.626,1.464,1.48
105,255,basic,85.124,56.662,86.484,57.734,0.862,0.846
105,257,basic,118.86,100.042,116.119,97.722,1.069,1.07
105,259,basic,163.393,121.426,167.709,125.163,1.241,1.215
105,261,basic,166.926,151.232,171.699,155.662,1.064,1.058
105,262,basic,185.891,140.606,143.969,108.184,1.091,1.128
105,264,basic,82.235,37.739,83.726,38.426,0.93,0.929
105,266,basic,101.91,79.696,98.924,77.647,0.901,0.878
105,267,basic,117.521,101.633,119.861,103.647,1.029,1.03
105,268,basic,110.713,105.178,110.862,105.319,1.074,1.071
105,269,basic,107.942,100.857,98.768,92.338,1.057,1.023
105,270,basic,160.717,110.111,162.557,111.226,1.51,1.516
105,272,basic,41.947,39.483,41.381,39.089,1.048,0.995
105,275,basic,91.186,85.134,92.079,85.931,1.17,1.173
105,276,basic,148.589,73.149,92.63,45.562,1.124,1.127
105,277,basic,127.216,83.511,50.826,33.059,1.007,1.059
105,279,basic,98.873,44.624,72.667,32.597,0.989,1.022
105,281,basic,72.139,48.897,77.458,52.405,0.81,0.82
105,282,basic,74.925,56.519,75.224,57.282,0.875,0.822
105,286,basic,176.969,107.296,182.743,108.497,1.935,2.055
105,287,basic,0.0,0.0,449.316,203.892,,0.951
105,287,gifted,190.0,174.464,0.0,0.0,,
105,288,basic,193.415,164.13,196.47,169.583,1.422,1.349
105,289,basic,156.997,134.971,186.675,159.562,1.381,1.434
105,291,basic,368.965,251.995,381.645,255.659,2.264,2.371
105,292,basic,565.186,327.942,619.631,359.693,1.513,1.566
105,930,basic,399.448,355.781,401.877,356.897,2.366,2.383
105,935,basic,438.13,300.224,457.72,318.884,1.92,1.834
105,939,basic,220.973,108.939,228.492,112.08,1.747,1.779
105,949,basic,379.59,311.819,491.138,403.879,1.608,1.663
105,955,basic,46.98,44.631,53.809,51.119,2.793,2.596
105,971,basic,0.0,0.0,566.265,258.776,,1.134
105,971,gifted,516.762,474.507,0.0,0.0,,
105,972,basic,263.73,190.92,266.926,192.167,1.883,1.909
105,974,basic,85.055,76.478,88.312,80.119,1.27,1.216
105,977,basic,236.179,177.783,196.099,145.267,1.305,1.403
106,103,basic,271.475,233.432,272.343,234.053,1.623,1.626
106,104,basic,128.466,59.345,138.259,65.429,2.227,2.104
106,105,basic,457.279,229.7,319.645,157.588,2.325,2.443
106,105,gifted,182.064,166.851,0.0,0.0,,
106,106,basic,467.451,294.286,341.59,217.975,1.784,1.682
106,106,gifted,118.723,108.803,0.0,0.0,,
106,107,basic,495.157,257.969,495.488,258.12,2.514,2.515
106,109,basic,151.017,101.92,153.369,103.776,2.155,2.14
106,110,basic,392.344,226.618,401.245,231.599,2.107,2.111
106,113,basic,386.583,238.764,262.767,161.552,2.332,2.349
106,113,gifted,132.975,121.864,0.0,0.0,,
106,115,basic,150.123,89.9,171.524,102.675,1.733,1.736
106,117,basic,266.912,172.015,231.178,151.135,2.32,2.23
106,117,gifted,89.897,82.385,0.0,0.0,,
106,118,basic,274.599,152.249,345.648,190.968,2.111,2.133
106,130,basic,664.297,421.339,680.972,431.469,1.722,1.728
106,201,basic,80.227,51.932,87.887,57.149,1.026,1.006
106,202,basic,172.743,92.015,175.29,92.634,1.659,1.706
106,203,basic,271.11,179.237,271.226,179.189,1.33,1.334
106,204,basic,184.71,123.205,113.736,67.912,1.493,2.223
106,208,basic,202.633,160.236,234.608,185.364,1.27,1.342
106,209,basic,148.355,60.225,131.483,53.27,0.792,0.803
106,210,basic,193.943,91.347,192.292,90.691,1.42,1.409
106,211,basic,72.382,44.36,79.392,48.567,1.131,1.145
106,212,gifted,205.561,188.385,0.0,0.0,,
106,215,basic,115.957,72.388,117.192,72.65,0.92,0.951
106,218,basic,152.466,94.076,161.606,99.763,0.763,0.761
106,220,basic,87.528,68.316,89.615,69.612,1.32,1.349
106,221,basic,165.739,116.009,170.665,117.439,1.016,1.1
106,222,basic,143.553,81.943,150.554,84.406,2.067,2.189
106,225,basic,86.923,45.601,87.881,46.089,1.231,1.232
106,226,basic,258.079,174.157,265.168,179.883,1.325,1.306
106,229,basic,241.886,184.007,249.112,186.842,1.166,1.249
106,230,basic,118.8,76.16,85.377,54.74,1.073,1.069
106,233,basic,285.85,177.695,291.983,181.448,0.854,0.856
106,234,basic,79.843,59.835,92.666,68.224,1.227,1.34
106,235,basic,79.344,50.985,80.654,51.288,1.242,1.298
106,236,basic,53.838,46.904,54.75,47.676,1.066,1.068
106,239,basic,275.855,158.853,277.804,159.946,1.722,1.723
106,241,basic,384.975,148.492,376.807,143.673,1.919,1.994
106,242,basic,159.546,106.642,164.904,110.3,1.246,1.243
106,243,basic,217.353,118.692,234.626,128.195,0.978,0.975
106,244,basic,36.609,33.856,36.93,34.455,1.098,1.037
106,245,basic,320.478,267.481,324.595,270.818,1.234,1.238
106,246,basic,234.468,124.545,251.367,133.103,1.213,1.23
106,247,basic,362.084,139.31,353.196,136.397,1.621,1.598
106,248,basic,142.424,88.915,144.514,90.394,0.878,0.867
106,249,basic,25.597,18.815,25.92,19.034,0.94,0.945
106,250,basic,85.953,59.767,90.433,62.846,0.963,0.967
106,251,basic,138.033,72.521,143.125,74.949,1.434,1.455
106,252,basic,236.303,161.552,242.624,165.465,1.472,1.488
106,255,basic,85.541,54.869,86.952,55.928,0.842,0.826
106,257,basic,119.646,96.826,116.987,94.655,1.064,1.065
106,259,basic,163.246,110.6,168.072,114.208,1.356,1.336
106,261,basic,177.213,153.883,182.763,158.617,1.08,1.081
106,262,basic,191.082,139.803,146.735,106.788,1.074,1.107
106,264,basic,76.477,39.652,77.902,40.393,0.952,0.952
106,266,basic,103.642,80.183,100.757,78.13,0.923,0.905
106,267,basic,116.989,98.239,119.26,100.138,1.021,1.022
106,268,basic,106.42,101.099,106.214,100.904,1.054,1.05
106,269,basic,108.684,99.518,99.48,91.233,1.049,1.019
106,270,basic,164.819,105.46,166.698,106.536,1.513,1.519
106,272,basic,39.394,36.733,38.92,36.472,1.035,0.991
106,275,basic,96.541,88.802,97.463,89.604,1.148,1.151
106,276,basic,152.731,81.347,95.355,50.739,1.134,1.138
106,277,basic,132.512,83.191,53.275,33.094,1.032,1.096
106,279,basic,109.022,51.945,81.467,38.484,1.025,1.076
106,281,basic,61.937,40.0,66.675,42.958,0.823,0.838
106,282,basic,79.056,55.169,79.411,55.915,0.884,0.829
106,286,basic,176.157,112.356,181.996,113.842,1.913,2.036
106,287,basic,0.0,0.0,457.155,217.599,,0.967
106,287,gifted,190.0,174.124,0.0,0.0,,
106,288,basic,193.716,155.657,197.113,160.783,1.433,1.362
106,289,basic,153.318,120.234,183.021,142.541,1.374,1.442
106,291,basic,371.504,252.598,384.639,255.789,2.325,2.458
106,292,basic,562.342,330.781,618.561,363.269,1.5,1.578
106,930,basic,399.243,327.03,401.665,328.14,2.294,2.309
106,935,basic,437.554,290.659,457.33,308.304,1.897,1.819
106,939,basic,222.373,117.114,229.953,120.542,1.761,1.794
106,949,basic,380.161,288.94,491.398,374.153,1.558,1.613
106,955,basic,46.876,44.532,53.946,51.249,2.742,2.54
106,971,basic,0.0,0.0,559.205,268.28,,1.139
106,971,gifted,516.222,473.088,0.0,0.0,,
106,972,basic,261.827,183.042,264.877,184.294,1.88,1.904
106,974,basic,86.6,71.427,90.013,74.949,1.22,1.168
106,977,basic,244.916,169.196,202.657,137.655,1.364,1.477
107,103,basic,268.638,230.488,269.568,231.093,1.673,1.677
107,104,basic,144.597,63.594,165.391,74.125,2.397,2.314
107,105,basic,425.464,216.012,295.792,146.123,2.243,2.4
107,105,gifted,177.737,163.573,0.0,0.0,,
107,106,basic,441.703,277.952,330.771,210.754,1.746,1.664
107,106,gifted,114.636,105.501,0.0,0.0,,
107,107,basic,508.106,264.637,508.513,264.814,2.509,2.51
107,109,basic,141.335,95.573,143.29,97.132,2.096,2.084
107,110,basic,410.778,225.003,420.131,229.957,2.131,2.135
107,113,basic,398.748,247.771,268.673,166.328,2.313,2.326
107,113,gifted,136.271,125.412,0.0,0.0,,
107,115,basic,145.479,88.266,166.422,100.914,1.726,1.729
107,117,basic,254.655,159.725,219.41,139.722,2.313,2.225
107,117,gifted,89.674,82.528,0.0,0.0,,
107,118,basic,256.874,142.041,324.356,178.669,2.103,2.126
107,130,basic,646.009,396.712,662.418,406.269,1.699,1.705
107,201,basic,80.312,52.436,87.693,57.671,1.104,1.072
107,202,basic,170.338,90.474,172.973,91.046,1.7,1.75
107,203,basic,258.312,174.161,258.393,174.093,1.343,1.347
107,204,basic,179.79,123.688,109.543,67.378,1.451,2.126
107,208,basic,201.536,159.294,232.619,183.781,1.255,1.323
107,209,basic,140.478,55.411,123.483,48.684,0.772,0.774
107,210,basic,191.637,86.657,189.716,86.087,1.413,1.392
107,211,basic,76.033,47.638,84.308,52.698,1.154,1.171
107,212,gifted,205.55,189.17,0.0,0.0,,
107,215,basic,117.909,71.667,119.106,71.911,0.91,0.937
107,218,basic,155.929,97.596,165.543,103.686,0.764,0.76
107,220,basic,87.093,67.824,89.329,69.106,1.411,1.448
107,221,basic,164.675,110.485,169.538,111.795,1.019,1.096
107,222,basic,148.222,82.852,155.427,85.286,2.242,2.361
107,225,basic,95.413,49.68,96.49,50.223,1.281,1.283
107,226,basic,260.42,167.464,267.382,172.928,1.298,1.278
107,229,basic,254.699,199.37,261.907,202.674,1.145,1.205
107,230,basic,110.487,73.45,79.483,52.797,1.062,1.063
107,233,basic,280.851,175.99,286.833,179.686,0.841,0.842
107,234,basic,76.297,58.479,89.664,67.259,1.278,1.405
107,235,basic,86.064,53.851,87.38,54.092,1.286,1.338
107,236,basic,46.517,40.078,47.325,40.76,1.035,1.037
107,239,basic,278.339,162.763,280.251,163.855,1.729,1.73
107,241,basic,386.102,144.36,376.858,139.779,1.905,1.952
107,242,basic,155.376,106.136,161.356,110.285,1.213,1.211
107,243,basic,212.794,116.527,229.677,125.854,0.982,0.979
107,244,basic,36.241,33.63,36.5,34.167,1.096,1.033
107,245,basic,314.029,258.706,317.881,261.904,1.24,1.242
107,246,basic,233.179,124.069,249.975,132.549,1.235,1.252
107,247,basic,371.455,139.077,361.305,136.059,1.582,1.548
107,248,basic,147.044,94.295,149.221,95.897,0.89,0.878
107,249,basic,30.319,22.73,30.698,22.996,0.883,0.886
107,250,basic,85.925,62.254,90.633,65.638,0.956,0.959
107,251,basic,132.804,66.649,137.766,68.89,1.407,1.427
107,252,basic,244.457,165.612,250.863,169.526,1.475,1.489
107,255,basic,83.614,55.572,85.02,56.666,0.823,0.807
107,257,basic,124.868,101.603,122.022,99.295,1.083,1.083
107,259,basic,167.976,118.105,173.331,122.124,1.375,1.362
107,261,basic,180.015,159.264,185.208,164.027,1.07,1.062
107,262,basic,187.923,139.431,145.081,106.944,1.083,1.12
107,264,basic,75.089,36.766,76.503,37.458,0.921,0.921
107,266,basic,105.103,80.973,101.987,78.884,0.909,0.884
107,267,basic,116.12,98.047,118.451,100.005,1.022,1.023
107,268,basic,112.757,107.12,112.96,107.312,1.076,1.071
107,269,basic,105.948,98.152,97.009,90.005,0.994,0.961
107,270,basic,165.847,109.914,167.675,111.026,1.525,1.53
107,272,basic,43.485,40.719,42.989,40.461,1.034,0.981
107,275,basic,96.57,88.84,97.467,89.614,1.169,1.172
107,276,basic,153.278,78.644,95.666,49.05,1.126,1.128
107,277,basic,124.422,80.809,49.692,32.021,1.007,1.05
107,279,basic,110.083,51.93,79.601,37.338,0.996,1.026
107,281,basic,69.87,46.775,75.154,50.197,0.822,0.835
107,282,basic,77.222,55.975,77.04,56.419,0.939,0.881
107,286,basic,181.023,106.369,187.0,107.539,2.097,2.224
107,287,basic,0.0,0.0,448.98,212.728,,0.944
107,287,gifted,190.0,174.859,0.0,0.0,,
107,288,basic,196.55,161.96,199.811,167.218,1.396,1.33
107,289,basic,159.441,133.373,189.937,157.769,1.371,1.436
107,291,basic,376.913,251.652,389.988,254.385,2.304,2.432
107,292,basic,564.222,332.533,617.915,365.798,1.512,1.552
107,930,basic,399.08,341.203,401.509,342.132,2.328,2.345
107,935,basic,438.249,299.085,458.009,317.769,1.843,1.762
107,939,basic,217.12,111.434,224.572,114.701,1.731,1.763
107,949,basic,381.25,307.044,492.352,397.258,1.555,1.609
107,955,basic,47.637,45.256,54.215,51.505,2.748,2.546
107,971,basic,0.0,0.0,559.185,265.844,,1.131
107,971,gifted,515.538,474.456,0.0,0.0,,
107,972,basic,255.254,181.032,258.244,182.149,1.895,1.92
107,974,basic,87.692,76.183,91.019,79.873,1.287,1.234
107,977,basic,232.685,169.609,194.492,139.377,1.292,1.397
108,103,basic,253.715,232.752,254.489,233.356,1.62,1.622
108,104,basic,142.436,59.996,154.594,67.416,2.531,2.364
108,105,basic,448.967,229.512,310.751,155.042,2.279,2.412
108,105,gifted,180.547,165.4,0.0,0.0,,
108,106,basic,466.939,301.439,347.738,226.962,1.811,1.734
108,106,gifted,117.518,107.659,0.0,0.0,,
108,107,basic,505.209,271.513,505.625,271.704,2.461,2.461
108,109,basic,151.708,108.517,154.403,110.709,2.113,2.101
108,110,basic,391.692,216.79,400.663,221.596,2.113,2.117
108,113,basic,402.047,261.582,272.883,176.036,2.35,2.386
108,113,gifted,136.816,125.338,0.0,0.0,,
108,115,basic,141.264,88.72,161.652,101.451,1.728,1.733
108,117,basic,250.895,164.84,215.321,143.969,2.302,2.205
108,117,gifted,89.193,81.71,0.0,0.0,,
108,118,basic,257.795,145.035,324.203,181.923,2.134,2.149
108,130,basic,650.223,405.863,666.751,415.624,1.721,1.728
108,201,basic,70.73,46.345,76.728,50.554,1.004,0.982
108,202,basic,181.818,90.861,184.517,91.342,1.794,1.845
108,203,basic,257.682,173.978,257.718,173.879,1.313,1.317
108,204,basic,170.622,117.947,106.931,65.858,1.444,2.113
108,208,basic,206.349,168.541,238.462,195.713,1.253,1.318
108,209,basic,148.918,50.797,131.492,44.783,0.773,0.78
108,210,basic,193.692,79.413,191.928,78.886,1.396,1.38
108,211,basic,77.194,47.526,83.904,51.571,1.123,1.135
108,212,gifted,205.609,188.359,0.0,0.0,,
108,215,basic,117.816,66.919,119.294,67.069,0.953,0.994
108,218,basic,157.439,94.862,167.376,100.9,0.756,0.754
108,220,basic,93.191,74.461,95.482,75.852,1.414,1.446
108,221,basic,166.939,109.153,171.713,110.409,0.979,1.05
108,222,basic,151.281,82.638,159.076,85.088,2.322,2.453
108,225,basic,86.631,42.637,87.574,43.087,1.24,1.241
108,226,basic,265.977,163.058,272.975,168.409,1.343,1.322
108,229,basic,257.823,205.52,265.06,208.612,1.149,1.213
108,230,basic,94.922,62.877,68.593,45.373,1.023,1.027
108,233,basic,275.934,166.512,281.786,169.999,0.826,0.828
108,234,basic,78.041,62.296,89.825,70.395,1.167,1.269
108,235,basic,82.744,50.012,84.097,50.241,1.283,1.337
108,236,basic,49.406,42.846,50.32,43.616,1.071,1.073
108,239,basic,280.408,159.456,282.337,160.539,1.755,1.755
108,241,basic,385.307,127.05,376.401,123.064,1.939,1.987
108,242,basic,162.643,109.639,168.291,113.529,1.232,1.229
108,243,basic,213.027,109.699,229.89,118.463,0.979,0.976
108,244,basic,36.73,34.196,36.889,34.639,1.108,1.033
108,245,basic,320.45,268.099,324.578,271.449,1.248,1.253
108,246,basic,231.038,117.59,246.949,125.43,1.155,1.165
108,247,basic,376.278,122.915,366.565,120.355,1.625,1.596
108,248,basic,141.421,88.224,143.333,89.608,0.893,0.881
108,249,basic,27.216,20.235,27.545,20.463,0.901,0.905
108,250,basic,89.664,65.169,94.435,68.606,0.96,0.963
108,251,basic,128.578,59.704,133.403,61.708,1.375,1.396
108,252,basic,250.162,168.485,256.645,172.407,1.467,1.481
108,255,basic,84.653,54.828,86.087,55.922,0.856,0.84
108,257,basic,124.043,102.635,120.883,100.023,1.1,1.101
108,259,basic,163.535,117.86,168.516,121.829,1.298,1.28
108,261,basic,167.23,150.653,172.057,155.064,1.069,1.064
108,262,basic,181.621,135.434,140.004,103.765,1.071,1.104
108,264,basic,83.521,36.438,85.06,37.11,0.955,0.955
108,266,basic,102.939,79.385,99.996,77.384,0.892,0.871
108,267,basic,118.567,101.798,120.953,103.834,1.039,1.04
108,268,basic,109.105,103.649,109.001,103.551,1.068,1.064
108,269,basic,106.296,99.318,97.297,90.95,1.029,0.996
108,270,basic,162.612,105.839,164.447,106.947,1.647,1.651
108,272,basic,41.829,39.365,41.339,39.039,1.051,1.0
108,275,basic,96.758,90.262,97.748,91.13,1.174,1.178
108,276,basic,143.62,67.692,89.984,42.357,1.125,1.13
108,277,basic,128.636,81.722,51.745,32.546,1.025,1.078
108,279,basic,105.928,45.201,78.104,33.065,1.014,1.055
108,281,basic,61.769,40.596,66.173,43.406,0.828,0.838
108,282,basic,70.017,51.611,70.114,52.212,0.883,0.828
108,286,basic,172.152,103.623,177.745,104.916,1.844,1.951
108,287,basic,0.0,0.0,458.284,197.018,,0.959
108,287,gifted,190.0,174.06,0.0,0.0,,
108,288,basic,189.633,161.266,192.603,166.373,1.367,1.302
108,289,basic,158.577,142.363,188.899,168.858,1.41,1.47
108,291,basic,369.629,255.348,382.7,258.88,2.3,2.415
108,292,basic,563.572,329.494,617.901,364.408,1.51,1.568
108,930,basic,399.446,355.715,401.862,356.822,2.382,2.399
108,935,basic,437.846,307.745,457.579,327.482,1.889,1.81
108,939,basic,218.339,106.965,225.755,110.125,1.741,1.771
108,949,basic,374.188,315.878,483.536,411.188,1.595,1.655
108,955,basic,44.379,42.161,50.78,48.241,2.8,2.612
108,971,basic,0.0,0.0,564.784,245.976,,1.12
108,971,gifted,516.289,472.974,0.0,0.0,,
108,972,basic,259.614,191.921,262.76,193.158,1.89,1.913
108,974,basic,85.604,77.207,89.052,81.026,1.199,1.149
108,977,basic,242.217,178.305,200.731,145.133,1.324,1.43
109,103,basic,277.718,258.739,278.561,259.414,1.686,1.688
109,104,basic,135.874,51.021,150.962,58.684,2.785,2.592
109,105,basic,454.843,221.915,315.533,150.791,2.27,2.403
109,105,gifted,182.782,167.324,0.0,0.0,,
109,106,basic,467.067,292.717,351.871,222.554,1.796,1.725
109,106,gifted,116.44,106.592,0.0,0.0,,
109,107,basic,494.204,255.405,494.621,255.592,2.487,2.487
109,109,basic,149.956,106.276,152.228,108.194,2.163,2.146
109,110,basic,406.705,212.648,416.125,217.401,2.137,2.143
109,113,basic,400.38,260.508,270.914,174.974,2.363,2.396
109,113,gifted,136.188,124.671,0.0,0.0,,
109,115,basic,151.46,91.01,173.277,104.055,1.734,1.738
109,117,basic,256.917,166.106,221.135,145.141,2.346,2.248
109,117,gifted,89.682,82.098,0.0,0.0,,
109,118,basic,268.44,144.926,336.694,181.375,2.121,2.136
109,130,basic,657.842,387.06,674.378,396.338,1.735,1.742
109,201,basic,77.858,49.948,84.7,54.633,1.084,1.057
109,202,basic,165.432,82.442,168.045,83.071,1.691,1.742
109,203,basic,263.299,180.622,263.365,180.563,1.304,1.307
109,204,basic,179.236,126.453,109.216,69.899,1.483,2.145
109,208,basic,204.074,169.923,235.627,197.129,1.285,1.354
109,209,basic,151.655,43.561,133.06,38.196,0.772,0.775
109,210,basic,194.023,72.239,192.181,71.738,1.421,1.402
109,211,basic,75.398,45.599,81.819,49.43,1.125,1.134
109,212,gifted,205.771,188.369,0.0,0.0,,
109,215,basic,122.5,65.737,123.698,65.97,0.925,0.954
109,218,basic,157.986,90.582,167.451,96.063,0.768,0.764
109,220,basic,90.144,75.29,92.45,76.756,1.452,1.49
109,221,basic,164.563,102.946,169.672,104.256,1.084,1.177
109,222,basic,150.671,87.267,158.18,89.904,2.23,2.364
109,225,basic,83.049,38.723,83.916,39.117,1.21,1.212
109,226,basic,256.773,155.34,263.798,160.335,1.307,1.289
109,229,basic,254.196,209.628,261.28,213.304,1.154,1.215
109,230,basic,110.854,72.608,80.074,52.39,1.063,1.067
109,233,basic,277.923,160.044,283.906,163.437,0.827,0.829
109,234,basic,79.776,65.786,91.56,74.365,1.19,1.29
109,235,basic,80.973,48.287,82.222,48.559,1.237,1.291
109,236,basic,52.112,46.548,53.051,47.368,1.065,1.067
109,239,basic,273.687,156.502,275.633,157.587,1.738,1.739
109,241,basic,382.492,114.532,373.307,111.206,1.907,1.941
109,242,basic,158.194,106.708,164.13,110.776,1.223,1.22
109,243,basic,218.863,105.371,236.169,113.79,0.992,0.988
109,244,basic,35.455,33.329,35.847,33.849,1.138,1.061
109,245,basic,319.737,279.097,323.897,282.681,1.21,1.213
109,246,basic,230.208,108.712,247.488,116.376,1.269,1.294
109,247,basic,370.288,107.426,360.583,105.108,1.602,1.57
109,248,basic,143.346,86.677,145.257,87.995,0.881,0.869
109,249,basic,30.906,22.914,31.245,23.147,0.886,0.89
109,250,basic,80.402,58.91,84.327,61.782,0.963,0.964
109,251,basic,127.052,55.026,131.787,56.887,1.37,1.391
109,252,basic,230.066,159.671,236.24,163.581,1.424,1.438
109,255,basic,88.652,56.34,90.274,57.512,0.827,0.811
109,257,basic,125.283,107.738,122.376,105.235,1.103,1.104
109,259,basic,152.237,113.09,155.729,116.162,1.295,1.267
109,261,basic,172.085,158.571,177.166,163.258,1.114,1.109
109,262,basic,189.952,143.461,146.367,109.92,1.071,1.107
109,264,basic,81.208,31.405,82.703,31.986,0.952,0.952
109,266,basic,106.231,82.329,103.121,80.179,0.897,0.874
109,267,basic,120.167,106.028,122.507,108.085,1.031,1.032
109,268,basic,109.431,103.959,109.412,103.941,1.053,1.049
109,269,basic,103.061,97.386,94.135,88.965,1.044,1.01
109,270,basic,162.204,111.73,164.009,112.87,1.524,1.529
109,272,basic,39.043,36.946,38.654,36.619,1.078,1.013
109,275,basic,92.619,87.599,93.478,88.382,1.174,1.178
109,276,basic,153.341,66.21,95.496,41.211,1.138,1.14
109,277,basic,126.469,79.417,50.636,31.551,1.004,1.053
109,279,basic,103.901,39.977,76.023,29.075,0.999,1.036
109,281,basic,71.605,46.06,76.983,49.444,0.821,0.831
109,282,basic,78.941,58.369,78.922,58.868,0.925,0.869
109,286,basic,178.947,106.056,184.85,107.446,2.081,2.21
109,287,basic,0.0,0.0,442.762,171.675,,0.956
109,287,gifted,190.0,173.932,0.0,0.0,,
109,288,basic,194.22,173.105,197.485,178.436,1.406,1.338
109,289,basic,155.688,143.642,185.507,170.601,1.396,1.457
109,291,basic,379.999,273.155,393.097,276.821,2.416,2.548
109,292,basic,562.537,318.049,617.884,352.812,1.532,1.581
109,930,basic,399.288,371.642,401.708,373.064,2.422,2.441
109,935,basic,438.503,321.652,458.452,341.58,1.871,1.793
109,939,basic,221.063,101.412,228.62,104.441,1.796,1.829
109,949,basic,381.401,334.007,491.443,433.436,1.609,1.663
109,955,basic,46.16,43.852,52.495,49.87,2.8,2.604
109,971,basic,0.0,0.0,563.499,223.005,,1.135
109,971,gifted,516.164,472.513,0.0,0.0,,
109,972,basic,263.283,203.528,266.285,204.832,1.904,1.929
109,974,basic,88.328,81.576,91.64,85.235,1.276,1.216
109,977,basic,232.873,177.433,194.973,146.375,1.312,1.415
110,103,basic,273.731,248.272,274.654,248.923,1.665,1.668
110,104,basic,137.369,53.535,153.487,61.165,2.345,2.247
110,105,basic,432.064,199.844,300.193,135.401,2.265,2.402
110,105,gifted,178.365,164.171,0.0,0.0,,
110,106,basic,467.196,285.166,349.398,216.109,1.75,1.666
110,106,gifted,118.283,108.87,0.0,0.0,,
110,107,basic,492.258,239.856,492.66,240.02,2.492,2.493
110,109,basic,145.898,100.112,147.839,101.734,2.094,2.08
110,110,basic,408.362,211.295,418.012,216.046,2.126,2.132
110,113,basic,373.294,230.715,249.531,153.731,2.302,2.311
110,113,gifted,131.308,120.858,0.0,0.0,,
110,115,basic,147.838,85.196,169.208,97.431,1.723,1.727
110,117,basic,253.254,158.342,218.485,138.63,2.332,2.251
110,117,gifted,89.724,82.583,0.0,0.0,,
110,118,basic,263.657,136.522,332.834,171.63,2.106,2.129
110,130,basic,654.797,385.569,671.319,394.777,1.708,1.715
110,201,basic,81.895,53.26,89.219,58.411,1.087,1.06
110,202,basic,171.643,85.992,174.328,86.51,1.72,1.77
110,203,basic,259.645,179.335,259.717,179.266,1.302,1.305
110,204,basic,184.748,131.013,111.529,70.49,1.447,2.105
110,208,basic,206.067,173.05,238.323,199.646,1.259,1.33
110,209,basic,148.092,46.76,130.416,41.132,0.777,0.782
110,210,basic,191.615,76.735,189.753,76.227,1.381,1.363
110,211,basic,76.224,47.01,81.961,50.489,1.104,1.112
110,212,gifted,205.488,189.135,0.0,0.0,,
110,215,basic,125.555,73.146,126.732,73.391,0.911,0.935
110,218,basic,156.399,93.497,166.341,99.484,0.767,0.765
110,220,basic,94.556,78.861,96.919,80.343,1.402,1.436
110,221,basic,162.549,112.054,167.158,113.373,0.95,1.018
110,222,basic,148.493,85.489,155.784,87.874,2.125,2.245
110,225,basic,88.172,42.506,89.14,42.96,1.229,1.231
110,226,basic,254.338,166.418,261.364,171.886,1.261,1.246
110,229,basic,253.53,211.193,260.55,214.402,1.149,1.209
110,230,basic,114.958,75.464,82.514,54.09,1.092,1.095
110,233,basic,286.905,172.513,293.073,176.157,0.849,0.85
110,234,basic,78.67,65.26,90.08,73.454,1.175,1.269
110,235,basic,87.659,55.21,88.922,55.437,1.206,1.253
110,236,basic,49.229,44.358,50.064,45.092,1.03,1.032
110,239,basic,280.934,160.108,282.891,161.198,1.759,1.76
110,241,basic,387.778,121.118,378.512,117.374,1.918,1.958
110,242,basic,153.921,106.093,159.252,109.866,1.226,1.222
110,243,basic,211.691,106.602,228.315,115.071,0.982,0.978
110,244,basic,34.887,32.636,35.199,33.13,1.093,1.025
110,245,basic,320.194,285.094,324.277,288.689,1.242,1.246
110,246,basic,228.395,112.703,244.31,120.229,1.201,1.214
110,247,basic,373.332,114.171,363.701,111.823,1.626,1.596
110,248,basic,147.167,91.343,149.189,92.782,0.888,0.877
110,249,basic,27.277,21.051,27.562,21.259,0.892,0.894
110,250,basic,84.565,62.424,89.301,65.91,0.96,0.961
110,251,basic,130.569,60.481,135.335,62.448,1.387,1.408
110,252,basic,240.485,168.75,246.829,172.756,1.474,1.488
110,255,basic,88.566,57.346,90.276,58.624,0.849,0.833
110,257,basic,124.403,109.175,121.643,106.725,1.078,1.08
110,259,basic,160.35,118.022,164.141,121.347,1.293,1.268
110,261,basic,170.478,157.09,175.368,161.623,1.077,1.071
110,262,basic,192.113,148.496,148.085,113.628,1.072,1.112
110,264,basic,81.265,35.018,82.758,35.663,0.952,0.952
110,266,basic,104.283,84.6,101.321,82.491,0.9,0.879
110,267,basic,109.655,100.376,111.787,102.322,1.009,1.009
110,268,basic,113.626,107.944,113.762,108.074,1.068,1.064
110,269,basic,105.897,99.789,96.745,91.175,1.069,1.036
110,270,basic,167.652,112.45,169.485,113.565,1.567,1.571
110,272,basic,43.079,40.66,42.738,40.432,1.039,0.986
110,275,basic,92.314,87.077,93.206,87.881,1.172,1.175
110,276,basic,153.366,71.717,95.981,44.834,1.113,1.117
110,277,basic,127.578,81.192,51.235,32.285,1.014,1.066
110,279,basic,109.624,44.931,80.556,32.779,1.0,1.037
110,281,basic,65.151,42.81,69.909,45.858,0.817,0.826
110,282,basic,74.347,55.445,74.393,56.065,0.885,0.829
110,286,basic,179.123,114.444,184.843,115.666,1.833,1.945
110,287,basic,0.0,0.0,446.78,183.284,,0.962
110,287,gifted,190.0,174.879,0.0,0.0,,
110,288,basic,190.287,168.56,193.565,173.883,1.372,1.314
110,289,basic,159.503,140.997,189.83,166.485,1.355,1.422
110,291,basic,370.093,264.401,383.341,267.186,2.29,2.419
110,292,basic,563.321,318.744,617.798,350.433,1.501,1.553
110,930,basic,399.198,363.803,401.614,365.183,2.362,2.375
110,935,basic,437.681,309.175,457.529,328.462,1.84,1.765
110,939,basic,223.245,105.284,230.792,108.295,1.771,1.803
110,949,basic,384.399,325.909,496.244,420.951,1.543,1.606
110,955,basic,46.655,44.322,52.944,50.296,2.764,2.571
110,971,basic,0.0,0.0,560.904,234.039,,1.135
110,971,gifted,516.074,475.003,0.0,0.0,,
110,972,basic,258.654,194.279,261.468,195.503,1.848,1.867
110,974,basic,88.198,80.317,91.503,84.081,1.243,1.185
110,977,basic,236.388,178.007,197.399,146.1,1.328,1.43
111,103,basic,275.835,251.724,276.604,252.362,1.64,1.641
111,104,basic,149.979,57.541,159.851,63.837,2.643,2.436
111,105,basic,440.76,210.729,304.761,142.435,2.268,2.398
111,105,gifted,180.822,166.267,0.0,0.0,,
111,106,basic,464.631,284.531,343.61,212.429,1.854,1.779
111,106,gifted,117.312,107.87,0.0,0.0,,
111,107,basic,525.777,261.948,526.204,262.133,2.538,2.538
111,109,basic,152.494,105.165,155.479,107.406,2.164,2.155
111,110,basic,397.857,213.711,406.963,218.481,2.14,2.144
111,113,basic,392.985,243.198,272.961,166.939,2.411,2.467
111,113,gifted,131.111,120.558,0.0,0.0,,
111,115,basic,143.747,84.275,165.134,96.704,1.744,1.75
111,117,basic,255.55,164.243,219.155,143.458,2.323,2.216
111,117,gifted,89.45,82.25,0.0,0.0,,
111,118,basic,277.956,147.694,346.152,183.748,2.122,2.128
111,130,basic,667.072,404.172,683.741,413.81,1.708,1.715
111,201,basic,76.436,50.203,82.654,54.591,0.994,0.969
111,202,basic,176.502,88.262,179.25,88.788,1.765,1.819
111,203,basic,262.602,177.603,262.673,177.488,1.369,1.374
111,204,basic,176.895,123.111,108.45,68.196,1.495,2.117
111,208,basic,200.666,168.126,231.45,194.047,1.258,1.323
111,209,basic,151.555,49.174,134.082,43.44,0.767,0.775
111,210,basic,195.325,79.496,193.597,78.963,1.421,1.407
111,211,basic,75.213,45.948,80.927,49.404,1.118,1.124
111,212,gifted,205.838,189.27,0.0,0.0,,
111,215,basic,125.257,70.784,126.959,70.89,1.044,1.095
111,218,basic,155.78,92.71,165.557,98.568,0.768,0.766
111,220,basic,87.008,72.644,89.022,73.981,1.364,1.392
111,221,basic,161.35,109.502,166.232,110.827,1.035,1.116
111,222,basic,149.148,79.623,157.021,82.343,2.569,2.695
111,225,basic,80.398,39.271,81.339,39.714,1.189,1.191
111,226,basic,254.051,166.275,261.101,171.699,1.293,1.278
111,229,basic,246.045,201.312,252.699,204.542,1.155,1.213
111,230,basic,110.023,71.855,79.449,51.815,1.066,1.071
111,233,basic,284.996,170.936,291.08,174.531,0.844,0.846
111,234,basic,72.635,59.165,83.027,66.569,1.17,1.263
111,235,basic,88.03,53.273,89.681,53.526,1.412,1.482
111,236,basic,53.516,48.031,54.619,48.977,1.054,1.059
111,239,basic,258.637,149.134,260.435,150.163,1.684,1.684
111,241,basic,384.031,123.419,375.069,119.715,1.929,1.97
111,242,basic,155.707,105.797,160.753,109.313,1.247,1.243
111,243,basic,218.426,110.434,235.628,119.209,0.989,0.986
111,244,basic,37.383,34.952,37.637,35.426,1.117,1.042
111,245,basic,318.884,281.46,322.955,284.954,1.257,1.262
111,246,basic,226.766,113.373,241.359,120.497,1.155,1.162
111,247,basic,367.841,115.776,358.522,113.345,1.636,1.609
111,248,basic,145.549,89.49,147.667,90.986,0.886,0.874
111,249,basic,30.648,23.338,31.026,23.612,0.879,0.882
111,250,basic,85.905,62.331,90.669,65.768,0.969,0.971
111,251,basic,126.377,59.934,130.977,61.897,1.361,1.381
111,252,basic,233.4,165.009,239.597,168.98,1.426,1.44
111,255,basic,86.523,55.51,87.993,56.624,0.839,0.822
111,257,basic,121.834,105.569,119.04,103.121,1.088,1.09
111,259,basic,154.313,112.041,157.441,114.905,1.286,1.254
111,261,basic,168.833,154.501,173.887,159.103,1.101,1.098
111,262,basic,191.28,145.885,146.961,111.39,1.073,1.109
111,264,basic,78.746,34.733,80.19,35.372,0.933,0.932
111,266,basic,104.558,84.103,101.645,82.027,0.889,0.868
111,267,basic,114.551,102.634,116.988,104.8,1.033,1.034
111,268,basic,108.3,102.885,107.949,102.551,1.066,1.06
111,269,basic,103.72,97.622,94.731,89.164,1.045,1.01
111,270,basic,162.268,108.762,164.079,109.862,1.509,1.514
111,272,basic,41.493,39.129,41.103,38.857,1.039,0.988
111,275,basic,95.76,90.44,96.692,91.282,1.187,1.191
111,276,basic,157.392,74.737,98.828,46.869,1.112,1.117
111,277,basic,128.163,80.736,51.763,32.285,1.028,1.085
111,279,basic,110.317,45.869,81.528,33.645,1.005,1.046
111,281,basic,70.916,46.021,75.903,49.199,0.82,0.826
111,282,basic,74.942,55.032,74.917,55.57,0.873,0.815
111,286,basic,184.369,115.451,190.109,116.868,1.978,2.088
111,287,basic,0.0,0.0,465.597,193.66,,0.969
111,287,gifted,190.0,174.707,0.0,0.0,,
111,288,basic,184.159,162.742,186.977,167.482,1.339,1.279
111,289,basic,155.641,136.235,184.914,161.214,1.367,1.417
111,291,basic,376.216,269.86,389.124,273.655,2.319,2.432
111,292,basic,565.139,321.153,620.408,353.423,1.535,1.599
111,930,basic,399.064,358.425,401.494,359.502,2.416,2.436
111,935,basic,438.082,306.971,457.872,326.098,1.912,1.833
111,939,basic,221.183,107.242,228.607,110.362,1.735,1.765
111,949,basic,381.975,317.298,496.106,414.115,1.634,1.686
111,955,basic,45.155,42.897,51.165,48.607,2.881,2.693
111,971,basic,0.0,0.0,565.491,239.529,,1.13
111,971,gifted,516.121,474.579,0.0,0.0,,
111,972,basic,261.159,192.055,264.756,193.471,1.97,2.0
111,974,basic,86.461,78.396,89.764,82.114,1.217,1.161
111,977,basic,247.26,182.882,202.973,147.691,1.336,1.438
112,103,basic,260.095,244.326,260.886,244.97,1.682,1.684
112,104,basic,141.555,55.442,153.5,62.197,2.633,2.441
112,105,basic,459.667,224.719,319.648,153.249,2.307,2.437
112,105,gifted,182.7,167.95,0.0,0.0,,
112,106,basic,444.498,283.586,328.927,211.778,1.825,1.749
112,106,gifted,113.71,104.53,0.0,0.0,,
112,107,basic,494.989,257.095,495.38,257.273,2.476,2.477
112,109,basic,152.838,110.841,155.233,112.909,2.173,2.155
112,110,basic,394.13,219.56,403.47,224.59,2.13,2.135
112,113,basic,391.181,257.349,266.749,173.979,2.385,2.428
112,113,gifted,133.343,122.578,0.0,0.0,,
112,115,basic,149.193,89.749,170.822,102.684,1.733,1.738
112,117,basic,258.926,175.024,223.053,152.914,2.336,2.242
112,117,gifted,89.905,82.647,0.0,0.0,,
112,118,basic,272.789,148.551,342.842,186.225,2.144,2.161
112,130,basic,662.894,408.709,679.668,418.51,1.746,1.754
112,201,basic,76.359,47.927,83.157,52.45,1.092,1.067
112,202,basic,166.571,82.319,168.934,82.942,1.629,1.671
112,203,basic,249.238,167.143,249.407,167.166,1.322,1.325
112,204,basic,182.234,126.683,109.601,69.199,1.419,2.086
112,208,basic,203.304,172.28,235.303,200.48,1.305,1.373
112,209,basic,142.686,41.184,126.549,36.481,0.782,0.789
112,210,basic,193.084,74.033,191.246,73.507,1.394,1.376
112,211,basic,71.747,42.355,76.715,45.261,1.1,1.105
112,212,gifted,205.997,189.366,0.0,0.0,,
112,215,basic,123.955,68.404,124.986,68.677,0.877,0.897
112,218,basic,162.929,91.928,173.75,98.056,0.775,0.774
112,220,basic,88.138,73.652,90.201,75.06,1.425,1.455
112,221,basic,160.636,107.007,165.147,108.415,0.99,1.067
112,222,basic,138.882,83.254,144.927,85.603,1.891,1.993
112,225,basic,79.251,36.067,80.139,36.459,1.283,1.285
112,226,basic,263.008,166.115,270.056,171.584,1.366,1.341
112,229,basic,253.17,205.641,259.97,208.99,1.154,1.218
112,230,basic,113.35,72.077,82.084,52.205,1.041,1.037
112,233,basic,281.161,160.196,287.196,163.585,0.848,0.85
112,234,basic,75.831,61.21,86.492,68.945,1.168,1.253
112,235,basic,77.322,47.411,78.317,47.696,1.165,1.203
112,236,basic,46.969,42.414,47.545,42.925,1.101,1.102
112,239,basic,274.26,153.041,276.236,154.094,1.744,1.746
112,241,basic,385.187,114.939,376.067,111.44,1.958,2.006
112,242,basic,159.442,105.602,164.755,109.195,1.232,1.228
112,243,basic,217.441,103.654,234.704,111.965,0.992,0.988
112,244,basic,36.454,34.127,36.7,34.569,1.192,1.098
112,245,basic,323.068,286.0,327.401,289.75,1.25,1.255
112,246,basic,234.757,110.51,251.017,117.899,1.185,1.199
112,247,basic,372.068,107.98,362.325,105.561,1.629,1.603
112,248,basic,143.076,83.756,145.171,85.133,0.886,0.875
112,249,basic,31.252,23.002,31.714,23.336,0.884,0.885
112,250,basic,87.318,61.972,91.471,64.911,0.952,0.953
112,251,basic,134.482,59.625,139.536,61.676,1.474,1.494
112,252,basic,241.511,167.479,247.951,171.503,1.534,1.551
112,255,basic,86.634,52.992,88.279,54.139,0.869,0.852
112,257,basic,121.986,105.71,118.826,102.961,1.101,1.102
112,259,basic,157.656,112.025,162.099,115.534,1.35,1.328
112,261,basic,168.206,155.387,173.041,159.851,1.084,1.079
112,262,basic,181.488,135.864,140.189,104.389,1.071,1.106
112,264,basic,79.375,32.285,80.831,32.879,0.93,0.93
112,266,basic,105.484,82.949,102.458,80.794,0.923,0.902
112,267,basic,119.049,105.511,121.227,107.44,1.015,1.015
112,268,basic,114.548,108.821,114.794,109.055,1.08,1.077
112,269,basic,104.755,98.993,95.929,90.671,1.032,0.998
112,270,basic,155.673,103.32,157.461,104.403,1.53,1.536
112,272,basic,40.976,38.731,40.536,38.376,1.069,1.01
112,275,basic,101.519,96.007,102.561,96.97,1.225,1.228
112,276,basic,151.44,67.221,94.363,41.853,1.142,1.145
112,277,basic,129.904,79.228,52.13,31.543,1.012,1.063
112,279,basic,110.596,42.501,81.24,31.03,1.005,1.043
112,281,basic,61.518,38.254,65.882,40.911,0.816,0.825
112,282,basic,78.905,56.383,79.14,57.021,0.883,0.828
112,286,basic,182.474,112.632,188.099,114.213,2.087,2.201
112,287,basic,0.0,0.0,457.782,176.341,,0.967
112,287,gifted,190.0,174.661,0.0,0.0,,
112,288,basic,193.338,169.899,196.631,175.702,1.502,1.415
112,289,basic,153.759,138.907,183.096,164.908,1.399,1.466
112,291,basic,375.418,277.462,388.867,281.444,2.476,2.615
112,292,basic,563.926,318.158,617.651,351.991,1.537,1.596
112,930,basic,398.954,369.88,401.373,371.589,2.356,2.368
112,935,basic,438.487,316.34,458.271,335.949,1.961,1.881
112,939,basic,223.032,104.257,230.578,107.368,1.823,1.856
112,949,basic,382.625,326.419,493.663,424.643,1.62,1.68
112,955,basic,45.676,43.392,52.076,49.472,2.788,2.608
112,971,basic,0.0,0.0,555.349,219.22,,1.121
112,971,gifted,515.376,473.768,0.0,0.0,,
112,972,basic,260.117,204.318,262.428,205.496,1.836,1.851
112,974,basic,88.149,80.929,91.867,84.939,1.199,1.147
112,977,basic,243.112,177.786,200.164,144.331,1.333,1.433
113,103,basic,287.594,255.889,288.583,256.561,1.627,1.631
113,104,basic,123.748,52.825,137.442,59.777,2.251,2.166
113,105,basic,452.479,218.239,313.102,147.626,2.31,2.439
113,105,gifted,182.184,166.63,0.0,0.0,,
113,106,basic,466.214,290.562,347.485,219.364,1.754,1.667
113,106,gifted,117.636,107.592,0.0,0.0,,
113,107,basic,490.18,249.611,490.548,249.764,2.436,2.437
113,109,basic,147.232,101.325,149.557,103.229,2.065,2.05
113,110,basic,404.728,220.371,414.504,225.436,2.138,2.145
113,113,basic,401.446,250.0,271.351,168.587,2.305,2.31
113,113,gifted,137.335,125.61,0.0,0.0,,
113,115,basic,151.633,89.656,173.552,102.537,1.713,1.718
113,117,basic,250.278,158.821,215.916,138.932,2.323,2.242
113,117,gifted,89.59,81.941,0.0,0.0,,
113,118,basic,275.328,148.307,344.905,185.287,2.086,2.102
113,130,basic,668.481,407.216,685.295,416.778,1.712,1.721
113,201,basic,81.185,52.675,87.782,57.332,1.047,1.017
113,202,basic,174.468,88.608,177.147,89.157,1.742,1.793
113,203,basic,258.079,173.473,258.178,173.431,1.334,1.338
113,204,basic,177.175,123.08,106.862,67.013,1.387,1.998
113,208,basic,208.725,170.844,240.14,196.52,1.236,1.302
113,209,basic,143.745,50.824,127.519,45.017,0.77,0.778
113,210,basic,193.393,82.743,191.613,82.189,1.415,1.399
113,211,basic,77.57,47.536,83.436,51.094,1.117,1.124
113,212,gifted,206.07,188.477,0.0,0.0,,
113,215,basic,116.565,69.812,117.622,70.085,0.871,0.891
113,218,basic,159.081,95.976,169.038,102.034,0.779,0.777
113,220,basic,87.253,70.424,89.266,71.696,1.391,1.419
113,221,basic,163.633,111.876,168.44,113.216,1.006,1.082
113,222,basic,141.198,80.514,147.919,82.805,2.097,2.21
113,225,basic,84.559,41.977,85.464,42.412,1.255,1.257
113,226,basic,243.736,161.821,250.663,167.126,1.22,1.207
113,229,basic,251.717,200.698,258.191,203.944,1.141,1.19
113,230,basic,113.854,74.404,82.318,53.804,1.036,1.032
113,233,basic,283.785,172.902,289.784,176.517,0.835,0.837
113,234,basic,72.756,57.732,82.327,64.373,1.147,1.231
113,235,basic,77.468,49.019,78.642,49.276,1.192,1.239
113,236,basic,55.056,48.341,55.96,49.113,1.12,1.122
113,239,basic,273.532,155.515,275.458,156.579,1.75,1.752
113,241,basic,384.806,132.08,375.324,128.242,1.901,1.927
113,242,basic,155.66,105.303,160.752,108.827,1.216,1.212
113,243,basic,219.902,114.562,237.065,123.605,0.986,0.982
113,244,basic,36.756,34.205,37.071,34.781,1.16,1.093
113,245,basic,322.772,278.36,326.84,281.847,1.222,1.225
113,246,basic,225.737,115.198,240.965,122.699,1.183,1.194
113,247,basic,370.445,125.692,360.791,123.076,1.605,1.574
113,248,basic,144.277,89.33,146.4,90.827,0.887,0.876
113,249,basic,26.006,19.284,26.342,19.511,0.951,0.957
113,250,basic,86.625,61.842,91.533,65.341,0.983,0.985
113,251,basic,130.106,63.729,134.753,65.803,1.376,1.393
113,252,basic,233.493,162.531,239.694,166.441,1.431,1.445
113,255,basic,85.273,54.737,86.701,55.81,0.855,0.839
113,257,basic,119.271,100.546,116.268,98.018,1.08,1.08
113,259,basic,157.514,111.031,161.478,114.257,1.334,1.31
113,261,basic,177.119,159.637,182.277,164.297,1.085,1.082
113,262,basic,184.456,138.348,142.137,105.95,1.067,1.101
113,264,basic,79.927,37.142,81.394,37.826,0.946,0.946
113,266,basic,104.247,82.223,101.317,80.153,0.907,0.887
113,267,basic,121.163,105.189,123.456,107.173,1.035,1.035
113,268,basic,108.058,102.655,107.802,102.411,1.068,1.064
113,269,basic,105.886,99.104,97.026,90.848,1.013,0.979
113,270,basic,163.061,106.356,164.851,107.42,1.565,1.57
113,272,basic,42.526,39.995,42.044,39.678,1.063,1.016
113,275,basic,98.291,91.978,99.225,92.809,1.181,1.184
113,276,basic,150.157,74.116,94.121,46.39,1.115,1.121
113,277,basic,127.56,80.562,51.334,32.11,1.023,1.076
113,279,basic,112.492,49.321,82.907,36.086,1.001,1.04
113,281,basic,70.361,45.798,75.139,48.868,0.814,0.818
113,282,basic,76.082,54.78,76.105,55.367,0.904,0.846
113,286,basic,176.906,110.611,182.591,111.914,1.908,2.022
113,287,basic,0.0,0.0,460.366,201.878,,0.966
113,287,gifted,190.0,173.779,0.0,0.0,,
113,288,basic,186.071,159.367,189.334,164.248,1.361,1.307
113,289,basic,154.65,131.031,184.023,155.018,1.342,1.401
113,291,basic,377.216,264.209,390.148,267.011,2.284,2.411
113,292,basic,565.945,326.381,620.129,358.509,1.493,1.55
113,930,basic,399.548,350.908,401.965,352.229,2.337,2.35
113,935,basic,437.807,304.089,457.595,323.044,1.822,1.743
113,939,basic,217.77,107.968,225.157,111.058,1.739,1.773
113,949,basic,377.005,305.786,486.124,395.003,1.552,1.613
113,955,basic,45.177,42.918,50.853,48.311,2.817,2.627
113,971,basic,0.0,0.0,560.012,248.829,,1.125
113,971,gifted,515.48,471.471,0.0,0.0,,
113,972,basic,264.684,192.86,267.533,194.077,1.861,1.882
113,974,basic,86.049,76.346,88.587,79.461,1.223,1.16
113,977,basic,244.619,176.775,201.583,143.315,1.328,1.429
114,103,basic,271.587,229.771,272.497,230.37,1.623,1.626
114,104,basic,122.894,51.276,136.832,58.366,2.307,2.219
114,105,basic,440.945,206.123,303.682,137.748,2.189,2.325
114,105,gifted,182.249,167.388,0.0,0.0,,
114,106,basic,446.312,270.756,329.938,203.333,1.748,1.663
114,106,gifted,115.282,105.881,0.0,0.0,,
114,107,basic,515.062,244.46,515.496,244.622,2.49,2.491
114,109,basic,148.48,97.43,150.632,99.182,2.072,2.058
114,110,basic,393.551,217.547,403.048,222.499,2.124,2.13
114,113,basic,381.35,219.93,255.458,146.758,2.313,2.326
114,113,gifted,133.065,122.215,0.0,0.0,,
114,115,basic,151.3,85.689,173.399,98.094,1.726,1.731
114,117,basic,258.682,159.566,224.079,140.367,2.307,2.235
114,117,gifted,90.066,82.722,0.0,0.0,,
114,118,basic,247.528,129.466,309.819,161.666,2.041,2.052
114,130,basic,668.108,418.106,684.909,427.847,1.705,1.712
114,201,basic,83.886,55.64,91.865,61.287,1.026,1.01
114,202,basic,169.173,90.721,171.726,91.146,1.555,1.599
114,203,basic,271.039,183.126,271.145,183.036,1.31,1.314
114,204,basic,178.391,121.234,109.713,64.954,1.447,2.107
114,208,basic,207.053,170.776,238.561,194.965,1.213,1.281
114,209,basic,154.651,65.134,135.559,57.043,0.778,0.781
114,210,basic,193.013,93.56,191.157,92.976,1.377,1.359
114,211,basic,76.845,48.212,83.284,52.134,1.107,1.12
114,212,gifted,205.547,188.787,0.0,0.0,,
114,215,basic,119.999,81.516,121.188,81.78,0.897,0.918
114,218,basic,156.884,101.632,166.421,107.875,0.753,0.751
114,220,basic,84.301,69.137,86.224,70.302,1.244,1.268
114,221,basic,165.411,128.73,169.975,130.086,0.931,0.988
114,222,basic,147.268,84.242,154.37,86.212,1.912,2.022
114,225,basic,78.201,41.977,79.06,42.422,1.179,1.181
114,226,basic,250.219,186.89,257.147,192.899,1.195,1.187
114,229,basic,250.584,200.595,257.537,203.314,1.125,1.181
114,230,basic,114.925,75.192,82.128,53.734,1.058,1.054
114,233,basic,281.671,185.274,287.583,189.126,0.825,0.826
114,234,basic,73.164,57.16,84.543,64.575,1.183,1.285
114,235,basic,78.494,53.724,79.788,53.943,1.18,1.226
114,236,basic,47.951,42.583,48.774,43.286,1.054,1.056
114,239,basic,265.939,153.873,267.79,154.905,1.645,1.646
114,241,basic,383.757,144.743,374.985,139.807,1.864,1.918
114,242,basic,155.178,107.625,160.934,111.723,1.232,1.229
114,243,basic,214.711,120.645,231.576,130.224,0.975,0.972
114,244,basic,35.458,32.717,35.775,33.314,1.071,1.022
114,245,basic,318.53,281.424,322.666,285.059,1.228,1.232
114,246,basic,233.491,126.278,249.992,134.745,1.179,1.192
114,247,basic,366.623,140.071,356.788,137.231,1.561,1.53
114,248,basic,149.986,96.406,152.306,98.136,0.904,0.894
114,249,basic,31.33,25.07,31.734,25.382,0.861,0.862
114,250,basic,90.568,64.776,95.731,68.437,0.974,0.977
114,251,basic,137.034,75.795,142.013,78.242,1.362,1.379
114,252,basic,241.248,172.629,247.511,176.587,1.397,1.41
114,255,basic,88.268,58.572,90.041,59.939,0.844,0.831
114,257,basic,128.292,109.674,125.338,107.12,1.08,1.082
114,259,basic,157.331,108.114,161.606,111.569,1.313,1.29
114,261,basic,173.985,155.666,179.176,160.32,1.06,1.057
114,262,basic,183.8,141.485,142.174,108.594,1.071,1.105
114,264,basic,79.977,45.035,81.426,45.853,0.922,0.922
114,266,basic,102.553,85.982,99.454,83.743,0.913,0.891
114,267,basic,113.661,102.833,115.898,104.849,1.037,1.038
114,268,basic,110.127,104.619,110.214,104.7,1.08,1.078
114,269,basic,104.757,96.866,95.678,88.545,1.037,1.005
114,270,basic,149.764,97.326,151.51,98.32,1.394,1.399
114,272,basic,40.422,37.404,39.866,37.157,1.056,1.008
114,275,basic,97.45,90.362,98.394,91.178,1.145,1.148
114,276,basic,154.676,86.696,96.27,53.901,1.127,1.129
114,277,basic,125.64,80.971,50.488,32.172,1.011,1.06
114,279,basic,109.848,54.085,80.96,39.529,0.988,1.023
114,281,basic,70.078,46.826,75.695,50.398,0.822,0.837
114,282,basic,75.329,54.001,75.177,54.564,0.886,0.832
114,286,basic,175.375,120.738,180.848,121.857,1.668,1.761
114,287,basic,0.0,0.0,443.626,216.532,,0.945
114,287,gifted,190.0,174.507,0.0,0.0,,
114,288,basic,193.003,160.747,196.41,166.122,1.356,1.304
114,289,basic,161.551,122.44,191.741,144.061,1.34,1.39
114,291,basic,374.301,255.095,387.321,257.112,2.2,2.316
114,292,basic,564.257,328.892,618.74,357.903,1.472,1.535
114,930,basic,398.77,311.654,401.191,312.598,2.23,2.243
114,935,basic,437.548,286.323,457.321,304.544,1.779,1.704
114,939,basic,216.036,114.951,223.213,118.117,1.668,1.695
114,949,basic,380.013,280.692,491.767,360.782,1.514,1.576
114,955,basic,47.198,44.816,54.193,51.461,2.721,2.516
114,971,basic,0.0,0.0,565.663,276.505,,1.124
114,971,gifted,516.082,474.0,0.0,0.0,,
114,972,basic,261.292,180.018,264.245,181.087,1.816,1.837
114,974,basic,85.908,71.904,88.939,75.389,1.185,1.134
114,977,basic,233.199,164.493,195.771,135.093,1.309,1.416
115,103,basic,265.254,237.155,266.044,237.772,1.658,1.66
115,104,basic,131.927,54.592,140.327,59.886,2.501,2.307
115,105,basic,452.181,221.268,311.657,150.006,2.296,2.418
115,105,gifted,183.587,167.665,0.0,0.0,,
115,106,basic,477.051,291.849,353.402,217.709,1.847,1.778
115,106,gifted,118.362,108.097,0.0,0.0,,
115,107,basic,518.504,265.722,518.886,265.893,2.539,2.54
115,109,basic,154.876,106.4,157.774,108.638,2.148,2.132
115,110,basic,406.858,220.173,416.142,225.029,2.183,2.188
115,113,basic,392.382,245.323,266.028,165.231,2.383,2.417
115,113,gifted,136.465,124.63,0.0,0.0,,
115,115,basic,160.89,93.992,184.405,107.651,1.751,1.756
115,117,basic,272.939,174.639,235.856,152.86,2.373,2.276
115,117,gifted,90.687,82.822,0.0,0.0,,
115,118,basic,275.422,148.577,342.39,184.592,2.114,2.119
115,130,basic,666.518,399.273,683.198,408.824,1.759,1.767
115,201,basic,79.117,50.807,85.837,55.392,1.077,1.048
115,202,basic,165.757,87.202,168.196,87.924,1.626,1.672
115,203,basic,259.566,175.443,259.723,175.449,1.328,1.332
115,204,basic,175.902,121.925,108.556,69.145,1.491,2.154
115,208,basic,209.504,169.505,240.753,195.01,1.282,1.351
115,209,basic,152.099,51.524,133.477,45.183,0.771,0.776
115,210,basic,194.621,82.184,192.81,81.584,1.435,1.418
115,211,basic,74.876,45.662,79.533,48.5,1.103,1.105
115,212,gifted,205.333,187.525,0.0,0.0,,
115,215,basic,123.367,71.913,124.466,72.228,0.903,0.928
115,218,basic,160.624,94.597,170.862,100.648,0.774,0.773
115,220,basic,87.318,71.248,89.441,72.679,1.434,1.466
115,221,basic,162.22,109.076,166.683,110.639,1.032,1.11
115,222,basic,143.235,86.493,149.997,89.194,2.016,2.14
115,225,basic,88.813,43.797,89.8,44.272,1.259,1.261
115,226,basic,251.473,164.375,258.413,169.603,1.286,1.266
115,229,basic,254.995,202.607,261.966,206.355,1.163,1.224
115,230,basic,109.066,70.628,78.64,50.882,1.052,1.056
115,233,basic,276.951,164.901,282.841,168.377,0.837,0.839
115,234,basic,75.451,59.9,85.076,66.865,1.166,1.242
115,235,basic,84.437,52.772,85.691,53.121,1.253,1.306
115,236,basic,47.543,42.452,48.286,43.099,1.075,1.077
115,239,basic,278.819,162.395,280.791,163.506,1.718,1.72
115,241,basic,384.045,131.83,375.161,128.082,1.973,2.015
115,242,basic,153.817,103.693,159.369,107.52,1.236,1.231
115,243,basic,219.059,111.845,236.205,120.68,0.984,0.979
115,244,basic,35.164,33.03,35.44,33.44,1.1,1.036
115,245,basic,324.226,280.368,328.627,284.078,1.22,1.225
115,246,basic,234.585,118.934,249.788,126.433,1.17,1.18
115,247,basic,372.593,124.991,363.159,122.297,1.661,1.631
115,248,basic,142.14,86.572,144.159,87.933,0.888,0.877
115,249,basic,27.636,20.452,27.948,20.685,0.896,0.895
115,250,basic,87.797,62.167,92.557,65.526,0.982,0.984
115,251,basic,124.297,59.971,128.873,62.012,1.42,1.44
115,252,basic,233.558,163.14,239.715,167.14,1.447,1.461
115,255,basic,89.756,56.695,91.636,58.005,0.852,0.837
115,257,basic,118.349,99.476,115.496,97.086,1.06,1.06
115,259,basic,155.938,111.429,159.565,114.456,1.297,1.267
115,261,basic,172.592,156.534,177.794,161.194,1.114,1.113
115,262,basic,189.513,140.852,146.05,108.026,1.087,1.123
115,264,basic,79.851,35.898,81.303,36.552,0.95,0.95
115,266,basic,103.51,80.274,100.47,78.095,0.914,0.894
115,267,basic,111.514,96.636,113.619,98.456,1.011,1.011
115,268,basic,110.66,105.127,110.69,105.155,1.057,1.053
115,269,basic,103.365,97.247,94.172,88.601,1.067,1.035
115,270,basic,153.489,103.606,155.277,104.7,1.465,1.472
115,272,basic,45.326,42.769,45.046,42.6,1.081,1.027
115,275,basic,92.307,86.89,93.195,87.69,1.195,1.199
115,276,basic,148.964,71.647,93.025,44.669,1.148,1.157
115,277,basic,123.298,77.049,49.487,30.717,1.019,1.068
115,279,basic,103.964,44.344,75.923,32.195,1.016,1.058
115,281,basic,66.644,42.524,71.471,45.543,0.828,0.838
115,282,basic,70.932,50.716,70.94,51.122,0.884,0.826
115,286,basic,180.477,115.682,186.0,117.511,1.979,2.091
115,287,basic,0.0,0.0,436.846,186.763,,0.953
115,287,gifted,190.0,173.522,0.0,0.0,,
115,288,basic,189.364,165.178,192.889,170.073,1.37,1.308
115,289,basic,154.677,130.991,183.94,155.377,1.372,1.419
115,291,basic,374.244,268.423,387.191,272.646,2.378,2.511
115,292,basic,561.91,320.595,617.155,352.413,1.55,1.626
115,930,basic,398.626,364.522,401.041,366.218,2.33,2.341
115,935,basic,438.101,305.937,458.088,323.754,1.919,1.847
115,939,basic,217.772,107.696,225.132,110.927,1.8,1.832
115,949,basic,380.524,311.782,493.145,405.128,1.612,1.671
115,955,basic,45.077,42.823,51.412,48.842,2.814,2.622
115,971,basic,0.0,0.0,564.518,245.808,,1.135
115,971,gifted,515.989,471.239,0.0,0.0,,
115,972,basic,257.222,191.505,259.847,192.854,1.858,1.876
115,974,basic,88.675,80.342,91.666,83.756,1.203,1.138
115,977,basic,227.718,165.951,192.93,138.772,1.332,1.437
116,103,basic,277.43,245.109,278.334,245.756,1.612,1.615
116,104,basic,125.112,56.687,138.392,63.956,2.286,2.196
116,105,basic,443.177,232.113,308.695,157.7,2.273,2.415
116,105,gifted,181.414,166.5,0.0,0.0,,
116,106,basic,452.004,291.114,334.925,218.926,1.742,1.643
116,106,gifted,116.024,106.486,0.0,0.0,,
116,107,basic,517.206,276.377,517.424,276.476,2.52,2.52
116,109,basic,145.628,99.779,148.07,101.738,2.088,2.074
116,110,basic,391.854,211.404,401.341,216.284,2.127,2.133
116,113,basic,384.38,245.762,261.384,166.282,2.357,2.377
116,113,gifted,134.188,123.157,0.0,0.0,,
116,115,basic,150.991,94.659,173.15,108.457,1.749,1.754
116,117,basic,259.992,162.21,224.35,142.007,2.335,2.251
116,117,gifted,90.144,82.734,0.0,0.0,,
116,118,basic,264.445,149.795,330.787,187.034,2.105,2.116
116,130,basic,659.125,396.517,675.815,405.873,1.696,1.705
116,201,basic,76.038,51.74,81.896,56.038,0.937,0.912
116,202,basic,167.211,88.532,169.818,89.142,1.673,1.72
116,203,basic,260.37,177.139,260.46,177.054,1.353,1.358
116,204,basic,176.144,122.622,109.018,67.773,1.427,2.102
116,208,basic,207.016,164.309,239.472,190.751,1.264,1.329
116,209,basic,146.689,54.323,129.37,47.832,0.786,0.795
116,210,basic,192.035,81.68,190.309,81.102,1.446,1.433
116,211,basic,70.211,44.533,77.373,48.961,1.144,1.16
116,212,gifted,205.492,188.599,0.0,0.0,,
116,215,basic,117.454,64.88,119.26,64.949,1.006,1.065
116,218,basic,155.594,96.802,165.224,102.854,0.76,0.757
116,220,basic,85.842,66.171,88.017,67.469,1.47,1.503
116,221,basic,161.509,101.92,166.123,103.138,1.001,1.073
116,222,basic,152.317,85.017,159.693,87.489,2.292,2.412
116,225,basic,83.246,43.082,84.177,43.539,1.219,1.222
116,226,basic,251.929,149.396,258.797,154.641,1.316,1.288
116,229,basic,247.57,195.292,254.873,198.533,1.147,1.213
116,230,basic,103.828,71.585,75.79,52.198,0.976,0.98
116,233,basic,281.803,173.761,287.815,177.42,0.829,0.83
116,234,basic,80.758,62.995,94.464,72.157,1.24,1.362
116,235,basic,83.935,50.544,85.153,50.781,1.252,1.299
116,236,basic,54.194,45.261,55.2,46.069,1.04,1.044
116,239,basic,286.046,168.642,288.042,169.785,1.702,1.704
116,241,basic,384.334,137.503,375.551,133.095,1.913,1.968
116,242,basic,153.928,103.681,159.541,107.552,1.236,1.232
116,243,basic,215.821,116.562,233.14,125.981,0.993,0.991
116,244,basic,36.501,33.828,36.592,34.29,1.131,1.044
116,245,basic,323.815,255.968,328.179,259.289,1.261,1.266
116,246,basic,231.396,123.978,246.179,131.835,1.129,1.13
116,247,basic,367.122,130.859,357.841,128.153,1.602,1.575
116,248,basic,147.812,95.002,150.0,96.635,0.894,0.881
116,249,basic,30.161,21.927,30.553,22.185,0.901,0.907
116,250,basic,85.778,63.732,90.482,67.189,0.954,0.958
116,251,basic,130.771,61.545,135.805,63.671,1.401,1.423
116,252,basic,243.973,163.805,250.434,167.684,1.469,1.484
116,255,basic,88.196,58.958,89.796,60.199,0.853,0.838
116,257,basic,124.322,100.632,120.937,97.921,1.102,1.101
116,259,basic,155.601,114.513,159.351,117.795,1.284,1.257
116,261,basic,179.909,158.838,185.574,163.908,1.094,1.09
116,262,basic,184.849,137.198,141.73,104.587,1.049,1.082
116,264,basic,78.446,34.868,79.884,35.51,0.925,0.925
116,266,basic,109.06,81.608,105.954,79.561,0.921,0.899
116,267,basic,119.426,97.315,121.811,99.246,1.027,1.028
116,268,basic,110.393,104.874,110.289,104.774,1.053,1.048
116,269,basic,103.24,95.172,94.156,86.881,1.053,1.024
116,270,basic,158.829,109.223,160.625,110.355,1.495,1.5
116,272,basic,41.716,39.127,41.137,38.773,1.084,1.022
116,275,basic,99.996,92.41,101.034,93.308,1.166,1.17
116,276,basic,144.71,69.934,90.947,43.886,1.126,1.133
116,277,basic,121.878,80.427,49.074,32.088,1.017,1.068
116,279,basic,102.39,46.556,75.126,33.899,1.008,1.049
116,281,basic,67.35,45.789,71.909,48.829,0.819,0.826
116,282,basic,72.89,55.396,73.108,56.107,0.859,0.805
116,286,basic,183.308,102.366,188.99,103.629,2.059,2.168
116,287,basic,0.0,0.0,450.451,208.478,,0.95
116,287,gifted,190.0,174.381,0.0,0.0,,
116,288,basic,188.973,156.302,192.054,161.685,1.437,1.361
116,289,basic,154.032,138.539,183.582,164.444,1.404,1.459
116,291,basic,380.801,248.794,394.506,251.343,2.454,2.596
116,292,basic,562.2,335.651,615.559,369.814,1.491,1.548
116,930,basic,399.278,352.92,401.712,353.745,2.403,2.425
116,935,basic,437.09,310.827,456.537,330.944,1.84,1.75
116,939,basic,216.093,106.657,223.471,109.8,1.751,1.782
116,949,basic,376.961,317.742,490.002,415.425,1.617,1.675
116,955,basic,44.067,41.863,50.407,47.886,2.828,2.651
116,971,basic,0.0,0.0,563.238,261.336,,1.116
116,971,gifted,516.067,473.643,0.0,0.0,,
116,972,basic,261.116,190.329,264.404,191.541,1.927,1.954
116,974,basic,87.281,78.409,91.304,82.692,1.241,1.197
116,977,basic,234.933,175.119,196.456,143.916,1.318,1.424
117,103,basic,276.342,251.603,277.289,252.268,1.64,1.643
117,104,basic,111.594,41.26,122.001,46.359,2.298,2.188
117,105,basic,476.558,208.298,327.703,139.789,2.328,2.436
117,105,gifted,183.88,168.431,0.0,0.0,,
117,106,basic,464.66,278.855,344.469,210.26,1.755,1.666
117,106,gifted,117.462,107.593,0.0,0.0,,
117,107,basic,508.279,236.431,508.705,236.582,2.476,2.477
117,109,basic,144.765,98.294,147.367,100.382,2.049,2.036
117,110,basic,399.275,198.101,408.499,202.453,2.074,2.079
117,113,basic,382.692,231.874,253.931,153.374,2.299,2.309
117,113,gifted,134.554,123.249,0.0,0.0,,
117,115,basic,149.324,85.216,170.738,97.358,1.716,1.719
117,117,basic,249.622,151.658,213.827,132.612,2.274,2.182
117,117,gifted,89.195,81.701,0.0,0.0,,
117,118,basic,274.308,136.677,343.636,170.761,2.116,2.129
117,130,basic,659.342,377.755,676.006,386.652,1.667,1.674
117,201,basic,79.577,53.321,87.28,58.793,1.034,1.021
117,202,basic,170.6,85.297,173.14,85.693,1.598,1.64
117,203,basic,260.527,183.494,260.643,183.431,1.29,1.293
117,204,basic,179.385,130.423,109.934,69.197,1.379,2.036
117,208,basic,206.698,177.092,238.98,203.485,1.245,1.318
117,209,basic,147.667,44.238,130.135,38.924,0.787,0.793
117,210,basic,193.736,73.527,191.985,73.067,1.385,1.371
117,211,basic,75.599,47.564,81.019,50.893,1.09,1.098
117,212,gifted,205.93,188.628,0.0,0.0,,
117,215,basic,119.423,69.243,120.473,69.491,0.857,0.873
117,218,basic,159.114,96.963,168.542,102.757,0.763,0.761
117,220,basic,87.878,72.891,90.029,74.233,1.387,1.415
117,221,basic,162.635,112.52,167.076,113.68,0.914,0.968
117,222,basic,143.788,87.682,150.538,89.625,1.784,1.885
117,225,basic,81.094,38.495,81.965,38.894,1.211,1.213
117,226,basic,257.058,164.694,263.995,170.143,1.234,1.222
117,229,basic,249.327,215.255,256.3,218.149,1.137,1.192
117,230,basic,112.597,76.933,80.934,55.308,1.025,1.02
117,233,basic,283.209,173.027,289.239,176.657,0.823,0.824
117,234,basic,77.163,66.22,88.145,74.113,1.139,1.229
117,235,basic,76.704,48.693,77.805,48.883,1.123,1.159
117,236,basic,53.459,47.579,54.283,48.293,1.086,1.087
117,239,basic,266.084,152.503,267.955,153.528,1.669,1.67
117,241,basic,383.055,112.143,374.262,108.389,1.837,1.885
117,242,basic,160.467,112.057,165.904,115.999,1.214,1.21
117,243,basic,217.018,109.132,233.964,117.749,0.974,0.972
117,244,basic,36.928,34.426,37.165,34.915,1.144,1.072
117,245,basic,326.885,291.214,331.215,294.978,1.235,1.241
117,246,basic,228.773,112.28,244.878,119.721,1.162,1.177
117,247,basic,367.311,106.027,357.919,103.988,1.544,1.515
117,248,basic,150.49,95.272,152.785,96.961,0.891,0.881
117,249,basic,32.377,25.71,32.819,26.046,0.857,0.859
117,250,basic,86.235,65.998,91.2,69.77,0.977,0.98
117,251,basic,130.774,58.384,135.424,60.215,1.334,1.351
117,252,basic,243.614,172.707,249.977,176.67,1.439,1.452
117,255,basic,88.453,58.989,90.121,60.325,0.84,0.825
117,257,basic,123.28,110.446,120.197,107.702,1.088,1.088
117,259,basic,161.462,121.931,165.825,125.833,1.312,1.29
117,261,basic,174.776,160.677,180.067,165.437,1.099,1.097
117,262,basic,187.915,149.526,144.485,114.073,1.058,1.09
117,264,basic,78.206,32.198,79.625,32.784,0.925,0.924
117,266,basic,103.767,86.443,100.806,84.323,0.892,0.872
117,267,basic,120.598,111.589,122.855,113.675,1.03,1.03
117,268,basic,110.898,105.353,110.827,105.286,1.069,1.066
117,269,basic,104.857,98.706,95.875,90.251,1.024,0.989
117,270,basic,158.144,110.41,159.923,111.5,1.453,1.458
117,272,basic,43.902,41.381,43.518,41.128,1.062,1.01
117,275,basic,98.75,93.173,99.715,94.048,1.176,1.179
117,276,basic,151.241,68.08,94.537,42.492,1.133,1.138
117,277,basic,128.978,84.325,51.655,33.371,1.006,1.055
117,279,basic,101.892,40.626,75.53,29.808,0.996,1.037
117,281,basic,63.685,43.232,68.54,46.391,0.815,0.826
117,282,basic,80.581,62.528,80.707,63.455,0.911,0.856
117,286,basic,170.134,111.224,175.417,112.263,1.573,1.658
117,287,basic,0.0,0.0,457.083,183.899,,0.955
117,287,gifted,190.0,174.037,0.0,0.0,,
117,288,basic,188.287,167.138,191.565,172.503,1.362,1.312
117,289,basic,154.873,140.015,184.479,165.567,1.371,1.429
117,291,basic,369.359,267.642,382.28,270.222,2.118,2.225
117,292,basic,563.911,316.906,618.612,347.799,1.483,1.538
117,930,basic,398.545,364.315,400.962,365.781,2.354,2.365
117,935,basic,438.038,313.229,457.875,333.739,1.801,1.728
117,939,basic,219.59,100.511,226.964,103.287,1.672,1.701
117,949,basic,378.788,326.241,488.416,420.616,1.532,1.592
117,955,basic,46.477,44.153,53.114,50.458,2.751,2.544
117,971,basic,0.0,0.0,554.945,226.257,,1.111
117,971,gifted,515.141,471.861,0.0,0.0,,
117,972,basic,263.062,199.667,265.776,200.809,1.829,1.845
117,974,basic,86.162,79.11,89.297,82.733,1.206,1.152
117,977,basic,243.096,189.708,200.438,152.979,1.299,1.402
118,103,basic,267.11,225.979,267.958,226.579,1.614,1.617
118,104,basic,133.846,54.715,144.596,60.817,2.396,2.244
118,105,basic,436.049,203.527,301.979,137.904,2.291,2.432
118,105,gifted,178.497,163.995,0.0,0.0,,
118,106,basic,462.081,271.755,341.581,202.794,1.825,1.748
118,106,gifted,116.56,107.09,0.0,0.0,,
118,107,basic,496.052,241.51,496.433,241.667,2.491,2.492
118,109,basic,146.398,95.388,148.742,97.165,2.112,2.097
118,110,basic,398.279,214.284,407.645,219.116,2.12,2.126
118,113,basic,390.318,229.165,261.195,152.247,2.345,2.379
118,113,gifted,135.162,124.181,0.0,0.0,,
118,115,basic,142.231,79.572,162.396,90.836,1.73,1.731
118,117,basic,257.331,158.635,222.88,139.159,2.301,2.219
118,117,gifted,89.407,82.144,0.0,0.0,,
118,118,basic,256.578,131.981,323.411,165.91,2.136,2.154
118,130,basic,667.803,393.687,684.805,403.069,1.769,1.778
118,201,basic,77.959,52.122,84.608,56.88,1.024,0.997
118,202,basic,173.137,93.552,175.6,94.206,1.682,1.725
118,203,basic,255.55,176.871,255.665,176.845,1.306,1.309
118,204,basic,182.117,128.056,110.964,70.372,1.459,2.147
118,208,basic,202.634,164.739,235.096,189.665,1.249,1.318
118,209,basic,153.091,59.206,135.812,52.425,0.784,0.795
118,210,basic,191.426,89.414,189.666,88.761,1.402,1.387
118,211,basic,76.421,48.128,82.468,51.869,1.12,1.13
118,212,gifted,206.027,189.289,0.0,0.0,,
118,215,basic,117.164,74.066,118.43,74.317,0.931,0.965
118,218,basic,155.12,96.96,165.133,103.258,0.779,0.777
118,220,basic,83.996,69.86,85.944,71.157,1.331,1.36
118,221,basic,165.085,120.639,169.657,122.179,0.99,1.063
118,222,basic,139.208,82.778,145.969,85.289,2.086,2.206
118,225,basic,73.99,39.27,74.753,39.662,1.177,1.179
118,226,basic,255.884,178.469,262.886,184.625,1.351,1.321
118,229,basic,244.753,197.704,251.552,200.714,1.149,1.221
118,230,basic,103.457,68.602,74.729,49.512,1.061,1.063
118,233,basic,282.789,178.857,288.747,182.583,0.856,0.858
118,234,basic,78.596,62.181,91.338,71.04,1.245,1.356
118,235,basic,80.558,53.635,81.726,53.945,1.22,1.267
118,236,basic,50.781,45.621,51.598,46.336,1.079,1.081
118,239,basic,278.776,164.935,280.754,166.064,1.743,1.744
118,241,basic,386.053,144.604,377.233,140.046,1.939,1.998
118,242,basic,158.044,109.777,163.25,113.465,1.246,1.243
118,243,basic,219.28,119.765,236.655,129.343,0.995,0.991
118,244,basic,36.802,34.227,37.062,34.759,1.143,1.066
118,245,basic,315.921,279.237,319.938,282.786,1.261,1.263
118,246,basic,235.14,125.778,251.471,134.316,1.205,1.213
118,247,basic,364.257,135.127,354.806,132.184,1.634,1.607
118,248,basic,143.16,91.131,145.224,92.619,0.885,0.873
118,249,basic,28.998,22.418,29.373,22.695,0.894,0.897
118,250,basic,82.544,59.707,87.243,63.086,0.971,0.973
118,251,basic,134.446,70.769,139.419,73.166,1.451,1.471
118,252,basic,243.15,173.857,249.544,177.982,1.5,1.516
118,255,basic,88.221,57.799,89.92,59.056,0.865,0.85
118,257,basic,119.413,102.611,116.718,100.267,1.08,1.082
118,259,basic,168.244,119.289,174.009,123.623,1.372,1.358
118,261,basic,171.489,156.126,176.422,160.603,1.072,1.07
118,262,basic,187.173,143.639,143.989,109.922,1.074,1.107
118,264,basic,82.42,42.323,83.914,43.092,0.926,0.926
118,266,basic,106.515,86.821,103.608,84.676,0.912,0.893
118,267,basic,113.021,100.825,115.177,102.743,1.031,1.032
118,268,basic,109.392,103.922,109.146,103.689,1.061,1.057
118,269,basic,105.203,98.463,96.162,90.013,1.062,1.03
118,270,basic,161.576,107.586,163.424,108.688,1.548,1.554
118,272,basic,41.71,39.203,41.351,39.007,1.037,0.988
118,275,basic,100.161,93.955,101.195,94.882,1.211,1.214
118,276,basic,151.145,80.287,94.22,49.998,1.139,1.143
118,277,basic,128.568,82.947,52.029,33.228,1.03,1.094
118,279,basic,111.768,52.307,82.844,38.473,1.026,1.073
118,281,basic,65.906,43.735,70.588,46.779,0.813,0.821
118,282,basic,78.256,56.912,78.709,57.729,0.879,0.826
118,286,basic,170.703,114.355,176.256,115.995,1.918,2.032
118,287,basic,0.0,0.0,457.252,213.686,,0.967
118,287,gifted,190.0,174.564,0.0,0.0,,
118,288,basic,195.689,168.031,198.988,173.304,1.416,1.348
118,289,basic,160.084,124.583,190.724,147.156,1.385,1.448
118,291,basic,374.369,261.943,387.631,265.058,2.346,2.483
118,292,basic,563.738,326.208,619.617,355.66,1.512,1.584
118,930,basic,399.414,343.514,401.834,344.798,2.314,2.328
118,935,basic,437.793,296.639,457.477,314.249,1.867,1.782
118,939,basic,218.377,113.205,225.686,116.461,1.746,1.777
118,949,basic,380.096,292.048,490.037,374.927,1.548,1.599
118,955,basic,45.219,42.958,51.492,48.917,2.787,2.59
118,971,basic,0.0,0.0,560.817,265.64,,1.136
118,971,gifted,516.172,474.237,0.0,0.0,,
118,972,basic,262.634,188.085,265.441,189.348,1.855,1.876
118,974,basic,88.624,77.794,92.259,81.758,1.251,1.196
118,977,basic,245.331,178.127,203.038,145.092,1.366,1.475
119,103,basic,274.058,254.099,274.88,254.764,1.67,1.672
119,104,basic,117.483,41.555,125.36,45.992,2.481,2.3
119,105,basic,466.101,207.951,324.015,141.411,2.319,2.446
119,105,gifted,182.969,168.101,0.0,0.0,,
119,106,basic,447.649,265.051,327.257,196.274,1.8,1.708
119,106,gifted,115.315,105.945,0.0,0.0,,
119,107,basic,532.974,253.782,533.288,253.912,2.519,2.52
119,109,basic,154.122,104.985,156.75,107.084,2.125,2.11
119,110,basic,405.511,194.975,415.106,199.4,2.137,2.142
119,113,basic,384.721,237.07,260.723,159.254,2.373,2.411
119,113,gifted,133.749,122.881,0.0,0.0,,
119,115,basic,147.975,84.017,169.337,96.079,1.733,1.738
119,117,basic,244.441,149.456,209.739,130.315,2.322,2.23
119,117,gifted,89.002,81.77,0.0,0.0,,
119,118,basic,254.545,127.246,320.288,159.771,2.149,2.162
119,130,basic,666.009,365.684,682.863,374.365,1.728,1.736
119,201,basic,78.813,53.834,85.221,58.526,0.947,0.924
119,202,basic,166.279,83.938,168.866,84.51,1.65,1.697
119,203,basic,254.65,181.366,254.733,181.274,1.336,1.341
119,204,basic,179.469,133.74,110.258,73.677,1.428,2.077
119,208,basic,203.503,175.134,235.316,201.982,1.256,1.327
119,209,basic,155.867,42.365,137.221,37.239,0.779,0.787
119,210,basic,193.451,70.184,191.694,69.728,1.385,1.368
119,211,basic,77.196,48.17,84.358,52.537,1.133,1.146
119,212,gifted,205.507,188.808,0.0,0.0,,
119,215,basic,125.359,66.255,127.097,66.31,1.017,1.071
119,218,basic,155.978,91.755,165.648,97.488,0.771,0.768
119,220,basic,92.612,78.478,94.895,80.003,1.466,1.5
119,221,basic,162.907,106.734,167.428,108.014,0.963,1.03
119,222,basic,156.492,90.175,164.111,92.788,2.366,2.489
119,225,basic,91.225,42.319,92.264,42.778,1.24,1.243
119,226,basic,264.872,160.435,271.912,165.957,1.371,1.344
119,229,basic,249.715,219.13,256.93,222.802,1.155,1.217
119,230,basic,111.088,76.297,80.602,55.244,1.036,1.044
119,233,basic,279.182,164.596,285.168,168.067,0.831,0.832
119,234,basic,76.476,66.45,89.342,76.09,1.224,1.343
119,235,basic,81.308,49.248,82.563,49.482,1.258,1.309
119,236,basic,51.342,46.479,52.326,47.343,1.072,1.075
119,239,basic,271.104,159.462,273.053,160.58,1.707,1.708
119,241,basic,385.049,109.004,376.186,105.571,1.922,1.973
119,242,basic,155.822,109.362,161.417,113.39,1.224,1.22
119,243,basic,213.26,103.591,230.191,111.875,0.974,0.971
119,244,basic,35.488,33.307,35.609,33.606,1.203,1.087
119,245,basic,319.929,287.434,324.127,291.206,1.265,1.27
119,246,basic,247.142,118.805,264.26,126.779,1.186,1.196
119,247,basic,370.128,101.242,360.936,99.226,1.619,1.59
119,248,basic,144.626,90.227,146.646,91.704,0.893,0.88
119,249,basic,31.324,24.339,31.762,24.649,0.891,0.897
119,250,basic,87.836,68.09,92.989,72.037,0.96,0.964
119,251,basic,133.401,56.361,138.409,58.257,1.406,1.427
119,252,basic,240.532,171.834,246.853,175.867,1.478,1.493
119,255,basic,88.131,57.963,89.74,59.19,0.854,0.839
119,257,basic,120.074,108.818,117.141,106.174,1.087,1.088
119,259,basic,163.917,128.091,168.423,132.066,1.327,1.306
119,261,basic,165.727,154.818,170.39,159.17,1.088,1.081
119,262,basic,187.933,149.539,144.405,114.155,1.072,1.109
119,264,basic,80.252,30.115,81.693,30.658,0.943,0.943
119,266,basic,108.92,88.807,105.983,86.708,0.903,0.882
119,267,basic,116.89,108.718,119.265,110.917,1.031,1.031
119,268,basic,112.435,106.813,112.322,106.706,1.081,1.077
119,269,basic,102.253,96.797,93.242,88.277,1.08,1.048
119,270,basic,160.134,115.7,161.941,116.887,1.507,1.512
119,272,basic,43.145,40.873,42.555,40.341,1.082,1.013
119,275,basic,94.579,89.586,95.548,90.479,1.173,1.177
119,276,basic,150.594,64.044,94.429,40.124,1.14,1.143
119,277,basic,131.83,85.948,52.741,34.077,1.009,1.059
119,279,basic,103.912,39.128,76.466,28.572,1.001,1.043
119,281,basic,64.705,43.5,69.132,46.42,0.808,0.815
119,282,basic,81.18,64.155,81.667,65.177,0.878,0.824
119,286,basic,179.296,109.709,184.92,111.017,1.961,2.07
119,287,basic,0.0,0.0,447.928,170.635,,0.953
119,287,gifted,190.0,174.562,0.0,0.0,,
119,288,basic,196.101,173.359,199.39,179.572,1.55,1.463
119,289,basic,161.013,149.007,191.757,176.631,1.417,1.477
119,291,basic,374.79,271.788,388.058,275.216,2.392,2.517
119,292,basic,566.636,316.298,621.076,346.97,1.513,1.576
119,930,basic,399.11,370.968,401.545,372.206,2.487,2.513
119,935,basic,437.637,324.883,457.194,345.703,1.859,1.767
119,939,basic,221.224,97.909,228.692,100.745,1.782,1.812
119,949,basic,375.761,333.379,486.537,433.276,1.627,1.683
119,955,basic,45.506,43.231,51.647,49.065,2.833,2.643
119,971,basic,0.0,0.0,553.166,215.531,,1.122
119,971,gifted,515.303,473.432,0.0,0.0,,
119,972,basic,264.229,206.074,267.55,207.383,1.928,1.957
119,974,basic,87.232,80.967,91.231,85.288,1.27,1.219
119,977,basic,237.346,191.504,197.507,156.572,1.318,1.426
120,103,basic,269.305,231.469,270.159,232.067,1.622,1.625
120,104,basic,134.891,57.656,149.366,65.658,2.494,2.355
120,105,basic,444.294,225.705,306.757,152.199,2.292,2.433
120,105,gifted,179.844,164.87,0.0,0.0,,
120,106,basic,452.904,280.257,337.574,211.147,1.794,1.717
120,106,gifted,115.438,105.827,0.0,0.0,,
120,107,basic,501.002,260.911,501.397,261.084,2.493,2.494
120,109,basic,158.38,105.362,160.889,107.351,2.073,2.057
120,110,basic,377.22,200.519,386.683,205.273,2.131,2.14
120,113,basic,399.953,248.649,268.516,165.859,2.338,2.366
120,113,gifted,137.161,125.741,0.0,0.0,,
120,115,basic,145.153,88.341,166.027,100.993,1.713,1.716
120,117,basic,269.537,163.424,232.838,143.31,2.364,2.273
120,117,gifted,90.366,82.842,0.0,0.0,,
120,118,basic,256.999,141.056,323.556,177.132,2.117,2.133
120,130,basic,653.994,383.047,670.385,392.135,1.729,1.736
120,201,basic,82.193,55.636,89.903,61.104,1.034,1.018
120,202,basic,174.17,92.697,176.952,93.277,1.77,1.826
120,203,basic,258.359,178.956,258.391,178.847,1.324,1.328
120,204,basic,176.957,123.272,109.764,68.41,1.49,2.188
120,208,basic,198.152,157.152,229.359,181.698,1.262,1.332
120,209,basic,145.652,56.12,128.657,49.519,0.779,0.784
120,210,basic,193.08,85.997,191.263,85.4,1.412,1.395
120,211,basic,74.261,48.022,79.965,51.647,1.106,1.116
120,212,gifted,205.557,188.442,0.0,0.0,,
120,215,basic,120.061,69.177,121.323,69.415,0.957,0.987
120,218,basic,157.947,99.583,168.414,106.217,0.78,0.778
120,220,basic,90.74,72.203,92.808,73.531,1.377,1.403
120,221,basic,162.238,105.672,166.98,106.972,1.005,1.082
120,222,basic,153.623,85.487,161.316,88.188,2.435,2.559
120,225,basic,83.851,44.458,84.723,44.909,1.214,1.216
120,226,basic,246.011,153.363,252.905,158.392,1.247,1.233
120,229,basic,251.695,200.499,258.823,203.519,1.145,1.216
120,230,basic,108.79,74.535,78.558,53.725,1.064,1.072
120,233,basic,274.536,172.388,280.435,176.039,0.832,0.834
120,234,basic,78.447,62.209,90.068,70.245,1.185,1.285
120,235,basic,84.383,52.032,85.757,52.282,1.257,1.314
120,236,basic,53.942,45.759,54.972,46.598,1.08,1.084
120,239,basic,268.683,159.629,270.546,160.728,1.755,1.755
120,241,basic,387.435,143.352,378.729,138.693,1.951,2.014
120,242,basic,156.713,107.357,161.766,110.932,1.216,1.21
120,243,basic,220.877,122.056,238.37,131.815,0.992,0.988
120,244,basic,36.419,33.877,36.613,34.344,1.113,1.044
120,245,basic,316.528,255.904,320.6,259.05,1.245,1.25
120,246,basic,234.835,127.065,251.253,135.527,1.188,1.204
120,247,basic,370.928,137.091,361.051,133.979,1.623,1.598
120,248,basic,147.166,95.521,149.162,96.998,0.902,0.891
120,249,basic,29.697,21.944,30.015,22.173,0.888,0.888
120,250,basic,79.921,59.605,84.113,62.711,0.97,0.972
120,251,basic,137.065,67.065,142.03,69.252,1.413,1.433
120,252,basic,231.468,159.016,237.739,162.919,1.475,1.49
120,255,basic,87.425,58.988,89.115,60.308,0.859,0.842
120,257,basic,122.283,100.721,119.486,98.409,1.087,1.088
120,259,basic,157.987,116.154,162.146,119.582,1.329,1.309
120,261,basic,179.312,159.813,184.744,164.672,1.072,1.069
120,262,basic,186.736,139.723,143.863,106.999,1.08,1.115
120,264,basic,82.995,38.333,84.504,39.032,0.957,0.957
120,266,basic,100.544,76.888,97.564,74.852,0.91,0.888
120,267,basic,118.827,98.149,121.166,100.071,1.019,1.019
120,268,basic,111.025,105.474,111.086,105.532,1.071,1.067
120,269,basic,103.194,95.507,94.162,87.274,1.034,0.999
120,270,basic,160.803,108.985,162.615,110.098,1.626,1.631
120,272,basic,40.859,38.416,40.405,38.129,1.04,0.99
120,275,basic,91.456,84.803,92.377,85.609,1.16,1.164
120,276,basic,143.089,71.725,89.81,44.962,1.123,1.129
120,277,basic,130.887,87.327,52.434,34.674,1.022,1.073
120,279,basic,106.771,50.124,78.707,36.702,1.0,1.038
120,281,basic,71.43,48.941,76.823,52.517,0.823,0.836
120,282,basic,78.938,59.424,78.769,59.891,0.936,0.878
120,286,basic,175.212,103.687,180.797,105.095,1.936,2.044
120,287,basic,0.0,0.0,463.088,220.148,,0.963
120,287,gifted,190.0,174.18,0.0,0.0,,
120,288,basic,168.954,142.909,171.591,147.365,1.375,1.307
120,289,basic,156.848,136.771,187.127,162.163,1.384,1.443
120,291,basic,372.896,251.935,386.184,254.932,2.314,2.446
120,292,basic,564.103,334.654,618.904,367.872,1.524,1.576
120,930,basic,399.577,352.141,401.992,353.346,2.392,2.407
120,935,basic,438.464,308.492,458.343,327.626,1.86,1.779
120,939,basic,219.886,109.747,227.345,112.933,1.773,1.805
120,949,basic,379.12,315.095,488.8,406.956,1.555,1.608
120,955,basic,46.725,44.389,53.314,50.649,2.766,2.564
120,971,basic,0.0,0.0,567.76,270.517,,1.13
120,971,gifted,516.611,473.598,0.0,0.0,,
120,972,basic,267.992,194.611,271.221,195.953,1.91,1.935
120,974,basic,88.035,79.316,91.598,83.249,1.207,1.155
120,977,basic,245.744,184.159,201.486,148.622,1.317,1.418
121,103,basic,272.118,246.172,272.944,246.816,1.632,1.634
121,104,basic,141.776,61.587,154.03,69.113,2.558,2.397
121,105,basic,487.667,248.165,337.91,168.228,2.382,2.509
121,105,gifted,184.039,168.27,0.0,0.0,,
121,106,basic,466.189,303.132,347.776,228.461,1.811,1.737
121,106,gifted,117.583,107.508,0.0,0.0,,
121,107,basic,514.694,275.244,515.131,275.439,2.517,2.517
121,109,basic,152.043,108.601,154.913,110.953,2.104,2.09
121,110,basic,389.62,224.225,398.332,229.063,2.16,2.165
121,113,basic,401.273,257.939,272.725,173.801,2.385,2.422
121,113,gifted,136.729,125.014,0.0,0.0,,
121,115,basic,148.97,93.335,170.449,106.694,1.726,1.731
121,117,basic,269.267,179.034,232.472,157.257,2.323,2.225
121,117,gifted,89.344,81.689,0.0,0.0,,
121,118,basic,277.652,156.381,348.225,195.757,2.186,2.197
121,130,basic,670.581,433.237,687.299,443.578,1.716,1.721
121,201,basic,81.298,51.433,88.531,56.325,1.045,1.022
121,202,basic,173.864,88.486,176.367,89.006,1.641,1.687
121,203,basic,262.422,171.688,262.531,171.652,1.309,1.313
121,204,basic,172.27,114.892,106.585,63.82,1.426,2.067
121,208,basic,209.647,167.665,241.374,194.075,1.276,1.344
121,209,basic,144.466,52.475,127.824,46.368,0.769,0.775
121,210,basic,193.429,82.801,191.651,82.255,1.422,1.405
121,211,basic,82.682,49.756,89.089,53.551,1.103,1.111
121,212,gifted,205.961,188.314,0.0,0.0,,
121,215,basic,117.133,68.992,118.216,69.253,0.888,0.91
121,218,basic,155.11,92.384,164.567,98.066,0.766,0.764
121,220,basic,91.152,69.709,93.518,71.076,1.433,1.469
121,221,basic,161.332,106.169,166.334,107.432,1.049,1.133
121,222,basic,139.44,79.548,146.028,81.734,1.918,2.031
121,225,basic,81.286,40.32,82.159,40.738,1.223,1.225
121,226,basic,253.196,161.727,260.303,167.131,1.276,1.259
121,229,basic,251.768,192.421,258.704,195.567,1.146,1.203
121,230,basic,109.494,70.155,78.501,50.31,1.005,1.0
121,233,basic,278.251,166.894,284.18,170.399,0.833,0.834
121,234,basic,76.053,57.646,86.984,64.871,1.179,1.272
121,235,basic,80.92,49.958,82.119,50.22,1.199,1.244
121,236,basic,53.573,46.483,54.41,47.191,1.03,1.032
121,239,basic,273.257,153.168,275.147,154.188,1.695,1.697
121,241,basic,384.143,133.531,374.971,129.364,1.9,1.944
121,242,basic,161.572,106.212,167.225,110.009,1.219,1.216
121,243,basic,219.041,113.192,236.272,122.191,0.992,0.988
121,244,basic,38.319,35.529,38.677,36.195,1.127,1.062
121,245,basic,323.114,265.231,327.343,268.592,1.25,1.254
121,246,basic,233.597,117.936,250.313,126.002,1.199,1.214
121,247,basic,370.051,128.149,360.369,125.459,1.587,1.556
121,248,basic,141.846,86.385,143.745,87.712,0.881,0.87
121,249,basic,30.025,21.844,30.416,22.115,0.885,0.888
121,250,basic,83.749,58.126,87.836,60.936,0.967,0.97
121,251,basic,131.675,63.817,136.633,65.989,1.391,1.41
121,252,basic,240.83,161.278,247.195,165.102,1.44,1.455
121,255,basic,89.51,56.208,91.276,57.486,0.86,0.844
121,257,basic,118.578,95.765,115.384,93.229,1.064,1.062
121,259,basic,168.653,113.63,174.123,117.588,1.394,1.379
121,261,basic,178.441,156.505,183.859,161.321,1.087,1.083
121,262,basic,180.509,130.684,139.166,100.181,1.068,1.1
121,264,basic,80.279,37.628,81.769,38.329,0.919,0.918
121,266,basic,105.88,80.177,102.788,78.094,0.927,0.906
121,267,basic,116.657,97.232,118.881,99.079,1.02,1.021
121,268,basic,110.987,105.438,111.108,105.553,1.065,1.06
121,269,basic,105.801,97.453,96.586,89.066,1.059,1.029
121,270,basic,144.848,93.245,146.528,94.231,1.456,1.461
121,272,basic,42.811,40.118,42.515,40.018,1.032,0.987
121,275,basic,92.245,85.099,93.129,85.868,1.154,1.157
121,276,basic,151.556,74.445,94.444,46.333,1.121,1.126
121,277,basic,121.097,74.801,48.615,29.752,1.02,1.071
121,279,basic,109.275,48.164,79.891,34.958,1.006,1.045
121,281,basic,66.844,42.614,71.587,45.57,0.812,0.82
121,282,basic,76.458,53.43,76.51,54.023,0.898,0.84
121,286,basic,177.709,106.811,183.522,108.067,1.927,2.045
121,287,basic,0.0,0.0,455.977,201.501,,0.956
121,287,gifted,190.0,173.721,0.0,0.0,,
121,288,basic,194.214,157.406,197.774,162.932,1.435,1.366
121,289,basic,154.376,130.722,184.191,155.327,1.423,1.485
121,291,basic,374.417,256.434,387.137,260.0,2.282,2.393
121,292,basic,563.009,327.623,616.185,362.644,1.519,1.566
121,930,basic,399.172,343.85,401.592,345.116,2.301,2.313
121,935,basic,438.243,297.919,458.002,316.742,1.917,1.842
121,939,basic,216.224,108.91,223.756,112.173,1.746,1.779
121,949,basic,381.238,306.636,491.358,398.715,1.589,1.641
121,955,basic,46.349,44.032,52.667,50.034,2.843,2.644
121,971,basic,0.0,0.0,559.432,249.945,,1.112
121,971,gifted,515.122,470.986,0.0,0.0,,
121,972,basic,261.29,189.899,264.032,191.04,1.84,1.858
121,974,basic,90.008,77.465,93.474,81.231,1.194,1.144
121,977,basic,236.514,165.105,197.091,135.236,1.318,1.423
122,103,basic,264.418,249.249,265.446,249.938,1.692,1.699
122,104,basic,133.583,48.395,152.099,55.909,2.342,2.262
122,105,basic,408.58,185.564,288.734,128.421,2.243,2.395
122,105,gifted,174.541,161.289,0.0,0.0,,
122,106,basic,439.896,262.729,327.693,197.618,1.792,1.71
122,106,gifted,114.33,105.649,0.0,0.0,,
122,107,basic,548.141,264.533,548.54,264.695,2.566,2.566
122,109,basic,150.981,107.841,153.353,109.666,2.04,2.032
122,110,basic,393.827,190.342,402.929,194.602,2.144,2.149
122,113,basic,379.349,245.586,253.503,163.978,2.311,2.308
122,113,gifted,132.817,122.733,0.0,0.0,,
122,115,basic,150.337,84.98,171.687,97.036,1.745,1.746
122,117,basic,253.56,160.126,218.618,139.843,2.334,2.24
122,117,gifted,89.31,82.529,0.0,0.0,,
122,118,basic,267.409,135.363,339.57,171.108,2.113,2.147
122,130,basic,672.305,366.588,689.058,375.394,1.755,1.761
122,201,basic,81.614,52.828,89.358,58.154,1.136,1.105
122,202,basic,167.582,83.361,170.051,84.024,1.642,1.689
122,203,basic,276.359,195.289,276.526,195.285,1.359,1.363
122,204,basic,188.029,138.803,114.222,76.864,1.528,2.237
122,208,basic,206.426,178.647,237.986,206.21,1.301,1.375
122,209,basic,150.457,36.193,132.388,31.825,0.775,0.78
122,210,basic,193.855,65.398,192.005,64.889,1.469,1.454
122,211,basic,71.897,43.772,76.696,46.663,1.098,1.104
122,212,gifted,205.993,190.353,0.0,0.0,,
122,215,basic,117.803,60.783,118.835,61.054,0.888,0.911
122,218,basic,160.012,89.047,169.819,94.529,0.784,0.782
122,220,basic,88.25,76.853,90.409,78.45,1.484,1.518
122,221,basic,167.789,104.532,172.877,105.957,1.111,1.208
122,222,basic,136.828,85.433,143.569,88.286,2.096,2.219
122,225,basic,86.963,38.243,87.94,38.662,1.276,1.278
122,226,basic,262.529,158.027,269.633,163.066,1.338,1.316
122,229,basic,253.38,223.268,260.463,227.246,1.149,1.217
122,230,basic,120.881,80.369,87.402,58.081,1.094,1.095
122,233,basic,283.048,158.486,289.066,161.822,0.84,0.842
122,234,basic,78.09,68.571,89.485,77.572,1.22,1.316
122,235,basic,83.441,49.946,84.641,50.262,1.197,1.247
122,236,basic,52.353,48.041,53.168,48.774,1.107,1.109
122,239,basic,273.544,160.213,275.512,161.329,1.7,1.702
122,241,basic,384.433,102.757,375.929,99.655,1.929,1.991
122,242,basic,158.653,109.621,164.202,113.534,1.224,1.219
122,243,basic,221.856,101.18,239.256,109.181,1.001,0.997
122,244,basic,36.272,34.414,36.703,34.844,1.165,1.08
122,245,basic,318.531,291.521,322.776,295.359,1.244,1.25
122,246,basic,232.257,105.768,248.352,112.768,1.222,1.241
122,247,basic,368.271,93.602,359.124,91.581,1.606,1.582
122,248,basic,146.467,87.467,148.558,88.855,0.892,0.881
122,249,basic,30.469,23.167,30.854,23.456,0.879,0.88
122,250,basic,85.576,64.856,90.39,68.493,0.983,0.985
122,251,basic,134.678,54.212,139.715,56.08,1.431,1.452
122,252,basic,237.359,170.449,243.801,174.685,1.495,1.511
122,255,basic,82.982,52.465,84.367,53.467,0.858,0.841
122,257,basic,122.723,112.447,120.126,110.067,1.084,1.086
122,259,basic,159.688,125.976,163.436,129.44,1.269,1.239
122,261,basic,178.02,166.932,183.647,171.978,1.161,1.163
122,262,basic,185.606,146.006,143.472,112.227,1.075,1.116
122,264,basic,78.83,27.265,80.31,27.777,0.92,0.919
122,266,basic,110.392,88.075,107.143,85.691,0.944,0.923
122,267,basic,122.054,113.689,124.37,115.844,1.037,1.037
122,268,basic,107.569,102.19,107.704,102.319,1.069,1.066
122,269,basic,102.069,96.926,93.14,88.454,1.062,1.03
122,270,basic,147.723,108.282,149.528,109.47,1.476,1.484
122,272,basic,40.938,38.864,40.589,38.539,1.065,1.006
122,275,basic,96.314,91.437,97.3,92.362,1.226,1.23
122,276,basic,151.642,60.553,94.853,37.823,1.14,1.147
122,277,basic,124.094,78.392,49.693,31.2,1.008,1.052
122,279,basic,108.917,37.853,79.496,27.482,0.998,1.034
122,281,basic,72.062,46.382,77.655,49.882,0.83,0.844
122,282,basic,78.577,60.434,78.53,60.88,0.924,0.866
122,286,basic,177.267,109.084,183.074,110.829,2.133,2.259
122,287,basic,0.0,0.0,452.369,158.729,,0.957
122,287,gifted,190.0,175.575,0.0,0.0,,
122,288,basic,192.795,176.662,196.395,182.164,1.431,1.356
122,289,basic,157.828,147.923,188.423,175.909,1.424,1.507
122,291,basic,369.934,286.378,383.449,289.959,2.328,2.493
122,292,basic,567.804,310.808,621.622,342.372,1.546,1.598
122,930,basic,399.169,376.642,401.588,378.618,2.415,2.431
122,935,basic,437.866,335.126,457.809,354.783,1.902,1.831
122,939,basic,215.641,94.127,223.064,96.991,1.738,1.771
122,949,basic,384.558,350.628,497.091,455.601,1.624,1.675
122,955,basic,46.947,44.599,53.591,50.911,2.763,2.549
122,971,basic,0.0,0.0,564.66,204.099,,1.15
122,971,gifted,516.592,477.371,0.0,0.0,,
122,972,basic,260.728,213.247,263.443,214.706,1.882,1.902
122,974,basic,88.46,82.98,91.643,86.356,1.291,1.217
122,977,basic,234.178,189.715,195.276,156.139,1.308,1.41
123,103,basic,271.092,249.852,271.872,250.512,1.631,1.632
123,104,basic,158.552,55.769,173.062,63.573,2.947,2.728
123,105,basic,461.004,220.432,314.249,146.991,2.288,2.402
123,105,gifted,184.413,168.923,0.0,0.0,,
123,106,basic,465.793,286.915,350.907,218.285,1.804,1.737
123,106,gifted,116.012,106.267,0.0,0.0,,
123,107,basic,505.941,255.559,506.371,255.744,2.472,2.473
123,109,basic,149.016,101.124,151.777,103.38,2.21,2.192
123,110,basic,399.227,202.798,408.152,207.18,2.113,2.117
123,113,basic,394.07,244.275,267.928,162.712,2.453,2.549
123,113,gifted,133.714,122.482,0.0,0.0,,
123,115,basic,146.757,87.736,168.303,100.503,1.743,1.749
123,117,basic,262.122,163.386,225.688,143.187,2.324,2.229
123,117,gifted,90.033,82.47,0.0,0.0,,
123,118,basic,279.864,148.789,346.176,184.194,2.11,2.106
123,130,basic,664.695,383.369,681.431,392.48,1.718,1.725
123,201,basic,76.312,50.646,82.788,55.218,1.044,1.025
123,202,basic,173.263,85.952,176.093,86.441,1.763,1.818
123,203,basic,256.677,178.826,256.728,178.703,1.316,1.32
123,204,basic,179.573,129.401,108.808,70.496,1.424,2.021
123,208,basic,200.121,167.101,233.067,194.885,1.277,1.345
123,209,basic,155.102,46.849,135.699,40.969,0.769,0.771
123,210,basic,193.171,73.254,191.263,72.787,1.4,1.38
123,211,basic,71.298,44.777,75.234,47.269,1.09,1.09
123,212,gifted,206.004,188.7,0.0,0.0,,
123,215,basic,126.145,68.17,127.496,68.352,0.973,1.004
123,218,basic,160.825,96.097,171.027,102.234,0.764,0.762
123,220,basic,89.281,75.051,91.265,76.373,1.354,1.379
123,221,basic,164.194,105.617,168.794,106.817,0.963,1.029
123,222,basic,149.952,84.183,157.388,86.649,2.309,2.427
123,225,basic,90.424,43.464,91.401,43.919,1.196,1.198
123,226,basic,250.965,151.417,258.015,156.451,1.278,1.265
123,229,basic,245.598,206.877,252.243,210.472,1.133,1.18
123,230,basic,110.56,74.62,80.689,54.313,1.074,1.085
123,233,basic,280.491,166.948,286.438,170.438,0.838,0.84
123,234,basic,74.155,62.952,83.708,70.168,1.126,1.193
123,235,basic,81.091,48.407,82.501,48.613,1.262,1.321
123,236,basic,53.278,47.135,54.308,48.01,1.063,1.067
123,239,basic,279.709,162.085,281.615,163.177,1.713,1.714
123,241,basic,384.832,117.047,375.136,113.652,1.876,1.897
123,242,basic,156.553,107.74,162.351,111.83,1.217,1.213
123,243,basic,212.755,106.28,229.335,114.677,0.989,0.984
123,244,basic,38.032,35.502,38.195,35.904,1.204,1.122
123,245,basic,318.899,276.416,322.909,279.72,1.225,1.231
123,246,basic,228.716,112.254,245.181,119.885,1.204,1.222
123,247,basic,365.838,108.482,356.438,106.232,1.595,1.567
123,248,basic,150.131,94.176,152.342,95.763,0.896,0.885
123,249,basic,26.389,19.851,26.716,20.083,0.925,0.928
123,250,basic,91.639,69.455,96.211,72.918,0.967,0.967
123,251,basic,137.659,60.025,142.477,61.92,1.368,1.386
123,252,basic,243.237,167.369,249.622,171.275,1.484,1.499
123,255,basic,87.714,57.74,89.282,58.951,0.855,0.84
123,257,basic,121.428,105.083,118.693,102.69,1.113,1.115
123,259,basic,168.977,127.324,174.504,131.796,1.342,1.328
123,261,basic,171.277,157.269,176.388,162.006,1.107,1.101
123,262,basic,185.265,142.347,143.527,109.455,1.086,1.126
123,264,basic,81.395,32.174,82.855,32.753,0.943,0.942
123,266,basic,102.96,81.221,99.845,79.097,0.891,0.867
123,267,basic,122.957,109.518,125.408,111.688,1.026,1.027
123,268,basic,109.303,103.838,109.306,103.841,1.079,1.076
123,269,basic,102.038,96.208,93.029,87.729,1.052,1.018
123,270,basic,156.218,108.693,157.982,109.78,1.538,1.543
123,272,basic,40.732,38.466,40.157,37.996,1.06,0.998
123,275,basic,94.718,89.476,95.706,90.376,1.166,1.169
123,276,basic,152.517,67.132,95.374,41.932,1.142,1.146
123,277,basic,125.187,81.483,50.008,32.283,1.004,1.047
123,279,basic,100.184,40.08,72.597,28.86,0.992,1.023
123,281,basic,69.725,46.837,74.544,50.034,0.814,0.818
123,282,basic,78.924,60.566,79.046,61.295,0.925,0.87
123,286,basic,178.719,106.51,184.338,107.671,1.868,1.975
123,287,basic,0.0,0.0,448.089,181.53,,0.945
123,287,gifted,190.0,174.04,0.0,0.0,,
123,288,basic,184.187,162.732,187.21,167.971,1.388,1.324
123,289,basic,151.701,139.661,179.852,165.228,1.389,1.431
123,291,basic,373.429,263.813,386.455,267.383,2.315,2.426
123,292,basic,568.472,323.733,622.998,357.385,1.522,1.569
123,930,basic,399.341,367.02,401.762,368.319,2.427,2.444
123,935,basic,437.283,315.264,456.973,335.329,1.898,1.82
123,939,basic,218.724,100.264,226.055,103.192,1.755,1.783
123,949,basic,384.484,334.13,495.759,433.493,1.637,1.686
123,955,basic,45.571,43.293,51.232,48.67,2.894,2.7
123,971,basic,0.0,0.0,561.489,230.005,,1.131
123,971,gifted,515.957,472.617,0.0,0.0,,
123,972,basic,265.462,201.457,268.759,202.761,1.905,1.93
123,974,basic,85.909,79.072,88.844,82.501,1.244,1.175
123,977,basic,232.038,181.671,193.708,149.021,1.281,1.382
124,103,basic,272.624,231.421,273.548,232.05,1.586,1.589
124,104,basic,130.8,63.827,143.675,71.712,2.304,2.192
124,105,basic,456.132,241.487,311.979,161.948,2.308,2.428
124,105,gifted,181.785,166.701,0.0,0.0,,
124,106,basic,469.471,303.057,350.027,228.144,1.797,1.723
124,106,gifted,117.966,108.177,0.0,0.0,,
124,107,basic,516.447,280.717,516.875,280.901,2.514,2.515
124,109,basic,139.422,96.348,141.966,98.366,2.07,2.056
124,110,basic,395.945,236.562,405.004,241.761,2.108,2.113
124,113,basic,388.191,242.758,257.073,159.859,2.351,2.372
124,113,gifted,133.926,122.813,0.0,0.0,,
124,115,basic,156.47,97.557,178.725,111.423,1.733,1.734
124,117,basic,254.343,166.188,219.117,145.266,2.305,2.217
124,117,gifted,89.276,81.868,0.0,0.0,,
124,118,basic,272.302,157.23,339.465,195.872,2.124,2.128
124,130,basic,658.329,429.584,675.158,439.91,1.753,1.762
124,201,basic,80.054,51.321,86.57,55.895,1.072,1.037
124,202,basic,171.605,91.622,174.243,92.259,1.732,1.781
124,203,basic,251.62,164.762,251.692,164.694,1.309,1.313
124,204,basic,169.31,111.175,106.391,63.374,1.481,2.104
124,208,basic,203.403,156.636,235.894,181.599,1.274,1.355
124,209,basic,143.379,64.108,126.415,56.456,0.774,0.78
124,210,basic,192.867,94.898,191.173,94.285,1.43,1.414
124,211,basic,68.348,42.188,74.002,45.638,1.131,1.139
124,212,gifted,205.501,188.449,0.0,0.0,,
124,215,basic,122.821,77.887,124.13,78.121,0.927,0.96
124,218,basic,157.627,98.865,167.825,105.313,0.775,0.773
124,220,basic,88.856,65.18,91.018,66.4,1.418,1.451
124,221,basic,167.329,116.279,171.953,117.703,0.994,1.066
124,222,basic,155.795,81.741,163.155,84.214,2.46,2.576
124,225,basic,88.329,47.476,89.314,47.989,1.279,1.281
124,226,basic,266.435,177.053,273.318,182.759,1.337,1.312
124,229,basic,246.009,181.863,252.775,185.025,1.151,1.207
124,230,basic,103.485,66.389,75.708,48.409,1.069,1.086
124,233,basic,279.346,176.833,285.28,180.542,0.838,0.839
124,234,basic,78.655,57.525,90.427,65.072,1.195,1.294
124,235,basic,79.438,50.9,80.673,51.178,1.247,1.299
124,236,basic,52.492,43.383,53.432,44.142,1.075,1.078
124,239,basic,275.393,158.437,277.338,159.528,1.731,1.732
124,241,basic,386.801,158.525,377.463,153.691,1.946,1.986
124,242,basic,161.275,107.139,167.08,111.068,1.237,1.234
124,243,basic,218.227,122.721,235.307,132.398,0.996,0.993
124,244,basic,33.056,30.104,33.287,30.675,1.066,0.998
124,245,basic,323.761,257.596,327.95,260.84,1.249,1.253
124,246,basic,223.781,123.097,238.536,131.027,1.186,1.193
124,247,basic,369.735,152.215,360.238,148.948,1.662,1.635
124,248,basic,151.173,95.316,153.437,96.938,0.907,0.895
124,249,basic,31.871,23.351,32.258,23.619,0.885,0.888
124,250,basic,87.163,59.791,91.992,63.063,0.984,0.988
124,251,basic,129.995,70.555,134.741,72.885,1.392,1.413
124,252,basic,238.699,159.441,244.978,163.238,1.455,1.47
124,255,basic,87.957,56.668,89.485,57.808,0.87,0.854
124,257,basic,121.68,94.599,119.153,92.611,1.062,1.064
124,259,basic,162.682,109.101,166.929,112.325,1.303,1.281
124,261,basic,186.121,153.197,191.881,158.026,1.097,1.092
124,262,basic,190.584,136.467,146.927,104.502,1.082,1.123
124,264,basic,78.187,42.62,79.597,43.392,0.943,0.943
124,266,basic,103.729,78.497,100.841,76.561,0.901,0.879
124,267,basic,116.141,94.144,118.436,95.996,1.016,1.016
124,268,basic,112.787,107.133,112.514,106.869,1.076,1.07
124,269,basic,109.908,97.628,100.6,89.72,1.034,1.002
124,270,basic,161.245,100.666,163.073,101.697,1.563,1.568
124,272,basic,40.73,37.324,40.191,37.108,1.033,0.985
124,275,basic,95.968,85.301,96.9,86.085,1.13,1.133
124,276,basic,158.09,87.717,99.539,55.144,1.094,1.102
124,277,basic,129.836,82.028,51.773,32.421,1.023,1.075
124,279,basic,105.128,53.147,76.966,38.659,1.006,1.043
124,281,basic,69.4,45.251,74.172,48.307,0.815,0.822
124,282,basic,72.644,50.168,72.613,50.634,0.889,0.831
124,286,basic,180.336,110.868,186.007,112.226,1.957,2.072
124,287,basic,0.0,0.0,457.025,230.49,,0.956
124,287,gifted,190.0,174.234,0.0,0.0,,
124,288,basic,190.308,146.071,193.544,150.599,1.38,1.319
124,289,basic,156.576,121.335,186.213,143.77,1.371,1.421
124,291,basic,375.391,246.239,388.565,249.22,2.305,2.436
124,292,basic,567.602,338.796,621.162,372.154,1.533,1.59
124,930,basic,399.459,306.006,401.881,306.921,2.331,2.347
124,935,basic,437.136,287.48,456.679,305.532,1.859,1.772
124,939,basic,216.799,118.092,224.201,121.609,1.755,1.785
124,949,basic,378.981,282.977,486.497,365.325,1.558,1.598
124,955,basic,45.641,43.322,50.926,48.346,2.836,2.627
124,971,basic,0.0,0.0,563.871,285.226,,1.125
124,971,gifted,516.082,473.258,0.0,0.0,,
124,972,basic,266.235,180.796,269.309,181.941,1.901,1.926
124,974,basic,87.292,68.347,90.725,71.814,1.237,1.179
124,977,basic,239.747,163.408,198.349,133.072,1.319,1.422
125,103,basic,263.648,238.592,264.426,239.212,1.643,1.644
125,104,basic,144.186,52.606,159.171,60.322,2.782,2.599
125,105,basic,470.151,220.815,323.342,147.763,2.338,2.482
125,105,gifted,183.458,168.12,0.0,0.0,,
125,106,basic,455.394,280.841,341.751,213.468,1.76,1.68
125,106,gifted,115.506,105.85,0.0,0.0,,
125,107,basic,514.794,256.824,515.217,257.004,2.465,2.465
125,109,basic,154.858,103.904,157.561,106.071,2.196,2.18
125,110,basic,387.528,199.42,396.32,203.809,2.15,2.153
125,113,basic,388.137,238.157,265.571,161.029,2.407,2.46
125,113,gifted,133.515,122.353,0.0,0.0,,
125,115,basic,146.553,86.354,168.498,99.098,1.74,1.75
125,117,basic,267.54,166.125,229.966,145.684,2.329,2.222
125,117,gifted,89.978,82.456,0.0,0.0,,
125,118,basic,272.377,143.065,339.295,178.082,2.13,2.134
125,130,basic,655.876,384.384,672.291,393.577,1.707,1.712
125,201,basic,76.694,51.067,82.36,55.332,1.04,1.002
125,202,basic,169.739,88.108,172.13,88.671,1.588,1.626
125,203,basic,263.17,183.977,263.312,183.959,1.285,1.288
125,204,basic,181.065,128.213,110.666,70.544,1.477,2.062
125,208,basic,207.14,172.956,238.105,198.683,1.25,1.316
125,209,basic,149.054,48.146,131.219,42.313,0.767,0.775
125,210,basic,191.793,76.709,189.962,76.187,1.399,1.383
125,211,basic,72.661,45.46,78.767,49.202,1.121,1.132
125,212,gifted,205.922,188.706,0.0,0.0,,
125,215,basic,113.774,65.268,114.978,65.469,0.89,0.918
125,218,basic,160.059,97.189,169.927,103.229,0.767,0.765
125,220,basic,94.946,76.607,97.507,78.067,1.515,1.557
125,221,basic,165.38,109.938,170.196,111.161,0.995,1.067
125,222,basic,144.554,84.572,151.332,86.812,2.052,2.162
125,225,basic,76.223,37.428,77.024,37.806,1.206,1.208
125,226,basic,256.68,161.073,263.604,166.445,1.301,1.282
125,229,basic,245.778,205.128,252.252,208.383,1.141,1.191
125,230,basic,111.26,75.241,80.245,54.216,1.04,1.042
125,233,basic,279.233,169.781,285.259,173.372,0.833,0.835
125,234,basic,74.691,61.839,86.037,69.929,1.191,1.289
125,235,basic,78.786,49.52,79.852,49.761,1.151,1.188
125,236,basic,55.864,49.336,56.767,50.117,1.104,1.106
125,239,basic,270.895,156.359,272.906,157.462,1.736,1.738
125,241,basic,384.126,122.756,374.659,119.036,1.865,1.896
125,242,basic,162.074,111.539,167.899,115.642,1.235,1.231
125,243,basic,218.376,112.072,235.391,120.894,0.98,0.976
125,244,basic,36.209,33.842,36.609,34.462,1.101,1.029
125,245,basic,321.562,279.445,325.749,283.063,1.268,1.271
125,246,basic,237.089,120.031,252.577,127.797,1.153,1.155
125,247,basic,364.601,114.43,355.768,112.274,1.577,1.548
125,248,basic,144.341,91.205,146.285,92.633,0.883,0.872
125,249,basic,27.433,20.892,27.765,21.121,0.905,0.91
125,250,basic,84.229,63.114,88.675,66.413,0.976,0.979
125,251,basic,128.215,58.798,133.054,60.77,1.379,1.401
125,252,basic,240.107,168.58,246.5,172.587,1.442,1.456
125,255,basic,86.155,56.716,87.624,57.861,0.86,0.845
125,257,basic,122.442,106.626,119.673,104.189,1.085,1.087
125,259,basic,157.679,118.935,161.139,122.225,1.246,1.215
125,261,basic,175.755,161.265,181.125,166.225,1.089,1.084
125,262,basic,187.618,144.616,145.088,110.989,1.079,1.119
125,264,basic,78.425,33.371,79.872,33.99,0.931,0.93
125,266,basic,102.086,81.652,99.134,79.603,0.906,0.883
125,267,basic,116.045,104.113,118.219,106.058,1.001,1.001
125,268,basic,112.035,106.433,112.193,106.583,1.067,1.063
125,269,basic,105.596,99.402,96.726,91.06,1.035,1.002
125,270,basic,157.44,109.037,159.269,110.183,1.49,1.495
125,272,basic,42.641,40.209,42.242,39.945,1.079,1.019
125,275,basic,92.798,87.233,93.697,88.039,1.191,1.194
125,276,basic,145.094,67.35,91.002,42.209,1.132,1.135
125,277,basic,125.462,81.493,50.371,32.384,1.018,1.07
125,279,basic,100.535,41.977,74.015,30.668,0.994,1.032
125,281,basic,62.319,41.904,66.168,44.479,0.806,0.808
125,282,basic,69.881,53.539,70.169,54.344,0.861,0.806
125,286,basic,177.844,107.081,183.533,108.222,1.947,2.058
125,287,basic,0.0,0.0,464.973,195.398,,0.962
125,287,gifted,190.0,174.116,0.0,0.0,,
125,288,basic,185.326,162.153,188.174,167.488,1.413,1.343
125,289,basic,157.186,141.447,186.905,167.383,1.387,1.439
125,291,basic,381.17,263.428,394.256,266.659,2.386,2.5
125,292,basic,564.687,323.874,617.607,356.187,1.504,1.546
125,930,basic,399.581,364.705,402.002,366.025,2.388,2.403
125,935,basic,437.54,309.178,457.131,328.964,1.903,1.819
125,939,basic,220.834,104.156,228.446,107.161,1.753,1.786
125,949,basic,380.297,324.114,492.636,420.727,1.59,1.655
125,955,basic,44.54,42.313,50.417,47.896,2.837,2.668
125,971,basic,0.0,0.0,570.425,242.23,,1.14
125,971,gifted,517.133,473.9,0.0,0.0,,
125,972,basic,268.015,202.514,270.807,203.7,1.848,1.867
125,974,basic,86.354,78.787,89.783,82.602,1.255,1.203
125,977,basic,244.698,187.169,200.339,150.628,1.311,1.409
126,103,basic,265.821,232.272,266.614,232.876,1.627,1.629
126,104,basic,139.399,61.764,150.42,68.739,2.525,2.332
126,105,basic,439.382,225.435,307.942,155.277,2.313,2.443
126,105,gifted,178.58,163.885,0.0,0.0,,
126,106,basic,479.035,302.398,356.237,227.086,1.797,1.71
126,106,gifted,119.606,109.764,0.0,0.0,,
126,107,basic,505.28,269.212,505.646,269.387,2.517,2.518
126,109,basic,146.69,99.575,148.599,101.122,2.22,2.203
126,110,basic,403.535,230.061,412.928,235.257,2.138,2.143
126,113,basic,389.666,245.279,263.051,164.283,2.39,2.432
126,113,gifted,133.614,122.619,0.0,0.0,,
126,115,basic,147.044,88.828,168.047,101.49,1.732,1.734
126,117,basic,256.848,166.153,220.979,144.967,2.363,2.257
126,117,gifted,89.61,82.236,0.0,0.0,,
126,118,basic,270.084,150.751,342.47,190.43,2.146,2.175
126,130,basic,663.875,413.208,680.377,423.116,1.737,1.744
126,201,basic,78.739,50.631,85.879,55.478,1.07,1.043
126,202,basic,176.446,92.719,179.11,93.402,1.789,1.845
126,203,basic,268.278,177.808,268.348,177.744,1.374,1.379
126,204,basic,174.764,118.612,109.522,68.008,1.475,2.171
126,208,basic,202.449,160.259,235.135,186.546,1.279,1.346
126,209,basic,152.966,58.395,134.52,51.291,0.787,0.795
126,210,basic,192.932,87.87,191.25,87.235,1.412,1.399
126,211,basic,83.32,51.116,90.377,55.374,1.116,1.127
126,212,gifted,205.81,188.874,0.0,0.0,,
126,215,basic,123.359,72.92,124.757,73.161,0.981,1.025
126,218,basic,151.187,91.33,159.869,96.623,0.762,0.759
126,220,basic,89.211,69.52,91.306,70.871,1.414,1.444
126,221,basic,159.92,107.157,164.783,108.68,1.083,1.179
126,222,basic,147.796,82.706,154.899,85.524,2.442,2.56
126,225,basic,89.46,46.075,90.437,46.564,1.25,1.252
126,226,basic,257.252,166.376,264.298,171.955,1.404,1.373
126,229,basic,251.974,192.956,259.259,196.644,1.171,1.238
126,230,basic,101.907,65.72,74.322,47.843,1.064,1.075
126,233,basic,281.039,170.743,287.111,174.377,0.85,0.852
126,234,basic,73.327,55.341,85.422,63.496,1.259,1.376
126,235,basic,83.774,52.387,85.086,52.725,1.292,1.352
126,236,basic,52.371,45.176,53.308,45.961,1.074,1.077
126,239,basic,271.851,157.444,273.688,158.494,1.779,1.78
126,241,basic,382.028,143.998,373.574,139.793,1.951,2.007
126,242,basic,168.729,112.306,175.046,116.581,1.255,1.251
126,243,basic,216.663,115.384,233.667,124.497,1.0,0.997
126,244,basic,39.417,36.647,39.572,37.119,1.138,1.054
126,245,basic,320.642,264.648,324.806,267.989,1.246,1.251
126,246,basic,238.985,125.734,255.319,134.023,1.184,1.2
126,247,basic,371.761,138.723,362.781,135.862,1.626,1.598
126,248,basic,145.471,89.683,147.606,91.156,0.888,0.875
126,249,basic,29.675,21.458,30.096,21.731,0.939,0.949
126,250,basic,87.231,60.789,92.236,64.231,0.985,0.99
126,251,basic,128.116,65.259,132.844,67.478,1.409,1.43
126,252,basic,232.46,159.146,238.692,163.069,1.487,1.502
126,255,basic,84.196,53.527,85.437,54.451,0.853,0.835
126,257,basic,124.922,100.539,122.07,98.242,1.101,1.102
126,259,basic,161.336,111.795,166.175,115.399,1.338,1.32
126,261,basic,172.229,150.814,177.258,155.273,1.082,1.078
126,262,basic,189.898,138.16,146.27,105.85,1.085,1.125
126,264,basic,80.586,39.085,82.043,39.795,0.963,0.962
126,266,basic,105.552,80.309,102.728,78.334,0.913,0.894
126,267,basic,113.404,93.967,115.676,95.841,1.018,1.019
126,268,basic,111.148,105.591,111.122,105.566,1.064,1.06
126,269,basic,102.485,94.744,93.423,86.465,1.071,1.041
126,270,basic,167.924,108.621,169.732,109.704,1.62,1.625
126,272,basic,41.365,38.854,40.798,38.474,1.046,0.993
126,275,basic,92.997,86.429,93.916,87.247,1.17,1.173
126,276,basic,146.059,74.607,91.737,46.807,1.133,1.14
126,277,basic,130.981,82.179,52.706,32.812,1.032,1.09
126,279,basic,107.932,49.646,79.909,36.513,1.017,1.065
126,281,basic,61.41,39.356,65.792,42.095,0.833,0.845
126,282,basic,69.943,49.161,70.203,49.718,0.886,0.83
126,286,basic,180.575,111.755,186.335,113.473,2.118,2.244
126,287,basic,0.0,0.0,448.906,206.819,,0.963
126,287,gifted,190.0,174.365,0.0,0.0,,
126,288,basic,192.091,158.234,195.258,162.926,1.415,1.341
126,289,basic,158.539,129.094,189.355,153.273,1.384,1.46
126,291,basic,375.753,257.932,388.894,261.818,2.48,2.621
126,292,basic,566.875,331.835,621.886,365.096,1.537,1.602
126,930,basic,398.949,345.402,401.379,346.505,2.364,2.383
126,935,basic,437.847,299.563,457.582,317.729,1.921,1.828
126,939,basic,222.58,114.592,230.124,118.005,1.822,1.856
126,949,basic,377.038,297.37,487.217,386.16,1.579,1.625
126,955,basic,45.405,43.135,51.863,49.27,2.746,2.548
126,971,basic,0.0,0.0,559.794,260.879,,1.141
126,971,gifted,516.236,473.756,0.0,0.0,,
126,972,basic,263.786,189.046,266.965,190.4,1.927,1.956
126,974,basic,85.911,73.348,89.426,76.968,1.243,1.189
126,977,basic,237.929,167.846,198.638,138.232,1.353,1.462
127,103,basic,258.549,222.448,259.565,223.028,1.66,1.665
127,104,basic,126.424,51.638,140.979,58.496,2.16,2.1
127,105,basic,464.714,209.508,322.023,141.113,2.338,2.471
127,105,gifted,180.461,165.989,0.0,0.0,,
127,106,basic,447.438,268.152,331.495,202.27,1.743,1.648
127,106,gifted,115.147,105.913,0.0,0.0,,
127,107,basic,513.553,240.641,513.995,240.794,2.511,2.512
127,109,basic,141.034,92.635,143.182,94.313,2.026,2.014
127,110,basic,389.758,199.102,399.133,203.595,2.123,2.13
127,113,basic,377.225,223.329,251.815,148.749,2.284,2.291
127,113,gifted,132.543,121.914,0.0,0.0,,
127,115,basic,144.4,82.163,165.01,93.797,1.729,1.734
127,117,basic,257.005,152.691,222.074,134.072,2.308,2.234
127,117,gifted,89.497,82.32,0.0,0.0,,
127,118,basic,266.354,135.18,337.274,170.318,2.106,2.129
127,130,basic,669.263,388.403,686.092,397.54,1.691,1.698
127,201,basic,79.83,55.524,87.285,61.046,0.957,0.942
127,202,basic,169.574,89.444,172.144,89.898,1.621,1.664
127,203,basic,255.816,179.613,255.938,179.525,1.315,1.319
127,204,basic,182.826,128.171,114.451,69.723,1.501,2.183
127,208,basic,202.318,169.876,234.099,194.791,1.21,1.281
127,209,basic,149.521,54.821,132.073,48.296,0.783,0.793
127,210,basic,193.776,84.116,192.119,83.531,1.411,1.401
127,211,basic,72.215,46.464,78.974,50.662,1.119,1.135
127,212,gifted,205.377,188.907,0.0,0.0,,
127,215,basic,118.215,72.377,119.643,72.522,0.908,0.941
127,218,basic,155.394,99.767,165.009,105.994,0.765,0.763
127,220,basic,87.699,72.485,89.776,73.798,1.331,1.357
127,221,basic,163.528,116.094,168.537,117.222,0.969,1.04
127,222,basic,140.245,83.41,146.822,85.513,1.907,2.004
127,225,basic,78.47,40.748,79.372,41.191,1.193,1.196
127,226,basic,259.612,172.484,266.78,178.322,1.294,1.281
127,229,basic,244.284,204.712,251.599,207.205,1.134,1.205
127,230,basic,119.479,82.795,87.046,60.196,1.019,1.025
127,233,basic,278.617,178.935,284.578,182.687,0.836,0.838
127,234,basic,79.07,64.789,92.647,73.951,1.217,1.337
127,235,basic,83.677,54.488,84.946,54.687,1.186,1.228
127,236,basic,46.251,41.054,47.0,41.692,1.046,1.049
127,239,basic,272.274,159.943,274.176,161.018,1.686,1.687
127,241,basic,384.916,132.179,376.797,127.308,1.868,1.944
127,242,basic,161.311,112.705,167.083,116.834,1.246,1.244
127,243,basic,219.288,119.991,236.637,129.557,0.98,0.978
127,244,basic,34.349,31.861,34.569,32.379,1.108,1.041
127,245,basic,317.072,277.52,321.142,280.887,1.241,1.248
127,246,basic,224.552,119.246,240.304,127.278,1.164,1.174
127,247,basic,364.869,125.367,356.26,123.047,1.567,1.544
127,248,basic,148.196,96.941,150.542,98.754,0.894,0.882
127,249,basic,32.366,25.521,32.844,25.863,0.878,0.882
127,250,basic,88.653,67.492,93.798,71.333,0.967,0.972
127,251,basic,135.696,67.227,140.741,69.416,1.381,1.401
127,252,basic,244.961,175.518,251.397,179.528,1.434,1.45
127,255,basic,86.497,58.895,87.963,60.096,0.859,0.845
127,257,basic,123.167,108.346,120.638,106.056,1.078,1.082
127,259,basic,169.641,125.657,174.966,129.995,1.313,1.297
127,261,basic,180.016,163.258,185.93,168.474,1.111,1.112
127,262,basic,187.638,147.926,144.322,112.89,1.061,1.095
127,264,basic,82.517,39.424,84.037,40.153,0.925,0.925
127,266,basic,104.952,87.141,101.898,84.942,0.902,0.882
127,267,basic,112.658,101.705,114.887,103.706,1.021,1.022
127,268,basic,109.624,104.142,109.448,103.976,1.068,1.065
127,269,basic,105.356,98.305,96.213,89.753,1.079,1.05
127,270,basic,161.58,111.653,163.435,112.754,1.453,1.459
127,272,basic,39.457,37.09,38.958,36.768,1.012,0.965
127,275,basic,92.327,86.554,93.26,87.384,1.166,1.169
127,276,basic,148.345,75.465,93.106,47.289,1.107,1.112
127,277,basic,124.988,83.731,50.454,33.384,1.01,1.063
127,279,basic,108.235,49.268,80.131,36.108,1.005,1.047
127,281,basic,63.401,43.992,67.943,47.028,0.812,0.822
127,282,basic,77.904,60.232,78.378,61.332,0.876,0.824
127,286,basic,176.023,113.032,181.752,114.024,1.741,1.843
127,287,basic,0.0,0.0,452.696,208.263,,0.948
127,287,gifted,190.0,174.763,0.0,0.0,,
127,288,basic,190.75,165.224,193.919,170.927,1.387,1.326
127,289,basic,156.841,133.412,187.267,157.392,1.363,1.432
127,291,basic,371.881,258.408,385.3,260.141,2.19,2.318
127,292,basic,564.054,327.119,618.608,357.209,1.486,1.54
127,930,basic,399.214,346.81,401.644,347.79,2.334,2.35
127,935,basic,437.479,306.274,457.051,326.466,1.763,1.677
127,939,basic,218.732,107.904,226.229,110.891,1.681,1.712
127,949,basic,373.041,307.6,481.73,395.01,1.498,1.562
127,955,basic,46.148,43.841,53.095,50.44,2.716,2.518
127,971,basic,0.0,0.0,571.036,262.593,,1.13
127,971,gifted,517.166,475.693,0.0,0.0,,
127,972,basic,257.25,187.735,260.251,188.855,1.843,1.865
127,974,basic,86.533,77.561,90.253,81.739,1.225,1.178
127,977,basic,239.222,181.224,199.133,147.535,1.318,1.427
128,103,basic,266.995,250.466,267.743,251.114,1.68,1.681
128,104,basic,157.213,54.859,169.779,61.438,3.004,2.75
128,105,basic,462.338,216.724,317.221,146.079,2.315,2.455
128,105,gifted,183.429,167.925,0.0,0.0,,
128,106,basic,469.063,280.87,352.077,212.054,1.873,1.811
128,106,gifted,116.808,106.935,0.0,0.0,,
128,107,basic,516.963,259.631,517.371,259.813,2.54,2.541
128,109,basic,150.317,104.646,153.039,106.824,2.215,2.195
128,110,basic,401.674,198.381,411.074,202.896,2.142,2.147
128,113,basic,396.711,251.945,267.094,166.724,2.483,2.592
128,113,gifted,135.957,124.465,0.0,0.0,,
128,115,basic,149.014,86.261,170.49,98.648,1.743,1.747
128,117,basic,258.761,163.136,221.495,141.7,2.382,2.266
128,117,gifted,89.904,82.304,0.0,0.0,,
128,118,basic,260.43,135.17,323.602,168.023,2.159,2.156
128,130,basic,658.951,365.734,675.487,374.536,1.739,1.747
128,201,basic,80.665,52.121,87.839,57.051,1.146,1.112
128,202,basic,167.649,84.238,170.235,84.968,1.733,1.784
128,203,basic,260.068,182.654,260.138,182.595,1.337,1.342
128,204,basic,173.192,127.875,105.555,71.933,1.442,2.102
128,208,basic,201.209,169.314,233.467,197.111,1.317,1.388
128,209,basic,154.589,40.219,135.147,35.142,0.776,0.78
128,210,basic,194.482,68.86,192.72,68.386,1.437,1.418
128,211,basic,76.955,46.875,83.999,51.11,1.142,1.153
128,212,gifted,205.712,188.324,0.0,0.0,,
128,215,basic,121.58,62.477,122.862,62.725,0.985,1.023
128,218,basic,161.822,91.114,172.324,97.069,0.777,0.774
128,220,basic,90.518,77.464,92.787,79.072,1.572,1.61
128,221,basic,163.756,101.565,168.437,103.058,1.058,1.146
128,222,basic,149.187,87.38,156.67,90.483,2.595,2.726
128,225,basic,84.418,38.382,85.356,38.798,1.26,1.262
128,226,basic,261.223,153.408,268.084,158.456,1.432,1.394
128,229,basic,248.44,212.698,255.203,216.785,1.154,1.212
128,230,basic,104.913,69.992,76.315,50.851,1.066,1.073
128,233,basic,276.47,156.35,282.308,159.629,0.831,0.832
128,234,basic,75.521,64.698,87.349,73.801,1.226,1.337
128,235,basic,87.019,51.213,88.314,51.537,1.312,1.371
128,236,basic,50.148,45.446,51.081,46.273,1.1,1.103
128,239,basic,277.433,163.456,279.403,164.596,1.726,1.728
128,241,basic,384.384,109.58,375.153,106.3,1.972,2.021
128,242,basic,155.997,106.534,161.784,110.559,1.267,1.262
128,243,basic,220.9,103.387,238.172,111.526,1.006,1.003
128,244,basic,36.307,34.37,36.377,34.495,1.225,1.103
128,245,basic,319.424,285.343,323.516,289.065,1.239,1.24
128,246,basic,241.651,113.257,258.15,120.783,1.229,1.241
128,247,basic,365.73,99.471,355.429,97.03,1.658,1.627
128,248,basic,151.371,91.169,153.589,92.645,0.899,0.888
128,249,basic,30.129,22.501,30.505,22.774,0.893,0.895
128,250,basic,84.358,63.171,88.993,66.62,0.988,0.991
128,251,basic,137.342,56.624,142.33,58.531,1.448,1.469
128,252,basic,240.537,169.081,246.853,173.191,1.506,1.521
128,255,basic,87.012,55.253,88.724,56.462,0.855,0.838
128,257,basic,117.913,104.926,115.188,102.512,1.075,1.074
128,259,basic,164.77,126.489,170.128,130.809,1.379,1.365
128,261,basic,176.826,165.678,181.828,170.361,1.132,1.125
128,262,basic,193.986,149.595,148.791,114.238,1.074,1.108
128,264,basic,78.292,28.108,79.71,28.618,0.926,0.926
128,266,basic,104.956,81.831,101.923,79.682,0.905,0.882
128,267,basic,120.025,108.801,122.421,110.965,1.021,1.021
128,268,basic,111.661,106.078,111.507,105.932,1.058,1.053
128,269,basic,108.788,103.225,99.788,94.699,1.048,1.016
128,270,basic,159.666,114.537,161.507,115.751,1.581,1.587
128,272,basic,43.541,41.325,43.042,40.86,1.082,1.016
128,275,basic,97.56,92.563,98.512,93.451,1.203,1.208
128,276,basic,154.589,63.451,96.366,39.531,1.157,1.159
128,277,basic,123.57,78.3,49.608,31.201,1.004,1.062
128,279,basic,100.552,36.617,73.962,26.802,1.008,1.045
128,281,basic,66.924,43.143,71.898,46.273,0.843,0.856
128,282,basic,75.231,57.241,75.075,57.536,0.923,0.865
128,286,basic,181.192,109.003,186.907,110.759,2.22,2.344
128,287,basic,0.0,0.0,439.587,161.729,,0.959
128,287,gifted,190.0,173.94,0.0,0.0,,
128,288,basic,183.85,166.267,186.73,171.178,1.482,1.391
128,289,basic,158.692,148.208,188.429,175.762,1.424,1.471
128,291,basic,376.24,280.895,388.903,286.051,2.477,2.595
128,292,basic,560.191,311.229,614.861,344.006,1.56,1.611
128,930,basic,399.076,374.623,401.506,376.309,2.498,2.525
128,935,basic,438.368,328.104,458.089,347.63,1.982,1.895
128,939,basic,218.436,97.209,225.73,100.162,1.814,1.843
128,949,basic,385.209,346.429,495.468,448.718,1.695,1.731
128,955,basic,47.443,45.071,53.601,50.921,2.85,2.644
128,971,basic,0.0,0.0,555.903,210.702,,1.134
128,971,gifted,515.152,471.608,0.0,0.0,,
128,972,basic,263.193,209.011,266.348,210.499,1.966,1.996
128,974,basic,85.106,79.486,88.568,83.141,1.308,1.242
128,977,basic,233.617,185.698,195.525,153.59,1.337,1.436
129,103,basic,270.467,238.69,271.24,239.304,1.636,1.638
129,104,basic,143.868,56.63,154.67,63.21,2.714,2.491
129,105,basic,436.176,209.708,306.846,144.545,2.326,2.468
129,105,gifted,175.917,162.438,0.0,0.0,,
129,106,basic,446.929,269.029,330.047,200.518,1.863,1.784
129,106,gifted,114.538,105.762,0.0,0.0,,
129,107,basic,518.473,260.297,518.817,260.455,2.554,2.554
129,109,basic,148.1,98.76,150.629,100.633,2.201,2.19
129,110,basic,402.097,216.374,411.327,221.229,2.11,2.113
129,113,basic,385.361,233.926,261.633,156.992,2.439,2.501
129,113,gifted,133.105,122.906,0.0,0.0,,
129,115,basic,144.559,83.893,165.41,95.941,1.732,1.736
129,117,basic,263.361,164.909,225.614,143.667,2.364,2.248
129,117,gifted,89.891,83.003,0.0,0.0,,
129,118,basic,270.716,142.419,343.68,180.124,2.194,2.22
129,130,basic,663.149,394.939,679.682,404.4,1.703,1.709
129,201,basic,81.511,53.343,88.85,58.431,1.082,1.056
129,202,basic,168.791,89.443,171.325,90.13,1.673,1.721
129,203,basic,262.887,179.816,262.976,179.759,1.353,1.357
129,204,basic,184.386,129.205,112.417,71.519,1.489,2.184
129,208,basic,198.42,161.454,230.616,187.442,1.282,1.349
129,209,basic,142.368,49.998,125.28,43.961,0.779,0.784
129,210,basic,192.881,83.305,191.028,82.676,1.43,1.414
129,211,basic,79.062,49.255,85.45,53.168,1.104,1.114
129,212,gifted,205.612,189.858,0.0,0.0,,
129,215,basic,121.426,71.081,122.789,71.307,0.977,1.017
129,218,basic,152.858,92.607,162.25,98.336,0.763,0.761
129,220,basic,93.363,74.681,95.828,76.238,1.58,1.62
129,221,basic,159.948,108.035,164.805,109.498,1.081,1.171
129,222,basic,148.6,84.815,155.812,87.608,2.389,2.51
129,225,basic,79.402,40.445,80.256,40.866,1.187,1.19
129,226,basic,254.342,166.176,261.555,171.739,1.355,1.334
129,229,basic,250.83,202.021,258.296,205.746,1.164,1.235
129,230,basic,122.823,80.769,89.451,58.722,1.091,1.1
129,233,basic,276.564,168.97,282.608,172.594,0.828,0.831
129,234,basic,73.92,59.224,85.309,67.314,1.195,1.3
129,235,basic,82.472,51.815,83.816,52.134,1.301,1.361
129,236,basic,50.813,45.42,51.731,46.215,1.07,1.074
129,239,basic,270.727,159.227,272.64,160.325,1.738,1.739
129,241,basic,384.233,135.052,375.511,131.019,1.938,1.99
129,242,basic,164.292,112.454,170.609,116.835,1.235,1.233
129,243,basic,214.735,112.629,231.762,121.631,0.984,0.981
129,244,basic,37.762,35.308,38.088,35.88,1.126,1.039
129,245,basic,324.787,280.946,329.301,284.678,1.266,1.272
129,246,basic,229.038,117.593,245.582,125.717,1.24,1.258
129,247,basic,370.403,127.592,361.126,124.863,1.642,1.616
129,248,basic,148.169,92.315,150.284,93.808,0.898,0.885
129,249,basic,32.654,24.559,33.032,24.823,0.896,0.9
129,250,basic,85.899,62.313,90.145,65.382,0.958,0.96
129,251,basic,132.04,64.805,137.208,67.103,1.426,1.451
129,252,basic,233.165,164.649,239.523,168.718,1.456,1.473
129,255,basic,83.803,54.217,84.991,55.149,0.853,0.834
129,257,basic,125.606,106.75,122.937,104.461,1.084,1.086
129,259,basic,168.488,121.652,173.511,125.587,1.333,1.315
129,261,basic,165.406,150.796,170.258,155.261,1.098,1.093
129,262,basic,190.693,144.23,146.715,110.322,1.075,1.115
129,264,basic,80.102,37.01,81.588,37.7,0.935,0.934
129,266,basic,112.933,89.161,109.82,86.964,0.908,0.885
129,267,basic,116.82,101.967,119.148,103.99,1.035,1.036
129,268,basic,111.938,106.341,112.046,106.444,1.08,1.077
129,269,basic,107.892,101.457,98.703,92.819,1.068,1.036
129,270,basic,158.73,107.845,160.557,108.98,1.51,1.516
129,272,basic,43.365,40.884,42.934,40.604,1.085,1.02
129,275,basic,90.503,85.145,91.438,85.982,1.175,1.179
129,276,basic,151.438,74.471,94.832,46.614,1.159,1.16
129,277,basic,129.282,82.771,51.345,32.653,1.011,1.056
129,279,basic,107.733,47.412,78.458,34.324,1.003,1.042
129,281,basic,67.519,44.179,72.501,47.364,0.825,0.836
129,282,basic,76.598,55.735,76.765,56.331,0.915,0.857
129,286,basic,175.367,108.269,181.048,109.979,2.181,2.299
129,287,basic,0.0,0.0,443.822,196.012,,0.946
129,287,gifted,190.0,175.442,0.0,0.0,,
129,288,basic,184.733,157.772,187.628,163.225,1.502,1.404
129,289,basic,156.423,131.071,187.049,155.423,1.413,1.492
129,291,basic,384.925,265.34,398.701,268.756,2.528,2.679
129,292,basic,565.247,324.86,620.021,356.494,1.543,1.6
129,930,basic,398.951,358.914,401.383,360.071,2.391,2.411
129,935,basic,437.828,304.322,457.473,322.904,1.919,1.825
129,939,basic,222.542,110.718,230.242,113.972,1.782,1.82
129,949,basic,382.711,310.674,495.404,402.954,1.632,1.679
129,955,basic,47.298,44.933,53.725,51.038,2.864,2.659
129,971,basic,0.0,0.0,554.682,248.023,,1.141
129,971,gifted,515.596,476.091,0.0,0.0,,
129,972,basic,259.842,190.296,263.002,191.632,1.925,1.953
129,974,basic,86.198,78.05,89.921,82.023,1.212,1.163
129,977,basic,229.841,170.369,192.695,140.733,1.311,1.419
130,103,basic,276.918,247.406,277.748,248.056,1.654,1.656
130,104,basic,134.753,58.544,142.767,64.422,2.706,2.471
130,105,basic,458.3,238.029,313.096,159.458,2.328,2.466
130,105,gifted,182.898,167.697,0.0,0.0,,
130,106,basic,469.523,296.641,348.699,221.122,1.926,1.88
130,106,gifted,116.577,106.888,0.0,0.0,,
130,107,basic,532.642,286.971,533.173,287.214,2.591,2.592
130,109,basic,143.531,101.777,146.362,103.99,2.12,2.107
130,110,basic,396.58,227.106,405.913,232.291,2.121,2.126
130,113,basic,389.878,252.525,264.022,169.528,2.354,2.401
130,113,gifted,133.589,122.486,0.0,0.0,,
130,115,basic,143.31,88.802,164.333,101.738,1.737,1.744
130,117,basic,249.375,164.971,214.008,143.703,2.333,2.228
130,117,gifted,88.732,81.357,0.0,0.0,,
130,118,basic,262.164,148.784,325.288,184.692,2.166,2.163
130,130,basic,644.032,408.074,660.497,417.965,1.72,1.728
130,201,basic,83.369,52.576,90.998,57.685,1.135,1.106
130,202,basic,175.892,91.899,178.341,92.585,1.712,1.756
130,203,basic,240.259,159.987,240.352,159.968,1.287,1.29
130,204,basic,186.962,125.8,111.675,68.737,1.517,2.177
130,208,basic,208.137,164.292,239.513,189.981,1.296,1.367
130,209,basic,153.782,56.47,134.284,49.29,0.766,0.768
130,210,basic,191.56,84.142,189.603,83.536,1.38,1.357
130,211,basic,77.867,47.376,84.298,51.23,1.113,1.123
130,212,gifted,206.267,189.124,0.0,0.0,,
130,215,basic,122.222,71.794,123.296,72.093,0.92,0.944
130,218,basic,158.383,94.331,168.02,100.117,0.766,0.763
130,220,basic,91.46,70.57,93.626,71.929,1.465,1.496
130,221,basic,164.863,108.522,169.601,109.981,1.034,1.119
130,222,basic,139.045,80.848,145.098,83.302,2.071,2.17
130,225,basic,83.779,42.535,84.663,42.969,1.202,1.205
130,226,basic,261.112,164.081,268.169,169.495,1.403,1.374
130,229,basic,248.543,190.468,255.483,193.982,1.157,1.218
130,230,basic,104.619,66.797,74.819,47.72,1.094,1.098
130,233,basic,283.922,170.239,289.959,173.814,0.84,0.842
130,234,basic,79.66,60.722,91.783,68.95,1.208,1.313
130,235,basic,87.227,53.873,88.469,54.182,1.264,1.315
130,236,basic,51.027,43.611,51.803,44.26,1.046,1.048
130,239,basic,276.329,158.83,278.248,159.892,1.747,1.749
130,241,basic,382.088,138.542,372.827,134.429,1.924,1.965
130,242,basic,159.525,106.129,165.482,110.189,1.227,1.221
130,243,basic,213.124,111.323,229.989,120.212,0.976,0.972
130,244,basic,37.01,34.448,37.353,35.035,1.133,1.061
130,245,basic,319.541,261.243,323.513,264.526,1.266,1.268
130,246,basic,246.34,125.989,263.995,134.664,1.251,1.268
130,247,basic,364.821,130.663,354.729,127.692,1.608,1.571
130,248,basic,142.62,87.335,144.735,88.785,0.897,0.885
130,249,basic,30.256,21.902,30.764,22.253,0.922,0.927
130,250,basic,86.377,60.306,90.785,63.376,0.961,0.962
130,251,basic,134.704,65.697,139.656,67.922,1.443,1.463
130,252,basic,236.0,158.144,242.26,161.962,1.493,1.509
130,255,basic,88.494,55.793,90.191,57.007,0.873,0.856
130,257,basic,123.609,98.931,120.872,96.726,1.081,1.083
130,259,basic,173.308,119.597,179.089,123.794,1.366,1.353
130,261,basic,171.172,151.061,175.705,155.208,1.042,1.034
130,262,basic,192.522,139.166,148.55,106.775,1.096,1.136
130,264,basic,77.652,36.352,79.067,37.017,0.927,0.927
130,266,basic,104.654,78.616,101.642,76.579,0.918,0.895
130,267,basic,115.471,96.127,117.675,97.956,1.014,1.015
130,268,basic,109.609,104.129,109.644,104.162,1.074,1.071
130,269,basic,100.799,93.361,91.718,85.051,1.073,1.041
130,270,basic,153.692,100.504,155.456,101.548,1.52,1.527
130,272,basic,41.645,39.138,41.077,38.76,1.049,0.994
130,275,basic,93.56,86.67,94.447,87.459,1.165,1.168
130,276,basic,154.277,76.242,96.351,47.587,1.122,1.124
130,277,basic,124.429,77.677,50.156,31.056,1.0,1.057
130,279,basic,101.165,45.158,74.285,32.976,1.005,1.042
130,281,basic,71.245,45.5,76.747,48.925,0.829,0.841
130,282,basic,80.67,56.36,80.686,56.827,0.935,0.878
130,286,basic,174.991,105.386,180.674,106.933,2.113,2.239
130,287,basic,0.0,0.0,440.242,196.447,,0.961
130,287,gifted,190.0,174.209,0.0,0.0,,
130,288,basic,187.065,152.087,189.96,156.999,1.475,1.386
130,289,basic,158.786,134.032,188.084,158.637,1.402,1.447
130,291,basic,373.405,256.482,386.37,260.536,2.398,2.526
130,292,basic,565.223,327.996,620.789,362.619,1.585,1.649
130,930,basic,398.925,351.062,401.356,352.362,2.355,2.371
130,935,basic,437.966,300.5,457.568,318.819,1.949,1.864
130,939,basic,218.55,111.093,226.035,114.453,1.805,1.839
130,949,basic,385.279,311.165,497.52,404.644,1.629,1.681
130,955,basic,48.121,45.715,54.84,52.098,2.809,2.612
130,971,basic,0.0,0.0,569.715,257.172,,1.153
130,971,gifted,516.682,473.739,0.0,0.0,,
130,972,basic,262.057,189.831,264.85,191.039,1.893,1.915
130,974,basic,87.298,75.848,90.842,79.579,1.235,1.182
130,977,basic,234.009,165.807,195.573,136.758,1.339,1.438
131,103,basic,271.005,240.662,271.812,241.289,1.654,1.655
131,104,basic,136.821,54.391,147.757,60.512,2.41,2.263
131,105,basic,482.598,226.087,333.557,153.256,2.337,2.451
131,105,gifted,186.527,170.561,0.0,0.0,,
131,106,basic,455.247,275.565,334.962,205.458,1.786,1.691
131,106,gifted,116.891,106.885,0.0,0.0,,
131,107,basic,489.529,244.031,489.863,244.175,2.461,2.461
131,109,basic,154.746,103.208,157.529,105.401,2.167,2.15
131,110,basic,390.326,203.223,399.281,207.736,2.119,2.123
131,113,basic,389.546,235.484,263.973,157.767,2.404,2.457
131,113,gifted,134.056,122.581,0.0,0.0,,
131,115,basic,146.175,84.619,167.229,96.746,1.737,1.741
131,117,basic,252.808,155.798,215.948,135.546,2.355,2.247
131,117,gifted,89.947,82.248,0.0,0.0,,
131,118,basic,278.202,144.953,347.556,180.85,2.146,2.155
131,130,basic,653.458,382.174,669.846,391.332,1.721,1.727
131,201,basic,77.365,51.329,83.353,55.677,1.049,1.017
131,202,basic,173.766,89.317,176.384,89.879,1.763,1.812
131,203,basic,257.161,177.87,257.219,177.784,1.336,1.34
131,204,basic,169.672,121.454,104.235,67.765,1.42,2.009
131,208,basic,205.809,169.704,237.453,195.265,1.252,1.322
131,209,basic,153.965,52.084,135.754,45.858,0.78,0.787
131,210,basic,195.123,81.115,193.433,80.589,1.429,1.414
131,211,basic,77.485,48.723,82.767,52.014,1.098,1.103
131,212,gifted,205.671,188.066,0.0,0.0,,
131,215,basic,117.604,68.521,118.967,68.715,0.952,0.989
131,218,basic,153.819,93.872,163.448,99.804,0.76,0.757
131,220,basic,85.805,71.496,87.816,72.79,1.371,1.402
131,221,basic,163.927,110.338,168.809,111.649,1.04,1.12
131,222,basic,152.012,86.311,159.226,88.805,2.306,2.425
131,225,basic,83.97,41.963,84.893,42.407,1.229,1.232
131,226,basic,256.134,166.166,262.989,171.669,1.283,1.261
131,229,basic,247.658,204.396,254.194,207.945,1.145,1.192
131,230,basic,114.553,77.137,83.486,56.111,1.03,1.039
131,233,basic,279.418,171.59,285.369,175.197,0.823,0.824
131,234,basic,79.242,65.368,90.207,73.351,1.159,1.243
131,235,basic,82.356,51.653,83.614,51.914,1.266,1.316
131,236,basic,47.443,42.174,48.276,42.892,1.086,1.088
131,239,basic,274.893,161.579,276.801,162.671,1.709,1.71
131,241,basic,383.955,128.964,374.302,125.227,1.897,1.92
131,242,basic,158.222,109.129,163.841,113.093,1.249,1.245
131,243,basic,218.35,113.547,235.449,122.534,0.99,0.986
131,244,basic,38.478,35.883,38.697,36.389,1.147,1.057
131,245,basic,318.812,278.427,322.91,281.916,1.263,1.268
131,246,basic,226.221,115.845,241.647,123.553,1.192,1.199
131,247,basic,367.408,120.764,357.792,118.235,1.623,1.591
131,248,basic,148.491,93.583,150.653,95.138,0.903,0.892
131,249,basic,31.539,24.185,31.949,24.481,0.887,0.89
131,250,basic,89.81,66.48,94.331,69.81,0.971,0.973
131,251,basic,129.585,62.106,134.393,64.192,1.364,1.384
131,252,basic,246.409,173.486,252.87,177.579,1.456,1.471
131,255,basic,89.011,58.19,90.687,59.453,0.881,0.865
131,257,basic,123.384,106.845,120.429,104.286,1.074,1.075
131,259,basic,154.004,114.586,156.969,117.391,1.258,1.226
131,261,basic,177.158,162.08,182.37,166.883,1.103,1.098
131,262,basic,191.435,147.086,146.777,112.124,1.077,1.111
131,264,basic,79.719,35.64,81.2,36.304,0.931,0.931
131,266,basic,104.485,83.374,101.543,81.293,0.916,0.895
131,267,basic,115.453,103.127,117.754,105.172,1.032,1.033
131,268,basic,110.812,105.271,110.385,104.865,1.07,1.065
131,269,basic,106.078,99.758,97.027,91.235,1.065,1.032
131,270,basic,154.581,105.932,156.316,107.015,1.519,1.523
131,272,basic,42.034,39.614,41.575,39.289,1.053,0.998
131,275,basic,94.727,89.216,95.676,90.075,1.187,1.19
131,276,basic,148.758,71.828,93.358,45.016,1.109,1.115
131,277,basic,130.2,84.046,52.233,33.405,1.029,1.082
131,279,basic,103.146,44.338,76.13,32.476,1.006,1.048
131,281,basic,70.535,47.14,75.295,50.292,0.803,0.807
131,282,basic,77.139,57.572,76.998,58.061,0.912,0.852
131,286,basic,181.035,111.842,186.794,113.215,2.005,2.12
131,287,basic,0.0,0.0,460.201,198.653,,0.959
131,287,gifted,190.0,173.736,0.0,0.0,,
131,288,basic,183.354,159.056,186.342,164.227,1.434,1.363
131,289,basic,156.748,136.188,186.596,161.178,1.372,1.427
131,291,basic,379.773,263.787,392.885,267.035,2.374,2.497
131,292,basic,561.598,322.607,615.754,353.603,1.503,1.563
131,930,basic,399.068,360.414,401.494,361.558,2.383,2.402
131,935,basic,437.079,303.831,456.563,322.655,1.923,1.837
131,939,basic,218.47,106.926,225.809,110.033,1.709,1.738
131,949,basic,378.381,315.523,487.202,407.097,1.594,1.641
131,955,basic,45.44,43.168,50.631,48.1,2.873,2.693
131,971,basic,0.0,0.0,561.214,246.095,,1.124
131,971,gifted,515.554,471.423,0.0,0.0,,
131,972,basic,259.471,191.451,262.511,192.684,1.896,1.921
131,974,basic,86.091,78.173,89.471,81.969,1.247,1.189
131,977,basic,242.719,183.138,200.48,148.747,1.33,1.435
132,103,basic,269.516,243.26,270.474,243.9,1.635,1.639
132,104,basic,130.034,49.434,142.934,55.414,2.157,2.078
132,105,basic,417.413,183.789,290.305,124.39,2.239,2.367
132,105,gifted,176.459,162.403,0.0,0.0,,
132,106,basic,468.963,276.985,347.152,208.41,1.756,1.665
132,106,gifted,118.325,108.9,0.0,0.0,,
132,107,basic,514.01,237.715,514.402,237.858,2.489,2.49
132,109,basic,149.129,100.6,151.595,102.472,2.046,2.038
132,110,basic,404.984,199.307,414.092,203.609,2.085,2.089
132,113,basic,389.846,233.546,263.735,157.492,2.287,2.298
132,113,gifted,133.558,122.919,0.0,0.0,,
132,115,basic,139.527,78.178,159.587,89.387,1.718,1.72
132,117,basic,258.999,156.139,223.276,136.969,2.296,2.213
132,117,gifted,90.094,82.918,0.0,0.0,,
132,118,basic,265.91,131.702,334.961,165.191,2.104,2.124
132,130,basic,656.897,374.155,673.458,383.055,1.671,1.677
132,201,basic,78.303,53.502,84.5,58.187,0.965,0.939
132,202,basic,166.729,86.292,169.064,86.791,1.538,1.573
132,203,basic,263.214,187.418,263.365,187.403,1.275,1.278
132,204,basic,180.882,133.766,108.887,70.582,1.359,1.998
132,208,basic,210.46,180.679,242.281,206.802,1.213,1.277
132,209,basic,141.175,43.329,125.245,38.381,0.776,0.782
132,210,basic,192.977,75.005,191.188,74.553,1.393,1.376
132,211,basic,76.657,48.172,83.44,52.322,1.121,1.133
132,212,gifted,205.762,189.371,0.0,0.0,,
132,215,basic,115.913,68.627,117.053,68.839,0.878,0.9
132,218,basic,156.485,95.806,166.25,101.85,0.761,0.758
132,220,basic,86.729,72.174,89.079,73.552,1.406,1.444
132,221,basic,162.411,112.915,167.228,114.079,0.957,1.024
132,222,basic,137.007,86.73,143.143,88.695,1.692,1.788
132,225,basic,76.65,37.279,77.463,37.656,1.176,1.179
132,226,basic,258.915,169.171,265.926,174.918,1.264,1.246
132,229,basic,255.125,221.213,262.159,224.322,1.137,1.192
132,230,basic,110.056,75.301,78.767,53.949,1.029,1.021
132,233,basic,284.436,174.464,290.561,178.135,0.845,0.847
132,234,basic,78.589,66.915,91.16,75.92,1.213,1.32
132,235,basic,80.578,52.378,81.601,52.607,1.114,1.145
132,236,basic,50.2,45.197,50.883,45.798,1.05,1.051
132,239,basic,272.755,158.355,274.704,159.418,1.691,1.693
132,241,basic,385.694,115.539,376.486,111.794,1.886,1.928
132,242,basic,154.107,109.3,159.585,113.262,1.207,1.205
132,243,basic,215.737,109.564,232.648,118.244,0.968,0.965
132,244,basic,36.195,33.77,36.503,34.317,1.152,1.074
132,245,basic,315.98,284.49,320.064,288.224,1.237,1.241
132,246,basic,241.12,120.389,257.787,128.454,1.151,1.159
132,247,basic,373.789,110.416,363.836,108.206,1.574,1.542
132,248,basic,144.36,92.08,146.468,93.65,0.887,0.876
132,249,basic,30.954,24.967,31.394,25.306,0.851,0.853
132,250,basic,84.311,64.619,89.041,68.19,0.968,0.972
132,251,basic,131.81,59.609,136.678,61.546,1.394,1.414
132,252,basic,233.72,166.934,240.031,170.88,1.446,1.461
132,255,basic,86.338,57.749,87.875,58.968,0.839,0.825
132,257,basic,120.774,108.883,117.691,106.132,1.073,1.073
132,259,basic,158.378,120.955,161.866,124.433,1.277,1.244
132,261,basic,177.224,163.736,182.471,168.576,1.094,1.088
132,262,basic,186.884,149.72,143.705,114.343,1.06,1.091
132,264,basic,82.314,35.03,83.81,35.669,0.91,0.91
132,266,basic,104.239,87.529,101.297,85.429,0.889,0.867
132,267,basic,113.677,106.145,115.788,108.116,1.026,1.027
132,268,basic,108.777,103.338,108.461,103.038,1.069,1.065
132,269,basic,106.703,100.601,97.568,91.992,1.065,1.032
132,270,basic,162.423,114.908,164.249,116.069,1.429,1.434
132,272,basic,42.154,39.785,41.802,39.542,1.041,0.989
132,275,basic,94.168,88.833,95.089,89.665,1.196,1.2
132,276,basic,155.593,71.726,96.985,44.678,1.124,1.126
132,277,basic,131.836,86.101,52.515,33.929,1.017,1.065
132,279,basic,114.873,46.587,84.09,33.827,0.993,1.028
132,281,basic,70.791,48.138,75.734,51.41,0.814,0.821
132,282,basic,75.639,58.765,75.516,59.432,0.891,0.833
132,286,basic,175.82,112.885,181.692,113.779,1.776,1.889
132,287,basic,0.0,0.0,456.819,186.165,,0.947
132,287,gifted,190.0,174.865,0.0,0.0,,
132,288,basic,186.304,164.125,189.496,169.622,1.394,1.336
132,289,basic,156.384,139.514,186.589,164.976,1.369,1.432
132,291,basic,373.704,269.003,386.92,271.094,2.169,2.292
132,292,basic,565.57,318.387,620.221,347.644,1.475,1.541
132,930,basic,398.851,366.818,401.273,368.293,2.324,2.336
132,935,basic,437.363,312.159,457.059,332.114,1.782,1.706
132,939,basic,221.536,102.723,229.149,105.598,1.7,1.731
132,949,basic,377.95,324.534,488.83,418.949,1.548,1.609
132,955,basic,45.084,42.83,51.25,48.688,2.766,2.569
132,971,basic,0.0,0.0,555.386,229.878,,1.116
132,971,gifted,515.16,474.124,0.0,0.0,,
132,972,basic,258.352,196.775,260.805,197.848,1.786,1.801
132,974,basic,88.07,80.71,91.529,84.629,1.267,1.216
132,977,basic,240.276,188.335,198.831,152.578,1.303,1.409
133,103,basic,277.736,237.911,278.598,238.519,1.648,1.65
133,104,basic,121.125,51.064,131.654,57.193,2.296,2.174
133,105,basic,430.061,205.628,298.701,138.909,2.246,2.372
133,105,gifted,178.755,164.074,0.0,0.0,,
133,106,basic,456.088,281.72,336.059,211.083,1.745,1.654
133,106,gifted,116.395,106.835,0.0,0.0,,
133,107,basic,502.411,247.775,502.765,247.922,2.448,2.448
133,109,basic,152.735,100.746,155.151,102.616,2.097,2.086
133,110,basic,401.882,215.938,410.859,220.554,2.135,2.139
133,113,basic,399.588,237.675,271.597,160.657,2.322,2.343
133,113,gifted,136.34,125.142,0.0,0.0,,
133,115,basic,146.356,86.001,167.377,98.298,1.728,1.73
133,117,basic,268.124,163.99,232.106,144.564,2.314,2.23
133,117,gifted,90.203,82.795,0.0,0.0,,
133,118,basic,265.036,140.528,333.528,176.168,2.089,2.107
133,130,basic,659.181,405.762,675.679,415.404,1.67,1.675
133,201,basic,77.987,52.307,84.724,57.21,1.001,0.98
133,202,basic,171.695,90.095,174.167,90.539,1.616,1.655
133,203,basic,255.718,175.884,255.837,175.854,1.258,1.261
133,204,basic,167.854,116.021,106.009,63.831,1.396,2.047
133,208,basic,206.195,168.701,237.254,193.333,1.209,1.27
133,209,basic,148.904,59.01,132.733,52.495,0.769,0.776
133,210,basic,191.331,87.33,189.58,86.827,1.358,1.341
133,211,basic,75.099,47.712,80.179,50.883,1.089,1.096
133,212,gifted,205.987,189.069,0.0,0.0,,
133,215,basic,116.504,74.59,117.514,74.864,0.845,0.861
133,218,basic,154.182,98.551,164.263,105.041,0.767,0.765
133,220,basic,87.079,69.367,89.321,70.623,1.346,1.378
133,221,basic,162.3,116.173,167.058,117.331,0.948,1.012
133,222,basic,135.319,79.551,141.731,81.473,1.817,1.916
133,225,basic,80.597,42.5,81.41,42.911,1.173,1.175
133,226,basic,247.606,169.203,254.556,174.828,1.196,1.186
133,229,basic,242.768,194.296,249.379,196.721,1.139,1.197
133,230,basic,112.973,75.965,82.278,55.257,1.02,1.021
133,233,basic,276.154,177.304,282.15,181.065,0.834,0.836
133,234,basic,73.418,58.021,84.062,65.169,1.176,1.261
133,235,basic,85.321,56.579,86.445,56.787,1.112,1.146
133,236,basic,49.704,43.279,50.419,43.884,1.073,1.075
133,239,basic,269.628,153.595,271.566,154.641,1.726,1.728
133,241,basic,387.33,138.939,378.349,134.315,1.88,1.928
133,242,basic,154.582,106.976,158.925,110.098,1.196,1.192
133,243,basic,214.832,118.73,231.791,128.212,0.973,0.97
133,244,basic,39.309,36.344,39.709,37.08,1.078,1.024
133,245,basic,321.517,276.932,325.722,280.332,1.196,1.202
133,246,basic,231.979,123.771,248.301,132.031,1.176,1.188
133,247,basic,365.236,131.684,355.566,128.865,1.598,1.574
133,248,basic,147.333,95.319,149.448,96.916,0.892,0.882
133,249,basic,31.134,24.332,31.473,24.595,0.848,0.847
133,250,basic,91.412,67.067,96.291,70.603,0.959,0.962
133,251,basic,120.825,61.974,125.362,64.028,1.355,1.374
133,252,basic,241.713,170.092,248.016,173.985,1.369,1.382
133,255,basic,88.553,59.482,90.115,60.757,0.834,0.818
133,257,basic,121.539,103.018,118.777,100.656,1.063,1.064
133,259,basic,160.729,115.404,164.623,118.939,1.241,1.212
133,261,basic,170.5,152.372,175.309,156.746,1.069,1.064
133,262,basic,193.52,147.39,148.684,112.37,1.074,1.107
133,264,basic,79.302,40.196,80.778,40.947,0.925,0.925
133,266,basic,103.975,84.084,101.182,82.114,0.908,0.89
133,267,basic,123.975,108.926,126.268,110.936,1.027,1.028
133,268,basic,108.52,103.094,108.211,102.801,1.067,1.062
133,269,basic,103.29,95.303,94.194,86.965,1.046,1.014
133,270,basic,165.09,108.135,166.928,109.219,1.493,1.497
133,272,basic,41.28,38.597,40.975,38.5,1.034,0.995
133,275,basic,100.236,92.669,101.172,93.482,1.147,1.149
133,276,basic,155.801,81.647,97.092,50.838,1.122,1.124
133,277,basic,129.231,84.125,52.392,33.625,1.028,1.089
133,279,basic,113.931,53.68,84.426,39.369,1.011,1.054
133,281,basic,70.682,48.092,76.019,51.603,0.805,0.815
133,282,basic,78.338,58.04,78.429,58.822,0.879,0.826
133,286,basic,176.093,112.336,181.759,113.263,1.725,1.826
133,287,basic,0.0,0.0,464.12,219.224,,0.967
133,287,gifted,190.0,174.395,0.0,0.0,,
133,288,basic,185.485,155.528,188.763,160.52,1.344,1.297
133,289,basic,154.074,126.84,183.496,149.629,1.35,1.411
133,291,basic,374.363,251.288,387.587,253.362,2.215,2.332
133,292,basic,563.406,330.067,618.296,361.151,1.471,1.533
133,930,basic,399.251,332.404,401.664,333.777,2.254,2.262
133,935,basic,437.477,293.645,457.336,312.327,1.807,1.738
133,939,basic,221.829,112.352,229.438,115.465,1.705,1.736
133,949,basic,380.081,300.498,491.259,387.54,1.524,1.584
133,955,basic,45.553,43.275,51.893,49.298,2.78,2.582
133,971,basic,0.0,0.0,561.305,266.546,,1.113
133,971,gifted,515.533,473.191,0.0,0.0,,
133,972,basic,260.922,185.962,263.406,187.034,1.794,1.808
133,974,basic,88.514,77.586,91.753,81.376,1.191,1.141
133,977,basic,250.05,179.529,205.476,144.25,1.349,1.458
134,103,basic,270.12,235.303,270.938,235.912,1.641,1.643
134,104,basic,137.498,55.486,149.84,62.593,2.527,2.358
134,105,basic,435.112,209.156,304.136,142.766,2.282,2.419
134,105,gifted,177.432,163.157,0.0,0.0,,
134,106,basic,464.733,282.773,346.408,213.294,1.795,1.713
134,106,gifted,116.834,107.434,0.0,0.0,,
134,107,basic,516.85,259.171,517.255,259.348,2.491,2.492
134,109,basic,156.511,103.947,159.211,105.951,2.15,2.14
134,110,basic,391.289,208.444,399.923,212.907,2.136,2.14
134,113,basic,388.154,234.051,261.164,156.268,2.371,2.403
134,113,gifted,134.481,123.661,0.0,0.0,,
134,115,basic,153.621,89.811,175.584,102.601,1.734,1.737
134,117,basic,262.822,162.824,226.755,142.807,2.329,2.235
134,117,gifted,89.683,82.467,0.0,0.0,,
134,118,basic,264.48,139.635,335.571,176.333,2.15,2.177
134,130,basic,667.792,402.583,684.442,412.214,1.681,1.686
134,201,basic,79.678,53.055,87.003,58.267,1.04,1.016
134,202,basic,173.397,90.266,176.148,90.828,1.771,1.824
134,203,basic,258.974,176.444,259.018,176.323,1.373,1.378
134,204,basic,174.223,121.651,108.984,67.856,1.483,2.169
134,208,basic,201.541,163.777,233.453,189.073,1.255,1.325
134,209,basic,151.971,56.479,133.544,49.569,0.773,0.779
134,210,basic,192.798,85.489,191.016,84.929,1.385,1.367
134,211,basic,77.196,48.619,84.882,53.324,1.127,1.144
134,212,gifted,206.11,189.528,0.0,0.0,,
134,215,basic,123.692,73.991,125.256,74.117,1.003,1.048
134,218,basic,148.028,92.272,156.956,97.897,0.763,0.76
134,220,basic,89.422,72.617,91.573,73.953,1.391,1.422
134,221,basic,163.362,113.633,168.013,114.965,0.978,1.049
134,222,basic,151.628,81.446,158.993,84.023,2.537,2.649
134,225,basic,73.141,37.765,73.99,38.183,1.228,1.231
134,226,basic,266.487,172.401,273.477,178.317,1.419,1.39
134,229,basic,250.785,202.825,258.15,206.088,1.144,1.211
134,230,basic,113.668,75.74,82.225,54.696,1.079,1.085
134,233,basic,282.92,177.334,288.979,181.071,0.836,0.838
134,234,basic,79.331,63.074,93.028,72.37,1.245,1.37
134,235,basic,83.317,52.042,84.765,52.291,1.372,1.433
134,236,basic,49.842,44.159,50.779,44.963,1.043,1.046
134,239,basic,275.05,161.827,276.959,162.933,1.711,1.712
134,241,basic,386.623,137.84,377.899,133.277,1.922,1.985
134,242,basic,158.956,109.924,164.819,114.069,1.232,1.229
134,243,basic,221.213,119.089,238.741,128.585,0.985,0.983
134,244,basic,36.583,33.853,36.691,34.346,1.174,1.079
134,245,basic,318.877,274.469,323.045,277.956,1.26,1.265
134,246,basic,226.135,119.592,241.97,127.654,1.178,1.19
134,247,basic,370.585,131.278,361.056,128.471,1.611,1.585
134,248,basic,149.519,95.577,151.625,97.139,0.894,0.882
134,249,basic,28.811,21.975,29.162,22.21,0.92,0.927
134,250,basic,83.116,60.884,87.867,64.307,0.974,0.979
134,251,basic,132.714,66.341,137.636,68.552,1.392,1.413
134,252,basic,239.414,167.841,245.7,171.767,1.437,1.453
134,255,basic,88.246,58.373,89.753,59.562,0.854,0.837
134,257,basic,120.457,102.007,117.72,99.676,1.092,1.093
134,259,basic,162.529,118.054,166.644,121.526,1.288,1.264
134,261,basic,168.245,152.808,173.01,157.252,1.06,1.054
134,262,basic,186.789,142.35,143.959,108.993,1.079,1.115
134,264,basic,79.176,38.255,80.602,38.948,0.9,0.899
134,266,basic,109.284,87.083,106.31,85.018,0.914,0.892
134,267,basic,116.784,102.89,119.24,105.036,1.036,1.037
134,268,basic,106.591,101.261,106.221,100.91,1.082,1.078
134,269,basic,103.701,96.742,94.443,88.104,1.114,1.085
134,270,basic,161.566,107.857,163.337,108.953,1.555,1.559
134,272,basic,40.668,38.182,40.026,37.753,1.058,0.998
134,275,basic,90.622,84.742,91.534,85.557,1.171,1.174
134,276,basic,151.626,76.862,95.134,48.182,1.126,1.13
134,277,basic,126.403,82.207,50.692,32.645,1.009,1.063
134,279,basic,104.219,47.532,76.77,34.766,0.998,1.036
134,281,basic,69.708,46.72,74.918,50.099,0.821,0.833
134,282,basic,75.875,56.233,75.837,56.773,0.883,0.827
134,286,basic,178.84,111.688,184.517,112.992,1.954,2.067
134,287,basic,0.0,0.0,451.368,206.083,,0.955
134,287,gifted,190.0,174.714,0.0,0.0,,
134,288,basic,182.419,153.798,185.037,158.909,1.439,1.359
134,289,basic,159.057,132.789,189.959,157.101,1.389,1.461
134,291,basic,375.615,256.418,388.834,259.424,2.324,2.45
134,292,basic,565.831,328.227,618.801,358.691,1.517,1.572
134,930,basic,399.614,345.141,402.047,345.81,2.415,2.439
134,935,basic,437.977,298.901,457.5,317.941,1.888,1.793
134,939,basic,221.882,112.003,229.353,115.232,1.726,1.755
134,949,basic,378.367,307.288,489.025,397.284,1.551,1.602
134,955,basic,46.453,44.131,53.02,50.369,2.768,2.566
134,971,basic,0.0,0.0,561.895,259.356,,1.124
134,971,gifted,516.057,474.538,0.0,0.0,,
134,972,basic,260.038,184.135,263.501,185.341,1.969,2.001
134,974,basic,88.359,78.956,92.536,83.354,1.23,1.188
134,977,basic,237.908,176.114,197.273,143.547,1.32,1.425
135,103,basic,261.408,237.866,262.405,238.499,1.674,1.679
135,104,basic,128.355,50.923,143.165,57.78,2.208,2.132
135,105,basic,441.8,207.413,312.369,143.259,2.274,2.408
135,105,gifted,177.923,163.922,0.0,0.0,,
135,106,basic,458.949,277.732,341.449,209.412,1.767,1.678
135,106,gifted,117.01,107.803,0.0,0.0,,
135,107,basic,517.678,253.995,518.06,254.14,2.538,2.538
135,109,basic,138.89,95.837,141.128,97.595,2.022,2.01
135,110,basic,399.95,196.155,409.662,200.663,2.141,2.148
135,113,basic,378.717,237.948,252.933,158.703,2.305,2.306
135,113,gifted,132.121,121.725,0.0,0.0,,
135,115,basic,145.702,85.109,166.4,97.173,1.738,1.74
135,117,basic,257.553,156.702,222.45,137.45,2.331,2.242
135,117,gifted,89.148,82.133,0.0,0.0,,
135,118,basic,263.965,136.405,337.164,173.263,2.143,2.175
135,130,basic,664.497,371.371,681.154,380.154,1.718,1.726
135,201,basic,75.193,51.231,81.583,55.911,0.993,0.968
135,202,basic,176.243,90.59,178.774,91.107,1.693,1.739
135,203,basic,262.752,187.22,262.84,187.158,1.305,1.308
135,204,basic,180.251,131.392,111.16,72.342,1.483,2.162
135,208,basic,204.614,171.048,237.123,197.86,1.268,1.341
135,209,basic,144.671,43.491,127.278,38.212,0.782,0.788
135,210,basic,193.368,73.199,191.572,72.675,1.447,1.432
135,211,basic,74.742,47.421,81.216,51.447,1.125,1.136
135,212,gifted,205.643,189.461,0.0,0.0,,
135,215,basic,119.24,65.696,120.531,65.894,0.904,0.935
135,218,basic,163.625,98.502,174.182,104.887,0.775,0.774
135,220,basic,89.862,74.784,92.082,76.245,1.48,1.513
135,221,basic,162.2,103.959,166.881,105.216,1.004,1.077
135,222,basic,139.021,84.35,145.869,86.833,2.054,2.17
135,225,basic,81.709,39.54,82.605,39.958,1.229,1.231
135,226,basic,254.942,154.292,261.891,159.406,1.298,1.279
135,229,basic,253.075,216.154,260.289,219.473,1.157,1.224
135,230,basic,113.827,78.496,81.829,56.405,1.059,1.058
135,233,basic,278.311,167.682,284.253,171.221,0.819,0.82
135,234,basic,75.323,64.326,87.213,73.109,1.201,1.308
135,235,basic,86.189,52.641,87.441,52.893,1.219,1.265
135,236,basic,46.594,41.312,47.347,41.958,1.099,1.102
135,239,basic,280.308,165.253,282.227,166.35,1.748,1.749
135,241,basic,384.246,117.376,375.562,113.581,1.93,1.989
135,242,basic,158.328,110.637,163.97,114.691,1.225,1.221
135,243,basic,213.595,107.692,230.517,116.303,0.991,0.988
135,244,basic,37.518,35.21,37.724,35.591,1.135,1.056
135,245,basic,320.985,281.9,325.285,285.564,1.218,1.223
135,246,basic,231.009,116.171,246.35,123.713,1.146,1.152
135,247,basic,372.634,111.307,363.213,109.038,1.609,1.58
135,248,basic,142.999,91.127,145.018,92.606,0.884,0.873
135,249,basic,31.193,23.956,31.618,24.27,0.881,0.883
135,250,basic,89.635,69.234,94.526,72.977,0.96,0.964
135,251,basic,132.93,58.045,137.869,59.984,1.394,1.415
135,252,basic,232.412,164.148,238.655,168.132,1.432,1.447
135,255,basic,90.529,60.499,92.359,61.892,0.85,0.835
135,257,basic,122.733,108.098,119.834,105.543,1.093,1.094
135,259,basic,158.231,122.989,161.737,126.336,1.299,1.269
135,261,basic,176.576,162.665,182.282,167.813,1.144,1.142
135,262,basic,184.281,144.222,141.844,110.344,1.069,1.102
135,264,basic,79.344,31.446,80.8,32.025,0.905,0.905
135,266,basic,108.199,85.798,105.035,83.577,0.915,0.893
135,267,basic,118.123,106.659,120.404,108.711,1.018,1.018
135,268,basic,106.414,101.093,106.203,100.893,1.059,1.055
135,269,basic,106.58,100.65,97.503,92.092,1.062,1.03
135,270,basic,166.024,118.861,167.871,120.059,1.54,1.545
135,272,basic,42.328,40.034,41.843,39.626,1.102,1.038
135,275,basic,93.404,88.179,94.318,89.004,1.2,1.204
135,276,basic,149.8,66.397,94.008,41.609,1.123,1.129
135,277,basic,128.649,85.103,51.361,33.695,1.002,1.047
135,279,basic,101.523,40.772,74.449,29.681,1.0,1.038
135,281,basic,65.585,44.723,70.316,47.865,0.811,0.82
135,282,basic,79.517,62.732,79.805,63.6,0.877,0.821
135,286,basic,176.527,105.43,182.085,106.796,1.959,2.064
135,287,basic,0.0,0.0,442.846,180.339,,0.949
135,287,gifted,190.0,175.049,0.0,0.0,,
135,288,basic,176.626,157.047,179.443,162.137,1.42,1.347
135,289,basic,160.733,148.285,191.946,175.716,1.394,1.474
135,291,basic,373.656,267.145,386.948,269.883,2.26,2.395
135,292,basic,563.388,321.378,617.773,353.324,1.511,1.565
135,930,basic,399.482,372.373,401.901,373.92,2.424,2.44
135,935,basic,437.64,321.916,457.397,342.061,1.844,1.764
135,939,basic,218.374,100.564,225.812,103.456,1.73,1.763
135,949,basic,380.516,337.682,490.421,436.334,1.559,1.615
135,955,basic,45.049,42.797,51.279,48.715,2.791,2.588
135,971,basic,0.0,0.0,561.816,232.402,,1.122
135,971,gifted,516.011,475.406,0.0,0.0,,
135,972,basic,260.105,201.539,262.932,202.821,1.862,1.882
135,974,basic,85.118,78.943,88.481,82.68,1.257,1.2
135,977,basic,232.692,185.642,194.668,152.674,1.305,1.409
136,103,basic,276.121,256.166,277.014,256.858,1.677,1.68
136,104,basic,140.25,62.842,155.608,71.347,2.483,2.351
136,105,basic,453.66,237.172,309.171,158.131,2.33,2.486
136,105,gifted,181.859,166.683,0.0,0.0,,
136,106,basic,458.406,303.871,341.649,228.532,1.797,1.719
136,106,gifted,117.233,107.45,0.0,0.0,,
136,107,basic,501.925,276.397,502.378,276.608,2.534,2.535
136,109,basic,147.836,109.354,150.578,111.647,2.134,2.118
136,110,basic,397.175,233.345,406.081,238.462,2.146,2.149
136,113,basic,397.115,266.787,268.098,178.909,2.35,2.385
136,113,gifted,135.148,123.87,0.0,0.0,,
136,115,basic,140.866,88.891,161.239,101.679,1.727,1.732
136,117,basic,269.919,186.565,233.149,163.387,2.339,2.241
136,117,gifted,90.07,82.554,0.0,0.0,,
136,118,basic,249.337,143.942,311.718,179.87,2.157,2.161
136,130,basic,653.415,426.923,669.964,437.322,1.726,1.733
136,201,basic,75.255,46.409,82.021,50.918,1.138,1.099
136,202,basic,164.983,83.666,167.387,84.354,1.671,1.713
136,203,basic,255.819,167.826,255.945,167.824,1.297,1.3
136,204,basic,172.002,115.591,107.293,65.546,1.457,2.164
136,208,basic,203.822,164.622,235.292,191.625,1.311,1.382
136,209,basic,139.308,46.934,122.963,41.397,0.77,0.775
136,210,basic,191.185,79.733,189.377,79.203,1.394,1.373
136,211,basic,79.831,46.944,88.113,51.714,1.148,1.164
136,212,gifted,205.898,188.716,0.0,0.0,,
136,215,basic,120.016,68.952,121.116,69.221,0.909,0.936
136,218,basic,151.837,87.559,161.008,92.912,0.754,0.749
136,220,basic,92.373,71.743,94.743,73.192,1.499,1.538
136,221,basic,159.868,104.677,164.705,106.132,1.055,1.146
136,222,basic,140.134,79.854,146.436,82.26,2.115,2.225
136,225,basic,80.251,38.773,81.102,39.17,1.234,1.236
136,226,basic,252.107,159.166,258.9,164.565,1.368,1.333
136,229,basic,249.585,191.551,256.924,195.142,1.16,1.229
136,230,basic,106.259,66.708,77.235,48.423,1.04,1.046
136,233,basic,278.424,161.825,284.394,165.246,0.848,0.85
136,234,basic,77.152,57.798,91.042,67.011,1.335,1.465
136,235,basic,78.721,48.548,79.719,48.84,1.186,1.226
136,236,basic,49.86,43.579,50.607,44.221,1.07,1.071
136,239,basic,271.277,151.976,273.241,153.032,1.755,1.757
136,241,basic,385.112,129.88,375.788,125.828,1.95,2.002
136,242,basic,158.028,103.489,163.947,107.416,1.24,1.238
136,243,basic,218.974,109.249,236.46,118.039,0.984,0.981
136,244,basic,37.981,35.367,38.138,35.825,1.166,1.073
136,245,basic,317.814,265.888,321.807,269.271,1.252,1.253
136,246,basic,236.03,115.963,252.835,123.945,1.223,1.237
136,247,basic,368.299,122.074,358.077,119.209,1.625,1.592
136,248,basic,143.025,84.88,145.0,86.199,0.889,0.877
136,249,basic,30.936,22.314,31.369,22.607,0.906,0.911
136,250,basic,80.246,55.13,84.68,58.153,0.957,0.96
136,251,basic,136.1,64.126,141.052,66.271,1.456,1.476
136,252,basic,244.371,163.327,250.826,167.267,1.511,1.527
136,255,basic,89.622,54.858,91.415,56.084,0.876,0.86
136,257,basic,121.053,98.016,118.135,95.669,1.08,1.08
136,259,basic,170.877,116.324,176.762,120.499,1.375,1.363
136,261,basic,172.222,154.214,176.977,158.674,1.061,1.051
136,262,basic,185.044,133.365,143.362,102.748,1.087,1.126
136,264,basic,81.36,36.289,82.871,36.963,0.959,0.959
136,266,basic,105.796,79.881,102.91,77.934,0.912,0.89
136,267,basic,124.61,104.958,126.94,106.917,1.031,1.031
136,268,basic,111.995,106.395,112.132,106.526,1.062,1.056
136,269,basic,107.378,100.289,98.145,91.69,1.079,1.049
136,270,basic,161.843,104.012,163.662,105.084,1.536,1.542
136,272,basic,41.745,39.319,41.267,39.001,1.051,0.996
136,275,basic,93.259,87.131,94.159,87.932,1.181,1.184
136,276,basic,151.961,72.086,94.716,44.896,1.133,1.137
136,277,basic,126.096,76.243,50.481,30.288,1.031,1.085
136,279,basic,111.724,46.905,81.188,33.901,1.012,1.049
136,281,basic,67.573,41.921,72.591,44.95,0.826,0.839
136,282,basic,77.162,53.291,77.266,53.78,0.885,0.831
136,286,basic,185.061,110.071,191.155,111.523,2.25,2.393
136,287,basic,0.0,0.0,451.44,189.42,,0.955
136,287,gifted,190.0,174.145,0.0,0.0,,
136,288,basic,182.209,151.155,185.151,155.869,1.455,1.375
136,289,basic,162.378,141.193,193.041,167.781,1.416,1.467
136,291,basic,372.783,262.903,385.721,267.069,2.435,2.564
136,292,basic,563.678,326.746,614.31,361.019,1.531,1.578
136,930,basic,399.324,356.671,401.752,357.978,2.362,2.378
136,935,basic,437.45,304.285,456.946,323.004,1.975,1.892
136,939,basic,217.872,109.188,225.408,112.599,1.793,1.824
136,949,basic,379.612,314.141,490.477,410.398,1.599,1.649
136,955,basic,46.453,44.13,53.167,50.509,2.752,2.558
136,971,basic,0.0,0.0,554.937,237.531,,1.119
136,971,gifted,515.06,472.08,0.0,0.0,,
136,972,basic,259.975,193.527,262.561,194.661,1.883,1.903
136,974,basic,86.917,75.386,90.634,79.23,1.298,1.249
136,977,basic,235.339,165.234,196.247,135.908,1.332,1.436
137,103,basic,273.32,234.541,274.357,235.169,1.597,1.602
137,104,basic,127.113,58.08,139.244,64.636,2.188,2.11
137,105,basic,445.285,228.296,305.694,153.474,2.276,2.406
137,105,gifted,182.232,166.841,0.0,0.0,,
137,106,basic,471.333,291.483,348.428,217.526,1.808,1.732
137,106,gifted,118.468,108.463,0.0,0.0,,
137,107,basic,504.77,264.241,505.249,264.433,2.507,2.508
137,109,basic,137.984,92.546,140.454,94.376,2.039,2.028
137,110,basic,396.811,213.031,406.184,217.848,2.1,2.106
137,113,basic,383.729,241.21,255.541,160.383,2.295,2.297
137,113,gifted,134.404,123.052,0.0,0.0,,
137,115,basic,151.115,91.948,172.997,105.194,1.72,1.724
137,117,basic,256.998,157.94,223.276,138.874,2.3,2.224
137,117,gifted,89.225,81.689,0.0,0.0,,
137,118,basic,266.996,148.328,332.994,184.732,2.07,2.079
137,130,basic,676.849,397.481,693.888,406.876,1.728,1.737
137,201,basic,81.96,55.122,88.639,59.946,1.023,0.996
137,202,basic,170.407,92.49,172.895,93.155,1.658,1.702
137,203,basic,260.597,179.117,260.707,179.081,1.326,1.329
137,204,basic,172.828,120.992,105.042,67.25,1.423,2.004
137,208,basic,206.918,162.38,239.41,187.774,1.269,1.339
137,209,basic,155.262,59.732,136.363,52.39,0.794,0.802
137,210,basic,193.418,86.421,191.636,85.833,1.399,1.382
137,211,basic,71.058,45.597,75.684,48.55,1.106,1.11
137,212,gifted,206.019,188.619,0.0,0.0,,
137,215,basic,114.057,66.333,115.154,66.599,0.889,0.914
137,218,basic,160.155,100.338,170.141,106.64,0.764,0.762
137,220,basic,90.579,71.679,92.888,73.072,1.36,1.396
137,221,basic,161.152,103.544,166.035,104.858,1.037,1.122
137,222,basic,146.872,87.698,154.043,90.179,2.024,2.154
137,225,basic,81.329,42.967,82.181,43.405,1.218,1.22
137,226,basic,247.916,153.513,254.913,158.618,1.26,1.242
137,229,basic,243.006,191.685,249.11,194.925,1.139,1.186
137,230,basic,105.233,71.73,75.375,51.386,1.04,1.036
137,233,basic,277.297,172.313,283.26,175.962,0.848,0.85
137,234,basic,78.777,62.189,88.73,69.159,1.146,1.226
137,235,basic,84.751,52.262,86.004,52.553,1.24,1.288
137,236,basic,51.308,43.058,52.154,43.751,1.068,1.07
137,239,basic,288.888,171.639,290.922,172.81,1.739,1.741
137,241,basic,385.985,144.711,376.345,140.555,1.91,1.934
137,242,basic,158.81,107.604,164.281,111.427,1.239,1.233
137,243,basic,216.549,119.067,233.299,128.377,0.988,0.984
137,244,basic,38.432,35.83,38.887,36.514,1.092,1.033
137,245,basic,319.262,255.446,323.354,258.686,1.246,1.249
137,246,basic,224.441,121.164,239.58,129.128,1.182,1.19
137,247,basic,364.356,135.478,354.916,132.696,1.622,1.587
137,248,basic,146.828,94.568,148.883,96.06,0.899,0.888
137,249,basic,25.038,18.279,25.302,18.465,0.9,0.902
137,250,basic,88.693,65.085,93.964,68.928,1.002,1.005
137,251,basic,131.983,64.556,136.877,66.729,1.409,1.43
137,252,basic,236.295,161.78,242.602,165.695,1.449,1.465
137,255,basic,85.398,57.277,86.973,58.485,0.836,0.821
137,257,basic,121.049,98.398,117.944,95.885,1.091,1.091
137,259,basic,161.215,117.185,165.661,120.809,1.345,1.323
137,261,basic,175.496,155.738,180.459,160.203,1.061,1.057
137,262,basic,186.456,138.068,143.573,105.747,1.081,1.114
137,264,basic,78.813,36.426,80.28,37.106,0.945,0.945
137,266,basic,100.85,76.384,97.991,74.425,0.897,0.877
137,267,basic,114.61,93.515,116.816,95.309,1.025,1.026
137,268,basic,106.339,101.022,106.065,100.762,1.065,1.061
137,269,basic,103.613,95.339,94.441,87.011,1.068,1.038
137,270,basic,157.037,108.111,158.842,109.246,1.504,1.509
137,272,basic,40.238,37.845,39.873,37.632,1.059,1.012
137,275,basic,96.243,89.149,97.181,89.971,1.148,1.151
137,276,basic,145.039,72.499,90.612,45.24,1.125,1.13
137,277,basic,125.814,83.108,51.024,33.355,1.027,1.091
137,279,basic,103.866,48.556,77.413,35.926,1.013,1.057
137,281,basic,69.296,47.14,73.994,50.304,0.806,0.81
137,282,basic,69.968,52.396,69.881,52.842,0.898,0.839
137,286,basic,179.399,105.031,185.331,106.365,2.009,2.136
137,287,basic,0.0,0.0,450.85,213.568,,0.967
137,287,gifted,190.0,173.953,0.0,0.0,,
137,288,basic,192.736,161.264,196.136,166.459,1.409,1.343
137,289,basic,156.536,135.885,186.153,160.934,1.341,1.39
137,291,basic,373.682,251.746,387.121,254.227,2.31,2.46
137,292,basic,564.642,333.967,619.742,366.308,1.527,1.6
137,930,basic,398.875,354.233,401.292,355.658,2.32,2.332
137,935,basic,438.792,308.077,458.743,326.595,1.856,1.783
137,939,basic,218.852,110.038,226.372,113.286,1.748,1.781
137,949,basic,378.748,314.619,489.249,406.692,1.535,1.597
137,955,basic,44.386,42.167,49.965,47.467,2.758,2.572
137,971,basic,0.0,0.0,567.637,269.892,,1.132
137,971,gifted,516.508,472.884,0.0,0.0,,
137,972,basic,258.407,188.939,261.145,190.172,1.853,1.873
137,974,basic,89.15,80.06,92.162,83.553,1.209,1.148
137,977,basic,242.291,178.823,201.481,146.39,1.356,1.461
138,103,basic,268.084,244.049,268.896,244.696,1.646,1.647
138,104,basic,134.964,45.106,147.014,51.182,2.659,2.474
138,105,basic,459.801,204.409,314.968,136.482,2.26,2.384
138,105,gifted,183.301,167.968,0.0,0.0,,
138,106,basic,460.939,267.513,342.896,201.498,1.795,1.718
138,106,gifted,117.061,107.269,0.0,0.0,,
138,107,basic,504.997,236.945,505.495,237.136,2.505,2.506
138,109,basic,156.723,102.866,159.703,105.098,2.143,2.131
138,110,basic,394.688,181.357,403.383,185.241,2.072,2.075
138,113,basic,392.376,236.054,264.486,157.284,2.356,2.404
138,113,gifted,133.913,122.712,0.0,0.0,,
138,115,basic,146.699,83.526,167.843,95.493,1.728,1.732
138,117,basic,265.405,155.076,229.072,136.217,2.294,2.207
138,117,gifted,89.952,82.428,0.0,0.0,,
138,118,basic,259.415,128.988,323.703,160.781,2.094,2.099
138,130,basic,663.683,352.381,680.605,360.827,1.703,1.71
138,201,basic,82.886,58.271,90.09,63.722,0.98,0.96
138,202,basic,172.528,89.209,175.102,89.688,1.636,1.68
138,203,basic,260.236,191.026,260.318,190.934,1.307,1.31
138,204,basic,173.717,132.333,108.419,72.628,1.428,2.089
138,208,basic,202.314,172.178,234.635,198.693,1.241,1.308
138,209,basic,153.683,43.636,133.974,38.007,0.773,0.776
138,210,basic,194.526,70.69,192.718,70.292,1.382,1.363
138,211,basic,80.256,52.162,88.292,57.208,1.132,1.149
138,212,gifted,205.47,188.283,0.0,0.0,,
138,215,basic,119.957,65.183,121.375,65.322,0.94,0.974
138,218,basic,164.713,101.181,175.581,107.922,0.763,0.76
138,220,basic,81.29,69.492,83.175,70.726,1.337,1.365
138,221,basic,168.742,108.878,173.308,110.061,0.948,1.006
138,222,basic,145.297,85.838,152.508,88.198,2.225,2.339
138,225,basic,75.818,36.987,76.622,37.362,1.144,1.147
138,226,basic,257.613,152.737,264.453,157.923,1.295,1.274
138,229,basic,249.262,222.878,256.248,226.069,1.139,1.199
138,230,basic,111.068,79.777,80.904,58.045,1.032,1.035
138,233,basic,281.857,171.503,287.826,175.081,0.842,0.843
138,234,basic,77.412,67.126,90.77,77.041,1.255,1.378
138,235,basic,85.302,51.921,86.63,52.102,1.233,1.281
138,236,basic,54.002,48.049,55.021,48.925,1.077,1.08
138,239,basic,275.655,166.243,277.622,167.386,1.686,1.687
138,241,basic,383.966,109.882,375.139,106.073,1.913,1.973
138,242,basic,154.217,111.336,159.976,115.617,1.215,1.211
138,243,basic,220.931,110.801,238.516,119.702,0.996,0.993
138,244,basic,36.191,33.897,36.318,34.227,1.18,1.083
138,245,basic,318.459,283.191,322.456,286.851,1.237,1.239
138,246,basic,234.319,116.988,250.911,124.992,1.167,1.177
138,247,basic,366.98,102.827,357.16,100.63,1.588,1.561
138,248,basic,146.557,96.361,148.618,97.968,0.884,0.871
138,249,basic,28.219,22.447,28.543,22.688,0.898,0.9
138,250,basic,88.3,71.637,93.396,75.702,0.958,0.963
138,251,basic,134.242,56.253,139.05,58.045,1.367,1.385
138,252,basic,237.331,167.842,243.611,171.784,1.469,1.483
138,255,basic,86.953,60.256,88.594,61.59,0.843,0.829
138,257,basic,119.755,108.287,117.124,105.928,1.088,1.09
138,259,basic,157.21,127.566,162.034,131.943,1.306,1.287
138,261,basic,176.054,163.884,181.087,168.579,1.099,1.092
138,262,basic,183.69,149.096,142.118,114.538,1.076,1.11
138,264,basic,74.246,27.972,75.583,28.478,0.899,0.899
138,266,basic,104.135,85.392,101.064,83.258,0.883,0.859
138,267,basic,116.919,108.891,119.246,111.051,1.029,1.03
138,268,basic,110.758,105.22,110.93,105.383,1.047,1.044
138,269,basic,106.689,100.835,97.557,92.229,1.074,1.041
138,270,basic,162.061,121.128,163.911,122.367,1.497,1.502
138,272,basic,41.279,39.03,40.62,38.453,1.115,1.04
138,275,basic,98.476,93.14,99.464,94.037,1.21,1.214
138,276,basic,153.344,65.325,95.236,40.559,1.145,1.144
138,277,basic,129.272,88.132,51.559,34.788,1.002,1.05
138,279,basic,96.022,37.509,70.693,27.426,0.986,1.017
138,281,basic,67.302,47.696,72.132,51.01,0.814,0.824
138,282,basic,76.913,63.807,77.195,64.75,0.897,0.845
138,286,basic,179.533,107.926,185.139,108.926,1.83,1.932
138,287,basic,0.0,0.0,451.236,178.883,,0.946
138,287,gifted,190.0,174.107,0.0,0.0,,
138,288,basic,182.726,162.13,185.34,167.454,1.431,1.357
138,289,basic,159.634,148.024,189.431,174.948,1.395,1.448
138,291,basic,378.279,267.268,391.005,270.506,2.265,2.366
138,292,basic,563.702,318.695,618.266,349.285,1.492,1.545
138,930,basic,399.534,371.679,401.964,372.946,2.462,2.484
138,935,basic,438.311,321.02,457.968,341.656,1.87,1.786
138,939,basic,218.406,96.939,225.735,99.715,1.695,1.721
138,949,basic,374.27,334.718,482.956,432.988,1.59,1.642
138,955,basic,46.276,43.962,52.964,50.316,2.75,2.553
138,971,basic,0.0,0.0,562.722,226.728,,1.118
138,971,gifted,515.887,472.734,0.0,0.0,,
138,972,basic,265.166,204.63,268.433,205.861,1.895,1.921
138,974,basic,86.056,79.807,89.668,83.771,1.302,1.248
138,977,basic,237.157,199.507,196.678,162.387,1.289,1.391
139,103,basic,260.999,232.771,261.712,233.341,1.652,1.653
139,104,basic,145.83,58.228,153.562,64.162,2.676,2.434
139,105,basic,442.602,216.657,309.985,148.552,2.287,2.415
139,105,gifted,178.046,163.997,0.0,0.0,,
139,106,basic,476.793,292.717,354.988,219.63,1.875,1.81
139,106,gifted,117.39,108.127,0.0,0.0,,
139,107,basic,502.119,256.097,502.574,256.299,2.522,2.523
139,109,basic,146.764,100.531,149.212,102.431,2.153,2.141
139,110,basic,398.608,219.289,408.084,224.319,2.107,2.112
139,113,basic,377.501,233.737,255.243,156.187,2.383,2.438
139,113,gifted,130.803,120.482,0.0,0.0,,
139,115,basic,145.611,86.719,166.665,99.201,1.725,1.728
139,117,basic,256.878,164.191,219.758,142.859,2.343,2.241
139,117,gifted,89.942,82.845,0.0,0.0,,
139,118,basic,269.015,144.687,340.12,182.251,2.163,2.186
139,130,basic,658.825,404.231,675.426,413.884,1.715,1.722
139,201,basic,77.353,50.724,84.155,55.448,0.999,0.979
139,202,basic,168.85,87.493,171.415,88.094,1.68,1.727
139,203,basic,254.207,171.451,254.321,171.4,1.337,1.341
139,204,basic,186.072,129.493,111.497,69.568,1.416,2.098
139,208,basic,207.255,168.904,239.888,195.632,1.273,1.339
139,209,basic,150.592,53.17,131.584,46.412,0.781,0.787
139,210,basic,192.559,82.982,190.712,82.426,1.382,1.363
139,211,basic,75.602,46.598,81.863,50.357,1.106,1.119
139,212,gifted,205.84,189.598,0.0,0.0,,
139,215,basic,115.303,68.128,116.717,68.321,0.941,0.981
139,218,basic,162.236,97.956,173.091,104.544,0.775,0.773
139,220,basic,89.074,71.946,91.084,73.256,1.403,1.429
139,221,basic,164.874,112.557,169.555,113.904,1.006,1.081
139,222,basic,146.519,84.46,152.701,86.825,2.084,2.176
139,225,basic,78.887,39.369,79.802,39.804,1.253,1.257
139,226,basic,257.754,165.632,264.763,171.411,1.399,1.37
139,229,basic,255.129,203.852,262.328,207.162,1.14,1.205
139,230,basic,117.027,76.388,84.306,55.048,1.06,1.055
139,233,basic,283.002,172.514,289.044,176.141,0.835,0.837
139,234,basic,75.978,60.029,88.186,68.391,1.204,1.316
139,235,basic,93.566,58.421,94.939,58.68,1.291,1.343
139,236,basic,50.601,44.855,51.414,45.551,1.053,1.057
139,239,basic,272.319,157.373,274.186,158.413,1.707,1.709
139,241,basic,384.385,131.804,375.618,127.554,1.96,2.02
139,242,basic,162.729,110.28,168.953,114.599,1.239,1.235
139,243,basic,219.072,114.356,236.4,123.47,0.978,0.975
139,244,basic,37.589,34.826,37.596,35.225,1.218,1.118
139,245,basic,322.805,276.176,327.066,279.733,1.284,1.289
139,246,basic,229.946,117.966,246.273,126.118,1.181,1.19
139,247,basic,372.08,126.833,362.283,124.072,1.615,1.586
139,248,basic,143.88,89.3,146.029,90.832,0.894,0.881
139,249,basic,31.574,23.633,32.033,23.957,0.921,0.924
139,250,basic,88.058,63.093,92.899,66.531,0.976,0.979
139,251,basic,132.895,64.638,137.982,66.884,1.423,1.444
139,252,basic,249.008,171.398,255.524,175.39,1.497,1.513
139,255,basic,89.317,57.23,90.973,58.471,0.876,0.859
139,257,basic,126.52,106.484,123.548,103.976,1.079,1.08
139,259,basic,166.16,117.871,171.481,121.984,1.329,1.311
139,261,basic,170.062,154.239,174.829,158.671,1.066,1.059
139,262,basic,186.851,140.233,143.94,107.426,1.075,1.108
139,264,basic,75.381,35.204,76.776,35.858,0.91,0.909
139,266,basic,101.899,80.341,98.935,78.281,0.899,0.876
139,267,basic,115.603,100.97,117.916,102.98,1.025,1.026
139,268,basic,110.931,105.385,111.029,105.478,1.063,1.059
139,269,basic,108.313,101.176,98.988,92.495,1.094,1.061
139,270,basic,155.865,103.757,157.637,104.815,1.492,1.498
139,272,basic,42.299,39.74,41.6,39.259,1.072,1.007
139,275,basic,92.142,86.227,93.102,87.083,1.175,1.179
139,276,basic,146.843,72.147,91.484,44.936,1.144,1.144
139,277,basic,130.376,82.497,52.098,32.66,1.021,1.075
139,279,basic,101.703,44.657,75.03,32.734,0.999,1.035
139,281,basic,67.231,43.789,72.019,46.823,0.823,0.833
139,282,basic,77.609,56.052,77.861,56.751,0.899,0.845
139,286,basic,178.011,108.547,183.561,109.996,2.077,2.186
139,287,basic,0.0,0.0,445.335,195.67,,0.953
139,287,gifted,190.0,175.008,0.0,0.0,,
139,288,basic,195.971,164.664,198.597,170.328,1.463,1.368
139,289,basic,156.987,132.911,187.4,157.51,1.395,1.465
139,291,basic,384.082,259.451,397.768,262.503,2.505,2.644
139,292,basic,563.161,324.015,618.705,356.714,1.538,1.603
139,930,basic,398.861,351.421,401.3,352.471,2.37,2.389
139,935,basic,437.637,300.476,457.048,319.563,1.921,1.827
139,939,basic,222.167,110.52,229.687,113.685,1.762,1.797
139,949,basic,380.215,309.555,492.386,402.101,1.591,1.648
139,955,basic,45.713,43.427,52.524,49.898,2.79,2.604
139,971,basic,0.0,0.0,557.137,247.902,,1.13
139,971,gifted,516.172,475.443,0.0,0.0,,
139,972,basic,258.483,187.891,261.52,189.094,1.909,1.934
139,974,basic,87.014,78.167,91.01,82.357,1.184,1.143
139,977,basic,235.161,170.999,196.177,140.357,1.328,1.432
140,103,basic,263.214,247.571,264.061,248.241,1.656,1.659
140,104,basic,135.989,52.389,150.842,59.665,2.584,2.426
140,105,basic,436.914,212.848,306.177,146.296,2.27,2.411
140,105,gifted,179.041,164.802,0.0,0.0,,
140,106,basic,462.493,289.238,347.684,219.399,1.796,1.719
140,106,gifted,115.759,106.553,0.0,0.0,,
140,107,basic,518.526,267.313,518.83,267.454,2.512,2.513
140,109,basic,150.506,107.981,152.951,109.942,2.134,2.121
140,110,basic,406.944,212.319,416.208,217.018,2.134,2.139
140,113,basic,382.815,251.427,259.253,169.148,2.388,2.423
140,113,gifted,132.792,122.231,0.0,0.0,,
140,115,basic,149.406,89.172,171.152,102.096,1.73,1.734
140,117,basic,263.718,171.923,227.268,150.22,2.344,2.243
140,117,gifted,89.82,82.676,0.0,0.0,,
140,118,basic,267.905,144.271,337.678,181.32,2.111,2.133
140,130,basic,665.866,388.468,682.54,397.796,1.714,1.721
140,201,basic,76.769,49.682,82.968,53.958,1.06,1.03
140,202,basic,166.132,83.519,168.571,84.203,1.668,1.713
140,203,basic,255.459,175.812,255.602,175.807,1.364,1.368
140,204,basic,174.038,124.502,107.444,70.387,1.493,2.168
140,208,basic,206.434,173.963,238.195,201.573,1.314,1.39
140,209,basic,153.364,41.98,134.451,36.781,0.78,0.783
140,210,basic,192.944,70.676,191.097,70.166,1.421,1.402
140,211,basic,72.174,43.672,77.74,47.01,1.122,1.128
140,212,gifted,205.959,189.579,0.0,0.0,,
140,215,basic,119.325,62.903,120.48,63.148,0.912,0.943
140,218,basic,151.913,86.16,161.377,91.57,0.765,0.761
140,220,basic,91.442,77.009,93.711,78.57,1.533,1.568
140,221,basic,163.85,102.896,168.698,104.323,1.07,1.162
140,222,basic,142.488,85.081,149.188,87.79,2.213,2.332
140,225,basic,83.734,38.3,84.644,38.702,1.268,1.271
140,226,basic,251.458,151.517,258.477,156.575,1.35,1.324
140,229,basic,248.723,208.138,255.677,212.023,1.158,1.22
140,230,basic,114.627,75.515,83.622,54.978,1.052,1.064
140,233,basic,279.439,158.902,285.454,162.277,0.839,0.841
140,234,basic,74.17,62.007,85.187,70.275,1.198,1.297
140,235,basic,77.178,46.259,78.271,46.568,1.2,1.247
140,236,basic,49.729,44.671,50.5,45.35,1.135,1.137
140,239,basic,267.654,155.048,269.606,156.142,1.723,1.725
140,241,basic,384.948,112.767,375.645,109.446,1.955,1.996
140,242,basic,154.333,104.198,159.908,108.053,1.238,1.233
140,243,basic,213.253,101.369,230.053,109.423,0.99,0.986
140,244,basic,38.488,36.283,38.712,36.622,1.182,1.082
140,245,basic,322.322,284.0,326.537,287.646,1.253,1.257
140,246,basic,234.635,110.724,250.668,118.08,1.215,1.227
140,247,basic,367.205,103.245,357.21,100.853,1.655,1.624
140,248,basic,142.803,85.513,144.787,86.841,0.89,0.879
140,249,basic,31.505,23.25,31.91,23.538,0.898,0.9
140,250,basic,89.047,65.605,93.618,68.962,0.971,0.972
140,251,basic,131.986,55.957,136.901,57.873,1.451,1.473
140,252,basic,231.325,162.178,237.604,166.205,1.486,1.502
140,255,basic,88.919,55.963,90.644,57.188,0.86,0.843
140,257,basic,119.697,105.306,116.841,102.803,1.07,1.07
140,259,basic,151.833,114.574,154.802,117.281,1.296,1.265
140,261,basic,170.328,158.613,175.033,162.999,1.09,1.083
140,262,basic,194.539,147.924,149.202,112.842,1.077,1.116
140,264,basic,80.433,30.192,81.912,30.749,0.938,0.938
140,266,basic,107.812,83.783,104.8,81.656,0.921,0.9
140,267,basic,124.738,110.353,127.113,112.449,1.059,1.059
140,268,basic,114.36,108.642,114.303,108.588,1.081,1.076
140,269,basic,105.72,100.143,96.849,91.752,1.026,0.994
140,270,basic,154.148,108.066,155.972,109.233,1.541,1.548
140,272,basic,40.349,38.251,39.878,37.823,1.091,1.023
140,275,basic,97.26,92.144,98.229,93.042,1.213,1.217
140,276,basic,151.887,64.625,95.339,40.519,1.114,1.12
140,277,basic,128.488,80.699,51.371,32.048,1.011,1.059
140,279,basic,101.193,37.945,74.203,27.669,1.003,1.042
140,281,basic,74.573,47.742,80.248,51.298,0.822,0.833
140,282,basic,76.268,56.94,75.951,57.175,0.906,0.846
140,286,basic,183.046,108.268,188.874,109.915,2.274,2.4
140,287,basic,0.0,0.0,452.654,171.463,,0.954
140,287,gifted,190.0,174.889,0.0,0.0,,
140,288,basic,191.583,171.597,194.879,177.018,1.465,1.383
140,289,basic,155.311,144.148,185.244,171.394,1.429,1.499
140,291,basic,376.421,277.871,389.745,282.067,2.483,2.628
140,292,basic,565.196,318.19,619.015,352.008,1.553,1.601
140,930,basic,399.315,375.032,401.734,376.757,2.431,2.448
140,935,basic,437.942,325.737,457.592,345.41,1.962,1.879
140,939,basic,222.015,101.144,229.585,104.196,1.803,1.837
140,949,basic,375.467,333.022,486.249,434.791,1.656,1.707
140,955,basic,45.489,43.215,51.49,48.915,2.858,2.662
140,971,basic,0.0,0.0,560.12,217.32,,1.132
140,971,gifted,515.79,474.769,0.0,0.0,,
140,972,basic,259.91,206.715,262.567,208.039,1.903,1.924
140,974,basic,86.843,80.777,90.19,84.422,1.275,1.21
140,977,basic,236.444,182.663,196.812,150.017,1.322,1.426
141,103,basic,271.788,252.496,272.63,253.166,1.669,1.671
141,104,basic,123.361,40.777,133.43,45.425,2.512,2.327
141,105,basic,426.388,181.625,297.053,124.188,2.317,2.457
141,105,gifted,176.945,162.736,0.0,0.0,,
141,106,basic,459.482,256.759,338.78,190.907,1.819,1.74
141,106,gifted,117.209,107.797,0.0,0.0,,
141,107,basic,527.89,242.397,528.223,242.533,2.552,2.553
141,109,basic,159.127,105.537,161.77,107.498,2.124,2.11
141,110,basic,395.196,176.083,404.31,180.01,2.119,2.125
141,113,basic,391.689,237.14,265.838,159.9,2.389,2.425
141,113,gifted,134.909,124.076,0.0,0.0,,
141,115,basic,144.955,77.859,166.034,89.142,1.724,1.728
141,117,basic,265.368,155.984,229.728,136.631,2.345,2.256
141,117,gifted,89.854,82.638,0.0,0.0,,
141,118,basic,266.846,127.183,336.013,159.718,2.132,2.153
141,130,basic,669.054,337.003,685.878,345.11,1.749,1.756
141,201,basic,82.281,55.754,89.146,60.715,1.064,1.032
141,202,basic,163.016,82.779,165.722,83.517,1.742,1.798
141,203,basic,255.757,188.022,255.804,187.94,1.341,1.345
141,204,basic,174.81,135.91,105.831,75.731,1.447,2.097
141,208,basic,206.572,178.607,238.316,205.236,1.253,1.322
141,209,basic,144.214,34.895,127.056,30.719,0.781,0.787
141,210,basic,193.566,65.746,191.787,65.292,1.466,1.447
141,211,basic,81.403,51.268,87.981,55.364,1.128,1.137
141,212,gifted,205.596,189.087,0.0,0.0,,
141,215,basic,121.734,62.453,123.046,62.687,0.966,1.005
141,218,basic,163.926,93.751,175.178,100.222,0.787,0.784
141,220,basic,93.224,81.387,95.616,83.143,1.598,1.639
141,221,basic,168.257,105.443,173.231,106.931,1.072,1.165
141,222,basic,149.059,90.675,156.977,93.962,2.6,2.742
141,225,basic,78.926,35.739,79.798,36.124,1.265,1.267
141,226,basic,249.361,150.041,256.329,154.996,1.308,1.283
141,229,basic,253.929,230.677,260.835,234.923,1.169,1.231
141,230,basic,109.591,76.464,79.405,55.351,1.048,1.052
141,233,basic,275.767,158.116,281.683,161.465,0.842,0.843
141,234,basic,77.897,70.009,89.445,79.428,1.229,1.335
141,235,basic,86.255,51.278,87.684,51.61,1.351,1.417
141,236,basic,51.231,47.026,52.217,47.908,1.141,1.145
141,239,basic,283.079,171.254,285.062,172.444,1.758,1.758
141,241,basic,387.084,104.394,377.842,101.291,2.005,2.051
141,242,basic,158.985,113.549,164.665,117.682,1.227,1.223
141,243,basic,222.757,104.223,240.358,112.529,0.995,0.991
141,244,basic,37.391,35.518,37.627,35.743,1.196,1.084
141,245,basic,317.283,292.627,321.196,296.344,1.257,1.259
141,246,basic,239.094,112.047,255.441,119.507,1.234,1.245
141,247,basic,374.782,95.802,364.459,93.543,1.682,1.65
141,248,basic,142.247,88.245,144.026,89.484,0.888,0.876
141,249,basic,29.17,22.755,29.468,22.985,0.887,0.887
141,250,basic,82.773,65.53,87.477,69.231,0.976,0.979
141,251,basic,131.774,53.204,136.596,54.994,1.414,1.436
141,252,basic,252.838,184.897,259.317,189.269,1.514,1.528
141,255,basic,86.657,56.89,88.298,58.101,0.863,0.846
141,257,basic,123.713,115.015,120.579,112.153,1.098,1.097
141,259,basic,166.146,135.949,170.654,139.961,1.355,1.336
141,261,basic,181.123,170.491,186.614,175.541,1.169,1.164
141,262,basic,188.182,152.854,144.413,116.782,1.061,1.094
141,264,basic,80.341,27.378,81.821,27.883,0.955,0.955
141,266,basic,111.204,90.431,108.091,88.132,0.916,0.894
141,267,basic,126.888,119.553,129.413,121.927,1.031,1.032
141,268,basic,109.189,103.729,108.91,103.464,1.047,1.041
141,269,basic,102.907,97.755,93.998,89.293,1.042,1.008
141,270,basic,164.365,124.298,166.214,125.589,1.599,1.604
141,272,basic,43.202,41.034,42.845,40.697,1.069,1.008
141,275,basic,91.105,86.52,91.975,87.34,1.166,1.171
141,276,basic,148.031,59.621,92.769,37.327,1.103,1.109
141,277,basic,127.554,83.633,51.116,33.298,1.016,1.064
141,279,basic,105.466,37.213,76.996,27.031,1.008,1.044
141,281,basic,67.35,45.166,72.193,48.347,0.822,0.832
141,282,basic,76.34,61.521,76.108,61.84,0.922,0.861
141,286,basic,171.603,106.912,177.331,108.684,2.114,2.242
141,287,basic,0.0,0.0,447.815,160.157,,0.957
141,287,gifted,190.0,174.743,0.0,0.0,,
141,288,basic,197.669,180.579,201.059,186.026,1.528,1.441
141,289,basic,155.482,145.473,185.334,172.707,1.408,1.478
141,291,basic,375.21,286.131,388.231,290.463,2.416,2.553
141,292,basic,559.766,305.37,613.588,333.802,1.529,1.592
141,930,basic,399.471,376.891,401.892,378.832,2.518,2.544
141,935,basic,438.902,334.803,458.813,354.085,1.94,1.86
141,939,basic,220.326,93.913,227.846,96.721,1.808,1.841
141,949,basic,382.121,349.087,494.914,453.442,1.646,1.696
141,955,basic,46.754,44.416,52.635,50.004,2.847,2.651
141,971,basic,0.0,0.0,560.691,207.466,,1.127
141,971,gifted,515.844,474.422,0.0,0.0,,
141,972,basic,263.646,213.181,266.853,214.781,1.96,1.99
141,974,basic,88.943,83.442,92.272,86.888,1.336,1.259
141,977,basic,233.953,198.322,195.892,163.899,1.33,1.434
142,103,basic,260.227,236.111,261.028,236.719,1.66,1.662
142,104,basic,133.488,53.132,142.862,58.791,2.292,2.15
142,105,basic,443.222,205.375,312.787,141.429,2.279,2.399
142,105,gifted,177.235,163.434,0.0,0.0,,
142,106,basic,451.786,277.38,330.408,206.147,1.793,1.697
142,106,gifted,115.293,106.315,0.0,0.0,,
142,107,basic,513.882,252.617,514.189,252.749,2.478,2.478
142,109,basic,150.973,104.536,153.17,106.365,2.105,2.092
142,110,basic,379.615,198.329,388.873,202.929,2.111,2.116
142,113,basic,387.424,237.629,261.595,159.343,2.344,2.37
142,113,gifted,134.239,123.786,0.0,0.0,,
142,115,basic,142.863,84.076,163.28,96.052,1.715,1.717
142,117,basic,246.658,155.813,212.605,136.551,2.302,2.221
142,117,gifted,88.928,82.004,0.0,0.0,,
142,118,basic,264.7,137.839,337.5,174.723,2.134,2.163
142,130,basic,666.904,401.235,683.816,410.652,1.711,1.719
142,201,basic,75.979,50.589,82.753,55.469,1.017,0.995
142,202,basic,167.801,87.088,170.162,87.583,1.55,1.587
142,203,basic,235.039,163.503,235.17,163.467,1.286,1.29
142,204,basic,172.03,123.747,107.836,67.831,1.384,2.057
142,208,basic,198.979,168.167,231.487,195.035,1.253,1.324
142,209,basic,147.138,48.078,129.579,42.269,0.785,0.792
142,210,basic,192.866,78.502,191.114,78.054,1.351,1.333
142,211,basic,79.471,49.472,86.912,53.963,1.12,1.135
142,212,gifted,205.849,189.819,0.0,0.0,,
142,215,basic,114.439,69.345,115.598,69.565,0.87,0.894
142,218,basic,149.777,91.935,159.039,97.696,0.748,0.745
142,220,basic,90.697,75.615,92.735,76.89,1.339,1.366
142,221,basic,160.731,113.09,165.179,114.33,0.927,0.986
142,222,basic,144.144,87.859,150.372,89.851,1.784,1.878
142,225,basic,93.07,45.063,94.106,45.539,1.273,1.276
142,226,basic,264.807,172.041,271.661,178.028,1.322,1.296
142,229,basic,254.41,213.719,261.685,216.763,1.138,1.199
142,230,basic,112.466,75.099,82.123,54.731,1.057,1.063
142,233,basic,280.009,172.828,285.944,176.444,0.828,0.829
142,234,basic,76.912,63.436,90.117,72.587,1.239,1.354
142,235,basic,81.685,52.613,82.803,52.832,1.17,1.207
142,236,basic,49.562,43.976,50.271,44.592,1.093,1.095
142,239,basic,264.113,153.016,266.011,154.048,1.663,1.665
142,241,basic,385.875,121.425,376.873,117.38,1.889,1.939
142,242,basic,150.383,105.169,155.703,108.977,1.218,1.215
142,243,basic,214.873,110.05,231.908,118.851,0.987,0.985
142,244,basic,35.281,32.658,35.31,33.06,1.236,1.138
142,245,basic,323.237,287.042,327.429,290.765,1.243,1.247
142,246,basic,236.336,118.609,253.109,126.684,1.19,1.202
142,247,basic,373.212,116.202,363.532,113.82,1.584,1.557
142,248,basic,144.682,91.745,146.887,93.384,0.892,0.88
142,249,basic,30.14,23.702,30.552,23.991,0.908,0.913
142,250,basic,88.34,66.146,93.168,69.717,0.952,0.956
142,251,basic,142.027,65.744,146.971,67.793,1.427,1.444
142,252,basic,261.747,180.209,268.411,184.235,1.527,1.541
142,255,basic,85.775,56.653,87.221,57.803,0.844,0.829
142,257,basic,124.83,109.81,122.069,107.38,1.066,1.068
142,259,basic,163.618,121.353,168.329,125.391,1.27,1.247
142,261,basic,167.332,153.908,171.708,158.024,1.053,1.045
142,262,basic,185.835,145.404,143.061,111.075,1.068,1.104
142,264,basic,80.593,35.987,82.036,36.634,0.918,0.918
142,266,basic,106.607,87.74,103.738,85.715,0.894,0.874
142,267,basic,122.956,113.815,125.277,115.958,1.016,1.016
142,268,basic,109.153,103.695,109.099,103.644,1.078,1.074
142,269,basic,106.829,100.383,97.664,91.755,1.072,1.044
142,270,basic,144.627,99.807,146.329,100.846,1.41,1.416
142,272,basic,41.201,38.728,40.605,38.314,1.08,1.02
142,275,basic,98.117,92.308,99.095,93.188,1.194,1.197
142,276,basic,160.54,76.354,100.185,47.621,1.121,1.122
142,277,basic,122.946,79.361,49.691,31.676,1.004,1.061
142,279,basic,107.991,45.231,79.772,33.118,1.004,1.043
142,281,basic,67.627,45.499,72.529,48.701,0.803,0.812
142,282,basic,80.018,60.473,80.294,61.374,0.884,0.832
142,286,basic,179.734,114.287,185.37,115.321,1.812,1.914
142,287,basic,0.0,0.0,442.249,185.645,,0.95
142,287,gifted,190.0,175.205,0.0,0.0,,
142,288,basic,177.289,155.121,179.897,159.933,1.352,1.292
142,289,basic,157.919,138.971,188.833,164.373,1.405,1.483
142,291,basic,379.776,264.231,392.966,266.833,2.301,2.418
142,292,basic,565.698,323.57,620.041,354.742,1.492,1.556
142,930,basic,398.855,358.74,401.282,359.968,2.342,2.356
142,935,basic,437.446,306.418,457.037,326.616,1.824,1.74
142,939,basic,220.327,105.653,227.684,108.605,1.729,1.758
142,949,basic,377.27,317.573,487.87,411.616,1.571,1.627
142,955,basic,46.679,44.345,53.049,50.396,2.803,2.609
142,971,basic,0.0,0.0,550.472,235.015,,1.11
142,971,gifted,515.044,474.937,0.0,0.0,,
142,972,basic,260.459,193.895,263.116,194.941,1.836,1.854
142,974,basic,87.871,79.395,91.66,83.605,1.267,1.22
142,977,basic,235.735,178.234,197.826,146.377,1.329,1.441
143,103,basic,273.525,243.292,274.37,243.931,1.632,1.634
143,104,basic,131.951,46.942,141.798,52.097,2.347,2.21
143,105,basic,459.501,197.56,313.483,131.355,2.264,2.384
143,105,gifted,184.292,168.519,0.0,0.0,,
143,106,basic,457.004,261.278,335.459,194.679,1.792,1.703
143,106,gifted,116.544,106.57,0.0,0.0,,
143,107,basic,504.362,226.888,504.803,227.046,2.505,2.506
143,109,basic,153.085,99.037,156.021,101.285,2.091,2.076
143,110,basic,390.865,186.819,400.026,190.986,2.099,2.104
143,113,basic,397.731,230.715,269.066,154.835,2.329,2.36
143,113,gifted,136.295,124.631,0.0,0.0,,
143,115,basic,148.42,81.036,169.972,92.707,1.735,1.74
143,117,basic,258.222,150.443,222.119,131.886,2.316,2.226
143,117,gifted,89.941,82.243,0.0,0.0,,
143,118,basic,269.067,131.931,334.225,163.79,2.034,2.037
143,130,basic,666.838,365.901,683.57,374.485,1.698,1.705
143,201,basic,79.683,54.763,86.575,59.925,1.046,1.023
143,202,basic,174.579,90.315,177.17,90.748,1.64,1.684
143,203,basic,268.24,193.701,268.329,193.6,1.312,1.316
143,204,basic,169.394,126.437,104.818,68.919,1.408,2.029
143,208,basic,207.089,178.531,238.707,203.868,1.215,1.28
143,209,basic,144.502,45.379,126.372,39.655,0.772,0.774
143,210,basic,193.539,76.745,191.694,76.29,1.397,1.379
143,211,basic,72.256,46.596,78.216,50.345,1.11,1.121
143,212,gifted,205.809,188.195,0.0,0.0,,
143,215,basic,116.591,68.944,117.844,69.149,0.907,0.933
143,218,basic,150.213,94.227,159.197,99.937,0.753,0.75
143,220,basic,87.206,73.105,89.335,74.443,1.4,1.432
143,221,basic,167.416,117.723,172.16,118.949,0.966,1.028
143,222,basic,145.605,84.882,152.994,87.124,2.157,2.275
143,225,basic,79.739,39.434,80.636,39.862,1.201,1.203
143,226,basic,253.402,167.153,260.196,172.835,1.266,1.247
143,229,basic,253.089,223.352,260.085,226.833,1.142,1.192
143,230,basic,104.053,73.117,75.047,52.709,1.02,1.019
143,233,basic,279.176,175.553,285.077,179.224,0.823,0.824
143,234,basic,78.989,68.475,90.63,77.058,1.171,1.268
143,235,basic,85.998,55.081,87.328,55.271,1.227,1.273
143,236,basic,50.65,45.531,51.569,46.329,1.094,1.097
143,239,basic,266.935,158.372,268.811,159.45,1.689,1.69
143,241,basic,383.886,117.815,374.447,114.078,1.882,1.916
143,242,basic,159.156,114.492,165.201,118.968,1.219,1.215
143,243,basic,218.878,113.772,236.142,122.845,0.975,0.972
143,244,basic,37.343,34.86,37.525,35.306,1.178,1.092
143,245,basic,317.801,287.209,321.943,291.017,1.252,1.256
143,246,basic,229.342,117.359,244.809,125.033,1.142,1.149
143,247,basic,373.037,112.793,362.984,110.525,1.577,1.543
143,248,basic,146.513,95.528,148.423,96.994,0.883,0.873
143,249,basic,28.783,23.326,29.085,23.557,0.88,0.881
143,250,basic,94.994,74.699,99.978,78.579,0.961,0.963
143,251,basic,128.463,59.866,133.244,61.847,1.339,1.357
143,252,basic,248.505,182.21,255.005,186.444,1.434,1.448
143,255,basic,87.777,59.997,89.507,61.401,0.844,0.829
143,257,basic,115.787,105.656,112.927,103.098,1.071,1.071
143,259,basic,161.494,126.636,165.584,130.513,1.264,1.239
143,261,basic,173.33,160.459,178.293,165.07,1.114,1.107
143,262,basic,185.14,151.31,142.697,115.79,1.053,1.085
143,264,basic,79.391,34.143,80.856,34.774,0.917,0.917
143,266,basic,102.483,87.422,99.435,85.233,0.893,0.869
143,267,basic,110.66,103.584,112.876,105.653,1.02,1.021
143,268,basic,110.22,104.709,110.16,104.652,1.063,1.059
143,269,basic,104.075,98.213,95.032,89.7,1.068,1.036
143,270,basic,162.192,116.962,164.015,118.136,1.447,1.452
143,272,basic,43.053,40.598,42.683,40.345,1.076,1.011
143,275,basic,93.337,88.158,94.288,89.014,1.189,1.193
143,276,basic,150.545,70.569,93.965,44.004,1.13,1.133
143,277,basic,125.0,83.952,50.075,33.295,1.007,1.051
143,279,basic,97.029,40.271,70.876,29.186,0.993,1.027
143,281,basic,72.424,50.487,77.767,54.105,0.807,0.815
143,282,basic,75.805,60.712,75.818,61.436,0.868,0.816
143,286,basic,177.495,113.158,183.128,114.245,1.85,1.95
143,287,basic,0.0,0.0,448.471,187.832,,0.942
143,287,gifted,190.0,173.739,0.0,0.0,,
143,288,basic,182.631,162.948,185.379,167.986,1.347,1.288
143,289,basic,154.802,137.57,183.342,161.957,1.331,1.376
143,291,basic,378.303,266.536,391.413,269.059,2.292,2.407
143,292,basic,565.643,318.97,620.426,346.939,1.49,1.557
143,930,basic,399.395,365.229,401.817,366.411,2.391,2.408
143,935,basic,438.56,311.394,458.384,331.165,1.839,1.761
143,939,basic,214.32,100.386,221.555,103.192,1.663,1.691
143,949,basic,378.405,323.89,488.748,416.907,1.548,1.603
143,955,basic,45.972,43.674,52.255,49.642,2.781,2.59
143,971,basic,0.0,0.0,562.444,239.002,,1.105
143,971,gifted,515.741,471.603,0.0,0.0,,
143,972,basic,263.568,198.663,266.665,199.854,1.856,1.879
143,974,basic,88.752,81.768,92.325,85.759,1.231,1.18
143,977,basic,232.938,187.287,194.439,153.211,1.287,1.388
144,103,basic,268.759,240.729,269.649,241.381,1.659,1.662
144,104,basic,113.867,48.716,125.47,54.717,2.278,2.184
144,105,basic,450.974,221.965,307.904,148.612,2.298,2.419
144,105,gifted,184.403,168.983,0.0,0.0,,
144,106,basic,455.054,284.984,336.195,213.199,1.751,1.658
144,106,gifted,115.869,106.18,0.0,0.0,,
144,107,basic,508.813,262.216,509.154,262.36,2.525,2.525
144,109,basic,151.407,104.337,154.475,106.741,2.128,2.113
144,110,basic,380.766,203.727,389.483,208.238,2.12,2.124
144,113,basic,381.914,240.868,256.492,160.816,2.337,2.362
144,113,gifted,133.993,122.789,0.0,0.0,,
144,115,basic,152.675,91.253,174.911,104.469,1.747,1.752
144,117,basic,257.82,163.627,222.565,143.193,2.33,2.244
144,117,gifted,89.839,82.327,0.0,0.0,,
144,118,basic,282.4,153.839,349.88,190.621,2.105,2.105
144,130,basic,662.774,396.32,679.562,405.767,1.736,1.745
144,201,basic,79.304,51.981,85.776,56.526,1.041,1.015
144,202,basic,170.736,89.285,173.325,89.872,1.663,1.713
144,203,basic,272.801,184.502,272.946,184.453,1.381,1.385
144,204,basic,184.548,130.028,110.533,70.723,1.427,2.055
144,208,basic,204.599,165.745,236.903,192.047,1.283,1.356
144,209,basic,148.279,50.594,130.824,44.556,0.784,0.794
144,210,basic,193.556,80.403,191.795,79.805,1.426,1.413
144,211,basic,73.676,45.895,77.817,48.487,1.093,1.093
144,212,gifted,205.805,188.596,0.0,0.0,,
144,215,basic,120.746,70.274,121.919,70.548,0.894,0.92
144,218,basic,156.28,94.047,166.115,99.992,0.767,0.765
144,220,basic,83.389,69.449,85.277,70.729,1.295,1.321
144,221,basic,159.407,105.258,164.02,106.611,1.007,1.084
144,222,basic,139.397,84.007,146.07,86.485,1.948,2.065
144,225,basic,79.263,39.46,80.166,39.897,1.24,1.242
144,226,basic,255.702,162.177,262.834,167.4,1.283,1.269
144,229,basic,250.323,201.189,256.869,204.364,1.159,1.218
144,230,basic,113.763,75.523,81.776,54.263,1.039,1.039
144,233,basic,280.744,169.485,286.683,173.031,0.843,0.844
144,234,basic,71.586,57.801,80.69,64.431,1.157,1.227
144,235,basic,80.099,49.506,81.429,49.799,1.261,1.318
144,236,basic,48.123,42.383,48.898,43.044,1.06,1.063
144,239,basic,277.348,161.888,279.224,162.958,1.722,1.723
144,241,basic,382.99,129.986,374.119,126.33,1.925,1.958
144,242,basic,158.917,108.089,164.194,111.781,1.244,1.239
144,243,basic,217.905,112.879,234.903,121.785,0.973,0.969
144,244,basic,36.494,34.132,36.826,34.642,1.136,1.074
144,245,basic,315.862,270.576,319.965,273.937,1.202,1.207
144,246,basic,223.777,114.011,239.111,121.511,1.206,1.219
144,247,basic,371.83,123.873,362.828,121.384,1.629,1.602
144,248,basic,148.935,93.097,151.241,94.71,0.892,0.881
144,249,basic,29.106,21.836,29.439,22.083,0.888,0.888
144,250,basic,84.515,61.456,89.089,64.791,0.975,0.975
144,251,basic,138.478,65.256,143.362,67.359,1.409,1.427
144,252,basic,237.363,162.618,243.623,166.519,1.481,1.496
144,255,basic,85.089,55.367,86.583,56.486,0.835,0.819
144,257,basic,115.732,97.507,112.909,95.13,1.052,1.052
144,259,basic,167.996,121.96,172.216,125.524,1.317,1.291
144,261,basic,175.195,158.586,180.629,163.331,1.101,1.104
144,262,basic,185.899,139.894,142.949,106.983,1.066,1.1
144,264,basic,82.46,36.311,83.951,36.97,0.97,0.97
144,266,basic,104.003,80.261,101.02,78.122,0.935,0.919
144,267,basic,118.253,102.602,120.553,104.59,1.036,1.036
144,268,basic,110.565,105.037,110.477,104.953,1.072,1.069
144,269,basic,102.618,96.09,93.442,87.48,1.089,1.058
144,270,basic,154.892,105.674,156.669,106.741,1.48,1.488
144,272,basic,43.414,40.941,43.082,40.723,1.03,0.986
144,275,basic,97.644,91.567,98.563,92.393,1.17,1.173
144,276,basic,150.938,71.696,94.396,44.761,1.154,1.162
144,277,basic,125.78,80.43,50.762,32.144,1.01,1.07
144,279,basic,102.728,44.161,76.575,32.657,1.009,1.056
144,281,basic,63.588,41.895,67.899,44.701,0.813,0.818
144,282,basic,77.526,57.047,77.62,57.673,0.9,0.84
144,286,basic,172.231,109.449,177.793,110.936,1.759,1.871
144,287,basic,0.0,0.0,448.357,193.48,,0.965
144,287,gifted,190.0,174.112,0.0,0.0,,
144,288,basic,195.529,168.432,199.304,173.821,1.408,1.35
144,289,basic,153.038,134.848,181.661,159.718,1.343,1.384
144,291,basic,373.09,264.242,386.067,267.519,2.246,2.375
144,292,basic,564.229,326.885,619.151,359.224,1.498,1.57
144,930,basic,398.521,362.893,400.938,364.449,2.326,2.338
144,935,basic,438.414,307.972,458.438,326.655,1.88,1.808
144,939,basic,218.558,107.232,225.887,110.401,1.753,1.782
144,949,basic,378.547,317.959,490.094,413.476,1.588,1.64
144,955,basic,44.818,42.577,50.48,47.956,2.838,2.637
144,971,basic,0.0,0.0,558.825,244.874,,1.135
144,971,gifted,515.628,472.512,0.0,0.0,,
144,972,basic,257.137,191.258,259.959,192.561,1.86,1.88
144,974,basic,86.894,79.022,89.678,82.32,1.225,1.159
144,977,basic,239.601,177.441,199.504,145.431,1.352,1.458
145,103,basic,268.955,237.747,269.719,238.355,1.651,1.652
145,104,basic,153.042,60.582,163.905,67.534,2.495,2.319
145,105,basic,444.351,216.417,307.785,146.038,2.268,2.393
145,105,gifted,179.659,164.784,0.0,0.0,,
145,106,basic,468.465,289.009,347.445,217.4,1.785,1.701
145,106,gifted,118.07,108.294,0.0,0.0,,
145,107,basic,528.903,266.755,529.318,266.935,2.458,2.459
145,109,basic,158.459,104.085,161.177,106.154,2.175,2.163
145,110,basic,390.994,201.921,400.014,206.452,2.078,2.081
145,113,basic,400.284,244.333,273.623,164.731,2.387,2.446
145,113,gifted,135.155,123.964,0.0,0.0,,
145,115,basic,146.549,88.506,167.707,101.216,1.727,1.73
145,117,basic,252.319,152.452,214.584,132.696,2.317,2.205
145,117,gifted,90.364,82.882,0.0,0.0,,
145,118,basic,269.514,144.441,338.678,180.881,2.093,2.11
145,130,basic,663.868,387.139,680.438,396.298,1.684,1.69
145,201,basic,79.61,54.282,86.217,59.206,0.994,0.969
145,202,basic,169.496,88.01,172.119,88.488,1.643,1.688
145,203,basic,252.498,176.051,252.58,175.951,1.301,1.304
145,204,basic,167.679,119.424,105.069,66.324,1.397,1.998
145,208,basic,207.594,169.581,238.987,195.133,1.237,1.299
145,209,basic,148.568,51.843,130.23,45.4,0.761,0.765
145,210,basic,194.661,80.124,192.805,79.697,1.382,1.36
145,211,basic,82.009,52.707,88.096,56.529,1.101,1.11
145,212,gifted,205.676,188.646,0.0,0.0,,
145,215,basic,122.687,69.673,124.023,69.844,0.917,0.946
145,218,basic,162.837,101.862,173.709,108.711,0.772,0.77
145,220,basic,88.304,72.262,90.452,73.543,1.338,1.367
145,221,basic,165.155,106.998,170.122,108.1,0.987,1.057
145,222,basic,150.195,85.626,157.578,87.809,2.093,2.208
145,225,basic,94.276,47.653,95.321,48.161,1.216,1.218
145,226,basic,252.936,155.554,259.741,160.683,1.214,1.199
145,229,basic,247.22,204.01,253.819,207.165,1.127,1.173
145,230,basic,102.476,71.006,73.484,50.894,1.023,1.021
145,233,basic,278.874,173.848,284.846,177.507,0.817,0.818
145,234,basic,74.222,60.674,85.35,68.373,1.185,1.281
145,235,basic,86.852,52.95,88.203,53.126,1.225,1.273
145,236,basic,50.204,43.821,51.121,44.593,1.019,1.022
145,239,basic,268.115,156.562,270.023,157.642,1.694,1.695
145,241,basic,388.4,128.801,378.85,124.678,1.88,1.916
145,242,basic,163.129,112.376,169.195,116.657,1.216,1.212
145,243,basic,215.959,115.304,232.741,124.366,0.973,0.97
145,244,basic,38.039,35.344,38.274,35.9,1.124,1.052
145,245,basic,319.716,267.519,323.701,270.807,1.225,1.228
145,246,basic,235.49,122.41,252.438,130.842,1.175,1.187
145,247,basic,366.923,121.435,357.212,118.98,1.571,1.541
145,248,basic,143.722,93.263,145.569,94.677,0.891,0.88
145,249,basic,30.855,23.465,31.175,23.7,0.863,0.864
145,250,basic,90.673,68.918,95.716,72.702,0.979,0.982
145,251,basic,133.717,61.73,138.538,63.7,1.361,1.379
145,252,basic,242.396,166.549,248.83,170.46,1.442,1.457
145,255,basic,86.113,58.482,87.79,59.816,0.842,0.828
145,257,basic,122.524,104.54,119.438,101.946,1.07,1.068
145,259,basic,167.665,125.083,172.935,129.483,1.323,1.304
145,261,basic,170.797,154.764,175.701,159.381,1.075,1.067
145,262,basic,189.699,145.157,146.165,111.049,1.07,1.103
145,264,basic,78.084,33.94,79.526,34.568,0.906,0.906
145,266,basic,101.086,79.333,98.033,77.307,0.9,0.876
145,267,basic,117.232,101.058,119.588,103.076,1.027,1.028
145,268,basic,108.243,102.831,108.179,102.77,1.06,1.054
145,269,basic,109.279,102.028,100.095,93.503,1.029,0.995
145,270,basic,160.673,112.075,162.516,113.214,1.465,1.47
145,272,basic,41.938,39.431,41.442,39.119,1.045,0.991
145,275,basic,90.561,84.391,91.495,85.206,1.186,1.19
145,276,basic,149.461,70.364,92.918,43.724,1.147,1.148
145,277,basic,125.579,83.808,50.044,33.077,1.011,1.055
145,279,basic,99.985,43.952,72.728,31.748,0.986,1.017
145,281,basic,61.495,42.623,65.673,45.455,0.803,0.809
145,282,basic,75.521,58.913,75.589,59.666,0.874,0.82
145,286,basic,182.511,106.374,188.383,107.248,1.847,1.957
145,287,basic,0.0,0.0,446.671,199.368,,0.943
145,287,gifted,190.0,174.268,0.0,0.0,,
145,288,basic,173.273,150.118,175.815,154.669,1.326,1.271
145,289,basic,155.466,139.861,185.459,165.64,1.388,1.45
145,291,basic,376.04,253.906,388.891,256.991,2.272,2.375
145,292,basic,566.428,331.082,621.506,364.43,1.488,1.541
145,930,basic,398.95,356.716,401.376,357.802,2.351,2.367
145,935,basic,438.32,306.975,458.131,326.738,1.88,1.806
145,939,basic,220.177,104.948,227.596,107.91,1.711,1.74
145,949,basic,377.597,320.623,489.368,416.741,1.58,1.635
145,955,basic,45.36,43.092,51.49,48.915,2.795,2.602
145,971,basic,0.0,0.0,560.031,250.387,,1.111
145,971,gifted,515.332,472.663,0.0,0.0,,
145,972,basic,256.768,190.244,259.801,191.378,1.864,1.886
145,974,basic,85.938,78.03,89.111,81.664,1.233,1.18
145,977,basic,232.283,178.732,194.257,146.549,1.283,1.384
146,103,basic,270.142,254.21,270.937,254.877,1.705,1.707
146,104,basic,130.457,49.235,139.374,54.769,2.777,2.532
146,105,basic,457.644,224.905,313.864,151.379,2.338,2.469
146,105,gifted,180.98,165.593,0.0,0.0,,
146,106,basic,470.973,296.229,349.826,221.559,1.853,1.788
146,106,gifted,117.977,107.946,0.0,0.0,,
146,107,basic,497.25,261.968,497.77,262.204,2.49,2.491
146,109,basic,149.425,107.532,152.027,109.708,2.189,2.172
146,110,basic,394.189,204.004,403.175,208.531,2.141,2.145
146,113,basic,402.974,268.537,270.778,178.407,2.391,2.451
146,113,gifted,136.515,124.908,0.0,0.0,,
146,115,basic,145.925,89.296,166.702,101.979,1.725,1.727
146,117,basic,269.048,175.857,231.952,153.878,2.339,2.236
146,117,gifted,90.135,82.471,0.0,0.0,,
146,118,basic,261.251,142.192,327.87,178.231,2.157,2.166
146,130,basic,644.806,375.333,661.143,384.463,1.739,1.746
146,201,basic,80.631,52.023,87.817,56.953,1.067,1.038
146,202,basic,172.837,85.229,175.416,85.879,1.755,1.804
146,203,basic,268.707,184.972,268.784,184.91,1.337,1.341
146,204,basic,181.334,128.745,110.244,71.561,1.531,2.186
146,208,basic,205.909,171.897,237.391,199.442,1.307,1.382
146,209,basic,142.191,38.303,124.157,33.428,0.774,0.777
146,210,basic,192.259,68.905,190.339,68.437,1.381,1.357
146,211,basic,79.615,48.164,87.231,52.679,1.133,1.147
146,212,gifted,205.764,188.269,0.0,0.0,,
146,215,basic,117.48,59.848,118.818,60.051,0.984,1.024
146,218,basic,159.276,89.949,169.75,95.9,0.77,0.768
146,220,basic,93.629,78.396,95.981,79.968,1.526,1.563
146,221,basic,158.233,96.428,163.0,97.764,1.045,1.134
146,222,basic,153.207,87.367,160.352,90.2,2.451,2.565
146,225,basic,86.78,39.552,87.739,39.974,1.239,1.242
146,226,basic,252.9,145.733,259.873,150.604,1.382,1.356
146,229,basic,254.673,212.466,261.743,216.246,1.152,1.215
146,230,basic,113.85,75.023,81.898,53.928,1.077,1.079
146,233,basic,280.964,158.477,286.95,161.806,0.843,0.845
146,234,basic,78.931,65.614,91.862,75.082,1.241,1.361
146,235,basic,84.6,49.21,85.839,49.496,1.263,1.315
146,236,basic,48.335,43.126,49.203,43.88,1.077,1.08
146,239,basic,278.952,159.863,280.909,160.962,1.775,1.776
146,241,basic,386.751,110.35,377.751,106.922,1.995,2.053
146,242,basic,161.201,108.661,167.62,113.075,1.219,1.215
146,243,basic,218.807,103.07,236.054,111.247,1.0,0.998
146,244,basic,37.196,35.023,37.494,35.438,1.173,1.075
146,245,basic,321.5,277.383,325.59,280.957,1.256,1.257
146,246,basic,239.319,111.812,256.568,119.618,1.243,1.256
146,247,basic,372.805,102.914,362.809,100.611,1.645,1.612
146,248,basic,147.904,88.884,149.97,90.285,0.892,0.88
146,249,basic,30.815,22.584,31.191,22.847,0.896,0.899
146,250,basic,83.442,61.765,88.09,65.158,0.976,0.981
146,251,basic,132.19,54.343,137.112,56.19,1.43,1.452
146,252,basic,240.054,164.887,246.415,168.869,1.482,1.498
146,255,basic,85.431,54.057,87.001,55.195,0.849,0.832
146,257,basic,117.246,101.782,114.418,99.327,1.068,1.069
146,259,basic,168.415,127.239,173.126,131.184,1.325,1.303
146,261,basic,164.814,153.572,169.276,157.82,1.066,1.056
146,262,basic,191.049,144.086,147.712,110.764,1.087,1.127
146,264,basic,85.002,30.76,86.547,31.321,0.945,0.945
146,266,basic,103.514,79.102,100.529,77.072,0.91,0.886
146,267,basic,116.365,102.082,118.685,104.11,1.037,1.037
146,268,basic,107.017,101.666,106.947,101.6,1.067,1.062
146,269,basic,100.619,95.169,91.381,86.449,1.114,1.081
146,270,basic,174.788,121.482,176.704,122.698,1.621,1.626
146,272,basic,39.607,37.544,38.986,36.975,1.095,1.018
146,275,basic,95.088,90.023,96.018,90.878,1.197,1.201
146,276,basic,154.583,63.791,96.474,39.798,1.142,1.142
146,277,basic,128.006,80.537,51.224,31.989,1.013,1.063
146,279,basic,102.359,37.882,74.424,27.409,1.003,1.035
146,281,basic,67.372,43.385,72.326,46.49,0.823,0.836
146,282,basic,74.8,56.508,74.778,56.975,0.887,0.829
146,286,basic,179.71,102.53,185.632,104.004,2.244,2.376
146,287,basic,0.0,0.0,445.767,167.23,,0.946
146,287,gifted,190.0,173.845,0.0,0.0,,
146,288,basic,183.38,163.001,185.921,168.101,1.482,1.386
146,289,basic,160.376,149.831,190.737,177.903,1.425,1.487
146,291,basic,376.814,272.624,389.856,277.042,2.487,2.613
146,292,basic,565.551,319.506,619.478,353.73,1.545,1.606
146,930,basic,399.383,373.148,401.811,374.636,2.472,2.496
146,935,basic,438.546,325.77,458.228,346.129,1.981,1.893
146,939,basic,217.901,98.015,225.372,101.034,1.798,1.83
146,949,basic,379.272,340.789,488.732,442.616,1.602,1.65
146,955,basic,45.96,43.662,52.226,49.615,2.754,2.549
146,971,basic,0.0,0.0,566.968,217.274,,1.137
146,971,gifted,516.372,472.468,0.0,0.0,,
146,972,basic,261.489,206.534,264.489,207.868,1.929,1.955
146,974,basic,87.093,81.124,91.022,85.296,1.28,1.229
146,977,basic,232.708,181.033,194.276,149.047,1.315,1.418
147,103,basic,281.333,249.81,282.27,250.488,1.688,1.691
147,104,basic,126.51,49.754,138.888,55.88,2.41,2.272
147,105,basic,456.768,214.499,315.593,145.57,2.315,2.447
147,105,gifted,182.283,167.303,0.0,0.0,,
147,106,basic,454.736,267.883,338.042,200.658,1.834,1.763
147,106,gifted,114.935,105.49,0.0,0.0,,
147,107,basic,506.98,249.704,507.388,249.872,2.598,2.599
147,109,basic,147.125,99.0,150.01,101.12,2.089,2.077
147,110,basic,387.703,194.002,396.492,198.275,2.122,2.127
147,113,basic,391.421,240.794,262.966,160.99,2.367,2.391
147,113,gifted,134.958,123.867,0.0,0.0,,
147,115,basic,148.602,84.941,170.042,97.155,1.724,1.728
147,117,basic,264.435,161.199,227.699,140.67,2.353,2.254
147,117,gifted,89.733,82.358,0.0,0.0,,
147,118,basic,264.97,137.263,331.916,171.675,2.12,2.132
147,130,basic,662.568,370.76,679.243,379.718,1.711,1.718
147,201,basic,80.44,53.557,87.219,58.415,1.093,1.057
147,202,basic,171.564,91.551,173.935,92.279,1.669,1.71
147,203,basic,251.974,178.43,252.092,178.422,1.316,1.319
147,204,basic,179.837,132.152,108.926,73.39,1.434,2.102
147,208,basic,208.412,170.249,240.061,195.63,1.275,1.345
147,209,basic,140.932,44.61,124.533,39.372,0.78,0.788
147,210,basic,191.895,77.29,190.094,76.728,1.417,1.4
147,211,basic,75.177,47.475,82.001,51.7,1.126,1.14
147,212,gifted,205.861,188.943,0.0,0.0,,
147,215,basic,122.125,68.383,123.424,68.613,0.971,1.01
147,218,basic,150.113,89.938,158.935,95.273,0.766,0.763
147,220,basic,89.971,74.608,92.319,76.201,1.617,1.655
147,221,basic,163.234,105.541,168.222,107.013,1.09,1.188
147,222,basic,143.077,86.998,149.571,89.738,2.256,2.368
147,225,basic,70.066,34.972,70.803,35.327,1.181,1.184
147,226,basic,264.956,162.96,271.961,168.537,1.447,1.406
147,229,basic,251.144,210.415,258.297,214.497,1.162,1.223
147,230,basic,108.9,74.138,78.571,53.452,1.052,1.055
147,233,basic,281.71,169.078,287.782,172.664,0.843,0.845
147,234,basic,81.457,68.162,94.547,77.858,1.227,1.348
147,235,basic,76.778,47.94,77.845,48.25,1.222,1.269
147,236,basic,49.98,44.888,50.787,45.598,1.075,1.077
147,239,basic,278.051,166.612,280.038,167.762,1.781,1.783
147,241,basic,383.864,126.855,374.651,123.113,1.94,1.982
147,242,basic,154.029,107.476,159.462,111.339,1.234,1.23
147,243,basic,214.668,109.878,231.554,118.581,0.969,0.966
147,244,basic,38.788,36.416,38.889,36.709,1.196,1.083
147,245,basic,320.031,279.571,324.15,283.177,1.279,1.281
147,246,basic,246.051,124.835,263.4,133.428,1.218,1.229
147,247,basic,370.402,118.664,360.653,116.103,1.633,1.597
147,248,basic,144.755,91.237,146.829,92.702,0.893,0.88
147,249,basic,31.969,24.182,32.5,24.551,0.921,0.929
147,250,basic,88.331,66.362,93.651,70.33,0.978,0.981
147,251,basic,136.172,62.286,141.239,64.414,1.446,1.468
147,252,basic,237.398,167.854,243.737,171.947,1.49,1.507
147,255,basic,87.133,57.068,88.712,58.244,0.883,0.866
147,257,basic,118.926,103.736,115.965,101.18,1.065,1.063
147,259,basic,158.822,121.648,162.565,124.963,1.283,1.255
147,261,basic,163.821,152.065,168.215,156.21,1.093,1.084
147,262,basic,189.313,146.055,145.511,111.73,1.084,1.119
147,264,basic,79.976,33.243,81.435,33.853,0.946,0.946
147,266,basic,105.564,82.859,102.584,80.74,0.925,0.903
147,267,basic,116.786,104.316,119.005,106.292,1.023,1.024
147,268,basic,108.698,103.263,108.455,103.032,1.057,1.05
147,269,basic,103.692,98.02,94.559,89.388,1.07,1.039
147,270,basic,166.614,118.891,168.498,120.114,1.543,1.549
147,272,basic,41.242,39.075,40.75,38.638,1.063,0.999
147,275,basic,89.463,84.638,90.376,85.475,1.187,1.192
147,276,basic,148.417,68.386,92.91,42.788,1.135,1.137
147,277,basic,122.884,80.137,49.645,32.113,1.011,1.07
147,279,basic,110.871,45.931,81.608,33.6,1.015,1.059
147,281,basic,64.745,43.249,69.411,46.303,0.819,0.829
147,282,basic,79.897,60.891,80.183,61.584,0.902,0.845
147,286,basic,181.691,110.639,187.533,112.326,2.216,2.344
147,287,basic,0.0,0.0,442.873,184.89,,0.963
147,287,gifted,190.0,174.386,0.0,0.0,,
147,288,basic,182.903,160.857,185.697,166.135,1.538,1.436
147,289,basic,155.944,139.039,185.49,164.511,1.401,1.46
147,291,basic,374.998,266.432,388.19,270.265,2.432,2.576
147,292,basic,563.413,321.141,616.729,351.46,1.528,1.583
147,930,basic,399.408,372.949,401.837,374.417,2.45,2.472
147,935,basic,437.135,314.564,456.58,333.161,1.924,1.832
147,939,basic,222.826,106.191,230.455,109.368,1.772,1.806
147,949,basic,380.993,330.688,491.507,426.898,1.6,1.649
147,955,basic,46.565,44.237,52.713,50.077,2.776,2.58
147,971,basic,0.0,0.0,556.773,237.553,,1.134
147,971,gifted,515.518,473.152,0.0,0.0,,
147,972,basic,262.455,198.915,265.35,200.238,1.922,1.949
147,974,basic,87.476,81.236,91.387,85.385,1.271,1.218
147,977,basic,235.052,182.97,197.248,151.518,1.359,1.464
148,103,basic,270.978,240.987,271.773,241.619,1.624,1.626
148,104,basic,156.353,66.793,168.619,74.599,2.725,2.524
148,105,basic,477.151,244.441,327.84,164.237,2.374,2.522
148,105,gifted,184.063,168.251,0.0,0.0,,
148,106,basic,461.817,292.807,344.777,220.37,1.863,1.793
148,106,gifted,115.627,105.694,0.0,0.0,,
148,107,basic,522.049,279.216,522.558,279.451,2.546,2.547
148,109,basic,147.524,102.32,150.354,104.534,2.168,2.154
148,110,basic,384.429,221.198,392.974,225.971,2.056,2.061
148,113,basic,408.84,259.896,280.334,176.232,2.404,2.462
148,113,gifted,137.898,126.052,0.0,0.0,,
148,115,basic,145.497,89.926,166.96,103.068,1.724,1.732
148,117,basic,268.804,175.744,231.272,153.591,2.329,2.226
148,117,gifted,89.968,82.239,0.0,0.0,,
148,118,basic,267.53,151.242,333.562,188.457,2.13,2.135
148,130,basic,628.487,395.333,644.624,405.036,1.724,1.731
148,201,basic,80.872,51.286,88.429,56.38,1.089,1.062
148,202,basic,165.425,86.194,167.964,86.866,1.664,1.712
148,203,basic,268.662,176.942,268.792,176.918,1.332,1.336
148,204,basic,187.517,125.863,111.928,68.128,1.466,2.139
148,208,basic,209.306,165.149,239.809,190.171,1.267,1.331
148,209,basic,155.334,57.46,135.33,50.022,0.776,0.78
148,210,basic,189.636,83.217,187.645,82.591,1.394,1.373
148,211,basic,76.296,46.38,82.87,50.283,1.112,1.126
148,212,gifted,205.615,187.952,0.0,0.0,,
148,215,basic,120.751,70.345,121.979,70.59,0.93,0.961
148,218,basic,157.374,94.117,167.425,100.171,0.763,0.76
148,220,basic,93.737,71.198,96.024,72.58,1.493,1.526
148,221,basic,164.116,107.51,168.973,108.906,1.043,1.128
148,222,basic,147.772,81.107,154.784,83.677,2.34,2.456
148,225,basic,92.463,46.489,93.49,46.989,1.26,1.262
148,226,basic,255.624,161.288,262.693,166.611,1.328,1.307
148,229,basic,249.997,190.673,257.038,193.969,1.156,1.221
148,230,basic,118.596,76.436,85.448,55.102,1.025,1.019
148,233,basic,280.78,168.917,286.778,172.471,0.828,0.83
148,234,basic,74.778,56.245,87.069,64.354,1.247,1.364
148,235,basic,78.828,48.773,79.984,49.055,1.206,1.255
148,236,basic,53.429,45.277,54.351,46.038,1.086,1.088
148,239,basic,275.392,157.164,277.359,158.252,1.733,1.735
148,241,basic,384.315,138.333,375.353,134.092,1.945,1.995
148,242,basic,153.614,101.592,159.433,105.556,1.22,1.213
148,243,basic,222.323,116.281,239.913,125.56,0.996,0.992
148,244,basic,37.717,35.062,37.987,35.605,1.106,1.037
148,245,basic,321.263,260.426,325.409,263.755,1.264,1.267
148,246,basic,242.773,124.773,259.79,133.227,1.207,1.22
148,247,basic,368.854,132.046,359.096,129.248,1.611,1.575
148,248,basic,148.319,90.746,150.388,92.182,0.899,0.887
148,249,basic,29.075,20.911,29.435,21.151,0.923,0.927
148,250,basic,89.91,62.577,94.762,65.917,0.979,0.984
148,251,basic,131.774,64.308,136.77,66.53,1.427,1.449
148,252,basic,238.151,159.878,244.468,163.711,1.459,1.475
148,255,basic,87.181,55.015,88.764,56.159,0.871,0.855
148,257,basic,125.016,99.883,121.878,97.395,1.083,1.082
148,259,basic,162.938,112.013,167.52,115.51,1.352,1.331
148,261,basic,171.944,150.626,176.76,154.975,1.054,1.048
148,262,basic,189.794,137.154,146.106,105.011,1.072,1.107
148,264,basic,82.967,38.905,84.477,39.616,0.932,0.931
148,266,basic,104.786,78.659,101.697,76.582,0.918,0.895
148,267,basic,113.599,93.555,115.789,95.352,1.018,1.018
148,268,basic,109.013,103.562,108.925,103.479,1.082,1.08
148,269,basic,104.725,96.67,95.638,88.422,1.059,1.029
148,270,basic,158.397,102.428,160.258,103.516,1.541,1.548
148,272,basic,41.822,39.224,41.197,38.823,1.058,1.001
148,275,basic,98.403,91.075,99.38,91.934,1.143,1.146
148,276,basic,155.541,77.053,96.853,47.957,1.119,1.12
148,277,basic,121.408,75.77,48.877,30.257,1.014,1.066
148,279,basic,99.131,44.482,72.78,32.475,1.002,1.037
148,281,basic,67.257,43.11,72.162,46.177,0.812,0.823
148,282,basic,79.671,56.025,80.019,56.764,0.891,0.835
148,286,basic,182.719,107.117,188.534,108.564,2.165,2.289
148,287,basic,0.0,0.0,448.343,201.819,,0.95
148,287,gifted,190.0,173.678,0.0,0.0,,
148,288,basic,192.241,155.066,195.204,160.382,1.469,1.377
148,289,basic,155.995,131.002,185.382,155.33,1.411,1.463
148,291,basic,380.288,256.405,393.427,260.301,2.436,2.56
148,292,basic,564.847,328.79,619.853,363.697,1.539,1.591
148,930,basic,399.451,345.591,401.879,346.664,2.371,2.389
148,935,basic,437.463,298.252,456.999,316.759,1.934,1.847
148,939,basic,221.067,111.792,228.671,115.156,1.782,1.815
148,949,basic,384.646,308.031,496.515,400.198,1.62,1.675
148,955,basic,47.621,45.24,54.526,51.799,2.786,2.595
148,971,basic,0.0,0.0,562.188,255.282,,1.134
148,971,gifted,515.958,471.634,0.0,0.0,,
148,972,basic,265.177,190.269,268.207,191.496,1.903,1.928
148,974,basic,87.615,75.726,91.299,79.554,1.213,1.165
148,977,basic,233.994,165.145,195.718,136.123,1.318,1.421
149,103,basic,273.826,247.62,274.657,248.256,1.597,1.599
149,104,basic,137.346,51.951,151.224,59.281,2.568,2.418
149,105,basic,442.148,204.441,305.452,137.247,2.222,2.34
149,105,gifted,180.653,165.525,0.0,0.0,,
149,106,basic,454.614,281.592,338.725,213.23,1.784,1.703
149,106,gifted,115.813,106.115,0.0,0.0,,
149,107,basic,486.137,235.073,486.532,235.229,2.425,2.426
149,109,basic,149.769,103.542,152.397,105.631,2.083,2.073
149,110,basic,395.418,217.174,404.228,221.804,2.116,2.12
149,113,basic,400.755,240.708,272.955,162.743,2.347,2.375
149,113,gifted,136.773,125.32,0.0,0.0,,
149,115,basic,151.984,88.463,174.37,101.349,1.723,1.729
149,117,basic,267.116,171.307,230.89,151.061,2.288,2.203
149,117,gifted,89.877,82.35,0.0,0.0,,
149,118,basic,274.158,143.356,342.156,178.506,2.083,2.093
149,130,basic,664.619,422.441,681.307,432.427,1.671,1.676
149,201,basic,77.811,52.358,83.338,56.577,0.919,0.891
149,202,basic,171.168,86.546,173.592,86.952,1.567,1.604
149,203,basic,250.808,169.95,250.944,169.894,1.292,1.295
149,204,basic,179.492,125.486,107.391,66.069,1.352,1.906
149,208,basic,202.766,173.428,233.899,199.166,1.226,1.29
149,209,basic,153.675,54.217,135.168,47.604,0.776,0.782
149,210,basic,192.793,82.424,191.013,81.966,1.379,1.361
149,211,basic,74.905,45.782,81.225,49.539,1.116,1.127
149,212,gifted,206.031,188.777,0.0,0.0,,
149,215,basic,113.397,72.366,114.747,72.517,0.866,0.896
149,218,basic,154.182,95.879,163.717,101.883,0.755,0.752
149,220,basic,90.492,72.57,92.864,73.853,1.404,1.438
149,221,basic,165.153,122.109,170.349,123.176,0.976,1.047
149,222,basic,145.792,84.544,152.31,86.302,1.807,1.901
149,225,basic,79.762,39.168,80.66,39.582,1.228,1.231
149,226,basic,265.613,185.382,272.672,191.717,1.281,1.264
149,229,basic,253.324,209.292,259.881,212.365,1.119,1.159
149,230,basic,101.707,67.185,73.514,48.554,0.989,0.986
149,233,basic,271.924,171.647,277.774,175.256,0.816,0.818
149,234,basic,77.308,62.603,88.965,70.393,1.159,1.254
149,235,basic,82.446,55.144,83.52,55.337,1.121,1.152
149,236,basic,58.299,51.832,59.242,52.649,1.084,1.085
149,239,basic,279.217,154.694,281.18,155.715,1.704,1.706
149,241,basic,384.735,124.489,375.187,120.743,1.855,1.877
149,242,basic,156.212,107.481,162.151,111.664,1.222,1.219
149,243,basic,214.622,112.455,231.442,121.37,0.97,0.967
149,244,basic,38.142,35.237,38.406,35.899,1.128,1.058
149,245,basic,320.799,285.276,324.875,288.957,1.246,1.25
149,246,basic,226.49,116.473,240.809,123.847,1.098,1.097
149,247,basic,371.574,120.424,362.112,118.22,1.561,1.53
149,248,basic,146.67,91.996,148.768,93.57,0.887,0.875
149,249,basic,26.765,21.175,27.122,21.419,0.896,0.901
149,250,basic,88.414,64.207,93.424,67.793,0.961,0.965
149,251,basic,131.844,66.187,136.842,68.379,1.336,1.355
149,252,basic,235.151,167.988,241.475,171.885,1.393,1.407
149,255,basic,88.517,57.752,90.229,59.068,0.838,0.825
149,257,basic,117.533,103.169,114.619,100.629,1.071,1.072
149,259,basic,164.035,115.714,168.463,119.466,1.279,1.256
149,261,basic,174.245,158.123,179.238,162.773,1.084,1.077
149,262,basic,187.323,146.224,143.831,111.451,1.052,1.081
149,264,basic,80.18,39.612,81.657,40.347,0.908,0.908
149,266,basic,107.824,91.43,104.768,89.281,0.892,0.87
149,267,basic,115.094,106.055,117.305,108.085,1.036,1.036
149,268,basic,111.545,105.968,111.462,105.889,1.071,1.066
149,269,basic,102.704,95.895,93.648,87.433,1.058,1.027
149,270,basic,151.041,97.828,152.834,98.855,1.453,1.458
149,272,basic,40.455,37.907,39.961,37.647,1.026,0.978
149,275,basic,88.391,82.575,89.294,83.366,1.183,1.186
149,276,basic,143.432,72.583,89.911,45.445,1.126,1.129
149,277,basic,126.204,80.182,50.754,31.863,1.002,1.049
149,279,basic,103.594,45.277,75.853,32.839,0.998,1.034
149,281,basic,66.604,44.001,70.644,46.657,0.811,0.812
149,282,basic,72.674,53.768,72.773,54.549,0.825,0.774
149,286,basic,183.624,117.553,189.618,118.171,1.859,1.97
149,287,basic,0.0,0.0,445.217,194.415,,0.941
149,287,gifted,190.0,174.089,0.0,0.0,,
149,288,basic,195.821,165.682,198.989,171.647,1.411,1.347
149,289,basic,154.38,129.451,183.7,152.871,1.346,1.398
149,291,basic,378.636,263.125,391.652,265.449,2.254,2.363
149,292,basic,563.825,321.817,618.143,353.776,1.493,1.541
149,930,basic,399.052,337.148,401.48,338.068,2.272,2.286
149,935,basic,438.491,298.534,458.13,318.877,1.784,1.702
149,939,basic,217.871,108.549,225.427,111.593,1.671,1.701
149,949,basic,375.627,300.284,487.339,389.738,1.536,1.597
149,955,basic,43.075,40.921,48.384,45.964,2.842,2.672
149,971,basic,0.0,0.0,567.258,249.463,,1.112
149,971,gifted,516.582,473.323,0.0,0.0,,
149,972,basic,263.889,191.042,266.732,192.047,1.813,1.832
149,974,basic,86.159,75.318,89.673,79.259,1.207,1.163
149,977,basic,234.186,169.35,196.18,138.473,1.297,1.406
150,103,basic,267.28,241.6,268.084,242.221,1.63,1.632
150,104,basic,127.006,53.063,138.662,59.606,2.484,2.33
150,105,basic,451.565,226.669,317.044,155.753,2.31,2.452
150,105,gifted,180.591,165.948,0.0,0.0,,
150,106,basic,453.329,284.981,336.388,214.053,1.775,1.682
150,106,gifted,115.534,106.166,0.0,0.0,,
150,107,basic,525.549,278.309,525.79,278.427,2.499,2.499
150,109,basic,154.24,106.6,156.833,108.634,2.16,2.147
150,110,basic,393.319,207.631,402.508,212.335,2.115,2.119
150,113,basic,373.326,237.246,252.747,159.471,2.401,2.435
150,113,gifted,132.299,121.572,0.0,0.0,,
150,115,basic,150.461,91.71,172.46,105.03,1.75,1.756
150,117,basic,261.342,164.812,223.702,143.511,2.364,2.251
150,117,gifted,90.204,82.89,0.0,0.0,,
150,118,basic,262.03,143.835,331.279,181.251,2.157,2.18
150,130,basic,661.882,392.049,678.337,401.413,1.724,1.73
150,201,basic,75.677,49.3,82.614,54.163,1.096,1.063
150,202,basic,165.014,86.666,167.618,87.352,1.654,1.703
150,203,basic,260.963,179.081,261.053,179.033,1.316,1.319
150,204,basic,183.051,128.385,111.922,70.882,1.502,2.205
150,208,basic,200.176,160.305,232.179,186.667,1.307,1.375
150,209,basic,142.782,47.484,126.176,41.925,0.782,0.787
150,210,basic,194.371,78.5,192.567,77.953,1.428,1.411
150,211,basic,81.339,50.657,88.767,55.192,1.13,1.143
150,212,gifted,205.895,189.201,0.0,0.0,,
150,215,basic,120.213,67.614,121.378,67.869,0.905,0.932
150,218,basic,159.788,95.588,169.708,101.575,0.763,0.76
150,220,basic,91.218,73.734,93.588,75.2,1.451,1.489
150,221,basic,165.023,103.901,169.92,105.254,1.042,1.126
150,222,basic,150.223,87.206,157.644,89.88,2.257,2.388
150,225,basic,85.116,42.16,86.009,42.591,1.244,1.246
150,226,basic,254.467,153.373,261.507,158.467,1.322,1.299
150,229,basic,250.817,201.469,257.902,204.814,1.161,1.231
150,230,basic,101.124,67.531,73.78,49.182,1.061,1.07
150,233,basic,280.031,167.602,286.056,171.159,0.824,0.826
150,234,basic,76.364,60.924,89.046,69.766,1.27,1.391
150,235,basic,82.803,50.246,84.068,50.54,1.237,1.29
150,236,basic,52.744,45.3,53.661,46.072,1.089,1.091
150,239,basic,266.624,156.843,268.553,157.949,1.721,1.722
150,241,basic,383.573,128.168,374.927,123.998,1.955,2.024
150,242,basic,159.725,108.755,165.414,112.691,1.225,1.222
150,243,basic,216.608,110.884,233.899,119.812,1.001,0.998
150,244,basic,37.992,35.604,38.427,36.215,1.104,1.036
150,245,basic,317.935,264.195,321.887,267.476,1.244,1.246
150,246,basic,243.866,124.374,260.12,132.439,1.186,1.195
150,247,basic,368.072,120.839,358.159,118.056,1.628,1.601
150,248,basic,142.845,89.633,144.717,90.961,0.892,0.881
150,249,basic,29.11,21.597,29.449,21.84,0.881,0.882
150,250,basic,84.069,61.83,89.012,65.436,0.963,0.967
150,251,basic,136.066,61.686,141.09,63.76,1.43,1.451
150,252,basic,242.172,162.991,248.563,166.911,1.506,1.521
150,255,basic,90.011,58.81,91.912,60.205,0.84,0.824
150,257,basic,119.632,99.123,117.088,97.003,1.078,1.08
150,259,basic,155.361,114.445,159.778,118.021,1.321,1.301
150,261,basic,178.531,161.981,183.894,166.854,1.081,1.078
150,262,basic,181.705,135.55,140.616,104.299,1.083,1.12
150,264,basic,81.885,34.434,83.38,35.064,0.948,0.948
150,266,basic,107.392,80.916,104.178,78.73,0.94,0.918
150,267,basic,122.585,104.679,124.944,106.686,1.029,1.029
150,268,basic,105.806,100.515,105.782,100.493,1.053,1.049
150,269,basic,103.81,97.599,94.942,89.286,1.027,0.993
150,270,basic,162.444,112.19,164.256,113.34,1.516,1.521
150,272,basic,42.487,40.123,42.128,39.865,1.055,1.003
150,275,basic,91.854,86.178,92.746,86.972,1.145,1.149
150,276,basic,151.093,69.836,94.758,43.749,1.119,1.124
150,277,basic,124.929,80.513,50.165,32.078,0.999,1.049
150,279,basic,109.588,46.443,80.113,33.755,0.998,1.034
150,281,basic,73.749,48.798,79.452,52.454,0.83,0.844
150,282,basic,78.651,58.995,79.023,59.74,0.865,0.815
150,286,basic,179.875,104.89,185.772,106.305,2.093,2.22
150,287,basic,0.0,0.0,450.816,192.346,,0.959
150,287,gifted,190.0,174.594,0.0,0.0,,
150,288,basic,191.221,163.583,194.594,169.058,1.445,1.368
150,289,basic,157.871,142.418,188.476,169.149,1.423,1.492
150,291,basic,371.331,258.048,384.03,262.05,2.313,2.429
150,292,basic,563.038,327.463,616.664,360.952,1.497,1.552
150,930,basic,399.15,366.891,401.565,368.36,2.391,2.406
150,935,basic,438.991,309.6,458.897,328.217,1.956,1.885
150,939,basic,221.998,106.637,229.507,109.78,1.796,1.829
150,949,basic,380.884,325.207,494.166,424.604,1.642,1.698
150,955,basic,47.167,44.809,54.265,51.552,2.834,2.633
150,971,basic,0.0,0.0,569.196,246.341,,1.14
150,971,gifted,517.053,475.128,0.0,0.0,,
150,972,basic,262.465,195.942,265.367,197.248,1.887,1.909
150,974,basic,88.126,80.401,91.335,83.999,1.304,1.244
150,977,basic,236.234,178.558,196.482,146.412,1.32,1.419
151,103,basic,268.646,240.021,269.574,240.662,1.66,1.663
151,104,basic,122.775,47.909,136.885,54.558,2.353,2.257
151,105,basic,464.223,213.186,318.711,142.772,2.329,2.469
151,105,gifted,182.828,167.882,0.0,0.0,,
151,106,basic,451.396,273.119,335.048,205.368,1.759,1.674
151,106,gifted,115.84,106.37,0.0,0.0,,
151,107,basic,524.143,251.076,524.574,251.241,2.524,2.525
151,109,basic,145.91,98.113,148.286,100.026,2.074,2.058
151,110,basic,379.991,198.653,388.828,203.059,2.1,2.106
151,113,basic,380.046,232.999,254.622,155.438,2.307,2.323
151,113,gifted,132.05,121.255,0.0,0.0,,
151,115,basic,142.032,81.106,162.582,92.757,1.717,1.722
151,117,basic,263.38,163.313,228.012,143.348,2.296,2.218
151,117,gifted,90.249,82.871,0.0,0.0,,
151,118,basic,261.429,134.852,327.876,168.733,2.085,2.099
151,130,basic,681.031,391.196,698.225,400.418,1.769,1.777
151,201,basic,73.249,48.559,79.524,53.095,1.034,1.004
151,202,basic,168.133,86.179,170.724,86.743,1.639,1.685
151,203,basic,263.668,182.192,263.758,182.119,1.328,1.332
151,204,basic,186.535,132.01,112.904,71.487,1.434,2.084
151,208,basic,206.056,173.234,238.406,199.79,1.263,1.331
151,209,basic,145.147,47.194,127.944,41.527,0.771,0.78
151,210,basic,192.245,78.89,190.358,78.299,1.4,1.384
151,211,basic,72.992,45.179,79.389,49.051,1.123,1.135
151,212,gifted,205.961,189.123,0.0,0.0,,
151,215,basic,116.943,67.503,118.263,67.705,0.895,0.927
151,218,basic,156.218,94.452,165.815,100.298,0.763,0.761
151,220,basic,84.375,70.823,86.47,72.154,1.363,1.396
151,221,basic,166.812,115.096,171.464,116.435,0.975,1.043
151,222,basic,145.092,83.481,152.514,85.955,2.151,2.277
151,225,basic,89.87,43.783,90.848,44.242,1.244,1.246
151,226,basic,259.756,169.378,266.81,174.95,1.304,1.286
151,229,basic,246.729,205.208,253.558,208.314,1.141,1.204
151,230,basic,106.546,70.868,76.167,50.708,1.058,1.049
151,233,basic,281.605,171.028,287.544,174.595,0.834,0.835
151,234,basic,74.311,60.895,85.815,69.023,1.189,1.294
151,235,basic,89.813,55.929,91.188,56.169,1.257,1.308
151,236,basic,50.519,45.083,51.396,45.844,1.122,1.125
151,239,basic,277.037,159.758,279.038,160.88,1.715,1.716
151,241,basic,385.36,124.396,376.356,120.403,1.894,1.945
151,242,basic,160.108,109.693,165.915,113.758,1.219,1.216
151,243,basic,216.424,111.35,233.395,120.162,0.972,0.969
151,244,basic,37.061,34.641,37.407,35.204,1.133,1.061
151,245,basic,319.237,283.347,323.45,287.014,1.221,1.225
151,246,basic,224.115,112.548,240.186,120.396,1.171,1.18
151,247,basic,366.596,116.502,357.923,114.313,1.586,1.558
151,248,basic,148.186,91.821,150.302,93.325,0.899,0.888
151,249,basic,32.263,24.627,32.699,24.941,0.865,0.868
151,250,basic,87.814,64.861,92.686,68.425,0.976,0.979
151,251,basic,135.206,64.09,140.239,66.244,1.382,1.401
151,252,basic,252.797,180.648,259.293,184.804,1.469,1.484
151,255,basic,89.754,58.077,91.516,59.362,0.876,0.863
151,257,basic,125.553,110.736,122.562,108.091,1.079,1.08
151,259,basic,168.128,122.776,173.722,127.281,1.347,1.327
151,261,basic,169.979,156.047,175.141,160.729,1.09,1.088
151,262,basic,184.904,142.712,142.582,109.357,1.069,1.103
151,264,basic,76.783,33.677,78.197,34.299,0.934,0.934
151,266,basic,107.387,87.28,104.292,85.067,0.905,0.883
151,267,basic,114.894,102.662,117.159,104.676,1.023,1.024
151,268,basic,109.372,103.903,109.535,104.058,1.074,1.073
151,269,basic,103.921,97.869,94.98,89.461,1.034,0.999
151,270,basic,158.348,108.081,160.151,109.199,1.497,1.502
151,272,basic,43.083,40.582,42.61,40.254,1.077,1.019
151,275,basic,92.728,87.607,93.685,88.473,1.178,1.182
151,276,basic,157.7,74.841,97.878,46.399,1.138,1.142
151,277,basic,130.452,84.101,51.971,33.224,1.007,1.053
151,279,basic,101.856,42.747,74.6,31.077,1.001,1.039
151,281,basic,67.064,44.397,71.639,47.384,0.796,0.801
151,282,basic,76.55,57.535,77.277,58.639,0.861,0.809
151,286,basic,176.914,111.404,182.528,112.746,1.908,2.016
151,287,basic,0.0,0.0,453.841,192.073,,0.952
151,287,gifted,190.0,174.467,0.0,0.0,,
151,288,basic,200.571,175.754,204.026,181.888,1.441,1.367
151,289,basic,155.165,135.669,185.038,160.711,1.363,1.421
151,291,basic,375.818,269.162,389.11,271.945,2.339,2.471
151,292,basic,562.207,320.416,617.003,351.666,1.494,1.55
151,930,basic,399.395,361.267,401.816,362.524,2.402,2.418
151,935,basic,437.262,311.855,456.902,331.182,1.834,1.755
151,939,basic,216.829,103.848,224.134,106.853,1.719,1.748
151,949,basic,377.68,317.974,487.908,410.166,1.528,1.592
151,955,basic,44.302,42.087,50.895,48.35,2.719,2.531
151,971,basic,0.0,0.0,558.512,238.747,,1.13
151,971,gifted,515.692,473.533,0.0,0.0,,
151,972,basic,262.839,196.817,265.899,198.101,1.898,1.921
151,974,basic,84.127,76.664,87.331,80.237,1.219,1.167
151,977,basic,237.663,179.169,196.674,145.75,1.298,1.401
152,103,basic,264.641,235.401,265.466,236.02,1.63,1.632
152,104,basic,133.16,49.409,144.132,55.43,2.413,2.266
152,105,basic,462.516,204.773,318.111,136.527,2.257,2.368
152,105,gifted,182.225,167.238,0.0,0.0,,
152,106,basic,461.985,279.119,342.597,211.274,1.77,1.687
152,106,gifted,117.142,107.508,0.0,0.0,,
152,107,basic,506.635,235.319,507.038,235.463,2.411,2.412
152,109,basic,142.99,95.227,145.344,97.218,2.048,2.033
152,110,basic,394.447,197.62,403.901,202.044,2.075,2.08
152,113,basic,383.552,224.981,257.732,150.251,2.32,2.348
152,113,gifted,132.96,122.025,0.0,0.0,,
152,115,basic,148.939,86.37,170.382,98.7,1.727,1.73
152,117,basic,240.183,142.153,205.571,124.56,2.283,2.199
152,117,gifted,88.728,81.431,0.0,0.0,,
152,118,basic,261.288,130.274,327.306,162.807,2.119,2.128
152,130,basic,660.741,387.545,677.509,396.441,1.675,1.683
152,201,basic,80.098,56.002,87.237,61.392,0.945,0.933
152,202,basic,168.131,86.342,170.587,86.634,1.484,1.519
152,203,basic,257.073,180.995,257.202,180.911,1.266,1.269
152,204,basic,179.841,129.014,110.424,66.341,1.348,1.977
152,208,basic,204.682,175.311,237.033,201.123,1.205,1.275
152,209,basic,145.384,49.637,128.239,43.657,0.778,0.785
152,210,basic,192.005,77.392,190.259,76.97,1.345,1.331
152,211,basic,74.746,48.025,81.694,52.264,1.095,1.112
152,212,gifted,206.114,189.162,0.0,0.0,,
152,215,basic,114.013,70.956,115.215,71.132,0.829,0.851
152,218,basic,160.953,104.156,170.948,110.697,0.753,0.752
152,220,basic,93.326,73.855,95.746,75.107,1.398,1.427
152,221,basic,164.422,117.682,169.31,118.613,0.912,0.968
152,222,basic,145.472,87.655,151.771,89.249,1.726,1.801
152,225,basic,88.799,43.877,89.773,44.322,1.199,1.202
152,226,basic,260.216,169.373,267.442,175.015,1.221,1.214
152,229,basic,251.027,213.998,258.338,216.044,1.136,1.192
152,230,basic,114.387,80.91,82.545,58.39,0.966,0.962
152,233,basic,281.609,181.938,287.676,185.752,0.813,0.815
152,234,basic,77.881,64.86,90.47,73.076,1.163,1.269
152,235,basic,80.929,52.733,82.033,52.879,1.115,1.144
152,236,basic,51.362,44.773,52.094,45.394,1.044,1.045
152,239,basic,263.338,148.904,265.231,149.893,1.644,1.646
152,241,basic,381.548,115.805,373.226,111.466,1.825,1.881
152,242,basic,157.857,110.64,163.418,114.673,1.218,1.215
152,243,basic,218.846,116.489,236.158,125.789,0.974,0.973
152,244,basic,37.256,34.355,37.562,35.107,1.136,1.064
152,245,basic,323.391,280.829,327.906,284.413,1.234,1.242
152,246,basic,224.576,116.609,239.868,124.241,1.103,1.109
152,247,basic,371.076,114.099,361.776,112.056,1.525,1.501
152,248,basic,143.895,95.447,146.003,97.182,0.873,0.861
152,249,basic,33.282,27.166,33.761,27.514,0.849,0.853
152,250,basic,79.828,62.348,84.495,65.925,0.953,0.956
152,251,basic,141.004,65.132,146.454,67.238,1.346,1.367
152,252,basic,243.944,173.245,250.489,177.058,1.36,1.375
152,255,basic,88.84,61.549,90.331,62.879,0.839,0.825
152,257,basic,124.628,110.445,121.608,107.77,1.067,1.068
152,259,basic,180.49,135.687,186.099,140.498,1.256,1.24
152,261,basic,177.036,160.776,182.373,165.644,1.071,1.067
152,262,basic,186.246,149.098,142.759,113.278,1.046,1.074
152,264,basic,79.465,35.764,80.954,36.435,0.929,0.929
152,266,basic,110.031,93.174,107.07,91.171,0.888,0.867
152,267,basic,121.183,111.239,123.496,113.356,1.038,1.038
152,268,basic,109.406,103.935,109.157,103.699,1.07,1.067
152,269,basic,107.18,99.56,97.917,90.907,1.094,1.064
152,270,basic,150.58,105.255,152.317,106.336,1.36,1.364
152,272,basic,43.82,41.089,43.393,40.904,1.056,1.008
152,275,basic,101.111,94.058,102.142,94.947,1.19,1.192
152,276,basic,144.754,70.092,91.008,43.983,1.089,1.095
152,277,basic,131.794,88.559,52.719,34.863,1.001,1.05
152,279,basic,103.649,44.863,77.172,32.991,0.985,1.023
152,281,basic,72.115,51.281,77.296,54.832,0.793,0.8
152,282,basic,69.741,56.216,69.621,57.047,0.831,0.78
152,286,basic,183.267,110.221,189.162,110.615,1.802,1.895
152,287,basic,0.0,0.0,455.442,198.902,,0.948
152,287,gifted,190.0,174.373,0.0,0.0,,
152,288,basic,194.745,164.566,197.833,170.949,1.405,1.336
152,289,basic,160.14,142.454,190.372,167.941,1.35,1.401
152,291,basic,382.644,247.706,396.832,248.776,2.366,2.495
152,292,basic,565.292,324.38,619.982,355.447,1.458,1.511
152,930,basic,399.119,345.413,401.545,346.396,2.289,2.302
152,935,basic,437.084,303.569,456.43,325.55,1.725,1.639
152,939,basic,219.83,102.859,227.553,105.515,1.646,1.679
152,949,basic,380.382,318.004,490.272,409.649,1.507,1.563
152,955,basic,45.895,43.6,52.269,49.656,2.786,2.59
152,971,basic,0.0,0.0,562.382,245.166,,1.106
152,971,gifted,516.22,473.763,0.0,0.0,,
152,972,basic,257.892,189.549,260.557,190.45,1.786,1.802
152,974,basic,88.994,80.1,93.079,84.558,1.179,1.147
152,977,basic,241.419,184.696,199.312,147.998,1.299,1.408
153,103,basic,260.992,244.331,261.847,244.989,1.678,1.681
153,104,basic,137.277,51.856,152.756,59.195,2.529,2.39
153,105,basic,453.021,212.697,311.241,143.113,2.32,2.458
153,105,gifted,181.884,167.314,0.0,0.0,,
153,106,basic,452.503,279.722,338.188,211.088,1.793,1.716
153,106,gifted,115.194,105.966,0.0,0.0,,
153,107,basic,501.509,249.71,501.932,249.886,2.555,2.556
153,109,basic,149.375,106.492,152.002,108.631,2.119,2.105
153,110,basic,397.264,206.484,406.289,211.017,2.154,2.159
153,113,basic,373.469,241.182,249.994,160.415,2.352,2.383
153,113,gifted,131.347,120.825,0.0,0.0,,
153,115,basic,142.691,83.628,163.668,95.829,1.715,1.721
153,117,basic,257.89,167.745,222.97,146.99,2.324,2.234
153,117,gifted,89.437,82.273,0.0,0.0,,
153,118,basic,268.805,141.479,335.743,176.479,2.126,2.136
153,130,basic,663.414,387.93,680.227,397.257,1.735,1.742
153,201,basic,79.241,51.026,86.205,55.821,1.071,1.042
153,202,basic,168.498,83.825,171.018,84.452,1.671,1.718
153,203,basic,256.772,177.172,256.87,177.129,1.316,1.32
153,204,basic,183.954,131.291,111.765,72.373,1.472,2.15
153,208,basic,205.749,175.246,238.624,203.617,1.301,1.378
153,209,basic,147.064,40.653,129.044,35.639,0.773,0.779
153,210,basic,192.245,71.064,190.371,70.523,1.422,1.406
153,211,basic,72.821,43.802,79.207,47.583,1.124,1.134
153,212,gifted,205.912,189.417,0.0,0.0,,
153,215,basic,119.623,64.575,120.917,64.79,0.931,0.966
153,218,basic,158.982,90.558,168.598,96.073,0.768,0.765
153,220,basic,87.471,73.723,89.659,75.193,1.493,1.529
153,221,basic,167.787,108.404,172.798,109.773,1.085,1.175
153,222,basic,142.524,83.269,149.238,85.899,2.224,2.337
153,225,basic,83.227,38.133,84.143,38.537,1.239,1.241
153,226,basic,258.417,160.255,265.572,165.674,1.369,1.343
153,229,basic,255.016,213.998,262.314,217.786,1.167,1.233
153,230,basic,113.87,74.045,82.371,53.484,1.087,1.094
153,233,basic,284.113,163.015,290.196,166.451,0.838,0.84
153,234,basic,79.322,66.407,91.481,75.382,1.194,1.301
153,235,basic,86.597,52.545,87.858,52.836,1.229,1.28
153,236,basic,53.8,48.753,54.695,49.543,1.092,1.095
153,239,basic,271.552,155.976,273.467,157.041,1.706,1.708
153,241,basic,383.257,111.435,374.501,108.045,1.942,1.996
153,242,basic,167.184,113.262,173.605,117.678,1.244,1.24
153,243,basic,214.575,102.028,231.535,110.154,0.992,0.989
153,244,basic,38.615,36.299,38.835,36.687,1.202,1.097
153,245,basic,319.881,286.884,324.189,290.683,1.254,1.259
153,246,basic,234.175,109.616,251.476,117.396,1.242,1.259
153,247,basic,373.132,104.744,363.782,102.537,1.627,1.599
153,248,basic,145.341,87.0,147.432,88.42,0.883,0.871
153,249,basic,30.538,22.857,30.949,23.143,0.913,0.918
153,250,basic,84.319,61.861,88.832,65.143,0.965,0.968
153,251,basic,136.266,59.197,141.294,61.188,1.405,1.426
153,252,basic,244.406,173.039,250.892,177.189,1.466,1.482
153,255,basic,89.69,56.224,91.33,57.398,0.868,0.852
153,257,basic,120.062,106.687,117.508,104.402,1.069,1.071
153,259,basic,166.133,122.857,171.153,126.872,1.36,1.342
153,261,basic,171.862,159.919,177.171,164.83,1.103,1.099
153,262,basic,192.402,147.459,147.992,112.772,1.081,1.119
153,264,basic,77.322,30.062,78.753,30.621,0.92,0.92
153,266,basic,110.426,87.88,107.286,85.653,0.91,0.887
153,267,basic,115.536,104.857,117.805,106.908,1.033,1.034
153,268,basic,111.859,106.266,111.822,106.231,1.084,1.081
153,269,basic,107.497,101.774,98.469,93.242,1.054,1.021
153,270,basic,162.154,112.29,163.999,113.449,1.512,1.518
153,272,basic,42.476,40.234,41.992,39.806,1.075,1.007
153,275,basic,95.149,90.104,96.096,90.98,1.19,1.193
153,276,basic,147.913,63.898,92.504,39.936,1.137,1.14
153,277,basic,126.807,79.295,50.488,31.344,1.0,1.047
153,279,basic,99.504,37.494,72.62,27.198,0.996,1.034
153,281,basic,72.435,46.253,77.693,49.542,0.817,0.825
153,282,basic,73.66,54.791,74.022,55.517,0.876,0.822
153,286,basic,181.077,109.571,186.873,111.113,2.191,2.314
153,287,basic,0.0,0.0,448.247,169.891,,0.95
153,287,gifted,190.0,174.78,0.0,0.0,,
153,288,basic,182.711,162.834,185.42,167.967,1.452,1.365
153,289,basic,156.374,143.841,185.985,170.558,1.395,1.451
153,291,basic,384.304,280.963,397.851,284.42,2.496,2.643
153,292,basic,567.927,317.322,622.813,350.706,1.54,1.59
153,930,basic,399.284,372.555,401.715,374.034,2.447,2.467
153,935,basic,436.785,320.935,456.232,340.78,1.913,1.825
153,939,basic,219.699,100.838,227.233,103.86,1.766,1.799
153,949,basic,377.319,331.261,488.732,431.348,1.612,1.67
153,955,basic,45.988,43.688,52.6,49.97,2.786,2.589
153,971,basic,0.0,0.0,560.332,216.948,,1.147
153,971,gifted,516.282,474.925,0.0,0.0,,
153,972,basic,265.688,207.979,268.705,209.329,1.903,1.928
153,974,basic,85.699,79.426,89.397,83.424,1.252,1.199
153,977,basic,234.223,179.731,194.721,147.315,1.302,1.403
154,103,basic,275.602,239.269,276.475,239.887,1.631,1.633
154,104,basic,145.655,57.051,163.045,65.473,2.395,2.293
154,105,basic,454.659,211.956,314.902,142.88,2.281,2.408
154,105,gifted,180.728,165.608,0.0,0.0,,
154,106,basic,451.33,271.615,337.821,206.492,1.738,1.654
154,106,gifted,115.492,105.83,0.0,0.0,,
154,107,basic,495.048,239.738,495.417,239.885,2.494,2.495
154,109,basic,149.958,97.413,152.287,99.231,2.103,2.089
154,110,basic,409.922,201.972,419.393,206.446,2.144,2.148
154,113,basic,398.266,237.151,266.207,157.41,2.326,2.353
154,113,gifted,138.327,126.754,0.0,0.0,,
154,115,basic,143.759,84.096,164.393,96.084,1.712,1.716
154,117,basic,256.175,150.024,219.698,131.445,2.325,2.224
154,117,gifted,89.439,81.956,0.0,0.0,,
154,118,basic,267.72,137.811,336.906,172.92,2.123,2.138
154,130,basic,644.139,368.615,660.272,377.39,1.657,1.663
154,201,basic,74.44,51.806,81.437,56.955,1.001,0.987
154,202,basic,173.284,92.381,175.838,92.838,1.632,1.675
154,203,basic,261.384,186.382,261.47,186.283,1.296,1.299
154,204,basic,173.616,126.999,108.534,69.143,1.385,2.06
154,208,basic,208.432,171.752,241.116,197.637,1.209,1.271
154,209,basic,146.157,52.367,128.192,45.856,0.786,0.792
154,210,basic,192.89,81.433,191.055,80.897,1.378,1.362
154,211,basic,80.232,52.735,87.424,57.302,1.099,1.114
154,212,gifted,205.659,188.453,0.0,0.0,,
154,215,basic,120.671,70.226,122.267,70.297,0.989,1.031
154,218,basic,153.998,98.943,163.527,105.132,0.763,0.76
154,220,basic,92.414,74.495,94.767,75.899,1.445,1.476
154,221,basic,162.741,109.589,167.485,110.711,0.965,1.03
154,222,basic,150.316,87.699,157.444,89.889,2.081,2.189
154,225,basic,79.04,41.287,79.948,41.738,1.181,1.184
154,226,basic,261.178,162.198,268.332,167.878,1.326,1.308
154,229,basic,246.903,207.897,254.293,210.882,1.14,1.203
154,230,basic,109.462,77.893,79.809,56.747,0.994,0.995
154,233,basic,284.838,181.593,291.015,185.429,0.842,0.845
154,234,basic,77.094,64.822,89.782,73.725,1.169,1.28
154,235,basic,86.852,55.194,88.131,55.364,1.189,1.233
154,236,basic,46.806,41.277,47.629,41.974,1.005,1.007
154,239,basic,279.595,167.479,281.535,168.597,1.681,1.683
154,241,basic,383.307,130.449,374.86,125.953,1.872,1.933
154,242,basic,155.483,109.95,161.325,114.196,1.231,1.227
154,243,basic,213.037,116.477,229.906,125.78,0.967,0.964
154,244,basic,36.769,34.041,36.789,34.483,1.135,1.04
154,245,basic,321.981,275.293,326.454,278.83,1.256,1.264
154,246,basic,240.236,128.103,257.803,136.961,1.175,1.19
154,247,basic,366.811,124.833,357.602,122.325,1.557,1.533
154,248,basic,146.769,97.986,148.84,99.629,0.885,0.873
154,249,basic,26.095,20.238,26.445,20.472,0.932,0.939
154,250,basic,84.633,65.913,89.159,69.381,0.96,0.964
154,251,basic,134.454,63.446,139.582,65.542,1.39,1.413
154,252,basic,232.012,162.546,238.367,166.431,1.432,1.448
154,255,basic,85.652,59.444,86.994,60.617,0.851,0.834
154,257,basic,121.091,104.846,117.916,102.133,1.081,1.08
154,259,basic,158.854,121.912,163.299,125.878,1.278,1.256
154,261,basic,164.746,150.129,169.5,154.524,1.052,1.046
154,262,basic,187.675,148.218,143.705,112.753,1.045,1.074
154,264,basic,78.026,35.209,79.459,35.859,0.915,0.915
154,266,basic,111.163,89.723,108.065,87.622,0.898,0.875
154,267,basic,122.769,109.783,125.213,111.955,1.028,1.028
154,268,basic,108.198,102.788,107.94,102.543,1.068,1.064
154,269,basic,106.239,99.189,96.882,90.42,1.116,1.089
154,270,basic,153.185,109.197,154.962,110.342,1.449,1.454
154,272,basic,41.043,38.567,40.485,38.214,1.081,1.016
154,275,basic,88.872,83.028,89.805,83.842,1.172,1.175
154,276,basic,148.591,72.553,92.725,45.255,1.116,1.117
154,277,basic,121.515,82.781,48.601,32.744,1.003,1.052
154,279,basic,98.518,44.443,72.545,32.447,0.986,1.023
154,281,basic,70.169,49.843,75.321,53.389,0.799,0.808
154,282,basic,77.538,61.495,77.878,62.487,0.886,0.834
154,286,basic,180.979,107.406,186.739,108.413,1.911,2.014
154,287,basic,0.0,0.0,448.895,204.845,,0.941
154,287,gifted,190.0,174.104,0.0,0.0,,
154,288,basic,184.687,159.354,187.218,164.703,1.373,1.302
154,289,basic,154.089,136.009,183.917,160.845,1.381,1.444
154,291,basic,377.606,249.782,391.25,251.824,2.311,2.438
154,292,basic,564.864,329.733,618.634,360.97,1.483,1.527
154,930,basic,399.076,354.576,401.51,355.378,2.367,2.388
154,935,basic,437.619,307.104,457.148,327.602,1.811,1.72
154,939,basic,222.886,107.2,230.584,110.172,1.719,1.753
154,949,basic,376.557,319.964,485.777,411.921,1.535,1.592
154,955,basic,45.611,43.331,52.295,49.68,2.744,2.55
154,971,basic,0.0,0.0,557.17,255.504,,1.107
154,971,gifted,515.961,472.794,0.0,0.0,,
154,972,basic,256.289,187.032,259.478,188.132,1.864,1.89
154,974,basic,85.84,78.592,89.939,82.98,1.183,1.147
154,977,basic,233.034,182.837,194.506,149.427,1.293,1.398
155,103,basic,259.098,226.109,259.923,226.698,1.637,1.64
155,104,basic,133.917,51.75,145.23,57.734,2.265,2.151
155,105,basic,469.746,211.39,323.277,141.714,2.296,2.41
155,105,gifted,184.031,168.75,0.0,0.0,,
155,106,basic,454.893,269.351,335.48,202.038,1.758,1.669
155,106,gifted,115.996,106.365,0.0,0.0,,
155,107,basic,506.843,239.383,507.235,239.53,2.453,2.454
155,109,basic,153.241,99.785,156.034,101.965,2.053,2.039
155,110,basic,397.936,193.337,407.17,197.583,2.105,2.111
155,113,basic,391.838,230.475,266.627,155.733,2.325,2.352
155,113,gifted,133.551,122.462,0.0,0.0,,
155,115,basic,139.453,79.959,159.699,91.463,1.725,1.73
155,117,basic,260.754,151.219,224.581,132.917,2.309,2.219
155,117,gifted,89.815,82.358,0.0,0.0,,
155,118,basic,265.437,132.698,331.993,165.746,2.139,2.145
155,130,basic,669.653,373.504,686.419,382.241,1.702,1.709
155,201,basic,80.343,55.246,87.623,60.685,1.009,0.989
155,202,basic,171.408,88.179,174.073,88.521,1.641,1.688
155,203,basic,255.825,180.565,255.899,180.451,1.308,1.312
155,204,basic,185.965,135.633,111.443,70.597,1.363,1.998
155,208,basic,208.224,172.803,240.324,198.13,1.217,1.282
155,209,basic,154.552,52.529,136.475,46.295,0.771,0.778
155,210,basic,193.451,78.19,191.619,77.699,1.389,1.374
155,211,basic,77.337,50.069,84.11,54.317,1.104,1.117
155,212,gifted,205.866,188.772,0.0,0.0,,
155,215,basic,121.925,71.459,123.212,71.64,0.889,0.914
155,218,basic,165.106,104.741,175.594,111.451,0.761,0.759
155,220,basic,86.622,72.103,88.639,73.344,1.29,1.316
155,221,basic,167.836,112.377,172.865,113.432,0.966,1.032
155,222,basic,146.771,83.194,153.896,85.296,2.117,2.22
155,225,basic,85.069,42.758,86.018,43.213,1.211,1.213
155,226,basic,253.866,158.416,260.893,163.773,1.263,1.251
155,229,basic,251.06,212.865,257.864,215.464,1.135,1.192
155,230,basic,113.8,79.067,81.119,56.46,1.06,1.049
155,233,basic,279.518,176.443,285.414,180.117,0.826,0.827
155,234,basic,78.315,65.82,90.493,74.286,1.176,1.279
155,235,basic,84.432,52.787,85.762,52.937,1.195,1.24
155,236,basic,50.158,43.809,51.045,44.554,1.063,1.066
155,239,basic,266.353,156.778,268.229,157.846,1.656,1.657
155,241,basic,382.946,122.822,374.381,118.417,1.856,1.917
155,242,basic,164.768,115.812,170.38,119.865,1.216,1.213
155,243,basic,211.221,112.604,227.89,121.589,0.97,0.967
155,244,basic,36.405,33.859,36.666,34.416,1.115,1.047
155,245,basic,318.862,276.435,323.012,279.87,1.217,1.223
155,246,basic,236.613,121.799,254.105,130.393,1.195,1.206
155,247,basic,367.738,117.909,358.3,115.535,1.547,1.522
155,248,basic,148.01,97.203,150.089,98.829,0.895,0.884
155,249,basic,26.712,20.864,27.028,21.093,0.895,0.898
155,250,basic,83.912,65.433,88.576,69.024,0.951,0.954
155,251,basic,136.514,63.087,141.625,65.158,1.341,1.36
155,252,basic,246.607,173.651,253.067,177.604,1.398,1.413
155,255,basic,88.738,61.076,90.453,62.48,0.846,0.831
155,257,basic,121.145,106.393,118.42,103.978,1.06,1.062
155,259,basic,170.73,128.82,176.578,133.67,1.337,1.322
155,261,basic,176.015,160.302,181.379,165.138,1.078,1.076
155,262,basic,183.711,144.479,141.65,110.613,1.071,1.1
155,264,basic,87.548,38.068,89.133,38.76,0.921,0.921
155,266,basic,107.291,87.153,104.129,84.989,0.901,0.878
155,267,basic,119.493,107.663,121.847,109.774,1.02,1.021
155,268,basic,109.492,104.018,109.586,104.107,1.062,1.059
155,269,basic,106.009,99.177,96.866,90.625,1.066,1.032
155,270,basic,153.044,107.783,154.816,108.889,1.457,1.462
155,272,basic,41.85,39.353,41.477,39.141,1.042,0.993
155,275,basic,102.265,95.86,103.271,96.744,1.15,1.154
155,276,basic,155.904,73.741,97.056,45.869,1.121,1.123
155,277,basic,126.696,85.457,50.83,33.847,1.003,1.056
155,279,basic,105.546,45.806,78.145,33.607,0.986,1.022
155,281,basic,68.336,48.098,73.296,51.477,0.802,0.811
155,282,basic,79.005,62.954,79.291,63.967,0.865,0.814
155,286,basic,179.872,107.616,185.657,108.464,1.816,1.916
155,287,basic,0.0,0.0,456.045,199.422,,0.966
155,287,gifted,190.0,174.224,0.0,0.0,,
155,288,basic,189.043,163.627,192.058,169.377,1.392,1.328
155,289,basic,160.424,143.156,190.493,168.749,1.35,1.403
155,291,basic,377.303,255.018,390.352,257.247,2.223,2.332
155,292,basic,562.267,323.364,617.626,353.759,1.467,1.529
155,930,basic,399.451,356.172,401.876,357.185,2.374,2.391
155,935,basic,437.97,307.912,457.713,328.23,1.785,1.706
155,939,basic,211.4,99.996,218.641,102.798,1.647,1.675
155,949,basic,382.046,324.152,493.285,417.579,1.546,1.606
155,955,basic,46.912,44.567,53.678,50.994,2.775,2.576
155,971,basic,0.0,0.0,557.306,245.018,,1.123
155,971,gifted,515.362,472.57,0.0,0.0,,
155,972,basic,262.31,192.143,265.479,193.275,1.851,1.873
155,974,basic,87.379,79.696,91.026,83.738,1.219,1.176
155,977,basic,242.317,188.612,199.897,152.274,1.316,1.417
156,103,basic,265.29,221.943,266.275,222.52,1.652,1.656
156,104,basic,125.094,45.963,136.286,51.112,2.125,2.047
156,105,basic,451.233,188.866,316.964,128.92,2.244,2.363
156,105,gifted,180.511,165.632,0.0,0.0,,
156,106,basic,461.646,254.09,340.855,190.899,1.777,1.69
156,106,gifted,115.76,106.218,0.0,0.0,,
156,107,basic,534.589,227.121,534.979,227.239,2.534,2.535
156,109,basic,142.419,87.636,144.804,89.31,2.007,1.998
156,110,basic,391.095,177.54,400.42,181.514,2.107,2.113
156,113,basic,402.359,221.931,273.152,150.551,2.292,2.294
156,113,gifted,137.445,126.117,0.0,0.0,,
156,115,basic,152.954,81.367,174.729,92.907,1.725,1.727
156,117,basic,251.076,136.197,215.817,119.456,2.293,2.209
156,117,gifted,88.994,81.659,0.0,0.0,,
156,118,basic,270.842,126.945,341.803,159.309,2.067,2.09
156,130,basic,663.787,348.75,680.471,356.895,1.667,1.674
156,201,basic,82.603,59.026,90.653,65.023,1.004,0.998
156,202,basic,169.024,89.948,171.63,90.321,1.587,1.629
156,203,basic,265.227,193.908,265.324,193.767,1.31,1.314
156,204,basic,172.513,129.534,106.737,68.788,1.376,2.024
156,208,basic,203.781,173.887,235.432,198.199,1.165,1.226
156,209,basic,146.091,50.617,129.132,44.669,0.771,0.776
156,210,basic,193.151,80.551,191.42,80.096,1.367,1.352
156,211,basic,71.575,48.039,77.209,51.713,1.091,1.101
156,212,gifted,205.729,188.772,0.0,0.0,,
156,215,basic,118.967,72.043,120.217,72.238,0.894,0.917
156,218,basic,149.827,98.931,159.139,105.153,0.752,0.75
156,220,basic,90.199,73.541,92.422,74.884,1.434,1.462
156,221,basic,163.97,116.384,168.801,117.442,0.94,1.001
156,222,basic,147.232,88.875,154.481,90.835,1.951,2.058
156,225,basic,79.603,41.212,80.509,41.661,1.192,1.194
156,226,basic,265.553,173.225,272.595,178.857,1.266,1.255
156,229,basic,251.822,221.555,258.935,224.337,1.143,1.199
156,230,basic,115.508,83.426,83.693,60.316,1.046,1.05
156,233,basic,280.287,183.269,286.285,187.115,0.836,0.838
156,234,basic,74.803,64.371,86.167,72.59,1.163,1.257
156,235,basic,85.166,55.462,86.495,55.604,1.18,1.222
156,236,basic,47.449,42.224,48.267,42.927,1.045,1.048
156,239,basic,270.473,162.003,272.398,163.113,1.684,1.686
156,241,basic,385.246,124.744,376.466,120.562,1.846,1.891
156,242,basic,154.663,111.808,159.916,115.703,1.236,1.233
156,243,basic,220.78,121.172,238.242,130.852,0.984,0.981
156,244,basic,35.348,32.807,35.46,33.249,1.123,1.045
156,245,basic,319.208,282.182,323.489,285.747,1.254,1.262
156,246,basic,244.79,129.923,262.104,138.39,1.173,1.191
156,247,basic,369.805,119.0,359.964,116.558,1.572,1.546
156,248,basic,148.561,101.138,150.898,103.03,0.88,0.869
156,249,basic,30.212,24.728,30.636,25.048,0.87,0.873
156,250,basic,88.927,72.056,93.514,75.728,0.958,0.961
156,251,basic,128.099,61.22,132.906,63.208,1.337,1.357
156,252,basic,241.956,179.39,248.293,183.44,1.376,1.39
156,255,basic,88.068,63.306,89.655,64.71,0.816,0.801
156,257,basic,129.175,116.819,126.132,114.068,1.1,1.102
156,259,basic,159.802,126.937,163.648,130.719,1.258,1.233
156,261,basic,179.73,165.466,184.935,170.259,1.072,1.067
156,262,basic,188.195,154.592,144.341,117.583,1.057,1.089
156,264,basic,81.01,36.346,82.491,37.015,0.929,0.929
156,266,basic,105.119,90.489,102.243,88.418,0.875,0.855
156,267,basic,119.501,110.831,121.868,113.019,1.019,1.02
156,268,basic,108.205,102.795,107.804,102.413,1.077,1.073
156,269,basic,105.259,98.763,96.212,90.267,1.042,1.01
156,270,basic,152.435,111.575,154.238,112.727,1.425,1.43
156,272,basic,42.048,39.602,41.625,39.329,1.031,0.982
156,275,basic,94.927,89.412,95.874,90.261,1.186,1.189
156,276,basic,151.657,74.34,95.078,46.56,1.113,1.116
156,277,basic,129.145,90.043,52.027,35.778,1.019,1.071
156,279,basic,108.122,47.895,79.969,35.054,1.007,1.046
156,281,basic,70.847,51.487,76.397,55.331,0.819,0.831
156,282,basic,78.297,64.235,77.958,64.865,0.907,0.852
156,286,basic,182.124,114.035,187.828,114.811,1.786,1.88
156,287,basic,0.0,0.0,462.296,208.259,,0.955
156,287,gifted,190.0,174.34,0.0,0.0,,
156,288,basic,192.18,169.26,195.212,174.843,1.35,1.294
156,289,basic,154.796,132.943,184.231,156.2,1.354,1.419
156,291,basic,371.879,256.129,385.476,257.498,2.155,2.279
156,292,basic,565.603,322.053,621.51,348.89,1.466,1.531
156,930,basic,399.517,355.042,401.938,356.041,2.368,2.385
156,935,basic,437.951,310.295,457.682,330.852,1.702,1.616
156,939,basic,218.105,102.942,225.576,105.673,1.621,1.651
156,949,basic,381.709,317.401,492.853,407.098,1.547,1.597
156,955,basic,48.344,45.927,54.59,51.861,2.83,2.629
156,971,basic,0.0,0.0,556.489,251.644,,1.108
156,971,gifted,515.229,472.762,0.0,0.0,,
156,972,basic,259.638,190.208,262.713,191.293,1.835,1.857
156,974,basic,87.68,80.276,91.437,84.505,1.207,1.161
156,977,basic,244.32,196.511,201.722,158.386,1.316,1.424
157,103,basic,265.327,213.295,266.085,213.84,1.656,1.658
157,104,basic,145.645,59.636,156.383,66.255,2.609,2.409
157,105,basic,449.492,217.04,309.623,146.66,2.287,2.419
157,105,gifted,182.167,166.926,0.0,0.0,,
157,106,basic,465.258,272.849,346.44,204.888,1.827,1.753
157,106,gifted,116.014,106.307,0.0,0.0,,
157,107,basic,509.814,252.591,510.25,252.782,2.538,2.539
157,109,basic,160.755,101.233,163.729,103.348,2.184,2.169
157,110,basic,388.577,204.913,397.6,209.556,2.165,2.169
157,113,basic,399.501,232.436,271.174,156.15,2.409,2.461
157,113,gifted,135.449,124.117,0.0,0.0,,
157,115,basic,156.212,88.558,178.596,101.21,1.741,1.744
157,117,basic,264.851,157.664,227.03,137.389,2.372,2.258
157,117,gifted,90.48,82.91,0.0,0.0,,
157,118,basic,265.405,139.387,332.061,174.121,2.101,2.112
157,130,basic,656.79,381.215,673.144,390.362,1.715,1.721
157,201,basic,86.145,57.694,93.982,63.213,1.078,1.055
157,202,basic,165.493,91.403,168.155,92.152,1.702,1.754
157,203,basic,251.026,173.747,251.092,173.676,1.323,1.327
157,204,basic,180.396,127.294,108.589,69.751,1.428,2.105
157,208,basic,211.323,166.06,242.716,189.411,1.235,1.299
157,209,basic,156.528,63.814,137.673,56.074,0.777,0.783
157,210,basic,193.437,92.071,191.702,91.432,1.42,1.404
157,211,basic,73.503,47.222,79.151,50.795,1.107,1.116
157,212,gifted,205.692,188.483,0.0,0.0,,
157,215,basic,120.857,74.446,122.11,74.726,0.951,0.984
157,218,basic,163.056,103.35,173.314,109.896,0.77,0.767
157,220,basic,87.035,69.146,89.135,70.489,1.439,1.472
157,221,basic,159.722,110.535,164.481,112.052,1.051,1.139
157,222,basic,152.966,88.014,160.47,90.872,2.4,2.528
157,225,basic,91.497,49.268,92.517,49.804,1.269,1.271
157,226,basic,251.579,168.307,258.585,173.921,1.329,1.305
157,229,basic,247.369,195.982,254.248,199.539,1.158,1.219
157,230,basic,111.329,74.997,80.109,53.96,1.07,1.068
157,233,basic,277.705,176.747,283.684,180.498,0.844,0.846
157,234,basic,76.539,60.067,87.887,67.996,1.207,1.307
157,235,basic,85.818,54.737,87.314,55.068,1.368,1.436
157,236,basic,46.314,40.657,47.153,41.372,1.077,1.08
157,239,basic,281.651,170.133,283.63,171.309,1.73,1.731
157,241,basic,380.752,150.689,372.03,146.198,1.939,1.989
157,242,basic,156.025,107.737,161.456,111.585,1.245,1.24
157,243,basic,216.869,121.944,233.969,131.643,0.974,0.97
157,244,basic,37.65,35.059,37.867,35.542,1.127,1.055
157,245,basic,318.807,268.685,322.863,272.02,1.24,1.244
157,246,basic,239.519,132.053,255.915,140.788,1.19,1.203
157,247,basic,365.858,144.085,356.054,140.84,1.616,1.585
157,248,basic,142.716,92.212,144.529,93.546,0.892,0.88
157,249,basic,28.63,21.495,28.94,21.718,0.915,0.917
157,250,basic,91.557,66.721,96.562,70.347,0.97,0.973
157,251,basic,136.34,71.536,141.453,73.984,1.464,1.487
157,252,basic,246.557,172.971,253.075,177.14,1.518,1.534
157,255,basic,88.135,58.604,89.82,59.88,0.871,0.854
157,257,basic,118.583,98.682,115.517,96.15,1.07,1.069
157,259,basic,153.138,112.146,155.74,114.679,1.211,1.172
157,261,basic,176.929,157.722,182.336,162.566,1.101,1.098
157,262,basic,190.668,143.667,146.544,109.894,1.081,1.114
157,264,basic,82.633,41.877,84.147,42.647,0.962,0.962
157,266,basic,105.6,83.198,102.717,81.132,0.889,0.869
157,267,basic,121.957,103.568,124.419,105.648,1.022,1.023
157,268,basic,112.18,106.571,112.109,106.504,1.065,1.06
157,269,basic,112.625,104.57,103.435,96.121,1.049,1.019
157,270,basic,164.415,111.316,166.272,112.46,1.547,1.553
157,272,basic,41.718,39.196,41.24,38.894,1.053,1.002
157,275,basic,88.682,82.567,89.621,83.395,1.185,1.189
157,276,basic,148.457,79.243,93.01,49.61,1.13,1.134
157,277,basic,126.166,82.953,50.805,33.098,1.027,1.09
157,279,basic,106.389,51.6,78.453,37.796,1.028,1.073
157,281,basic,68.001,45.794,73.249,49.231,0.823,0.836
157,282,basic,77.683,56.996,77.509,57.35,0.899,0.842
157,286,basic,179.565,112.525,185.334,114.235,2.114,2.234
157,287,basic,0.0,0.0,452.828,220.946,,0.961
157,287,gifted,190.0,174.104,0.0,0.0,,
157,288,basic,181.816,153.244,184.697,158.012,1.413,1.335
157,289,basic,154.281,121.034,183.232,142.712,1.368,1.424
157,291,basic,373.63,252.226,386.793,255.908,2.396,2.528
157,292,basic,560.983,328.477,616.101,358.233,1.523,1.588
157,930,basic,399.056,340.512,401.482,341.627,2.361,2.379
157,935,basic,437.852,293.998,457.562,311.032,1.94,1.856
157,939,basic,221.742,115.164,229.263,118.507,1.774,1.808
157,949,basic,382.204,292.499,492.0,375.192,1.592,1.638
157,955,basic,47.014,44.664,53.34,50.673,2.762,2.563
157,971,basic,0.0,0.0,556.753,273.735,,1.136
157,971,gifted,515.807,472.652,0.0,0.0,,
157,972,basic,257.143,180.225,260.313,181.571,1.948,1.977
157,974,basic,87.215,76.731,90.54,80.348,1.217,1.162
157,977,basic,239.608,175.237,199.376,143.707,1.353,1.46
158,103,basic,258.828,240.431,259.643,241.061,1.652,1.654
158,104,basic,135.177,57.263,146.795,63.852,2.352,2.226
158,105,basic,451.589,227.097,312.524,153.42,2.337,2.475
158,105,gifted,180.687,166.217,0.0,0.0,,
158,106,basic,454.008,294.594,335.852,220.638,1.783,1.696
158,106,gifted,115.476,106.228,0.0,0.0,,
158,107,basic,526.341,278.247,526.666,278.395,2.509,2.509
158,109,basic,144.889,104.47,147.33,106.538,2.1,2.085
158,110,basic,386.559,210.796,395.887,215.673,2.12,2.126
158,113,basic,389.429,256.482,266.893,174.674,2.371,2.398
158,113,gifted,133.665,122.961,0.0,0.0,,
158,115,basic,152.928,95.452,175.439,109.373,1.738,1.745
158,117,basic,248.251,162.137,212.147,141.066,2.35,2.246
158,117,gifted,89.307,82.155,0.0,0.0,,
158,118,basic,273.593,153.065,342.061,191.04,2.116,2.126
158,130,basic,662.693,406.323,679.347,415.956,1.703,1.711
158,201,basic,77.219,49.935,83.539,54.41,1.057,1.025
158,202,basic,174.196,87.082,176.765,87.596,1.685,1.733
158,203,basic,274.572,184.589,274.691,184.525,1.365,1.369
158,204,basic,181.337,126.88,109.157,68.735,1.406,2.034
158,208,basic,209.664,173.367,241.196,200.421,1.27,1.34
158,209,basic,148.294,46.192,130.416,40.552,0.783,0.792
158,210,basic,191.307,74.347,189.441,73.826,1.402,1.384
158,211,basic,73.076,44.649,79.114,48.257,1.112,1.124
158,212,gifted,205.623,189.156,0.0,0.0,,
158,215,basic,117.432,63.51,118.854,63.671,0.952,0.99
158,218,basic,158.418,93.046,168.967,99.282,0.771,0.769
158,220,basic,84.55,68.432,86.675,69.745,1.433,1.467
158,221,basic,165.041,103.634,170.178,104.826,1.06,1.147
158,222,basic,147.961,82.566,154.914,84.968,2.231,2.342
158,225,basic,84.515,40.121,85.498,40.569,1.252,1.255
158,226,basic,254.443,151.934,261.598,157.164,1.349,1.329
158,229,basic,247.309,200.023,254.032,203.149,1.145,1.205
158,230,basic,110.928,72.771,79.048,51.877,1.073,1.067
158,233,basic,280.397,164.607,286.422,168.085,0.837,0.839
158,234,basic,77.462,62.627,88.926,70.649,1.163,1.263
158,235,basic,77.376,46.011,78.585,46.247,1.246,1.296
158,236,basic,46.3,40.627,47.086,41.294,1.072,1.075
158,239,basic,280.033,158.569,281.938,159.619,1.746,1.747
158,241,basic,386.062,120.239,376.895,116.559,1.921,1.962
158,242,basic,162.274,108.45,168.293,112.566,1.225,1.221
158,243,basic,216.156,107.9,233.181,116.485,0.977,0.974
158,244,basic,35.932,33.472,36.137,33.965,1.19,1.097
158,245,basic,318.388,268.26,322.579,271.677,1.242,1.247
158,246,basic,233.44,114.576,249.798,122.394,1.179,1.187
158,247,basic,368.137,112.421,358.859,110.151,1.623,1.593
158,248,basic,146.642,89.716,148.665,91.15,0.895,0.882
158,249,basic,27.493,20.085,27.809,20.294,0.915,0.919
158,250,basic,84.943,61.98,89.427,65.225,0.974,0.977
158,251,basic,138.704,61.295,143.937,63.367,1.408,1.43
158,252,basic,245.488,167.029,252.007,170.968,1.466,1.483
158,255,basic,89.804,57.268,91.424,58.461,0.88,0.865
158,257,basic,118.474,100.578,115.641,98.186,1.06,1.06
158,259,basic,164.209,119.645,168.551,123.317,1.319,1.294
158,261,basic,171.897,156.901,176.83,161.471,1.077,1.071
158,262,basic,185.667,138.825,142.861,106.207,1.065,1.097
158,264,basic,81.084,33.09,82.574,33.701,0.918,0.918
158,266,basic,110.778,85.07,107.708,83.004,0.912,0.89
158,267,basic,116.829,100.318,119.129,102.282,1.018,1.018
158,268,basic,111.356,105.788,111.195,105.635,1.066,1.063
158,269,basic,104.168,97.775,95.196,89.366,1.048,1.017
158,270,basic,158.261,107.33,160.067,108.441,1.508,1.513
158,272,basic,42.137,39.747,41.703,39.439,1.04,0.983
158,275,basic,88.47,83.151,89.383,83.967,1.196,1.2
158,276,basic,153.375,68.826,95.666,42.907,1.123,1.125
158,277,basic,120.468,76.224,48.704,30.524,1.023,1.076
158,279,basic,101.431,41.043,74.667,30.003,1.006,1.044
158,281,basic,69.094,45.218,73.796,48.258,0.794,0.798
158,282,basic,76.767,57.304,77.131,58.147,0.859,0.804
158,286,basic,180.787,102.491,186.695,103.744,2.126,2.246
158,287,basic,0.0,0.0,453.442,185.599,,0.958
158,287,gifted,190.0,174.784,0.0,0.0,,
158,288,basic,189.382,161.772,192.23,167.428,1.46,1.375
158,289,basic,155.473,142.587,185.267,169.428,1.393,1.45
158,291,basic,383.796,266.073,397.198,269.102,2.424,2.557
158,292,basic,562.891,326.383,617.744,361.886,1.506,1.566
158,930,basic,399.041,363.696,401.472,364.8,2.399,2.419
158,935,basic,436.68,316.838,456.128,337.336,1.865,1.78
158,939,basic,219.162,103.346,226.705,106.395,1.763,1.797
158,949,basic,382.649,328.914,496.33,430.627,1.633,1.689
158,955,basic,46.146,43.839,52.351,49.733,2.835,2.654
158,971,basic,0.0,0.0,554.773,230.074,,1.124
158,971,gifted,515.26,473.997,0.0,0.0,,
158,972,basic,258.832,197.598,261.886,198.808,1.885,1.909
158,974,basic,84.608,77.291,88.145,81.144,1.209,1.161
158,977,basic,236.647,176.273,197.38,144.615,1.331,1.432
159,103,basic,262.672,238.885,263.576,239.53,1.672,1.675
159,104,basic,136.257,50.123,152.162,57.311,2.339,2.243
159,105,basic,442.785,195.776,303.26,130.508,2.273,2.4
159,105,gifted,179.078,164.336,0.0,0.0,,
159,106,basic,459.34,275.308,343.275,208.744,1.744,1.664
159,106,gifted,116.715,107.106,0.0,0.0,,
159,107,basic,498.477,232.599,498.931,232.764,2.518,2.519
159,109,basic,147.408,100.653,149.956,102.695,2.063,2.051
159,110,basic,392.086,192.654,401.027,196.842,2.113,2.118
159,113,basic,395.336,238.965,261.606,157.364,2.315,2.331
159,113,gifted,136.15,124.942,0.0,0.0,,
159,115,basic,151.681,86.136,173.21,98.34,1.73,1.731
159,117,basic,258.419,158.501,223.444,139.345,2.27,2.193
159,117,gifted,89.544,82.172,0.0,0.0,,
159,118,basic,262.557,131.779,329.774,165.075,2.098,2.111
159,130,basic,665.176,380.251,682.043,389.266,1.699,1.705
159,201,basic,77.341,51.495,84.287,56.52,1.074,1.051
159,202,basic,173.841,87.968,176.38,88.399,1.623,1.665
159,203,basic,265.489,185.783,265.602,185.687,1.348,1.352
159,204,basic,168.978,123.596,104.933,67.689,1.419,2.027
159,208,basic,203.488,174.397,236.135,201.163,1.24,1.312
159,209,basic,146.214,44.196,128.775,38.869,0.767,0.773
159,210,basic,192.038,74.096,190.193,73.679,1.349,1.33
159,211,basic,76.641,48.196,83.085,52.149,1.111,1.122
159,212,gifted,205.834,188.888,0.0,0.0,,
159,215,basic,121.727,71.537,122.875,71.761,0.879,0.899
159,218,basic,157.369,95.984,167.347,102.132,0.759,0.756
159,220,basic,95.583,79.27,97.874,80.665,1.432,1.463
159,221,basic,161.176,113.697,165.278,114.987,0.87,0.917
159,222,basic,147.351,88.716,154.39,90.781,1.905,2.015
159,225,basic,84.603,40.182,85.57,40.623,1.251,1.253
159,226,basic,258.641,165.894,265.557,171.603,1.289,1.269
159,229,basic,249.402,216.394,256.166,219.542,1.14,1.191
159,230,basic,104.288,71.275,75.663,51.61,1.032,1.037
159,233,basic,282.237,172.776,288.185,176.368,0.832,0.833
159,234,basic,75.827,65.264,87.367,73.681,1.168,1.266
159,235,basic,74.169,47.056,75.302,47.264,1.188,1.228
159,236,basic,49.505,44.382,50.312,45.089,1.064,1.065
159,239,basic,285.345,164.594,287.338,165.706,1.715,1.716
159,241,basic,385.472,114.082,375.884,110.499,1.867,1.898
159,242,basic,160.351,113.681,165.902,117.731,1.211,1.208
159,243,basic,211.33,106.445,227.898,114.888,0.969,0.966
159,244,basic,36.749,34.227,36.936,34.691,1.142,1.053
159,245,basic,325.733,292.138,330.01,296.069,1.25,1.254
159,246,basic,231.277,114.232,247.5,121.886,1.173,1.185
159,247,basic,368.837,106.956,358.833,104.764,1.582,1.55
159,248,basic,145.364,92.868,147.397,94.397,0.878,0.867
159,249,basic,31.437,25.237,31.852,25.552,0.873,0.876
159,250,basic,84.765,65.136,89.006,68.371,0.964,0.966
159,251,basic,135.928,60.698,140.827,62.634,1.382,1.4
159,252,basic,238.48,169.408,244.72,173.324,1.44,1.454
159,255,basic,88.379,58.96,90.101,60.324,0.848,0.833
159,257,basic,121.154,108.518,118.259,105.919,1.094,1.096
159,259,basic,166.262,126.536,171.363,130.793,1.306,1.291
159,261,basic,163.849,151.947,168.246,156.104,1.057,1.048
159,262,basic,189.407,151.236,145.915,115.61,1.075,1.11
159,264,basic,78.278,32.61,79.688,33.199,0.929,0.929
159,266,basic,106.899,89.395,103.995,87.351,0.891,0.87
159,267,basic,123.493,115.221,125.921,117.481,1.028,1.029
159,268,basic,114.117,108.411,114.058,108.355,1.071,1.067
159,269,basic,104.901,98.991,96.061,90.67,1.035,1.002
159,270,basic,163.119,114.386,164.953,115.533,1.466,1.47
159,272,basic,43.917,41.394,43.404,41.02,1.114,1.048
159,275,basic,95.473,90.222,96.397,91.057,1.164,1.168
159,276,basic,148.716,68.016,93.091,42.522,1.094,1.099
159,277,basic,129.211,84.297,51.883,33.459,1.014,1.065
159,279,basic,100.78,40.326,74.241,29.449,0.999,1.036
159,281,basic,66.173,45.122,70.816,48.218,0.802,0.809
159,282,basic,78.056,60.761,78.282,61.667,0.895,0.842
159,286,basic,179.83,114.024,185.275,115.04,1.791,1.885
159,287,basic,0.0,0.0,459.597,184.631,,0.957
159,287,gifted,190.0,174.358,0.0,0.0,,
159,288,basic,192.125,168.727,195.133,174.407,1.423,1.357
159,289,basic,156.06,140.806,186.224,166.825,1.386,1.443
159,291,basic,369.945,263.395,383.056,266.011,2.224,2.339
159,292,basic,562.211,316.743,615.924,347.232,1.482,1.533
159,930,basic,399.314,365.182,401.738,366.336,2.395,2.412
159,935,basic,438.055,311.429,457.738,331.939,1.823,1.741
159,939,basic,218.684,101.163,226.008,104.016,1.692,1.719
159,949,basic,376.484,326.236,483.068,419.075,1.518,1.569
159,955,basic,46.098,43.793,51.685,49.1,2.77,2.571
159,971,basic,0.0,0.0,566.246,231.809,,1.116
159,971,gifted,516.193,473.698,0.0,0.0,,
159,972,basic,259.846,196.247,262.669,197.299,1.852,1.873
159,974,basic,86.708,79.531,90.309,83.563,1.24,1.191
159,977,basic,243.641,191.389,200.463,154.312,1.312,1.413
160,103,basic,269.906,234.901,270.924,235.507,1.642,1.647
160,104,basic,134.319,51.666,153.871,60.091,2.282,2.226
160,105,basic,433.231,194.872,301.434,131.178,2.225,2.365
160,105,gifted,178.629,164.319,0.0,0.0,,
160,106,basic,450.051,269.012,337.444,205.283,1.716,1.632
160,106,gifted,115.554,106.297,0.0,0.0,,
160,107,basic,540.54,247.945,540.97,248.093,2.507,2.508
160,109,basic,155.037,101.676,157.453,103.487,2.029,2.021
160,110,basic,404.254,201.959,413.626,206.416,2.098,2.103
160,113,basic,382.028,224.241,255.384,149.832,2.286,2.286
160,113,gifted,134.226,123.473,0.0,0.0,,
160,115,basic,154.148,87.025,176.536,99.544,1.728,1.733
160,117,basic,258.234,151.125,222.498,132.695,2.319,2.237
160,117,gifted,89.805,82.611,0.0,0.0,,
160,118,basic,257.928,129.012,325.74,162.135,2.092,2.113
160,130,basic,656.069,376.036,672.598,384.962,1.68,1.686
160,201,basic,80.444,54.667,87.766,60.038,1.011,0.994
160,202,basic,167.465,88.016,169.9,88.457,1.511,1.547
160,203,basic,263.46,184.064,263.592,183.987,1.298,1.301
160,204,basic,183.265,131.11,111.142,68.502,1.376,2.031
160,208,basic,207.717,174.354,239.933,199.92,1.212,1.278
160,209,basic,155.831,53.974,137.864,47.665,0.777,0.784
160,210,basic,192.23,80.458,190.418,79.991,1.344,1.326
160,211,basic,77.966,49.74,84.376,53.712,1.101,1.112
160,212,gifted,205.599,189.128,0.0,0.0,,
160,215,basic,118.047,71.963,119.157,72.207,0.849,0.867
160,218,basic,157.409,99.593,167.245,105.882,0.763,0.761
160,220,basic,84.604,70.527,86.795,71.773,1.261,1.294
160,221,basic,166.061,116.001,171.079,117.065,0.961,1.027
160,222,basic,139.068,85.451,146.101,87.285,1.699,1.812
160,225,basic,82.726,41.766,83.642,42.209,1.18,1.182
160,226,basic,250.475,167.53,257.527,172.917,1.16,1.155
160,229,basic,250.808,211.029,257.693,213.419,1.131,1.19
160,230,basic,110.564,76.233,80.171,55.271,1.008,1.004
160,233,basic,288.932,182.512,295.082,186.326,0.838,0.84
160,234,basic,74.829,61.956,86.09,69.689,1.18,1.276
160,235,basic,85.169,54.612,86.446,54.79,1.171,1.211
160,236,basic,50.073,44.448,50.891,45.152,1.015,1.017
160,239,basic,281.409,162.347,283.422,163.453,1.673,1.674
160,241,basic,385.639,124.532,376.717,120.456,1.852,1.894
160,242,basic,163.29,114.112,168.885,118.108,1.211,1.209
160,243,basic,217.252,115.962,234.327,125.188,0.965,0.963
160,244,basic,36.086,33.651,36.577,34.361,1.055,1.006
160,245,basic,319.681,280.755,323.852,284.326,1.218,1.223
160,246,basic,223.463,115.199,239.264,122.816,1.164,1.179
160,247,basic,369.259,119.012,359.799,116.698,1.565,1.538
160,248,basic,147.477,95.911,149.652,97.584,0.876,0.865
160,249,basic,27.183,21.554,27.465,21.77,0.856,0.857
160,250,basic,85.72,65.4,90.413,68.954,0.958,0.96
160,251,basic,132.665,63.098,137.591,65.137,1.359,1.378
160,252,basic,244.126,172.473,250.563,176.424,1.428,1.442
160,255,basic,87.703,60.144,89.352,61.489,0.798,0.784
160,257,basic,119.972,105.394,117.131,102.886,1.079,1.081
160,259,basic,164.025,121.557,168.98,125.745,1.301,1.282
160,261,basic,169.875,154.918,174.686,159.298,1.06,1.056
160,262,basic,187.686,147.593,144.518,112.774,1.064,1.095
160,264,basic,78.237,35.742,79.685,36.405,0.915,0.915
160,266,basic,110.515,91.907,107.583,89.838,0.882,0.863
160,267,basic,120.78,109.956,123.099,112.06,1.006,1.006
160,268,basic,107.078,101.724,106.893,101.548,1.068,1.064
160,269,basic,102.596,95.862,93.575,87.43,1.043,1.009
160,270,basic,150.401,105.823,152.165,106.927,1.35,1.354
160,272,basic,39.755,37.344,39.501,37.252,1.04,0.995
160,275,basic,99.873,93.617,100.817,94.446,1.169,1.172
160,276,basic,145.923,70.877,91.003,44.155,1.134,1.136
160,277,basic,130.551,86.446,52.6,34.372,1.015,1.068
160,279,basic,112.526,49.203,83.321,36.069,0.994,1.033
160,281,basic,64.904,44.771,69.617,47.907,0.813,0.822
160,282,basic,78.505,60.925,78.828,61.946,0.871,0.821
160,286,basic,185.438,116.274,191.484,116.851,1.748,1.857
160,287,basic,0.0,0.0,454.332,200.107,,0.957
160,287,gifted,190.0,174.779,0.0,0.0,,
160,288,basic,198.83,172.328,202.556,178.296,1.387,1.337
160,289,basic,158.393,137.098,188.878,161.726,1.359,1.422
160,291,basic,373.975,262.111,387.007,264.04,2.104,2.216
160,292,basic,562.221,322.437,616.615,353.218,1.454,1.499
160,930,basic,398.801,351.918,401.222,353.187,2.278,2.289
160,935,basic,438.295,306.393,458.289,326.204,1.744,1.674
160,939,basic,218.983,105.244,226.487,108.124,1.635,1.665
160,949,basic,375.53,312.344,487.084,403.295,1.507,1.572
160,955,basic,46.203,43.893,52.957,50.31,2.751,2.559
160,971,basic,0.0,0.0,563.013,248.542,,1.127
160,971,gifted,516.251,474.893,0.0,0.0,,
160,972,basic,254.955,187.661,257.674,188.738,1.792,1.809
160,974,basic,88.994,80.15,92.086,83.819,1.229,1.176
160,977,basic,242.139,183.363,201.257,148.706,1.32,1.432
161,103,basic,253.658,218.026,254.453,218.587,1.647,1.649
161,104,basic,138.771,56.922,151.451,64.394,2.457,2.306
161,105,basic,435.224,210.537,305.122,143.273,2.271,2.406
161,105,gifted,176.408,162.28,0.0,0.0,,
161,106,basic,460.311,285.338,342.374,215.931,1.756,1.666
161,106,gifted,116.672,107.328,0.0,0.0,,
161,107,basic,498.845,250.01,499.241,250.176,2.444,2.445
161,109,basic,146.252,95.948,148.153,97.52,2.119,2.105
161,110,basic,376.973,202.298,385.787,206.77,2.047,2.053
161,113,basic,389.905,234.045,263.613,157.453,2.337,2.355
161,113,gifted,135.095,124.276,0.0,0.0,,
161,115,basic,162.44,97.389,185.726,111.237,1.725,1.729
161,117,basic,267.044,160.985,230.558,141.566,2.335,2.251
161,117,gifted,90.335,83.101,0.0,0.0,,
161,118,basic,266.425,142.444,339.122,180.065,2.101,2.132
161,130,basic,671.038,404.057,687.788,413.555,1.698,1.704
161,201,basic,85.858,58.151,93.694,63.828,1.014,0.998
161,202,basic,170.545,90.188,173.095,90.602,1.608,1.651
161,203,basic,261.367,179.185,261.475,179.098,1.315,1.319
161,204,basic,175.29,123.081,108.841,66.147,1.372,2.043
161,208,basic,211.101,171.988,242.837,197.218,1.199,1.26
161,209,basic,143.631,56.103,126.159,49.233,0.785,0.788
161,210,basic,190.788,85.295,188.911,84.809,1.359,1.339
161,211,basic,77.797,49.962,84.605,54.194,1.109,1.122
161,212,gifted,205.711,189.237,0.0,0.0,,
161,215,basic,118.779,73.949,119.857,74.208,0.854,0.872
161,218,basic,151.018,97.203,160.621,103.452,0.765,0.763
161,220,basic,89.174,70.852,91.318,72.089,1.362,1.389
161,221,basic,161.804,112.663,166.382,113.846,0.924,0.982
161,222,basic,148.46,85.263,155.449,87.229,1.961,2.066
161,225,basic,98.038,50.736,99.11,51.269,1.272,1.273
161,226,basic,247.716,161.596,254.578,167.099,1.215,1.201
161,229,basic,251.385,202.783,258.635,205.615,1.133,1.191
161,230,basic,107.035,73.388,77.592,53.083,1.019,1.025
161,233,basic,282.392,182.091,288.337,185.876,0.816,0.817
161,234,basic,77.079,61.385,89.26,69.416,1.187,1.293
161,235,basic,76.012,48.898,77.141,49.104,1.166,1.204
161,236,basic,48.44,41.438,49.239,42.102,1.105,1.107
161,239,basic,275.641,158.769,277.552,159.832,1.731,1.732
161,241,basic,386.79,137.364,377.762,132.637,1.892,1.944
161,242,basic,160.349,110.952,166.177,115.112,1.214,1.21
161,243,basic,214.591,119.373,231.473,128.851,0.963,0.96
161,244,basic,37.868,34.944,37.997,35.46,1.095,1.031
161,245,basic,319.065,268.301,323.18,271.628,1.223,1.227
161,246,basic,228.903,123.675,244.773,131.89,1.148,1.158
161,247,basic,369.965,132.775,359.986,130.029,1.583,1.554
161,248,basic,146.784,96.229,148.828,97.81,0.899,0.888
161,249,basic,27.019,20.749,27.325,20.97,0.896,0.898
161,250,basic,87.114,65.12,92.086,68.797,0.965,0.968
161,251,basic,140.166,69.415,145.196,71.619,1.381,1.398
161,252,basic,242.708,165.877,249.092,169.711,1.456,1.469
161,255,basic,88.92,60.555,90.724,61.998,0.847,0.833
161,257,basic,119.673,100.532,116.862,98.172,1.08,1.081
161,259,basic,163.578,118.993,168.192,122.828,1.281,1.262
161,261,basic,167.406,149.842,172.09,154.227,1.052,1.045
161,262,basic,193.65,147.514,148.964,112.546,1.078,1.114
161,264,basic,82.154,40.128,83.644,40.857,0.914,0.914
161,266,basic,106.473,85.342,103.539,83.377,0.881,0.859
161,267,basic,117.116,101.885,119.372,103.839,1.018,1.018
161,268,basic,111.06,105.507,110.987,105.438,1.082,1.077
161,269,basic,104.334,96.608,95.351,88.382,1.002,0.97
161,270,basic,166.104,111.244,167.952,112.335,1.486,1.491
161,272,basic,39.287,36.65,38.708,36.341,1.069,1.016
161,275,basic,92.872,85.777,93.79,86.564,1.141,1.144
161,276,basic,141.927,72.705,88.979,45.509,1.117,1.122
161,277,basic,125.645,83.443,50.42,33.128,1.017,1.062
161,279,basic,107.034,50.444,78.208,36.567,0.994,1.026
161,281,basic,65.993,45.664,70.959,48.961,0.815,0.827
161,282,basic,73.791,55.978,73.911,56.76,0.886,0.834
161,286,basic,181.93,110.601,187.588,111.474,1.789,1.886
161,287,basic,0.0,0.0,452.256,215.182,,0.941
161,287,gifted,190.0,174.784,0.0,0.0,,
161,288,basic,194.768,162.43,198.279,168.048,1.366,1.312
161,289,basic,157.052,133.767,187.715,157.892,1.37,1.446
161,291,basic,375.613,247.924,388.637,250.369,2.252,2.361
161,292,basic,564.79,332.388,618.539,364.612,1.486,1.533
161,930,basic,398.789,337.225,401.211,338.308,2.3,2.312
161,935,basic,437.986,296.768,457.767,316.13,1.832,1.757
161,939,basic,219.204,110.05,226.514,113.096,1.681,1.708
161,949,basic,377.67,306.358,488.706,395.655,1.535,1.602
161,955,basic,46.911,44.566,53.754,51.066,2.743,2.557
161,971,basic,0.0,0.0,558.345,264.604,,1.121
161,971,gifted,515.802,474.494,0.0,0.0,,
161,972,basic,262.389,187.563,265.166,188.613,1.828,1.846
161,974,basic,87.611,77.526,91.131,81.487,1.201,1.156
161,977,basic,235.527,174.784,196.783,142.832,1.294,1.4
162,103,basic,266.732,229.588,267.668,230.189,1.633,1.637
162,104,basic,136.714,51.828,150.431,58.249,2.21,2.127
162,105,basic,456.188,198.235,317.508,134.341,2.265,2.383
162,105,gifted,180.914,165.849,0.0,0.0,,
162,106,basic,473.666,272.146,353.015,206.351,1.761,1.672
162,106,gifted,118.931,109.028,0.0,0.0,,
162,107,basic,521.635,234.248,522.051,234.39,2.528,2.529
162,109,basic,149.035,95.694,151.675,97.613,2.035,2.026
162,110,basic,388.777,187.501,397.639,191.584,2.074,2.079
162,113,basic,384.236,220.22,258.213,147.658,2.293,2.3
162,113,gifted,133.995,122.837,0.0,0.0,,
162,115,basic,149.386,82.33,170.802,94.058,1.73,1.733
162,117,basic,265.277,151.548,228.631,133.295,2.313,2.223
162,117,gifted,89.539,82.083,0.0,0.0,,
162,118,basic,266.906,129.545,336.595,162.749,2.118,2.135
162,130,basic,662.733,367.241,679.318,375.961,1.686,1.691
162,201,basic,78.096,54.523,85.061,59.778,0.991,0.973
162,202,basic,175.072,91.266,177.626,91.678,1.658,1.699
162,203,basic,254.112,183.066,254.194,182.996,1.281,1.284
162,204,basic,176.87,131.072,108.128,69.781,1.365,1.993
162,208,basic,201.062,168.669,233.354,193.86,1.22,1.283
162,209,basic,137.002,47.488,121.455,42.032,0.777,0.783
162,210,basic,193.144,80.653,191.307,80.187,1.377,1.359
162,211,basic,76.441,49.987,82.704,53.953,1.099,1.111
162,212,gifted,205.732,188.601,0.0,0.0,,
162,215,basic,119.307,73.249,120.56,73.432,0.879,0.904
162,218,basic,156.79,100.904,166.621,107.299,0.758,0.756
162,220,basic,94.898,76.949,97.271,78.301,1.441,1.475
162,221,basic,165.031,117.108,169.709,118.262,0.933,0.992
162,222,basic,139.091,83.823,145.593,85.851,1.918,2.013
162,225,basic,79.452,41.004,80.303,41.421,1.164,1.167
162,226,basic,249.387,164.609,256.509,170.348,1.243,1.231
162,229,basic,251.209,217.289,258.027,220.249,1.127,1.179
162,230,basic,119.948,84.607,87.059,61.425,1.02,1.015
162,233,basic,281.302,181.204,287.359,185.017,0.823,0.825
162,234,basic,76.101,64.831,88.052,73.293,1.178,1.282
162,235,basic,88.769,57.783,89.99,57.952,1.188,1.226
162,236,basic,47.518,42.295,48.247,42.923,1.033,1.035
162,239,basic,286.572,167.588,288.555,168.694,1.747,1.749
162,241,basic,384.015,125.708,374.996,121.393,1.854,1.903
162,242,basic,162.204,116.654,168.1,120.957,1.211,1.209
162,243,basic,217.687,117.497,234.752,126.802,0.973,0.97
162,244,basic,36.507,33.904,36.685,34.425,1.123,1.043
162,245,basic,320.619,283.904,324.892,287.576,1.241,1.247
162,246,basic,233.375,122.379,250.556,130.929,1.177,1.191
162,247,basic,370.243,121.107,360.498,118.638,1.541,1.514
162,248,basic,144.554,96.22,146.628,97.859,0.883,0.872
162,249,basic,29.586,23.829,29.985,24.122,0.897,0.901
162,250,basic,87.578,68.429,92.516,72.23,0.969,0.973
162,251,basic,138.787,66.048,144.061,68.214,1.383,1.404
162,252,basic,238.966,171.437,245.4,175.418,1.43,1.445
162,255,basic,86.076,59.645,87.547,60.9,0.851,0.835
162,257,basic,123.683,110.094,120.761,107.496,1.089,1.09
162,259,basic,157.346,120.591,161.901,124.621,1.292,1.271
162,261,basic,172.731,158.547,177.715,163.183,1.077,1.071
162,262,basic,182.969,147.483,141.129,112.897,1.06,1.092
162,264,basic,78.849,36.02,80.302,36.687,0.915,0.914
162,266,basic,105.661,88.748,102.542,86.567,0.903,0.879
162,267,basic,111.305,103.225,113.457,105.217,1.015,1.015
162,268,basic,109.215,103.754,109.168,103.71,1.067,1.063
162,269,basic,104.52,98.283,95.658,89.964,1.016,0.981
162,270,basic,176.991,123.82,178.874,125.018,1.513,1.516
162,272,basic,43.289,40.707,42.788,40.398,1.076,1.016
162,275,basic,91.973,86.4,92.89,87.214,1.161,1.165
162,276,basic,147.313,72.036,91.613,44.791,1.128,1.128
162,277,basic,127.233,86.284,50.898,34.137,1.006,1.051
162,279,basic,104.569,46.093,76.188,33.3,0.995,1.029
162,281,basic,73.605,52.143,78.95,55.822,0.803,0.81
162,282,basic,76.674,61.067,76.928,62.025,0.876,0.826
162,286,basic,178.906,110.256,184.577,111.171,1.889,1.988
162,287,basic,0.0,0.0,462.079,205.317,,0.949
162,287,gifted,190.0,174.179,0.0,0.0,,
162,288,basic,184.456,158.269,187.309,164.269,1.452,1.376
162,289,basic,157.016,135.013,187.155,159.121,1.359,1.422
162,291,basic,374.259,255.096,387.826,256.782,2.222,2.347
162,292,basic,563.067,321.75,617.606,350.396,1.472,1.526
162,930,basic,399.631,355.04,402.056,356.136,2.355,2.37
162,935,basic,437.383,304.077,456.894,324.126,1.787,1.7
162,939,basic,219.768,105.343,227.414,108.215,1.657,1.69
162,949,basic,381.206,319.452,492.182,410.188,1.525,1.58
162,955,basic,46.091,43.786,52.616,49.985,2.782,2.586
162,971,basic,0.0,0.0,558.929,250.314,,1.111
162,971,gifted,515.88,472.923,0.0,0.0,,
162,972,basic,256.979,188.87,259.748,189.914,1.803,1.822
162,974,basic,86.6,79.025,90.19,83.017,1.216,1.171
162,977,basic,241.149,190.375,198.426,153.313,1.288,1.389
163,103,basic,257.348,227.451,258.139,228.046,1.625,1.627
163,104,basic,159.048,61.665,176.043,70.123,2.583,2.43
163,105,basic,463.296,217.222,321.511,147.868,2.398,2.532
163,105,gifted,180.093,165.623,0.0,0.0,,
163,106,basic,450.604,268.235,336.914,202.582,1.79,1.709
163,106,gifted,115.128,105.878,0.0,0.0,,
163,107,basic,522.841,260.969,523.254,261.149,2.534,2.535
163,109,basic,147.273,96.959,149.472,98.711,2.183,2.164
163,110,basic,411.64,205.602,421.169,210.21,2.159,2.164
163,113,basic,395.206,241.199,266.686,161.442,2.377,2.419
163,113,gifted,134.67,123.85,0.0,0.0,,
163,115,basic,142.773,82.512,163.158,94.239,1.72,1.724
163,117,basic,252.013,152.386,215.809,132.552,2.355,2.247
163,117,gifted,89.525,82.332,0.0,0.0,,
163,118,basic,276.826,142.764,350.007,179.961,2.21,2.231
163,130,basic,665.156,373.432,681.758,382.357,1.727,1.733
163,201,basic,80.54,54.366,86.753,58.893,1.017,0.985
163,202,basic,175.375,92.796,177.96,93.473,1.752,1.801
163,203,basic,249.939,176.232,249.991,176.167,1.32,1.323
163,204,basic,172.672,125.543,107.263,71.484,1.461,2.086
163,208,basic,202.851,164.555,235.279,190.424,1.253,1.321
163,209,basic,146.228,48.455,128.443,42.512,0.764,0.771
163,210,basic,194.129,79.287,192.358,78.732,1.446,1.43
163,211,basic,74.857,47.522,81.651,51.769,1.135,1.146
163,212,gifted,205.706,189.179,0.0,0.0,,
163,215,basic,121.121,68.404,122.572,68.596,0.966,1.011
163,218,basic,159.128,96.446,169.088,102.528,0.781,0.778
163,220,basic,88.21,72.484,90.441,73.946,1.554,1.59
163,221,basic,164.287,106.732,168.927,108.149,1.035,1.116
163,222,basic,144.876,85.928,151.742,88.668,2.331,2.447
163,225,basic,83.142,41.845,84.05,42.283,1.23,1.233
163,226,basic,252.876,155.841,259.827,161.221,1.378,1.346
163,229,basic,249.9,207.371,257.009,211.305,1.16,1.219
163,230,basic,108.421,74.111,78.627,53.676,1.053,1.059
163,233,basic,279.346,169.589,285.369,173.189,0.843,0.845
163,234,basic,77.447,64.33,89.519,73.206,1.211,1.32
163,235,basic,89.976,55.339,91.305,55.637,1.316,1.371
163,236,basic,51.645,45.813,52.56,46.602,1.077,1.08
163,239,basic,273.592,164.309,275.486,165.417,1.753,1.754
163,241,basic,382.847,129.562,373.415,125.818,1.931,1.962
163,242,basic,162.414,113.196,168.685,117.627,1.236,1.233
163,243,basic,217.68,113.266,234.951,122.325,0.978,0.974
163,244,basic,36.49,34.132,36.537,34.424,1.209,1.098
163,245,basic,324.169,278.683,328.472,282.329,1.269,1.272
163,246,basic,240.013,123.542,257.556,132.27,1.217,1.231
163,247,basic,370.177,122.119,361.01,119.64,1.63,1.598
163,248,basic,144.847,92.327,146.902,93.816,0.893,0.88
163,249,basic,27.184,20.375,27.549,20.611,0.971,0.982
163,250,basic,82.518,62.187,86.954,65.514,0.962,0.964
163,251,basic,132.119,61.243,137.029,63.32,1.417,1.439
163,252,basic,241.389,169.625,247.768,173.712,1.455,1.47
163,255,basic,84.466,55.828,85.72,56.804,0.882,0.865
163,257,basic,121.088,103.734,118.113,101.204,1.097,1.096
163,259,basic,165.364,124.83,170.106,128.741,1.351,1.332
163,261,basic,177.704,163.465,183.112,168.507,1.115,1.109
163,262,basic,186.479,143.421,143.343,109.663,1.07,1.106
163,264,basic,78.072,33.255,79.519,33.873,0.929,0.929
163,266,basic,111.551,87.093,108.421,84.922,0.914,0.89
163,267,basic,115.423,101.801,117.741,103.835,1.03,1.03
163,268,basic,109.657,104.175,109.591,104.111,1.075,1.071
163,269,basic,109.252,103.134,100.092,94.485,1.071,1.041
163,270,basic,153.959,109.045,155.692,110.189,1.545,1.55
163,272,basic,41.014,38.766,40.374,38.226,1.128,1.049
163,275,basic,99.076,93.595,100.031,94.464,1.15,1.153
163,276,basic,151.57,70.934,94.965,44.417,1.138,1.141
163,277,basic,123.897,81.271,49.346,32.156,1.018,1.062
163,279,basic,103.05,43.942,74.808,31.721,0.999,1.036
163,281,basic,64.61,43.666,68.718,46.429,0.805,0.807
163,282,basic,77.687,59.364,78.08,60.176,0.896,0.838
163,286,basic,188.647,110.971,194.459,112.483,2.297,2.42
163,287,basic,0.0,0.0,448.919,193.027,,0.948
163,287,gifted,190.0,174.734,0.0,0.0,,
163,288,basic,181.613,159.495,184.196,164.338,1.455,1.37
163,289,basic,154.259,136.781,184.344,162.164,1.399,1.475
163,291,basic,378.14,258.301,391.577,261.85,2.535,2.677
163,292,basic,565.804,324.389,619.36,355.553,1.533,1.577
163,930,basic,399.41,368.824,401.842,370.035,2.46,2.484
163,935,basic,437.392,311.162,456.845,330.197,1.911,1.812
163,939,basic,222.33,106.351,229.891,109.46,1.794,1.828
163,949,basic,376.065,324.72,483.899,418.09,1.559,1.608
163,955,basic,44.754,42.516,50.249,47.737,2.812,2.629
163,971,basic,0.0,0.0,557.87,244.007,,1.125
163,971,gifted,515.306,473.903,0.0,0.0,,
163,972,basic,262.708,195.544,265.901,196.875,1.934,1.964
163,974,basic,87.165,80.374,90.947,84.45,1.287,1.233
163,977,basic,230.561,179.806,193.021,148.452,1.3,1.402
164,103,basic,265.997,238.338,266.798,238.953,1.656,1.658
164,104,basic,143.261,50.863,156.215,57.337,2.56,2.393
164,105,basic,454.233,204.821,315.888,139.223,2.327,2.463
164,105,gifted,180.043,165.295,0.0,0.0,,
164,106,basic,457.994,265.935,340.508,200.114,1.778,1.693
164,106,gifted,116.533,106.987,0.0,0.0,,
164,107,basic,522.079,248.991,522.52,249.171,2.527,2.527
164,109,basic,155.504,100.657,158.045,102.559,2.161,2.148
164,110,basic,402.408,186.398,411.404,190.421,2.136,2.14
164,113,basic,385.896,233.205,260.495,156.082,2.358,2.396
164,113,gifted,133.65,122.703,0.0,0.0,,
164,115,basic,144.023,81.667,164.897,93.422,1.722,1.727
164,117,basic,271.407,157.609,234.474,138.431,2.341,2.244
164,117,gifted,90.117,82.735,0.0,0.0,,
164,118,basic,268.205,133.525,339.201,168.236,2.149,2.172
164,130,basic,657.197,346.312,673.568,354.615,1.721,1.726
164,201,basic,79.161,54.657,87.061,60.35,1.041,1.026
164,202,basic,170.764,88.615,173.571,89.204,1.74,1.795
164,203,basic,269.341,194.449,269.415,194.327,1.367,1.372
164,204,basic,177.302,131.517,112.595,74.403,1.539,2.261
164,208,basic,207.038,172.253,239.024,198.093,1.264,1.33
164,209,basic,150.744,44.325,132.597,38.936,0.787,0.794
164,210,basic,193.701,72.94,191.908,72.426,1.403,1.388
164,211,basic,77.354,50.348,83.932,54.509,1.105,1.12
164,212,gifted,205.351,188.53,0.0,0.0,,
164,215,basic,120.542,63.33,122.193,63.457,1.06,1.11
164,218,basic,157.743,96.073,167.583,102.1,0.765,0.763
164,220,basic,92.082,77.663,94.247,79.207,1.474,1.502
164,221,basic,162.996,102.827,167.816,104.081,1.009,1.088
164,222,basic,152.701,88.586,160.512,91.568,2.487,2.607
164,225,basic,85.009,41.741,85.997,42.21,1.191,1.194
164,226,basic,257.667,152.973,264.861,158.023,1.314,1.298
164,229,basic,246.89,216.174,254.396,219.602,1.147,1.224
164,230,basic,109.414,78.207,79.226,56.617,1.005,1.003
164,233,basic,281.863,170.574,287.885,174.165,0.827,0.829
164,234,basic,79.139,69.284,91.442,78.621,1.195,1.305
164,235,basic,76.621,45.084,78.249,45.366,1.404,1.48
164,236,basic,52.432,46.859,53.501,47.768,1.057,1.063
164,239,basic,284.269,173.297,286.186,174.46,1.694,1.695
164,241,basic,384.848,117.427,376.666,113.501,1.915,1.991
164,242,basic,158.198,112.312,163.664,116.324,1.231,1.225
164,243,basic,215.393,109.548,232.518,118.319,0.978,0.976
164,244,basic,34.934,32.863,35.203,33.261,1.122,1.036
164,245,basic,325.512,285.493,329.881,289.132,1.261,1.268
164,246,basic,218.439,111.08,233.174,118.279,1.139,1.151
164,247,basic,365.095,108.668,356.323,106.475,1.583,1.56
164,248,basic,146.292,94.812,148.294,96.307,0.892,0.881
164,249,basic,26.214,20.105,26.484,20.295,0.934,0.938
164,250,basic,86.364,68.585,91.009,72.24,0.966,0.969
164,251,basic,129.237,55.536,134.219,57.448,1.394,1.417
164,252,basic,245.962,174.947,252.407,179.08,1.467,1.482
164,255,basic,89.531,61.001,91.209,62.334,0.859,0.842
164,257,basic,123.513,110.397,120.292,107.538,1.09,1.09
164,259,basic,157.67,127.599,161.574,131.344,1.263,1.236
164,261,basic,167.672,155.984,172.924,160.793,1.104,1.1
164,262,basic,188.0,148.953,145.015,114.21,1.096,1.131
164,264,basic,83.487,31.884,85.017,32.47,0.929,0.929
164,266,basic,104.919,83.687,101.918,81.555,0.903,0.882
164,267,basic,115.302,104.425,117.721,106.601,1.046,1.047
164,268,basic,107.088,101.733,107.143,101.786,1.054,1.05
164,269,basic,104.181,98.5,95.095,89.925,1.065,1.032
164,270,basic,162.961,121.475,164.808,122.714,1.506,1.512
164,272,basic,40.88,38.726,40.371,38.271,1.1,1.032
164,275,basic,97.205,92.012,98.199,92.919,1.182,1.186
164,276,basic,146.19,63.761,91.502,39.851,1.127,1.134
164,277,basic,128.85,86.829,51.683,34.519,1.031,1.081
164,279,basic,106.04,42.293,78.02,30.887,1.009,1.05
164,281,basic,62.135,43.287,66.76,46.392,0.817,0.831
164,282,basic,75.771,61.903,76.262,62.87,0.861,0.809
164,286,basic,180.184,105.668,185.78,107.144,2.047,2.151
164,287,basic,0.0,0.0,457.425,185.827,,0.954
164,287,gifted,190.0,174.437,0.0,0.0,,
164,288,basic,188.737,168.909,191.734,174.525,1.443,1.363
164,289,basic,159.178,147.179,189.844,174.372,1.395,1.466
164,291,basic,376.267,263.873,389.593,267.19,2.378,2.505
164,292,basic,565.425,321.191,620.608,352.173,1.502,1.554
164,930,basic,399.187,370.039,401.617,371.42,2.512,2.537
164,935,basic,437.674,321.681,457.361,341.376,1.902,1.819
164,939,basic,221.064,99.692,228.555,102.566,1.734,1.766
164,949,basic,377.182,337.822,488.101,437.072,1.574,1.637
164,955,basic,45.75,43.463,53.234,50.573,2.691,2.508
164,971,basic,0.0,0.0,571.951,235.877,,1.136
164,971,gifted,517.176,474.813,0.0,0.0,,
164,972,basic,266.777,203.454,270.497,204.983,1.979,2.011
164,974,basic,87.393,81.837,91.231,85.881,1.207,1.161
164,977,basic,240.061,197.775,199.195,161.351,1.319,1.426
165,103,basic,270.009,224.75,270.907,225.342,1.612,1.614
165,104,basic,127.871,57.87,140.522,65.113,2.274,2.172
165,105,basic,456.384,227.4,321.11,156.359,2.266,2.386
165,105,gifted,181.196,166.685,0.0,0.0,,
165,106,basic,453.604,282.121,336.09,212.038,1.749,1.661
165,106,gifted,115.502,106.252,0.0,0.0,,
165,107,basic,510.204,258.915,510.538,259.056,2.51,2.51
165,109,basic,142.468,93.928,144.52,95.57,2.074,2.06
165,110,basic,391.27,216.573,400.76,221.533,2.149,2.156
165,113,basic,375.84,223.944,250.786,148.567,2.341,2.364
165,113,gifted,132.218,121.63,0.0,0.0,,
165,115,basic,146.638,87.593,167.513,100.025,1.72,1.722
165,117,basic,248.043,153.658,214.348,134.658,2.283,2.209
165,117,gifted,89.19,82.048,0.0,0.0,,
165,118,basic,261.455,141.527,332.349,179.035,2.144,2.169
165,130,basic,659.292,409.506,676.07,419.201,1.703,1.712
165,201,basic,80.267,53.86,87.311,58.924,1.023,1.002
165,202,basic,175.017,94.25,177.687,94.759,1.711,1.759
165,203,basic,276.867,185.869,276.974,185.778,1.365,1.37
165,204,basic,174.482,119.577,107.947,65.483,1.423,2.084
165,208,basic,205.431,161.889,238.117,186.603,1.252,1.323
165,209,basic,155.91,68.612,137.54,60.43,0.776,0.783
165,210,basic,195.479,95.505,193.73,94.908,1.397,1.381
165,211,basic,72.549,46.476,78.817,50.391,1.11,1.122
165,212,gifted,205.88,189.393,0.0,0.0,,
165,215,basic,118.393,76.053,119.739,76.252,0.932,0.964
165,218,basic,159.132,103.438,169.274,110.081,0.765,0.763
165,220,basic,87.65,67.478,89.694,68.699,1.391,1.417
165,221,basic,159.075,114.695,163.414,116.036,0.931,0.99
165,222,basic,154.452,85.58,161.455,87.859,2.18,2.283
165,225,basic,72.701,39.8,73.528,40.238,1.225,1.227
165,226,basic,257.849,172.821,264.897,178.79,1.345,1.323
165,229,basic,251.071,195.379,258.242,198.298,1.142,1.205
165,230,basic,109.518,73.871,79.727,53.751,1.014,1.013
165,233,basic,280.316,183.066,286.274,186.902,0.833,0.834
165,234,basic,75.169,57.828,87.015,65.619,1.185,1.288
165,235,basic,80.0,52.838,81.232,53.061,1.184,1.232
165,236,basic,55.286,47.651,56.261,48.462,1.066,1.069
165,239,basic,270.087,158.458,271.975,159.536,1.717,1.718
165,241,basic,383.878,153.579,375.161,148.587,1.893,1.946
165,242,basic,160.155,110.14,165.692,114.046,1.231,1.227
165,243,basic,211.514,121.493,228.336,131.256,0.981,0.978
165,244,basic,36.184,33.157,36.236,33.617,1.102,1.032
165,245,basic,321.583,266.374,325.851,269.758,1.255,1.261
165,246,basic,221.717,124.085,237.262,132.461,1.165,1.176
165,247,basic,369.556,149.669,359.984,146.588,1.583,1.555
165,248,basic,144.233,94.589,146.283,96.168,0.885,0.873
165,249,basic,28.855,21.91,29.25,22.189,0.912,0.916
165,250,basic,89.718,65.068,94.392,68.434,0.949,0.951
165,251,basic,133.256,71.531,138.242,73.912,1.417,1.438
165,252,basic,240.373,164.705,246.734,168.573,1.473,1.488
165,255,basic,89.821,60.206,91.524,61.547,0.871,0.855
165,257,basic,119.705,97.825,116.788,95.459,1.075,1.075
165,259,basic,158.389,111.178,162.691,114.676,1.292,1.269
165,261,basic,164.977,144.361,169.778,148.645,1.061,1.057
165,262,basic,183.735,137.804,141.456,105.43,1.068,1.099
165,264,basic,80.769,43.869,82.213,44.656,0.92,0.919
165,266,basic,107.094,84.79,104.046,82.69,0.897,0.876
165,267,basic,126.502,107.456,128.953,109.528,1.027,1.028
165,268,basic,107.45,102.076,107.253,101.888,1.071,1.068
165,269,basic,106.423,97.34,97.394,89.282,1.012,0.981
165,270,basic,165.868,107.864,167.683,108.923,1.524,1.529
165,272,basic,43.25,40.056,42.687,39.825,1.061,1.01
165,275,basic,96.756,88.182,97.743,89.025,1.16,1.164
165,276,basic,150.854,83.437,94.085,51.997,1.125,1.127
165,277,basic,127.219,83.58,51.124,33.243,1.019,1.07
165,279,basic,108.837,55.055,80.239,40.257,1.009,1.049
165,281,basic,66.161,45.085,70.844,48.192,0.811,0.82
165,282,basic,78.133,56.55,78.382,57.343,0.92,0.866
165,286,basic,179.155,112.087,184.554,113.406,1.868,1.961
165,287,basic,0.0,0.0,452.506,229.442,,0.954
165,287,gifted,190.0,174.785,0.0,0.0,,
165,288,basic,190.115,153.964,192.985,159.091,1.363,1.295
165,289,basic,157.956,124.215,188.56,146.68,1.369,1.441
165,291,basic,378.312,245.186,391.886,247.299,2.335,2.469
165,292,basic,563.379,337.309,617.578,368.672,1.472,1.531
165,930,basic,399.149,316.137,401.576,316.927,2.312,2.329
165,935,basic,437.438,290.419,456.942,308.987,1.82,1.732
165,939,basic,222.075,117.531,229.534,120.811,1.751,1.782
165,949,basic,378.281,288.324,487.448,371.072,1.527,1.578
165,955,basic,46.068,43.751,52.53,49.89,2.765,2.573
165,971,basic,0.0,0.0,562.898,285.72,,1.118
165,971,gifted,516.031,474.707,0.0,0.0,,
165,972,basic,266.797,182.26,270.035,183.405,1.898,1.923
165,974,basic,84.713,71.633,88.349,75.417,1.173,1.131
165,977,basic,238.711,169.891,199.051,138.889,1.328,1.438
166,103,basic,270.16,248.322,270.978,248.96,1.676,1.678
166,104,basic,138.517,51.904,151.289,58.584,2.493,2.338
166,105,basic,453.088,213.206,311.509,143.372,2.31,2.431
166,105,gifted,181.513,166.317,0.0,0.0,,
166,106,basic,455.313,277.752,337.921,208.509,1.789,1.711
166,106,gifted,116.073,106.355,0.0,0.0,,
166,107,basic,519.281,258.1,519.723,258.285,2.502,2.503
166,109,basic,149.45,102.075,151.619,103.944,2.13,2.111
166,110,basic,391.352,192.843,400.801,197.263,2.121,2.127
166,113,basic,393.103,248.457,263.495,165.192,2.345,2.378
166,113,gifted,135.206,123.886,0.0,0.0,,
166,115,basic,146.946,87.212,168.038,99.67,1.724,1.727
166,117,basic,260.076,159.107,224.479,139.56,2.338,2.248
166,117,gifted,89.858,82.335,0.0,0.0,,
166,118,basic,273.199,142.527,342.296,178.163,2.137,2.15
166,130,basic,649.92,364.165,666.317,372.83,1.717,1.724
166,201,basic,78.037,52.691,84.071,57.157,1.007,0.978
166,202,basic,170.834,86.348,173.55,86.853,1.686,1.739
166,203,basic,267.642,188.067,267.733,187.966,1.345,1.35
166,204,basic,175.487,127.265,109.507,71.26,1.476,2.102
166,208,basic,206.871,173.411,238.463,199.897,1.254,1.325
166,209,basic,156.679,45.598,138.278,40.174,0.774,0.783
166,210,basic,190.398,70.557,188.522,70.031,1.4,1.385
166,211,basic,73.004,46.114,78.138,49.328,1.107,1.112
166,212,gifted,206.046,188.796,0.0,0.0,,
166,215,basic,120.909,64.654,122.268,64.836,0.93,0.963
166,218,basic,162.072,96.66,172.203,102.739,0.767,0.765
166,220,basic,88.837,74.277,90.974,75.669,1.434,1.465
166,221,basic,161.652,102.512,166.24,103.722,0.959,1.027
166,222,basic,148.941,87.138,156.138,89.665,2.177,2.291
166,225,basic,81.825,38.729,82.757,39.153,1.249,1.251
166,226,basic,245.669,147.166,252.538,152.018,1.226,1.213
166,229,basic,258.176,220.574,265.081,223.927,1.143,1.2
166,230,basic,109.953,75.711,80.011,55.041,1.042,1.044
166,233,basic,278.911,165.188,284.865,168.663,0.843,0.845
166,234,basic,77.003,66.051,87.58,74.008,1.165,1.248
166,235,basic,81.796,48.656,83.185,48.889,1.253,1.308
166,236,basic,48.79,43.132,49.665,43.874,1.085,1.089
166,239,basic,282.984,166.229,284.927,167.35,1.7,1.701
166,241,basic,381.808,113.497,372.834,110.062,1.895,1.934
166,242,basic,148.782,103.399,153.347,106.691,1.201,1.195
166,243,basic,214.012,106.416,230.904,114.916,0.981,0.977
166,244,basic,36.347,34.051,36.64,34.525,1.179,1.096
166,245,basic,319.725,278.131,323.772,281.541,1.233,1.237
166,246,basic,234.286,115.32,250.194,122.958,1.172,1.179
166,247,basic,373.685,108.462,364.733,106.328,1.581,1.557
166,248,basic,143.912,90.751,145.814,92.139,0.895,0.884
166,249,basic,31.519,23.982,31.878,24.244,0.877,0.879
166,250,basic,85.134,65.788,89.356,69.046,0.952,0.953
166,251,basic,132.673,56.209,137.421,58.017,1.405,1.425
166,252,basic,245.886,171.043,252.304,175.039,1.465,1.48
166,255,basic,89.683,59.413,91.352,60.692,0.865,0.85
166,257,basic,121.747,107.189,119.106,104.834,1.08,1.082
166,259,basic,163.296,127.691,167.859,131.826,1.258,1.233
166,261,basic,180.142,166.598,185.731,171.67,1.093,1.092
166,262,basic,186.622,144.834,144.326,111.244,1.082,1.119
166,264,basic,77.963,29.819,79.379,30.362,0.913,0.913
166,266,basic,105.798,83.199,102.75,81.07,0.913,0.892
166,267,basic,124.546,111.434,127.017,113.632,1.027,1.028
166,268,basic,112.141,106.534,112.174,106.565,1.067,1.064
166,269,basic,105.875,99.941,96.906,91.492,1.028,0.992
166,270,basic,154.629,111.028,156.386,112.156,1.498,1.503
166,272,basic,41.451,39.211,40.925,38.76,1.081,1.023
166,275,basic,92.267,87.226,93.206,88.083,1.169,1.173
166,276,basic,148.686,64.03,92.952,39.994,1.137,1.139
166,277,basic,128.155,84.091,51.346,33.356,1.018,1.071
166,279,basic,102.543,40.17,75.767,29.447,1.005,1.045
166,281,basic,62.075,42.113,66.06,44.791,0.812,0.814
166,282,basic,75.703,60.012,76.301,61.064,0.855,0.805
166,286,basic,180.445,106.183,186.076,107.431,1.919,2.025
166,287,basic,0.0,0.0,466.195,185.397,,0.962
166,287,gifted,190.0,174.093,0.0,0.0,,
166,288,basic,179.496,160.765,182.26,165.591,1.352,1.291
166,289,basic,156.552,145.624,186.473,172.726,1.38,1.441
166,291,basic,373.989,265.076,387.18,268.22,2.333,2.456
166,292,basic,565.78,321.693,621.012,354.519,1.517,1.576
166,930,basic,399.366,371.243,401.786,372.719,2.437,2.454
166,935,basic,437.97,322.278,457.766,342.668,1.868,1.791
166,939,basic,220.135,98.669,227.589,101.514,1.782,1.814
166,949,basic,373.859,333.484,482.482,432.231,1.559,1.614
166,955,basic,43.346,41.179,49.102,46.647,2.793,2.612
166,971,basic,0.0,0.0,569.065,229.653,,1.134
166,971,gifted,517.006,473.72,0.0,0.0,,
166,972,basic,261.011,202.016,264.113,203.347,1.899,1.921
166,974,basic,86.728,80.503,89.911,84.064,1.259,1.199
166,977,basic,246.361,195.804,202.073,157.768,1.32,1.425
167,103,basic,268.26,249.824,269.219,250.518,1.678,1.683
167,104,basic,128.549,51.259,145.886,59.198,2.421,2.319
167,105,basic,438.917,208.998,300.632,140.47,2.318,2.46
167,105,gifted,179.763,165.386,0.0,0.0,,
167,106,basic,447.148,277.181,334.423,208.951,1.794,1.722
167,106,gifted,114.705,105.53,0.0,0.0,,
167,107,basic,493.888,251.871,494.317,252.052,2.518,2.519
167,109,basic,148.371,106.959,151.037,109.083,2.085,2.072
167,110,basic,401.298,214.452,410.25,219.113,2.132,2.136
167,113,basic,389.969,252.521,258.863,166.769,2.335,2.363
167,113,gifted,134.691,123.918,0.0,0.0,,
167,115,basic,136.718,79.931,156.309,91.358,1.727,1.729
167,117,basic,260.219,171.364,223.844,149.416,2.344,2.242
167,117,gifted,89.725,82.548,0.0,0.0,,
167,118,basic,266.033,141.904,333.089,177.425,2.12,2.131
167,130,basic,655.413,392.338,671.937,401.844,1.723,1.73
167,201,basic,76.467,48.712,82.972,53.15,1.118,1.083
167,202,basic,167.33,84.815,169.82,85.518,1.694,1.741
167,203,basic,265.591,181.75,265.716,181.74,1.34,1.343
167,204,basic,162.464,115.922,103.48,67.776,1.463,2.138
167,208,basic,210.862,177.577,243.542,205.571,1.283,1.356
167,209,basic,150.688,43.914,132.748,38.646,0.787,0.794
167,210,basic,191.959,74.264,190.185,73.719,1.426,1.41
167,211,basic,74.181,44.675,79.947,48.1,1.106,1.115
167,212,gifted,205.641,189.194,0.0,0.0,,
167,215,basic,116.62,65.243,117.826,65.496,0.941,0.977
167,218,basic,161.768,92.447,172.043,98.359,0.766,0.763
167,220,basic,94.494,78.474,96.962,80.153,1.638,1.677
167,221,basic,166.197,109.859,171.213,111.386,1.093,1.191
167,222,basic,142.908,83.878,149.442,86.605,2.312,2.422
167,225,basic,76.704,35.877,77.553,36.262,1.253,1.255
167,226,basic,260.982,166.312,268.11,171.978,1.413,1.378
167,229,basic,252.772,209.327,259.955,213.349,1.16,1.224
167,230,basic,102.859,66.681,74.699,48.378,1.044,1.049
167,233,basic,280.83,162.61,286.892,166.064,0.832,0.835
167,234,basic,77.849,64.35,89.383,72.929,1.194,1.294
167,235,basic,78.75,49.124,79.821,49.441,1.197,1.243
167,236,basic,52.26,47.463,53.089,48.2,1.109,1.112
167,239,basic,263.488,151.894,265.364,152.942,1.762,1.764
167,241,basic,383.334,118.226,374.192,114.796,1.942,1.982
167,242,basic,158.817,108.095,164.707,112.166,1.244,1.241
167,243,basic,221.063,106.423,238.527,114.898,1.007,1.003
167,244,basic,35.724,33.567,35.884,33.897,1.21,1.083
167,245,basic,319.379,286.577,323.696,290.381,1.28,1.285
167,246,basic,235.993,113.055,252.876,120.854,1.225,1.241
167,247,basic,369.868,109.97,360.282,107.527,1.631,1.602
167,248,basic,148.343,88.726,150.498,90.162,0.895,0.883
167,249,basic,28.934,21.693,29.275,21.929,0.937,0.942
167,250,basic,83.041,59.844,86.968,62.662,0.969,0.971
167,251,basic,132.399,59.69,137.462,61.781,1.451,1.474
167,252,basic,242.711,171.226,249.202,175.4,1.495,1.513
167,255,basic,88.272,55.036,89.816,56.133,0.867,0.849
167,257,basic,123.413,108.302,120.459,105.724,1.067,1.066
167,259,basic,164.883,120.524,169.987,124.523,1.335,1.318
167,261,basic,178.037,165.73,183.225,170.579,1.11,1.105
167,262,basic,189.264,144.067,145.588,110.302,1.088,1.123
167,264,basic,82.753,33.922,84.295,34.555,0.942,0.942
167,266,basic,101.696,80.563,98.755,78.432,0.925,0.904
167,267,basic,117.555,106.882,119.786,108.906,1.032,1.033
167,268,basic,114.248,108.536,114.185,108.475,1.069,1.064
167,269,basic,102.693,97.221,93.754,88.766,1.068,1.037
167,270,basic,168.829,115.069,170.697,116.234,1.558,1.565
167,272,basic,39.871,37.781,39.37,37.334,1.073,1.005
167,275,basic,95.362,90.284,96.338,91.184,1.202,1.206
167,276,basic,149.09,66.835,92.944,41.644,1.147,1.15
167,277,basic,127.298,78.686,51.314,31.484,1.026,1.081
167,279,basic,106.53,41.361,78.218,30.187,1.022,1.066
167,281,basic,71.16,45.087,76.081,48.16,0.813,0.82
167,282,basic,77.302,56.317,77.619,56.949,0.87,0.817
167,286,basic,177.903,109.684,183.716,111.523,2.347,2.474
167,287,basic,0.0,0.0,449.236,174.715,,0.957
167,287,gifted,190.0,174.804,0.0,0.0,,
167,288,basic,183.088,162.198,185.88,167.363,1.53,1.431
167,289,basic,154.91,139.099,184.586,165.245,1.399,1.456
167,291,basic,375.536,274.069,389.407,277.858,2.545,2.712
167,292,basic,563.472,317.472,616.839,349.817,1.532,1.583
167,930,basic,399.481,372.665,401.907,374.169,2.431,2.452
167,935,basic,437.229,317.181,456.788,336.308,1.916,1.826
167,939,basic,220.688,104.829,228.382,108.044,1.787,1.823
167,949,basic,374.356,324.38,482.703,420.667,1.578,1.626
167,955,basic,44.941,42.694,50.814,48.274,2.771,2.577
167,971,basic,0.0,0.0,558.441,223.515,,1.129
167,971,gifted,515.336,474.12,0.0,0.0,,
167,972,basic,264.088,203.736,266.971,205.089,1.903,1.928
167,974,basic,86.112,79.748,89.903,83.753,1.239,1.187
167,977,basic,236.451,177.681,197.799,146.621,1.352,1.462
168,103,basic,281.213,248.763,282.403,249.46,1.655,1.664
168,104,basic,125.851,59.177,144.31,68.331,2.231,2.193
168,105,basic,460.413,240.838,315.312,161.932,2.379,2.531
168,105,gifted,183.739,168.648,0.0,0.0,,
168,106,basic,452.784,290.117,339.409,219.295,1.757,1.678
168,106,gifted,115.731,106.226,0.0,0.0,,
168,107,basic,519.588,285.373,520.066,285.578,2.544,2.545
168,109,basic,146.317,103.308,149.224,105.486,2.058,2.049
168,110,basic,389.501,215.706,398.336,220.464,2.156,2.161
168,113,basic,379.044,249.11,253.731,166.648,2.296,2.295
168,113,gifted,132.677,121.781,0.0,0.0,,
168,115,basic,151.454,93.844,173.577,107.464,1.738,1.745
168,117,basic,261.346,169.809,226.807,148.827,2.329,2.247
168,117,gifted,89.425,82.08,0.0,0.0,,
168,118,basic,274.604,156.348,342.622,194.901,2.156,2.164
168,130,basic,656.346,401.541,673.017,411.314,1.712,1.72
168,201,basic,84.638,54.399,92.376,59.604,1.073,1.047
168,202,basic,169.868,89.977,172.428,90.744,1.751,1.803
168,203,basic,247.258,165.951,247.301,165.899,1.313,1.317
168,204,basic,179.724,123.656,108.695,69.079,1.465,2.148
168,208,basic,204.656,159.142,236.826,185.129,1.302,1.372
168,209,basic,147.63,53.161,130.364,46.898,0.787,0.794
168,210,basic,192.361,82.418,190.59,81.767,1.467,1.454
168,211,basic,74.975,46.223,80.651,49.686,1.109,1.116
168,212,gifted,205.999,189.08,0.0,0.0,,
168,215,basic,117.959,66.556,119.188,66.836,0.966,1.004
168,218,basic,159.317,94.509,169.119,100.356,0.77,0.768
168,220,basic,94.106,72.138,96.597,73.706,1.562,1.602
168,221,basic,163.944,103.356,168.637,104.891,1.068,1.16
168,222,basic,149.236,86.159,156.803,89.19,2.408,2.549
168,225,basic,69.201,35.244,69.914,35.599,1.218,1.22
168,226,basic,260.81,157.764,267.975,162.903,1.41,1.382
168,229,basic,256.758,196.998,263.824,200.729,1.169,1.234
168,230,basic,115.495,75.614,83.417,54.625,1.029,1.025
168,233,basic,282.595,167.894,288.683,171.465,0.844,0.846
168,234,basic,74.771,57.432,85.835,65.143,1.215,1.316
168,235,basic,83.636,50.7,84.926,51.062,1.276,1.335
168,236,basic,52.801,43.542,53.732,44.294,1.073,1.075
168,239,basic,267.894,157.107,269.787,158.198,1.764,1.765
168,241,basic,382.142,139.714,373.543,135.759,1.958,2.008
168,242,basic,166.035,110.413,172.157,114.539,1.244,1.241
168,243,basic,217.626,113.305,234.806,122.315,1.006,1.002
168,244,basic,36.186,33.86,36.552,34.417,1.123,1.045
168,245,basic,318.011,253.497,322.335,256.844,1.26,1.265
168,246,basic,227.682,117.862,243.555,125.731,1.218,1.239
168,247,basic,372.799,133.832,363.264,130.875,1.635,1.605
168,248,basic,140.449,86.692,142.33,87.984,0.89,0.878
168,249,basic,29.0,20.772,29.344,21.007,0.891,0.894
168,250,basic,90.725,64.075,95.369,67.331,0.975,0.978
168,251,basic,131.521,62.53,136.493,64.712,1.46,1.484
168,252,basic,236.99,158.103,243.29,161.981,1.499,1.515
168,255,basic,85.474,54.587,86.881,55.608,0.842,0.824
168,257,basic,124.04,98.219,120.726,95.618,1.078,1.076
168,259,basic,160.802,114.302,164.688,117.425,1.318,1.291
168,261,basic,182.074,158.037,187.782,162.955,1.121,1.121
168,262,basic,180.544,130.44,139.046,100.059,1.066,1.099
168,264,basic,77.938,34.819,79.356,35.454,0.933,0.932
168,266,basic,107.128,78.323,104.019,76.21,0.938,0.918
168,267,basic,118.366,96.228,120.678,98.1,1.019,1.019
168,268,basic,106.77,101.432,106.598,101.268,1.066,1.062
168,269,basic,102.743,95.389,93.687,87.065,1.043,1.012
168,270,basic,164.913,110.255,166.73,111.383,1.586,1.592
168,272,basic,41.665,39.305,41.266,39.032,1.059,1.005
168,275,basic,95.899,88.87,96.835,89.702,1.175,1.178
168,276,basic,150.07,72.238,93.725,45.078,1.132,1.137
168,277,basic,123.885,78.037,49.873,31.208,1.03,1.085
168,279,basic,110.018,48.735,80.885,35.631,1.016,1.06
168,281,basic,69.583,44.918,74.823,48.228,0.823,0.835
168,282,basic,77.209,55.147,77.227,55.557,0.905,0.846
168,286,basic,180.182,106.725,185.964,108.562,2.187,2.314
168,287,basic,0.0,0.0,452.699,201.81,,0.958
168,287,gifted,190.0,174.395,0.0,0.0,,
168,288,basic,188.368,154.572,191.557,159.342,1.469,1.381
168,289,basic,154.395,133.721,183.351,158.564,1.37,1.425
168,291,basic,368.604,254.955,382.268,258.653,2.385,2.558
168,292,basic,564.116,331.38,617.414,365.566,1.518,1.569
168,930,basic,399.103,361.445,401.518,362.851,2.391,2.408
168,935,basic,437.591,307.375,457.43,325.355,1.913,1.835
168,939,basic,220.707,111.042,228.327,114.497,1.808,1.842
168,949,basic,376.776,315.287,487.42,410.043,1.567,1.63
168,955,basic,45.858,43.565,52.518,49.892,2.725,2.531
168,971,basic,0.0,0.0,560.166,253.627,,1.129
168,971,gifted,515.64,473.29,0.0,0.0,,
168,972,basic,263.842,192.499,266.873,193.882,1.93,1.958
168,974,basic,85.92,77.093,89.28,80.696,1.222,1.165
168,977,basic,236.249,171.026,197.619,141.284,1.343,1.453
169,103,basic,272.574,229.451,273.342,230.029,1.613,1.614
169,104,basic,145.763,58.391,156.079,65.408,2.585,2.39
169,105,basic,442.462,215.851,308.123,146.283,2.245,2.364
169,105,gifted,179.148,164.448,0.0,0.0,,
169,106,basic,456.605,275.009,338.24,206.509,1.814,1.738
169,106,gifted,115.547,106.066,0.0,0.0,,
169,107,basic,518.001,257.228,518.479,257.424,2.478,2.478
169,109,basic,152.625,97.15,155.341,99.114,2.135,2.125
169,110,basic,393.861,201.942,402.855,206.388,2.144,2.147
169,113,basic,393.004,230.545,265.705,154.071,2.357,2.404
169,113,gifted,135.171,124.08,0.0,0.0,,
169,115,basic,140.887,84.621,161.255,96.777,1.71,1.714
169,117,basic,264.675,154.863,227.706,136.234,2.32,2.222
169,117,gifted,89.885,82.51,0.0,0.0,,
169,118,basic,268.578,142.529,338.783,178.944,2.115,2.136
169,130,basic,655.731,384.793,672.125,393.941,1.708,1.713
169,201,basic,71.889,49.843,77.518,54.193,0.997,0.97
169,202,basic,170.689,92.105,173.335,92.509,1.623,1.668
169,203,basic,251.013,176.001,251.07,175.876,1.273,1.277
169,204,basic,183.334,128.711,110.436,68.181,1.422,2.009
169,208,basic,208.006,165.92,239.475,189.878,1.217,1.285
169,209,basic,154.856,64.075,136.103,56.225,0.766,0.771
169,210,basic,192.822,87.942,190.958,87.416,1.373,1.356
169,211,basic,72.925,48.037,78.627,51.725,1.11,1.118
169,212,gifted,206.121,189.208,0.0,0.0,,
169,215,basic,116.485,71.503,117.95,71.639,0.928,0.963
169,218,basic,152.658,100.964,162.209,107.335,0.763,0.761
169,220,basic,89.527,71.202,91.689,72.425,1.329,1.356
169,221,basic,164.383,112.207,169.304,113.296,0.946,1.011
169,222,basic,151.248,85.908,158.729,87.937,2.052,2.164
169,225,basic,84.52,45.966,85.448,46.449,1.192,1.194
169,226,basic,261.883,165.746,268.928,171.206,1.279,1.266
169,229,basic,256.511,206.713,263.393,209.493,1.148,1.198
169,230,basic,113.036,80.226,82.331,58.354,0.979,0.982
169,233,basic,277.378,183.117,283.282,186.953,0.806,0.808
169,234,basic,75.348,60.791,86.248,68.178,1.155,1.243
169,235,basic,84.443,53.57,85.833,53.731,1.225,1.273
169,236,basic,51.299,44.092,52.256,44.884,1.011,1.013
169,239,basic,275.375,163.075,277.276,164.172,1.69,1.691
169,241,basic,385.427,143.153,376.244,138.923,1.869,1.894
169,242,basic,154.318,108.257,159.515,112.041,1.204,1.2
169,243,basic,213.404,122.303,230.164,132.029,0.971,0.968
169,244,basic,37.591,34.733,37.897,35.357,1.064,1.011
169,245,basic,318.76,262.328,322.897,265.595,1.23,1.234
169,246,basic,228.109,127.691,242.999,135.767,1.136,1.142
169,247,basic,375.112,140.69,365.768,138.125,1.586,1.556
169,248,basic,144.235,98.108,146.198,99.716,0.864,0.853
169,249,basic,33.309,25.987,33.695,26.269,0.851,0.853
169,250,basic,82.825,63.269,86.986,66.428,0.958,0.96
169,251,basic,133.293,67.413,138.16,69.565,1.324,1.343
169,252,basic,244.32,167.649,250.725,171.506,1.416,1.429
169,255,basic,88.464,62.349,90.116,63.738,0.819,0.804
169,257,basic,124.895,104.401,121.807,101.809,1.065,1.066
169,259,basic,155.414,115.725,158.811,118.987,1.25,1.221
169,261,basic,171.309,151.828,176.318,156.359,1.068,1.064
169,262,basic,181.986,139.84,140.44,107.033,1.058,1.092
169,264,basic,82.582,40.795,84.095,41.545,0.925,0.925
169,266,basic,104.713,83.219,101.654,81.18,0.883,0.86
169,267,basic,115.59,99.377,117.93,101.373,1.019,1.02
169,268,basic,106.928,101.581,106.778,101.439,1.067,1.064
169,269,basic,104.035,95.507,94.907,87.263,1.039,1.006
169,270,basic,166.341,113.488,168.198,114.61,1.483,1.487
169,272,basic,41.792,39.046,41.392,38.893,1.022,0.976
169,275,basic,93.608,86.037,94.513,86.812,1.128,1.131
169,276,basic,149.824,78.659,93.942,49.241,1.081,1.087
169,277,basic,128.257,87.541,51.398,34.682,1.009,1.056
169,279,basic,100.59,49.338,74.229,36.081,0.987,1.023
169,281,basic,66.339,47.424,70.749,50.542,0.799,0.802
169,282,basic,75.314,58.371,75.378,59.204,0.895,0.84
169,286,basic,178.54,107.486,184.274,108.314,1.744,1.844
169,287,basic,0.0,0.0,457.069,226.494,,0.947
169,287,gifted,190.0,174.409,0.0,0.0,,
169,288,basic,179.555,149.501,182.359,154.425,1.334,1.278
169,289,basic,153.128,130.22,182.779,153.75,1.37,1.434
169,291,basic,374.721,244.223,387.685,246.775,2.171,2.273
169,292,basic,566.902,335.804,621.106,366.621,1.495,1.554
169,930,basic,398.824,334.401,401.249,335.304,2.298,2.312
169,935,basic,437.816,297.113,457.622,316.752,1.792,1.713
169,939,basic,219.109,111.247,226.488,114.303,1.657,1.686
169,949,basic,378.754,308.009,488.832,396.917,1.527,1.582
169,955,basic,44.494,42.269,50.004,47.504,2.83,2.651
169,971,basic,0.0,0.0,571.804,281.249,,1.124
169,971,gifted,517.221,474.78,0.0,0.0,,
169,972,basic,260.621,183.155,263.779,184.25,1.842,1.864
169,974,basic,87.794,77.914,91.274,81.862,1.204,1.158
169,977,basic,240.174,180.964,198.864,146.474,1.295,1.401
170,103,basic,272.346,239.954,273.174,240.584,1.637,1.639
170,104,basic,144.484,51.868,158.258,59.023,2.663,2.485
170,105,basic,455.686,209.818,315.907,141.699,2.28,2.415
170,105,gifted,180.961,165.825,0.0,0.0,,
170,106,basic,462.496,272.315,345.964,206.349,1.777,1.698
170,106,gifted,116.432,106.694,0.0,0.0,,
170,107,basic,528.177,251.575,528.688,251.779,2.544,2.545
170,109,basic,151.694,97.368,154.217,99.22,2.162,2.151
170,110,basic,396.911,191.519,405.871,195.726,2.096,2.099
170,113,basic,397.817,238.628,269.451,160.263,2.331,2.366
170,113,gifted,136.054,124.674,0.0,0.0,,
170,115,basic,140.425,80.851,160.777,92.471,1.72,1.726
170,117,basic,266.452,154.395,227.933,134.905,2.357,2.247
170,117,gifted,90.43,82.866,0.0,0.0,,
170,118,basic,256.386,129.462,323.933,163.022,2.146,2.164
170,130,basic,666.642,366.885,683.152,375.621,1.679,1.683
170,201,basic,81.615,56.553,89.182,62.075,0.992,0.977
170,202,basic,170.273,88.648,173.0,89.147,1.691,1.742
170,203,basic,258.556,183.709,258.619,183.6,1.343,1.347
170,204,basic,184.119,136.41,111.175,72.486,1.379,2.063
170,208,basic,207.96,171.941,240.251,197.994,1.223,1.283
170,209,basic,148.57,48.383,129.932,42.28,0.772,0.776
170,210,basic,191.515,76.359,189.62,75.86,1.38,1.36
170,211,basic,76.093,49.283,83.212,53.776,1.124,1.137
170,212,gifted,205.79,188.577,0.0,0.0,,
170,215,basic,119.927,67.543,121.181,67.753,0.923,0.95
170,218,basic,156.473,97.586,165.957,103.573,0.761,0.758
170,220,basic,88.396,74.145,90.56,75.507,1.354,1.386
170,221,basic,165.891,106.459,170.927,107.617,1.035,1.111
170,222,basic,147.948,88.039,155.596,90.419,2.098,2.227
170,225,basic,82.014,41.157,82.915,41.595,1.209,1.211
170,226,basic,258.698,158.615,265.628,163.825,1.249,1.232
170,229,basic,247.942,211.662,255.125,214.944,1.136,1.198
170,230,basic,112.935,79.948,82.287,58.225,1.008,1.007
170,233,basic,278.296,172.702,284.227,176.328,0.82,0.821
170,234,basic,79.196,66.575,92.099,75.826,1.25,1.36
170,235,basic,83.55,50.712,85.012,50.928,1.288,1.344
170,236,basic,53.156,46.84,54.144,47.685,1.056,1.058
170,239,basic,282.749,169.39,284.689,170.531,1.693,1.693
170,241,basic,384.567,123.481,375.745,119.339,1.89,1.947
170,242,basic,157.874,110.861,163.717,115.075,1.239,1.235
170,243,basic,220.695,115.773,238.089,124.979,0.986,0.983
170,244,basic,38.151,35.716,38.49,36.266,1.104,1.035
170,245,basic,319.046,276.685,322.998,280.044,1.215,1.219
170,246,basic,222.778,115.473,238.3,123.172,1.159,1.171
170,247,basic,365.264,115.961,355.485,113.458,1.569,1.541
170,248,basic,143.831,94.059,145.782,95.543,0.89,0.879
170,249,basic,32.794,25.519,33.194,25.82,0.857,0.859
170,250,basic,82.161,64.133,86.638,67.577,0.97,0.975
170,251,basic,136.497,61.374,141.526,63.378,1.385,1.406
170,252,basic,249.698,174.972,256.22,179.038,1.458,1.472
170,255,basic,88.414,60.627,90.14,62.004,0.845,0.83
170,257,basic,126.517,110.517,123.267,107.702,1.098,1.097
170,259,basic,164.681,129.57,169.065,133.658,1.243,1.218
170,261,basic,167.39,153.785,172.244,158.262,1.08,1.074
170,262,basic,182.792,143.726,141.193,110.286,1.064,1.097
170,264,basic,78.959,32.524,80.405,33.121,0.956,0.956
170,266,basic,104.758,83.455,101.698,81.337,0.91,0.888
170,267,basic,115.457,103.029,117.8,105.107,1.034,1.035
170,268,basic,106.892,101.548,106.807,101.467,1.052,1.049
170,269,basic,106.424,100.074,97.185,91.383,1.079,1.048
170,270,basic,150.831,108.871,152.581,110.024,1.485,1.489
170,272,basic,42.506,40.125,42.074,39.799,1.064,1.01
170,275,basic,93.391,87.964,94.342,88.807,1.183,1.188
170,276,basic,145.129,66.413,90.46,41.37,1.154,1.155
170,277,basic,125.945,85.003,50.398,33.673,1.011,1.061
170,279,basic,99.863,42.306,73.338,30.838,0.995,1.031
170,281,basic,68.153,47.535,73.309,50.993,0.825,0.838
170,282,basic,78.229,62.499,78.494,63.36,0.884,0.832
170,286,basic,174.453,104.304,180.299,105.424,1.86,1.973
170,287,basic,0.0,0.0,451.449,194.362,,0.943
170,287,gifted,190.0,174.108,0.0,0.0,,
170,288,basic,180.163,159.29,183.038,164.389,1.38,1.317
170,289,basic,158.167,142.818,188.866,169.22,1.417,1.481
170,291,basic,373.307,259.399,385.976,262.689,2.212,2.315
170,292,basic,564.981,324.273,618.469,354.871,1.494,1.543
170,930,basic,399.186,366.626,401.607,367.891,2.412,2.429
170,935,basic,438.047,311.652,457.831,330.871,1.875,1.802
170,939,basic,219.772,102.459,227.227,105.364,1.701,1.732
170,949,basic,375.6,326.754,485.203,421.448,1.552,1.614
170,955,basic,45.796,43.507,52.766,50.128,2.736,2.546
170,971,basic,0.0,0.0,557.005,241.613,,1.122
170,971,gifted,515.909,472.756,0.0,0.0,,
170,972,basic,262.769,196.329,265.973,197.59,1.891,1.916
170,974,basic,88.784,81.807,92.058,85.53,1.303,1.247
170,977,basic,235.742,188.407,196.231,153.813,1.293,1.4
171,103,basic,259.863,227.831,260.7,228.429,1.657,1.659
171,104,basic,129.296,54.807,144.343,62.642,2.359,2.263
171,105,basic,461.91,224.018,318.25,150.077,2.258,2.392
171,105,gifted,184.548,168.956,0.0,0.0,,
171,106,basic,447.04,284.049,332.247,214.563,1.721,1.631
171,106,gifted,116.006,106.205,0.0,0.0,,
171,107,basic,511.81,254.102,512.126,254.23,2.516,2.517
171,109,basic,148.29,100.833,150.778,102.907,2.106,2.09
171,110,basic,389.126,221.035,398.474,226.069,2.07,2.076
171,113,basic,388.211,236.373,261.863,158.291,2.33,2.358
171,113,gifted,134.193,122.855,0.0,0.0,,
171,115,basic,136.03,81.177,155.907,92.945,1.709,1.714
171,117,basic,257.434,163.349,221.355,143.157,2.334,2.241
171,117,gifted,89.629,82.057,0.0,0.0,,
171,118,basic,260.976,141.397,325.989,176.364,2.08,2.088
171,130,basic,651.366,415.793,667.706,425.614,1.665,1.671
171,201,basic,76.643,50.288,83.831,55.324,1.007,0.99
171,202,basic,169.488,87.184,172.158,87.639,1.637,1.683
171,203,basic,258.078,172.164,258.16,172.065,1.322,1.326
171,204,basic,184.944,124.293,114.022,67.142,1.464,2.129
171,208,basic,203.267,166.791,235.411,192.653,1.255,1.324
171,209,basic,140.676,54.457,123.851,47.899,0.761,0.764
171,210,basic,193.049,87.118,191.162,86.563,1.39,1.372
171,211,basic,71.755,44.146,77.901,47.858,1.121,1.13
171,212,gifted,205.944,188.545,0.0,0.0,,
171,215,basic,120.597,76.453,121.777,76.711,0.864,0.886
171,218,basic,158.384,98.993,168.108,105.133,0.759,0.757
171,220,basic,95.71,76.173,98.048,77.508,1.355,1.386
171,221,basic,166.026,120.262,170.788,121.54,0.947,1.01
171,222,basic,140.493,79.225,147.866,81.313,1.957,2.08
171,225,basic,87.253,44.782,88.194,45.247,1.202,1.204
171,226,basic,254.398,176.565,261.339,182.179,1.212,1.203
171,229,basic,248.316,196.438,255.292,199.203,1.137,1.196
171,230,basic,108.591,70.744,78.776,51.179,1.04,1.049
171,233,basic,283.134,178.311,289.107,182.025,0.838,0.839
171,234,basic,78.187,60.769,89.938,68.463,1.18,1.279
171,235,basic,90.986,58.427,92.461,58.616,1.238,1.288
171,236,basic,47.739,41.776,48.59,42.496,1.083,1.086
171,239,basic,276.024,155.609,277.961,156.678,1.705,1.706
171,241,basic,385.654,137.126,376.883,132.371,1.867,1.927
171,242,basic,151.307,103.056,156.383,106.613,1.202,1.198
171,243,basic,214.403,115.665,231.227,124.827,0.981,0.978
171,244,basic,37.318,34.589,37.74,35.268,1.068,1.019
171,245,basic,319.673,277.785,323.732,281.184,1.2,1.205
171,246,basic,235.245,121.775,252.73,130.181,1.215,1.235
171,247,basic,366.16,131.076,357.065,128.438,1.558,1.535
171,248,basic,147.452,92.898,149.481,94.385,0.884,0.874
171,249,basic,28.971,22.274,29.271,22.497,0.868,0.869
171,250,basic,88.856,63.388,93.683,66.784,0.966,0.97
171,251,basic,136.834,70.445,141.592,72.622,1.364,1.381
171,252,basic,239.133,166.245,245.423,170.145,1.429,1.443
171,255,basic,88.271,57.732,90.013,59.063,0.825,0.81
171,257,basic,123.524,103.961,120.975,101.763,1.087,1.09
171,259,basic,162.956,112.354,167.904,116.143,1.321,1.304
171,261,basic,175.606,156.668,181.175,161.648,1.065,1.062
171,262,basic,189.951,142.81,146.758,109.398,1.08,1.12
171,264,basic,80.779,41.236,82.249,41.988,0.906,0.905
171,266,basic,106.162,85.859,103.074,83.724,0.903,0.88
171,267,basic,115.62,101.292,117.952,103.322,1.039,1.039
171,268,basic,107.074,101.72,107.126,101.769,1.086,1.083
171,269,basic,106.432,98.79,97.344,90.449,1.029,0.994
171,270,basic,164.283,105.189,166.143,106.238,1.49,1.495
171,272,basic,41.47,38.73,41.049,38.542,1.029,0.986
171,275,basic,96.829,90.034,97.72,90.811,1.109,1.112
171,276,basic,152.998,80.152,95.696,50.033,1.104,1.11
171,277,basic,130.881,83.638,51.799,32.81,0.992,1.032
171,279,basic,102.461,47.557,74.51,34.333,0.984,1.016
171,281,basic,67.951,44.743,73.091,48.002,0.816,0.827
171,282,basic,78.881,56.66,79.207,57.538,0.881,0.83
171,286,basic,174.914,113.002,180.613,114.049,1.753,1.857
171,287,basic,0.0,0.0,453.359,209.678,,0.951
171,287,gifted,190.0,173.947,0.0,0.0,,
171,288,basic,180.588,153.396,183.685,157.984,1.273,1.229
171,289,basic,158.172,129.263,187.994,152.748,1.356,1.406
171,291,basic,372.705,258.902,385.373,261.904,2.183,2.285
171,292,basic,567.194,330.942,621.378,363.783,1.478,1.524
171,930,basic,399.259,329.079,401.676,330.217,2.303,2.315
171,935,basic,438.303,294.358,458.305,313.079,1.833,1.765
171,939,basic,217.211,110.76,224.576,113.903,1.721,1.75
171,949,basic,383.963,300.894,495.557,389.005,1.539,1.592
171,955,basic,46.255,43.942,53.111,50.455,2.783,2.568
171,971,basic,0.0,0.0,566.416,262.36,,1.132
171,971,gifted,516.579,472.934,0.0,0.0,,
171,972,basic,262.416,186.445,265.395,187.593,1.849,1.869
171,974,basic,89.769,76.81,92.929,80.516,1.204,1.149
171,977,basic,237.391,169.53,195.637,137.092,1.268,1.365
172,103,basic,285.621,232.743,286.461,233.357,1.62,1.622
172,104,basic,139.669,52.469,149.055,58.341,2.6,2.396
172,105,basic,445.053,199.956,309.687,136.202,2.252,2.37
172,105,gifted,181.216,166.051,0.0,0.0,,
172,106,basic,474.224,267.39,352.471,200.651,1.834,1.762
172,106,gifted,118.424,108.513,0.0,0.0,,
172,107,basic,513.143,238.582,513.534,238.739,2.526,2.527
172,109,basic,145.657,90.782,148.184,92.565,2.133,2.121
172,110,basic,400.156,204.23,409.234,208.698,2.1,2.105
172,113,basic,395.496,219.037,268.74,147.049,2.395,2.451
172,113,gifted,134.606,123.341,0.0,0.0,,
172,115,basic,155.161,84.252,177.436,96.315,1.735,1.737
172,117,basic,265.722,155.681,229.653,136.711,2.309,2.219
172,117,gifted,89.875,82.353,0.0,0.0,,
172,118,basic,272.001,135.04,340.552,168.703,2.115,2.128
172,130,basic,657.82,378.27,674.53,387.311,1.69,1.698
172,201,basic,78.903,54.163,85.419,58.967,0.989,0.966
172,202,basic,169.535,92.946,172.125,93.531,1.663,1.71
172,203,basic,265.086,185.727,265.183,185.658,1.323,1.327
172,204,basic,174.328,126.327,107.089,69.365,1.382,2.036
172,208,basic,198.998,159.71,231.172,183.45,1.244,1.305
172,209,basic,150.179,59.993,132.415,52.819,0.78,0.787
172,210,basic,193.629,91.223,191.827,90.607,1.39,1.374
172,211,basic,78.634,50.866,84.402,54.545,1.104,1.111
172,212,gifted,205.939,188.705,0.0,0.0,,
172,215,basic,116.933,75.772,118.292,75.991,0.953,0.988
172,218,basic,154.177,99.33,163.759,105.555,0.766,0.764
172,220,basic,90.511,75.358,92.699,76.732,1.35,1.382
172,221,basic,161.966,120.113,166.448,121.567,0.952,1.017
172,222,basic,145.595,87.202,152.908,89.631,2.047,2.174
172,225,basic,82.749,44.899,83.632,45.363,1.177,1.179
172,226,basic,256.125,180.021,263.1,186.154,1.311,1.288
172,229,basic,246.316,202.765,253.06,205.854,1.143,1.204
172,230,basic,111.936,76.637,81.619,55.882,1.015,1.012
172,233,basic,277.716,181.351,283.609,185.153,0.824,0.825
172,234,basic,76.795,62.83,87.818,70.716,1.174,1.263
172,235,basic,77.5,52.417,78.726,52.685,1.214,1.263
172,236,basic,55.015,49.233,55.995,50.084,1.058,1.06
172,239,basic,279.223,167.481,281.193,168.634,1.738,1.739
172,241,basic,387.024,146.479,377.754,141.983,1.912,1.951
172,242,basic,155.231,110.787,160.47,114.619,1.229,1.225
172,243,basic,214.615,120.16,231.469,129.701,0.977,0.973
172,244,basic,40.437,37.624,40.651,38.146,1.119,1.049
172,245,basic,322.24,286.582,326.474,290.301,1.236,1.24
172,246,basic,220.156,121.298,235.106,129.273,1.163,1.173
172,247,basic,370.111,139.42,360.723,136.488,1.612,1.587
172,248,basic,148.917,97.831,151.123,99.476,0.899,0.888
172,249,basic,28.781,23.005,29.126,23.268,0.882,0.884
172,250,basic,87.608,65.147,92.166,68.519,0.959,0.961
172,251,basic,129.959,69.226,134.767,71.546,1.39,1.409
172,252,basic,237.153,170.936,243.358,174.961,1.429,1.444
172,255,basic,87.3,59.2,88.951,60.49,0.843,0.828
172,257,basic,119.569,103.526,116.533,100.925,1.071,1.07
172,259,basic,162.568,118.943,167.336,122.901,1.29,1.268
172,261,basic,168.801,154.029,173.453,158.312,1.056,1.051
172,262,basic,183.444,143.912,141.128,110.086,1.062,1.093
172,264,basic,79.751,41.804,81.193,42.562,0.916,0.915
172,266,basic,105.668,87.378,102.662,85.179,0.909,0.888
172,267,basic,115.588,105.655,117.824,107.692,1.02,1.02
172,268,basic,108.678,103.244,108.612,103.181,1.067,1.064
172,269,basic,106.432,99.587,97.199,90.951,1.078,1.047
172,270,basic,159.798,108.472,161.623,109.584,1.507,1.513
172,272,basic,42.983,40.346,42.583,40.14,1.054,1.003
172,275,basic,87.705,81.827,88.617,82.628,1.212,1.216
172,276,basic,147.789,79.435,91.648,49.204,1.148,1.151
172,277,basic,127.533,84.378,51.2,33.539,1.016,1.07
172,279,basic,102.941,49.513,76.14,36.34,0.998,1.039
172,281,basic,70.788,48.575,75.691,51.882,0.808,0.813
172,282,basic,76.509,57.379,76.882,58.195,0.865,0.815
172,286,basic,170.529,116.299,176.015,117.748,1.764,1.869
172,287,basic,0.0,0.0,455.077,217.762,,0.956
172,287,gifted,190.0,174.099,0.0,0.0,,
172,288,basic,193.236,165.708,196.522,171.057,1.4,1.337
172,289,basic,154.779,119.546,184.304,140.878,1.343,1.4
172,291,basic,375.029,255.301,388.102,258.366,2.257,2.374
172,292,basic,565.657,325.324,621.044,352.896,1.511,1.575
172,930,basic,399.139,337.674,401.557,338.834,2.31,2.324
172,935,basic,437.97,291.926,457.758,309.447,1.819,1.736
172,939,basic,219.424,113.752,226.785,116.932,1.702,1.732
172,949,basic,378.735,287.83,489.083,368.985,1.569,1.615
172,955,basic,44.376,42.157,50.574,48.046,2.835,2.643
172,971,basic,0.0,0.0,555.602,269.698,,1.113
172,971,gifted,515.585,472.437,0.0,0.0,,
172,972,basic,266.397,185.469,269.427,186.726,1.867,1.89
172,974,basic,87.025,77.702,90.361,81.444,1.205,1.153
172,977,basic,240.007,179.318,199.047,146.1,1.321,1.428
173,103,basic,267.634,240.356,268.527,240.984,1.621,1.625
173,104,basic,132.139,51.586,143.397,57.335,2.26,2.146
173,105,basic,437.622,199.887,305.669,136.413,2.263,2.396
173,105,gifted,179.4,164.299,0.0,0.0,,
173,106,basic,470.0,277.47,347.475,207.6,1.81,1.724
173,106,gifted,118.432,108.463,0.0,0.0,,
173,107,basic,512.818,246.63,513.158,246.767,2.512,2.513
173,109,basic,142.589,96.326,144.827,98.058,2.078,2.067
173,110,basic,406.017,204.715,415.583,209.332,2.104,2.11
173,113,basic,395.954,239.848,268.143,161.834,2.326,2.34
173,113,gifted,137.053,125.516,0.0,0.0,,
173,115,basic,153.97,86.952,176.155,99.432,1.745,1.748
173,117,basic,257.911,157.996,222.365,138.397,2.315,2.224
173,117,gifted,89.396,81.871,0.0,0.0,,
173,118,basic,261.1,132.951,328.971,166.981,2.112,2.131
173,130,basic,676.894,386.717,693.797,395.846,1.716,1.723
173,201,basic,76.636,50.779,82.72,55.233,1.049,1.014
173,202,basic,167.127,87.059,169.476,87.664,1.606,1.644
173,203,basic,246.925,172.658,247.064,172.646,1.304,1.307
173,204,basic,186.022,134.635,111.963,72.519,1.419,2.084
173,208,basic,211.86,176.462,243.304,201.945,1.242,1.309
173,209,basic,145.407,45.986,128.641,40.616,0.783,0.792
173,210,basic,191.591,76.799,189.759,76.263,1.39,1.373
173,211,basic,79.663,49.654,86.515,53.835,1.118,1.13
173,212,gifted,206.221,188.862,0.0,0.0,,
173,215,basic,115.533,67.849,116.623,68.093,0.87,0.894
173,218,basic,149.421,89.995,158.766,95.676,0.76,0.758
173,220,basic,87.445,73.221,89.73,74.643,1.418,1.456
173,221,basic,164.402,112.028,169.089,113.364,0.969,1.041
173,222,basic,142.327,87.18,148.954,89.488,1.914,2.028
173,225,basic,85.666,41.647,86.567,42.068,1.245,1.247
173,226,basic,255.168,164.537,262.005,170.075,1.299,1.275
173,229,basic,249.28,209.59,256.098,212.701,1.147,1.211
173,230,basic,108.524,72.429,77.862,51.944,1.08,1.079
173,233,basic,280.891,169.981,286.893,173.564,0.842,0.843
173,234,basic,76.439,63.717,88.465,72.42,1.219,1.324
173,235,basic,76.817,49.243,77.795,49.509,1.14,1.175
173,236,basic,52.696,47.149,53.457,47.817,1.096,1.097
173,239,basic,272.31,158.855,274.308,159.965,1.73,1.732
173,241,basic,387.417,122.836,378.155,119.045,1.916,1.958
173,242,basic,155.877,108.909,161.198,112.71,1.212,1.209
173,243,basic,217.134,110.204,234.377,119.038,0.98,0.976
173,244,basic,38.258,35.769,38.661,36.387,1.164,1.081
173,245,basic,318.627,283.289,322.798,287.073,1.262,1.264
173,246,basic,235.461,118.65,251.277,126.443,1.155,1.161
173,247,basic,370.705,114.898,361.293,112.553,1.618,1.589
173,248,basic,143.018,89.911,145.016,91.355,0.883,0.872
173,249,basic,32.173,25.147,32.592,25.459,0.852,0.855
173,250,basic,88.712,66.359,93.158,69.657,0.955,0.958
173,251,basic,134.623,62.044,139.447,64.065,1.41,1.428
173,252,basic,243.412,171.433,249.816,175.498,1.476,1.49
173,255,basic,88.268,57.818,89.968,59.085,0.848,0.833
173,257,basic,122.914,108.311,120.15,105.862,1.064,1.065
173,259,basic,161.03,121.19,164.869,124.714,1.263,1.232
173,261,basic,167.898,155.1,172.624,159.469,1.084,1.079
173,262,basic,189.504,147.246,146.058,112.786,1.082,1.117
173,264,basic,80.754,34.609,82.24,35.248,0.939,0.939
173,266,basic,107.118,86.601,104.136,84.47,0.906,0.885
173,267,basic,120.144,109.952,122.378,111.993,1.034,1.035
173,268,basic,113.68,107.996,113.787,108.097,1.071,1.067
173,269,basic,105.989,100.034,97.041,91.602,1.036,1.003
173,270,basic,156.879,108.744,158.695,109.883,1.503,1.509
173,272,basic,42.315,39.951,41.978,39.714,1.056,1.001
173,275,basic,95.801,90.503,96.687,91.312,1.186,1.189
173,276,basic,154.881,72.353,96.745,45.145,1.111,1.115
173,277,basic,128.926,82.949,51.782,32.998,1.019,1.072
173,279,basic,111.696,46.004,82.42,33.702,1.006,1.045
173,281,basic,65.238,43.469,69.8,46.457,0.807,0.813
173,282,basic,77.176,58.3,77.485,59.119,0.891,0.836
173,286,basic,181.555,114.176,187.365,115.421,1.938,2.057
173,287,basic,0.0,0.0,457.057,188.775,,0.96
173,287,gifted,190.0,174.007,0.0,0.0,,
173,288,basic,186.354,165.782,189.405,170.825,1.376,1.316
173,289,basic,156.147,137.046,186.24,162.224,1.394,1.457
173,291,basic,372.038,266.437,385.046,269.506,2.239,2.364
173,292,basic,561.197,316.32,616.595,346.69,1.511,1.578
173,930,basic,399.013,367.82,401.431,369.374,2.361,2.373
173,935,basic,437.648,310.119,457.354,329.297,1.835,1.753
173,939,basic,219.619,104.498,226.998,107.488,1.716,1.746
173,949,basic,376.306,319.142,486.618,412.383,1.58,1.642
173,955,basic,45.536,43.259,51.744,49.157,2.813,2.627
173,971,basic,0.0,0.0,558.278,234.985,,1.132
173,971,gifted,515.908,472.482,0.0,0.0,,
173,972,basic,261.801,197.17,264.267,198.313,1.823,1.839
173,974,basic,85.142,78.047,88.545,81.828,1.267,1.213
173,977,basic,241.813,185.221,200.271,150.786,1.331,1.437
174,103,basic,275.314,248.606,276.298,249.26,1.656,1.66
174,104,basic,120.797,41.009,132.781,45.866,2.108,2.043
174,105,basic,449.773,180.864,311.326,121.443,2.257,2.382
174,105,gifted,182.049,166.755,0.0,0.0,,
174,106,basic,476.168,268.184,354.013,203.7,1.708,1.609
174,106,gifted,118.988,108.991,0.0,0.0,,
174,107,basic,522.966,222.561,523.36,222.682,2.495,2.496
174,109,basic,152.601,99.095,155.354,101.153,2.013,2.003
174,110,basic,379.785,164.07,388.821,167.73,2.078,2.084
174,113,basic,391.368,225.16,266.373,153.079,2.283,2.285
174,113,gifted,134.805,123.48,0.0,0.0,,
174,115,basic,144.55,77.019,165.601,88.128,1.731,1.736
174,117,basic,259.22,145.175,224.594,127.941,2.263,2.192
174,117,gifted,89.818,82.272,0.0,0.0,,
174,118,basic,267.926,123.398,335.068,153.874,2.076,2.089
174,130,basic,681.076,345.467,698.247,353.455,1.71,1.717
174,201,basic,81.786,59.64,88.051,64.693,0.922,0.901
174,202,basic,167.058,86.333,169.551,86.699,1.534,1.573
174,203,basic,254.517,191.713,254.632,191.624,1.287,1.291
174,204,basic,176.275,138.478,108.915,73.938,1.358,1.982
174,208,basic,207.044,180.875,238.737,206.467,1.196,1.261
174,209,basic,148.918,40.385,130.248,35.273,0.777,0.781
174,210,basic,192.856,68.409,191.069,68.07,1.374,1.356
174,211,basic,78.543,51.871,84.83,55.916,1.105,1.115
174,212,gifted,205.522,188.256,0.0,0.0,,
174,215,basic,117.215,66.839,118.442,67.019,0.873,0.897
174,218,basic,164.929,103.485,176.137,110.561,0.762,0.761
174,220,basic,86.191,73.625,88.233,74.931,1.339,1.367
174,221,basic,168.102,114.468,172.949,115.52,0.952,1.01
174,222,basic,143.277,92.482,150.011,94.449,1.798,1.895
174,225,basic,78.42,37.335,79.273,37.72,1.187,1.189
174,226,basic,260.47,163.566,267.415,169.031,1.244,1.23
174,229,basic,252.485,229.557,259.567,232.899,1.146,1.2
174,230,basic,118.88,87.177,86.494,63.343,1.021,1.022
174,233,basic,277.66,173.384,283.584,177.014,0.829,0.83
174,234,basic,74.223,65.524,85.438,74.188,1.198,1.291
174,235,basic,80.821,51.82,81.967,51.987,1.138,1.173
174,236,basic,52.447,47.247,53.292,47.986,1.075,1.076
174,239,basic,275.431,164.562,277.345,165.646,1.682,1.684
174,241,basic,386.114,103.224,376.832,99.819,1.877,1.914
174,242,basic,157.372,116.367,163.336,120.929,1.222,1.218
174,243,basic,218.238,109.822,235.593,118.661,0.967,0.964
174,244,basic,36.492,34.207,36.672,34.586,1.126,1.04
174,245,basic,317.371,289.939,321.472,293.751,1.23,1.235
174,246,basic,231.496,115.329,246.895,122.829,1.124,1.128
174,247,basic,371.671,97.346,362.201,95.455,1.573,1.547
174,248,basic,146.299,97.62,148.463,99.335,0.888,0.878
174,249,basic,30.11,25.484,30.494,25.807,0.854,0.854
174,250,basic,85.82,72.345,90.054,75.895,0.937,0.938
174,251,basic,136.645,57.577,141.545,59.358,1.328,1.347
174,252,basic,228.429,170.413,234.603,174.433,1.385,1.398
174,255,basic,89.868,63.548,91.697,65.069,0.845,0.832
174,257,basic,117.064,108.407,114.383,105.988,1.094,1.096
174,259,basic,164.889,137.351,168.838,141.464,1.245,1.217
174,261,basic,174.612,162.806,179.767,167.572,1.124,1.117
174,262,basic,192.21,162.281,147.74,123.637,1.071,1.107
174,264,basic,79.634,30.186,81.095,30.742,0.896,0.896
174,266,basic,101.96,88.976,99.061,86.874,0.873,0.851
174,267,basic,124.528,117.474,126.89,119.7,1.024,1.024
174,268,basic,106.231,100.919,105.968,100.67,1.076,1.071
174,269,basic,104.544,98.881,95.477,90.323,1.059,1.028
174,270,basic,164.006,125.28,165.855,126.51,1.432,1.436
174,272,basic,40.777,38.555,40.284,38.135,1.091,1.026
174,275,basic,96.035,90.827,96.959,91.666,1.194,1.198
174,276,basic,151.88,65.02,95.269,40.727,1.125,1.129
174,277,basic,123.222,85.315,49.528,33.88,1.008,1.054
174,279,basic,102.556,39.159,74.885,28.358,0.986,1.015
174,281,basic,63.348,46.094,67.507,49.077,0.799,0.803
174,282,basic,74.916,64.61,75.226,65.775,0.865,0.813
174,286,basic,173.439,111.007,179.011,111.819,1.685,1.777
174,287,basic,0.0,0.0,447.065,173.394,,0.938
174,287,gifted,190.0,174.038,0.0,0.0,,
174,288,basic,193.54,174.156,196.819,179.682,1.358,1.306
174,289,basic,156.737,144.491,186.122,170.463,1.354,1.409
174,291,basic,378.145,269.287,391.292,270.984,2.212,2.329
174,292,basic,567.672,315.203,621.337,342.29,1.461,1.517
174,930,basic,399.141,372.918,401.561,374.448,2.402,2.417
174,935,basic,437.422,319.124,457.106,339.373,1.791,1.718
174,939,basic,218.55,94.811,225.924,97.366,1.637,1.665
174,949,basic,378.009,334.36,489.423,432.06,1.554,1.619
174,955,basic,44.916,42.67,50.784,48.245,2.824,2.649
174,971,basic,0.0,0.0,553.981,218.239,,1.103
174,971,gifted,514.973,471.709,0.0,0.0,,
174,972,basic,263.004,205.613,265.775,206.768,1.815,1.832
174,974,basic,87.319,80.934,90.868,84.889,1.267,1.212
174,977,basic,233.596,199.179,195.6,163.756,1.291,1.393
175,103,basic,272.573,228.167,273.414,228.76,1.631,1.633
175,104,basic,137.001,55.405,146.966,61.562,2.437,2.27
175,105,basic,436.799,207.182,303.066,140.649,2.262,2.38
175,105,gifted,178.86,164.183,0.0,0.0,,
175,106,basic,458.522,269.207,337.69,200.308,1.84,1.766
175,106,gifted,116.574,107.008,0.0,0.0,,
175,107,basic,532.789,257.769,533.261,257.959,2.506,2.507
175,109,basic,153.866,98.669,156.498,100.564,2.084,2.074
175,110,basic,404.909,212.865,413.976,217.443,2.107,2.112
175,113,basic,393.24,230.721,262.523,153.018,2.336,2.361
175,113,gifted,135.774,124.633,0.0,0.0,,
175,115,basic,152.234,86.877,173.815,99.176,1.729,1.73
175,117,basic,254.372,151.561,219.379,132.725,2.315,2.231
175,117,gifted,89.413,82.077,0.0,0.0,,
175,118,basic,261.983,135.53,330.384,170.255,2.116,2.138
175,130,basic,655.766,381.087,672.433,390.212,1.708,1.715
175,201,basic,78.52,52.742,85.419,57.796,1.062,1.032
175,202,basic,173.349,92.729,175.876,93.3,1.678,1.721
175,203,basic,251.931,174.089,252.024,174.035,1.327,1.33
175,204,basic,183.712,128.369,110.371,68.748,1.448,2.102
175,208,basic,207.83,167.755,239.858,192.254,1.229,1.297
175,209,basic,151.981,59.543,133.36,52.187,0.777,0.782
175,210,basic,195.64,89.716,193.858,89.154,1.396,1.378
175,211,basic,74.73,47.685,82.156,52.293,1.131,1.147
175,212,gifted,205.953,189.054,0.0,0.0,,
175,215,basic,122.513,75.452,123.762,75.662,0.883,0.911
175,218,basic,155.209,98.845,164.731,104.968,0.77,0.768
175,220,basic,88.333,70.942,90.609,72.267,1.395,1.431
175,221,basic,164.41,116.078,168.809,117.436,0.948,1.008
175,222,basic,145.722,81.268,152.582,83.587,2.279,2.388
175,225,basic,82.012,43.445,82.885,43.887,1.213,1.216
175,226,basic,258.014,169.241,265.191,175.068,1.351,1.33
175,229,basic,253.712,204.127,260.874,207.263,1.155,1.217
175,230,basic,111.122,75.328,80.288,54.411,1.051,1.05
175,233,basic,281.981,180.035,288.007,183.819,0.834,0.836
175,234,basic,77.567,61.486,90.411,70.158,1.209,1.325
175,235,basic,82.694,53.567,83.879,53.807,1.194,1.238
175,236,basic,52.682,46.153,53.56,46.905,1.095,1.097
175,239,basic,292.886,172.166,294.933,173.32,1.735,1.736
175,241,basic,383.006,141.409,374.019,137.019,1.923,1.966
175,242,basic,158.848,109.579,165.016,113.893,1.232,1.23
175,243,basic,219.35,121.714,236.714,131.433,0.988,0.986
175,244,basic,36.373,33.669,36.629,34.255,1.134,1.06
175,245,basic,322.613,274.782,326.86,278.345,1.241,1.245
175,246,basic,235.563,126.196,252.4,134.916,1.225,1.235
175,247,basic,373.553,137.926,363.692,135.112,1.615,1.581
175,248,basic,150.229,97.053,152.503,98.747,0.904,0.892
175,249,basic,28.423,21.485,28.819,21.742,0.924,0.933
175,250,basic,91.937,68.124,96.827,71.71,0.959,0.962
175,251,basic,131.782,67.085,136.907,69.421,1.431,1.453
175,252,basic,244.389,171.977,250.829,175.984,1.473,1.489
175,255,basic,85.158,57.045,86.483,58.121,0.865,0.848
175,257,basic,121.867,103.951,119.185,101.649,1.062,1.063
175,259,basic,170.027,122.785,175.777,127.224,1.331,1.318
175,261,basic,167.142,151.033,171.69,155.25,1.041,1.035
175,262,basic,190.77,145.368,146.47,110.982,1.082,1.111
175,264,basic,80.311,39.829,81.786,40.562,0.919,0.919
175,266,basic,107.019,85.772,103.907,83.621,0.904,0.88
175,267,basic,118.447,102.224,120.74,104.193,1.028,1.028
175,268,basic,105.513,100.238,105.141,99.884,1.065,1.061
175,269,basic,104.116,96.351,94.767,87.728,1.112,1.084
175,270,basic,148.744,99.921,150.509,101.011,1.539,1.543
175,272,basic,43.393,40.642,42.83,40.331,1.077,1.019
175,275,basic,99.892,92.958,100.91,93.856,1.191,1.194
175,276,basic,146.693,76.397,91.384,47.585,1.135,1.135
175,277,basic,121.257,80.175,48.935,32.022,1.02,1.074
175,279,basic,111.219,52.756,81.794,38.527,0.997,1.032
175,281,basic,62.825,42.711,67.461,45.762,0.822,0.833
175,282,basic,79.034,58.889,79.296,59.671,0.907,0.854
175,286,basic,180.755,111.948,186.494,113.114,1.943,2.057
175,287,basic,0.0,0.0,447.892,213.924,,0.95
175,287,gifted,190.0,174.409,0.0,0.0,,
175,288,basic,194.424,161.074,197.338,167.071,1.499,1.409
175,289,basic,158.406,129.622,188.572,152.789,1.35,1.414
175,291,basic,375.856,252.079,389.434,254.579,2.348,2.482
175,292,basic,563.401,327.592,619.679,357.891,1.511,1.58
175,930,basic,399.704,340.014,402.131,340.926,2.362,2.38
175,935,basic,436.697,298.072,456.075,316.916,1.833,1.74
175,939,basic,220.964,111.463,228.523,114.618,1.736,1.769
175,949,basic,379.523,300.444,488.661,385.436,1.53,1.583
175,955,basic,46.295,43.98,52.515,49.889,2.766,2.566
175,971,basic,0.0,0.0,565.454,269.946,,1.139
175,971,gifted,516.519,474.136,0.0,0.0,,
175,972,basic,266.001,189.321,269.005,190.446,1.881,1.905
175,974,basic,84.734,74.836,88.329,78.712,1.228,1.184
175,977,basic,233.687,172.207,196.024,141.852,1.327,1.433
176,103,basic,261.849,214.002,262.679,214.571,1.613,1.615
176,104,basic,141.021,65.032,155.755,73.968,2.444,2.319
176,105,basic,452.454,232.408,312.359,156.037,2.267,2.402
176,105,gifted,181.867,167.276,0.0,0.0,,
176,106,basic,447.12,283.503,332.388,213.58,1.775,1.696
176,106,gifted,114.924,105.704,0.0,0.0,,
176,107,basic,520.433,269.623,520.813,269.787,2.494,2.494
176,109,basic,154.432,101.59,157.37,103.752,2.107,2.098
176,110,basic,386.816,230.404,395.536,235.457,2.074,2.077
176,113,basic,388.15,230.578,263.554,155.443,2.357,2.384
176,113,gifted,132.98,122.312,0.0,0.0,,
176,115,basic,157.336,95.912,180.113,109.699,1.731,1.736
176,117,basic,259.754,163.713,223.763,143.674,2.296,2.206
176,117,gifted,89.226,82.067,0.0,0.0,,
176,118,basic,262.751,147.218,328.822,183.918,2.108,2.117
176,130,basic,667.862,438.679,684.723,449.16,1.685,1.691
176,201,basic,81.01,53.779,88.597,59.121,1.023,1.008
176,202,basic,171.975,93.476,174.625,93.967,1.659,1.705
176,203,basic,257.558,170.153,257.636,170.056,1.325,1.329
176,204,basic,173.386,115.254,107.629,62.551,1.402,2.08
176,208,basic,208.525,162.737,240.597,187.139,1.239,1.301
176,209,basic,152.969,75.206,135.911,66.719,0.768,0.774
176,210,basic,191.221,100.302,189.371,99.634,1.379,1.362
176,211,basic,78.167,49.901,84.423,53.785,1.094,1.106
176,212,gifted,205.916,189.395,0.0,0.0,,
176,215,basic,118.902,80.099,120.147,80.329,0.905,0.931
176,218,basic,160.207,106.177,169.971,112.707,0.759,0.757
176,220,basic,92.882,68.631,95.194,69.864,1.373,1.404
176,221,basic,156.77,114.573,161.733,115.773,0.991,1.067
176,222,basic,153.813,83.401,161.286,85.479,2.105,2.222
176,225,basic,83.143,47.0,84.045,47.493,1.201,1.202
176,226,basic,262.154,183.321,269.291,189.352,1.285,1.272
176,229,basic,249.854,188.047,256.712,190.592,1.132,1.191
176,230,basic,113.058,74.513,81.203,53.579,1.041,1.032
176,233,basic,279.613,186.204,285.642,190.132,0.836,0.838
176,234,basic,72.157,53.12,83.423,60.135,1.19,1.291
176,235,basic,83.077,55.255,84.413,55.456,1.217,1.266
176,236,basic,49.359,42.167,50.229,42.888,1.038,1.04
176,239,basic,271.973,156.906,273.903,157.987,1.707,1.709
176,241,basic,382.88,164.476,374.229,158.958,1.856,1.911
176,242,basic,157.31,106.83,162.342,110.325,1.218,1.215
176,243,basic,219.006,129.987,236.236,140.322,0.983,0.98
176,244,basic,36.938,33.217,37.259,33.943,1.064,1.009
176,245,basic,314.828,256.231,318.903,259.371,1.233,1.238
176,246,basic,221.686,127.518,237.356,136.038,1.14,1.155
176,247,basic,365.479,161.184,355.859,157.67,1.546,1.523
176,248,basic,148.246,97.274,150.364,98.912,0.884,0.872
176,249,basic,30.845,23.429,31.197,23.677,0.869,0.871
176,250,basic,87.645,61.739,92.318,65.002,0.962,0.964
176,251,basic,128.57,73.873,133.346,76.298,1.366,1.386
176,252,basic,237.843,162.102,244.223,165.926,1.446,1.461
176,255,basic,87.821,58.97,89.266,60.143,0.838,0.823
176,257,basic,117.642,93.617,114.617,91.199,1.074,1.075
176,259,basic,162.122,108.789,167.192,112.632,1.311,1.291
176,261,basic,171.869,144.418,177.042,148.841,1.05,1.046
176,262,basic,183.388,134.782,141.42,103.256,1.074,1.104
176,264,basic,83.166,49.375,84.685,50.282,0.94,0.939
176,266,basic,108.892,85.863,105.828,83.782,0.908,0.887
176,267,basic,115.887,95.591,118.2,97.489,1.04,1.041
176,268,basic,107.336,101.803,107.172,101.629,1.072,1.068
176,269,basic,105.387,93.604,96.347,85.985,0.999,0.967
176,270,basic,155.495,97.758,157.28,98.77,1.481,1.485
176,272,basic,40.909,37.326,40.545,37.271,0.974,0.938
176,275,basic,90.579,80.452,91.499,81.215,1.149,1.152
176,276,basic,153.482,90.062,95.283,55.883,1.143,1.144
176,277,basic,120.646,78.505,48.826,31.387,1.026,1.082
176,279,basic,105.629,56.969,77.641,41.5,1.006,1.046
176,281,basic,72.696,49.095,78.306,52.73,0.818,0.831
176,282,basic,72.754,51.548,72.786,52.159,0.871,0.819
176,286,basic,186.611,115.758,192.568,116.685,1.904,2.017
176,287,basic,0.0,0.0,463.642,249.157,,0.97
176,287,gifted,190.0,174.756,0.0,0.0,,
176,288,basic,182.978,141.765,185.704,146.286,1.33,1.271
176,289,basic,157.979,118.316,187.649,139.489,1.347,1.4
176,291,basic,373.281,241.189,386.424,243.685,2.227,2.341
176,292,basic,562.572,341.005,616.843,373.475,1.481,1.535
176,930,basic,399.389,284.553,401.808,285.302,2.273,2.288
176,935,basic,437.09,281.197,456.711,299.134,1.822,1.743
176,939,basic,221.938,123.579,229.57,127.071,1.699,1.731
176,949,basic,379.944,271.556,491.509,351.194,1.562,1.613
176,955,basic,46.344,43.241,53.439,50.002,2.734,2.535
176,971,basic,0.0,0.0,556.61,298.119,,1.117
176,971,gifted,515.334,473.99,0.0,0.0,,
176,972,basic,261.496,174.596,264.576,175.635,1.862,1.885
176,974,basic,84.943,66.09,88.228,69.385,1.171,1.127
176,977,basic,244.771,166.383,201.818,134.564,1.332,1.432
177,103,basic,272.579,233.858,273.58,234.465,1.638,1.643
177,104,basic,133.885,59.94,152.191,69.078,2.228,2.178
177,105,basic,434.397,217.85,298.498,145.354,2.216,2.344
177,105,gifted,180.605,165.846,0.0,0.0,,
177,106,basic,448.082,284.718,335.627,216.591,1.729,1.649
177,106,gifted,114.826,105.442,0.0,0.0,,
177,107,basic,521.167,262.335,521.566,262.476,2.509,2.51
177,109,basic,152.258,103.866,155.147,106.071,2.003,1.994
177,110,basic,390.483,215.001,399.712,219.787,2.088,2.094
177,113,basic,399.673,245.339,270.028,165.413,2.284,2.29
177,113,gifted,136.574,125.413,0.0,0.0,,
177,115,basic,138.965,84.904,159.26,97.213,1.719,1.723
177,117,basic,260.161,160.448,224.907,141.147,2.302,2.224
177,117,gifted,89.438,82.129,0.0,0.0,,
177,118,basic,271.22,148.933,337.563,185.123,2.081,2.087
177,130,basic,661.498,412.18,678.242,421.84,1.67,1.677
177,201,basic,78.409,52.687,84.02,57.002,0.984,0.952
177,202,basic,164.221,88.603,166.47,89.127,1.491,1.521
177,203,basic,260.838,177.172,261.02,177.18,1.274,1.277
177,204,basic,173.497,118.349,106.158,63.765,1.397,1.981
177,208,basic,206.532,165.793,237.895,190.55,1.225,1.292
177,209,basic,153.663,62.527,134.52,54.678,0.76,0.764
177,210,basic,194.165,87.536,192.337,87.03,1.406,1.388
177,211,basic,75.842,48.105,81.832,51.826,1.107,1.115
177,212,gifted,205.473,188.681,0.0,0.0,,
177,215,basic,118.512,74.282,119.606,74.511,0.842,0.861
177,218,basic,158.106,101.473,167.986,107.892,0.763,0.761
177,220,basic,90.695,69.345,93.317,70.611,1.409,1.451
177,221,basic,157.32,108.567,161.994,109.668,0.951,1.015
177,222,basic,133.688,79.433,139.699,81.218,1.715,1.807
177,225,basic,86.655,45.821,87.576,46.281,1.186,1.189
177,226,basic,257.913,167.428,265.01,173.055,1.24,1.227
177,229,basic,248.306,195.05,254.894,197.948,1.138,1.183
177,230,basic,109.229,73.809,78.93,53.329,1.01,1.007
177,233,basic,279.295,178.362,285.365,182.138,0.846,0.848
177,234,basic,77.017,59.938,88.387,67.366,1.164,1.255
177,235,basic,81.537,53.22,82.494,53.445,1.088,1.114
177,236,basic,49.768,42.957,50.412,43.505,1.01,1.011
177,239,basic,270.183,155.22,272.165,156.272,1.663,1.666
177,241,basic,382.969,140.26,373.387,136.083,1.84,1.861
177,242,basic,164.93,111.981,171.413,116.461,1.22,1.218
177,243,basic,220.995,122.844,238.391,132.636,0.985,0.982
177,244,basic,35.833,33.024,36.231,33.747,1.05,0.997
177,245,basic,324.779,268.261,329.11,271.718,1.21,1.214
177,246,basic,238.416,128.518,254.565,137.035,1.159,1.163
177,247,basic,367.687,135.99,358.004,133.356,1.558,1.526
177,248,basic,147.256,95.846,149.443,97.515,0.883,0.873
177,249,basic,31.579,24.159,31.995,24.461,0.844,0.845
177,250,basic,87.766,64.3,92.158,67.483,0.959,0.962
177,251,basic,138.454,68.852,143.683,71.105,1.42,1.442
177,252,basic,255.651,172.159,262.286,176.03,1.457,1.472
177,255,basic,88.014,59.453,89.632,60.739,0.829,0.816
177,257,basic,118.88,98.251,116.139,95.991,1.06,1.06
177,259,basic,164.977,116.328,169.568,120.146,1.3,1.277
177,261,basic,176.591,154.517,181.789,159.182,1.08,1.075
177,262,basic,188.289,141.348,144.873,107.924,1.056,1.088
177,264,basic,78.526,39.166,79.981,39.893,0.936,0.936
177,266,basic,104.604,82.129,101.417,80.036,0.91,0.886
177,267,basic,111.023,94.27,113.064,95.999,1.015,1.015
177,268,basic,113.108,107.452,113.16,107.501,1.073,1.069
177,269,basic,106.703,97.622,97.623,89.475,1.013,0.981
177,270,basic,148.69,99.572,150.462,100.641,1.386,1.39
177,272,basic,40.151,37.291,39.694,37.143,1.071,1.019
177,275,basic,97.222,88.853,98.126,89.618,1.137,1.14
177,276,basic,150.782,78.211,94.11,48.786,1.131,1.132
177,277,basic,124.126,81.644,49.508,32.232,1.001,1.044
177,279,basic,98.121,47.108,71.523,34.055,0.986,1.019
177,281,basic,62.831,42.883,67.048,45.715,0.815,0.819
177,282,basic,73.113,54.468,73.181,55.213,0.865,0.812
177,286,basic,181.148,107.219,187.119,107.903,1.856,1.968
177,287,basic,0.0,0.0,446.64,216.118,,0.939
177,287,gifted,190.0,174.473,0.0,0.0,,
177,288,basic,193.824,156.629,197.207,162.275,1.397,1.337
177,289,basic,154.74,130.479,183.849,154.138,1.35,1.398
177,291,basic,377.564,248.019,391.116,249.601,2.203,2.331
177,292,basic,564.782,334.542,619.094,368.207,1.475,1.521
177,930,basic,399.074,330.849,401.498,332.033,2.239,2.249
177,935,basic,436.857,296.837,456.486,316.4,1.769,1.694
177,939,basic,220.928,111.956,228.617,115.069,1.702,1.735
177,949,basic,376.925,300.303,487.183,389.016,1.535,1.59
177,955,basic,44.196,41.986,49.564,47.085,2.861,2.669
177,971,basic,0.0,0.0,563.427,270.672,,1.118
177,971,gifted,515.654,473.515,0.0,0.0,,
177,972,basic,257.037,183.569,259.38,184.494,1.78,1.794
177,974,basic,88.489,76.416,91.917,80.326,1.209,1.161
177,977,basic,231.985,167.886,194.11,137.363,1.277,1.382
178,103,basic,275.965,229.083,276.959,229.687,1.653,1.658
178,104,basic,143.279,63.423,160.19,71.816,2.222,2.158
178,105,basic,429.376,211.552,300.444,144.632,2.276,2.433
178,105,gifted,179.449,165.064,0.0,0.0,,
178,106,basic,455.072,275.363,338.622,207.356,1.765,1.673
178,106,gifted,116.444,107.11,0.0,0.0,,
178,107,basic,491.998,249.407,492.397,249.578,2.524,2.525
178,109,basic,149.308,98.132,151.425,99.712,2.074,2.062
178,110,basic,393.462,210.168,402.968,215.037,2.138,2.145
178,113,basic,385.325,233.38,261.411,157.951,2.322,2.332
178,113,gifted,134.027,123.283,0.0,0.0,,
178,115,basic,152.345,88.508,174.793,101.459,1.739,1.746
178,117,basic,248.51,151.727,215.315,132.786,2.33,2.26
178,117,gifted,89.41,82.243,0.0,0.0,,
178,118,basic,266.123,142.786,335.169,179.167,2.094,2.12
178,130,basic,672.107,392.071,689.099,401.415,1.779,1.788
178,201,basic,78.085,52.138,84.15,56.524,1.035,1.001
178,202,basic,173.0,93.792,175.565,94.468,1.734,1.783
178,203,basic,269.638,184.42,269.744,184.365,1.355,1.36
178,204,basic,176.614,123.632,107.776,68.81,1.451,2.102
178,208,basic,210.124,165.666,241.537,189.66,1.235,1.301
178,209,basic,155.897,61.491,136.235,53.697,0.768,0.772
178,210,basic,191.945,88.896,190.056,88.275,1.391,1.37
178,211,basic,75.147,47.72,81.018,51.405,1.125,1.133
178,212,gifted,205.677,189.19,0.0,0.0,,
178,215,basic,117.726,70.636,119.123,70.867,0.984,1.026
178,218,basic,151.203,94.605,160.814,100.667,0.766,0.763
178,220,basic,92.507,73.535,94.669,74.924,1.42,1.45
178,221,basic,165.762,113.236,170.339,114.739,1.002,1.078
178,222,basic,139.927,81.514,146.751,84.152,2.246,2.366
178,225,basic,75.1,40.182,75.926,40.609,1.187,1.19
178,226,basic,262.605,170.523,269.509,176.127,1.366,1.336
178,229,basic,258.57,204.142,265.69,207.747,1.154,1.215
178,230,basic,115.428,77.634,83.805,56.299,1.036,1.041
178,233,basic,281.156,176.426,287.1,180.119,0.842,0.843
178,234,basic,74.085,58.023,85.265,65.817,1.21,1.31
178,235,basic,82.982,52.892,84.24,53.209,1.265,1.318
178,236,basic,52.927,46.261,53.88,47.071,1.043,1.046
178,239,basic,282.887,168.814,284.825,169.943,1.747,1.748
178,241,basic,387.645,147.986,377.935,143.699,1.975,2.003
178,242,basic,159.367,109.411,165.274,113.576,1.234,1.228
178,243,basic,223.935,123.311,241.656,133.155,0.99,0.987
178,244,basic,36.401,33.831,36.496,34.215,1.133,1.053
178,245,basic,319.353,266.135,323.392,269.481,1.252,1.255
178,246,basic,223.719,121.687,238.211,129.439,1.169,1.175
178,247,basic,378.12,143.227,368.231,140.153,1.661,1.628
178,248,basic,143.497,92.006,145.597,93.526,0.887,0.875
178,249,basic,31.277,23.351,31.7,23.653,0.904,0.907
178,250,basic,84.414,61.347,89.1,64.753,0.964,0.964
178,251,basic,133.652,68.538,138.494,70.82,1.414,1.433
178,252,basic,245.66,169.768,252.078,173.826,1.52,1.535
178,255,basic,86.682,57.346,88.237,58.52,0.854,0.837
178,257,basic,127.087,104.569,124.108,102.12,1.096,1.097
178,259,basic,161.078,115.758,165.146,119.089,1.329,1.304
178,261,basic,165.158,148.065,169.525,152.144,1.052,1.043
178,262,basic,189.181,141.469,145.8,108.394,1.083,1.122
178,264,basic,81.843,39.966,83.334,40.696,0.981,0.98
178,266,basic,107.553,83.498,104.617,81.466,0.906,0.884
178,267,basic,111.753,94.369,113.98,96.241,1.031,1.031
178,268,basic,111.835,106.243,111.709,106.124,1.085,1.081
178,269,basic,105.752,98.241,96.579,89.809,1.051,1.017
178,270,basic,159.84,107.803,161.674,108.907,1.552,1.559
178,272,basic,41.766,39.238,41.283,38.942,1.045,0.99
178,275,basic,99.617,92.63,100.604,93.505,1.167,1.171
178,276,basic,151.216,78.397,94.549,48.959,1.137,1.143
178,277,basic,129.753,84.861,51.693,33.556,1.004,1.054
178,279,basic,97.376,46.254,71.58,33.814,0.994,1.03
178,281,basic,63.86,42.708,68.156,45.538,0.825,0.831
178,282,basic,71.989,52.634,71.789,52.967,0.91,0.849
178,286,basic,174.946,109.718,180.567,111.255,1.969,2.09
178,287,basic,0.0,0.0,448.853,213.639,,0.959
178,287,gifted,190.0,174.769,0.0,0.0,,
178,288,basic,193.888,163.097,197.217,168.199,1.409,1.338
178,289,basic,156.25,127.21,186.184,150.426,1.349,1.415
178,291,basic,373.925,252.379,387.401,254.976,2.402,2.561
178,292,basic,567.117,332.544,620.173,362.946,1.511,1.564
178,930,basic,398.981,347.779,401.411,348.975,2.328,2.345
178,935,basic,437.28,299.624,457.005,317.404,1.86,1.776
178,939,basic,218.471,112.187,225.765,115.465,1.769,1.799
178,949,basic,376.304,297.789,488.505,385.041,1.556,1.625
178,955,basic,44.312,42.096,50.285,47.771,2.797,2.631
178,971,basic,0.0,0.0,556.384,267.37,,1.127
178,971,gifted,515.136,473.842,0.0,0.0,,
178,972,basic,262.529,186.816,265.557,188.116,1.902,1.928
178,974,basic,86.918,76.934,90.436,80.753,1.233,1.178
178,977,basic,236.604,173.9,195.958,142.084,1.312,1.41
179,103,basic,270.734,247.861,271.647,248.537,1.644,1.647
179,104,basic,133.056,51.684,146.689,58.248,2.385,2.272
179,105,basic,477.319,219.026,324.374,145.742,2.328,2.461
179,105,gifted,186.785,171.073,0.0,0.0,,
179,106,basic,466.227,281.857,348.486,212.638,1.795,1.721
179,106,gifted,116.732,106.913,0.0,0.0,,
179,107,basic,518.474,253.931,518.945,254.115,2.487,2.488
179,109,basic,138.737,95.993,141.44,98.14,2.103,2.086
179,110,basic,386.621,204.195,395.782,208.84,2.125,2.131
179,113,basic,374.255,232.797,249.214,154.295,2.315,2.333
179,113,gifted,131.195,120.16,0.0,0.0,,
179,115,basic,150.351,85.44,172.28,97.801,1.73,1.737
179,117,basic,250.68,160.11,215.801,139.708,2.326,2.239
179,117,gifted,89.446,81.922,0.0,0.0,,
179,118,basic,265.549,137.685,328.941,170.674,2.095,2.091
179,130,basic,667.617,394.349,684.583,403.736,1.727,1.736
179,201,basic,85.056,55.374,92.698,60.637,1.014,0.991
179,202,basic,170.042,85.772,172.617,86.384,1.695,1.743
179,203,basic,259.647,176.801,259.763,176.763,1.359,1.363
179,204,basic,183.669,128.767,113.519,71.858,1.51,2.196
179,208,basic,205.032,172.967,238.233,200.723,1.275,1.345
179,209,basic,144.166,44.256,127.177,38.983,0.788,0.796
179,210,basic,191.738,76.609,189.921,76.01,1.419,1.406
179,211,basic,75.844,45.822,82.731,49.899,1.125,1.138
179,212,gifted,205.5,188.214,0.0,0.0,,
179,215,basic,121.849,70.778,123.009,71.032,0.892,0.919
179,218,basic,155.421,90.897,164.478,96.236,0.765,0.763
179,220,basic,89.63,74.95,91.911,76.463,1.487,1.522
179,221,basic,161.433,111.367,166.111,112.811,1.008,1.087
179,222,basic,141.949,83.75,148.95,86.334,2.098,2.221
179,225,basic,84.077,39.827,84.986,40.245,1.264,1.266
179,226,basic,271.863,178.488,278.886,184.257,1.372,1.345
179,229,basic,247.273,204.606,254.334,208.024,1.16,1.228
179,230,basic,108.947,70.249,77.804,50.147,1.098,1.098
179,233,basic,277.323,164.454,283.212,167.905,0.828,0.829
179,234,basic,75.612,61.729,87.86,70.484,1.228,1.341
179,235,basic,74.334,47.244,75.412,47.539,1.177,1.221
179,236,basic,46.996,42.474,47.735,43.129,1.139,1.141
179,239,basic,281.787,161.689,283.762,162.789,1.723,1.725
179,241,basic,383.123,120.644,374.676,116.858,1.9,1.963
179,242,basic,152.779,104.618,157.8,108.143,1.215,1.211
179,243,basic,221.039,108.996,238.411,117.625,1.007,1.004
179,244,basic,36.306,34.069,36.578,34.5,1.127,1.05
179,245,basic,321.435,288.843,325.725,292.718,1.271,1.274
179,246,basic,231.894,112.154,249.448,120.296,1.245,1.262
179,247,basic,365.393,112.121,356.739,109.901,1.589,1.564
179,248,basic,148.669,89.924,150.78,91.371,0.893,0.882
179,249,basic,30.636,23.345,31.016,23.614,0.897,0.902
179,250,basic,87.357,63.065,92.161,66.497,0.975,0.979
179,251,basic,132.316,61.715,137.23,63.802,1.422,1.443
179,252,basic,246.653,175.655,253.114,179.856,1.473,1.487
179,255,basic,88.188,55.698,89.883,56.902,0.851,0.836
179,257,basic,124.844,109.825,122.216,107.489,1.093,1.095
179,259,basic,163.754,117.963,169.107,122.123,1.364,1.346
179,261,basic,178.357,164.874,183.99,169.983,1.109,1.108
179,262,basic,187.745,143.807,145.096,110.501,1.089,1.125
179,264,basic,77.767,33.551,79.228,34.18,0.941,0.941
179,266,basic,106.03,86.064,103.014,83.857,0.896,0.875
179,267,basic,114.595,104.329,116.799,106.331,1.041,1.041
179,268,basic,111.562,105.984,111.849,106.257,1.064,1.061
179,269,basic,105.265,99.446,96.278,90.965,1.061,1.03
179,270,basic,156.33,105.111,158.123,106.205,1.535,1.541
179,272,basic,39.228,37.047,38.794,36.708,1.092,1.028
179,275,basic,97.538,92.198,98.521,93.09,1.21,1.215
179,276,basic,151.298,70.333,94.137,43.719,1.144,1.147
179,277,basic,132.214,82.47,53.03,32.812,1.022,1.072
179,279,basic,104.738,42.079,77.355,30.842,1.018,1.064
179,281,basic,66.548,42.612,71.24,45.55,0.813,0.822
179,282,basic,73.735,53.713,74.255,54.563,0.883,0.828
179,286,basic,180.695,115.613,186.354,117.223,2.041,2.154
179,287,basic,0.0,0.0,451.236,181.616,,0.957
179,287,gifted,190.0,174.018,0.0,0.0,,
179,288,basic,184.679,165.332,187.607,170.325,1.355,1.285
179,289,basic,156.561,135.596,185.439,160.144,1.376,1.419
179,291,basic,373.85,273.867,386.878,277.585,2.357,2.485
179,292,basic,563.013,315.462,618.235,346.905,1.527,1.586
179,930,basic,399.235,367.055,401.654,368.52,2.394,2.409
179,935,basic,438.104,311.668,457.938,330.615,1.859,1.78
179,939,basic,218.786,104.661,226.206,107.75,1.751,1.782
179,949,basic,384.897,324.226,496.339,418.692,1.554,1.611
179,955,basic,46.101,43.796,53.117,50.461,2.721,2.523
179,971,basic,0.0,0.0,563.958,231.637,,1.142
179,971,gifted,516.659,473.2,0.0,0.0,,
179,972,basic,261.894,198.409,264.626,199.671,1.865,1.886
179,974,basic,86.845,79.459,90.413,83.348,1.242,1.19
179,977,basic,238.15,177.303,198.697,145.606,1.332,1.44
180,103,basic,266.772,241.34,267.673,241.976,1.669,1.672
180,104,basic,131.334,51.546,144.979,58.271,2.375,2.258
180,105,basic,440.837,207.904,306.961,141.378,2.323,2.467
180,105,gifted,178.011,163.801,0.0,0.0,,
180,106,basic,453.301,274.546,336.375,206.111,1.8,1.716
180,106,gifted,115.861,106.612,0.0,0.0,,
180,107,basic,521.623,257.726,522.013,257.887,2.522,2.522
180,109,basic,142.914,97.044,145.316,98.89,2.102,2.09
180,110,basic,393.456,201.182,402.402,205.619,2.088,2.092
180,113,basic,395.023,247.705,267.592,167.0,2.332,2.353
180,113,gifted,135.232,124.437,0.0,0.0,,
180,115,basic,143.065,83.64,163.691,95.636,1.72,1.724
180,117,basic,268.436,164.654,230.883,144.142,2.36,2.253
180,117,gifted,89.856,82.684,0.0,0.0,,
180,118,basic,267.36,138.978,338.084,175.083,2.151,2.175
180,130,basic,659.158,374.22,675.57,383.209,1.726,1.731
180,201,basic,74.695,49.558,82.059,54.681,1.081,1.063
180,202,basic,169.831,88.173,172.296,88.746,1.62,1.665
180,203,basic,270.347,190.1,270.48,190.073,1.303,1.307
180,204,basic,186.569,135.094,112.177,72.553,1.41,2.118
180,208,basic,206.045,171.604,237.865,198.019,1.272,1.34
180,209,basic,157.286,48.613,138.576,42.779,0.78,0.786
180,210,basic,194.479,76.192,192.672,75.65,1.42,1.405
180,211,basic,70.421,44.26,75.786,47.574,1.103,1.113
180,212,gifted,205.726,189.305,0.0,0.0,,
180,215,basic,114.656,63.353,115.758,63.596,0.906,0.931
180,218,basic,160.205,96.0,170.067,101.949,0.766,0.764
180,220,basic,92.964,77.358,95.183,78.872,1.469,1.497
180,221,basic,160.831,103.942,165.712,105.212,1.034,1.118
180,222,basic,142.364,89.861,148.302,92.199,1.784,1.877
180,225,basic,73.591,35.894,74.369,36.258,1.197,1.199
180,226,basic,245.242,152.607,252.282,157.685,1.248,1.234
180,229,basic,249.346,209.261,256.475,212.623,1.147,1.215
180,230,basic,116.576,79.093,83.404,56.636,1.051,1.042
180,233,basic,279.815,167.619,285.803,171.151,0.828,0.83
180,234,basic,77.897,65.17,89.261,73.493,1.178,1.275
180,235,basic,77.151,47.392,78.306,47.663,1.198,1.244
180,236,basic,50.533,45.152,51.271,45.789,1.067,1.07
180,239,basic,258.854,152.616,260.627,153.621,1.692,1.693
180,241,basic,383.365,120.893,374.724,117.043,1.907,1.966
180,242,basic,162.241,111.326,168.046,115.413,1.237,1.232
180,243,basic,220.99,111.984,238.379,120.875,0.987,0.983
180,244,basic,35.538,33.286,35.808,33.743,1.164,1.082
180,245,basic,318.62,277.525,322.822,281.018,1.241,1.247
180,246,basic,225.143,111.346,242.087,119.233,1.239,1.261
180,247,basic,365.88,112.943,356.38,110.508,1.587,1.56
180,248,basic,147.482,92.208,149.783,93.828,0.894,0.883
180,249,basic,30.002,22.485,30.421,22.783,0.913,0.916
180,250,basic,86.535,65.261,91.033,68.634,0.97,0.972
180,251,basic,132.345,59.496,137.24,61.488,1.395,1.415
180,252,basic,236.407,167.218,242.75,171.242,1.459,1.475
180,255,basic,88.155,57.849,89.735,59.056,0.856,0.84
180,257,basic,121.554,106.641,118.304,103.803,1.076,1.076
180,259,basic,161.245,121.472,165.571,125.212,1.347,1.322
180,261,basic,169.189,155.897,174.165,160.397,1.091,1.089
180,262,basic,185.501,143.179,142.671,109.509,1.064,1.097
180,264,basic,82.892,33.658,84.41,34.277,0.95,0.949
180,266,basic,103.867,82.277,100.869,80.137,0.902,0.882
180,267,basic,125.575,110.949,127.929,113.023,1.028,1.028
180,268,basic,109.243,103.781,109.152,103.694,1.061,1.058
180,269,basic,105.228,99.246,96.288,90.815,1.051,1.021
180,270,basic,151.96,108.641,153.658,109.727,1.435,1.441
180,272,basic,41.534,39.289,41.089,38.92,1.055,1.0
180,275,basic,94.441,89.286,95.391,90.157,1.18,1.183
180,276,basic,154.445,69.872,96.387,43.562,1.138,1.142
180,277,basic,125.646,81.889,50.59,32.68,1.013,1.065
180,279,basic,111.016,45.258,81.82,33.121,1.004,1.043
180,281,basic,64.72,43.145,69.667,46.325,0.829,0.844
180,282,basic,77.381,58.921,77.08,59.303,0.935,0.873
180,286,basic,173.982,105.879,179.557,107.299,1.937,2.048
180,287,basic,0.0,0.0,453.272,187.08,,0.96
180,287,gifted,190.0,174.834,0.0,0.0,,
180,288,basic,191.024,169.094,194.434,174.816,1.454,1.382
180,289,basic,156.599,142.54,186.94,169.018,1.403,1.473
180,291,basic,372.202,269.915,385.425,273.076,2.253,2.386
180,292,basic,565.462,322.977,619.518,354.814,1.513,1.569
180,930,basic,398.312,370.813,400.738,372.423,2.361,2.375
180,935,basic,437.863,318.74,457.595,338.47,1.877,1.796
180,939,basic,218.046,102.371,225.572,105.369,1.713,1.747
180,949,basic,378.226,329.012,489.98,427.285,1.584,1.639
180,955,basic,46.276,43.962,53.168,50.51,2.778,2.57
180,971,basic,0.0,0.0,551.622,231.126,,1.124
180,971,gifted,514.93,473.827,0.0,0.0,,
180,972,basic,259.374,200.758,262.065,202.014,1.857,1.876
180,974,basic,88.026,81.593,91.483,85.378,1.214,1.16
180,977,basic,238.133,184.228,198.36,150.958,1.329,1.435
181,103,basic,264.793,229.778,265.558,230.372,1.595,1.597
181,104,basic,142.017,54.183,150.377,59.689,2.445,2.253
181,105,basic,449.257,204.216,315.883,140.788,2.315,2.426
181,105,gifted,178.524,163.641,0.0,0.0,,
181,106,basic,476.361,277.725,351.232,207.513,1.797,1.705
181,106,gifted,119.571,109.602,0.0,0.0,,
181,107,basic,530.366,252.311,530.715,252.457,2.493,2.493
181,109,basic,142.498,89.87,144.57,91.45,2.209,2.193
181,110,basic,381.12,191.68,390.137,196.051,2.133,2.138
181,113,basic,404.397,233.466,275.644,157.127,2.428,2.487
181,113,gifted,136.727,125.328,0.0,0.0,,
181,115,basic,151.681,84.838,173.052,96.773,1.738,1.739
181,117,basic,260.97,154.523,224.835,135.382,2.327,2.233
181,117,gifted,89.881,82.388,0.0,0.0,,
181,118,basic,279.58,139.617,354.52,176.236,2.178,2.204
181,130,basic,659.067,370.14,675.675,378.983,1.738,1.745
181,201,basic,76.628,51.837,84.062,57.134,1.063,1.046
181,202,basic,172.988,91.162,175.668,91.701,1.712,1.762
181,203,basic,261.908,185.138,261.961,185.033,1.307,1.311
181,204,basic,171.907,125.529,106.233,69.042,1.365,2.038
181,208,basic,204.534,168.543,236.085,193.104,1.241,1.309
181,209,basic,155.147,54.926,137.094,48.461,0.769,0.776
181,210,basic,193.316,83.014,191.591,82.445,1.424,1.41
181,211,basic,68.534,44.109,73.446,47.225,1.094,1.101
181,212,gifted,205.584,188.444,0.0,0.0,,
181,215,basic,120.694,71.957,121.985,72.176,0.927,0.957
181,218,basic,155.351,97.36,165.071,103.493,0.77,0.768
181,220,basic,91.524,75.672,93.918,77.191,1.45,1.485
181,221,basic,161.158,111.457,165.986,112.759,0.999,1.077
181,222,basic,141.061,80.967,148.708,83.559,2.279,2.412
181,225,basic,80.999,41.524,81.9,41.972,1.232,1.234
181,226,basic,258.417,169.783,265.566,175.638,1.307,1.285
181,229,basic,248.748,207.745,255.797,210.997,1.153,1.216
181,230,basic,113.97,78.473,82.261,56.676,1.027,1.02
181,233,basic,279.887,176.053,285.903,179.766,0.834,0.836
181,234,basic,77.376,64.112,88.894,72.472,1.193,1.284
181,235,basic,85.6,54.555,86.994,54.808,1.26,1.314
181,236,basic,51.19,45.664,52.127,46.473,1.075,1.078
181,239,basic,270.574,162.286,272.46,163.396,1.671,1.672
181,241,basic,386.115,133.154,377.4,128.98,1.914,1.965
181,242,basic,155.618,109.183,160.709,112.855,1.229,1.225
181,243,basic,212.263,114.691,228.972,123.801,0.948,0.945
181,244,basic,37.225,34.671,37.492,35.238,1.134,1.046
181,245,basic,321.607,282.298,325.978,285.856,1.261,1.27
181,246,basic,235.051,123.041,252.406,131.569,1.207,1.228
181,247,basic,369.977,126.067,360.485,123.353,1.611,1.587
181,248,basic,144.905,93.534,146.91,95.026,0.894,0.883
181,249,basic,30.179,23.502,30.533,23.765,0.871,0.873
181,250,basic,88.938,67.332,93.485,70.74,0.959,0.962
181,251,basic,138.658,67.849,143.877,70.121,1.401,1.423
181,252,basic,247.462,176.968,254.014,181.124,1.473,1.489
181,255,basic,84.719,57.116,86.153,58.275,0.838,0.821
181,257,basic,117.571,102.934,114.51,100.273,1.086,1.086
181,259,basic,164.441,122.055,169.362,126.088,1.36,1.342
181,261,basic,176.598,161.578,182.0,166.504,1.106,1.103
181,262,basic,184.629,144.533,141.744,110.342,1.061,1.091
181,264,basic,82.953,38.238,84.487,38.947,0.937,0.937
181,266,basic,102.868,83.732,99.901,81.587,0.911,0.891
181,267,basic,109.761,98.426,111.981,100.407,1.032,1.033
181,268,basic,108.888,103.443,108.743,103.306,1.058,1.053
181,269,basic,110.732,104.059,101.541,95.406,1.066,1.034
181,270,basic,156.255,109.05,158.03,110.166,1.49,1.495
181,272,basic,42.666,40.243,42.35,40.049,1.031,0.981
181,275,basic,91.083,85.813,92.032,86.662,1.194,1.198
181,276,basic,144.025,71.245,89.975,44.47,1.145,1.148
181,277,basic,128.654,85.185,51.606,33.819,1.025,1.081
181,279,basic,106.44,47.373,78.819,34.783,1.009,1.053
181,281,basic,66.33,45.304,71.274,48.576,0.815,0.827
181,282,basic,76.62,58.874,76.807,59.599,0.866,0.813
181,286,basic,178.67,112.623,184.451,113.992,1.929,2.041
181,287,basic,0.0,0.0,454.898,203.829,,0.964
181,287,gifted,190.0,174.16,0.0,0.0,,
181,288,basic,187.941,163.843,191.169,169.517,1.43,1.358
181,289,basic,157.719,133.544,188.455,157.667,1.379,1.457
181,291,basic,378.769,259.287,392.742,261.809,2.401,2.544
181,292,basic,562.723,323.294,616.632,351.614,1.502,1.573
181,930,basic,399.443,357.605,401.862,358.804,2.371,2.387
181,935,basic,438.173,305.581,458.015,324.402,1.853,1.77
181,939,basic,220.454,107.519,227.989,110.57,1.738,1.771
181,949,basic,377.379,310.859,487.048,399.882,1.561,1.612
181,955,basic,46.061,43.758,52.458,49.835,2.79,2.586
181,971,basic,0.0,0.0,550.289,250.058,,1.111
181,971,gifted,514.86,471.937,0.0,0.0,,
181,972,basic,262.708,192.527,265.877,193.843,1.879,1.903
181,974,basic,86.236,78.804,89.885,82.811,1.218,1.168
181,977,basic,240.597,183.55,199.842,149.78,1.337,1.443
182,103,basic,264.593,234.648,265.497,235.275,1.647,1.651
182,104,basic,132.552,54.473,147.454,61.813,2.358,2.256
182,105,basic,471.282,226.661,325.159,153.277,2.323,2.453
182,105,gifted,185.545,169.873,0.0,0.0,,
182,106,basic,455.04,277.338,338.646,208.69,1.769,1.684
182,106,gifted,116.29,106.468,0.0,0.0,,
182,107,basic,517.913,261.933,518.306,262.099,2.501,2.502
182,109,basic,145.514,98.281,147.996,100.244,2.101,2.084
182,110,basic,398.266,206.968,407.988,211.777,2.129,2.136
182,113,basic,385.986,239.431,261.405,161.341,2.349,2.373
182,113,gifted,133.488,122.213,0.0,0.0,,
182,115,basic,141.018,82.536,161.81,94.595,1.73,1.737
182,117,basic,253.907,156.563,218.242,136.382,2.358,2.27
182,117,gifted,89.944,82.346,0.0,0.0,,
182,118,basic,275.201,146.243,343.494,182.262,2.11,2.12
182,130,basic,667.67,385.154,684.455,394.282,1.748,1.757
182,201,basic,77.119,50.829,83.463,55.373,1.072,1.037
182,202,basic,172.056,90.171,174.615,90.825,1.701,1.748
182,203,basic,250.229,174.203,250.307,174.151,1.279,1.283
182,204,basic,176.614,125.25,108.592,70.031,1.463,2.111
182,208,basic,207.708,168.66,239.634,194.402,1.268,1.339
182,209,basic,156.391,52.579,137.224,46.082,0.784,0.79
182,210,basic,192.439,79.916,190.655,79.351,1.406,1.39
182,211,basic,74.956,46.903,80.758,50.498,1.121,1.128
182,212,gifted,205.452,188.099,0.0,0.0,,
182,215,basic,121.897,69.429,123.166,69.673,0.939,0.971
182,218,basic,166.656,100.312,177.093,106.627,0.786,0.784
182,220,basic,91.595,75.238,93.866,76.715,1.446,1.48
182,221,basic,166.034,108.99,170.836,110.407,1.023,1.103
182,222,basic,145.217,84.119,152.474,86.842,2.29,2.415
182,225,basic,85.078,42.717,85.977,43.156,1.202,1.204
182,226,basic,263.847,165.521,270.813,170.824,1.326,1.303
182,229,basic,255.958,208.56,262.853,212.179,1.151,1.208
182,230,basic,118.511,79.051,85.025,56.682,1.085,1.086
182,233,basic,279.774,169.157,285.775,172.738,0.838,0.84
182,234,basic,73.858,59.825,84.705,67.616,1.212,1.308
182,235,basic,83.608,51.692,84.921,51.996,1.251,1.305
182,236,basic,49.36,43.781,50.229,44.532,1.061,1.064
182,239,basic,265.224,156.103,267.144,157.203,1.736,1.737
182,241,basic,381.258,129.002,372.433,125.214,1.937,1.98
182,242,basic,166.122,113.474,172.14,117.684,1.25,1.245
182,243,basic,219.527,113.842,236.777,122.869,0.985,0.982
182,244,basic,34.355,32.183,34.609,32.609,1.109,1.036
182,245,basic,321.014,273.605,325.143,277.107,1.269,1.271
182,246,basic,237.994,121.352,254.597,129.57,1.219,1.229
182,247,basic,370.747,123.327,361.368,120.73,1.61,1.582
182,248,basic,146.858,92.074,149.009,93.585,0.899,0.887
182,249,basic,31.833,23.907,32.218,24.187,0.875,0.876
182,250,basic,86.327,63.626,90.927,66.994,0.972,0.974
182,251,basic,128.272,60.102,132.991,62.111,1.423,1.444
182,252,basic,227.4,158.938,233.5,162.846,1.444,1.458
182,255,basic,86.075,56.207,87.667,57.39,0.857,0.841
182,257,basic,119.58,102.155,116.819,99.797,1.047,1.048
182,259,basic,159.759,118.298,163.764,121.72,1.298,1.272
182,261,basic,174.568,159.857,179.66,164.532,1.089,1.085
182,262,basic,190.794,144.17,146.995,110.43,1.092,1.13
182,264,basic,79.558,34.685,81.003,35.317,0.923,0.922
182,266,basic,108.419,84.27,105.509,82.218,0.924,0.905
182,267,basic,111.178,96.711,113.367,98.606,1.015,1.016
182,268,basic,110.566,105.038,110.472,104.949,1.071,1.068
182,269,basic,108.423,101.934,99.329,93.377,1.046,1.013
182,270,basic,153.422,105.967,155.219,107.08,1.52,1.527
182,272,basic,41.554,39.24,41.205,38.99,1.053,1.001
182,275,basic,93.154,87.779,94.037,88.573,1.169,1.172
182,276,basic,150.232,71.394,93.834,44.537,1.111,1.116
182,277,basic,130.749,84.308,52.241,33.389,1.03,1.086
182,279,basic,104.715,44.822,77.583,32.983,1.012,1.054
182,281,basic,68.376,45.33,73.097,48.408,0.821,0.828
182,282,basic,72.067,53.909,72.046,54.376,0.885,0.827
182,286,basic,177.524,109.295,183.218,110.828,1.971,2.088
182,287,basic,0.0,0.0,459.25,198.238,,0.957
182,287,gifted,190.0,173.952,0.0,0.0,,
182,288,basic,182.288,160.433,185.322,165.135,1.344,1.282
182,289,basic,153.062,134.688,181.82,159.238,1.35,1.406
182,291,basic,373.005,261.734,385.925,265.222,2.355,2.484
182,292,basic,565.986,325.6,620.875,357.925,1.518,1.57
182,930,basic,399.601,365.948,402.017,367.376,2.388,2.404
182,935,basic,437.816,311.201,457.626,329.847,1.863,1.786
182,939,basic,222.278,106.84,229.795,109.976,1.811,1.844
182,949,basic,376.344,318.649,486.758,412.398,1.574,1.636
182,955,basic,45.226,42.964,51.466,48.893,2.794,2.607
182,971,basic,0.0,0.0,562.351,245.858,,1.142
182,971,gifted,516.145,472.549,0.0,0.0,,
182,972,basic,261.308,195.002,264.281,196.341,1.877,1.9
182,974,basic,87.068,79.56,90.303,83.174,1.264,1.205
182,977,basic,241.325,181.843,199.574,148.023,1.338,1.449
183,103,basic,277.062,246.828,277.908,247.464,1.629,1.631
183,104,basic,153.039,60.114,167.87,67.599,2.425,2.295
183,105,basic,450.635,208.521,312.284,141.357,2.284,2.424
183,105,gifted,181.805,166.84,0.0,0.0,,
183,106,basic,454.394,271.508,338.099,204.155,1.794,1.713
183,106,gifted,115.348,105.853,0.0,0.0,,
183,107,basic,523.272,255.301,523.637,255.455,2.499,2.5
183,109,basic,149.002,100.512,151.337,102.374,2.115,2.099
183,110,basic,411.673,218.003,421.348,222.918,2.106,2.112
183,113,basic,394.759,238.305,266.625,159.796,2.359,2.393
183,113,gifted,135.177,124.05,0.0,0.0,,
183,115,basic,143.353,80.871,163.976,92.459,1.733,1.736
183,117,basic,263.764,164.753,226.507,143.754,2.353,2.251
183,117,gifted,90.314,82.88,0.0,0.0,,
183,118,basic,258.969,133.813,325.366,167.71,2.102,2.119
183,130,basic,656.289,387.159,672.717,396.393,1.729,1.736
183,201,basic,75.385,48.797,82.592,53.793,1.13,1.099
183,202,basic,168.372,88.221,170.855,88.839,1.637,1.684
183,203,basic,248.862,171.439,248.963,171.396,1.322,1.325
183,204,basic,180.068,127.636,109.276,69.882,1.455,2.141
183,208,basic,200.222,166.332,231.873,192.001,1.267,1.335
183,209,basic,147.022,49.372,128.946,43.276,0.783,0.786
183,210,basic,191.718,80.99,189.85,80.416,1.431,1.412
183,211,basic,76.446,47.129,83.006,51.092,1.117,1.129
183,212,gifted,205.293,188.394,0.0,0.0,,
183,215,basic,116.657,70.1,117.847,70.366,0.916,0.945
183,218,basic,158.985,95.696,169.418,102.021,0.763,0.76
183,220,basic,89.904,75.111,92.081,76.563,1.428,1.46
183,221,basic,167.435,117.694,172.159,119.2,1.013,1.089
183,222,basic,139.265,81.64,146.115,84.201,2.16,2.281
183,225,basic,82.413,41.084,83.279,41.5,1.199,1.202
183,226,basic,248.296,166.868,255.198,172.586,1.354,1.328
183,229,basic,251.151,206.817,258.154,210.27,1.146,1.21
183,230,basic,109.971,72.32,79.668,52.334,1.05,1.054
183,233,basic,283.409,172.704,289.472,176.354,0.836,0.838
183,234,basic,77.599,63.094,89.766,71.738,1.213,1.325
183,235,basic,83.339,53.881,84.556,54.185,1.21,1.258
183,236,basic,52.972,47.734,53.902,48.547,1.108,1.112
183,239,basic,264.165,154.318,266.032,155.376,1.716,1.717
183,241,basic,386.277,129.264,377.414,125.045,1.959,2.025
183,242,basic,156.534,108.131,162.28,112.192,1.236,1.231
183,243,basic,216.999,111.736,234.087,120.599,0.982,0.979
183,244,basic,35.89,33.587,36.031,33.94,1.137,1.056
183,245,basic,322.096,288.224,326.388,292.07,1.26,1.264
183,246,basic,230.622,116.66,246.482,124.414,1.209,1.221
183,247,basic,368.264,120.975,358.01,118.133,1.639,1.609
183,248,basic,142.163,88.131,144.087,89.489,0.887,0.876
183,249,basic,28.945,22.294,29.28,22.549,0.895,0.895
183,250,basic,86.788,62.897,91.654,66.39,0.976,0.98
183,251,basic,132.216,64.822,137.117,67.007,1.398,1.419
183,252,basic,230.078,165.275,236.255,169.328,1.429,1.443
183,255,basic,88.534,57.0,90.378,58.347,0.848,0.831
183,257,basic,112.911,98.861,110.241,96.531,1.061,1.061
183,259,basic,163.621,118.852,167.898,122.385,1.298,1.275
183,261,basic,179.776,165.255,185.319,170.367,1.115,1.11
183,262,basic,184.764,142.166,142.696,109.202,1.076,1.111
183,264,basic,79.1,36.508,80.563,37.185,0.924,0.924
183,266,basic,110.958,90.172,107.818,87.909,0.907,0.884
183,267,basic,112.632,102.293,114.822,104.275,1.035,1.035
183,268,basic,112.565,106.937,112.596,106.966,1.064,1.06
183,269,basic,106.558,100.502,97.444,91.918,1.048,1.015
183,270,basic,153.183,104.028,154.966,105.11,1.48,1.486
183,272,basic,41.587,39.198,41.143,38.889,1.089,1.027
183,275,basic,95.912,90.586,96.868,91.448,1.188,1.192
183,276,basic,154.487,75.738,96.506,47.27,1.125,1.128
183,277,basic,123.42,78.339,49.415,31.117,1.012,1.061
183,279,basic,98.346,42.004,71.697,30.435,1.009,1.045
183,281,basic,71.998,46.768,77.742,50.367,0.834,0.851
183,282,basic,80.093,58.282,80.062,58.776,0.909,0.853
183,286,basic,179.813,116.934,185.389,118.526,1.998,2.109
183,287,basic,0.0,0.0,446.393,190.521,,0.952
183,287,gifted,190.0,174.361,0.0,0.0,,
183,288,basic,188.657,165.962,191.756,171.216,1.414,1.341
183,289,basic,157.901,132.149,187.903,156.252,1.363,1.421
183,291,basic,374.334,267.594,387.448,271.096,2.368,2.498
183,292,basic,562.235,319.16,615.639,349.001,1.515,1.572
183,930,basic,399.154,361.041,401.574,362.371,2.358,2.374
183,935,basic,438.183,303.683,458.008,322.074,1.899,1.816
183,939,basic,219.503,108.217,226.91,111.36,1.752,1.783
183,949,basic,382.319,311.706,492.655,401.592,1.582,1.631
183,955,basic,47.228,44.866,53.915,51.22,2.777,2.569
183,971,basic,0.0,0.0,561.368,244.388,,1.123
183,971,gifted,515.558,473.121,0.0,0.0,,
183,972,basic,265.053,195.704,268.017,197.008,1.867,1.89
183,974,basic,86.482,78.404,90.048,82.287,1.228,1.176
183,977,basic,232.41,172.934,194.623,142.677,1.318,1.419
184,103,basic,260.031,240.107,260.848,240.729,1.657,1.659
184,104,basic,120.017,44.185,130.713,49.479,2.344,2.206
184,105,basic,432.353,191.755,301.571,130.73,2.32,2.459
184,105,gifted,177.553,163.19,0.0,0.0,,
184,106,basic,455.241,271.466,335.292,202.618,1.76,1.666
184,106,gifted,116.525,107.098,0.0,0.0,,
184,107,basic,506.757,242.268,507.091,242.409,2.467,2.468
184,109,basic,152.773,103.642,155.151,105.528,2.168,2.154
184,110,basic,394.6,196.73,403.715,201.123,2.147,2.152
184,113,basic,395.118,242.487,268.854,164.003,2.35,2.376
184,113,gifted,135.578,124.61,0.0,0.0,,
184,115,basic,151.012,84.436,172.751,96.535,1.732,1.735
184,117,basic,261.77,162.246,225.366,141.901,2.363,2.268
184,117,gifted,90.039,82.755,0.0,0.0,,
184,118,basic,274.903,138.073,347.331,173.68,2.112,2.14
184,130,basic,653.067,371.088,669.338,380.007,1.708,1.713
184,201,basic,80.449,53.329,86.576,57.775,1.027,0.994
184,202,basic,171.894,85.374,174.559,85.938,1.759,1.81
184,203,basic,267.409,187.51,267.477,187.425,1.341,1.345
184,204,basic,173.802,128.126,105.354,70.923,1.4,1.97
184,208,basic,210.144,181.32,241.705,208.034,1.235,1.299
184,209,basic,147.133,41.723,130.003,36.812,0.786,0.793
184,210,basic,193.335,73.438,191.522,72.952,1.388,1.369
184,211,basic,74.961,46.094,80.544,49.494,1.118,1.124
184,212,gifted,205.623,188.989,0.0,0.0,,
184,215,basic,122.143,68.677,123.471,68.873,0.932,0.966
184,218,basic,157.795,92.305,167.52,98.044,0.777,0.774
184,220,basic,93.535,78.248,96.067,79.856,1.555,1.598
184,221,basic,165.262,111.678,170.204,113.049,1.039,1.121
184,222,basic,143.526,82.859,151.265,85.528,2.334,2.474
184,225,basic,88.173,40.92,89.159,41.363,1.284,1.286
184,226,basic,256.814,166.85,263.848,172.437,1.302,1.279
184,229,basic,253.199,219.125,259.641,222.996,1.14,1.182
184,230,basic,107.249,71.928,78.154,52.324,1.023,1.031
184,233,basic,283.557,167.688,289.599,171.212,0.837,0.839
184,234,basic,72.26,62.067,82.718,69.979,1.19,1.283
184,235,basic,84.652,53.235,85.831,53.495,1.201,1.247
184,236,basic,50.633,46.2,51.546,47.014,1.087,1.089
184,239,basic,274.4,159.579,276.347,160.693,1.721,1.722
184,241,basic,383.446,113.187,373.837,110.039,1.904,1.921
184,242,basic,150.441,105.365,155.394,108.921,1.206,1.201
184,243,basic,216.016,105.39,232.762,113.645,0.974,0.97
184,244,basic,33.665,31.629,33.938,32.043,1.171,1.074
184,245,basic,321.417,292.688,325.584,296.581,1.269,1.271
184,246,basic,224.36,108.13,239.312,115.157,1.19,1.198
184,247,basic,372.356,106.182,362.871,104.038,1.61,1.577
184,248,basic,139.094,85.627,140.775,86.832,0.875,0.863
184,249,basic,31.548,24.675,31.912,24.94,0.874,0.878
184,250,basic,91.393,68.393,96.689,72.315,0.987,0.991
184,251,basic,130.32,58.187,135.249,60.17,1.399,1.42
184,252,basic,236.003,171.667,242.24,175.778,1.429,1.443
184,255,basic,88.128,56.817,89.75,58.016,0.85,0.835
184,257,basic,130.025,117.804,126.912,115.009,1.093,1.093
184,259,basic,157.869,120.392,161.449,123.688,1.277,1.247
184,261,basic,168.097,157.056,172.591,161.263,1.072,1.064
184,262,basic,191.086,150.725,146.816,115.136,1.084,1.119
184,264,basic,78.419,31.635,79.863,32.22,0.934,0.933
184,266,basic,108.143,89.166,105.179,87.001,0.912,0.891
184,267,basic,126.083,117.712,128.578,120.035,1.033,1.034
184,268,basic,109.506,104.031,109.05,103.598,1.087,1.083
184,269,basic,106.701,101.029,97.71,92.53,1.052,1.021
184,270,basic,163.658,113.67,165.483,114.842,1.564,1.568
184,272,basic,42.51,40.267,42.235,40.038,1.063,1.005
184,275,basic,96.59,91.541,97.466,92.347,1.157,1.161
184,276,basic,149.166,66.445,93.277,41.508,1.132,1.136
184,277,basic,126.508,80.594,50.867,32.105,1.016,1.071
184,279,basic,102.106,39.285,75.338,28.766,1.014,1.058
184,281,basic,66.675,43.693,70.948,46.472,0.814,0.816
184,282,basic,76.174,57.72,76.125,58.25,0.901,0.843
184,286,basic,180.047,114.525,185.9,115.922,2.017,2.139
184,287,basic,0.0,0.0,452.517,174.932,,0.96
184,287,gifted,190.0,174.63,0.0,0.0,,
184,288,basic,193.111,172.744,196.416,178.329,1.456,1.384
184,289,basic,157.463,142.529,187.91,168.785,1.355,1.426
184,291,basic,374.752,276.667,387.714,280.17,2.356,2.481
184,292,basic,564.67,315.288,619.747,345.98,1.497,1.558
184,930,basic,399.624,371.679,402.045,373.031,2.43,2.45
184,935,basic,437.903,317.373,457.707,336.891,1.881,1.799
184,939,basic,218.594,100.664,226.038,103.634,1.746,1.776
184,949,basic,378.821,330.277,490.445,427.794,1.579,1.639
184,955,basic,44.436,42.214,49.668,47.184,2.806,2.63
184,971,basic,0.0,0.0,563.376,223.274,,1.131
184,971,gifted,515.968,474.228,0.0,0.0,,
184,972,basic,258.189,199.815,261.148,201.098,1.885,1.91
184,974,basic,86.866,80.327,90.122,83.948,1.28,1.218
184,977,basic,240.082,186.936,199.591,152.839,1.337,1.444
185,103,basic,268.423,239.452,269.215,240.079,1.625,1.626
185,104,basic,138.841,54.731,149.574,61.265,2.493,2.333
185,105,basic,468.831,225.171,320.608,149.576,2.24,2.361
185,105,gifted,185.818,169.623,0.0,0.0,,
185,106,basic,470.888,294.678,351.271,223.29,1.766,1.686
185,106,gifted,117.463,107.226,0.0,0.0,,
185,107,basic,519.693,257.844,520.125,258.018,2.467,2.467
185,109,basic,148.87,99.981,151.796,102.309,2.136,2.123
185,110,basic,397.043,209.171,405.967,213.697,2.086,2.09
185,113,basic,392.256,237.723,265.09,158.642,2.372,2.423
185,113,gifted,135.68,123.855,0.0,0.0,,
185,115,basic,151.679,91.417,173.83,104.625,1.739,1.745
185,117,basic,265.855,163.477,228.635,143.746,2.312,2.218
185,117,gifted,90.183,82.323,0.0,0.0,,
185,118,basic,259.634,139.054,322.379,172.705,2.083,2.083
185,130,basic,651.956,395.724,668.408,405.11,1.68,1.686
185,201,basic,78.8,52.651,85.019,57.292,1.009,0.984
185,202,basic,164.606,85.839,167.056,86.241,1.501,1.539
185,203,basic,258.477,176.449,258.619,176.373,1.3,1.303
185,204,basic,176.736,122.906,107.773,65.357,1.406,2.001
185,208,basic,202.126,166.741,233.335,192.097,1.235,1.303
185,209,basic,158.506,56.01,139.873,49.33,0.775,0.781
185,210,basic,193.699,79.863,191.936,79.412,1.377,1.361
185,211,basic,77.378,48.811,83.446,52.546,1.099,1.108
185,212,gifted,205.539,187.625,0.0,0.0,,
185,215,basic,120.232,72.285,121.457,72.483,0.864,0.887
185,218,basic,155.507,97.596,165.481,103.916,0.758,0.756
185,220,basic,88.988,71.921,91.129,73.135,1.322,1.349
185,221,basic,163.785,111.849,168.551,112.919,0.927,0.987
185,222,basic,137.108,79.956,143.634,81.773,1.827,1.925
185,225,basic,82.696,41.447,83.624,41.887,1.195,1.197
185,226,basic,259.093,163.506,266.221,168.98,1.253,1.242
185,229,basic,249.93,204.173,256.51,206.678,1.132,1.183
185,230,basic,116.335,78.626,83.948,56.707,1.033,1.031
185,233,basic,285.4,178.54,291.453,182.264,0.832,0.833
185,234,basic,72.656,59.266,83.224,66.447,1.142,1.229
185,235,basic,82.178,51.798,83.43,51.959,1.154,1.194
185,236,basic,52.605,45.47,53.473,46.194,1.058,1.06
185,239,basic,276.022,157.162,277.963,158.212,1.664,1.666
185,241,basic,383.699,124.225,374.464,120.293,1.867,1.899
185,242,basic,162.051,111.059,167.548,114.941,1.22,1.216
185,243,basic,215.274,114.234,232.164,123.309,0.966,0.963
185,244,basic,36.033,33.304,36.264,33.881,1.137,1.073
185,245,basic,319.728,272.142,323.847,275.537,1.223,1.227
185,246,basic,226.697,117.509,241.839,125.151,1.131,1.136
185,247,basic,370.084,119.778,360.507,117.446,1.588,1.561
185,248,basic,147.829,95.339,150.007,97.002,0.886,0.875
185,249,basic,32.24,25.002,32.642,25.3,0.867,0.868
185,250,basic,85.907,64.307,90.358,67.614,0.961,0.963
185,251,basic,135.792,63.772,140.665,65.779,1.34,1.357
185,252,basic,252.558,171.154,259.095,174.999,1.445,1.459
185,255,basic,87.681,58.851,89.319,60.172,0.845,0.831
185,257,basic,122.475,104.657,119.715,102.266,1.054,1.056
185,259,basic,160.745,118.555,164.271,121.973,1.23,1.201
185,261,basic,172.932,155.881,177.864,160.38,1.055,1.051
185,262,basic,186.471,142.988,143.509,109.162,1.06,1.092
185,264,basic,81.784,36.944,83.284,37.624,0.938,0.938
185,266,basic,105.507,84.43,102.521,82.421,0.899,0.878
185,267,basic,123.553,109.176,125.935,111.269,1.028,1.029
185,268,basic,109.262,103.799,109.058,103.605,1.067,1.062
185,269,basic,109.489,101.757,100.447,93.407,1.014,0.981
185,270,basic,145.899,99.767,147.665,100.81,1.383,1.389
185,272,basic,41.918,39.298,41.422,39.02,1.039,0.993
185,275,basic,94.256,87.5,95.208,88.324,1.157,1.16
185,276,basic,147.302,71.248,92.354,44.61,1.104,1.109
185,277,basic,130.588,85.285,52.339,33.729,1.014,1.066
185,279,basic,112.042,49.209,83.069,36.136,0.991,1.027
185,281,basic,63.777,43.626,68.127,46.542,0.81,0.814
185,282,basic,75.078,57.189,75.023,57.939,0.878,0.824
185,286,basic,179.904,109.704,185.596,110.454,1.705,1.8
185,287,basic,0.0,0.0,458.061,202.318,,0.957
185,287,gifted,190.0,173.441,0.0,0.0,,
185,288,basic,179.413,151.029,182.213,156.187,1.377,1.318
185,289,basic,155.434,137.797,184.442,162.783,1.371,1.414
185,291,basic,374.746,252.408,387.612,255.198,2.205,2.302
185,292,basic,565.277,328.056,620.595,361.075,1.478,1.537
185,930,basic,398.816,346.654,401.244,347.706,2.294,2.308
185,935,basic,437.458,300.03,457.078,320.32,1.816,1.739
185,939,basic,216.223,104.542,223.592,107.479,1.67,1.698
185,949,basic,377.202,312.146,487.152,404.497,1.558,1.615
185,955,basic,45.558,43.281,51.384,48.815,2.85,2.661
185,971,basic,0.0,0.0,566.405,251.091,,1.115
185,971,gifted,516.414,471.407,0.0,0.0,,
185,972,basic,262.716,190.939,265.676,191.989,1.816,1.835
185,974,basic,87.156,77.925,90.568,81.831,1.197,1.151
185,977,basic,243.433,180.717,201.137,145.731,1.316,1.424
186,103,basic,262.149,232.883,262.961,233.494,1.651,1.653
186,104,basic,130.446,52.695,141.121,59.066,2.564,2.394
186,105,basic,463.338,226.994,321.211,153.585,2.304,2.437
186,105,gifted,182.375,167.445,0.0,0.0,,
186,106,basic,459.849,282.826,341.919,212.309,1.845,1.775
186,106,gifted,115.876,106.39,0.0,0.0,,
186,107,basic,525.028,267.903,525.412,268.067,2.5,2.501
186,109,basic,140.848,96.538,143.426,98.565,2.074,2.061
186,110,basic,396.723,211.721,405.803,216.357,2.118,2.123
186,113,basic,386.471,240.227,260.595,160.72,2.347,2.378
186,113,gifted,134.317,123.322,0.0,0.0,,
186,115,basic,146.12,88.078,167.276,100.754,1.724,1.729
186,117,basic,269.353,168.425,233.119,148.343,2.321,2.226
186,117,gifted,88.91,81.631,0.0,0.0,,
186,118,basic,265.777,142.856,332.481,178.483,2.158,2.165
186,130,basic,646.822,390.968,663.141,400.293,1.669,1.676
186,201,basic,79.213,52.895,86.154,57.866,1.009,0.986
186,202,basic,168.457,88.588,170.958,89.142,1.621,1.664
186,203,basic,261.662,178.785,261.794,178.742,1.341,1.344
186,204,basic,172.712,121.18,107.666,66.957,1.427,2.111
186,208,basic,205.56,166.92,237.616,193.045,1.271,1.335
186,209,basic,151.326,53.728,133.066,47.196,0.778,0.783
186,210,basic,193.905,81.955,192.113,81.415,1.41,1.393
186,211,basic,81.031,50.918,88.859,55.693,1.122,1.139
186,212,gifted,205.331,188.522,0.0,0.0,,
186,215,basic,122.71,71.981,123.965,72.186,0.9,0.928
186,218,basic,157.782,97.298,167.454,103.327,0.766,0.763
186,220,basic,99.017,77.169,101.576,78.65,1.572,1.608
186,221,basic,163.839,107.994,169.021,109.186,1.033,1.118
186,222,basic,147.403,86.126,154.023,88.364,2.013,2.117
186,225,basic,81.639,41.214,82.564,41.66,1.239,1.242
186,226,basic,257.63,162.036,264.655,167.491,1.31,1.29
186,229,basic,255.745,207.072,262.944,210.323,1.135,1.195
186,230,basic,102.202,69.238,74.034,50.12,1.006,1.007
186,233,basic,278.564,171.912,284.57,175.539,0.832,0.835
186,234,basic,76.919,61.593,89.411,70.091,1.206,1.322
186,235,basic,84.824,53.14,86.016,53.374,1.197,1.24
186,236,basic,47.044,41.197,47.784,41.828,1.061,1.063
186,239,basic,278.69,162.563,280.629,163.644,1.701,1.703
186,241,basic,384.391,132.16,375.473,127.778,1.883,1.94
186,242,basic,155.537,106.549,161.08,110.447,1.22,1.215
186,243,basic,216.114,114.503,233.203,123.637,0.982,0.979
186,244,basic,35.638,33.103,35.848,33.63,1.138,1.057
186,245,basic,318.448,268.909,322.507,272.275,1.248,1.252
186,246,basic,234.602,122.208,250.346,130.152,1.167,1.176
186,247,basic,370.98,127.233,361.087,124.479,1.549,1.52
186,248,basic,146.582,93.208,148.68,94.749,0.896,0.884
186,249,basic,28.893,21.679,29.268,21.933,0.916,0.922
186,250,basic,82.789,61.148,87.149,64.333,0.967,0.97
186,251,basic,129.633,61.59,134.566,63.681,1.41,1.432
186,252,basic,245.434,169.29,251.852,173.221,1.446,1.461
186,255,basic,88.274,58.223,89.936,59.5,0.867,0.852
186,257,basic,121.264,102.398,118.09,99.751,1.075,1.074
186,259,basic,156.124,115.443,159.626,118.669,1.234,1.204
186,261,basic,172.074,155.541,177.196,160.241,1.074,1.069
186,262,basic,184.938,140.245,142.151,107.134,1.062,1.095
186,264,basic,79.131,35.882,80.584,36.544,0.921,0.921
186,266,basic,105.087,82.292,102.016,80.19,0.91,0.887
186,267,basic,118.529,102.612,120.828,104.593,1.03,1.03
186,268,basic,109.036,103.584,109.011,103.561,1.063,1.059
186,269,basic,109.327,102.147,100.253,93.695,1.033,1.001
186,270,basic,146.903,100.975,148.63,102.045,1.439,1.444
186,272,basic,39.228,36.939,38.727,36.6,1.036,0.983
186,275,basic,93.217,86.937,94.13,87.737,1.172,1.176
186,276,basic,146.888,71.314,91.912,44.594,1.131,1.133
186,277,basic,127.18,82.875,50.795,32.78,1.005,1.055
186,279,basic,105.052,46.533,77.381,34.027,0.993,1.03
186,281,basic,68.162,45.737,73.328,49.084,0.824,0.836
186,282,basic,75.931,57.015,75.9,57.574,0.875,0.822
186,286,basic,186.825,109.182,192.829,110.27,2.078,2.199
186,287,basic,0.0,0.0,454.019,202.448,,0.952
186,287,gifted,190.0,174.446,0.0,0.0,,
186,288,basic,182.76,154.137,185.632,159.463,1.453,1.377
186,289,basic,156.897,137.493,186.791,162.832,1.395,1.449
186,291,basic,376.738,257.25,389.656,260.518,2.305,2.417
186,292,basic,564.125,327.525,617.818,359.916,1.522,1.578
186,930,basic,399.002,355.186,401.432,356.266,2.355,2.372
186,935,basic,437.541,306.013,457.022,325.492,1.862,1.778
186,939,basic,222.138,108.666,229.819,111.773,1.753,1.788
186,949,basic,378.912,314.67,489.343,407.988,1.595,1.647
186,955,basic,46.338,44.021,53.082,50.428,2.825,2.63
186,971,basic,0.0,0.0,562.129,252.637,,1.123
186,971,gifted,515.984,473.744,0.0,0.0,,
186,972,basic,258.308,190.575,261.158,191.689,1.859,1.88
186,974,basic,87.665,79.107,91.365,83.099,1.217,1.174
186,977,basic,239.258,178.786,198.069,145.339,1.305,1.41
187,103,basic,274.626,229.888,275.498,230.488,1.611,1.613
187,104,basic,120.618,51.911,130.453,57.815,2.257,2.136
187,105,basic,442.508,212.011,306.499,143.173,2.263,2.382
187,105,gifted,179.93,164.842,0.0,0.0,,
187,106,basic,473.492,287.949,351.039,217.097,1.745,1.652
187,106,gifted,118.219,108.306,0.0,0.0,,
187,107,basic,524.926,261.343,525.303,261.5,2.419,2.42
187,109,basic,143.265,91.898,145.171,93.483,2.11,2.093
187,110,basic,412.029,218.947,421.792,223.889,2.083,2.088
187,113,basic,387.417,226.434,257.144,149.519,2.323,2.339
187,113,gifted,135.212,123.874,0.0,0.0,,
187,115,basic,156.229,91.572,178.282,104.49,1.721,1.721
187,117,basic,259.698,153.566,223.444,134.75,2.346,2.253
187,117,gifted,89.928,82.387,0.0,0.0,,
187,118,basic,254.658,134.587,321.883,169.364,2.094,2.115
187,130,basic,663.748,396.697,680.278,406.046,1.708,1.713
187,201,basic,80.388,54.449,87.786,59.78,1.015,1.0
187,202,basic,170.003,90.965,172.767,91.355,1.644,1.696
187,203,basic,253.807,172.519,253.875,172.385,1.343,1.347
187,204,basic,180.157,124.007,111.019,66.98,1.454,2.1
187,208,basic,203.809,162.042,236.254,186.391,1.233,1.305
187,209,basic,152.491,63.82,134.076,56.033,0.77,0.775
187,210,basic,193.216,90.089,191.414,89.517,1.39,1.374
187,211,basic,78.973,51.097,84.905,54.851,1.094,1.103
187,212,gifted,205.803,188.546,0.0,0.0,,
187,215,basic,119.684,75.654,121.045,75.846,0.929,0.958
187,218,basic,159.534,103.855,169.316,110.271,0.767,0.765
187,220,basic,88.178,70.309,90.167,71.525,1.306,1.329
187,221,basic,168.805,118.231,173.862,119.381,0.983,1.053
187,222,basic,144.897,80.397,152.191,82.589,2.136,2.246
187,225,basic,92.93,49.973,93.961,50.505,1.223,1.225
187,226,basic,255.35,171.067,262.488,176.569,1.225,1.218
187,229,basic,254.205,202.145,261.411,204.978,1.142,1.201
187,230,basic,106.77,73.112,77.582,53.03,1.01,1.014
187,233,basic,284.32,185.519,290.328,189.383,0.831,0.832
187,234,basic,75.467,59.876,86.414,67.21,1.151,1.242
187,235,basic,76.531,49.258,77.958,49.457,1.241,1.297
187,236,basic,52.401,45.16,53.397,45.977,1.064,1.068
187,239,basic,276.864,162.736,278.709,163.806,1.68,1.68
187,241,basic,384.354,145.232,375.688,140.532,1.879,1.927
187,242,basic,159.333,110.572,165.052,114.654,1.223,1.219
187,243,basic,213.11,120.668,230.006,130.338,0.985,0.982
187,244,basic,38.162,35.201,38.47,35.845,1.092,1.037
187,245,basic,320.108,268.797,324.206,272.008,1.225,1.231
187,246,basic,224.841,124.226,240.337,132.301,1.156,1.17
187,247,basic,373.84,142.767,364.652,140.062,1.581,1.554
187,248,basic,148.447,98.258,150.625,99.955,0.888,0.876
187,249,basic,27.386,21.074,27.715,21.303,0.91,0.914
187,250,basic,91.943,68.1,96.84,71.684,0.958,0.961
187,251,basic,133.344,69.798,138.14,72.024,1.328,1.346
187,252,basic,234.13,161.009,240.455,164.866,1.436,1.45
187,255,basic,87.251,59.693,88.769,60.942,0.835,0.82
187,257,basic,131.697,109.489,128.725,107.01,1.076,1.077
187,259,basic,161.619,115.463,165.994,119.083,1.305,1.284
187,261,basic,172.477,152.695,177.867,157.492,1.057,1.054
187,262,basic,185.709,141.242,143.296,108.11,1.068,1.105
187,264,basic,78.639,40.661,80.127,41.431,0.922,0.922
187,266,basic,108.685,86.807,105.604,84.691,0.895,0.874
187,267,basic,117.873,101.896,120.254,103.94,1.039,1.04
187,268,basic,109.729,104.243,109.928,104.431,1.062,1.058
187,269,basic,105.008,96.743,96.004,88.577,0.993,0.96
187,270,basic,153.698,102.594,155.46,103.627,1.456,1.461
187,272,basic,39.817,37.114,39.237,36.792,1.028,0.981
187,275,basic,94.301,86.661,95.23,87.461,1.132,1.135
187,276,basic,150.109,80.102,94.19,50.185,1.123,1.129
187,277,basic,126.051,83.894,50.61,33.313,1.004,1.052
187,279,basic,107.347,52.657,78.826,38.321,1.0,1.039
187,281,basic,71.291,49.399,76.584,52.953,0.807,0.817
187,282,basic,74.802,55.989,75.096,56.889,0.884,0.83
187,286,basic,175.118,108.88,180.798,109.912,1.776,1.878
187,287,basic,0.0,0.0,447.159,220.499,,0.947
187,287,gifted,190.0,174.068,0.0,0.0,,
187,288,basic,184.698,154.431,187.653,159.194,1.296,1.246
187,289,basic,158.81,129.108,189.26,152.293,1.348,1.409
187,291,basic,373.722,243.405,386.87,245.441,2.229,2.348
187,292,basic,564.735,332.691,619.286,362.441,1.479,1.548
187,930,basic,398.965,326.075,401.389,326.919,2.277,2.292
187,935,basic,437.951,293.191,457.744,312.396,1.769,1.687
187,939,basic,216.755,112.056,224.08,115.147,1.667,1.697
187,949,basic,378.399,298.458,487.211,383.322,1.498,1.549
187,955,basic,45.656,43.373,51.843,49.251,2.75,2.541
187,971,basic,0.0,0.0,567.675,279.138,,1.126
187,971,gifted,516.815,473.478,0.0,0.0,,
187,972,basic,264.223,181.602,267.598,182.755,1.866,1.891
187,974,basic,88.246,77.556,91.655,81.456,1.166,1.118
187,977,basic,234.682,171.554,196.625,140.643,1.305,1.414
188,103,basic,255.458,217.908,256.283,218.478,1.609,1.612
188,104,basic,134.719,52.961,150.691,60.881,2.453,2.328
188,105,basic,451.907,208.261,318.455,143.383,2.293,2.423
188,105,gifted,179.88,165.532,0.0,0.0,,
188,106,basic,453.425,269.744,338.91,204.496,1.732,1.643
188,106,gifted,116.189,106.921,0.0,0.0,,
188,107,basic,512.486,244.775,512.823,244.918,2.506,2.507
188,109,basic,152.504,97.09,154.599,98.692,2.164,2.15
188,110,basic,384.516,201.67,393.571,206.294,2.101,2.105
188,113,basic,374.398,218.139,249.95,144.617,2.346,2.375
188,113,gifted,131.603,121.105,0.0,0.0,,
188,115,basic,151.776,85.179,173.438,97.276,1.729,1.732
188,117,basic,264.011,157.868,226.332,137.827,2.345,2.243
188,117,gifted,90.219,83.023,0.0,0.0,,
188,118,basic,263.99,134.069,337.45,170.238,2.138,2.176
188,130,basic,654.942,382.268,671.307,391.429,1.7,1.705
188,201,basic,86.938,58.596,96.083,65.008,1.079,1.067
188,202,basic,167.666,91.305,170.177,91.876,1.603,1.648
188,203,basic,260.677,181.767,260.793,181.71,1.348,1.352
188,204,basic,172.078,121.007,108.901,67.697,1.518,2.242
188,208,basic,203.645,167.476,236.699,193.085,1.245,1.312
188,209,basic,150.972,57.715,132.097,50.48,0.776,0.777
188,210,basic,194.368,88.514,192.532,87.919,1.426,1.409
188,211,basic,78.515,50.487,85.077,54.604,1.104,1.117
188,212,gifted,205.706,189.297,0.0,0.0,,
188,215,basic,118.629,75.31,119.63,75.62,0.856,0.872
188,218,basic,159.051,101.37,169.082,107.82,0.767,0.765
188,220,basic,95.151,77.98,97.562,79.446,1.439,1.474
188,221,basic,164.91,118.717,169.806,120.094,1.001,1.077
188,222,basic,141.089,84.668,148.377,87.067,2.003,2.133
188,225,basic,80.577,42.33,81.446,42.775,1.242,1.243
188,226,basic,248.09,172.469,254.979,178.051,1.245,1.232
188,229,basic,252.55,208.119,259.823,211.189,1.153,1.222
188,230,basic,111.107,75.72,80.519,54.815,1.041,1.043
188,233,basic,276.509,177.39,282.397,181.108,0.839,0.841
188,234,basic,79.324,64.593,91.445,73.087,1.191,1.295
188,235,basic,79.539,53.139,80.7,53.407,1.159,1.202
188,236,basic,47.608,42.385,48.374,43.05,1.104,1.105
188,239,basic,277.329,166.381,279.328,167.537,1.673,1.674
188,241,basic,383.807,140.172,375.319,135.531,1.909,1.973
188,242,basic,150.102,105.95,155.46,109.838,1.207,1.203
188,243,basic,214.869,118.524,231.876,128.006,0.986,0.983
188,244,basic,34.842,32.527,35.189,33.079,1.059,1.001
188,245,basic,320.627,284.421,324.845,288.106,1.213,1.217
188,246,basic,235.744,125.641,253.178,134.201,1.233,1.26
188,247,basic,369.525,134.747,359.436,131.71,1.582,1.554
188,248,basic,146.793,95.266,148.918,96.838,0.892,0.881
188,249,basic,29.41,23.13,29.778,23.413,0.862,0.863
188,250,basic,87.381,65.171,91.767,68.417,0.964,0.966
188,251,basic,133.799,69.392,138.586,71.606,1.392,1.412
188,252,basic,245.167,177.694,251.558,181.866,1.436,1.45
188,255,basic,87.314,58.939,88.939,60.207,0.836,0.821
188,257,basic,121.016,105.193,118.159,102.699,1.095,1.096
188,259,basic,160.451,117.139,165.15,120.942,1.333,1.314
188,261,basic,175.734,159.656,181.194,164.575,1.111,1.109
188,262,basic,185.823,145.008,143.481,111.246,1.069,1.104
188,264,basic,80.995,40.454,82.498,41.206,0.932,0.932
188,266,basic,101.762,83.902,98.602,81.597,0.904,0.882
188,267,basic,120.604,108.326,122.908,110.389,1.026,1.026
188,268,basic,110.638,105.107,110.767,105.229,1.057,1.055
188,269,basic,104.932,98.574,96.191,90.401,0.978,0.945
188,270,basic,143.662,98.348,145.416,99.422,1.488,1.494
188,272,basic,40.957,38.525,40.509,38.247,1.051,1.001
188,275,basic,87.448,82.107,88.29,82.855,1.182,1.186
188,276,basic,154.22,80.758,95.996,50.235,1.136,1.137
188,277,basic,126.072,83.633,50.486,33.215,1.004,1.048
188,279,basic,100.377,47.056,73.645,34.292,0.993,1.027
188,281,basic,68.977,46.706,74.949,50.531,0.85,0.873
188,282,basic,70.861,52.812,70.384,53.016,0.931,0.873
188,286,basic,171.513,112.435,177.137,113.806,1.857,1.968
188,287,basic,0.0,0.0,445.764,209.307,,0.95
188,287,gifted,190.0,174.844,0.0,0.0,,
188,288,basic,174.676,152.933,177.447,157.456,1.332,1.277
188,289,basic,158.886,128.952,189.851,152.027,1.364,1.446
188,291,basic,374.021,262.642,386.941,265.663,2.244,2.361
188,292,basic,562.894,328.203,617.853,358.499,1.483,1.531
188,930,basic,399.464,347.467,401.88,348.753,2.317,2.33
188,935,basic,437.556,300.108,457.474,318.219,1.839,1.763
188,939,basic,221.911,113.048,229.392,116.23,1.711,1.742
188,949,basic,381.627,301.674,491.463,386.739,1.556,1.607
188,955,basic,48.704,46.269,55.906,53.111,2.739,2.525
188,971,basic,0.0,0.0,566.928,268.33,,1.122
188,971,gifted,515.933,474.778,0.0,0.0,,
188,972,basic,260.74,189.35,263.462,190.533,1.833,1.852
188,974,basic,86.63,77.509,89.827,81.158,1.214,1.159
188,977,basic,233.687,175.666,195.643,144.627,1.297,1.396
189,103,basic,262.893,229.404,263.6,229.982,1.601,1.602
189,104,basic,147.103,50.186,152.431,55.461,2.836,2.548
189,105,basic,451.974,201.791,315.574,137.472,2.282,2.382
189,105,gifted,177.953,163.513,0.0,0.0,,
189,106,basic,469.442,274.743,346.928,205.983,1.809,1.733
189,106,gifted,117.428,107.9,0.0,0.0,,
189,107,basic,508.927,237.929,509.536,238.163,2.455,2.456
189,109,basic,155.03,96.466,157.522,98.306,2.224,2.213
189,110,basic,393.585,194.173,402.616,198.491,2.089,2.092
189,113,basic,405.068,230.677,276.373,154.405,2.4,2.478
189,113,gifted,134.922,123.974,0.0,0.0,,
189,115,basic,144.222,82.749,164.432,94.327,1.71,1.711
189,117,basic,263.79,153.554,226.348,134.98,2.297,2.198
189,117,gifted,90.28,82.954,0.0,0.0,,
189,118,basic,276.334,137.441,350.766,173.318,2.137,2.164
189,130,basic,670.067,383.08,686.798,392.058,1.681,1.687
189,201,basic,76.356,52.334,83.566,57.575,1.02,1.01
189,202,basic,176.212,89.375,178.983,89.637,1.682,1.73
189,203,basic,258.906,182.843,258.927,182.666,1.277,1.281
189,204,basic,173.851,126.484,106.821,66.617,1.341,1.982
189,208,basic,202.888,168.525,234.922,193.79,1.223,1.284
189,209,basic,144.122,51.117,127.493,45.147,0.771,0.776
189,210,basic,192.33,80.505,190.456,80.051,1.346,1.327
189,211,basic,74.398,48.401,79.545,51.671,1.086,1.094
189,212,gifted,206.144,189.416,0.0,0.0,,
189,215,basic,125.141,75.719,126.421,75.918,0.911,0.935
189,218,basic,159.261,102.597,169.196,109.052,0.756,0.754
189,220,basic,84.674,70.485,86.513,71.633,1.259,1.28
189,221,basic,163.031,115.416,167.333,116.589,0.893,0.94
189,222,basic,152.26,85.254,159.917,87.201,2.097,2.207
189,225,basic,90.477,46.075,91.459,46.556,1.2,1.201
189,226,basic,253.428,165.237,260.298,170.637,1.202,1.193
189,229,basic,255.004,215.071,262.172,217.676,1.141,1.197
189,230,basic,118.734,82.557,84.916,59.198,1.036,1.022
189,233,basic,280.15,179.957,286.018,183.681,0.824,0.825
189,234,basic,76.439,64.337,87.395,72.062,1.143,1.225
189,235,basic,83.672,52.812,85.129,52.919,1.223,1.274
189,236,basic,51.909,45.318,52.884,46.132,1.057,1.06
189,239,basic,276.332,159.759,278.212,160.837,1.695,1.695
189,241,basic,382.245,124.475,373.307,120.416,1.845,1.884
189,242,basic,156.959,111.049,162.277,114.91,1.207,1.204
189,243,basic,219.094,118.162,236.387,127.63,0.979,0.976
189,244,basic,35.537,32.88,35.743,33.413,1.126,1.059
189,245,basic,321.236,278.929,325.369,282.328,1.225,1.231
189,246,basic,231.086,120.168,248.97,128.757,1.186,1.205
189,247,basic,372.233,121.897,362.49,119.517,1.543,1.515
189,248,basic,151.215,100.343,153.49,102.134,0.882,0.872
189,249,basic,28.045,22.347,28.385,22.597,0.883,0.885
189,250,basic,80.998,62.82,85.295,66.149,0.953,0.954
189,251,basic,128.51,61.391,133.081,63.307,1.315,1.332
189,252,basic,243.394,170.271,249.693,174.11,1.422,1.435
189,255,basic,88.428,61.438,90.098,62.84,0.824,0.81
189,257,basic,121.751,106.562,118.432,103.68,1.067,1.067
189,259,basic,164.216,123.474,169.09,127.786,1.287,1.266
189,261,basic,170.929,155.706,175.711,160.113,1.041,1.036
189,262,basic,188.339,149.229,144.64,113.748,1.057,1.086
189,264,basic,79.817,36.431,81.233,37.081,0.927,0.926
189,266,basic,109.263,90.576,106.258,88.508,0.884,0.863
189,267,basic,123.118,112.243,125.571,114.468,1.021,1.022
189,268,basic,109.422,103.951,109.416,103.946,1.075,1.072
189,269,basic,107.854,100.757,98.765,92.29,1.024,0.99
189,270,basic,171.365,115.679,173.225,116.789,1.541,1.545
189,272,basic,42.104,39.45,41.563,39.131,1.056,1.005
189,275,basic,93.57,87.586,94.521,88.429,1.14,1.143
189,276,basic,155.271,75.572,96.186,46.788,1.13,1.131
189,277,basic,128.491,86.26,51.481,34.118,1.018,1.066
189,279,basic,107.037,47.47,78.729,34.555,0.996,1.034
189,281,basic,65.528,46.216,70.229,49.409,0.809,0.818
189,282,basic,78.274,61.763,78.377,62.681,0.876,0.826
189,286,basic,172.645,112.495,177.865,113.465,1.536,1.613
189,287,basic,0.0,0.0,453.138,203.002,,0.95
189,287,gifted,190.0,174.582,0.0,0.0,,
189,288,basic,185.795,161.782,188.794,166.892,1.34,1.291
189,289,basic,156.641,135.866,187.33,160.287,1.376,1.45
189,291,basic,371.856,252.158,384.775,254.878,2.162,2.258
189,292,basic,561.986,322.776,618.469,353.058,1.475,1.541
189,930,basic,399.482,346.728,401.9,347.703,2.352,2.367
189,935,basic,437.769,299.052,457.6,318.783,1.81,1.736
189,939,basic,218.565,104.514,225.731,107.333,1.659,1.684
189,949,basic,383.07,319.277,493.136,410.674,1.53,1.577
189,955,basic,45.841,43.549,52.287,49.672,2.785,2.583
189,971,basic,0.0,0.0,554.763,249.415,,1.107
189,971,gifted,514.947,473.161,0.0,0.0,,
189,972,basic,264.638,189.784,267.924,190.905,1.849,1.871
189,974,basic,86.794,78.715,90.139,82.526,1.194,1.147
189,977,basic,239.37,184.34,199.107,149.642,1.304,1.409
190,103,basic,257.827,228.792,258.594,229.379,1.646,1.648
190,104,basic,137.616,49.408,151.024,56.164,2.533,2.385
190,105,basic,447.877,201.506,311.824,136.18,2.282,2.413
190,105,gifted,178.803,164.317,0.0,0.0,,
190,106,basic,453.825,270.813,338.195,205.352,1.744,1.657
190,106,gifted,116.233,106.815,0.0,0.0,,
190,107,basic,525.598,248.008,525.909,248.134,2.483,2.483
190,109,basic,157.297,102.698,159.959,104.77,2.111,2.099
190,110,basic,404.732,195.447,414.173,199.797,2.079,2.083
190,113,basic,391.301,230.939,265.628,155.099,2.365,2.409
190,113,gifted,134.871,123.943,0.0,0.0,,
190,115,basic,140.636,81.21,161.096,92.928,1.723,1.728
190,117,basic,264.724,153.79,226.91,134.863,2.338,2.237
190,117,gifted,90.027,82.733,0.0,0.0,,
190,118,basic,269.408,135.2,339.662,169.805,2.126,2.143
190,130,basic,658.784,368.211,675.187,376.89,1.68,1.685
190,201,basic,78.73,54.077,86.28,59.608,1.055,1.04
190,202,basic,160.233,85.769,162.666,86.257,1.485,1.522
190,203,basic,247.382,179.498,247.495,179.425,1.258,1.261
190,204,basic,174.785,129.283,107.768,69.201,1.393,2.032
190,208,basic,209.058,176.461,240.844,202.146,1.211,1.274
190,209,basic,145.92,47.518,129.372,42.059,0.765,0.771
190,210,basic,191.686,75.173,189.877,74.684,1.398,1.383
190,211,basic,71.235,46.698,76.363,49.978,1.088,1.097
190,212,gifted,205.74,189.07,0.0,0.0,,
190,215,basic,120.462,70.5,121.598,70.726,0.874,0.893
190,218,basic,153.529,97.498,163.025,103.588,0.752,0.75
190,220,basic,90.915,73.119,93.283,74.517,1.496,1.528
190,221,basic,164.305,110.191,169.14,111.239,0.947,1.01
190,222,basic,147.302,92.772,154.066,94.725,1.742,1.842
190,225,basic,86.819,43.579,87.755,44.026,1.185,1.187
190,226,basic,253.747,158.322,260.767,163.63,1.243,1.231
190,229,basic,250.93,217.772,257.927,220.711,1.132,1.186
190,230,basic,111.174,79.378,80.773,57.634,1.003,1.002
190,233,basic,283.602,178.736,289.706,182.495,0.827,0.829
190,234,basic,74.682,64.319,85.557,72.255,1.15,1.238
190,235,basic,83.116,52.62,84.392,52.805,1.158,1.199
190,236,basic,51.226,45.27,52.06,45.983,1.038,1.04
190,239,basic,271.144,160.629,273.057,161.707,1.677,1.679
190,241,basic,383.835,119.713,374.923,115.773,1.844,1.887
190,242,basic,158.08,112.891,163.387,116.784,1.209,1.206
190,243,basic,220.187,116.004,237.525,125.241,0.977,0.974
190,244,basic,36.796,34.264,37.105,34.862,1.12,1.044
190,245,basic,323.946,283.413,328.359,287.01,1.232,1.24
190,246,basic,223.113,115.828,238.195,123.187,1.136,1.149
190,247,basic,372.39,115.312,362.761,113.021,1.541,1.515
190,248,basic,141.364,93.967,143.265,95.479,0.875,0.864
190,249,basic,30.356,24.256,30.723,24.536,0.869,0.87
190,250,basic,86.035,68.148,90.792,71.896,0.964,0.965
190,251,basic,128.645,57.809,133.491,59.704,1.362,1.383
190,252,basic,229.263,164.023,235.51,167.896,1.366,1.381
190,255,basic,83.225,57.994,84.536,59.166,0.832,0.815
190,257,basic,124.186,110.343,121.008,107.524,1.075,1.076
190,259,basic,157.093,124.05,160.436,127.518,1.238,1.209
190,261,basic,185.175,169.778,191.036,175.091,1.098,1.095
190,262,basic,186.158,149.41,142.833,113.787,1.055,1.086
190,264,basic,79.416,33.515,80.869,34.131,0.906,0.906
190,266,basic,107.648,88.649,104.61,86.537,0.889,0.868
190,267,basic,115.418,106.073,117.66,108.125,1.017,1.017
190,268,basic,107.832,102.44,107.481,102.107,1.078,1.075
190,269,basic,99.888,93.814,90.817,85.286,1.077,1.043
190,270,basic,153.929,113.381,155.724,114.53,1.366,1.371
190,272,basic,41.434,39.064,41.058,38.818,1.07,1.017
190,275,basic,96.247,90.347,97.257,91.241,1.202,1.205
190,276,basic,148.593,68.975,93.156,43.191,1.106,1.11
190,277,basic,127.629,86.669,51.296,34.44,1.013,1.059
190,279,basic,114.071,48.231,83.679,35.063,0.993,1.028
190,281,basic,65.466,46.423,70.282,49.713,0.816,0.826
190,282,basic,79.89,64.146,79.722,64.866,0.919,0.864
190,286,basic,178.343,106.822,184.027,107.737,1.834,1.93
190,287,basic,0.0,0.0,458.411,196.206,,0.953
190,287,gifted,190.0,174.606,0.0,0.0,,
190,288,basic,176.415,155.132,179.126,160.271,1.349,1.29
190,289,basic,159.377,143.909,189.522,169.634,1.392,1.457
190,291,basic,375.044,254.118,388.58,256.208,2.279,2.398
190,292,basic,564.604,325.12,619.061,356.409,1.467,1.515
190,930,basic,398.532,363.676,400.958,364.97,2.342,2.356
190,935,basic,438.344,312.388,458.186,333.157,1.801,1.721
190,939,basic,218.669,100.963,226.266,103.741,1.7,1.733
190,949,basic,383.106,328.262,494.89,424.335,1.584,1.64
190,955,basic,47.232,44.871,53.659,50.977,2.828,2.631
190,971,basic,0.0,0.0,562.984,242.91,,1.115
190,971,gifted,515.806,474.015,0.0,0.0,,
190,972,basic,260.064,196.632,262.926,197.742,1.804,1.823
190,974,basic,86.66,79.793,90.094,83.687,1.207,1.157
190,977,basic,240.572,192.686,199.042,155.895,1.303,1.408
191,103,basic,272.628,251.143,273.474,251.796,1.661,1.663
191,104,basic,125.08,50.485,136.237,56.459,2.387,2.247
191,105,basic,445.767,217.339,310.209,148.163,2.336,2.471
191,105,gifted,179.205,164.486,0.0,0.0,,
191,106,basic,444.679,276.211,325.487,204.689,1.798,1.703
191,106,gifted,115.837,106.322,0.0,0.0,,
191,107,basic,515.928,266.409,516.236,266.549,2.514,2.515
191,109,basic,147.486,102.773,149.842,104.68,2.131,2.116
191,110,basic,420.804,214.011,430.487,218.777,2.173,2.177
191,113,basic,398.142,256.712,269.387,172.584,2.365,2.394
191,113,gifted,137.151,125.886,0.0,0.0,,
191,115,basic,147.776,89.157,168.872,101.846,1.729,1.732
191,117,basic,270.743,170.095,233.322,148.968,2.357,2.253
191,117,gifted,90.178,82.772,0.0,0.0,,
191,118,basic,269.144,144.703,339.21,181.867,2.149,2.168
191,130,basic,647.205,373.411,663.374,382.389,1.703,1.708
191,201,basic,76.867,50.933,83.748,55.74,1.012,0.99
191,202,basic,171.775,87.093,174.416,87.717,1.737,1.788
191,203,basic,265.724,184.505,265.795,184.425,1.321,1.326
191,204,basic,177.043,127.356,108.766,70.457,1.432,2.138
191,208,basic,206.58,170.091,238.59,197.135,1.273,1.341
191,209,basic,151.479,45.122,133.034,39.572,0.79,0.798
191,210,basic,191.036,72.53,189.239,71.993,1.4,1.385
191,211,basic,76.45,47.449,83.63,51.798,1.122,1.138
191,212,gifted,205.706,188.81,0.0,0.0,,
191,215,basic,117.928,61.89,119.537,62.032,1.011,1.064
191,218,basic,158.543,92.963,168.498,98.846,0.77,0.767
191,220,basic,92.42,76.286,94.676,77.811,1.494,1.525
191,221,basic,164.265,101.696,169.093,102.982,1.045,1.129
191,222,basic,146.656,83.486,153.608,86.195,2.409,2.519
191,225,basic,91.232,43.408,92.271,43.881,1.255,1.258
191,226,basic,251.658,146.983,258.58,152.162,1.379,1.347
191,229,basic,253.371,209.267,260.941,212.841,1.171,1.246
191,230,basic,105.225,71.291,76.132,51.564,1.011,1.011
191,233,basic,284.199,165.937,290.345,169.459,0.847,0.849
191,234,basic,80.576,66.233,94.345,76.116,1.26,1.383
191,235,basic,86.105,50.377,87.496,50.648,1.342,1.402
191,236,basic,47.745,42.223,48.594,42.947,1.058,1.061
191,239,basic,283.822,165.983,285.769,167.096,1.729,1.73
191,241,basic,383.858,117.924,375.308,114.19,1.965,2.03
191,242,basic,161.251,109.032,167.385,113.274,1.27,1.266
191,243,basic,217.71,107.877,235.048,116.529,0.985,0.982
191,244,basic,37.715,35.291,37.767,35.597,1.193,1.076
191,245,basic,324.028,274.745,328.293,278.223,1.266,1.272
191,246,basic,242.47,119.765,259.221,127.826,1.163,1.172
191,247,basic,372.456,111.626,362.728,109.206,1.632,1.602
191,248,basic,148.162,91.74,150.305,93.252,0.894,0.882
191,249,basic,30.329,22.28,30.745,22.555,0.936,0.943
191,250,basic,83.582,62.571,88.227,65.999,0.965,0.971
191,251,basic,127.4,54.912,132.353,56.839,1.419,1.443
191,252,basic,243.71,168.493,250.137,172.505,1.438,1.454
191,255,basic,89.83,58.119,91.454,59.341,0.876,0.859
191,257,basic,124.539,106.822,121.303,104.072,1.079,1.078
191,259,basic,161.718,121.302,166.561,125.265,1.371,1.353
191,261,basic,173.229,159.983,178.285,164.689,1.072,1.067
191,262,basic,186.499,141.383,142.908,107.835,1.073,1.103
191,264,basic,80.997,31.234,82.516,31.821,0.976,0.976
191,266,basic,108.201,82.788,105.212,80.736,0.923,0.903
191,267,basic,125.897,109.373,128.44,111.568,1.031,1.032
191,268,basic,108.357,102.939,108.058,102.655,1.077,1.074
191,269,basic,108.584,102.308,99.315,93.567,1.09,1.059
191,270,basic,154.902,109.032,156.69,110.183,1.533,1.538
191,272,basic,40.097,37.945,39.436,37.365,1.109,1.037
191,275,basic,98.563,93.109,99.572,94.024,1.163,1.167
191,276,basic,149.24,65.088,93.422,40.718,1.133,1.136
191,277,basic,126.34,81.316,50.689,32.323,1.016,1.075
191,279,basic,101.869,40.365,75.392,29.662,1.008,1.052
191,281,basic,64.908,42.91,69.696,45.985,0.82,0.833
191,282,basic,74.645,57.045,74.814,57.68,0.878,0.822
191,286,basic,176.144,101.615,181.774,103.133,2.109,2.223
191,287,basic,0.0,0.0,447.533,179.815,,0.955
191,287,gifted,190.0,174.394,0.0,0.0,,
191,288,basic,185.055,162.144,187.474,167.259,1.457,1.365
191,289,basic,154.742,142.99,184.615,169.84,1.427,1.497
191,291,basic,374.717,259.669,388.539,263.156,2.512,2.658
191,292,basic,562.391,322.798,616.94,356.344,1.5,1.562
191,930,basic,399.338,369.837,401.772,371.032,2.456,2.482
191,935,basic,437.462,319.513,456.889,339.709,1.921,1.826
191,939,basic,222.02,102.219,229.667,105.25,1.782,1.818
191,949,basic,375.302,331.333,485.919,431.748,1.624,1.677
191,955,basic,45.778,43.489,52.426,49.805,2.777,2.582
191,971,basic,0.0,0.0,554.316,226.877,,1.121
191,971,gifted,515.141,472.83,0.0,0.0,,
191,972,basic,253.829,194.601,257.13,195.949,1.948,1.978
191,974,basic,87.134,80.786,91.231,85.162,1.274,1.228
191,977,basic,236.481,182.638,197.148,149.93,1.346,1.452
192,103,basic,261.698,214.33,262.555,214.902,1.614,1.617
192,104,basic,138.552,66.014,150.372,73.534,2.41,2.267
192,105,basic,461.506,237.636,319.308,161.238,2.35,2.478
192,105,gifted,181.693,167.02,0.0,0.0,,
192,106,basic,461.444,289.948,342.7,217.414,1.834,1.755
192,106,gifted,115.947,106.583,0.0,0.0,,
192,107,basic,507.538,271.665,507.951,271.853,2.502,2.503
192,109,basic,144.404,97.658,147.005,99.644,2.108,2.095
192,110,basic,400.061,238.035,409.054,243.196,2.149,2.154
192,113,basic,380.127,232.223,255.834,155.334,2.337,2.366
192,113,gifted,132.356,121.667,0.0,0.0,,
192,115,basic,147.486,89.282,168.756,102.092,1.731,1.735
192,117,basic,265.363,171.83,229.283,150.65,2.329,2.234
192,117,gifted,89.417,82.196,0.0,0.0,,
192,118,basic,277.198,156.562,347.962,196.085,2.143,2.159
192,130,basic,664.157,438.016,680.796,448.51,1.681,1.687
192,201,basic,80.304,52.721,86.108,56.88,0.964,0.931
192,202,basic,170.946,93.114,173.538,93.785,1.758,1.808
192,203,basic,265.343,173.981,265.461,173.949,1.35,1.354
192,204,basic,178.104,118.344,108.02,65.777,1.472,2.071
192,208,basic,200.925,154.241,232.309,177.916,1.274,1.343
192,209,basic,150.752,70.444,132.657,61.904,0.772,0.78
192,210,basic,191.362,98.699,189.531,97.983,1.424,1.407
192,211,basic,77.492,48.24,83.575,51.977,1.118,1.126
192,212,gifted,205.398,188.81,0.0,0.0,,
192,215,basic,119.626,78.562,121.174,78.745,0.984,1.034
192,218,basic,154.337,98.179,163.761,104.218,0.76,0.757
192,220,basic,91.359,66.581,93.712,67.891,1.521,1.56
192,221,basic,162.782,116.484,167.878,117.99,1.07,1.164
192,222,basic,147.168,81.991,153.77,84.438,2.227,2.334
192,225,basic,75.19,41.885,76.024,42.331,1.199,1.202
192,226,basic,263.089,182.519,270.144,188.598,1.393,1.366
192,229,basic,254.309,189.138,260.901,192.406,1.147,1.199
192,230,basic,112.681,72.043,81.142,51.836,1.092,1.094
192,233,basic,279.976,180.197,286.061,184.037,0.846,0.848
192,234,basic,74.692,54.892,85.873,62.169,1.192,1.291
192,235,basic,82.503,55.007,83.679,55.302,1.225,1.274
192,236,basic,49.247,41.834,50.079,42.519,1.055,1.058
192,239,basic,277.259,161.829,279.179,162.914,1.744,1.745
192,241,basic,384.412,165.39,374.924,160.544,1.937,1.968
192,242,basic,158.983,107.17,164.796,111.151,1.248,1.245
192,243,basic,217.139,124.732,234.13,134.583,0.973,0.969
192,244,basic,36.876,33.501,37.098,34.097,1.112,1.042
192,245,basic,317.706,260.438,321.714,263.692,1.239,1.242
192,246,basic,235.839,132.796,251.636,141.571,1.172,1.177
192,247,basic,373.46,161.642,364.012,158.251,1.638,1.608
192,248,basic,144.576,92.104,146.668,93.617,0.886,0.874
192,249,basic,30.098,22.322,30.463,22.566,0.934,0.94
192,250,basic,88.168,60.322,92.89,63.522,0.975,0.979
192,251,basic,135.576,76.633,140.824,79.321,1.456,1.48
192,252,basic,246.336,166.135,252.865,170.083,1.524,1.541
192,255,basic,88.249,57.166,89.925,58.399,0.851,0.835
192,257,basic,128.636,100.616,125.849,98.414,1.085,1.087
192,259,basic,157.694,105.456,161.579,108.485,1.301,1.273
192,261,basic,178.883,148.803,184.1,153.238,1.064,1.059
192,262,basic,185.519,134.616,142.972,103.165,1.073,1.109
192,264,basic,78.756,45.689,80.208,46.534,0.936,0.936
192,266,basic,106.991,82.32,103.829,80.145,0.932,0.909
192,267,basic,118.229,97.722,120.537,99.621,1.045,1.045
192,268,basic,105.526,100.219,105.279,99.977,1.055,1.05
192,269,basic,103.936,93.282,94.974,85.574,1.0,0.967
192,270,basic,157.788,99.118,159.553,100.128,1.532,1.538
192,272,basic,42.599,39.09,42.14,38.928,0.987,0.945
192,275,basic,94.313,84.012,95.276,84.815,1.13,1.133
192,276,basic,148.858,85.798,93.06,53.607,1.135,1.137
192,277,basic,119.053,75.484,48.25,30.305,1.007,1.068
192,279,basic,107.64,56.185,79.279,41.136,1.0,1.037
192,281,basic,65.107,42.452,69.329,45.182,0.818,0.821
192,282,basic,77.517,52.931,77.532,53.417,0.907,0.849
192,286,basic,179.677,111.532,185.661,113.083,2.209,2.34
192,287,basic,0.0,0.0,454.596,234.766,,0.963
192,287,gifted,190.0,174.656,0.0,0.0,,
192,288,basic,192.943,145.204,195.837,150.307,1.507,1.408
192,289,basic,154.178,113.087,183.872,133.985,1.358,1.42
192,291,basic,374.409,244.16,387.651,247.342,2.388,2.525
192,292,basic,563.818,337.284,618.229,369.431,1.521,1.582
192,930,basic,398.938,296.034,401.37,296.919,2.303,2.321
192,935,basic,438.492,282.094,458.096,299.24,1.905,1.814
192,939,basic,223.673,124.904,231.384,128.559,1.775,1.811
192,949,basic,377.057,270.067,487.269,348.848,1.565,1.622
192,955,basic,43.612,41.286,49.111,46.509,2.826,2.649
192,971,basic,0.0,0.0,564.514,293.431,,1.133
192,971,gifted,516.258,474.567,0.0,0.0,,
192,972,basic,260.951,175.295,263.95,176.462,1.891,1.917
192,974,basic,85.978,66.214,89.512,69.544,1.221,1.17
192,977,basic,240.313,163.071,199.13,133.222,1.336,1.436
193,103,basic,264.452,222.675,265.484,223.271,1.638,1.644
193,104,basic,115.394,50.002,131.095,57.557,2.217,2.162
193,105,basic,453.118,217.916,313.985,147.595,2.331,2.464
193,105,gifted,181.03,165.954,0.0,0.0,,
193,106,basic,448.848,272.928,334.816,206.351,1.728,1.638
193,106,gifted,115.676,106.042,0.0,0.0,,
193,107,basic,517.991,256.727,518.391,256.878,2.551,2.553
193,109,basic,148.182,97.541,150.584,99.344,2.038,2.026
193,110,basic,403.147,212.076,412.588,216.828,2.122,2.128
193,113,basic,398.832,240.477,268.046,161.328,2.3,2.304
193,113,gifted,136.804,125.411,0.0,0.0,,
193,115,basic,145.984,85.033,166.664,97.042,1.73,1.733
193,117,basic,255.445,153.249,219.249,133.661,2.35,2.256
193,117,gifted,89.727,82.255,0.0,0.0,,
193,118,basic,271.559,143.521,341.57,179.985,2.125,2.143
193,130,basic,655.752,384.701,672.189,393.865,1.695,1.702
193,201,basic,79.558,54.168,86.731,59.342,1.023,1.003
193,202,basic,162.839,89.714,165.407,90.335,1.604,1.652
193,203,basic,241.529,169.004,241.637,168.948,1.298,1.302
193,204,basic,172.647,122.832,108.239,69.049,1.419,2.08
193,208,basic,202.852,162.247,235.266,187.299,1.252,1.315
193,209,basic,156.055,61.284,137.442,53.895,0.778,0.786
193,210,basic,193.591,88.132,191.789,87.47,1.433,1.42
193,211,basic,74.483,48.36,79.408,51.518,1.09,1.096
193,212,gifted,205.652,188.526,0.0,0.0,,
193,215,basic,117.986,72.191,119.241,72.437,0.911,0.94
193,218,basic,153.31,97.841,162.645,103.836,0.766,0.764
193,220,basic,86.253,70.016,88.186,71.301,1.372,1.396
193,221,basic,165.833,114.159,170.528,115.507,0.99,1.063
193,222,basic,142.31,85.899,148.812,88.341,1.977,2.08
193,225,basic,75.291,40.276,76.128,40.706,1.213,1.216
193,226,basic,255.661,168.185,262.822,173.711,1.273,1.259
193,229,basic,252.312,204.022,259.163,207.196,1.142,1.203
193,230,basic,105.638,72.698,76.637,52.754,1.021,1.017
193,233,basic,279.805,178.888,285.746,182.634,0.83,0.832
193,234,basic,74.737,60.256,85.096,67.613,1.16,1.245
193,235,basic,77.113,49.557,78.455,49.844,1.236,1.292
193,236,basic,51.705,45.274,52.579,46.009,1.077,1.081
193,239,basic,278.408,166.123,280.338,167.246,1.75,1.751
193,241,basic,385.085,145.253,376.495,140.669,1.893,1.949
193,242,basic,157.597,109.722,162.944,113.544,1.232,1.227
193,243,basic,217.064,120.955,234.023,130.495,0.982,0.979
193,244,basic,34.821,32.377,35.022,32.848,1.14,1.072
193,245,basic,320.305,271.393,324.56,274.788,1.234,1.241
193,246,basic,225.955,122.267,243.15,131.024,1.227,1.248
193,247,basic,368.479,138.42,359.759,135.64,1.59,1.57
193,248,basic,145.015,94.788,147.216,96.43,0.893,0.881
193,249,basic,32.479,24.747,32.952,25.088,0.9,0.903
193,250,basic,89.056,66.291,94.002,69.934,0.973,0.977
193,251,basic,133.764,68.044,138.63,70.282,1.402,1.422
193,252,basic,237.212,167.246,243.49,171.22,1.433,1.448
193,255,basic,88.632,59.983,90.185,61.208,0.853,0.837
193,257,basic,121.465,102.83,118.444,100.3,1.055,1.054
193,259,basic,146.814,108.038,150.459,111.245,1.296,1.267
193,261,basic,172.749,154.832,178.243,159.648,1.103,1.104
193,262,basic,184.56,141.109,142.198,108.093,1.067,1.1
193,264,basic,76.973,37.72,78.374,38.41,0.924,0.923
193,266,basic,103.996,81.96,100.832,79.698,0.934,0.914
193,267,basic,121.64,104.896,123.981,106.906,1.03,1.031
193,268,basic,109.049,103.597,109.185,103.725,1.071,1.07
193,269,basic,109.41,101.99,100.362,93.608,1.018,0.987
193,270,basic,165.766,113.507,167.665,114.637,1.527,1.534
193,272,basic,41.501,38.992,40.97,38.644,1.065,1.016
193,275,basic,95.946,89.383,96.922,90.247,1.177,1.181
193,276,basic,148.773,76.969,92.587,47.846,1.139,1.142
193,277,basic,121.882,81.284,48.825,32.271,1.008,1.059
193,279,basic,102.735,48.844,75.737,35.738,1.002,1.043
193,281,basic,67.63,46.435,72.384,49.617,0.814,0.823
193,282,basic,78.154,59.213,78.763,60.199,0.863,0.814
193,286,basic,173.665,109.001,179.13,110.46,1.875,1.979
193,287,basic,0.0,0.0,454.802,217.705,,0.954
193,287,gifted,190.0,174.177,0.0,0.0,,
193,288,basic,181.501,154.559,184.558,159.523,1.388,1.324
193,289,basic,155.623,129.652,185.491,153.198,1.352,1.416
193,291,basic,370.126,254.961,383.481,257.442,2.207,2.344
193,292,basic,565.08,334.279,619.821,365.586,1.477,1.53
193,930,basic,399.458,348.053,401.879,349.343,2.343,2.357
193,935,basic,437.113,303.284,456.902,321.744,1.81,1.73
193,939,basic,217.116,110.911,224.541,114.076,1.718,1.752
193,949,basic,376.467,305.498,486.349,393.779,1.526,1.576
193,955,basic,44.479,42.255,51.035,48.483,2.744,2.537
193,971,basic,0.0,0.0,562.717,270.687,,1.129
193,971,gifted,516.119,473.136,0.0,0.0,,
193,972,basic,261.809,188.101,264.871,189.405,1.878,1.901
193,974,basic,87.671,79.179,91.009,82.895,1.173,1.122
193,977,basic,237.162,177.708,197.213,145.325,1.312,1.415
194,103,basic,266.109,241.19,267.032,241.831,1.635,1.639
194,104,basic,137.714,50.489,155.891,58.32,2.351,2.268
194,105,basic,443.258,198.33,304.59,132.989,2.274,2.398
194,105,gifted,180.486,165.507,0.0,0.0,,
194,106,basic,458.179,272.298,344.01,207.135,1.737,1.659
194,106,gifted,116.397,106.737,0.0,0.0,,
194,107,basic,516.433,241.474,516.886,241.642,2.525,2.526
194,109,basic,142.779,95.554,144.951,97.287,2.067,2.054
194,110,basic,409.445,197.761,418.888,202.124,2.124,2.13
194,113,basic,399.393,242.18,266.749,161.002,2.327,2.344
194,113,gifted,136.303,124.992,0.0,0.0,,
194,115,basic,147.39,83.412,168.529,95.335,1.723,1.725
194,117,basic,257.437,153.731,221.055,134.5,2.318,2.222
194,117,gifted,89.907,82.446,0.0,0.0,,
194,118,basic,277.924,140.12,347.765,174.849,2.061,2.076
194,130,basic,664.404,369.05,680.94,377.785,1.675,1.68
194,201,basic,78.148,52.436,85.31,57.533,1.075,1.058
194,202,basic,176.355,88.477,179.053,88.915,1.717,1.767
194,203,basic,244.581,174.607,244.604,174.482,1.3,1.304
194,204,basic,179.853,133.111,108.707,71.308,1.388,2.029
194,208,basic,208.848,177.862,240.67,203.943,1.235,1.305
194,209,basic,160.044,47.461,140.322,41.586,0.775,0.778
194,210,basic,193.922,73.766,192.069,73.314,1.391,1.372
194,211,basic,72.088,45.886,76.621,48.748,1.086,1.091
194,212,gifted,205.63,188.565,0.0,0.0,,
194,215,basic,118.029,66.222,119.166,66.467,0.889,0.91
194,218,basic,160.316,97.217,170.743,103.581,0.76,0.759
194,220,basic,91.266,76.936,93.429,78.352,1.394,1.423
194,221,basic,159.545,106.63,164.018,107.85,0.955,1.018
194,222,basic,145.538,85.723,152.858,88.111,2.112,2.23
194,225,basic,80.315,38.669,81.158,39.062,1.195,1.197
194,226,basic,259.701,162.012,266.655,167.195,1.289,1.276
194,229,basic,250.561,217.865,257.272,221.197,1.132,1.184
194,230,basic,106.245,73.252,76.808,52.903,1.044,1.045
194,233,basic,279.816,169.651,285.776,173.215,0.825,0.826
194,234,basic,70.324,61.005,79.895,68.304,1.145,1.221
194,235,basic,87.008,52.99,88.466,53.201,1.283,1.337
194,236,basic,47.978,42.832,48.835,43.574,1.101,1.103
194,239,basic,276.395,161.282,278.236,162.341,1.726,1.727
194,241,basic,384.081,114.735,374.882,111.225,1.873,1.908
194,242,basic,152.459,107.133,157.556,110.847,1.215,1.21
194,243,basic,221.047,111.187,238.417,120.031,0.984,0.98
194,244,basic,35.575,33.316,35.798,33.723,1.148,1.071
194,245,basic,321.346,286.464,325.608,290.122,1.239,1.246
194,246,basic,237.659,117.345,254.43,125.087,1.184,1.203
194,247,basic,368.977,107.923,359.258,105.608,1.565,1.539
194,248,basic,148.793,94.442,150.871,95.976,0.893,0.882
194,249,basic,32.525,25.561,32.891,25.849,0.852,0.852
194,250,basic,89.059,68.984,93.56,72.476,0.965,0.965
194,251,basic,128.215,56.542,132.924,58.395,1.375,1.395
194,252,basic,240.133,172.571,246.408,176.596,1.422,1.436
194,255,basic,86.548,57.886,88.113,59.127,0.847,0.831
194,257,basic,121.584,109.426,118.712,106.859,1.073,1.074
194,259,basic,162.016,125.545,166.708,129.683,1.298,1.277
194,261,basic,169.803,157.087,174.863,161.725,1.116,1.112
194,262,basic,187.14,148.42,144.528,113.81,1.075,1.111
194,264,basic,82.242,32.878,83.717,33.47,0.935,0.935
194,266,basic,101.928,83.55,98.869,81.366,0.898,0.876
194,267,basic,115.979,106.639,118.319,108.78,1.035,1.036
194,268,basic,111.771,106.183,111.872,106.279,1.07,1.067
194,269,basic,101.767,96.07,92.743,87.57,1.065,1.031
194,270,basic,169.045,120.117,170.833,121.254,1.516,1.52
194,272,basic,41.88,39.574,41.397,39.179,1.089,1.029
194,275,basic,96.419,91.18,97.395,92.069,1.192,1.196
194,276,basic,155.629,69.401,96.933,43.188,1.127,1.13
194,277,basic,130.817,86.39,52.439,34.301,1.006,1.053
194,279,basic,105.691,42.164,77.77,30.802,0.987,1.022
194,281,basic,72.098,49.048,77.494,52.616,0.823,0.832
194,282,basic,79.045,62.003,79.002,62.642,0.915,0.862
194,286,basic,179.515,111.005,185.052,112.204,1.845,1.944
194,287,basic,0.0,0.0,448.066,180.401,,0.956
194,287,gifted,190.0,174.232,0.0,0.0,,
194,288,basic,186.976,167.629,190.037,172.844,1.371,1.312
194,289,basic,152.959,139.686,181.774,164.938,1.36,1.42
194,291,basic,372.381,270.209,385.462,272.835,2.193,2.314
194,292,basic,565.335,318.555,619.161,349.185,1.495,1.543
194,930,basic,398.861,368.983,401.279,370.447,2.409,2.424
194,935,basic,437.383,318.659,457.18,338.702,1.822,1.747
194,939,basic,221.067,100.644,228.477,103.486,1.71,1.74
194,949,basic,376.878,330.747,485.062,425.915,1.531,1.583
194,955,basic,45.363,43.095,51.377,48.808,2.764,2.563
194,971,basic,0.0,0.0,559.75,228.568,,1.128
194,971,gifted,515.828,473.02,0.0,0.0,,
194,972,basic,259.771,199.456,262.805,200.734,1.864,1.886
194,974,basic,85.862,79.602,88.962,83.101,1.218,1.158
194,977,basic,237.466,188.984,197.675,154.357,1.307,1.411
195,103,basic,282.837,254.916,283.681,255.57,1.661,1.663
195,104,basic,145.395,55.708,157.752,62.746,2.481,2.316
195,105,basic,437.049,205.99,307.205,141.445,2.22,2.334
195,105,gifted,178.826,164.522,0.0,0.0,,
195,106,basic,460.178,280.557,341.752,211.119,1.806,1.727
195,106,gifted,116.511,107.192,0.0,0.0,,
195,107,basic,502.444,246.477,502.874,246.656,2.45,2.451
195,109,basic,150.622,102.191,152.886,104.006,2.12,2.108
195,110,basic,400.044,210.827,409.348,215.539,2.09,2.094
195,113,basic,392.031,239.537,264.221,160.061,2.35,2.385
195,113,gifted,133.517,122.838,0.0,0.0,,
195,115,basic,145.578,85.23,166.246,97.304,1.716,1.718
195,117,basic,254.473,158.852,218.659,139.026,2.309,2.218
195,117,gifted,89.824,82.64,0.0,0.0,,
195,118,basic,268.266,139.825,340.772,176.55,2.112,2.143
195,130,basic,669.605,399.551,686.387,408.989,1.696,1.702
195,201,basic,77.046,50.607,83.998,55.521,1.044,1.023
195,202,basic,173.378,87.316,176.0,87.781,1.651,1.696
195,203,basic,255.622,175.296,255.695,175.197,1.305,1.309
195,204,basic,176.408,124.27,108.374,67.038,1.402,2.065
195,208,basic,202.431,169.436,234.296,195.585,1.253,1.325
195,209,basic,150.612,49.485,132.818,43.579,0.771,0.777
195,210,basic,193.918,78.422,192.124,77.903,1.4,1.384
195,211,basic,76.336,47.338,82.259,50.925,1.096,1.106
195,212,gifted,205.667,189.217,0.0,0.0,,
195,215,basic,124.473,72.215,125.862,72.368,0.931,0.963
195,218,basic,153.556,93.264,162.875,98.981,0.763,0.76
195,220,basic,87.896,72.523,90.122,73.879,1.355,1.386
195,221,basic,163.217,111.342,168.221,112.477,0.987,1.062
195,222,basic,153.379,83.854,160.826,86.102,2.239,2.353
195,225,basic,87.033,42.799,87.978,43.245,1.17,1.172
195,226,basic,257.815,167.013,264.986,172.607,1.271,1.258
195,229,basic,254.14,209.971,261.316,213.034,1.14,1.199
195,230,basic,115.578,76.931,83.543,55.625,1.032,1.027
195,233,basic,281.055,171.001,287.126,174.615,0.845,0.847
195,234,basic,77.406,63.448,88.99,71.479,1.168,1.267
195,235,basic,81.85,51.013,83.19,51.204,1.222,1.273
195,236,basic,52.187,46.433,53.14,47.25,1.047,1.05
195,239,basic,269.685,153.436,271.602,154.494,1.699,1.7
195,241,basic,383.538,121.565,374.761,117.601,1.877,1.927
195,242,basic,162.794,111.409,168.623,115.487,1.223,1.22
195,243,basic,216.201,110.737,233.301,119.591,0.982,0.979
195,244,basic,37.251,34.649,37.498,35.201,1.116,1.04
195,245,basic,324.118,284.305,328.365,287.838,1.239,1.245
195,246,basic,237.52,118.643,254.212,126.613,1.181,1.193
195,247,basic,371.867,116.871,362.18,114.438,1.566,1.54
195,248,basic,138.912,87.11,140.772,88.496,0.873,0.861
195,249,basic,33.724,26.082,34.211,26.436,0.856,0.859
195,250,basic,89.943,66.55,94.616,69.977,0.956,0.958
195,251,basic,133.827,62.311,138.927,64.402,1.391,1.412
195,252,basic,242.023,168.537,248.475,172.462,1.464,1.48
195,255,basic,90.464,59.056,92.259,60.434,0.848,0.832
195,257,basic,112.85,98.522,110.145,96.16,1.056,1.057
195,259,basic,160.427,116.675,165.032,120.511,1.306,1.285
195,261,basic,175.309,159.896,180.541,164.658,1.087,1.084
195,262,basic,190.739,146.852,146.286,111.918,1.066,1.096
195,264,basic,81.798,36.145,83.297,36.81,0.922,0.922
195,266,basic,105.201,85.13,102.095,82.961,0.905,0.883
195,267,basic,115.436,103.964,117.713,106.003,1.015,1.016
195,268,basic,113.045,107.392,113.035,107.383,1.073,1.069
195,269,basic,108.439,101.686,99.225,93.035,1.076,1.044
195,270,basic,153.088,102.899,154.894,103.987,1.486,1.491
195,272,basic,39.825,37.496,39.346,37.17,1.042,0.991
195,275,basic,99.077,93.216,100.039,94.076,1.152,1.155
195,276,basic,153.232,72.518,95.502,45.172,1.128,1.129
195,277,basic,124.344,79.872,49.859,31.668,1.002,1.054
195,279,basic,106.332,44.64,78.305,32.593,0.997,1.035
195,281,basic,66.821,44.22,71.834,47.416,0.825,0.837
195,282,basic,77.556,58.07,77.635,58.769,0.878,0.826
195,286,basic,184.098,112.206,190.085,113.167,1.931,2.046
195,287,basic,0.0,0.0,448.288,189.087,,0.955
195,287,gifted,190.0,174.803,0.0,0.0,,
195,288,basic,194.457,167.068,197.637,173.064,1.444,1.372
195,289,basic,155.797,137.217,186.213,162.356,1.368,1.442
195,291,basic,376.223,261.148,389.847,263.492,2.317,2.446
195,292,basic,562.675,319.567,618.76,352.057,1.515,1.573
195,930,basic,399.17,354.761,401.596,355.746,2.373,2.39
195,935,basic,437.558,305.439,457.187,325.174,1.847,1.769
195,939,basic,220.233,104.638,227.817,107.615,1.734,1.766
195,949,basic,381.017,319.513,490.472,412.343,1.54,1.592
195,955,basic,45.649,43.367,52.001,49.401,2.767,2.565
195,971,basic,0.0,0.0,557.392,237.748,,1.12
195,971,gifted,515.521,474.288,0.0,0.0,,
195,972,basic,264.35,194.552,267.588,195.741,1.879,1.902
195,974,basic,86.496,78.261,89.958,82.132,1.207,1.159
195,977,basic,237.04,176.673,197.365,144.21,1.319,1.423
196,103,basic,271.203,251.639,272.145,252.309,1.673,1.677
196,104,basic,131.524,52.377,146.386,59.335,2.234,2.157
196,105,basic,459.772,215.789,320.63,147.206,2.3,2.422
196,105,gifted,182.022,166.882,0.0,0.0,,
196,106,basic,453.354,283.134,336.493,213.08,1.736,1.647
196,106,gifted,116.192,106.528,0.0,0.0,,
196,107,basic,528.846,262.186,529.27,262.354,2.543,2.544
196,109,basic,137.15,97.197,139.026,98.84,2.077,2.061
196,110,basic,400.486,204.166,410.004,208.755,2.135,2.142
196,113,basic,396.45,253.914,264.864,168.886,2.311,2.328
196,113,gifted,135.92,124.614,0.0,0.0,,
196,115,basic,133.597,79.415,152.489,90.618,1.711,1.712
196,117,basic,254.047,161.483,220.154,141.843,2.317,2.241
196,117,gifted,89.331,81.901,0.0,0.0,,
196,118,basic,268.7,141.664,340.22,178.569,2.117,2.142
196,130,basic,681.277,396.814,698.344,406.143,1.734,1.742
196,201,basic,76.784,50.405,83.612,55.212,1.025,1.001
196,202,basic,165.627,83.889,168.107,84.451,1.583,1.626
196,203,basic,269.074,185.345,269.217,185.294,1.338,1.342
196,204,basic,177.543,127.592,109.45,69.818,1.422,2.111
196,208,basic,207.334,174.635,239.426,201.786,1.259,1.333
196,209,basic,148.502,43.036,131.195,37.961,0.772,0.78
196,210,basic,194.584,72.2,192.844,71.697,1.425,1.412
196,211,basic,75.973,46.652,81.966,50.257,1.109,1.12
196,212,gifted,205.692,188.584,0.0,0.0,,
196,215,basic,115.911,63.962,117.183,64.172,0.91,0.941
196,218,basic,158.386,92.689,168.376,98.571,0.767,0.766
196,220,basic,88.08,74.728,90.105,76.098,1.343,1.37
196,221,basic,162.21,105.283,166.992,106.513,0.993,1.067
196,222,basic,146.703,88.029,153.564,90.353,1.943,2.056
196,225,basic,77.608,36.443,78.47,36.833,1.202,1.204
196,226,basic,251.753,154.689,258.663,159.924,1.299,1.279
196,229,basic,248.583,208.954,255.511,211.998,1.155,1.221
196,230,basic,108.743,72.636,78.377,52.37,1.029,1.024
196,233,basic,280.649,164.952,286.553,168.382,0.831,0.832
196,234,basic,76.547,64.195,88.284,72.678,1.2,1.304
196,235,basic,86.729,52.932,88.011,53.175,1.197,1.243
196,236,basic,48.488,43.259,49.292,43.953,1.07,1.073
196,239,basic,261.722,150.667,263.608,151.711,1.691,1.693
196,241,basic,384.366,112.912,375.826,109.187,1.909,1.973
196,242,basic,163.651,111.972,169.21,115.861,1.241,1.237
196,243,basic,212.929,103.756,229.671,111.987,0.983,0.98
196,244,basic,35.096,32.856,35.395,33.342,1.152,1.068
196,245,basic,324.021,286.043,328.249,289.724,1.253,1.257
196,246,basic,225.406,108.203,241.379,115.63,1.207,1.217
196,247,basic,367.087,105.288,357.516,103.008,1.594,1.569
196,248,basic,142.862,88.051,144.892,89.482,0.888,0.877
196,249,basic,26.234,19.932,26.515,20.138,0.912,0.913
196,250,basic,88.043,65.652,92.835,69.199,0.971,0.974
196,251,basic,129.883,56.452,134.592,58.307,1.365,1.383
196,252,basic,228.398,160.316,234.461,164.155,1.391,1.405
196,255,basic,88.999,57.444,90.755,58.748,0.851,0.836
196,257,basic,126.834,111.326,123.804,108.664,1.078,1.079
196,259,basic,162.707,121.394,167.791,125.624,1.333,1.313
196,261,basic,178.797,164.726,184.444,169.785,1.113,1.113
196,262,basic,181.292,139.813,139.755,107.162,1.071,1.102
196,264,basic,81.656,32.194,83.137,32.781,0.934,0.934
196,266,basic,104.084,82.399,101.041,80.25,0.923,0.903
196,267,basic,118.091,107.265,120.375,109.332,1.032,1.032
196,268,basic,110.126,104.62,110.155,104.647,1.07,1.067
196,269,basic,111.55,105.266,102.398,96.639,1.057,1.024
196,270,basic,151.635,106.662,153.411,107.752,1.422,1.429
196,272,basic,41.484,39.205,41.165,38.963,1.06,1.006
196,275,basic,94.597,89.422,95.508,90.251,1.186,1.189
196,276,basic,156.039,68.087,96.959,42.259,1.133,1.137
196,277,basic,131.628,83.537,52.514,33.001,1.024,1.077
196,279,basic,106.708,41.354,78.908,30.342,1.0,1.04
196,281,basic,67.745,44.524,72.758,47.717,0.818,0.829
196,282,basic,72.968,55.355,72.971,55.931,0.887,0.831
196,286,basic,180.933,111.872,186.576,113.143,1.823,1.929
196,287,basic,0.0,0.0,468.13,182.521,,0.96
196,287,gifted,190.0,174.197,0.0,0.0,,
196,288,basic,190.951,170.322,194.178,175.609,1.365,1.307
196,289,basic,156.378,144.061,186.828,171.061,1.381,1.453
196,291,basic,376.017,269.655,389.189,272.235,2.3,2.434
196,292,basic,563.63,319.224,617.903,352.001,1.491,1.548
196,930,basic,399.015,370.35,401.436,371.847,2.39,2.405
196,935,basic,437.267,317.556,457.065,337.431,1.848,1.777
196,939,basic,217.625,100.213,224.874,103.109,1.723,1.751
196,949,basic,374.861,330.97,482.454,427.885,1.53,1.582
196,955,basic,44.637,42.405,51.136,48.579,2.726,2.523
196,971,basic,0.0,0.0,558.603,222.475,,1.122
196,971,gifted,515.687,472.794,0.0,0.0,,
196,972,basic,259.5,199.748,262.395,201.013,1.863,1.884
196,974,basic,85.39,78.85,88.616,82.479,1.25,1.194
196,977,basic,246.709,190.299,202.053,153.028,1.316,1.424
197,103,basic,265.551,242.098,266.573,242.778,1.641,1.648
197,104,basic,124.259,57.714,137.084,64.447,2.148,2.069
197,105,basic,454.18,235.942,316.857,161.892,2.389,2.53
197,105,gifted,180.559,165.614,0.0,0.0,,
197,106,basic,452.376,292.072,331.897,216.465,1.787,1.689
197,106,gifted,116.539,106.892,0.0,0.0,,
197,107,basic,498.387,271.672,498.756,271.839,2.517,2.518
197,109,basic,151.645,108.947,154.242,111.009,2.046,2.033
197,110,basic,389.755,219.774,399.249,224.934,2.155,2.162
197,113,basic,391.414,262.0,261.266,174.517,2.3,2.309
197,113,gifted,137.026,125.684,0.0,0.0,,
197,115,basic,143.885,88.865,164.214,101.4,1.742,1.744
197,117,basic,254.088,167.98,219.226,146.485,2.361,2.271
197,117,gifted,89.268,81.879,0.0,0.0,,
197,118,basic,269.392,152.566,340.271,192.171,2.165,2.188
197,130,basic,659.435,405.824,676.081,415.6,1.708,1.717
197,201,basic,87.581,55.505,95.695,60.868,1.096,1.072
197,202,basic,171.075,87.739,173.692,88.491,1.763,1.817
197,203,basic,257.12,170.62,257.208,170.584,1.368,1.373
197,204,basic,179.091,122.582,108.69,68.652,1.44,2.133
197,208,basic,213.704,171.257,245.859,198.415,1.291,1.361
197,209,basic,146.705,48.903,128.919,42.933,0.781,0.788
197,210,basic,192.188,79.769,190.345,79.151,1.424,1.406
197,211,basic,78.729,47.557,84.405,50.954,1.102,1.109
197,212,gifted,205.662,188.638,0.0,0.0,,
197,215,basic,121.789,66.969,122.847,67.279,0.895,0.92
197,218,basic,157.545,91.205,167.536,97.024,0.768,0.766
197,220,basic,86.897,69.043,88.933,70.416,1.415,1.446
197,221,basic,160.752,102.168,165.278,103.705,1.043,1.13
197,222,basic,142.93,83.252,150.019,86.137,2.261,2.393
197,225,basic,83.798,40.747,84.703,41.178,1.284,1.286
197,226,basic,258.595,157.925,265.662,163.006,1.361,1.333
197,229,basic,258.522,199.932,265.562,203.617,1.17,1.238
197,230,basic,108.08,69.752,78.075,50.376,1.023,1.023
197,233,basic,277.617,160.702,283.579,164.111,0.861,0.863
197,234,basic,74.444,57.178,85.265,64.77,1.22,1.313
197,235,basic,87.345,52.087,88.661,52.441,1.288,1.348
197,236,basic,49.543,42.308,50.361,42.994,1.11,1.112
197,239,basic,276.44,158.973,278.371,160.064,1.755,1.756
197,241,basic,384.606,132.399,375.648,128.657,1.956,1.999
197,242,basic,161.221,105.559,166.814,109.306,1.234,1.228
197,243,basic,218.429,110.258,235.587,118.989,0.999,0.994
197,244,basic,35.747,33.487,35.978,33.889,1.149,1.069
197,245,basic,317.752,259.245,321.788,262.486,1.233,1.237
197,246,basic,233.587,115.909,250.346,123.82,1.253,1.278
197,247,basic,374.192,125.88,364.475,123.084,1.632,1.6
197,248,basic,147.598,88.264,149.846,89.743,0.898,0.886
197,249,basic,28.629,20.17,29.025,20.44,0.907,0.91
197,250,basic,85.121,59.662,89.295,62.581,0.978,0.979
197,251,basic,132.188,61.473,136.872,63.497,1.461,1.482
197,252,basic,233.403,158.822,239.573,162.717,1.487,1.503
197,255,basic,83.395,51.942,84.741,52.889,0.861,0.844
197,257,basic,120.332,97.656,117.041,95.007,1.087,1.085
197,259,basic,168.764,118.848,173.894,122.696,1.364,1.347
197,261,basic,167.505,149.478,172.391,153.858,1.089,1.086
197,262,basic,190.485,137.413,146.089,104.969,1.08,1.113
197,264,basic,80.221,34.261,81.668,34.88,0.952,0.951
197,266,basic,105.142,77.918,102.151,75.857,0.932,0.913
197,267,basic,116.027,94.293,118.292,96.128,1.025,1.026
197,268,basic,107.121,101.765,106.85,101.508,1.065,1.061
197,269,basic,107.108,100.207,98.067,91.79,1.053,1.021
197,270,basic,164.783,108.849,166.617,109.954,1.628,1.635
197,272,basic,42.893,40.514,42.401,40.126,1.057,1.007
197,275,basic,98.074,92.146,99.028,93.009,1.198,1.202
197,276,basic,147.234,68.63,91.958,42.824,1.143,1.148
197,277,basic,122.805,76.383,49.5,30.563,1.01,1.07
197,279,basic,104.738,44.235,77.586,32.602,1.0,1.04
197,281,basic,66.642,42.023,71.467,45.012,0.826,0.836
197,282,basic,79.741,56.439,79.784,56.867,0.91,0.852
197,286,basic,174.104,105.936,179.72,107.736,2.042,2.169
197,287,basic,0.0,0.0,456.409,194.123,,0.965
197,287,gifted,190.0,174.273,0.0,0.0,,
197,288,basic,183.934,157.644,187.061,162.029,1.386,1.317
197,289,basic,155.12,137.221,185.413,163.579,1.415,1.486
197,291,basic,369.356,269.217,382.435,273.385,2.331,2.486
197,292,basic,564.152,328.658,619.241,363.959,1.515,1.58
197,930,basic,399.281,365.722,401.698,367.266,2.393,2.408
197,935,basic,437.877,316.096,457.758,334.823,1.898,1.82
197,939,basic,222.746,109.184,230.262,112.511,1.827,1.861
197,949,basic,381.682,321.102,491.297,416.911,1.588,1.643
197,955,basic,46.903,44.558,53.121,50.465,2.774,2.576
197,971,basic,0.0,0.0,557.169,240.487,,1.139
197,971,gifted,515.162,472.52,0.0,0.0,,
197,972,basic,259.941,196.651,262.815,198.045,1.92,1.945
197,974,basic,85.242,76.748,88.303,80.127,1.24,1.177
197,977,basic,241.696,174.009,199.426,141.932,1.338,1.439
198,103,basic,272.474,244.472,273.457,245.126,1.667,1.672
198,104,basic,105.933,45.093,117.348,50.79,2.196,2.114
198,105,basic,453.573,217.135,319.051,149.71,2.339,2.469
198,105,gifted,180.826,165.829,0.0,0.0,,
198,106,basic,458.313,286.062,338.796,214.476,1.727,1.624
198,106,gifted,116.383,106.731,0.0,0.0,,
198,107,basic,514.382,259.224,514.773,259.39,2.521,2.522
198,109,basic,138.033,94.92,139.598,96.266,2.126,2.11
198,110,basic,401.8,217.467,411.358,222.457,2.144,2.149
198,113,basic,388.987,245.653,261.595,164.839,2.282,2.288
198,113,gifted,134.655,123.487,0.0,0.0,,
198,115,basic,144.287,84.709,164.726,96.678,1.712,1.714
198,117,basic,251.408,160.514,216.04,139.905,2.344,2.252
198,117,gifted,90.006,82.542,0.0,0.0,,
198,118,basic,264.379,140.759,336.751,178.392,2.139,2.172
198,130,basic,671.399,405.513,688.07,415.167,1.714,1.72
198,201,basic,79.008,51.097,86.779,56.373,1.072,1.052
198,202,basic,169.129,86.801,171.788,87.406,1.7,1.753
198,203,basic,261.686,177.339,261.772,177.275,1.336,1.341
198,204,basic,177.948,122.043,112.175,69.093,1.555,2.281
198,208,basic,197.752,162.854,229.509,188.951,1.283,1.356
198,209,basic,151.364,50.834,133.039,44.631,0.787,0.793
198,210,basic,194.528,81.222,192.785,80.613,1.445,1.433
198,211,basic,79.528,48.743,85.753,52.488,1.1,1.11
198,212,gifted,205.55,188.502,0.0,0.0,,
198,215,basic,115.338,67.429,116.517,67.696,0.915,0.943
198,218,basic,154.328,91.994,163.54,97.523,0.765,0.762
198,220,basic,91.745,75.271,93.969,76.733,1.431,1.463
198,221,basic,159.674,109.342,164.105,110.779,0.988,1.06
198,222,basic,145.599,84.082,152.827,86.766,2.175,2.298
198,225,basic,92.639,45.35,93.649,45.83,1.27,1.272
198,226,basic,257.008,169.122,263.933,174.493,1.284,1.266
198,229,basic,243.769,196.438,251.0,199.61,1.152,1.231
198,230,basic,108.6,70.777,78.187,50.948,1.053,1.051
198,233,basic,277.807,167.173,283.669,170.666,0.832,0.834
198,234,basic,78.625,62.496,90.789,71.008,1.227,1.332
198,235,basic,85.027,53.413,86.318,53.704,1.232,1.285
198,236,basic,50.932,45.518,51.779,46.253,1.079,1.081
198,239,basic,282.678,162.264,284.636,163.367,1.755,1.756
198,241,basic,384.984,129.68,376.667,125.4,1.905,1.982
198,242,basic,163.566,110.647,169.326,114.646,1.245,1.24
198,243,basic,220.028,112.495,237.477,121.49,0.994,0.991
198,244,basic,35.697,33.433,36.015,33.927,1.114,1.048
198,245,basic,319.424,278.983,323.736,282.608,1.242,1.247
198,246,basic,218.628,109.77,234.232,117.287,1.209,1.224
198,247,basic,361.276,119.63,352.402,117.08,1.589,1.568
198,248,basic,150.901,92.431,153.137,93.966,0.9,0.889
198,249,basic,30.837,23.202,31.209,23.474,0.876,0.878
198,250,basic,83.246,59.788,87.625,62.91,0.965,0.968
198,251,basic,134.082,64.668,138.886,66.773,1.39,1.41
198,252,basic,238.817,167.589,245.135,171.642,1.456,1.47
198,255,basic,88.079,56.197,89.735,57.406,0.849,0.832
198,257,basic,120.274,102.786,117.519,100.43,1.076,1.076
198,259,basic,169.485,120.325,175.308,124.697,1.373,1.359
198,261,basic,182.689,166.196,188.887,171.664,1.133,1.136
198,262,basic,184.114,138.602,142.125,106.404,1.083,1.118
198,264,basic,79.999,36.118,81.464,36.78,0.932,0.932
198,266,basic,106.814,84.5,103.693,82.251,0.909,0.889
198,267,basic,119.924,105.626,122.24,107.658,1.018,1.018
198,268,basic,110.708,105.173,110.994,105.444,1.075,1.074
198,269,basic,104.429,98.139,95.299,89.551,1.076,1.045
198,270,basic,158.279,104.971,160.091,106.065,1.563,1.569
198,272,basic,43.946,41.415,43.562,41.169,1.077,1.023
198,275,basic,93.67,88.163,94.641,89.038,1.212,1.216
198,276,basic,149.442,72.088,93.25,44.903,1.129,1.137
198,277,basic,122.405,77.213,49.163,30.752,1.007,1.059
198,279,basic,106.457,45.378,78.488,33.231,0.999,1.039
198,281,basic,70.66,45.596,76.071,48.977,0.823,0.837
198,282,basic,74.317,53.773,74.608,54.456,0.889,0.835
198,286,basic,182.292,115.546,187.816,117.204,1.967,2.07
198,287,basic,0.0,0.0,446.855,190.55,,0.96
198,287,gifted,190.0,174.242,0.0,0.0,,
198,288,basic,184.318,162.021,187.346,166.782,1.33,1.268
198,289,basic,158.157,135.396,188.947,160.473,1.373,1.451
198,291,basic,373.489,266.746,386.969,269.618,2.342,2.492
198,292,basic,565.611,324.44,621.22,356.745,1.507,1.574
198,930,basic,399.407,359.743,401.822,361.168,2.381,2.395
198,935,basic,438.569,307.07,458.453,325.601,1.892,1.817
198,939,basic,216.511,106.436,223.836,109.579,1.759,1.79
198,949,basic,379.778,315.187,489.898,407.354,1.541,1.599
198,955,basic,45.742,43.455,52.977,50.328,2.705,2.504
198,971,basic,0.0,0.0,571.37,247.448,,1.137
198,971,gifted,517.047,474.166,0.0,0.0,,
198,972,basic,260.587,193.341,263.493,194.669,1.887,1.908
198,974,basic,87.137,78.671,90.548,82.429,1.228,1.174
198,977,basic,235.615,172.752,196.627,141.993,1.323,1.427
199,103,basic,272.939,239.745,273.774,240.386,1.642,1.644
199,104,basic,139.328,51.034,152.636,57.351,2.639,2.456
199,105,basic,458.284,203.522,318.377,138.958,2.354,2.504
199,105,gifted,182.475,167.034,0.0,0.0,,
199,106,basic,462.317,262.05,344.621,196.869,1.827,1.746
199,106,gifted,117.056,107.15,0.0,0.0,,
199,107,basic,518.106,247.599,518.433,247.742,2.53,2.53
199,109,basic,150.557,98.127,153.236,100.063,2.184,2.169
199,110,basic,383.089,188.069,392.072,192.375,2.132,2.137
199,113,basic,400.788,235.848,273.065,159.462,2.433,2.484
199,113,gifted,136.378,124.837,0.0,0.0,,
199,115,basic,146.09,78.729,167.272,90.093,1.751,1.756
199,117,basic,263.715,158.131,226.431,137.634,2.408,2.291
199,117,gifted,89.618,82.034,0.0,0.0,,
199,118,basic,274.006,135.205,343.494,169.211,2.168,2.183
199,130,basic,663.618,363.745,680.095,372.513,1.73,1.736
199,201,basic,78.335,51.664,84.845,56.264,1.159,1.118
199,202,basic,169.665,90.191,172.275,91.005,1.784,1.837
199,203,basic,259.777,183.6,259.86,183.565,1.383,1.388
199,204,basic,175.292,129.301,107.62,73.869,1.522,2.169
199,208,basic,207.233,170.527,238.123,194.72,1.252,1.317
199,209,basic,138.267,43.313,122.552,38.355,0.771,0.778
199,210,basic,193.59,79.073,191.784,78.472,1.453,1.436
199,211,basic,80.593,50.587,87.342,54.78,1.121,1.13
199,212,gifted,205.586,188.189,0.0,0.0,,
199,215,basic,119.042,69.248,120.247,69.54,0.967,1.004
199,218,basic,166.707,99.122,177.062,105.319,0.766,0.763
199,220,basic,88.821,75.022,91.224,76.68,1.687,1.732
199,221,basic,165.62,111.088,170.816,112.807,1.184,1.296
199,222,basic,152.354,92.34,159.868,95.597,2.56,2.694
199,225,basic,83.785,41.393,84.667,41.819,1.258,1.261
199,226,basic,264.729,174.063,271.786,179.523,1.407,1.379
199,229,basic,254.269,215.845,261.321,220.178,1.167,1.228
199,230,basic,115.654,77.992,84.281,56.777,1.048,1.054
199,233,basic,279.467,168.242,285.49,171.824,0.834,0.836
199,234,basic,72.71,61.728,83.697,70.233,1.218,1.32
199,235,basic,80.156,51.477,81.317,51.842,1.26,1.315
199,236,basic,53.475,48.919,54.427,49.777,1.115,1.117
199,239,basic,262.298,159.67,264.217,160.814,1.741,1.742
199,241,basic,381.629,127.626,372.255,124.118,1.927,1.953
199,242,basic,163.343,115.815,169.31,120.082,1.226,1.224
199,243,basic,218.344,110.488,235.606,119.293,0.997,0.993
199,244,basic,36.749,34.714,37.051,35.091,1.178,1.08
199,245,basic,317.622,289.001,321.858,292.868,1.278,1.281
199,246,basic,238.426,120.284,255.06,128.335,1.253,1.273
199,247,basic,371.306,119.364,361.815,116.736,1.629,1.597
199,248,basic,146.619,91.722,148.722,93.185,0.884,0.87
199,249,basic,31.049,24.099,31.425,24.37,0.906,0.912
199,250,basic,83.861,62.527,87.844,65.499,0.964,0.964
199,251,basic,132.113,62.699,137.064,64.874,1.422,1.445
199,252,basic,234.201,170.333,240.584,174.649,1.476,1.492
199,255,basic,84.094,54.691,85.318,55.597,0.852,0.836
199,257,basic,129.23,114.486,126.207,111.813,1.115,1.115
199,259,basic,155.433,118.46,158.543,121.256,1.299,1.268
199,261,basic,179.658,167.898,185.014,172.874,1.116,1.112
199,262,basic,186.733,146.16,143.782,112.033,1.09,1.129
199,264,basic,79.484,34.152,80.977,34.795,0.951,0.951
199,266,basic,104.793,84.614,101.79,82.386,0.917,0.895
199,267,basic,118.027,109.345,120.338,111.48,1.025,1.026
199,268,basic,110.896,105.351,110.882,105.338,1.077,1.072
199,269,basic,107.732,102.192,98.79,93.718,1.049,1.017
199,270,basic,154.199,109.224,155.987,110.413,1.601,1.606
199,272,basic,41.202,39.077,40.753,38.666,1.09,1.024
199,275,basic,84.74,80.287,85.599,81.082,1.245,1.249
199,276,basic,157.832,74.457,98.748,46.548,1.114,1.119
199,277,basic,128.375,82.591,51.21,32.753,1.024,1.074
199,279,basic,105.658,43.505,76.827,31.471,1.022,1.065
199,281,basic,63.627,41.845,67.937,44.647,0.832,0.838
199,282,basic,75.47,56.548,75.416,56.911,0.917,0.856
199,286,basic,180.185,115.166,186.149,117.214,2.439,2.577
199,287,basic,0.0,0.0,455.455,187.516,,0.962
199,287,gifted,190.0,173.922,0.0,0.0,,
199,288,basic,170.146,153.43,172.75,157.823,1.475,1.382
199,289,basic,153.626,130.145,183.001,153.974,1.393,1.456
199,291,basic,379.336,273.664,392.456,278.027,2.562,2.712
199,292,basic,562.469,314.905,616.221,343.253,1.546,1.6
199,930,basic,399.317,374.031,401.742,375.573,2.461,2.486
199,935,basic,436.934,311.318,456.591,328.934,1.899,1.803
199,939,basic,218.189,105.274,225.757,108.466,1.78,1.817
199,949,basic,382.567,321.443,493.34,413.196,1.637,1.68
199,955,basic,46.599,44.269,52.353,49.735,2.874,2.686
199,971,basic,0.0,0.0,564.176,239.204,,1.141
199,971,gifted,515.997,472.333,0.0,0.0,,
199,972,basic,263.474,197.373,266.499,198.824,1.946,1.977
199,974,basic,87.829,81.808,91.375,85.579,1.289,1.228
199,977,basic,237.758,185.917,197.128,152.387,1.331,1.436
