draw,school_id,program,base_eligible,base_riders,scen_eligible,scen_riders,base_dist_mean,scen_dist_mean
0,103,basic,276.512,246.901,276.494,246.912,1.662,1.661
0,104,basic,119.222,52.816,119.436,52.85,2.094,2.1
0,105,basic,444.39,216.297,444.269,216.208,2.371,2.372
0,105,gifted,178.136,163.931,178.136,163.931,,
0,106,basic,450.543,286.172,450.732,286.226,1.687,1.688
0,106,gifted,115.56,106.345,115.56,106.345,,
0,107,basic,513.874,265.104,512.084,264.371,2.493,2.489
0,109,basic,144.496,100.914,144.433,100.836,2.032,2.033
0,110,basic,402.668,214.415,403.369,214.735,2.135,2.136
0,113,basic,378.173,241.392,378.15,241.314,2.274,2.275
0,113,gifted,134.925,124.166,134.925,124.166,,
0,115,basic,152.085,91.596,152.08,91.593,1.725,1.725
0,117,basic,249.896,158.056,250.574,158.36,2.317,2.322
0,117,gifted,89.139,82.03,89.139,82.03,,
0,118,basic,268.315,145.188,268.479,145.237,2.145,2.147
0,130,basic,675.58,402.833,675.252,402.748,1.738,1.736
0,201,basic,78.179,50.541,77.81,50.307,1.121,1.12
0,202,basic,169.423,87.648,195.472,100.536,1.683,1.721
0,203,basic,266.501,181.411,265.513,180.924,1.33,1.324
0,204,basic,177.623,124.203,376.959,263.112,1.442,1.485
0,207,basic,0.0,0.0,125.662,90.182,,1.099
0,208,basic,202.684,164.553,0.0,0.0,1.276,
0,209,basic,150.438,51.291,246.936,83.238,0.792,0.86
0,210,basic,192.76,79.641,0.0,0.0,1.426,
0,211,basic,70.61,43.966,252.816,161.739,1.1,1.362
0,212,gifted,205.947,189.524,205.947,189.524,,
0,215,basic,115.096,67.158,114.962,67.165,0.846,0.84
0,218,basic,152.33,91.911,203.249,119.424,0.767,0.925
0,220,basic,86.199,70.755,0.0,0.0,1.336,
0,221,basic,164.634,107.729,254.582,168.788,1.013,0.985
0,222,basic,134.162,79.803,168.375,103.014,1.97,1.837
0,225,basic,78.273,38.828,77.237,38.326,1.245,1.243
0,226,basic,248.416,156.739,247.449,156.882,1.246,1.217
0,229,basic,249.801,200.707,0.0,0.0,1.149,
0,230,basic,114.43,75.81,223.468,144.824,1.061,1.212
0,233,basic,280.825,170.025,282.091,170.709,0.828,0.831
0,234,basic,79.847,64.075,0.0,0.0,1.178,
0,235,basic,77.572,48.602,132.234,81.972,1.144,1.231
0,236,basic,55.631,48.441,113.607,94.129,1.107,1.33
0,239,basic,278.251,160.825,0.0,0.0,1.741,
0,241,basic,385.176,129.915,826.38,273.98,1.907,2.226
0,242,basic,153.813,104.458,0.0,0.0,1.225,
0,243,basic,213.865,110.727,294.058,151.179,0.987,1.032
0,244,basic,37.825,35.364,38.428,35.883,1.111,1.147
0,245,basic,320.055,271.421,446.441,371.434,1.219,1.34
0,246,basic,235.572,119.66,392.091,197.264,1.21,1.274
0,247,basic,368.395,122.149,1032.892,325.581,1.619,2.274
0,248,basic,148.57,93.032,0.0,0.0,0.888,
0,249,basic,29.208,21.877,32.65,24.27,0.872,0.917
0,250,basic,82.714,60.462,136.259,101.198,0.959,0.863
0,251,basic,134.536,63.207,161.675,75.216,1.381,1.425
0,252,basic,244.115,167.399,244.164,167.633,1.453,1.446
0,255,basic,85.32,55.606,280.947,176.802,0.841,1.062
0,257,basic,125.865,105.426,418.734,337.775,1.085,1.323
0,259,basic,155.633,112.655,0.0,0.0,1.33,
0,261,basic,182.709,164.966,242.991,210.294,1.103,1.411
0,262,basic,190.468,142.618,343.608,252.558,1.085,1.195
0,264,basic,81.887,35.971,0.0,0.0,0.941,
0,266,basic,105.543,81.794,110.797,85.759,0.898,0.905
0,267,basic,122.522,105.479,137.635,118.222,1.037,1.05
0,268,basic,111.275,105.712,0.0,0.0,1.064,
0,269,basic,100.302,93.975,218.868,204.143,1.038,1.367
0,270,basic,163.927,110.772,531.463,364.088,1.53,1.49
0,272,basic,42.06,39.624,0.0,0.0,1.041,
0,275,basic,93.051,87.263,200.227,186.993,1.155,1.261
0,276,basic,152.258,72.225,320.465,155.074,1.134,1.318
0,277,basic,123.876,79.475,127.549,81.603,1.008,1.024
0,279,basic,108.575,46.667,147.497,63.015,1.01,1.048
0,281,basic,67.023,44.349,141.296,86.955,0.807,1.24
0,282,basic,81.144,59.974,92.802,66.95,0.896,1.038
0,286,basic,180.19,109.681,309.884,194.098,1.902,1.81
0,287,gifted,190.0,174.849,0.0,0.0,,
0,288,basic,179.21,154.599,179.444,155.127,1.364,1.355
0,289,basic,155.164,137.012,0.0,0.0,1.389,
0,291,basic,375.059,261.179,628.239,430.954,2.284,2.382
0,292,basic,560.623,326.923,766.475,442.733,1.467,1.43
0,930,basic,399.282,362.103,824.833,753.94,2.345,2.264
0,935,basic,438.673,310.021,0.0,0.0,1.845,
0,939,basic,221.095,107.681,0.0,0.0,1.747,
0,949,basic,376.228,317.492,0.0,0.0,1.545,
0,955,basic,45.787,43.497,0.0,0.0,2.786,
0,971,gifted,515.785,474.655,703.877,647.748,,
0,972,basic,263.027,195.193,0.0,0.0,1.856,
0,974,basic,87.934,79.493,91.796,82.744,1.253,1.296
0,977,basic,232.855,173.052,233.085,173.167,1.319,1.322
1,103,basic,278.821,253.817,278.821,253.822,1.67,1.67
1,104,basic,117.661,52.448,117.897,52.498,2.298,2.304
1,105,basic,439.413,228.214,439.37,228.155,2.26,2.261
1,105,gifted,180.724,165.729,180.724,165.729,,
1,106,basic,456.677,296.452,456.987,296.532,1.786,1.789
1,106,gifted,116.028,106.401,116.028,106.401,,
1,107,basic,525.219,281.923,523.462,281.183,2.543,2.538
1,109,basic,158.1,113.94,157.949,113.832,2.068,2.068
1,110,basic,400.891,220.404,401.354,220.617,2.094,2.095
1,113,basic,393.453,259.002,393.413,258.919,2.328,2.329
1,113,gifted,136.316,125.006,136.316,125.006,,
1,115,basic,148.248,93.832,148.242,93.828,1.722,1.722
1,117,basic,259.806,168.661,260.258,168.85,2.344,2.347
1,117,gifted,89.697,82.255,89.697,82.255,,
1,118,basic,267.145,152.47,267.285,152.508,2.092,2.094
1,130,basic,662.173,410.962,661.917,410.873,1.69,1.69
1,201,basic,80.742,52.066,80.627,51.946,1.064,1.069
1,202,basic,169.838,87.365,195.866,100.118,1.642,1.682
1,203,basic,266.321,179.691,265.222,179.153,1.295,1.288
1,204,basic,176.01,121.887,375.756,259.343,1.418,1.472
1,207,basic,0.0,0.0,126.19,87.456,,1.097
1,208,basic,207.857,166.609,0.0,0.0,1.276,
1,209,basic,144.052,48.651,241.876,80.724,0.783,0.852
1,210,basic,193.407,78.116,0.0,0.0,1.415,
1,211,basic,78.223,48.248,262.508,170.799,1.104,1.357
1,212,gifted,206.118,189.016,206.118,189.016,,
1,215,basic,119.397,67.252,119.144,67.317,0.902,0.889
1,218,basic,155.624,92.772,208.916,120.989,0.768,0.937
1,220,basic,87.274,69.411,0.0,0.0,1.385,
1,221,basic,162.282,102.588,252.24,161.09,0.998,0.987
1,222,basic,144.889,82.216,180.786,106.377,2.13,1.956
1,225,basic,89.641,44.139,88.765,43.72,1.222,1.22
1,226,basic,259.864,155.693,258.922,156.351,1.314,1.269
1,229,basic,249.179,197.022,0.0,0.0,1.138,
1,230,basic,97.86,64.518,205.51,132.034,1.043,1.213
1,233,basic,278.504,165.77,279.508,166.338,0.841,0.842
1,234,basic,73.639,58.352,0.0,0.0,1.169,
1,235,basic,77.291,46.607,131.983,79.041,1.213,1.28
1,236,basic,51.104,43.49,107.973,85.212,1.069,1.389
1,239,basic,270.23,155.619,0.0,0.0,1.689,
1,241,basic,385.59,128.03,825.801,273.237,1.912,2.233
1,242,basic,154.38,103.245,0.0,0.0,1.234,
1,243,basic,212.684,108.86,291.624,148.23,0.98,1.024
1,244,basic,36.564,34.025,37.194,34.593,1.157,1.187
1,245,basic,317.46,260.386,444.88,356.646,1.224,1.365
1,246,basic,228.799,115.489,386.74,192.938,1.187,1.263
1,247,basic,366.726,120.038,1032.44,326.686,1.614,2.292
1,248,basic,146.458,91.119,0.0,0.0,0.888,
1,249,basic,31.511,23.158,34.964,25.527,0.88,0.919
1,250,basic,89.163,64.528,142.54,104.846,0.967,0.871
1,251,basic,135.561,61.142,163.143,72.779,1.438,1.484
1,252,basic,235.561,156.585,235.548,157.036,1.459,1.443
1,255,basic,87.644,56.789,282.928,177.065,0.833,1.048
1,257,basic,122.355,100.193,412.895,324.467,1.059,1.312
1,259,basic,162.964,117.364,0.0,0.0,1.306,
1,261,basic,170.727,152.098,231.961,196.826,1.108,1.433
1,262,basic,190.237,139.987,342.649,246.957,1.077,1.198
1,264,basic,80.869,34.475,0.0,0.0,0.939,
1,266,basic,104.631,78.677,109.94,82.564,0.906,0.913
1,267,basic,123.438,103.86,138.836,116.541,1.034,1.047
1,268,basic,113.445,107.773,0.0,0.0,1.072,
1,269,basic,102.481,95.707,222.005,204.895,1.011,1.364
1,270,basic,148.274,100.443,505.71,345.359,1.459,1.456
1,272,basic,38.325,36.066,0.0,0.0,1.061,
1,275,basic,95.387,88.653,208.431,192.611,1.176,1.268
1,276,basic,156.052,72.218,323.992,155.537,1.128,1.326
1,277,basic,125.265,79.654,129.109,81.846,1.006,1.023
1,279,basic,102.555,43.494,140.001,58.997,1.011,1.05
1,281,basic,73.139,48.138,149.365,91.55,0.804,1.22
1,282,basic,74.264,54.801,85.025,61.177,0.87,1.015
1,286,basic,179.844,102.894,310.824,184.942,2.025,1.879
1,287,gifted,190.0,174.235,0.0,0.0,,
1,288,basic,177.86,150.048,178.111,150.814,1.386,1.37
1,289,basic,154.198,139.674,0.0,0.0,1.387,
1,291,basic,368.946,254.353,619.117,419.583,2.255,2.351
1,292,basic,565.907,329.595,772.159,443.724,1.53,1.479
1,930,basic,399.388,360.724,824.87,752.418,2.368,2.277
1,935,basic,438.342,310.37,0.0,0.0,1.865,
1,939,basic,219.376,106.371,0.0,0.0,1.756,
1,949,basic,378.781,323.101,0.0,0.0,1.569,
1,955,basic,45.221,42.96,0.0,0.0,2.791,
1,971,gifted,515.641,472.858,703.748,645.357,,
1,972,basic,262.517,194.838,0.0,0.0,1.874,
1,974,basic,87.317,79.104,92.562,83.404,1.212,1.274
1,977,basic,240.607,177.266,240.911,177.416,1.321,1.323
2,103,basic,266.544,224.182,266.581,224.21,1.601,1.601
2,104,basic,149.556,53.606,149.744,53.64,2.515,2.518
2,105,basic,458.427,201.416,458.394,201.362,2.218,2.219
2,105,gifted,183.658,168.464,183.658,168.464,,
2,106,basic,441.943,250.034,442.218,250.078,1.764,1.766
2,106,gifted,115.139,105.613,115.139,105.613,,
2,107,basic,515.282,234.946,513.597,234.371,2.433,2.429
2,109,basic,149.717,91.359,149.54,91.275,2.138,2.137
2,110,basic,390.514,188.965,390.798,189.075,2.079,2.08
2,113,basic,390.728,215.163,390.746,215.117,2.37,2.371
2,113,gifted,132.812,121.825,132.812,121.825,,
2,115,basic,145.045,78.788,145.039,78.785,1.736,1.736
2,117,basic,263.192,147.981,263.394,148.029,2.312,2.315
2,117,gifted,89.972,82.529,89.972,82.529,,
2,118,basic,260.965,126.427,261.168,126.479,2.102,2.104
2,130,basic,663.608,368.088,663.471,368.049,1.655,1.655
2,201,basic,73.71,52.277,73.855,52.234,0.967,0.977
2,202,basic,163.672,89.307,188.71,102.052,1.569,1.613
2,203,basic,266.763,190.642,265.651,190.159,1.334,1.327
2,204,basic,177.098,128.33,376.895,274.69,1.466,1.482
2,207,basic,0.0,0.0,126.441,99.47,,1.028
2,208,basic,202.232,167.98,0.0,0.0,1.201,
2,209,basic,143.396,53.67,235.487,86.887,0.777,0.841
2,210,basic,193.378,84.734,0.0,0.0,1.417,
2,211,basic,74.154,48.95,261.557,165.321,1.117,1.349
2,212,gifted,206.143,189.089,206.143,189.089,,
2,215,basic,115.45,72.122,115.004,72.292,0.921,0.901
2,218,basic,162.293,106.461,215.427,136.465,0.768,0.924
2,220,basic,86.683,71.452,0.0,0.0,1.371,
2,221,basic,161.823,117.201,252.108,183.472,0.931,0.95
2,222,basic,148.635,88.147,184.445,113.386,2.028,1.89
2,225,basic,84.782,44.775,83.642,44.203,1.218,1.215
2,226,basic,249.819,169.208,248.609,170.38,1.242,1.192
2,229,basic,247.274,211.622,0.0,0.0,1.137,
2,230,basic,118.327,84.102,227.659,156.598,1.019,1.187
2,233,basic,284.281,186.825,285.141,187.335,0.831,0.833
2,234,basic,75.447,63.689,0.0,0.0,1.189,
2,235,basic,81.213,53.085,137.058,89.179,1.245,1.299
2,236,basic,52.191,46.134,108.957,88.329,1.083,1.45
2,239,basic,270.846,164.087,0.0,0.0,1.659,
2,241,basic,385.569,134.656,825.565,271.882,1.869,2.155
2,242,basic,163.036,117.793,0.0,0.0,1.22,
2,243,basic,215.507,120.114,295.068,163.0,0.983,1.026
2,244,basic,37.985,35.249,38.578,35.784,1.145,1.171
2,245,basic,321.139,284.223,456.652,394.691,1.232,1.365
2,246,basic,222.738,121.743,381.635,204.814,1.141,1.23
2,247,basic,364.511,127.79,1030.831,316.871,1.552,2.222
2,248,basic,150.196,101.193,0.0,0.0,0.894,
2,249,basic,33.38,27.216,36.656,29.687,0.858,0.889
2,250,basic,81.708,63.916,135.386,108.269,0.96,0.859
2,251,basic,127.081,63.907,154.311,76.635,1.348,1.394
2,252,basic,238.014,174.191,238.041,174.645,1.376,1.366
2,255,basic,88.537,62.222,281.111,189.303,0.839,1.043
2,257,basic,126.518,112.233,423.405,360.621,1.088,1.325
2,259,basic,167.055,128.017,0.0,0.0,1.279,
2,261,basic,179.286,163.076,241.186,209.852,1.123,1.442
2,262,basic,187.052,150.772,338.077,265.318,1.06,1.179
2,264,basic,79.586,38.661,0.0,0.0,0.902,
2,266,basic,105.764,88.966,110.856,93.137,0.905,0.91
2,267,basic,123.422,113.558,138.79,127.392,1.038,1.052
2,268,basic,104.715,99.479,0.0,0.0,1.085,
2,269,basic,103.237,96.81,222.632,208.455,1.05,1.393
2,270,basic,151.643,107.978,518.422,372.809,1.427,1.437
2,272,basic,44.653,41.976,0.0,0.0,1.044,
2,275,basic,94.144,88.434,204.528,191.559,1.165,1.279
2,276,basic,150.783,77.49,319.907,158.66,1.116,1.305
2,277,basic,130.173,89.472,133.941,91.728,0.997,1.013
2,279,basic,105.603,49.088,143.781,66.354,0.993,1.027
2,281,basic,65.784,46.767,146.305,94.352,0.827,1.269
2,282,basic,78.41,61.763,90.991,69.373,0.913,1.057
2,286,basic,176.438,114.166,306.41,203.175,1.757,1.717
2,287,gifted,190.0,174.282,0.0,0.0,,
2,288,basic,184.373,161.912,184.427,162.763,1.349,1.332
2,289,basic,156.437,130.273,0.0,0.0,1.35,
2,291,basic,375.15,256.158,626.508,424.77,2.181,2.248
2,292,basic,564.715,325.713,769.341,447.737,1.472,1.429
2,930,basic,398.97,346.927,824.241,725.288,2.333,2.237
2,935,basic,437.834,299.725,0.0,0.0,1.796,
2,939,basic,219.314,108.46,0.0,0.0,1.645,
2,949,basic,377.703,304.906,0.0,0.0,1.572,
2,955,basic,46.54,44.213,0.0,0.0,2.807,
2,971,gifted,516.421,473.699,704.588,646.298,,
2,972,basic,262.112,186.501,0.0,0.0,1.873,
2,974,basic,85.455,77.594,91.6,82.826,1.205,1.271
2,977,basic,239.515,187.445,239.3,187.218,1.301,1.303
3,103,basic,273.418,227.434,273.428,227.441,1.609,1.609
3,104,basic,144.815,58.67,145.021,58.706,2.324,2.328
3,105,basic,460.791,210.183,460.771,210.14,2.34,2.341
3,105,gifted,181.598,166.795,181.598,166.795,,
3,106,basic,446.707,262.394,446.952,262.451,1.732,1.734
3,106,gifted,115.877,106.431,115.877,106.431,,
3,107,basic,510.282,246.051,508.573,245.396,2.466,2.461
3,109,basic,146.536,92.259,146.374,92.164,2.163,2.163
3,110,basic,389.748,200.421,390.087,200.565,2.107,2.108
3,113,basic,385.623,221.764,385.627,221.702,2.337,2.338
3,113,gifted,133.765,122.86,133.765,122.86,,
3,115,basic,139.096,77.792,139.09,77.789,1.723,1.723
3,117,basic,256.417,151.529,256.662,151.606,2.323,2.326
3,117,gifted,89.573,82.271,89.573,82.271,,
3,118,basic,265.879,134.657,266.066,134.709,2.14,2.142
3,130,basic,667.889,384.468,667.734,384.418,1.719,1.719
3,201,basic,79.507,54.389,79.976,54.498,0.996,1.016
3,202,basic,168.953,92.066,194.217,105.082,1.664,1.707
3,203,basic,248.958,174.821,247.615,174.145,1.291,1.282
3,204,basic,175.011,124.66,374.427,266.803,1.454,1.485
3,207,basic,0.0,0.0,113.876,87.323,,1.087
3,208,basic,201.07,161.409,0.0,0.0,1.24,
3,209,basic,149.576,58.623,241.702,93.724,0.781,0.842
3,210,basic,193.115,88.828,0.0,0.0,1.409,
3,211,basic,85.07,54.811,273.231,171.023,1.118,1.348
3,212,gifted,205.732,188.961,205.732,188.961,,
3,215,basic,114.076,72.375,113.748,72.521,0.9,0.88
3,218,basic,159.514,101.985,209.132,130.448,0.769,0.909
3,220,basic,83.546,68.998,0.0,0.0,1.35,
3,221,basic,165.473,118.044,256.407,184.838,0.983,0.972
3,222,basic,148.044,86.087,182.894,109.749,2.19,2.04
3,225,basic,90.805,47.824,89.796,47.309,1.297,1.295
3,226,basic,262.745,178.642,261.825,179.369,1.303,1.262
3,229,basic,250.094,204.298,0.0,0.0,1.15,
3,230,basic,107.509,73.074,217.161,144.132,1.065,1.22
3,233,basic,277.047,178.289,278.304,179.044,0.841,0.843
3,234,basic,80.009,64.454,0.0,0.0,1.233,
3,235,basic,86.004,56.732,142.91,93.791,1.23,1.287
3,236,basic,50.69,44.734,106.791,87.764,1.1,1.429
3,239,basic,269.642,160.847,0.0,0.0,1.747,
3,241,basic,385.509,144.524,825.542,295.079,1.889,2.191
3,242,basic,164.799,116.475,0.0,0.0,1.224,
3,243,basic,220.959,122.831,300.98,166.077,0.978,1.022
3,244,basic,34.39,31.96,34.94,32.454,1.119,1.147
3,245,basic,319.418,279.608,444.702,381.551,1.232,1.355
3,246,basic,228.898,124.992,386.578,208.358,1.173,1.253
3,247,basic,368.87,137.332,1034.988,348.979,1.599,2.255
3,248,basic,145.554,95.332,0.0,0.0,0.892,
3,249,basic,31.818,24.943,35.099,27.371,0.889,0.921
3,250,basic,83.827,62.396,139.948,105.899,0.963,0.868
3,251,basic,134.474,69.586,161.551,82.629,1.405,1.454
3,252,basic,252.98,178.935,252.933,179.391,1.472,1.458
3,255,basic,90.689,61.148,286.126,187.12,0.867,1.052
3,257,basic,125.774,107.553,423.149,348.056,1.091,1.328
3,259,basic,157.641,115.558,0.0,0.0,1.3,
3,261,basic,175.681,159.396,236.176,204.976,1.08,1.396
3,262,basic,182.74,141.704,336.058,254.929,1.069,1.193
3,264,basic,82.326,41.367,0.0,0.0,0.95,
3,266,basic,108.685,88.035,114.082,92.264,0.917,0.926
3,267,basic,120.611,108.151,135.943,121.569,1.018,1.035
3,268,basic,111.751,106.164,0.0,0.0,1.064,
3,269,basic,101.605,95.016,221.029,205.366,1.065,1.405
3,270,basic,166.221,111.899,535.129,368.05,1.578,1.506
3,272,basic,40.463,38.01,0.0,0.0,1.042,
3,275,basic,93.088,86.939,202.257,188.021,1.177,1.276
3,276,basic,155.889,82.053,324.245,166.727,1.13,1.313
3,277,basic,128.469,85.091,132.147,87.288,1.015,1.03
3,279,basic,109.28,51.857,147.927,69.728,1.003,1.043
3,281,basic,64.147,43.983,137.206,87.214,0.809,1.241
3,282,basic,71.948,53.969,82.563,60.359,0.889,1.033
3,286,basic,173.324,112.423,303.213,202.501,1.874,1.79
3,287,gifted,190.0,174.511,0.0,0.0,,
3,288,basic,187.533,161.411,187.662,162.125,1.351,1.335
3,289,basic,157.589,125.944,0.0,0.0,1.363,
3,291,basic,373.248,253.784,622.015,421.033,2.264,2.326
3,292,basic,563.362,327.789,768.652,449.821,1.481,1.437
3,930,basic,399.554,342.828,825.172,717.853,2.342,2.235
3,935,basic,437.229,294.685,0.0,0.0,1.841,
3,939,basic,221.127,112.553,0.0,0.0,1.746,
3,949,basic,379.309,298.483,0.0,0.0,1.531,
3,955,basic,44.582,42.353,0.0,0.0,2.803,
3,971,gifted,515.71,473.67,703.8,646.427,,
3,972,basic,259.9,182.973,0.0,0.0,1.879,
3,974,basic,87.11,77.345,91.375,80.891,1.273,1.309
3,977,basic,234.162,175.51,234.159,175.436,1.314,1.316
4,103,basic,286.288,234.019,286.282,234.017,1.613,1.613
4,104,basic,127.431,54.857,127.661,54.905,2.366,2.371
4,105,basic,456.251,223.188,456.225,223.137,2.297,2.298
4,105,gifted,182.67,167.434,182.67,167.434,,
4,106,basic,444.815,268.45,445.1,268.515,1.75,1.752
4,106,gifted,114.761,105.189,114.761,105.189,,
4,107,basic,529.397,263.452,527.648,262.762,2.552,2.548
4,109,basic,146.574,93.937,146.38,93.822,2.087,2.087
4,110,basic,393.925,208.165,394.416,208.383,2.108,2.109
4,113,basic,399.072,236.873,399.022,236.799,2.325,2.326
4,113,gifted,138.157,126.634,138.157,126.634,,
4,115,basic,149.025,87.184,149.019,87.18,1.723,1.723
4,117,basic,260.501,154.521,260.979,154.704,2.328,2.332
4,117,gifted,89.757,82.27,89.757,82.27,,
4,118,basic,255.028,135.079,255.202,135.131,2.14,2.142
4,130,basic,661.022,386.166,660.796,386.088,1.712,1.711
4,201,basic,84.066,56.741,83.363,56.32,1.062,1.056
4,202,basic,167.979,93.48,193.467,107.021,1.6,1.637
4,203,basic,251.86,173.434,250.798,172.86,1.341,1.335
4,204,basic,166.215,117.322,365.357,255.782,1.385,1.465
4,207,basic,0.0,0.0,130.678,94.711,,1.118
4,208,basic,211.15,165.407,0.0,0.0,1.231,
4,209,basic,139.199,57.992,233.167,95.922,0.767,0.84
4,210,basic,193.647,91.201,0.0,0.0,1.403,
4,211,basic,78.381,50.833,261.589,166.94,1.115,1.364
4,212,gifted,205.543,188.399,205.543,188.399,,
4,215,basic,122.34,75.38,122.202,75.417,0.91,0.904
4,218,basic,163.999,105.639,214.318,134.573,0.772,0.919
4,220,basic,93.08,72.066,0.0,0.0,1.474,
4,221,basic,172.144,116.504,263.075,180.706,1.029,0.995
4,222,basic,143.131,84.984,179.688,109.703,2.015,1.886
4,225,basic,77.924,42.693,76.878,42.136,1.185,1.183
4,226,basic,251.451,163.855,250.603,164.395,1.269,1.233
4,229,basic,251.05,198.525,0.0,0.0,1.15,
4,230,basic,105.342,72.769,209.082,140.281,0.995,1.18
4,233,basic,279.242,179.884,279.785,180.231,0.832,0.832
4,234,basic,79.284,61.544,0.0,0.0,1.259,
4,235,basic,79.054,50.668,134.033,85.363,1.229,1.294
4,236,basic,53.377,45.953,110.487,87.161,1.05,1.422
4,239,basic,267.306,160.905,0.0,0.0,1.693,
4,241,basic,385.122,150.841,825.658,311.089,1.909,2.214
4,242,basic,155.117,107.31,0.0,0.0,1.222,
4,243,basic,215.7,122.564,294.382,166.144,0.985,1.026
4,244,basic,34.452,31.888,34.949,32.323,1.078,1.104
4,245,basic,318.048,261.464,444.843,358.646,1.234,1.353
4,246,basic,232.057,128.671,389.039,213.365,1.19,1.261
4,247,basic,369.191,145.184,1033.46,372.818,1.593,2.254
4,248,basic,148.278,97.566,0.0,0.0,0.891,
4,249,basic,34.313,26.074,37.753,28.524,0.847,0.881
4,250,basic,88.54,65.455,143.368,107.796,0.97,0.87
4,251,basic,132.434,68.336,159.279,81.135,1.415,1.472
4,252,basic,246.145,171.186,246.167,171.42,1.431,1.424
4,255,basic,85.418,58.293,279.044,183.787,0.826,1.041
4,257,basic,125.722,103.243,422.176,333.245,1.089,1.332
4,259,basic,165.808,119.238,0.0,0.0,1.359,
4,261,basic,178.094,157.808,237.488,200.159,1.064,1.371
4,262,basic,188.785,142.284,343.668,253.784,1.067,1.184
4,264,basic,79.35,39.852,0.0,0.0,0.945,
4,266,basic,106.425,82.809,111.588,86.699,0.911,0.919
4,267,basic,117.017,98.008,131.852,110.173,1.036,1.05
4,268,basic,113.339,107.672,0.0,0.0,1.068,
4,269,basic,103.581,95.41,222.673,200.116,1.036,1.362
4,270,basic,146.143,101.013,511.565,354.9,1.418,1.441
4,272,basic,41.692,39.093,0.0,0.0,1.028,
4,275,basic,92.859,85.83,200.328,183.335,1.138,1.248
4,276,basic,150.881,79.724,318.848,166.768,1.141,1.319
4,277,basic,122.573,81.922,126.574,84.322,1.012,1.03
4,279,basic,106.859,52.662,145.487,71.129,0.995,1.043
4,281,basic,68.349,46.983,149.638,95.108,0.825,1.28
4,282,basic,77.72,58.022,89.877,65.421,0.907,1.051
4,286,basic,176.093,105.597,306.148,189.693,2.017,1.911
4,287,gifted,190.0,174.153,0.0,0.0,,
4,288,basic,189.366,157.109,189.412,157.722,1.394,1.378
4,289,basic,159.771,129.847,0.0,0.0,1.373,
4,291,basic,367.846,243.825,615.931,404.607,2.262,2.345
4,292,basic,562.291,333.332,766.767,455.457,1.492,1.446
4,930,basic,398.651,338.49,823.862,708.489,2.293,2.211
4,935,basic,437.807,296.921,0.0,0.0,1.836,
4,939,basic,223.837,115.557,0.0,0.0,1.723,
4,949,basic,374.291,294.865,0.0,0.0,1.546,
4,955,basic,46.815,44.474,0.0,0.0,2.753,
4,971,gifted,514.318,471.42,702.331,643.753,,
4,972,basic,263.567,185.272,0.0,0.0,1.871,
4,974,basic,88.54,77.522,92.697,80.777,1.268,1.305
4,977,basic,237.348,175.612,238.414,176.107,1.3,1.31
5,103,basic,270.151,247.256,270.138,247.25,1.664,1.664
5,104,basic,139.349,53.806,139.69,53.855,2.402,2.409
5,105,basic,450.003,214.207,449.948,214.144,2.319,2.32
5,105,gifted,180.149,165.314,180.149,165.314,,
5,106,basic,450.31,280.081,450.615,280.157,1.72,1.722
5,106,gifted,115.626,106.104,115.626,106.104,,
5,107,basic,510.011,254.813,508.222,254.116,2.496,2.491
5,109,basic,151.888,104.072,151.793,103.988,2.079,2.079
5,110,basic,392.544,194.699,393.031,194.9,2.087,2.088
5,113,basic,394.363,251.71,394.338,251.625,2.311,2.312
5,113,gifted,136.281,125.058,136.281,125.058,,
5,115,basic,146.218,87.916,146.209,87.911,1.722,1.722
5,117,basic,256.089,155.595,256.628,155.818,2.327,2.331
5,117,gifted,89.83,82.433,89.83,82.433,,
5,118,basic,264.811,139.903,264.974,139.946,2.107,2.109
5,130,basic,663.137,370.899,662.849,370.806,1.709,1.708
5,201,basic,75.943,51.256,75.904,51.153,1.07,1.077
5,202,basic,172.707,88.187,197.983,100.522,1.668,1.7
5,203,basic,251.65,178.633,250.451,178.066,1.323,1.315
5,204,basic,183.407,134.715,381.925,279.487,1.409,1.461
5,207,basic,0.0,0.0,122.988,86.233,,1.089
5,208,basic,201.422,168.612,0.0,0.0,1.262,
5,209,basic,148.441,44.423,245.58,72.516,0.777,0.847
5,210,basic,194.564,72.651,0.0,0.0,1.421,
5,211,basic,79.925,51.217,261.929,172.726,1.105,1.346
5,212,gifted,206.061,189.092,206.061,189.092,,
5,215,basic,117.908,62.571,117.603,62.699,0.935,0.917
5,218,basic,159.113,96.654,209.668,123.777,0.76,0.909
5,220,basic,90.013,73.954,0.0,0.0,1.467,
5,221,basic,163.973,102.073,254.089,160.184,1.004,0.988
5,222,basic,154.081,87.153,189.025,111.554,2.328,2.129
5,225,basic,82.015,39.567,80.96,39.084,1.223,1.22
5,226,basic,259.486,150.31,258.523,151.206,1.333,1.284
5,229,basic,251.712,215.283,0.0,0.0,1.143,
5,230,basic,115.091,80.006,225.734,153.073,1.07,1.221
5,233,basic,283.121,169.876,283.795,170.275,0.839,0.839
5,234,basic,73.043,62.309,0.0,0.0,1.186,
5,235,basic,89.362,52.55,144.682,84.903,1.28,1.321
5,236,basic,51.352,45.048,109.536,85.539,1.084,1.595
5,239,basic,260.842,153.99,0.0,0.0,1.698,
5,241,basic,384.766,116.049,824.433,244.685,1.896,2.19
5,242,basic,157.476,109.223,0.0,0.0,1.219,
5,243,basic,216.154,109.802,294.481,148.436,0.972,1.015
5,244,basic,36.68,34.305,37.261,34.825,1.15,1.182
5,245,basic,320.588,274.233,449.399,376.414,1.245,1.367
5,246,basic,233.131,115.884,391.554,192.381,1.196,1.264
5,247,basic,373.255,109.988,1038.929,288.348,1.607,2.269
5,248,basic,140.92,90.414,0.0,0.0,0.879,
5,249,basic,30.483,23.088,33.926,25.531,0.881,0.916
5,250,basic,87.938,68.655,144.4,114.812,0.969,0.872
5,251,basic,131.49,56.197,158.891,66.824,1.372,1.437
5,252,basic,233.006,163.116,233.099,163.493,1.432,1.423
5,255,basic,85.851,57.954,284.243,184.993,0.848,1.054
5,257,basic,122.809,107.89,417.766,353.393,1.085,1.321
5,259,basic,155.657,122.255,0.0,0.0,1.282,
5,261,basic,173.035,159.28,233.521,207.498,1.109,1.433
5,262,basic,185.818,144.706,335.531,256.032,1.072,1.178
5,264,basic,77.033,29.568,0.0,0.0,0.917,
5,266,basic,107.925,84.732,113.023,88.612,0.912,0.919
5,267,basic,119.997,105.948,135.57,119.35,1.027,1.043
5,268,basic,108.084,102.68,0.0,0.0,1.057,
5,269,basic,102.567,96.704,222.092,209.807,1.027,1.388
5,270,basic,156.265,113.565,522.183,385.035,1.477,1.453
5,272,basic,42.81,40.485,0.0,0.0,1.057,
5,275,basic,95.449,90.149,205.53,194.492,1.177,1.292
5,276,basic,155.186,67.539,322.288,143.001,1.125,1.313
5,277,basic,124.446,83.166,128.321,85.488,1.012,1.028
5,279,basic,101.367,40.653,140.428,55.93,0.994,1.032
5,281,basic,65.676,45.452,135.927,86.965,0.797,1.207
5,282,basic,78.41,62.84,89.254,69.615,0.881,1.02
5,286,basic,182.657,103.466,312.153,183.326,1.995,1.885
5,287,gifted,190.0,174.354,0.0,0.0,,
5,288,basic,184.354,162.007,184.432,162.887,1.424,1.404
5,289,basic,156.784,145.775,0.0,0.0,1.401,
5,291,basic,377.505,263.174,629.003,434.524,2.357,2.416
5,292,basic,564.44,325.932,769.301,440.354,1.493,1.449
5,930,basic,399.013,368.742,824.357,766.688,2.444,2.345
5,935,basic,438.256,325.837,0.0,0.0,1.835,
5,939,basic,219.826,99.181,0.0,0.0,1.751,
5,949,basic,379.937,339.779,0.0,0.0,1.542,
5,955,basic,44.694,42.459,0.0,0.0,2.777,
5,971,gifted,515.604,473.145,703.769,645.815,,
5,972,basic,265.474,204.14,0.0,0.0,1.919,
5,974,basic,87.359,80.763,92.101,85.195,1.275,1.328
5,977,basic,229.393,184.729,230.737,185.511,1.28,1.289
6,103,basic,274.494,244.641,274.515,244.663,1.63,1.63
6,104,basic,134.133,49.375,134.389,49.417,2.486,2.492
6,105,basic,446.676,201.709,446.65,201.662,2.305,2.306
6,105,gifted,179.283,164.915,179.283,164.915,,
6,106,basic,455.49,267.045,455.777,267.112,1.779,1.781
6,106,gifted,116.501,107.164,116.501,107.164,,
6,107,basic,514.249,246.837,512.533,246.189,2.459,2.455
6,109,basic,150.631,99.161,150.499,99.071,2.102,2.102
6,110,basic,400.418,196.121,400.856,196.301,2.093,2.094
6,113,basic,376.563,225.231,376.549,225.153,2.349,2.35
6,113,gifted,133.024,122.363,133.024,122.363,,
6,115,basic,143.729,81.054,143.72,81.049,1.735,1.735
6,117,basic,258.484,153.739,258.891,153.889,2.324,2.328
6,117,gifted,89.423,82.256,89.423,82.256,,
6,118,basic,266.959,134.091,267.144,134.144,2.127,2.129
6,130,basic,664.377,367.123,664.154,367.05,1.719,1.718
6,201,basic,74.701,50.733,74.948,50.731,1.051,1.067
6,202,basic,168.145,87.945,192.982,100.248,1.663,1.704
6,203,basic,248.154,177.657,246.842,177.016,1.3,1.29
6,204,basic,184.075,135.444,383.152,281.975,1.441,1.473
6,207,basic,0.0,0.0,126.068,93.446,,1.104
6,208,basic,203.67,170.301,0.0,0.0,1.252,
6,209,basic,145.898,46.354,240.163,75.382,0.769,0.837
6,210,basic,192.869,76.616,0.0,0.0,1.422,
6,211,basic,78.542,50.281,262.592,166.835,1.115,1.359
6,212,gifted,206.063,189.549,206.063,189.549,,
6,215,basic,120.759,68.673,120.242,68.835,0.946,0.92
6,218,basic,162.996,100.098,215.012,128.493,0.767,0.919
6,220,basic,88.016,72.716,0.0,0.0,1.495,
6,221,basic,164.7,109.707,254.983,171.781,1.012,0.996
6,222,basic,154.824,91.07,189.726,115.005,2.215,2.074
6,225,basic,85.894,42.355,84.83,41.87,1.248,1.243
6,226,basic,246.872,154.709,245.438,155.943,1.338,1.266
6,229,basic,254.96,219.039,0.0,0.0,1.139,
6,230,basic,118.519,82.305,225.739,152.702,1.031,1.195
6,233,basic,275.365,168.943,276.141,169.416,0.844,0.844
6,234,basic,73.076,62.369,0.0,0.0,1.201,
6,235,basic,80.298,50.266,136.359,84.807,1.235,1.3
6,236,basic,54.396,48.57,114.387,92.25,1.09,1.566
6,239,basic,265.556,158.125,0.0,0.0,1.724,
6,241,basic,384.663,121.977,823.518,253.194,1.931,2.206
6,242,basic,156.856,110.647,0.0,0.0,1.233,
6,243,basic,214.432,110.645,293.719,150.492,0.992,1.034
6,244,basic,38.044,35.522,38.678,36.132,1.176,1.196
6,245,basic,320.668,284.216,450.613,391.07,1.247,1.387
6,246,basic,230.855,117.497,390.69,196.296,1.192,1.27
6,247,basic,374.121,116.226,1040.172,298.315,1.622,2.266
6,248,basic,145.43,93.73,0.0,0.0,0.879,
6,249,basic,33.22,25.945,36.419,28.323,0.885,0.911
6,250,basic,84.932,65.545,140.232,110.035,0.961,0.867
6,251,basic,132.859,60.584,160.624,72.088,1.408,1.475
6,252,basic,236.068,169.366,236.058,169.755,1.43,1.418
6,255,basic,87.589,58.863,279.688,182.28,0.859,1.043
6,257,basic,126.996,112.365,428.963,367.783,1.115,1.334
6,259,basic,163.746,126.214,0.0,0.0,1.311,
6,261,basic,171.016,157.945,233.796,208.998,1.121,1.465
6,262,basic,183.58,145.089,332.686,257.694,1.072,1.184
6,264,basic,80.293,33.733,0.0,0.0,0.928,
6,266,basic,104.709,84.812,109.897,88.86,0.923,0.932
6,267,basic,125.695,114.732,141.312,128.753,1.043,1.055
6,268,basic,106.781,101.442,0.0,0.0,1.072,
6,269,basic,105.925,100.04,223.165,211.226,1.026,1.36
6,270,basic,174.375,123.549,552.084,399.147,1.552,1.489
6,272,basic,39.411,37.234,0.0,0.0,1.079,
6,275,basic,93.059,88.019,202.974,192.35,1.169,1.288
6,276,basic,154.013,71.675,322.01,148.485,1.102,1.302
6,277,basic,129.847,86.237,133.655,88.494,1.011,1.028
6,279,basic,112.472,46.908,152.066,62.988,0.992,1.032
6,281,basic,63.703,43.66,137.502,87.148,0.815,1.254
6,282,basic,77.361,60.496,89.226,67.918,0.902,1.05
6,286,basic,180.27,107.989,309.446,193.978,2.088,1.921
6,287,gifted,190.0,174.773,0.0,0.0,,
6,288,basic,188.734,165.754,188.527,166.793,1.465,1.431
6,289,basic,158.897,142.173,0.0,0.0,1.386,
6,291,basic,375.437,261.747,624.779,436.149,2.367,2.393
6,292,basic,565.797,321.823,771.344,439.449,1.503,1.451
6,930,basic,398.963,366.743,824.503,764.244,2.439,2.328
6,935,basic,437.01,313.453,0.0,0.0,1.852,
6,939,basic,217.692,101.812,0.0,0.0,1.746,
6,949,basic,375.758,325.355,0.0,0.0,1.558,
6,955,basic,45.722,43.435,0.0,0.0,2.837,
6,971,gifted,515.82,474.48,703.952,647.534,,
6,972,basic,262.183,196.354,0.0,0.0,1.92,
6,974,basic,86.234,79.407,91.972,84.727,1.261,1.319
6,977,basic,235.496,187.136,236.665,187.714,1.292,1.303
7,103,basic,273.486,230.177,273.497,230.184,1.616,1.616
7,104,basic,150.945,51.633,151.112,51.67,2.681,2.683
7,105,basic,482.481,207.253,482.454,207.199,2.335,2.336
7,105,gifted,184.204,168.936,184.204,168.936,,
7,106,basic,460.994,256.758,461.32,256.8,1.832,1.834
7,106,gifted,115.212,105.662,115.212,105.662,,
7,107,basic,523.818,234.379,522.086,233.815,2.493,2.489
7,109,basic,149.887,90.666,149.716,90.59,2.141,2.14
7,110,basic,393.27,187.125,393.551,187.233,2.078,2.078
7,113,basic,389.295,213.309,389.28,213.274,2.414,2.414
7,113,gifted,133.142,122.106,133.142,122.106,,
7,115,basic,136.01,74.888,136.003,74.885,1.71,1.71
7,117,basic,266.493,147.321,266.71,147.368,2.32,2.322
7,117,gifted,89.677,82.244,89.677,82.244,,
7,118,basic,272.262,130.046,272.485,130.099,2.153,2.155
7,130,basic,655.94,357.45,655.791,357.402,1.656,1.655
7,201,basic,72.723,51.668,73.012,51.635,0.999,1.016
7,202,basic,167.535,89.551,192.596,101.803,1.616,1.666
7,203,basic,269.595,195.828,268.359,195.289,1.29,1.282
7,204,basic,178.967,132.003,377.709,277.716,1.395,1.448
7,207,basic,0.0,0.0,118.372,90.324,,1.068
7,208,basic,212.542,177.513,0.0,0.0,1.198,
7,209,basic,146.272,53.466,240.352,86.51,0.774,0.839
7,210,basic,192.902,82.87,0.0,0.0,1.386,
7,211,basic,80.084,53.361,265.676,169.629,1.109,1.355
7,212,gifted,205.794,188.736,205.794,188.736,,
7,215,basic,124.046,73.505,123.259,73.861,0.99,0.954
7,218,basic,156.064,102.995,206.696,131.779,0.761,0.905
7,220,basic,84.555,68.659,0.0,0.0,1.4,
7,221,basic,165.173,114.091,256.439,179.717,1.005,0.994
7,222,basic,153.751,86.247,186.699,109.671,2.247,2.06
7,225,basic,83.878,44.514,82.619,43.888,1.164,1.16
7,226,basic,264.568,170.064,263.307,172.284,1.308,1.238
7,229,basic,252.174,217.994,0.0,0.0,1.128,
7,230,basic,118.587,85.671,228.498,158.962,1.008,1.189
7,233,basic,277.767,181.838,278.847,182.503,0.837,0.839
7,234,basic,75.744,64.063,0.0,0.0,1.193,
7,235,basic,83.716,53.894,140.112,89.273,1.218,1.293
7,236,basic,50.243,44.758,108.658,84.513,0.991,1.556
7,239,basic,277.857,166.59,0.0,0.0,1.689,
7,241,basic,385.851,130.722,823.959,264.127,1.873,2.144
7,242,basic,163.996,117.999,0.0,0.0,1.218,
7,243,basic,217.608,121.17,296.252,163.546,0.983,1.023
7,244,basic,37.633,34.785,38.243,35.366,1.136,1.16
7,245,basic,320.45,278.68,450.962,382.733,1.263,1.389
7,246,basic,230.927,126.836,389.851,209.258,1.1,1.201
7,247,basic,370.727,125.936,1037.728,308.973,1.572,2.236
7,248,basic,142.866,97.318,0.0,0.0,0.868,
7,249,basic,31.272,24.977,34.403,27.368,0.899,0.92
7,250,basic,88.134,70.109,141.073,114.731,0.963,0.868
7,251,basic,134.833,65.62,163.236,77.749,1.358,1.434
7,252,basic,243.431,175.9,243.496,176.342,1.427,1.418
7,255,basic,90.493,64.073,285.583,194.471,0.852,1.03
7,257,basic,124.563,110.974,417.679,356.04,1.08,1.328
7,259,basic,164.558,128.342,0.0,0.0,1.266,
7,261,basic,175.366,160.685,235.071,205.635,1.072,1.385
7,262,basic,183.287,147.828,332.811,261.949,1.064,1.166
7,264,basic,78.923,36.649,0.0,0.0,0.919,
7,266,basic,107.54,90.257,112.691,94.434,0.898,0.904
7,267,basic,120.696,110.289,135.505,123.552,1.011,1.023
7,268,basic,111.306,105.74,0.0,0.0,1.063,
7,269,basic,104.589,97.84,224.265,209.444,1.061,1.406
7,270,basic,173.573,124.825,542.016,394.717,1.446,1.442
7,272,basic,40.954,38.465,0.0,0.0,1.055,
7,275,basic,89.054,83.549,198.499,185.935,1.15,1.268
7,276,basic,150.165,75.22,319.616,154.937,1.119,1.309
7,277,basic,123.821,86.137,127.401,88.288,1.005,1.02
7,279,basic,108.065,49.65,146.256,66.592,0.989,1.029
7,281,basic,66.467,48.129,142.369,93.296,0.805,1.226
7,282,basic,73.414,59.993,84.595,66.81,0.85,0.989
7,286,basic,180.812,106.134,309.955,190.848,2.025,1.882
7,287,gifted,190.0,174.252,0.0,0.0,,
7,288,basic,185.247,155.426,184.973,157.087,1.536,1.493
7,289,basic,155.899,132.517,0.0,0.0,1.38,
7,291,basic,379.865,250.804,628.514,417.825,2.309,2.307
7,292,basic,564.594,324.777,770.271,447.106,1.485,1.437
7,930,basic,399.459,347.835,825.073,729.773,2.381,2.26
7,935,basic,437.146,300.046,0.0,0.0,1.827,
7,939,basic,217.504,104.901,0.0,0.0,1.65,
7,949,basic,381.499,313.553,0.0,0.0,1.565,
7,955,basic,44.968,42.719,0.0,0.0,2.86,
7,971,gifted,516.363,473.563,704.526,646.131,,
7,972,basic,258.055,185.851,0.0,0.0,1.871,
7,974,basic,87.521,79.7,93.256,84.548,1.212,1.279
7,977,basic,230.979,183.393,231.236,183.481,1.292,1.295
8,103,basic,277.156,256.119,277.151,256.12,1.658,1.658
8,104,basic,142.707,64.056,143.138,64.124,2.57,2.581
8,105,basic,442.437,237.052,442.348,236.966,2.274,2.275
8,105,gifted,180.658,165.639,180.658,165.639,,
8,106,basic,467.947,312.445,468.285,312.564,1.846,1.848
8,106,gifted,116.881,107.163,116.881,107.163,,
8,107,basic,512.396,286.636,510.676,285.877,2.483,2.478
8,109,basic,154.711,115.09,154.673,115.017,2.102,2.104
8,110,basic,396.695,236.069,397.307,236.391,2.128,2.129
8,113,basic,404.654,271.796,404.694,271.697,2.356,2.358
8,113,gifted,136.688,125.324,136.688,125.324,,
8,115,basic,153.515,99.228,153.508,99.224,1.729,1.729
8,117,basic,253.148,175.143,253.808,175.469,2.316,2.321
8,117,gifted,89.551,82.106,89.551,82.106,,
8,118,basic,255.032,150.107,255.177,150.157,2.131,2.133
8,130,basic,658.624,438.147,658.245,438.002,1.715,1.714
8,201,basic,83.143,51.451,82.758,51.227,1.06,1.059
8,202,basic,166.072,83.489,191.269,95.626,1.634,1.67
8,203,basic,258.176,166.824,257.115,166.329,1.292,1.286
8,204,basic,168.386,111.566,365.153,240.469,1.404,1.472
8,207,basic,0.0,0.0,120.357,85.188,,1.055
8,208,basic,198.272,158.792,0.0,0.0,1.295,
8,209,basic,147.036,51.242,241.985,83.36,0.788,0.858
8,210,basic,193.767,80.655,0.0,0.0,1.423,
8,211,basic,73.649,43.26,257.194,162.666,1.131,1.385
8,212,gifted,205.894,188.777,205.894,188.777,,
8,215,basic,120.755,69.448,120.68,69.548,0.905,0.896
8,218,basic,163.124,94.588,215.488,121.785,0.772,0.929
8,220,basic,84.333,65.291,0.0,0.0,1.318,
8,221,basic,157.415,103.583,248.613,164.262,0.947,0.961
8,222,basic,135.542,76.843,169.995,98.924,1.921,1.799
8,225,basic,78.402,38.262,77.406,37.783,1.188,1.187
8,226,basic,264.786,163.504,264.148,164.091,1.36,1.324
8,229,basic,255.286,192.203,0.0,0.0,1.152,
8,230,basic,102.523,64.337,209.71,128.184,1.017,1.195
8,233,basic,277.268,162.452,278.531,163.113,0.826,0.829
8,234,basic,77.126,57.461,0.0,0.0,1.216,
8,235,basic,85.397,51.7,142.129,85.594,1.212,1.271
8,236,basic,52.15,44.527,107.526,86.003,1.028,1.317
8,239,basic,264.945,146.313,0.0,0.0,1.717,
8,241,basic,385.413,129.62,825.801,280.288,1.965,2.291
8,242,basic,154.854,100.398,0.0,0.0,1.217,
8,243,basic,212.397,106.807,290.928,145.377,0.992,1.033
8,244,basic,39.813,36.901,40.275,37.298,1.127,1.151
8,245,basic,319.13,260.389,449.808,359.115,1.21,1.349
8,246,basic,239.587,118.12,398.915,195.212,1.211,1.265
8,247,basic,376.464,125.796,1041.171,343.001,1.636,2.315
8,248,basic,145.39,86.565,0.0,0.0,0.895,
8,249,basic,27.336,19.577,30.868,21.924,0.889,0.94
8,250,basic,87.648,59.774,140.806,97.536,0.964,0.868
8,251,basic,141.272,66.367,169.991,79.252,1.423,1.454
8,252,basic,243.267,158.383,243.219,158.922,1.497,1.477
8,255,basic,88.122,54.44,286.123,170.742,0.833,1.057
8,257,basic,124.581,98.751,417.272,318.358,1.071,1.317
8,259,basic,156.583,106.415,0.0,0.0,1.266,
8,261,basic,176.559,152.995,237.437,195.889,1.098,1.413
8,262,basic,190.399,135.699,341.343,238.804,1.063,1.176
8,264,basic,75.983,34.503,0.0,0.0,0.916,
8,266,basic,104.732,77.676,109.843,81.385,0.928,0.934
8,267,basic,123.075,101.471,138.762,114.134,1.023,1.037
8,268,basic,112.212,106.601,0.0,0.0,1.05,
8,269,basic,108.101,99.821,228.29,205.965,1.034,1.36
8,270,basic,161.947,102.586,530.165,339.584,1.484,1.46
8,272,basic,42.9,40.09,0.0,0.0,1.069,
8,275,basic,96.888,89.15,209.33,190.915,1.19,1.286
8,276,basic,149.493,71.149,317.138,159.745,1.136,1.329
8,277,basic,128.36,77.743,132.086,79.774,1.01,1.027
8,279,basic,100.765,43.093,139.733,59.341,1.002,1.047
8,281,basic,70.519,43.98,148.971,86.465,0.816,1.257
8,282,basic,75.331,51.783,86.165,57.839,0.889,1.032
8,286,basic,172.423,105.432,303.775,189.817,1.793,1.742
8,287,gifted,190.0,174.204,0.0,0.0,,
8,288,basic,190.935,155.33,191.307,156.053,1.365,1.353
8,289,basic,157.926,137.409,0.0,0.0,1.416,
8,291,basic,376.54,263.559,631.639,431.883,2.266,2.384
8,292,basic,562.31,326.842,767.228,438.087,1.55,1.493
8,930,basic,398.778,347.976,824.224,728.828,2.292,2.22
8,935,basic,438.764,301.469,0.0,0.0,1.921,
8,939,basic,214.648,107.92,0.0,0.0,1.764,
8,949,basic,382.328,312.322,0.0,0.0,1.581,
8,955,basic,46.425,44.104,0.0,0.0,2.806,
8,971,gifted,515.112,472.287,703.152,644.694,,
8,972,basic,258.486,189.411,0.0,0.0,1.859,
8,974,basic,89.192,75.859,93.778,79.272,1.245,1.288
8,977,basic,238.351,164.545,238.467,164.586,1.321,1.322
9,103,basic,256.632,235.71,256.636,235.717,1.612,1.612
9,104,basic,122.037,50.101,122.329,50.157,2.479,2.486
9,105,basic,441.307,216.94,441.299,216.897,2.307,2.308
9,105,gifted,176.779,162.574,176.779,162.574,,
9,106,basic,467.532,296.195,467.866,296.281,1.812,1.814
9,106,gifted,117.798,108.332,117.798,108.332,,
9,107,basic,528.369,272.445,526.641,271.748,2.503,2.499
9,109,basic,144.878,103.317,144.765,103.227,2.071,2.072
9,110,basic,400.187,220.413,400.754,220.68,2.111,2.112
9,113,basic,391.78,252.436,391.752,252.358,2.323,2.324
9,113,gifted,135.05,124.198,135.05,124.198,,
9,115,basic,150.549,91.637,150.54,91.632,1.72,1.72
9,117,basic,253.0,164.159,253.63,164.441,2.348,2.353
9,117,gifted,88.821,81.684,88.821,81.684,,
9,118,basic,272.619,147.903,272.841,147.972,2.172,2.174
9,130,basic,667.316,414.154,667.037,414.061,1.684,1.683
9,201,basic,81.453,52.345,81.308,52.163,1.049,1.057
9,202,basic,170.607,86.14,196.191,98.392,1.633,1.674
9,203,basic,245.943,166.054,244.786,165.488,1.283,1.276
9,204,basic,182.59,123.706,383.962,261.937,1.522,1.519
9,207,basic,0.0,0.0,128.595,93.406,,1.094
9,208,basic,206.353,170.11,0.0,0.0,1.275,
9,209,basic,143.422,46.877,235.918,76.233,0.78,0.845
9,210,basic,193.38,78.115,0.0,0.0,1.409,
9,211,basic,74.067,44.966,259.065,163.27,1.105,1.389
9,212,gifted,205.833,189.294,205.833,189.294,,
9,215,basic,117.322,67.481,117.131,67.594,0.87,0.858
9,218,basic,156.631,92.666,207.882,119.584,0.766,0.923
9,220,basic,88.221,71.07,0.0,0.0,1.423,
9,221,basic,163.947,108.032,253.603,169.376,1.03,1.004
9,222,basic,145.449,83.287,180.832,106.614,2.032,1.9
9,225,basic,89.515,42.894,88.701,42.522,1.262,1.26
9,226,basic,258.624,161.849,257.587,162.989,1.354,1.295
9,229,basic,253.129,202.122,0.0,0.0,1.161,
9,230,basic,112.88,73.19,219.771,139.053,1.053,1.21
9,233,basic,285.015,169.23,285.649,169.608,0.844,0.844
9,234,basic,78.567,61.971,0.0,0.0,1.227,
9,235,basic,86.241,53.226,142.315,87.044,1.188,1.263
9,236,basic,54.589,47.87,112.454,91.702,1.114,1.443
9,239,basic,266.939,150.467,0.0,0.0,1.724,
9,241,basic,382.992,123.126,823.032,261.284,1.907,2.238
9,242,basic,156.554,104.673,0.0,0.0,1.231,
9,243,basic,215.334,108.715,294.954,147.803,0.976,1.021
9,244,basic,38.292,35.709,38.893,36.257,1.135,1.164
9,245,basic,319.058,272.781,447.063,374.386,1.257,1.385
9,246,basic,242.406,119.039,404.249,196.149,1.224,1.298
9,247,basic,369.745,117.729,1036.221,313.921,1.573,2.271
9,248,basic,141.447,86.366,0.0,0.0,0.886,
9,249,basic,28.872,21.428,32.187,23.762,0.894,0.926
9,250,basic,85.107,61.184,140.785,102.809,0.956,0.867
9,251,basic,131.082,60.606,158.009,72.172,1.402,1.455
9,252,basic,239.814,164.246,239.827,164.596,1.46,1.449
9,255,basic,88.722,56.396,289.27,177.465,0.851,1.065
9,257,basic,122.954,104.064,419.443,340.406,1.074,1.327
9,259,basic,167.115,118.534,0.0,0.0,1.335,
9,261,basic,173.972,157.751,235.075,203.605,1.092,1.417
9,262,basic,191.284,142.718,346.382,252.999,1.076,1.195
9,264,basic,79.231,34.547,0.0,0.0,0.918,
9,266,basic,101.236,78.979,106.457,82.912,0.913,0.922
9,267,basic,122.99,107.019,138.438,120.104,1.02,1.037
9,268,basic,107.493,102.118,0.0,0.0,1.068,
9,269,basic,102.41,95.813,220.863,206.086,1.107,1.417
9,270,basic,161.199,106.89,532.97,357.798,1.495,1.471
9,272,basic,41.667,39.273,0.0,0.0,1.03,
9,275,basic,90.983,85.321,200.582,187.696,1.195,1.295
9,276,basic,152.867,71.581,322.089,154.903,1.12,1.329
9,277,basic,128.083,80.193,131.586,82.165,1.019,1.033
9,279,basic,107.564,44.697,145.102,59.98,1.009,1.041
9,281,basic,69.24,44.66,145.99,87.359,0.818,1.242
9,282,basic,78.819,56.98,90.755,63.909,0.908,1.054
9,286,basic,184.253,109.702,315.648,194.884,2.039,1.912
9,287,gifted,190.0,174.733,0.0,0.0,,
9,288,basic,186.043,158.756,186.065,159.484,1.412,1.393
9,289,basic,159.873,141.406,0.0,0.0,1.397,
9,291,basic,375.232,263.041,625.168,434.192,2.317,2.383
9,292,basic,567.376,324.565,773.697,438.436,1.531,1.474
9,930,basic,398.737,357.744,824.201,747.431,2.361,2.273
9,935,basic,438.027,307.26,0.0,0.0,1.897,
9,939,basic,220.323,106.277,0.0,0.0,1.748,
9,949,basic,378.747,317.59,0.0,0.0,1.564,
9,955,basic,47.659,45.276,0.0,0.0,2.722,
9,971,gifted,516.16,474.684,704.257,647.667,,
9,972,basic,265.277,197.612,0.0,0.0,1.868,
9,974,basic,87.988,79.377,93.201,83.589,1.212,1.271
9,977,basic,244.099,177.68,242.557,176.769,1.33,1.323
10,103,basic,270.05,224.811,270.08,224.833,1.632,1.632
10,104,basic,140.262,54.645,140.413,54.69,2.578,2.579
10,105,basic,421.996,198.17,422.034,198.16,2.315,2.316
10,105,gifted,174.202,160.158,174.202,160.158,,
10,106,basic,477.189,278.904,477.507,278.963,1.793,1.796
10,106,gifted,118.764,109.189,118.764,109.189,,
10,107,basic,528.19,257.103,526.435,256.427,2.521,2.516
10,109,basic,153.312,96.614,153.056,96.5,2.143,2.14
10,110,basic,409.231,203.675,409.349,203.718,2.179,2.18
10,113,basic,391.46,228.173,391.39,228.117,2.377,2.377
10,113,gifted,136.423,125.425,136.423,125.425,,
10,115,basic,159.393,90.888,159.387,90.884,1.724,1.724
10,117,basic,261.912,151.691,261.868,151.65,2.374,2.375
10,117,gifted,90.379,83.093,90.379,83.093,,
10,118,basic,276.933,142.082,277.128,142.138,2.139,2.141
10,130,basic,660.696,370.672,660.637,370.654,1.705,1.705
10,201,basic,78.108,53.08,77.899,52.878,1.074,1.079
10,202,basic,170.972,92.189,196.559,105.538,1.736,1.765
10,203,basic,270.465,190.397,269.377,189.86,1.325,1.318
10,204,basic,172.022,124.052,371.716,267.268,1.421,1.472
10,207,basic,0.0,0.0,126.041,92.515,,1.075
10,208,basic,206.036,164.138,0.0,0.0,1.236,
10,209,basic,148.196,56.001,241.875,90.346,0.782,0.851
10,210,basic,192.517,85.824,0.0,0.0,1.391,
10,211,basic,71.855,46.783,259.85,165.643,1.114,1.369
10,212,gifted,205.742,189.156,205.742,189.156,,
10,215,basic,124.862,73.742,124.498,73.853,0.984,0.965
10,218,basic,157.969,100.48,210.714,130.462,0.768,0.928
10,220,basic,84.206,69.262,0.0,0.0,1.371,
10,221,basic,157.632,106.507,246.136,167.76,0.984,0.977
10,222,basic,154.036,90.808,188.697,114.996,2.182,2.018
10,225,basic,89.1,47.501,88.116,46.997,1.191,1.188
10,226,basic,256.98,162.761,255.773,163.657,1.357,1.299
10,229,basic,245.219,200.524,0.0,0.0,1.157,
10,230,basic,105.125,73.145,211.385,143.256,1.027,1.201
10,233,basic,281.776,178.794,282.831,179.422,0.841,0.842
10,234,basic,78.224,63.95,0.0,0.0,1.18,
10,235,basic,79.139,50.442,134.322,85.051,1.224,1.291
10,236,basic,51.354,45.542,109.491,87.985,0.994,1.446
10,239,basic,272.232,164.452,0.0,0.0,1.732,
10,241,basic,384.381,140.347,823.955,289.485,1.944,2.232
10,242,basic,154.43,108.329,0.0,0.0,1.221,
10,243,basic,221.742,122.67,301.278,165.534,0.972,1.015
10,244,basic,36.876,34.316,37.339,34.74,1.139,1.164
10,245,basic,320.476,271.541,450.793,373.794,1.234,1.372
10,246,basic,241.755,131.184,401.971,215.314,1.185,1.267
10,247,basic,366.65,132.911,1031.548,342.669,1.634,2.287
10,248,basic,145.594,95.656,0.0,0.0,0.894,
10,249,basic,28.236,21.606,31.777,24.147,0.886,0.928
10,250,basic,84.821,64.187,138.466,106.403,0.967,0.875
10,251,basic,124.157,61.852,150.909,74.242,1.359,1.417
10,252,basic,240.494,169.931,240.58,170.295,1.424,1.415
10,255,basic,88.823,60.5,288.295,189.94,0.858,1.069
10,257,basic,123.286,104.737,416.676,340.095,1.079,1.331
10,259,basic,167.391,125.132,0.0,0.0,1.325,
10,261,basic,173.375,157.582,232.762,202.579,1.07,1.383
10,262,basic,187.25,143.719,337.357,254.215,1.085,1.193
10,264,basic,78.555,37.015,0.0,0.0,0.906,
10,266,basic,103.817,82.017,109.094,86.04,0.902,0.911
10,267,basic,118.64,102.69,134.018,115.775,1.037,1.049
10,268,basic,105.681,100.397,0.0,0.0,1.068,
10,269,basic,100.414,93.718,218.704,203.038,1.085,1.392
10,270,basic,160.663,111.908,536.532,380.332,1.545,1.49
10,272,basic,42.85,40.299,0.0,0.0,1.051,
10,275,basic,95.7,89.28,204.905,190.362,1.194,1.297
10,276,basic,147.168,74.075,317.041,157.2,1.142,1.323
10,277,basic,128.681,86.18,132.202,88.326,1.034,1.048
10,279,basic,106.803,49.586,146.514,67.709,1.017,1.046
10,281,basic,64.664,44.737,141.453,90.88,0.821,1.263
10,282,basic,75.941,58.325,87.778,65.69,0.89,1.041
10,286,basic,176.823,110.007,306.521,195.209,1.865,1.809
10,287,gifted,190.0,174.683,0.0,0.0,,
10,288,basic,191.708,166.085,191.795,166.782,1.363,1.347
10,289,basic,153.858,129.695,0.0,0.0,1.373,
10,291,basic,375.986,253.212,626.159,421.486,2.314,2.353
10,292,basic,567.094,330.29,775.356,453.2,1.504,1.459
10,930,basic,398.562,354.85,824.14,740.626,2.341,2.25
10,935,basic,437.963,301.137,0.0,0.0,1.888,
10,939,basic,216.069,107.129,0.0,0.0,1.748,
10,949,basic,378.21,309.925,0.0,0.0,1.563,
10,955,basic,45.787,43.497,0.0,0.0,2.805,
10,971,gifted,515.342,473.797,703.332,646.631,,
10,972,basic,258.262,186.144,0.0,0.0,1.879,
10,974,basic,88.807,80.736,94.187,85.181,1.211,1.278
10,977,basic,237.933,181.568,237.208,181.126,1.329,1.325
11,103,basic,270.27,248.413,270.253,248.405,1.636,1.636
11,104,basic,121.193,50.652,121.452,50.696,2.27,2.277
11,105,basic,433.019,212.762,432.915,212.682,2.271,2.272
11,105,gifted,181.135,166.378,181.135,166.378,,
11,106,basic,451.207,283.747,451.467,283.824,1.765,1.767
11,106,gifted,115.811,106.376,115.811,106.376,,
11,107,basic,520.356,267.165,518.597,266.43,2.549,2.545
11,109,basic,160.552,113.338,160.415,113.226,2.105,2.106
11,110,basic,393.4,208.495,393.916,208.727,2.114,2.115
11,113,basic,392.717,253.278,392.727,253.203,2.332,2.333
11,113,gifted,134.733,123.756,134.733,123.756,,
11,115,basic,136.888,82.17,136.887,82.17,1.739,1.739
11,117,basic,253.851,163.495,254.249,163.662,2.315,2.319
11,117,gifted,89.296,82.02,89.296,82.02,,
11,118,basic,254.599,138.903,254.694,138.926,2.081,2.083
11,130,basic,668.845,395.833,668.611,395.759,1.753,1.752
11,201,basic,72.711,47.319,72.983,47.369,1.043,1.059
11,202,basic,173.481,87.873,199.085,100.253,1.723,1.764
11,203,basic,259.453,178.684,258.281,178.083,1.281,1.274
11,204,basic,165.931,117.525,363.847,257.099,1.436,1.481
11,207,basic,0.0,0.0,126.297,89.942,,1.139
11,208,basic,207.962,171.5,0.0,0.0,1.264,
11,209,basic,148.796,46.18,245.094,75.288,0.789,0.855
11,210,basic,190.395,74.711,0.0,0.0,1.409,
11,211,basic,81.845,50.161,263.126,167.147,1.118,1.354
11,212,gifted,205.766,189.001,205.766,189.001,,
11,215,basic,117.495,65.453,117.289,65.549,0.912,0.897
11,218,basic,157.453,92.405,208.094,119.356,0.766,0.914
11,220,basic,92.399,76.528,0.0,0.0,1.427,
11,221,basic,165.998,106.322,257.557,167.472,1.059,1.015
11,222,basic,140.053,81.746,173.668,104.637,2.166,1.993
11,225,basic,86.4,41.625,85.28,41.101,1.212,1.21
11,226,basic,248.402,154.192,247.379,154.33,1.271,1.24
11,229,basic,247.446,201.839,0.0,0.0,1.159,
11,230,basic,111.607,74.043,219.536,141.968,1.017,1.199
11,233,basic,279.937,164.685,280.9,165.21,0.844,0.845
11,234,basic,77.181,62.397,0.0,0.0,1.249,
11,235,basic,84.358,51.328,140.601,85.248,1.233,1.282
11,236,basic,52.193,46.261,107.615,89.09,1.082,1.423
11,239,basic,282.107,162.502,0.0,0.0,1.749,
11,241,basic,386.291,121.906,826.918,258.745,1.95,2.258
11,242,basic,161.347,109.513,0.0,0.0,1.225,
11,243,basic,217.247,107.981,295.823,146.22,1.0,1.038
11,244,basic,38.01,35.627,38.507,36.069,1.128,1.159
11,245,basic,316.633,272.974,442.327,374.94,1.243,1.361
11,246,basic,231.246,113.976,392.312,191.193,1.196,1.276
11,247,basic,370.394,113.982,1035.166,306.343,1.646,2.307
11,248,basic,145.101,89.234,0.0,0.0,0.882,
11,249,basic,26.537,19.796,29.779,22.06,0.89,0.935
11,250,basic,85.51,62.488,141.124,104.753,0.971,0.87
11,251,basic,135.064,60.448,162.667,71.973,1.429,1.483
11,252,basic,240.876,166.753,240.865,167.059,1.433,1.422
11,255,basic,87.696,56.357,284.441,177.008,0.835,1.053
11,257,basic,122.825,104.68,415.796,342.187,1.085,1.324
11,259,basic,167.469,123.566,0.0,0.0,1.291,
11,261,basic,178.21,163.734,237.176,210.434,1.089,1.399
11,262,basic,188.162,141.887,337.568,250.127,1.076,1.188
11,264,basic,80.634,33.172,0.0,0.0,0.948,
11,266,basic,109.531,84.608,114.861,88.636,0.933,0.939
11,267,basic,115.221,101.065,130.245,113.994,1.031,1.045
11,268,basic,109.983,104.484,0.0,0.0,1.068,
11,269,basic,102.067,96.189,221.741,209.24,1.029,1.393
11,270,basic,162.559,110.692,526.198,363.844,1.559,1.502
11,272,basic,41.165,38.905,0.0,0.0,1.061,
11,275,basic,93.828,88.44,203.263,191.853,1.198,1.295
11,276,basic,151.025,68.008,319.057,147.966,1.161,1.333
11,277,basic,122.662,77.587,126.249,79.646,1.021,1.038
11,279,basic,105.553,42.644,145.407,58.452,1.02,1.055
11,281,basic,68.88,44.922,144.67,88.246,0.808,1.239
11,282,basic,76.92,57.329,87.835,63.991,0.857,1.001
11,286,basic,176.676,106.307,306.166,189.906,2.031,1.917
11,287,gifted,190.0,174.52,0.0,0.0,,
11,288,basic,192.156,168.25,192.253,168.858,1.406,1.391
11,289,basic,157.561,143.266,0.0,0.0,1.381,
11,291,basic,376.855,266.293,629.107,440.388,2.413,2.476
11,292,basic,561.013,322.138,766.359,435.311,1.5,1.457
11,930,basic,399.471,369.201,824.972,766.924,2.394,2.297
11,935,basic,437.77,314.862,0.0,0.0,1.887,
11,939,basic,219.541,103.557,0.0,0.0,1.802,
11,949,basic,378.379,327.553,0.0,0.0,1.583,
11,955,basic,44.239,42.027,0.0,0.0,2.785,
11,971,gifted,515.443,473.448,703.478,646.164,,
11,972,basic,261.951,199.54,0.0,0.0,1.865,
11,974,basic,86.371,78.96,90.385,82.547,1.306,1.346
11,977,basic,239.611,180.066,239.315,179.91,1.345,1.343
12,103,basic,273.295,250.466,273.302,250.474,1.659,1.659
12,104,basic,130.001,54.199,130.243,54.237,2.304,2.309
12,105,basic,452.239,216.582,452.203,216.533,2.333,2.334
12,105,gifted,180.266,165.378,180.266,165.378,,
12,106,basic,456.054,292.78,456.285,292.833,1.736,1.737
12,106,gifted,116.829,107.18,116.829,107.18,,
12,107,basic,507.525,258.158,505.779,257.467,2.484,2.48
12,109,basic,150.01,105.6,149.867,105.493,2.145,2.145
12,110,basic,397.812,219.4,398.228,219.591,2.121,2.122
12,113,basic,391.931,247.719,391.946,247.638,2.346,2.348
12,113,gifted,134.972,123.824,134.972,123.824,,
12,115,basic,146.264,88.268,146.261,88.266,1.725,1.725
12,117,basic,264.783,172.887,265.152,173.036,2.327,2.33
12,117,gifted,90.441,82.971,90.441,82.971,,
12,118,basic,278.671,151.17,278.825,151.21,2.113,2.114
12,130,basic,666.213,416.716,666.011,416.637,1.72,1.719
12,201,basic,74.471,49.018,75.651,49.388,0.959,0.997
12,202,basic,176.298,86.78,202.505,98.742,1.752,1.803
12,203,basic,252.331,170.187,250.982,169.645,1.313,1.302
12,204,basic,167.693,116.791,365.244,253.481,1.396,1.45
12,207,basic,0.0,0.0,119.057,88.68,,1.125
12,208,basic,206.1,172.896,0.0,0.0,1.246,
12,209,basic,156.579,51.97,249.582,81.934,0.788,0.844
12,210,basic,192.346,78.778,0.0,0.0,1.396,
12,211,basic,77.188,46.802,267.992,168.266,1.131,1.379
12,212,gifted,205.925,188.918,205.925,188.918,,
12,215,basic,122.393,71.259,121.361,71.632,0.97,0.92
12,218,basic,156.002,93.425,208.569,121.3,0.775,0.925
12,220,basic,91.929,72.555,0.0,0.0,1.538,
12,221,basic,163.64,112.368,255.306,176.804,1.0,1.002
12,222,basic,145.291,76.918,177.791,98.358,2.373,2.168
12,225,basic,82.371,39.708,80.999,39.097,1.256,1.25
12,226,basic,253.429,164.108,251.684,166.076,1.339,1.249
12,229,basic,242.381,195.921,0.0,0.0,1.162,
12,230,basic,101.06,66.767,209.104,133.177,0.971,1.176
12,233,basic,279.654,169.557,280.022,169.812,0.828,0.827
12,234,basic,72.613,58.201,0.0,0.0,1.198,
12,235,basic,81.612,51.113,136.878,85.174,1.228,1.29
12,236,basic,50.852,45.053,107.72,86.013,1.074,1.534
12,239,basic,282.809,157.939,0.0,0.0,1.758,
12,241,basic,386.697,123.334,824.378,261.279,1.926,2.179
12,242,basic,162.838,110.253,0.0,0.0,1.24,
12,243,basic,213.68,108.671,293.105,147.883,0.982,1.025
12,244,basic,35.895,33.124,36.36,33.648,1.205,1.209
12,245,basic,322.391,281.386,457.458,389.852,1.272,1.413
12,246,basic,217.686,109.76,375.045,185.837,1.118,1.212
12,247,basic,368.743,116.138,1034.758,308.058,1.634,2.297
12,248,basic,147.418,91.055,0.0,0.0,0.883,
12,249,basic,27.619,20.846,30.539,23.007,0.947,0.962
12,250,basic,84.285,60.964,136.818,100.631,0.953,0.866
12,251,basic,138.324,64.905,167.303,76.85,1.429,1.51
12,252,basic,243.137,168.96,243.028,169.513,1.426,1.408
12,255,basic,86.235,55.05,277.502,171.844,0.869,1.04
12,257,basic,127.071,109.326,424.55,349.771,1.074,1.319
12,259,basic,159.264,114.232,0.0,0.0,1.265,
12,261,basic,173.725,158.434,235.747,204.972,1.081,1.41
12,262,basic,186.683,141.957,339.342,251.882,1.065,1.189
12,264,basic,79.706,35.973,0.0,0.0,0.936,
12,266,basic,107.465,86.166,112.843,90.353,0.916,0.922
12,267,basic,122.019,108.997,137.685,122.778,1.057,1.067
12,268,basic,110.205,104.695,0.0,0.0,1.079,
12,269,basic,108.627,101.539,229.24,214.289,1.094,1.419
12,270,basic,166.393,107.721,530.439,351.044,1.574,1.51
12,272,basic,42.528,40.027,0.0,0.0,1.052,
12,275,basic,98.639,92.442,211.774,198.167,1.196,1.29
12,276,basic,150.212,71.949,318.266,156.186,1.123,1.315
12,277,basic,133.124,83.511,136.34,85.291,1.024,1.038
12,279,basic,100.594,42.302,136.531,57.087,1.003,1.035
12,281,basic,64.544,42.17,132.56,80.157,0.795,1.19
12,282,basic,73.783,54.05,84.622,60.224,0.857,1.0
12,286,basic,181.518,110.057,312.581,196.438,2.021,1.914
12,287,gifted,190.0,174.308,0.0,0.0,,
12,288,basic,183.225,153.346,182.842,154.67,1.504,1.461
12,289,basic,152.415,133.687,0.0,0.0,1.36,
12,291,basic,383.426,258.468,633.317,429.154,2.506,2.492
12,292,basic,564.888,325.651,769.918,439.442,1.487,1.442
12,930,basic,400.034,350.394,825.591,736.217,2.407,2.281
12,935,basic,437.259,305.458,0.0,0.0,1.834,
12,939,basic,219.742,106.474,0.0,0.0,1.767,
12,949,basic,377.302,314.905,0.0,0.0,1.54,
12,955,basic,43.863,41.669,0.0,0.0,2.757,
12,971,gifted,515.495,472.92,703.439,645.342,,
12,972,basic,260.539,190.859,0.0,0.0,1.905,
12,974,basic,85.242,76.724,92.115,82.175,1.179,1.257
12,977,basic,246.182,178.813,243.632,177.449,1.345,1.331
13,103,basic,273.312,233.068,273.344,233.093,1.598,1.598
13,104,basic,144.889,66.575,145.099,66.631,2.509,2.512
13,105,basic,447.839,235.721,447.84,235.683,2.327,2.328
13,105,gifted,178.968,164.126,178.968,164.126,,
13,106,basic,459.81,296.775,460.156,296.851,1.797,1.8
13,106,gifted,116.43,106.774,116.43,106.774,,
13,107,basic,506.839,273.863,505.036,273.102,2.477,2.472
13,109,basic,147.291,98.929,147.104,98.833,2.133,2.132
13,110,basic,397.28,228.96,397.555,229.085,2.122,2.123
13,113,basic,398.14,247.366,398.1,247.304,2.359,2.36
13,113,gifted,137.444,126.045,137.444,126.045,,
13,115,basic,161.825,102.489,161.816,102.484,1.729,1.729
13,117,basic,265.503,167.308,265.665,167.354,2.34,2.342
13,117,gifted,90.262,82.776,90.262,82.776,,
13,118,basic,274.537,157.501,274.736,157.561,2.13,2.132
13,130,basic,652.772,418.151,652.636,418.094,1.711,1.71
13,201,basic,85.258,56.071,84.83,55.808,1.019,1.017
13,202,basic,168.354,90.028,193.734,102.663,1.644,1.694
13,203,basic,248.714,165.192,247.63,164.688,1.285,1.279
13,204,basic,184.861,123.631,383.869,254.954,1.386,1.457
13,207,basic,0.0,0.0,126.03,89.442,,1.071
13,208,basic,205.961,159.318,0.0,0.0,1.249,
13,209,basic,149.019,65.905,242.535,105.794,0.769,0.84
13,210,basic,192.766,92.202,0.0,0.0,1.399,
13,211,basic,76.704,48.454,261.698,169.586,1.103,1.364
13,212,gifted,205.748,188.684,205.748,188.684,,
13,215,basic,120.418,74.81,120.261,74.954,0.884,0.873
13,218,basic,159.19,101.814,211.357,131.089,0.764,0.92
13,220,basic,87.139,64.443,0.0,0.0,1.353,
13,221,basic,161.007,109.177,249.74,170.286,0.948,0.959
13,222,basic,140.5,79.478,174.904,101.961,1.932,1.81
13,225,basic,76.378,41.727,75.343,41.187,1.171,1.168
13,226,basic,251.514,159.748,250.413,160.962,1.293,1.236
13,229,basic,255.554,191.799,0.0,0.0,1.132,
13,230,basic,114.687,76.091,223.886,144.226,1.021,1.191
13,233,basic,281.124,179.211,282.124,179.81,0.839,0.84
13,234,basic,74.874,55.857,0.0,0.0,1.153,
13,235,basic,85.658,54.224,141.591,88.75,1.181,1.258
13,236,basic,55.349,45.166,114.402,85.509,1.052,1.394
13,239,basic,280.861,159.646,0.0,0.0,1.765,
13,241,basic,384.788,153.305,824.444,321.349,1.887,2.205
13,242,basic,159.583,106.531,0.0,0.0,1.211,
13,243,basic,219.874,124.948,299.834,169.061,0.982,1.025
13,244,basic,36.158,32.871,36.728,33.323,1.088,1.111
13,245,basic,325.96,254.158,461.067,350.608,1.229,1.364
13,246,basic,223.577,123.471,380.277,207.495,1.169,1.238
13,247,basic,372.028,150.587,1037.702,392.973,1.58,2.265
13,248,basic,144.773,93.361,0.0,0.0,0.894,
13,249,basic,29.601,21.609,32.98,23.923,0.891,0.925
13,250,basic,81.36,57.6,134.811,97.326,0.973,0.872
13,251,basic,127.482,66.529,154.424,79.403,1.374,1.434
13,252,basic,234.856,155.476,234.969,155.798,1.437,1.429
13,255,basic,87.942,58.244,284.87,181.907,0.858,1.057
13,257,basic,121.275,94.457,416.433,310.385,1.08,1.32
13,259,basic,155.519,107.259,0.0,0.0,1.271,
13,261,basic,176.894,147.75,236.36,186.544,1.061,1.358
13,262,basic,186.306,134.772,335.421,237.286,1.059,1.172
13,264,basic,82.499,43.184,0.0,0.0,0.916,
13,266,basic,108.009,81.597,113.294,85.45,0.884,0.891
13,267,basic,114.561,91.672,129.476,103.293,1.021,1.037
13,268,basic,109.502,104.019,0.0,0.0,1.065,
13,269,basic,107.565,96.192,228.701,194.473,0.998,1.332
13,270,basic,171.842,110.191,541.813,351.827,1.501,1.483
13,272,basic,43.296,39.826,0.0,0.0,1.043,
13,275,basic,95.651,85.226,204.115,178.694,1.122,1.228
13,276,basic,150.292,80.681,318.25,174.066,1.127,1.322
13,277,basic,123.851,80.272,127.842,82.56,1.019,1.037
13,279,basic,104.639,52.647,143.738,71.808,1.003,1.041
13,281,basic,69.566,46.736,149.205,91.965,0.815,1.256
13,282,basic,77.926,55.951,89.137,62.282,0.882,1.018
13,286,basic,180.177,105.506,310.033,187.163,1.873,1.797
13,287,gifted,190.0,174.242,0.0,0.0,,
13,288,basic,185.675,143.491,185.695,144.372,1.373,1.35
13,289,basic,152.654,124.976,0.0,0.0,1.363,
13,291,basic,373.912,240.009,622.692,395.615,2.269,2.322
13,292,basic,563.229,338.784,768.976,459.083,1.507,1.457
13,930,basic,399.007,315.417,824.436,662.08,2.269,2.188
13,935,basic,437.799,289.976,0.0,0.0,1.856,
13,939,basic,221.07,116.426,0.0,0.0,1.738,
13,949,basic,378.469,293.228,0.0,0.0,1.556,
13,955,basic,45.777,43.457,0.0,0.0,2.813,
13,971,gifted,515.616,472.853,703.733,645.369,,
13,972,basic,265.398,183.511,0.0,0.0,1.838,
13,974,basic,87.37,72.189,92.971,75.897,1.162,1.228
13,977,basic,243.487,169.71,244.174,169.985,1.308,1.314
14,103,basic,260.745,213.53,260.747,213.538,1.58,1.58
14,104,basic,140.631,60.102,140.973,60.153,2.324,2.33
14,105,basic,446.546,214.801,446.503,214.739,2.267,2.268
14,105,gifted,178.801,164.454,178.801,164.454,,
14,106,basic,449.962,269.821,450.341,269.905,1.773,1.775
14,106,gifted,115.9,106.6,115.9,106.6,,
14,107,basic,518.604,254.83,516.846,254.208,2.449,2.445
14,109,basic,149.724,95.272,149.647,95.203,2.02,2.021
14,110,basic,391.498,201.544,392.051,201.774,2.103,2.104
14,113,basic,393.636,228.384,393.632,228.313,2.288,2.289
14,113,gifted,134.709,123.899,134.709,123.899,,
14,115,basic,147.202,87.241,147.196,87.238,1.715,1.715
14,117,basic,255.203,146.492,255.737,146.675,2.305,2.309
14,117,gifted,89.277,82.113,89.277,82.113,,
14,118,basic,273.058,143.341,273.236,143.381,2.113,2.115
14,130,basic,677.729,398.018,677.476,397.961,1.676,1.675
14,201,basic,78.289,54.08,77.5,53.631,1.035,1.027
14,202,basic,173.779,96.536,200.124,110.023,1.558,1.604
14,203,basic,265.281,184.222,264.279,183.76,1.31,1.305
14,204,basic,179.181,126.543,379.985,265.828,1.363,1.442
14,207,basic,0.0,0.0,117.339,84.696,,1.124
14,208,basic,202.815,160.222,0.0,0.0,1.2,
14,209,basic,150.422,66.644,243.954,106.335,0.769,0.836
14,210,basic,192.858,92.213,0.0,0.0,1.346,
14,211,basic,73.978,49.499,256.447,167.91,1.084,1.338
14,212,gifted,205.787,189.275,205.787,189.275,,
14,215,basic,113.763,73.739,113.687,73.835,0.839,0.834
14,218,basic,158.997,107.422,211.03,137.357,0.762,0.915
14,220,basic,90.298,69.277,0.0,0.0,1.413,
14,221,basic,161.46,112.146,252.982,176.698,0.943,0.962
14,222,basic,139.699,85.34,176.487,110.336,1.717,1.647
14,225,basic,80.837,45.381,79.806,44.825,1.164,1.162
14,226,basic,263.024,168.845,262.262,170.533,1.274,1.225
14,229,basic,253.63,203.83,0.0,0.0,1.117,
14,230,basic,108.97,76.683,215.674,146.587,1.031,1.198
14,233,basic,277.887,186.401,278.458,186.76,0.828,0.829
14,234,basic,75.801,61.236,0.0,0.0,1.1,
14,235,basic,81.262,53.277,137.412,88.841,1.154,1.239
14,236,basic,52.569,44.527,108.452,85.555,1.041,1.306
14,239,basic,277.725,165.329,0.0,0.0,1.671,
14,241,basic,382.926,149.723,822.555,305.843,1.832,2.134
14,242,basic,160.404,112.74,0.0,0.0,1.206,
14,243,basic,221.407,130.753,302.082,176.416,0.965,1.015
14,244,basic,36.942,33.873,37.49,34.319,1.086,1.11
14,245,basic,320.543,262.514,455.0,361.026,1.205,1.348
14,246,basic,236.618,134.368,396.07,221.685,1.172,1.24
14,247,basic,369.468,147.696,1034.999,368.378,1.529,2.184
14,248,basic,147.199,100.976,0.0,0.0,0.889,
14,249,basic,28.171,21.827,31.459,24.189,0.893,0.926
14,250,basic,85.386,65.27,141.455,110.642,0.951,0.854
14,251,basic,128.742,67.103,155.658,79.947,1.336,1.389
14,252,basic,229.657,160.561,229.781,160.838,1.327,1.322
14,255,basic,84.825,59.813,280.852,189.618,0.862,1.058
14,257,basic,122.058,100.879,419.631,328.468,1.073,1.32
14,259,basic,161.82,118.327,0.0,0.0,1.291,
14,261,basic,169.024,149.007,226.615,187.788,1.034,1.321
14,262,basic,191.714,146.978,346.094,258.721,1.06,1.164
14,264,basic,80.576,41.878,0.0,0.0,0.927,
14,266,basic,108.941,86.753,114.32,90.815,0.887,0.897
14,267,basic,113.145,96.675,128.101,109.008,1.01,1.027
14,268,basic,111.142,105.584,0.0,0.0,1.06,
14,269,basic,108.374,98.845,229.087,201.487,1.021,1.355
14,270,basic,144.187,99.965,503.985,349.957,1.386,1.426
14,272,basic,43.343,40.263,0.0,0.0,1.04,
14,275,basic,93.132,84.543,201.818,180.911,1.149,1.241
14,276,basic,146.384,79.119,313.771,167.216,1.121,1.301
14,277,basic,128.712,88.6,132.716,90.973,1.01,1.027
14,279,basic,98.15,50.406,135.633,68.947,0.981,1.025
14,281,basic,69.184,49.944,146.96,95.663,0.802,1.23
14,282,basic,77.84,60.23,89.506,66.986,0.893,1.028
14,286,basic,183.561,108.884,313.393,191.006,1.807,1.754
14,287,gifted,190.0,174.754,0.0,0.0,,
14,288,basic,182.191,148.591,182.281,149.42,1.351,1.335
14,289,basic,154.732,128.589,0.0,0.0,1.319,
14,291,basic,382.027,236.294,634.045,389.329,2.297,2.341
14,292,basic,563.513,335.508,769.525,460.06,1.487,1.438
14,930,basic,399.094,324.134,824.452,682.78,2.243,2.154
14,935,basic,437.773,291.635,0.0,0.0,1.783,
14,939,basic,220.655,113.192,0.0,0.0,1.676,
14,949,basic,377.559,299.735,0.0,0.0,1.505,
14,955,basic,45.762,43.464,0.0,0.0,2.795,
14,971,gifted,515.794,474.405,703.96,647.473,,
14,972,basic,260.443,180.651,0.0,0.0,1.796,
14,974,basic,88.014,77.656,93.233,81.407,1.15,1.212
14,977,basic,238.105,178.183,239.242,178.601,1.278,1.288
15,103,basic,265.894,233.132,265.912,233.153,1.649,1.648
15,104,basic,141.947,61.014,142.17,61.055,2.206,2.211
15,105,basic,425.358,209.009,425.308,208.951,2.299,2.3
15,105,gifted,177.443,162.988,177.443,162.988,,
15,106,basic,455.248,281.224,455.5,281.288,1.739,1.741
15,106,gifted,116.579,107.083,116.579,107.083,,
15,107,basic,502.203,255.987,500.399,255.251,2.516,2.511
15,109,basic,148.063,98.902,147.906,98.797,2.113,2.113
15,110,basic,382.068,197.916,382.499,198.102,2.109,2.11
15,113,basic,392.584,244.299,392.57,244.227,2.33,2.331
15,113,gifted,136.371,125.263,136.371,125.263,,
15,115,basic,146.579,87.522,146.576,87.52,1.732,1.732
15,117,basic,256.171,156.175,256.541,156.314,2.333,2.336
15,117,gifted,89.652,82.349,89.652,82.349,,
15,118,basic,264.536,142.514,264.681,142.553,2.103,2.105
15,130,basic,666.459,384.522,666.229,384.444,1.725,1.724
15,201,basic,80.3,54.209,80.56,54.244,0.999,1.012
15,202,basic,173.322,91.474,199.107,104.349,1.697,1.741
15,203,basic,250.885,174.942,249.667,174.303,1.293,1.285
15,204,basic,171.685,121.249,373.391,264.26,1.471,1.491
15,207,basic,0.0,0.0,125.257,87.61,,1.155
15,208,basic,205.634,165.129,0.0,0.0,1.258,
15,209,basic,153.011,53.558,244.324,84.669,0.784,0.844
15,210,basic,192.371,80.636,0.0,0.0,1.405,
15,211,basic,75.087,47.869,257.014,166.125,1.107,1.358
15,212,gifted,205.643,188.892,205.643,188.892,,
15,215,basic,120.386,68.873,120.152,69.018,0.889,0.872
15,218,basic,157.061,96.72,209.816,125.727,0.767,0.93
15,220,basic,91.881,74.157,0.0,0.0,1.447,
15,221,basic,168.507,107.41,258.961,167.657,1.064,1.023
15,222,basic,147.438,86.625,182.238,110.576,2.133,1.973
15,225,basic,83.873,42.69,82.828,42.176,1.229,1.226
15,226,basic,264.792,161.28,263.984,162.21,1.328,1.277
15,229,basic,251.779,204.123,0.0,0.0,1.15,
15,230,basic,104.569,71.766,210.947,141.011,1.01,1.185
15,233,basic,281.644,173.072,282.391,173.491,0.824,0.825
15,234,basic,72.744,58.823,0.0,0.0,1.198,
15,235,basic,88.472,54.605,145.085,88.953,1.206,1.272
15,236,basic,51.819,44.943,107.906,86.719,1.067,1.404
15,239,basic,277.354,163.386,0.0,0.0,1.754,
15,241,basic,386.347,133.025,826.73,278.782,1.938,2.234
15,242,basic,160.615,109.874,0.0,0.0,1.242,
15,243,basic,212.618,112.749,290.38,153.066,0.987,1.025
15,244,basic,36.64,34.248,37.162,34.715,1.1,1.13
15,245,basic,323.754,269.104,454.858,370.399,1.239,1.37
15,246,basic,241.863,126.308,400.324,206.592,1.187,1.264
15,247,basic,372.047,126.573,1037.944,332.042,1.628,2.291
15,248,basic,148.51,95.181,0.0,0.0,0.888,
15,249,basic,29.313,21.884,32.539,24.145,0.887,0.924
15,250,basic,86.642,64.637,139.828,106.061,0.982,0.881
15,251,basic,137.368,64.331,164.946,76.312,1.395,1.451
15,252,basic,251.122,171.965,251.114,172.169,1.488,1.481
15,255,basic,86.209,57.551,279.758,181.003,0.847,1.046
15,257,basic,120.527,101.492,412.699,333.254,1.057,1.323
15,259,basic,164.218,121.872,0.0,0.0,1.328,
15,261,basic,179.961,163.249,239.386,208.083,1.071,1.379
15,262,basic,187.233,141.345,338.721,251.082,1.079,1.187
15,264,basic,78.641,34.371,0.0,0.0,0.923,
15,266,basic,102.271,78.718,107.336,82.506,0.908,0.915
15,267,basic,116.763,99.449,131.928,112.082,1.022,1.037
15,268,basic,109.452,103.98,0.0,0.0,1.065,
15,269,basic,107.666,100.432,226.478,210.22,1.115,1.415
15,270,basic,164.048,113.699,535.532,376.471,1.536,1.495
15,272,basic,40.793,38.478,0.0,0.0,1.05,
15,275,basic,91.303,85.545,197.299,183.892,1.139,1.266
15,276,basic,152.975,72.876,323.564,155.446,1.132,1.324
15,277,basic,125.249,82.427,128.636,84.416,1.017,1.033
15,279,basic,102.938,45.317,140.343,61.42,1.005,1.043
15,281,basic,63.051,42.753,137.831,86.775,0.817,1.264
15,282,basic,72.9,55.742,83.156,62.066,0.861,1.003
15,286,basic,175.474,104.56,304.526,185.522,1.926,1.872
15,287,gifted,190.0,174.523,0.0,0.0,,
15,288,basic,188.641,161.848,188.644,162.496,1.413,1.395
15,289,basic,156.533,139.47,0.0,0.0,1.365,
15,291,basic,377.726,255.74,629.046,423.657,2.364,2.416
15,292,basic,560.197,328.19,765.522,445.95,1.476,1.435
15,930,basic,399.295,362.926,824.837,756.167,2.379,2.282
15,935,basic,437.41,310.149,0.0,0.0,1.856,
15,939,basic,220.418,106.776,0.0,0.0,1.751,
15,949,basic,375.822,320.131,0.0,0.0,1.562,
15,955,basic,44.386,42.167,0.0,0.0,2.743,
15,971,gifted,516.474,474.403,704.576,647.182,,
15,972,basic,262.373,194.975,0.0,0.0,1.861,
15,974,basic,85.642,78.399,91.294,83.176,1.213,1.282
15,977,basic,243.143,184.237,241.668,183.303,1.336,1.33
16,103,basic,261.143,232.097,261.14,232.102,1.664,1.663
16,104,basic,143.222,60.641,143.533,60.697,2.446,2.454
16,105,basic,452.568,224.132,452.487,224.062,2.339,2.34
16,105,gifted,181.04,166.266,181.04,166.266,,
16,106,basic,452.021,279.557,452.292,279.646,1.8,1.802
16,106,gifted,115.946,106.484,115.946,106.484,,
16,107,basic,492.439,257.124,490.645,256.348,2.51,2.505
16,109,basic,151.21,104.769,151.148,104.703,2.073,2.074
16,110,basic,402.667,216.215,403.222,216.477,2.127,2.128
16,113,basic,389.481,246.114,389.506,246.044,2.361,2.363
16,113,gifted,135.048,124.027,135.048,124.027,,
16,115,basic,145.994,86.967,145.985,86.963,1.744,1.744
16,117,basic,250.195,158.713,250.843,159.026,2.349,2.354
16,117,gifted,88.835,81.586,88.835,81.586,,
16,118,basic,266.86,145.158,267.036,145.221,2.144,2.145
16,130,basic,665.417,396.547,665.066,396.422,1.716,1.715
16,201,basic,76.72,50.542,76.715,50.464,1.03,1.04
16,202,basic,171.304,90.243,196.943,103.094,1.745,1.793
16,203,basic,275.154,188.224,273.971,187.639,1.35,1.342
16,204,basic,180.873,127.916,379.885,268.48,1.448,1.48
16,207,basic,0.0,0.0,133.222,96.157,,1.098
16,208,basic,208.863,168.28,0.0,0.0,1.277,
16,209,basic,135.576,46.855,226.935,77.658,0.781,0.853
16,210,basic,194.045,82.258,0.0,0.0,1.42,
16,211,basic,70.168,43.651,252.033,160.089,1.131,1.381
16,212,gifted,205.697,188.911,205.697,188.911,,
16,215,basic,117.515,66.361,116.902,66.485,1.05,1.012
16,218,basic,152.078,91.36,202.144,118.96,0.773,0.923
16,220,basic,89.985,73.147,0.0,0.0,1.444,
16,221,basic,156.809,103.66,247.769,164.753,1.005,1.0
16,222,basic,147.904,84.225,182.538,107.605,2.476,2.26
16,225,basic,81.688,41.118,80.442,40.507,1.25,1.247
16,226,basic,263.13,163.544,262.021,164.761,1.444,1.364
16,229,basic,247.077,198.422,0.0,0.0,1.149,
16,230,basic,110.858,73.632,219.338,142.873,1.054,1.213
16,233,basic,276.975,166.912,277.879,167.471,0.851,0.851
16,234,basic,76.077,60.957,0.0,0.0,1.196,
16,235,basic,82.809,51.159,138.501,85.301,1.297,1.344
16,236,basic,46.161,40.814,100.872,79.76,1.046,1.653
16,239,basic,272.109,161.104,0.0,0.0,1.731,
16,241,basic,386.465,135.332,824.896,284.356,1.939,2.255
16,242,basic,161.737,110.348,0.0,0.0,1.236,
16,243,basic,213.755,111.461,292.627,151.675,0.975,1.021
16,244,basic,37.186,34.696,37.693,35.189,1.195,1.211
16,245,basic,322.768,272.061,459.167,380.88,1.286,1.412
16,246,basic,239.525,123.849,398.881,204.0,1.183,1.267
16,247,basic,366.773,125.519,1033.232,337.092,1.644,2.326
16,248,basic,147.874,92.37,0.0,0.0,0.892,
16,249,basic,30.964,22.88,34.327,25.304,0.936,0.957
16,250,basic,88.728,64.485,142.202,104.722,0.969,0.871
16,251,basic,132.112,62.733,159.429,74.83,1.467,1.526
16,252,basic,237.646,162.87,237.492,163.459,1.549,1.52
16,255,basic,87.711,56.679,283.217,178.66,0.873,1.061
16,257,basic,124.375,103.94,419.213,339.361,1.082,1.326
16,259,basic,160.616,117.189,0.0,0.0,1.316,
16,261,basic,167.529,152.401,226.987,198.864,1.09,1.412
16,262,basic,186.887,139.987,337.856,249.27,1.081,1.191
16,264,basic,79.608,35.468,0.0,0.0,0.932,
16,266,basic,104.07,80.117,109.058,83.852,0.916,0.925
16,267,basic,116.681,100.204,131.546,112.758,1.032,1.046
16,268,basic,107.793,102.403,0.0,0.0,1.073,
16,269,basic,106.562,100.203,225.413,211.44,1.05,1.385
16,270,basic,155.271,105.721,523.0,361.734,1.57,1.499
16,272,basic,45.362,42.779,0.0,0.0,1.083,
16,275,basic,97.889,92.04,213.179,199.995,1.196,1.296
16,276,basic,153.261,73.678,321.59,156.634,1.139,1.328
16,277,basic,125.435,80.259,129.425,82.597,1.027,1.046
16,279,basic,102.661,44.656,141.163,61.093,1.008,1.047
16,281,basic,70.105,46.035,148.991,92.111,0.821,1.265
16,282,basic,74.848,54.783,86.636,62.055,0.922,1.079
16,286,basic,182.907,109.954,314.512,197.184,2.222,2.011
16,287,gifted,190.0,174.495,0.0,0.0,,
16,288,basic,184.995,158.302,184.855,159.265,1.472,1.433
16,289,basic,156.279,135.892,0.0,0.0,1.387,
16,291,basic,376.815,261.631,625.62,433.744,2.467,2.498
16,292,basic,564.696,327.92,770.595,445.372,1.52,1.467
16,930,basic,399.386,363.338,824.927,758.268,2.419,2.299
16,935,basic,438.04,308.38,0.0,0.0,1.94,
16,939,basic,221.162,108.993,0.0,0.0,1.818,
16,949,basic,374.096,313.646,0.0,0.0,1.603,
16,955,basic,44.32,42.104,0.0,0.0,2.839,
16,971,gifted,515.826,473.731,703.949,646.502,,
16,972,basic,258.441,191.063,0.0,0.0,1.936,
16,974,basic,86.42,78.755,91.995,83.431,1.233,1.3
16,977,basic,239.636,178.956,240.607,179.48,1.32,1.328
17,103,basic,272.947,228.299,272.948,228.311,1.663,1.663
17,104,basic,127.088,53.822,127.391,53.868,2.358,2.365
17,105,basic,447.223,216.468,447.134,216.39,2.297,2.298
17,105,gifted,180.856,166.068,180.856,166.068,,
17,106,basic,451.098,273.299,451.325,273.356,1.745,1.746
17,106,gifted,115.354,105.921,115.354,105.921,,
17,107,basic,526.128,263.603,524.428,262.948,2.502,2.498
17,109,basic,149.901,98.474,149.835,98.405,2.051,2.053
17,110,basic,381.354,199.874,382.003,200.162,2.131,2.132
17,113,basic,383.134,229.312,383.156,229.228,2.324,2.326
17,113,gifted,134.855,123.828,134.855,123.828,,
17,115,basic,150.202,87.818,150.194,87.814,1.725,1.725
17,117,basic,248.712,149.89,249.504,150.226,2.314,2.32
17,117,gifted,88.978,81.702,88.978,81.702,,
17,118,basic,273.973,144.886,274.142,144.936,2.135,2.136
17,130,basic,670.183,391.612,669.785,391.482,1.733,1.732
17,201,basic,76.826,51.787,77.079,51.811,1.031,1.046
17,202,basic,170.19,92.807,195.352,105.976,1.634,1.666
17,203,basic,265.785,182.297,264.667,181.772,1.358,1.35
17,204,basic,184.634,128.846,385.631,270.255,1.484,1.491
17,207,basic,0.0,0.0,130.534,95.985,,1.075
17,208,basic,207.569,164.12,0.0,0.0,1.254,
17,209,basic,147.13,57.829,240.508,93.418,0.785,0.854
17,210,basic,193.815,87.225,0.0,0.0,1.467,
17,211,basic,73.109,46.965,258.297,164.397,1.111,1.366
17,212,gifted,206.172,189.314,206.172,189.314,,
17,215,basic,118.185,72.786,118.038,72.925,0.872,0.859
17,218,basic,159.469,101.199,211.536,130.598,0.767,0.925
17,220,basic,89.321,72.437,0.0,0.0,1.32,
17,221,basic,162.021,110.665,253.554,174.613,0.982,0.98
17,222,basic,141.967,84.946,177.004,108.633,1.975,1.86
17,225,basic,89.056,47.219,88.078,46.708,1.237,1.236
17,226,basic,266.429,172.176,265.686,172.823,1.322,1.284
17,229,basic,252.663,202.026,0.0,0.0,1.146,
17,230,basic,110.491,75.293,218.324,144.97,1.034,1.202
17,233,basic,281.919,178.952,282.936,179.547,0.841,0.843
17,234,basic,75.116,60.028,0.0,0.0,1.16,
17,235,basic,84.476,53.491,142.061,89.885,1.284,1.319
17,236,basic,48.117,41.833,100.894,82.07,1.057,1.346
17,239,basic,266.498,159.563,0.0,0.0,1.685,
17,241,basic,385.422,144.521,826.256,299.129,1.909,2.212
17,242,basic,158.617,109.973,0.0,0.0,1.22,
17,243,basic,215.03,119.049,293.83,161.551,0.987,1.03
17,244,basic,36.051,33.519,36.658,34.039,1.11,1.143
17,245,basic,321.874,270.165,451.781,370.844,1.226,1.362
17,246,basic,226.238,123.031,384.317,206.271,1.177,1.259
17,247,basic,371.18,138.651,1037.965,357.476,1.61,2.268
17,248,basic,144.765,94.388,0.0,0.0,0.885,
17,249,basic,28.42,21.575,31.769,23.948,0.894,0.935
17,250,basic,86.966,64.242,141.836,106.52,0.968,0.872
17,251,basic,133.047,67.262,160.045,80.118,1.394,1.436
17,252,basic,244.477,168.66,244.503,169.04,1.475,1.464
17,255,basic,87.886,59.153,285.592,185.744,0.852,1.061
17,257,basic,118.005,98.19,414.337,330.428,1.074,1.335
17,259,basic,162.536,118.103,0.0,0.0,1.315,
17,261,basic,192.446,170.815,254.587,215.489,1.125,1.434
17,262,basic,184.792,140.064,337.232,250.329,1.065,1.184
17,264,basic,78.655,38.414,0.0,0.0,0.93,
17,266,basic,102.958,80.385,108.005,84.233,0.924,0.93
17,267,basic,116.825,100.243,132.853,113.638,1.021,1.039
17,268,basic,109.471,103.998,0.0,0.0,1.06,
17,269,basic,106.698,99.256,226.893,207.573,1.023,1.366
17,270,basic,158.398,108.197,524.704,363.037,1.481,1.455
17,272,basic,42.804,40.178,0.0,0.0,1.054,
17,275,basic,93.702,86.751,204.074,187.685,1.172,1.267
17,276,basic,151.206,78.127,319.455,163.528,1.114,1.315
17,277,basic,125.671,83.21,129.471,85.469,1.004,1.021
17,279,basic,103.575,49.165,140.989,66.504,0.994,1.033
17,281,basic,68.421,46.715,144.285,91.469,0.814,1.242
17,282,basic,76.283,57.239,87.331,63.937,0.871,1.01
17,286,basic,174.625,109.808,304.958,196.256,1.803,1.748
17,287,gifted,190.0,174.464,0.0,0.0,,
17,288,basic,181.444,155.109,181.719,155.674,1.305,1.297
17,289,basic,156.618,130.073,0.0,0.0,1.348,
17,291,basic,370.847,253.818,623.036,418.953,2.167,2.291
17,292,basic,564.95,331.453,770.066,452.069,1.496,1.451
17,930,basic,399.044,346.008,824.618,723.909,2.314,2.221
17,935,basic,438.669,299.618,0.0,0.0,1.839,
17,939,basic,218.789,111.336,0.0,0.0,1.725,
17,949,basic,375.66,301.623,0.0,0.0,1.554,
17,955,basic,44.897,42.652,0.0,0.0,2.827,
17,971,gifted,516.431,474.203,704.647,647.029,,
17,972,basic,255.933,182.045,0.0,0.0,1.877,
17,974,basic,87.002,77.735,92.014,81.712,1.204,1.257
17,977,basic,230.868,172.138,231.569,172.464,1.29,1.297
18,103,basic,270.485,217.369,270.519,217.392,1.617,1.617
18,104,basic,147.996,64.673,148.228,64.731,2.677,2.681
18,105,basic,430.309,217.959,430.297,217.918,2.262,2.263
18,105,gifted,177.887,163.795,177.887,163.795,,
18,106,basic,455.829,281.822,456.168,281.897,1.793,1.796
18,106,gifted,116.291,107.078,116.291,107.078,,
18,107,basic,501.279,262.59,499.553,261.879,2.424,2.42
18,109,basic,154.606,100.482,154.417,100.38,2.157,2.156
18,110,basic,395.857,228.554,396.176,228.704,2.132,2.133
18,113,basic,381.036,223.054,381.002,222.988,2.396,2.397
18,113,gifted,132.678,122.168,132.678,122.168,,
18,115,basic,152.74,90.958,152.731,90.954,1.727,1.727
18,117,basic,257.26,160.653,257.457,160.719,2.332,2.334
18,117,gifted,89.552,82.457,89.552,82.457,,
18,118,basic,271.667,150.601,271.834,150.649,2.091,2.093
18,130,basic,666.834,428.072,666.695,428.017,1.702,1.702
18,201,basic,80.252,52.616,79.907,52.375,1.098,1.099
18,202,basic,168.04,92.672,193.693,106.064,1.698,1.742
18,203,basic,254.394,169.476,253.06,168.838,1.344,1.336
18,204,basic,182.388,122.537,380.841,256.449,1.467,1.487
18,207,basic,0.0,0.0,118.369,89.992,,1.124
18,208,basic,209.719,162.118,0.0,0.0,1.245,
18,209,basic,149.07,71.571,243.799,115.539,0.776,0.849
18,210,basic,193.916,100.981,0.0,0.0,1.424,
18,211,basic,74.798,47.653,260.028,163.344,1.112,1.359
18,212,gifted,205.652,189.36,205.652,189.36,,
18,215,basic,118.836,80.046,118.471,80.151,0.944,0.926
18,218,basic,156.795,102.581,209.6,133.239,0.766,0.93
18,220,basic,90.075,66.362,0.0,0.0,1.494,
18,221,basic,166.066,121.216,255.284,188.799,1.026,1.002
18,222,basic,152.482,81.222,187.475,104.216,2.421,2.205
18,225,basic,98.749,55.179,97.69,54.624,1.283,1.279
18,226,basic,251.043,178.202,249.833,179.172,1.281,1.227
18,229,basic,253.167,191.872,0.0,0.0,1.146,
18,230,basic,106.465,70.403,215.536,138.624,1.029,1.206
18,233,basic,279.78,184.757,280.308,185.107,0.847,0.847
18,234,basic,75.171,56.092,0.0,0.0,1.205,
18,235,basic,81.5,54.387,135.866,90.374,1.274,1.323
18,236,basic,52.614,45.128,111.68,85.421,1.073,1.564
18,239,basic,271.14,160.483,0.0,0.0,1.696,
18,241,basic,387.932,166.529,827.117,342.769,1.95,2.233
18,242,basic,153.741,105.868,0.0,0.0,1.22,
18,243,basic,217.851,127.985,296.497,172.968,0.985,1.027
18,244,basic,36.396,33.028,37.041,33.536,1.085,1.11
18,245,basic,319.587,265.337,449.458,365.122,1.227,1.36
18,246,basic,229.639,131.297,390.578,221.12,1.189,1.254
18,247,basic,371.694,161.811,1037.024,415.352,1.644,2.284
18,248,basic,145.839,95.481,0.0,0.0,0.887,
18,249,basic,25.998,19.63,29.297,21.994,0.951,0.987
18,250,basic,87.902,61.761,144.806,103.525,0.971,0.871
18,251,basic,126.73,73.07,153.686,86.813,1.377,1.469
18,252,basic,244.891,169.195,244.967,169.378,1.427,1.423
18,255,basic,85.497,56.994,280.711,181.004,0.848,1.05
18,257,basic,117.505,93.743,413.033,315.82,1.077,1.333
18,259,basic,157.948,108.676,0.0,0.0,1.239,
18,261,basic,176.38,149.046,238.26,190.356,1.081,1.407
18,262,basic,189.845,140.502,343.339,249.376,1.075,1.181
18,264,basic,83.049,49.164,0.0,0.0,0.918,
18,266,basic,104.863,82.553,110.015,86.481,0.916,0.924
18,267,basic,120.451,101.527,135.555,113.98,1.032,1.046
18,268,basic,112.758,107.083,0.0,0.0,1.058,
18,269,basic,105.706,95.4,226.555,196.326,1.021,1.348
18,270,basic,154.851,98.22,520.264,336.185,1.529,1.475
18,272,basic,42.538,39.086,0.0,0.0,0.986,
18,275,basic,94.447,85.451,200.425,178.005,1.08,1.203
18,276,basic,145.976,85.675,314.217,182.103,1.122,1.317
18,277,basic,131.996,85.682,135.902,87.955,1.018,1.035
18,279,basic,101.943,54.58,139.314,74.003,0.985,1.032
18,281,basic,68.586,45.986,147.152,91.351,0.827,1.267
18,282,basic,72.806,51.148,83.699,57.289,0.903,1.049
18,286,basic,178.175,113.111,307.333,201.672,1.982,1.877
18,287,gifted,190.0,174.948,0.0,0.0,,
18,288,basic,184.731,143.949,184.705,144.664,1.371,1.349
18,289,basic,156.925,115.415,0.0,0.0,1.335,
18,291,basic,374.398,239.463,622.519,398.711,2.37,2.392
18,292,basic,563.925,337.769,768.64,462.029,1.516,1.462
18,930,basic,399.482,292.335,824.893,614.503,2.313,2.209
18,935,basic,438.266,280.239,0.0,0.0,1.878,
18,939,basic,222.152,123.257,0.0,0.0,1.766,
18,949,basic,384.078,273.363,0.0,0.0,1.582,
18,955,basic,47.654,44.967,0.0,0.0,2.765,
18,971,gifted,516.62,475.693,704.879,649.038,,
18,972,basic,264.172,174.888,0.0,0.0,1.914,
18,974,basic,85.813,67.666,91.381,71.393,1.203,1.26
18,977,basic,239.204,166.225,239.862,166.496,1.297,1.304
19,103,basic,281.691,258.639,281.69,258.635,1.654,1.654
19,104,basic,154.385,54.783,154.576,54.825,2.602,2.605
19,105,basic,468.654,208.11,468.657,208.079,2.358,2.359
19,105,gifted,182.946,167.446,182.946,167.446,,
19,106,basic,471.789,277.684,472.089,277.749,1.814,1.816
19,106,gifted,118.076,108.072,118.076,108.072,,
19,107,basic,535.343,256.401,533.637,255.749,2.519,2.515
19,109,basic,151.665,101.365,151.438,101.249,2.234,2.232
19,110,basic,388.107,191.923,388.304,192.005,2.114,2.115
19,113,basic,396.643,239.826,396.619,239.774,2.424,2.424
19,113,gifted,135.493,124.014,135.493,124.014,,
19,115,basic,152.6,85.768,152.594,85.765,1.731,1.731
19,117,basic,265.622,163.25,265.721,163.268,2.361,2.362
19,117,gifted,90.159,82.521,90.159,82.521,,
19,118,basic,275.032,138.235,275.223,138.29,2.134,2.136
19,130,basic,655.284,367.455,655.17,367.411,1.736,1.736
19,201,basic,75.222,49.226,75.287,49.166,1.113,1.125
19,202,basic,166.579,85.429,191.748,97.814,1.623,1.659
19,203,basic,254.974,178.285,253.796,177.689,1.362,1.354
19,204,basic,173.264,127.332,371.616,272.362,1.433,1.482
19,207,basic,0.0,0.0,125.046,93.548,,1.104
19,208,basic,204.53,172.892,0.0,0.0,1.273,
19,209,basic,159.347,45.63,252.219,71.536,0.781,0.841
19,210,basic,193.322,72.802,0.0,0.0,1.427,
19,211,basic,76.391,47.387,262.317,163.508,1.1,1.364
19,212,gifted,205.765,188.332,205.765,188.332,,
19,215,basic,116.282,65.22,115.974,65.317,0.928,0.909
19,218,basic,154.014,90.507,206.032,117.966,0.757,0.919
19,220,basic,85.652,73.374,0.0,0.0,1.392,
19,221,basic,165.535,109.142,253.3,169.531,1.063,1.021
19,222,basic,157.227,92.551,194.208,119.031,2.259,2.044
19,225,basic,90.789,42.415,89.88,41.999,1.287,1.286
19,226,basic,255.108,162.716,253.98,163.344,1.298,1.248
19,229,basic,255.486,219.325,0.0,0.0,1.16,
19,230,basic,109.398,73.494,219.016,143.644,1.043,1.211
19,233,basic,284.095,167.705,285.377,168.41,0.846,0.848
19,234,basic,73.143,62.717,0.0,0.0,1.203,
19,235,basic,83.538,51.96,138.326,85.609,1.227,1.285
19,236,basic,53.656,48.57,112.685,94.666,1.112,1.497
19,239,basic,261.547,154.724,0.0,0.0,1.659,
19,241,basic,384.657,114.479,825.151,238.372,1.925,2.254
19,242,basic,162.297,113.181,0.0,0.0,1.246,
19,243,basic,221.55,107.808,301.535,145.927,1.011,1.047
19,244,basic,37.321,35.095,37.863,35.598,1.153,1.182
19,245,basic,320.667,290.085,449.364,399.741,1.256,1.389
19,246,basic,225.777,109.719,382.134,183.425,1.182,1.265
19,247,basic,372.866,107.336,1038.365,279.914,1.621,2.288
19,248,basic,142.877,88.585,0.0,0.0,0.876,
19,249,basic,31.366,24.4,34.821,26.934,0.891,0.927
19,250,basic,83.099,62.546,136.702,104.496,0.968,0.871
19,251,basic,137.249,60.007,165.102,71.434,1.47,1.515
19,252,basic,244.4,173.897,244.367,174.313,1.482,1.468
19,255,basic,89.367,57.982,285.701,179.814,0.844,1.045
19,257,basic,113.968,102.487,403.478,350.462,1.059,1.326
19,259,basic,160.131,121.705,0.0,0.0,1.325,
19,261,basic,174.414,162.148,234.546,213.222,1.137,1.468
19,262,basic,192.143,151.15,345.954,267.104,1.071,1.187
19,264,basic,78.224,31.368,0.0,0.0,0.914,
19,266,basic,102.984,83.386,108.106,87.437,0.927,0.933
19,267,basic,117.299,109.189,132.939,123.537,1.027,1.041
19,268,basic,112.4,106.78,0.0,0.0,1.057,
19,269,basic,106.569,100.837,226.023,214.324,1.078,1.409
19,270,basic,141.373,101.155,500.816,360.92,1.427,1.428
19,272,basic,41.774,39.569,0.0,0.0,1.051,
19,275,basic,98.39,93.044,209.868,198.918,1.232,1.326
19,276,basic,153.117,67.616,320.333,142.104,1.148,1.33
19,277,basic,125.082,80.02,128.474,81.974,1.012,1.028
19,279,basic,106.331,41.152,143.709,55.311,1.009,1.046
19,281,basic,66.405,43.785,141.636,87.065,0.814,1.252
19,282,basic,75.499,57.576,86.849,64.668,0.892,1.039
19,286,basic,184.52,113.164,315.268,201.033,2.165,2.003
19,287,gifted,190.0,173.903,0.0,0.0,,
19,288,basic,177.148,157.778,177.23,158.6,1.462,1.439
19,289,basic,154.888,140.03,0.0,0.0,1.407,
19,291,basic,377.262,273.038,628.049,454.183,2.388,2.419
19,292,basic,561.531,313.155,766.71,426.267,1.513,1.467
19,930,basic,398.8,372.326,824.137,772.748,2.412,2.322
19,935,basic,437.74,314.632,0.0,0.0,1.909,
19,939,basic,220.857,101.313,0.0,0.0,1.765,
19,949,basic,382.533,334.363,0.0,0.0,1.589,
19,955,basic,45.864,43.57,0.0,0.0,2.779,
19,971,gifted,514.829,471.212,702.752,643.214,,
19,972,basic,263.23,201.81,0.0,0.0,1.896,
19,974,basic,85.823,79.95,91.161,84.849,1.239,1.305
19,977,basic,241.012,188.448,239.594,187.568,1.345,1.337
20,103,basic,274.453,238.495,274.455,238.496,1.631,1.631
20,104,basic,132.737,57.89,132.944,57.937,2.509,2.513
20,105,basic,444.13,225.949,444.119,225.907,2.266,2.266
20,105,gifted,179.252,164.451,179.252,164.451,,
20,106,basic,466.515,298.26,466.845,298.328,1.808,1.81
20,106,gifted,117.416,107.721,117.416,107.721,,
20,107,basic,517.541,268.959,515.788,268.265,2.495,2.491
20,109,basic,147.33,100.095,147.143,99.994,2.137,2.136
20,110,basic,391.176,225.498,391.44,225.62,2.127,2.128
20,113,basic,394.793,241.387,394.782,241.328,2.391,2.391
20,113,gifted,135.701,124.496,135.701,124.496,,
20,115,basic,161.367,99.543,161.359,99.539,1.735,1.735
20,117,basic,261.181,167.798,261.334,167.839,2.313,2.314
20,117,gifted,89.95,82.522,89.95,82.522,,
20,118,basic,277.071,155.691,277.257,155.741,2.092,2.094
20,130,basic,658.181,429.241,658.052,429.191,1.672,1.671
20,201,basic,78.646,51.697,79.137,51.76,1.031,1.051
20,202,basic,167.959,88.687,193.576,101.369,1.611,1.654
20,203,basic,263.388,173.884,262.231,173.393,1.353,1.345
20,204,basic,176.306,119.84,372.992,251.602,1.37,1.444
20,207,basic,0.0,0.0,124.134,92.829,,1.085
20,208,basic,200.515,161.627,0.0,0.0,1.243,
20,209,basic,148.006,61.857,241.726,99.642,0.777,0.843
20,210,basic,193.294,90.762,0.0,0.0,1.39,
20,211,basic,73.637,46.147,256.498,164.242,1.102,1.359
20,212,gifted,205.662,188.68,205.662,188.68,,
20,215,basic,124.763,77.623,124.014,77.887,0.974,0.941
20,218,basic,160.785,102.331,213.004,131.487,0.767,0.912
20,220,basic,93.123,69.91,0.0,0.0,1.461,
20,221,basic,162.241,114.816,252.785,180.597,0.974,0.976
20,222,basic,148.002,77.472,183.842,100.65,2.29,2.097
20,225,basic,79.91,42.41,78.679,41.799,1.203,1.198
20,226,basic,260.471,172.515,259.184,174.628,1.338,1.262
20,229,basic,248.666,192.287,0.0,0.0,1.143,
20,230,basic,105.101,69.628,215.792,138.056,1.006,1.193
20,233,basic,282.307,180.202,282.772,180.534,0.847,0.847
20,234,basic,76.668,58.689,0.0,0.0,1.164,
20,235,basic,79.973,50.966,133.383,84.504,1.257,1.315
20,236,basic,51.201,44.299,110.174,83.61,1.051,1.581
20,239,basic,270.044,156.208,0.0,0.0,1.626,
20,241,basic,384.526,144.489,822.222,302.733,1.903,2.184
20,242,basic,155.753,105.274,0.0,0.0,1.226,
20,243,basic,211.791,118.135,290.319,160.489,0.976,1.022
20,244,basic,36.16,32.899,36.743,33.469,1.128,1.141
20,245,basic,321.98,266.591,458.732,371.564,1.264,1.381
20,246,basic,225.096,123.279,381.577,205.44,1.109,1.195
20,247,basic,369.976,140.469,1035.017,365.846,1.609,2.264
20,248,basic,147.856,94.596,0.0,0.0,0.896,
20,249,basic,30.53,22.963,33.557,25.155,0.912,0.932
20,250,basic,87.242,62.248,142.441,103.814,0.962,0.86
20,251,basic,131.496,68.89,159.316,81.462,1.38,1.473
20,252,basic,241.076,164.665,241.002,165.066,1.43,1.418
20,255,basic,90.375,59.232,283.605,179.65,0.879,1.056
20,257,basic,123.783,101.448,421.97,329.467,1.067,1.315
20,259,basic,154.27,107.664,0.0,0.0,1.238,
20,261,basic,168.138,147.768,228.984,189.089,1.039,1.357
20,262,basic,184.395,137.133,333.477,242.216,1.067,1.178
20,264,basic,80.894,42.557,0.0,0.0,0.927,
20,266,basic,106.213,83.613,111.4,87.56,0.924,0.931
20,267,basic,113.818,97.106,128.595,109.362,1.011,1.026
20,268,basic,109.754,104.264,0.0,0.0,1.063,
20,269,basic,108.772,99.66,228.053,202.34,0.997,1.325
20,270,basic,145.256,94.496,503.218,330.417,1.409,1.415
20,272,basic,42.613,39.577,0.0,0.0,1.026,
20,275,basic,91.339,83.672,200.345,181.375,1.145,1.245
20,276,basic,141.365,75.829,309.272,168.496,1.131,1.321
20,277,basic,126.085,81.519,129.7,83.564,0.994,1.01
20,279,basic,105.505,51.412,143.636,69.484,0.995,1.032
20,281,basic,66.394,44.447,140.489,86.157,0.804,1.222
20,282,basic,74.564,53.815,85.669,59.973,0.865,1.006
20,286,basic,182.457,108.843,312.591,194.512,1.998,1.871
20,287,gifted,190.0,174.312,0.0,0.0,,
20,288,basic,179.999,144.24,179.577,145.327,1.401,1.364
20,289,basic,155.37,127.199,0.0,0.0,1.341,
20,291,basic,382.054,244.65,629.896,405.171,2.444,2.427
20,292,basic,563.318,334.735,768.598,454.412,1.501,1.449
20,930,basic,399.215,317.214,824.425,669.792,2.317,2.214
20,935,basic,436.896,290.525,0.0,0.0,1.851,
20,939,basic,223.645,116.247,0.0,0.0,1.757,
20,949,basic,380.414,294.572,0.0,0.0,1.555,
20,955,basic,45.817,43.524,0.0,0.0,2.821,
20,971,gifted,515.917,473.317,703.992,645.863,,
20,972,basic,266.556,184.01,0.0,0.0,1.903,
20,974,basic,86.072,72.474,91.82,76.331,1.162,1.23
20,977,basic,239.409,167.893,239.096,167.703,1.317,1.317
21,103,basic,270.174,248.085,270.168,248.086,1.661,1.661
21,104,basic,119.303,46.436,119.58,46.476,2.247,2.254
21,105,basic,439.821,203.312,439.761,203.251,2.256,2.257
21,105,gifted,179.414,164.84,179.414,164.84,,
21,106,basic,453.958,281.271,454.246,281.341,1.739,1.741
21,106,gifted,116.298,106.851,116.298,106.851,,
21,107,basic,507.948,246.397,506.195,245.762,2.433,2.429
21,109,basic,147.231,101.558,147.107,101.448,2.075,2.076
21,110,basic,391.857,202.373,392.387,202.596,2.101,2.102
21,113,basic,388.686,242.879,388.685,242.795,2.307,2.308
21,113,gifted,135.272,124.283,135.272,124.283,,
21,115,basic,151.163,88.303,151.154,88.298,1.72,1.72
21,117,basic,254.738,159.514,255.284,159.728,2.286,2.29
21,117,gifted,89.534,82.261,89.534,82.261,,
21,118,basic,262.52,135.666,262.666,135.699,2.1,2.101
21,130,basic,661.327,385.273,661.025,385.178,1.719,1.718
21,201,basic,76.217,50.366,75.723,50.032,1.062,1.062
21,202,basic,173.881,84.466,199.433,96.381,1.735,1.764
21,203,basic,262.929,183.365,261.746,182.853,1.299,1.292
21,204,basic,173.586,124.144,373.485,266.015,1.404,1.462
21,207,basic,0.0,0.0,119.662,90.583,,1.044
21,208,basic,198.71,170.775,0.0,0.0,1.261,
21,209,basic,143.57,43.511,235.529,70.403,0.775,0.84
21,210,basic,193.431,74.666,0.0,0.0,1.388,
21,211,basic,71.097,44.173,255.859,162.834,1.104,1.353
21,212,gifted,205.541,188.844,205.541,188.844,,
21,215,basic,124.093,69.355,123.774,69.435,0.936,0.924
21,218,basic,154.685,93.493,206.848,120.866,0.755,0.913
21,220,basic,83.064,70.417,0.0,0.0,1.275,
21,221,basic,164.451,110.151,254.955,173.714,1.022,0.994
21,222,basic,155.892,85.904,189.853,109.038,2.241,2.062
21,225,basic,79.272,37.734,78.054,37.178,1.204,1.201
21,226,basic,246.49,159.728,245.17,160.216,1.194,1.156
21,229,basic,253.384,215.521,0.0,0.0,1.139,
21,230,basic,108.206,73.087,215.481,141.085,1.027,1.195
21,233,basic,279.339,168.913,280.965,169.764,0.826,0.83
21,234,basic,76.501,64.682,0.0,0.0,1.145,
21,235,basic,81.994,50.233,136.844,83.44,1.23,1.286
21,236,basic,51.148,45.853,109.102,89.089,1.053,1.462
21,239,basic,278.442,157.901,0.0,0.0,1.712,
21,241,basic,383.676,114.294,824.492,239.457,1.866,2.176
21,242,basic,159.718,109.554,0.0,0.0,1.228,
21,243,basic,220.034,110.679,299.842,149.485,0.975,1.02
21,244,basic,35.904,33.565,36.379,33.983,1.089,1.121
21,245,basic,322.33,285.944,449.855,389.9,1.236,1.368
21,246,basic,234.824,114.23,392.428,188.856,1.197,1.255
21,247,basic,370.306,108.782,1035.06,282.125,1.559,2.23
21,248,basic,148.53,92.48,0.0,0.0,0.895,
21,249,basic,28.315,21.871,31.819,24.361,0.874,0.916
21,250,basic,85.32,64.64,142.668,110.206,0.955,0.862
21,251,basic,125.345,56.678,152.384,68.052,1.341,1.388
21,252,basic,252.068,180.737,252.17,181.031,1.416,1.411
21,255,basic,85.596,56.383,282.833,178.037,0.83,1.058
21,257,basic,123.748,110.512,420.915,362.543,1.085,1.318
21,259,basic,158.946,119.218,0.0,0.0,1.29,
21,261,basic,175.202,161.057,235.259,208.664,1.098,1.413
21,262,basic,185.842,145.787,336.628,257.602,1.058,1.173
21,264,basic,79.876,33.062,0.0,0.0,0.926,
21,266,basic,105.593,86.805,110.884,91.006,0.905,0.912
21,267,basic,120.821,110.142,135.91,123.643,1.014,1.026
21,268,basic,107.759,102.371,0.0,0.0,1.072,
21,269,basic,102.964,96.799,221.438,208.812,1.082,1.407
21,270,basic,171.047,116.919,537.786,374.645,1.513,1.476
21,272,basic,40.499,38.184,0.0,0.0,1.048,
21,275,basic,95.196,89.9,204.483,193.592,1.176,1.289
21,276,basic,154.118,69.89,323.243,148.964,1.134,1.318
21,277,basic,126.791,81.994,130.57,84.136,1.02,1.037
21,279,basic,107.397,43.055,145.266,57.843,1.001,1.035
21,281,basic,66.252,44.204,145.673,88.602,0.82,1.259
21,282,basic,77.217,59.175,88.65,65.94,0.893,1.03
21,286,basic,172.59,107.908,301.06,192.43,1.775,1.744
21,287,gifted,190.0,174.565,0.0,0.0,,
21,288,basic,187.736,167.439,187.879,168.149,1.325,1.313
21,289,basic,158.761,144.661,0.0,0.0,1.375,
21,291,basic,376.561,270.443,630.596,447.88,2.275,2.347
21,292,basic,562.821,320.479,769.095,434.864,1.481,1.436
21,930,basic,399.332,362.715,824.905,756.746,2.389,2.288
21,935,basic,438.259,317.985,0.0,0.0,1.811,
21,939,basic,219.573,101.971,0.0,0.0,1.685,
21,949,basic,379.148,326.407,0.0,0.0,1.546,
21,955,basic,46.374,44.055,0.0,0.0,2.78,
21,971,gifted,515.754,473.857,703.794,646.621,,
21,972,basic,259.697,197.947,0.0,0.0,1.878,
21,974,basic,88.831,81.363,93.773,85.691,1.204,1.262
21,977,basic,243.8,186.708,243.2,186.249,1.316,1.316
22,103,basic,270.301,235.486,270.322,235.503,1.649,1.649
22,104,basic,130.921,57.359,131.097,57.406,2.477,2.48
22,105,basic,445.534,222.533,445.53,222.494,2.32,2.321
22,105,gifted,178.943,164.592,178.943,164.592,,
22,106,basic,462.619,293.578,462.947,293.655,1.809,1.811
22,106,gifted,117.169,107.773,117.169,107.773,,
22,107,basic,514.71,267.019,512.922,266.296,2.52,2.515
22,109,basic,150.897,102.795,150.687,102.693,2.179,2.177
22,110,basic,403.814,234.224,403.996,234.309,2.128,2.129
22,113,basic,382.372,234.597,382.355,234.554,2.381,2.382
22,113,gifted,131.568,121.017,131.568,121.017,,
22,115,basic,150.916,91.473,150.912,91.471,1.733,1.733
22,117,basic,251.381,162.983,251.441,162.986,2.346,2.347
22,117,gifted,89.791,82.59,89.791,82.59,,
22,118,basic,261.279,145.614,261.496,145.684,2.105,2.107
22,130,basic,659.46,427.71,659.37,427.678,1.718,1.718
22,201,basic,79.999,51.729,79.949,51.613,1.026,1.034
22,202,basic,168.34,88.801,193.446,101.375,1.627,1.666
22,203,basic,272.799,179.284,271.77,178.798,1.34,1.335
22,204,basic,176.809,118.292,378.18,253.197,1.449,1.481
22,207,basic,0.0,0.0,121.945,92.676,,1.061
22,208,basic,209.048,167.386,0.0,0.0,1.255,
22,209,basic,152.278,61.699,246.892,98.815,0.784,0.852
22,210,basic,192.24,90.003,0.0,0.0,1.391,
22,211,basic,72.183,44.286,255.076,159.654,1.113,1.356
22,212,gifted,206.031,189.508,206.031,189.508,,
22,215,basic,123.223,78.045,122.98,78.168,0.929,0.915
22,218,basic,158.827,98.433,210.417,126.839,0.771,0.923
22,220,basic,85.523,67.092,0.0,0.0,1.317,
22,221,basic,162.225,116.407,252.178,182.514,0.957,0.955
22,222,basic,141.405,78.865,176.945,101.992,2.071,1.922
22,225,basic,79.97,42.049,78.818,41.456,1.178,1.176
22,226,basic,268.299,181.807,267.48,182.726,1.345,1.302
22,229,basic,249.971,192.19,0.0,0.0,1.139,
22,230,basic,105.235,67.785,213.509,133.757,1.035,1.208
22,233,basic,280.007,175.981,281.185,176.621,0.831,0.834
22,234,basic,80.224,60.705,0.0,0.0,1.197,
22,235,basic,84.067,54.219,140.501,90.192,1.248,1.303
22,236,basic,48.053,42.13,102.765,83.142,1.044,1.393
22,239,basic,277.286,158.657,0.0,0.0,1.683,
22,241,basic,384.944,144.884,825.278,302.401,1.901,2.232
22,242,basic,155.209,104.624,0.0,0.0,1.222,
22,243,basic,217.397,118.099,295.924,159.735,0.992,1.029
22,244,basic,37.553,34.652,38.074,35.065,1.08,1.108
22,245,basic,318.741,269.737,450.673,373.527,1.232,1.356
22,246,basic,224.743,119.034,385.532,201.795,1.191,1.264
22,247,basic,366.907,139.135,1032.207,366.138,1.576,2.253
22,248,basic,149.486,93.433,0.0,0.0,0.901,
22,249,basic,30.197,22.823,33.614,25.23,0.877,0.916
22,250,basic,88.753,61.71,141.305,100.03,0.98,0.879
22,251,basic,132.834,70.352,160.884,84.418,1.355,1.394
22,252,basic,241.249,164.369,241.297,164.684,1.461,1.452
22,255,basic,88.95,57.233,285.502,177.076,0.847,1.062
22,257,basic,120.796,98.336,413.951,323.256,1.08,1.322
22,259,basic,162.782,111.532,0.0,0.0,1.26,
22,261,basic,173.031,152.037,230.56,192.636,1.063,1.352
22,262,basic,184.356,136.137,334.924,242.133,1.066,1.182
22,264,basic,81.232,42.638,0.0,0.0,0.933,
22,266,basic,105.572,83.02,110.646,86.904,0.91,0.916
22,267,basic,122.623,105.419,137.814,118.151,1.015,1.03
22,268,basic,108.235,102.823,0.0,0.0,1.056,
22,269,basic,104.264,95.405,223.876,200.016,1.07,1.382
22,270,basic,152.008,97.085,515.115,331.499,1.456,1.463
22,272,basic,44.059,41.02,0.0,0.0,1.024,
22,275,basic,93.083,85.718,200.212,182.389,1.138,1.248
22,276,basic,144.797,76.761,313.041,168.952,1.162,1.332
22,277,basic,127.207,79.902,130.672,81.849,1.017,1.032
22,279,basic,108.45,51.675,145.948,69.126,0.995,1.03
22,281,basic,67.037,43.6,141.563,85.253,0.81,1.233
22,282,basic,74.854,52.735,84.557,58.131,0.848,0.979
22,286,basic,173.452,113.967,304.146,203.268,1.719,1.701
22,287,gifted,190.0,174.763,0.0,0.0,,
22,288,basic,189.527,157.389,189.782,157.984,1.256,1.246
22,289,basic,155.598,123.442,0.0,0.0,1.381,
22,291,basic,374.936,255.915,628.436,424.049,2.241,2.312
22,292,basic,562.464,330.629,767.92,448.847,1.502,1.454
22,930,basic,398.966,323.196,824.352,678.887,2.283,2.195
22,935,basic,438.83,289.843,0.0,0.0,1.879,
22,939,basic,212.7,112.612,0.0,0.0,1.716,
22,949,basic,380.997,290.907,0.0,0.0,1.577,
22,955,basic,46.503,44.178,0.0,0.0,2.74,
22,971,gifted,516.694,475.257,704.815,648.292,,
22,972,basic,259.54,181.284,0.0,0.0,1.869,
22,974,basic,87.052,72.558,92.168,76.021,1.174,1.235
22,977,basic,239.409,165.439,237.624,164.476,1.345,1.336
23,103,basic,275.13,245.371,275.137,245.38,1.658,1.658
23,104,basic,141.663,61.571,141.932,61.62,2.415,2.42
23,105,basic,471.75,235.619,471.731,235.568,2.29,2.291
23,105,gifted,185.132,169.098,185.132,169.098,,
23,106,basic,455.238,298.497,455.549,298.562,1.719,1.721
23,106,gifted,116.187,106.124,116.187,106.124,,
23,107,basic,514.882,266.407,513.092,265.712,2.494,2.49
23,109,basic,159.345,111.759,159.142,111.635,2.112,2.111
23,110,basic,401.438,230.85,401.823,231.028,2.135,2.136
23,113,basic,406.637,256.674,406.597,256.597,2.316,2.317
23,113,gifted,137.865,125.924,137.865,125.924,,
23,115,basic,145.134,89.686,145.129,89.682,1.716,1.716
23,117,basic,267.78,174.736,268.027,174.811,2.338,2.34
23,117,gifted,90.117,82.312,90.117,82.312,,
23,118,basic,269.835,150.977,269.968,151.003,2.094,2.096
23,130,basic,647.357,422.763,647.159,422.682,1.698,1.697
23,201,basic,75.017,48.68,74.83,48.513,0.992,0.996
23,202,basic,174.385,88.654,200.349,101.235,1.64,1.672
23,203,basic,260.782,171.796,259.778,171.363,1.311,1.305
23,204,basic,178.114,119.608,380.778,254.563,1.403,1.462
23,207,basic,0.0,0.0,123.144,91.816,,1.094
23,208,basic,208.462,170.042,0.0,0.0,1.238,
23,209,basic,140.596,53.673,234.493,88.167,0.772,0.845
23,210,basic,192.678,85.189,0.0,0.0,1.402,
23,211,basic,74.348,45.421,257.335,162.845,1.097,1.355
23,212,gifted,205.54,187.738,205.54,187.738,,
23,215,basic,120.803,74.183,120.675,74.34,0.928,0.917
23,218,basic,156.637,96.503,206.803,123.394,0.76,0.911
23,220,basic,89.83,69.288,0.0,0.0,1.417,
23,221,basic,164.33,115.147,254.105,180.278,0.977,0.966
23,222,basic,144.944,80.015,180.536,102.69,1.995,1.88
23,225,basic,70.721,36.218,69.705,35.72,1.156,1.153
23,226,basic,256.969,172.752,256.042,173.502,1.237,1.201
23,229,basic,251.858,196.09,0.0,0.0,1.131,
23,230,basic,98.88,63.618,202.687,126.379,1.041,1.213
23,233,basic,277.34,172.498,277.899,172.835,0.824,0.825
23,234,basic,78.599,60.408,0.0,0.0,1.167,
23,235,basic,81.455,51.264,139.14,87.065,1.251,1.311
23,236,basic,49.566,43.426,105.321,84.792,1.025,1.371
23,239,basic,258.071,144.517,0.0,0.0,1.681,
23,241,basic,384.408,135.889,825.319,284.859,1.839,2.176
23,242,basic,154.148,103.531,0.0,0.0,1.204,
23,243,basic,216.94,114.804,296.842,155.912,1.006,1.044
23,244,basic,34.628,31.961,35.199,32.428,1.082,1.114
23,245,basic,320.795,271.575,446.242,369.515,1.236,1.352
23,246,basic,225.893,116.05,385.431,194.964,1.196,1.277
23,247,basic,367.474,130.566,1034.659,341.782,1.539,2.258
23,248,basic,144.498,90.025,0.0,0.0,0.886,
23,249,basic,29.951,22.687,33.369,25.08,0.867,0.905
23,250,basic,85.855,60.482,138.338,99.453,0.962,0.864
23,251,basic,134.152,67.714,161.086,80.409,1.356,1.399
23,252,basic,241.504,165.15,241.535,165.461,1.398,1.39
23,255,basic,86.13,55.564,283.429,175.244,0.834,1.049
23,257,basic,124.196,102.349,419.897,330.163,1.082,1.324
23,259,basic,175.437,118.201,0.0,0.0,1.374,
23,261,basic,171.949,151.442,232.05,192.992,1.081,1.39
23,262,basic,189.533,140.412,344.49,249.232,1.069,1.181
23,264,basic,78.745,39.18,0.0,0.0,0.932,
23,266,basic,106.377,84.261,111.529,88.194,0.894,0.901
23,267,basic,118.717,102.551,134.237,115.597,1.027,1.042
23,268,basic,110.849,105.306,0.0,0.0,1.062,
23,269,basic,107.532,99.262,227.039,204.811,1.029,1.352
23,270,basic,153.853,98.313,522.906,337.92,1.448,1.443
23,272,basic,40.638,37.937,0.0,0.0,1.016,
23,275,basic,90.325,83.506,197.723,180.746,1.139,1.252
23,276,basic,159.824,81.865,328.4,172.216,1.122,1.311
23,277,basic,126.823,79.496,130.78,81.676,1.02,1.037
23,279,basic,98.146,44.835,135.712,61.503,0.995,1.035
23,281,basic,70.996,46.221,151.697,90.257,0.815,1.246
23,282,basic,77.368,54.595,89.726,61.389,0.906,1.051
23,286,basic,182.15,112.755,312.408,198.749,1.839,1.781
23,287,gifted,190.0,173.544,0.0,0.0,,
23,288,basic,174.481,144.566,174.669,145.091,1.322,1.313
23,289,basic,153.16,128.031,0.0,0.0,1.361,
23,291,basic,372.809,253.311,622.749,416.438,2.243,2.323
23,292,basic,563.768,329.932,768.941,445.723,1.493,1.445
23,930,basic,398.797,330.82,824.312,696.617,2.276,2.192
23,935,basic,437.703,295.284,0.0,0.0,1.82,
23,939,basic,219.592,112.13,0.0,0.0,1.715,
23,949,basic,371.661,297.044,0.0,0.0,1.5,
23,955,basic,43.514,41.338,0.0,0.0,2.744,
23,971,gifted,515.399,470.76,703.534,642.6,,
23,972,basic,257.972,183.301,0.0,0.0,1.859,
23,974,basic,87.294,74.268,91.687,77.307,1.197,1.247
23,977,basic,236.016,166.089,237.005,166.482,1.281,1.29
24,103,basic,273.621,247.142,273.644,247.168,1.662,1.662
24,104,basic,124.506,56.019,124.732,56.063,2.261,2.266
24,105,basic,435.388,223.984,435.323,223.918,2.293,2.294
24,105,gifted,179.76,164.894,179.76,164.894,,
24,106,basic,461.182,301.714,461.446,301.783,1.741,1.743
24,106,gifted,118.493,108.693,118.493,108.693,,
24,107,basic,501.347,266.734,499.54,265.974,2.499,2.495
24,109,basic,153.48,108.996,153.333,108.888,2.074,2.074
24,110,basic,394.906,221.979,395.339,222.185,2.111,2.112
24,113,basic,389.415,254.387,389.407,254.316,2.312,2.313
24,113,gifted,134.665,123.528,134.665,123.528,,
24,115,basic,151.436,94.694,151.429,94.69,1.728,1.728
24,117,basic,252.391,163.767,252.74,163.909,2.348,2.351
24,117,gifted,89.646,82.232,89.646,82.232,,
24,118,basic,267.97,152.239,268.092,152.27,2.082,2.083
24,130,basic,657.339,408.926,657.14,408.863,1.734,1.733
24,201,basic,81.209,53.055,81.265,52.982,1.013,1.024
24,202,basic,172.037,88.52,197.575,100.978,1.655,1.695
24,203,basic,255.406,171.785,254.145,171.181,1.312,1.304
24,204,basic,180.261,124.288,380.434,260.949,1.393,1.454
24,207,basic,0.0,0.0,129.866,91.909,,1.123
24,208,basic,200.369,162.812,0.0,0.0,1.278,
24,209,basic,143.646,50.564,235.928,82.141,0.782,0.845
24,210,basic,194.204,81.359,0.0,0.0,1.434,
24,211,basic,80.179,49.287,266.283,171.796,1.124,1.355
24,212,gifted,205.664,188.656,205.664,188.656,,
24,215,basic,117.677,67.605,117.424,67.697,0.891,0.876
24,218,basic,160.553,97.017,211.286,124.28,0.764,0.917
24,220,basic,95.24,74.594,0.0,0.0,1.446,
24,221,basic,165.87,109.156,255.978,169.952,0.977,0.971
24,222,basic,140.355,80.743,174.999,103.286,2.008,1.893
24,225,basic,89.104,44.493,88.028,43.977,1.216,1.213
24,226,basic,253.285,158.01,252.3,158.693,1.281,1.237
24,229,basic,245.125,193.46,0.0,0.0,1.135,
24,230,basic,116.558,77.062,225.938,145.296,1.013,1.188
24,233,basic,279.72,169.158,280.207,169.463,0.829,0.829
24,234,basic,71.103,55.348,0.0,0.0,1.205,
24,235,basic,80.615,49.777,136.357,83.423,1.171,1.249
24,236,basic,49.966,43.443,104.593,84.95,1.052,1.343
24,239,basic,271.308,154.838,0.0,0.0,1.716,
24,241,basic,383.666,131.556,823.394,279.525,1.884,2.212
24,242,basic,158.209,105.561,0.0,0.0,1.225,
24,243,basic,218.829,114.025,296.625,153.632,0.992,1.029
24,244,basic,35.553,33.036,36.134,33.555,1.118,1.146
24,245,basic,319.517,263.946,448.32,363.056,1.241,1.363
24,246,basic,229.177,117.459,387.159,196.064,1.16,1.235
24,247,basic,365.514,124.057,1031.264,335.366,1.592,2.271
24,248,basic,144.223,89.696,0.0,0.0,0.877,
24,249,basic,26.272,19.145,29.52,21.381,0.917,0.953
24,250,basic,88.348,63.415,143.219,104.686,0.985,0.88
24,251,basic,129.999,61.291,157.0,73.067,1.419,1.473
24,252,basic,226.219,155.156,226.191,155.606,1.4,1.384
24,255,basic,86.562,55.689,281.17,175.545,0.87,1.054
24,257,basic,122.115,100.69,419.391,332.86,1.091,1.323
24,259,basic,154.825,111.056,0.0,0.0,1.264,
24,261,basic,178.623,158.917,240.726,203.805,1.103,1.425
24,262,basic,186.395,137.822,340.879,246.453,1.065,1.192
24,264,basic,78.366,35.226,0.0,0.0,0.913,
24,266,basic,102.865,78.827,107.966,82.619,0.91,0.918
24,267,basic,122.692,102.776,138.064,115.387,1.03,1.043
24,268,basic,112.177,106.569,0.0,0.0,1.072,
24,269,basic,107.245,99.625,226.458,207.193,1.063,1.383
24,270,basic,162.039,107.149,526.88,354.271,1.529,1.479
24,272,basic,41.129,38.658,0.0,0.0,1.048,
24,275,basic,98.487,91.357,210.543,194.398,1.201,1.295
24,276,basic,145.432,69.988,312.079,155.301,1.123,1.319
24,277,basic,128.392,81.798,132.583,84.184,1.015,1.033
24,279,basic,98.09,42.95,135.241,58.768,0.996,1.041
24,281,basic,66.613,43.742,139.965,85.265,0.804,1.231
24,282,basic,74.253,54.322,84.459,60.318,0.873,1.007
24,286,basic,181.647,107.831,312.976,191.602,1.937,1.844
24,287,gifted,190.0,174.287,0.0,0.0,,
24,288,basic,179.507,151.486,179.702,152.2,1.388,1.372
24,289,basic,154.59,137.137,0.0,0.0,1.369,
24,291,basic,371.191,257.223,621.029,423.928,2.323,2.403
24,292,basic,565.388,331.853,769.771,446.739,1.513,1.461
24,930,basic,399.402,353.804,825.009,741.072,2.352,2.252
24,935,basic,437.287,308.258,0.0,0.0,1.872,
24,939,basic,221.034,108.316,0.0,0.0,1.788,
24,949,basic,375.474,313.193,0.0,0.0,1.566,
24,955,basic,44.449,42.226,0.0,0.0,2.806,
24,971,gifted,515.875,473.211,704.045,645.82,,
24,972,basic,258.9,192.686,0.0,0.0,1.867,
24,974,basic,86.467,76.699,91.352,80.603,1.25,1.299
24,977,basic,240.614,175.328,241.52,175.704,1.296,1.305
25,103,basic,268.013,231.98,268.032,231.992,1.621,1.621
25,104,basic,136.313,49.492,136.458,49.531,2.625,2.626
25,105,basic,439.86,199.397,439.867,199.359,2.281,2.282
25,105,gifted,179.547,165.219,179.547,165.219,,
25,106,basic,452.595,269.602,452.905,269.638,1.738,1.741
25,106,gifted,115.269,106.071,115.269,106.071,,
25,107,basic,504.005,236.581,502.166,235.926,2.508,2.504
25,109,basic,152.055,96.351,151.76,96.237,2.156,2.152
25,110,basic,406.279,199.93,406.328,199.943,2.117,2.117
25,113,basic,388.534,224.124,388.486,224.079,2.374,2.374
25,113,gifted,133.064,122.445,133.064,122.445,,
25,115,basic,144.97,83.266,144.964,83.262,1.718,1.718
25,117,basic,260.802,150.151,260.682,150.078,2.362,2.362
25,117,gifted,90.119,82.928,90.119,82.928,,
25,118,basic,266.621,135.42,266.79,135.455,2.089,2.091
25,130,basic,663.69,377.151,663.647,377.144,1.695,1.695
25,201,basic,76.282,53.249,76.303,53.136,0.985,0.994
25,202,basic,167.86,89.674,193.282,102.3,1.575,1.618
25,203,basic,265.094,187.498,264.045,186.999,1.322,1.316
25,204,basic,179.57,131.371,378.26,274.325,1.373,1.449
25,207,basic,0.0,0.0,127.806,96.464,,1.065
25,208,basic,207.283,171.963,0.0,0.0,1.216,
25,209,basic,151.188,54.742,248.187,88.453,0.768,0.836
25,210,basic,193.658,81.623,0.0,0.0,1.408,
25,211,basic,78.377,51.221,264.608,170.621,1.114,1.345
25,212,gifted,205.563,189.159,205.563,189.159,,
25,215,basic,122.426,73.271,121.957,73.464,0.962,0.942
25,218,basic,155.481,100.744,205.297,128.668,0.758,0.899
25,220,basic,92.593,74.29,0.0,0.0,1.441,
25,221,basic,166.885,114.457,257.806,179.255,0.989,0.979
25,222,basic,162.208,91.441,198.717,116.889,2.173,2.005
25,225,basic,79.113,41.413,78.039,40.878,1.163,1.16
25,226,basic,262.42,168.101,261.284,169.605,1.295,1.241
25,229,basic,250.976,212.488,0.0,0.0,1.143,
25,230,basic,113.231,79.85,222.788,151.878,1.023,1.191
25,233,basic,279.4,180.433,280.064,180.832,0.828,0.829
25,234,basic,76.849,64.78,0.0,0.0,1.161,
25,235,basic,83.091,52.977,138.489,87.427,1.224,1.298
25,236,basic,50.1,44.077,107.621,84.045,1.031,1.523
25,239,basic,273.111,162.325,0.0,0.0,1.671,
25,241,basic,381.221,128.784,820.868,264.452,1.844,2.144
25,242,basic,151.331,108.271,0.0,0.0,1.197,
25,243,basic,228.289,124.798,307.508,166.732,0.978,1.016
25,244,basic,36.786,34.176,37.312,34.647,1.086,1.113
25,245,basic,320.088,277.806,451.171,381.787,1.246,1.371
25,246,basic,233.005,124.763,389.297,205.107,1.146,1.221
25,247,basic,370.252,125.008,1035.766,313.13,1.552,2.212
25,248,basic,147.301,98.621,0.0,0.0,0.882,
25,249,basic,31.565,25.315,34.865,27.786,0.859,0.888
25,250,basic,86.721,67.306,141.46,112.331,0.976,0.876
25,251,basic,128.828,62.02,156.261,73.987,1.349,1.409
25,252,basic,238.388,169.505,238.442,169.872,1.393,1.385
25,255,basic,86.533,60.414,279.973,187.131,0.835,1.035
25,257,basic,122.374,107.232,416.947,349.028,1.072,1.316
25,259,basic,156.278,119.003,0.0,0.0,1.284,
25,261,basic,180.654,164.361,241.408,209.305,1.081,1.393
25,262,basic,187.01,148.997,336.643,261.14,1.047,1.16
25,264,basic,80.474,37.246,0.0,0.0,0.909,
25,266,basic,101.64,83.297,106.488,87.14,0.92,0.926
25,267,basic,121.355,110.3,136.331,123.596,1.027,1.041
25,268,basic,104.253,99.04,0.0,0.0,1.062,
25,269,basic,104.561,97.87,224.3,209.549,1.045,1.378
25,270,basic,150.872,108.136,519.305,372.635,1.376,1.422
25,272,basic,44.058,41.44,0.0,0.0,1.029,
25,275,basic,96.092,89.984,204.558,190.648,1.138,1.252
25,276,basic,148.564,73.173,317.542,154.511,1.137,1.32
25,277,basic,123.977,84.346,127.859,86.655,1.003,1.018
25,279,basic,106.472,48.111,146.216,65.577,0.993,1.028
25,281,basic,62.142,44.057,137.333,88.108,0.814,1.245
25,282,basic,75.607,60.004,86.789,66.68,0.877,1.012
25,286,basic,186.701,110.355,318.19,195.704,1.973,1.863
25,287,gifted,190.0,174.838,0.0,0.0,,
25,288,basic,176.566,153.173,176.644,154.062,1.335,1.318
25,289,basic,156.186,136.556,0.0,0.0,1.348,
25,291,basic,378.593,250.158,628.788,414.565,2.303,2.33
25,292,basic,564.861,328.44,769.809,448.272,1.466,1.424
25,930,basic,398.674,349.263,823.953,731.169,2.348,2.252
25,935,basic,437.79,303.79,0.0,0.0,1.791,
25,939,basic,218.497,105.323,0.0,0.0,1.696,
25,949,basic,376.454,315.37,0.0,0.0,1.536,
25,955,basic,44.931,42.684,0.0,0.0,2.794,
25,971,gifted,516.02,474.841,704.157,647.965,,
25,972,basic,261.78,188.648,0.0,0.0,1.863,
25,974,basic,88.515,80.386,93.731,84.83,1.203,1.26
25,977,basic,238.487,185.539,238.367,185.459,1.308,1.307
26,103,basic,277.051,246.802,277.062,246.814,1.627,1.627
26,104,basic,152.749,65.369,153.024,65.431,2.615,2.621
26,105,basic,446.129,227.32,446.14,227.289,2.341,2.342
26,105,gifted,177.548,163.33,177.548,163.33,,
26,106,basic,470.364,299.05,470.716,299.142,1.831,1.834
26,106,gifted,117.485,108.077,117.485,108.077,,
26,107,basic,513.953,272.332,512.172,271.567,2.518,2.513
26,109,basic,148.48,102.888,148.332,102.797,2.143,2.142
26,110,basic,398.666,226.401,399.016,226.568,2.132,2.133
26,113,basic,381.678,242.746,381.615,242.655,2.376,2.377
26,113,gifted,133.611,122.912,133.611,122.912,,
26,115,basic,146.787,90.509,146.782,90.506,1.705,1.705
26,117,basic,257.188,166.973,257.442,167.07,2.346,2.349
26,117,gifted,89.743,82.557,89.743,82.557,,
26,118,basic,268.966,150.636,269.177,150.708,2.138,2.14
26,130,basic,667.189,416.973,667.038,416.916,1.743,1.742
26,201,basic,81.421,51.927,80.768,51.511,1.088,1.087
26,202,basic,166.864,87.028,191.672,99.361,1.637,1.678
26,203,basic,260.306,173.554,259.206,173.005,1.289,1.283
26,204,basic,176.242,118.182,379.906,255.529,1.488,1.502
26,207,basic,0.0,0.0,126.499,90.858,,1.091
26,208,basic,196.466,156.644,0.0,0.0,1.323,
26,209,basic,156.522,57.597,250.269,91.085,0.771,0.841
26,210,basic,191.968,83.799,0.0,0.0,1.42,
26,211,basic,73.641,44.907,259.948,164.305,1.114,1.369
26,212,gifted,205.8,189.32,205.8,189.32,,
26,215,basic,115.74,68.011,115.662,68.089,0.89,0.882
26,218,basic,158.111,95.067,210.334,123.243,0.765,0.929
26,220,basic,85.618,67.683,0.0,0.0,1.322,
26,221,basic,161.595,107.519,251.019,168.845,1.011,0.989
26,222,basic,145.216,84.395,181.125,107.824,1.976,1.856
26,225,basic,78.262,39.53,77.247,39.021,1.221,1.221
26,226,basic,256.141,163.918,255.197,164.296,1.292,1.255
26,229,basic,248.81,191.85,0.0,0.0,1.148,
26,230,basic,105.069,67.823,208.814,131.836,1.049,1.207
26,233,basic,278.132,168.177,279.378,168.859,0.83,0.833
26,234,basic,75.885,57.595,0.0,0.0,1.23,
26,235,basic,87.783,54.568,143.909,88.897,1.199,1.264
26,236,basic,52.965,45.841,109.235,88.794,1.062,1.349
26,239,basic,277.528,157.586,0.0,0.0,1.756,
26,241,basic,384.839,137.884,826.202,291.135,1.9,2.256
26,242,basic,152.883,101.392,0.0,0.0,1.221,
26,243,basic,217.253,113.876,296.162,154.355,1.0,1.038
26,244,basic,35.872,33.373,36.481,33.898,1.127,1.159
26,245,basic,320.234,263.652,448.058,362.038,1.237,1.361
26,246,basic,241.344,122.943,397.656,200.964,1.249,1.306
26,247,basic,363.737,129.326,1029.462,349.503,1.59,2.293
26,248,basic,150.436,92.268,0.0,0.0,0.9,
26,249,basic,31.081,22.659,34.452,24.949,0.874,0.916
26,250,basic,88.616,62.297,145.349,103.651,0.965,0.873
26,251,basic,136.779,66.883,164.663,80.073,1.425,1.448
26,252,basic,242.364,163.934,242.371,164.326,1.479,1.465
26,255,basic,89.406,56.859,283.794,175.0,0.854,1.06
26,257,basic,121.693,98.758,417.638,326.992,1.08,1.32
26,259,basic,159.538,109.179,0.0,0.0,1.415,
26,261,basic,179.698,158.335,240.073,202.058,1.092,1.397
26,262,basic,193.336,140.854,346.158,247.365,1.075,1.196
26,264,basic,77.253,36.264,0.0,0.0,0.927,
26,266,basic,107.85,81.984,113.178,85.938,0.918,0.925
26,267,basic,115.686,95.93,130.709,108.125,1.024,1.04
26,268,basic,110.124,104.618,0.0,0.0,1.065,
26,269,basic,103.618,95.451,223.456,202.265,1.085,1.387
26,270,basic,157.705,102.629,529.283,348.481,1.523,1.493
26,272,basic,40.943,38.431,0.0,0.0,1.044,
26,275,basic,98.131,90.958,210.535,193.953,1.187,1.273
26,276,basic,153.306,75.658,321.654,163.237,1.156,1.337
26,277,basic,132.02,82.652,135.7,84.74,1.033,1.049
26,279,basic,109.93,49.2,148.495,66.107,1.009,1.045
26,281,basic,69.325,44.62,148.603,89.198,0.818,1.262
26,282,basic,74.452,52.846,85.225,59.135,0.881,1.022
26,286,basic,181.699,111.69,314.175,198.489,1.906,1.811
26,287,gifted,190.0,174.785,0.0,0.0,,
26,288,basic,182.762,151.878,183.104,152.497,1.387,1.376
26,289,basic,156.953,132.437,0.0,0.0,1.384,
26,291,basic,369.617,257.541,623.218,427.826,2.288,2.377
26,292,basic,562.302,327.009,766.944,442.306,1.55,1.492
26,930,basic,399.149,348.2,824.634,728.654,2.314,2.232
26,935,basic,437.658,301.544,0.0,0.0,1.894,
26,939,basic,216.444,109.343,0.0,0.0,1.761,
26,949,basic,378.564,306.342,0.0,0.0,1.565,
26,955,basic,46.975,44.627,0.0,0.0,2.737,
26,971,gifted,515.827,474.52,703.863,647.499,,
26,972,basic,263.203,191.822,0.0,0.0,1.852,
26,974,basic,85.21,73.766,90.329,77.634,1.233,1.286
26,977,basic,248.692,175.39,247.082,174.445,1.354,1.347
27,103,basic,256.314,223.715,256.317,223.719,1.624,1.624
27,104,basic,151.337,56.007,151.642,56.049,2.576,2.582
27,105,basic,446.049,203.693,446.036,203.645,2.27,2.271
27,105,gifted,178.478,163.876,178.478,163.876,,
27,106,basic,470.698,280.381,471.004,280.435,1.785,1.787
27,106,gifted,117.809,108.171,117.809,108.171,,
27,107,basic,506.366,238.179,504.599,237.56,2.495,2.491
27,109,basic,148.969,96.921,148.868,96.85,2.093,2.093
27,110,basic,397.493,203.281,397.928,203.462,2.106,2.107
27,113,basic,402.369,234.858,402.385,234.783,2.362,2.363
27,113,gifted,136.255,125.108,136.255,125.108,,
27,115,basic,144.797,83.327,144.791,83.324,1.706,1.706
27,117,basic,254.366,151.715,254.713,151.824,2.303,2.305
27,117,gifted,88.986,81.706,88.986,81.706,,
27,118,basic,270.703,137.075,270.926,137.135,2.127,2.128
27,130,basic,658.446,380.957,658.224,380.881,1.72,1.72
27,201,basic,78.926,54.7,78.871,54.537,0.986,0.994
27,202,basic,172.601,90.894,198.492,103.551,1.6,1.643
27,203,basic,259.223,183.468,258.111,182.949,1.289,1.283
27,204,basic,173.938,126.005,371.244,266.75,1.363,1.439
27,207,basic,0.0,0.0,128.696,99.489,,1.056
27,208,basic,199.569,167.97,0.0,0.0,1.224,
27,209,basic,140.777,51.106,233.178,83.374,0.774,0.84
27,210,basic,195.062,83.854,0.0,0.0,1.397,
27,211,basic,78.732,50.802,266.103,169.487,1.116,1.357
27,212,gifted,205.991,189.137,205.991,189.137,,
27,215,basic,117.828,71.615,117.316,71.851,0.927,0.903
27,218,basic,157.965,101.617,208.697,130.016,0.766,0.904
27,220,basic,91.343,74.221,0.0,0.0,1.384,
27,221,basic,167.535,118.745,259.997,186.138,0.972,0.973
27,222,basic,140.5,82.165,174.964,105.718,1.968,1.85
27,225,basic,76.145,39.427,74.953,38.844,1.186,1.182
27,226,basic,259.113,169.531,257.878,171.855,1.326,1.251
27,229,basic,254.94,215.775,0.0,0.0,1.122,
27,230,basic,107.115,74.596,216.463,145.576,1.016,1.19
27,233,basic,273.427,176.381,274.414,176.96,0.823,0.825
27,234,basic,78.36,64.891,0.0,0.0,1.195,
27,235,basic,82.132,53.124,138.678,88.732,1.208,1.284
27,236,basic,49.386,43.838,104.989,84.25,1.038,1.464
27,239,basic,271.429,159.29,0.0,0.0,1.679,
27,241,basic,385.595,129.941,823.709,267.098,1.875,2.144
27,242,basic,157.864,111.595,0.0,0.0,1.209,
27,243,basic,217.726,118.807,295.107,159.752,0.979,1.016
27,244,basic,39.415,36.32,39.966,36.883,1.183,1.198
27,245,basic,319.193,278.231,452.252,385.386,1.266,1.391
27,246,basic,228.995,121.535,387.711,202.768,1.154,1.225
27,247,basic,371.226,125.787,1037.396,315.187,1.557,2.227
27,248,basic,142.217,93.744,0.0,0.0,0.877,
27,249,basic,26.228,20.443,29.166,22.643,0.947,0.969
27,250,basic,88.553,67.542,142.844,111.645,0.989,0.881
27,251,basic,134.981,67.008,163.333,79.494,1.324,1.395
27,252,basic,234.963,168.773,235.014,169.23,1.418,1.408
27,255,basic,88.292,60.362,281.401,185.211,0.861,1.041
27,257,basic,120.593,106.189,417.563,351.574,1.085,1.338
27,259,basic,156.157,117.901,0.0,0.0,1.251,
27,261,basic,168.805,153.467,229.647,198.801,1.08,1.407
27,262,basic,187.668,149.019,338.822,262.24,1.053,1.163
27,264,basic,78.197,36.947,0.0,0.0,0.931,
27,266,basic,105.185,87.976,110.23,92.047,0.891,0.897
27,267,basic,119.25,108.515,134.33,121.899,1.014,1.029
27,268,basic,109.79,104.301,0.0,0.0,1.06,
27,269,basic,106.001,99.234,225.049,210.127,1.041,1.373
27,270,basic,158.056,109.835,529.435,372.187,1.442,1.44
27,272,basic,39.828,37.313,0.0,0.0,1.073,
27,275,basic,94.112,88.258,202.917,189.816,1.156,1.274
27,276,basic,148.748,74.572,317.387,157.502,1.138,1.323
27,277,basic,122.902,82.641,126.788,84.911,1.007,1.024
27,279,basic,103.541,47.022,140.43,63.248,0.982,1.02
27,281,basic,68.451,47.767,145.8,92.282,0.811,1.237
27,282,basic,79.62,61.907,91.098,68.622,0.886,1.02
27,286,basic,177.009,109.162,305.672,195.495,1.884,1.794
27,287,gifted,190.0,174.455,0.0,0.0,,
27,288,basic,189.191,161.147,188.931,162.51,1.434,1.399
27,289,basic,157.369,135.123,0.0,0.0,1.37,
27,291,basic,384.384,257.828,635.698,427.048,2.354,2.367
27,292,basic,565.879,327.385,771.112,447.349,1.495,1.444
27,930,basic,399.201,346.849,824.706,727.83,2.344,2.237
27,935,basic,437.223,304.21,0.0,0.0,1.798,
27,939,basic,217.449,106.37,0.0,0.0,1.688,
27,949,basic,380.014,313.063,0.0,0.0,1.542,
27,955,basic,46.439,44.117,0.0,0.0,2.76,
27,971,gifted,515.2,473.048,703.28,645.741,,
27,972,basic,259.205,189.239,0.0,0.0,1.851,
27,974,basic,84.687,76.203,90.872,81.384,1.203,1.266
27,977,basic,234.929,180.729,235.786,181.069,1.276,1.285
28,103,basic,265.362,237.564,265.359,237.568,1.663,1.662
28,104,basic,142.777,52.641,143.088,52.68,2.343,2.349
28,105,basic,461.106,203.6,461.019,203.521,2.272,2.273
28,105,gifted,182.208,167.377,182.208,167.377,,
28,106,basic,457.4,265.709,457.697,265.787,1.837,1.838
28,106,gifted,116.468,106.987,116.468,106.987,,
28,107,basic,491.356,228.422,489.576,227.785,2.498,2.494
28,109,basic,148.223,99.244,148.145,99.165,2.064,2.065
28,110,basic,400.433,198.995,401.035,199.242,2.066,2.067
28,113,basic,389.996,230.306,390.074,230.241,2.353,2.355
28,113,gifted,132.793,121.983,132.793,121.983,,
28,115,basic,136.592,76.689,136.581,76.684,1.729,1.729
28,117,basic,256.05,154.377,256.739,154.641,2.293,2.298
28,117,gifted,89.213,81.951,89.213,81.951,,
28,118,basic,257.615,127.649,257.808,127.703,2.128,2.129
28,130,basic,662.244,375.772,661.862,375.652,1.702,1.701
28,201,basic,78.999,53.469,78.58,53.19,1.029,1.028
28,202,basic,172.52,87.84,198.707,100.442,1.662,1.7
28,203,basic,261.342,185.861,260.214,185.286,1.293,1.287
28,204,basic,180.308,131.62,382.12,278.547,1.425,1.471
28,207,basic,0.0,0.0,125.413,97.391,,1.033
28,208,basic,206.028,175.724,0.0,0.0,1.232,
28,209,basic,145.129,45.771,236.603,73.521,0.771,0.841
28,210,basic,193.314,76.439,0.0,0.0,1.394,
28,211,basic,77.843,49.356,264.134,166.203,1.111,1.351
28,212,gifted,205.653,188.913,205.653,188.913,,
28,215,basic,115.407,68.836,115.118,68.826,0.873,0.865
28,218,basic,154.517,95.352,205.443,122.68,0.763,0.917
28,220,basic,85.176,72.525,0.0,0.0,1.295,
28,221,basic,164.709,114.692,254.934,179.323,0.966,0.963
28,222,basic,147.226,89.433,182.937,114.446,1.892,1.781
28,225,basic,82.927,40.478,81.871,39.972,1.219,1.218
28,226,basic,256.799,169.616,255.882,170.243,1.23,1.197
28,229,basic,249.102,215.73,0.0,0.0,1.132,
28,230,basic,112.146,77.182,218.29,145.479,1.023,1.196
28,233,basic,280.706,174.18,281.917,174.844,0.826,0.829
28,234,basic,80.228,68.348,0.0,0.0,1.201,
28,235,basic,77.558,50.077,130.507,83.374,1.154,1.23
28,236,basic,50.576,45.195,104.462,87.946,1.101,1.369
28,239,basic,274.459,159.527,0.0,0.0,1.716,
28,241,basic,385.226,118.908,826.058,244.405,1.854,2.169
28,242,basic,158.844,112.497,0.0,0.0,1.225,
28,243,basic,216.309,110.889,295.529,150.249,0.986,1.028
28,244,basic,35.387,33.06,35.949,33.556,1.123,1.155
28,245,basic,320.207,288.159,446.969,394.067,1.224,1.354
28,246,basic,241.553,121.186,400.647,198.198,1.186,1.26
28,247,basic,364.463,110.962,1029.949,284.627,1.549,2.216
28,248,basic,149.053,95.657,0.0,0.0,0.889,
28,249,basic,29.48,23.621,32.878,26.122,0.875,0.915
28,250,basic,88.876,68.517,143.273,112.533,0.949,0.86
28,251,basic,132.624,61.27,159.641,73.106,1.358,1.39
28,252,basic,232.024,167.18,232.078,167.666,1.415,1.404
28,255,basic,85.58,57.691,279.49,180.617,0.829,1.042
28,257,basic,121.042,109.003,415.079,359.984,1.064,1.31
28,259,basic,164.248,124.109,0.0,0.0,1.334,
28,261,basic,169.89,156.503,229.422,204.452,1.097,1.418
28,262,basic,187.351,149.969,336.738,262.872,1.063,1.18
28,264,basic,80.158,34.643,0.0,0.0,0.91,
28,266,basic,109.823,91.678,115.104,95.954,0.91,0.916
28,267,basic,118.683,110.512,133.366,123.948,1.023,1.037
28,268,basic,108.092,102.687,0.0,0.0,1.073,
28,269,basic,108.658,102.377,228.612,216.156,1.072,1.406
28,270,basic,157.425,110.125,521.117,369.784,1.487,1.468
28,272,basic,38.82,36.577,0.0,0.0,1.073,
28,275,basic,95.769,90.385,207.477,196.332,1.183,1.296
28,276,basic,153.883,71.951,321.748,149.56,1.121,1.305
28,277,basic,126.196,83.098,129.776,85.167,1.009,1.024
28,279,basic,106.053,43.79,144.009,59.045,0.995,1.031
28,281,basic,67.298,46.054,144.462,90.271,0.809,1.239
28,282,basic,78.098,60.913,89.795,67.978,0.884,1.021
28,286,basic,172.796,113.588,302.381,202.317,1.676,1.665
28,287,gifted,190.0,174.534,0.0,0.0,,
28,288,basic,187.718,166.187,187.855,166.946,1.379,1.366
28,289,basic,160.039,141.13,0.0,0.0,1.411,
28,291,basic,370.648,268.256,623.752,442.7,2.144,2.261
28,292,basic,565.621,318.607,771.014,434.95,1.502,1.45
28,930,basic,399.396,364.327,824.896,758.454,2.379,2.279
28,935,basic,438.109,312.097,0.0,0.0,1.791,
28,939,basic,218.52,103.192,0.0,0.0,1.663,
28,949,basic,383.04,323.883,0.0,0.0,1.602,
28,955,basic,47.851,45.458,0.0,0.0,2.847,
28,971,gifted,515.737,473.756,703.845,646.552,,
28,972,basic,262.298,197.035,0.0,0.0,1.84,
28,974,basic,88.776,81.372,93.272,85.395,1.259,1.306
28,977,basic,230.546,181.175,230.73,181.162,1.29,1.295
29,103,basic,265.527,228.925,265.543,228.937,1.615,1.615
29,104,basic,148.881,54.115,149.123,54.159,2.496,2.501
29,105,basic,453.244,201.061,453.238,201.027,2.265,2.266
29,105,gifted,181.636,166.737,181.636,166.737,,
29,106,basic,449.514,253.385,449.832,253.465,1.795,1.798
29,106,gifted,115.983,106.469,115.983,106.469,,
29,107,basic,510.873,239.174,509.169,238.527,2.466,2.462
29,109,basic,159.067,99.827,158.901,99.733,2.175,2.174
29,110,basic,384.504,184.236,384.869,184.384,2.137,2.138
29,113,basic,396.344,228.487,396.342,228.427,2.365,2.366
29,113,gifted,134.078,123.08,134.078,123.08,,
29,115,basic,141.825,76.701,141.822,76.7,1.736,1.736
29,117,basic,266.867,154.759,267.091,154.83,2.33,2.333
29,117,gifted,89.997,82.615,89.997,82.615,,
29,118,basic,262.829,128.03,263.016,128.085,2.143,2.145
29,130,basic,675.503,363.586,675.338,363.529,1.72,1.72
29,201,basic,77.033,52.697,76.944,52.606,1.04,1.043
29,202,basic,170.37,90.744,195.644,103.587,1.724,1.765
29,203,basic,234.769,169.505,233.445,168.74,1.288,1.281
29,204,basic,168.999,124.992,367.973,271.777,1.459,1.499
29,207,basic,0.0,0.0,119.176,90.092,,1.099
29,208,basic,212.43,175.573,0.0,0.0,1.222,
29,209,basic,141.104,46.632,233.273,76.261,0.78,0.849
29,210,basic,193.577,80.39,0.0,0.0,1.428,
29,211,basic,71.161,45.808,255.412,159.307,1.12,1.364
29,212,gifted,205.792,188.912,205.792,188.912,,
29,215,basic,118.158,69.716,118.03,69.82,0.894,0.882
29,218,basic,153.571,94.906,205.063,123.476,0.768,0.935
29,220,basic,88.062,74.454,0.0,0.0,1.467,
29,221,basic,165.544,112.704,257.059,176.938,1.034,1.012
29,222,basic,151.42,91.299,186.036,115.782,2.267,2.091
29,225,basic,83.968,42.19,82.943,41.687,1.285,1.283
29,226,basic,259.224,169.379,258.431,169.841,1.307,1.271
29,229,basic,256.534,219.418,0.0,0.0,1.156,
29,230,basic,107.002,74.38,215.193,145.85,1.028,1.208
29,233,basic,281.254,174.508,282.158,175.018,0.837,0.84
29,234,basic,74.7,63.649,0.0,0.0,1.204,
29,235,basic,92.721,58.926,149.354,94.83,1.289,1.322
29,236,basic,48.359,43.332,101.483,84.682,1.146,1.524
29,239,basic,272.078,163.916,0.0,0.0,1.777,
29,241,basic,383.726,128.755,824.579,264.288,1.934,2.242
29,242,basic,161.222,114.724,0.0,0.0,1.234,
29,243,basic,218.3,114.879,299.134,156.296,0.98,1.028
29,244,basic,35.605,33.405,36.068,33.818,1.168,1.202
29,245,basic,318.154,285.586,450.242,396.807,1.234,1.37
29,246,basic,233.812,121.391,394.717,202.994,1.199,1.268
29,247,basic,374.094,122.833,1040.247,311.627,1.612,2.269
29,248,basic,145.175,93.756,0.0,0.0,0.885,
29,249,basic,31.591,24.859,35.118,27.466,0.863,0.902
29,250,basic,83.521,64.212,140.555,109.58,0.948,0.857
29,251,basic,129.479,61.884,156.364,73.82,1.387,1.448
29,252,basic,241.85,175.76,241.934,175.961,1.459,1.454
29,255,basic,87.207,58.878,284.685,186.113,0.833,1.051
29,257,basic,122.975,109.635,415.841,358.628,1.08,1.33
29,259,basic,163.519,126.698,0.0,0.0,1.271,
29,261,basic,172.385,159.565,231.957,208.978,1.123,1.45
29,262,basic,191.432,151.771,346.772,269.802,1.068,1.188
29,264,basic,80.292,35.167,0.0,0.0,0.939,
29,266,basic,104.573,84.929,109.541,88.866,0.942,0.948
29,267,basic,114.458,105.023,129.189,118.246,1.017,1.035
29,268,basic,111.0,105.45,0.0,0.0,1.065,
29,269,basic,106.943,101.125,226.273,214.338,1.033,1.382
29,270,basic,172.806,122.725,543.582,393.346,1.583,1.506
29,272,basic,43.641,41.283,0.0,0.0,1.072,
29,275,basic,97.594,92.311,206.08,195.32,1.153,1.271
29,276,basic,147.38,70.649,315.992,148.022,1.134,1.312
29,277,basic,124.492,82.89,128.156,85.09,1.01,1.027
29,279,basic,100.936,43.328,138.721,59.143,0.999,1.045
29,281,basic,69.636,47.581,149.027,94.992,0.82,1.27
29,282,basic,76.971,59.702,88.425,67.033,0.899,1.044
29,286,basic,176.174,113.428,305.639,201.765,1.95,1.869
29,287,gifted,190.0,174.415,0.0,0.0,,
29,288,basic,187.288,168.253,187.416,168.795,1.397,1.385
29,289,basic,158.88,136.229,0.0,0.0,1.368,
29,291,basic,375.959,267.043,628.186,445.749,2.331,2.382
29,292,basic,563.69,318.963,768.206,437.92,1.517,1.464
29,930,basic,399.178,369.223,824.723,766.609,2.419,2.315
29,935,basic,438.548,309.476,0.0,0.0,1.881,
29,939,basic,220.914,105.922,0.0,0.0,1.728,
29,949,basic,378.848,320.597,0.0,0.0,1.555,
29,955,basic,44.788,42.549,0.0,0.0,2.8,
29,971,gifted,515.56,473.271,703.679,645.96,,
29,972,basic,262.924,195.802,0.0,0.0,1.886,
29,974,basic,89.272,82.719,93.939,86.984,1.268,1.318
29,977,basic,235.015,186.134,235.898,186.603,1.298,1.306
30,103,basic,270.703,235.13,270.716,235.143,1.601,1.601
30,104,basic,159.317,54.75,159.634,54.798,2.773,2.778
30,105,basic,456.972,204.73,456.945,204.676,2.272,2.273
30,105,gifted,182.952,167.507,182.952,167.507,,
30,106,basic,462.556,269.985,462.924,270.043,1.758,1.76
30,106,gifted,116.029,106.234,116.029,106.234,,
30,107,basic,500.973,232.747,499.163,232.11,2.482,2.478
30,109,basic,153.553,96.608,153.376,96.514,2.141,2.14
30,110,basic,395.497,191.5,395.823,191.624,2.094,2.094
30,113,basic,394.614,228.095,394.558,228.009,2.347,2.348
30,113,gifted,136.122,124.63,136.122,124.63,,
30,115,basic,149.179,84.189,149.174,84.187,1.728,1.728
30,117,basic,255.915,147.219,256.141,147.279,2.303,2.306
30,117,gifted,89.907,82.317,89.907,82.317,,
30,118,basic,267.304,134.012,267.439,134.039,2.07,2.072
30,130,basic,664.331,367.196,664.17,367.148,1.698,1.697
30,201,basic,76.459,52.818,76.303,52.629,1.03,1.035
30,202,basic,173.55,89.943,199.118,102.257,1.68,1.724
30,203,basic,263.415,188.53,262.285,188.095,1.292,1.284
30,204,basic,177.992,129.865,380.396,276.639,1.406,1.459
30,207,basic,0.0,0.0,125.63,94.557,,1.041
30,208,basic,204.411,170.245,0.0,0.0,1.219,
30,209,basic,143.998,49.944,237.358,81.032,0.762,0.832
30,210,basic,192.636,79.631,0.0,0.0,1.385,
30,211,basic,70.055,45.79,250.986,161.521,1.102,1.343
30,212,gifted,205.931,188.546,205.931,188.546,,
30,215,basic,124.936,73.388,124.665,73.612,0.929,0.912
30,218,basic,157.996,100.932,209.276,129.296,0.772,0.919
30,220,basic,92.253,75.566,0.0,0.0,1.388,
30,221,basic,166.729,114.126,257.184,177.729,0.947,0.95
30,222,basic,148.285,86.26,182.331,109.664,2.065,1.935
30,225,basic,77.649,40.113,76.431,39.526,1.155,1.15
30,226,basic,266.617,166.783,265.667,168.459,1.334,1.277
30,229,basic,250.914,214.727,0.0,0.0,1.129,
30,230,basic,107.802,76.359,210.381,143.89,1.011,1.186
30,233,basic,273.182,174.506,273.86,174.914,0.818,0.819
30,234,basic,77.184,65.454,0.0,0.0,1.167,
30,235,basic,85.413,53.705,143.17,89.41,1.231,1.295
30,236,basic,55.303,49.079,115.125,91.504,1.009,1.469
30,239,basic,282.756,165.881,0.0,0.0,1.734,
30,241,basic,385.355,126.596,824.301,257.955,1.855,2.158
30,242,basic,159.315,113.551,0.0,0.0,1.196,
30,243,basic,220.77,118.992,299.817,160.211,0.979,1.02
30,244,basic,35.58,32.984,36.243,33.601,1.141,1.167
30,245,basic,316.985,276.058,443.321,376.567,1.237,1.366
30,246,basic,235.385,122.669,394.816,202.323,1.204,1.284
30,247,basic,369.34,120.975,1035.519,303.482,1.551,2.22
30,248,basic,145.949,96.689,0.0,0.0,0.889,
30,249,basic,28.29,22.298,31.333,24.536,0.891,0.922
30,250,basic,87.528,68.34,142.161,113.527,0.972,0.871
30,251,basic,133.98,63.255,161.462,75.277,1.341,1.388
30,252,basic,233.905,167.398,233.941,167.779,1.393,1.384
30,255,basic,86.624,59.928,281.339,186.855,0.854,1.049
30,257,basic,126.189,111.082,425.139,358.766,1.092,1.331
30,259,basic,172.657,129.432,0.0,0.0,1.405,
30,261,basic,176.899,161.843,237.394,207.646,1.078,1.396
30,262,basic,184.519,146.553,339.402,263.131,1.066,1.172
30,264,basic,78.235,34.681,0.0,0.0,0.925,
30,266,basic,106.188,87.204,111.443,91.318,0.904,0.913
30,267,basic,110.398,99.961,125.624,113.482,1.031,1.044
30,268,basic,112.054,106.452,0.0,0.0,1.057,
30,269,basic,107.677,101.23,227.929,213.911,1.04,1.379
30,270,basic,167.571,117.157,539.322,385.378,1.53,1.485
30,272,basic,39.091,36.768,0.0,0.0,1.048,
30,275,basic,94.388,88.765,203.367,190.89,1.14,1.26
30,276,basic,150.455,72.396,320.371,152.016,1.129,1.314
30,277,basic,125.238,85.276,129.49,87.783,1.0,1.019
30,279,basic,102.917,45.501,140.389,61.433,0.976,1.023
30,281,basic,69.089,49.023,143.623,92.768,0.795,1.21
30,282,basic,75.385,60.629,86.059,67.116,0.846,0.978
30,286,basic,182.211,109.048,312.587,194.887,1.895,1.784
30,287,gifted,190.0,173.96,0.0,0.0,,
30,288,basic,192.353,165.569,192.406,166.568,1.453,1.433
30,289,basic,155.721,137.16,0.0,0.0,1.353,
30,291,basic,374.93,251.944,624.565,418.387,2.288,2.323
30,292,basic,565.679,323.579,770.692,442.941,1.5,1.446
30,930,basic,399.363,355.298,824.82,742.793,2.379,2.275
30,935,basic,438.049,305.739,0.0,0.0,1.821,
30,939,basic,218.505,103.276,0.0,0.0,1.693,
30,949,basic,376.505,320.152,0.0,0.0,1.513,
30,955,basic,44.969,42.72,0.0,0.0,2.763,
30,971,gifted,515.854,472.306,704.087,644.648,,
30,972,basic,261.953,191.202,0.0,0.0,1.869,
30,974,basic,87.274,79.516,92.084,83.726,1.225,1.281
30,977,basic,239.455,189.805,241.358,190.625,1.266,1.282
31,103,basic,252.59,215.466,252.564,215.467,1.664,1.663
31,104,basic,127.944,52.802,128.202,52.839,2.124,2.13
31,105,basic,438.701,202.728,438.602,202.652,2.263,2.264
31,105,gifted,178.761,164.338,178.761,164.338,,
31,106,basic,457.083,270.117,457.345,270.183,1.757,1.758
31,106,gifted,116.512,107.112,116.512,107.112,,
31,107,basic,527.661,250.37,525.92,249.746,2.527,2.523
31,109,basic,152.02,99.346,151.946,99.267,2.017,2.019
31,110,basic,388.582,193.742,389.379,194.075,2.142,2.144
31,113,basic,376.343,222.736,376.338,222.657,2.298,2.3
31,113,gifted,134.499,123.648,134.499,123.648,,
31,115,basic,145.879,82.951,145.872,82.948,1.72,1.72
31,117,basic,250.66,147.688,251.517,148.039,2.302,2.307
31,117,gifted,88.905,81.732,88.905,81.732,,
31,118,basic,268.758,137.292,268.933,137.337,2.084,2.086
31,130,basic,660.183,371.036,659.714,370.896,1.734,1.733
31,201,basic,78.816,53.521,78.37,53.214,1.077,1.076
31,202,basic,162.973,89.786,188.256,102.886,1.493,1.536
31,203,basic,266.44,189.222,265.383,188.627,1.296,1.291
31,204,basic,182.514,131.399,380.856,274.396,1.438,1.47
31,207,basic,0.0,0.0,122.356,91.766,,1.075
31,208,basic,204.945,168.24,0.0,0.0,1.238,
31,209,basic,148.104,53.549,241.13,86.065,0.785,0.851
31,210,basic,193.752,84.047,0.0,0.0,1.377,
31,211,basic,84.165,54.541,274.166,174.855,1.115,1.344
31,212,gifted,205.915,189.302,205.915,189.302,,
31,215,basic,119.79,72.769,119.563,72.777,0.867,0.86
31,218,basic,163.601,104.074,214.781,132.727,0.769,0.917
31,220,basic,85.526,70.963,0.0,0.0,1.36,
31,221,basic,160.999,110.871,251.943,175.186,0.976,0.973
31,222,basic,136.924,85.138,173.85,111.055,1.809,1.71
31,225,basic,79.157,41.321,78.124,40.786,1.189,1.188
31,226,basic,262.378,169.988,261.645,171.016,1.291,1.248
31,229,basic,248.877,207.682,0.0,0.0,1.153,
31,230,basic,115.836,79.914,226.537,152.56,1.074,1.219
31,233,basic,283.713,180.634,284.766,181.225,0.829,0.832
31,234,basic,78.694,64.824,0.0,0.0,1.222,
31,235,basic,75.315,48.75,128.674,82.446,1.17,1.247
31,236,basic,48.152,42.501,101.157,83.598,1.076,1.367
31,239,basic,259.551,156.758,0.0,0.0,1.635,
31,241,basic,383.433,132.11,823.887,274.198,1.932,2.193
31,242,basic,164.293,115.144,0.0,0.0,1.249,
31,243,basic,219.925,119.641,298.136,161.041,0.988,1.027
31,244,basic,36.602,34.095,37.152,34.58,1.13,1.159
31,245,basic,323.654,281.9,454.283,386.966,1.227,1.353
31,246,basic,233.11,123.423,393.203,205.748,1.201,1.27
31,247,basic,369.084,126.656,1033.512,323.627,1.618,2.251
31,248,basic,148.083,97.197,0.0,0.0,0.888,
31,249,basic,27.695,21.542,30.943,23.891,0.894,0.933
31,250,basic,87.889,67.032,144.896,112.71,0.977,0.874
31,251,basic,128.912,63.044,155.838,75.264,1.369,1.419
31,252,basic,239.995,172.342,240.062,172.595,1.393,1.387
31,255,basic,84.019,57.633,276.804,182.838,0.828,1.035
31,257,basic,124.147,108.462,416.149,348.882,1.064,1.308
31,259,basic,158.081,119.529,0.0,0.0,1.283,
31,261,basic,169.405,154.989,228.302,200.173,1.073,1.383
31,262,basic,186.384,145.777,335.903,257.473,1.072,1.175
31,264,basic,77.657,35.963,0.0,0.0,0.925,
31,266,basic,103.335,84.128,108.423,88.148,0.888,0.895
31,267,basic,114.378,102.23,129.087,115.062,1.021,1.036
31,268,basic,108.735,103.298,0.0,0.0,1.057,
31,269,basic,104.407,97.676,222.468,207.616,1.044,1.387
31,270,basic,142.827,102.461,503.632,362.208,1.371,1.4
31,272,basic,41.615,39.135,0.0,0.0,1.075,
31,275,basic,91.216,85.421,197.452,184.644,1.185,1.289
31,276,basic,146.083,72.586,314.878,154.438,1.133,1.315
31,277,basic,128.263,86.001,131.534,87.959,1.022,1.035
31,279,basic,107.784,48.615,148.017,66.379,1.019,1.051
31,281,basic,62.687,43.408,139.526,88.653,0.829,1.274
31,282,basic,77.531,59.757,89.509,66.952,0.92,1.072
31,286,basic,178.718,113.136,307.771,199.056,1.778,1.743
31,287,gifted,190.0,174.671,0.0,0.0,,
31,288,basic,198.541,172.753,198.483,173.568,1.395,1.375
31,289,basic,157.998,135.881,0.0,0.0,1.352,
31,291,basic,376.754,260.066,629.72,429.202,2.221,2.318
31,292,basic,563.906,328.685,771.695,450.186,1.46,1.425
31,930,basic,399.146,357.778,824.559,745.188,2.317,2.229
31,935,basic,437.776,307.871,0.0,0.0,1.786,
31,939,basic,219.668,107.864,0.0,0.0,1.689,
31,949,basic,380.379,316.458,0.0,0.0,1.535,
31,955,basic,47.742,45.355,0.0,0.0,2.771,
31,971,gifted,516.358,474.698,704.396,647.564,,
31,972,basic,260.88,192.808,0.0,0.0,1.807,
31,974,basic,87.874,79.533,92.924,83.842,1.261,1.312
31,977,basic,238.537,182.351,236.79,181.386,1.348,1.337
32,103,basic,262.262,232.068,262.269,232.086,1.642,1.642
32,104,basic,128.054,52.127,128.325,52.17,2.203,2.208
32,105,basic,424.423,191.203,424.342,191.132,2.259,2.26
32,105,gifted,176.413,162.73,176.413,162.73,,
32,106,basic,453.585,277.544,453.898,277.607,1.75,1.752
32,106,gifted,115.508,106.549,115.508,106.549,,
32,107,basic,513.918,240.284,512.126,239.674,2.493,2.489
32,109,basic,149.825,103.146,149.723,103.061,2.011,2.012
32,110,basic,381.934,210.015,382.541,210.287,2.071,2.072
32,113,basic,385.424,229.458,385.433,229.403,2.277,2.278
32,113,gifted,132.786,122.487,132.786,122.487,,
32,115,basic,139.755,79.278,139.752,79.277,1.731,1.731
32,117,basic,260.597,163.614,261.307,163.892,2.309,2.314
32,117,gifted,89.909,82.936,89.909,82.936,,
32,118,basic,276.412,142.373,276.562,142.401,2.066,2.067
32,130,basic,657.624,412.766,657.26,412.658,1.674,1.673
32,201,basic,76.956,51.543,77.375,51.618,0.95,0.964
32,202,basic,164.075,85.024,189.384,97.227,1.518,1.56
32,203,basic,277.839,187.027,276.898,186.639,1.331,1.325
32,204,basic,183.808,127.392,383.708,264.541,1.393,1.456
32,207,basic,0.0,0.0,125.825,103.185,,1.031
32,208,basic,205.232,174.744,0.0,0.0,1.224,
32,209,basic,153.198,56.113,246.242,88.853,0.763,0.826
32,210,basic,192.247,84.976,0.0,0.0,1.363,
32,211,basic,73.767,45.41,260.764,160.182,1.107,1.346
32,212,gifted,205.75,189.791,205.75,189.791,,
32,215,basic,120.517,78.322,120.178,78.456,0.883,0.869
32,218,basic,159.09,99.838,210.4,127.514,0.754,0.901
32,220,basic,86.93,72.117,0.0,0.0,1.274,
32,221,basic,168.218,128.635,259.609,200.133,0.935,0.942
32,222,basic,137.254,80.295,172.716,103.904,1.789,1.698
32,225,basic,74.316,37.616,73.194,37.056,1.169,1.168
32,226,basic,265.703,191.228,264.678,192.545,1.256,1.212
32,229,basic,255.738,210.272,0.0,0.0,1.133,
32,230,basic,114.126,74.614,224.792,142.235,1.033,1.196
32,233,basic,281.379,179.365,282.51,179.993,0.822,0.824
32,234,basic,77.584,62.531,0.0,0.0,1.17,
32,235,basic,81.049,54.616,135.394,90.014,1.15,1.234
32,236,basic,47.12,42.185,100.111,83.668,1.058,1.367
32,239,basic,272.589,154.373,0.0,0.0,1.643,
32,241,basic,382.403,127.649,822.289,264.464,1.859,2.142
32,242,basic,156.827,109.209,0.0,0.0,1.197,
32,243,basic,217.922,115.673,296.54,156.0,0.977,1.018
32,244,basic,36.641,33.972,37.203,34.455,1.081,1.11
32,245,basic,319.614,285.952,446.334,391.055,1.232,1.36
32,246,basic,237.218,123.034,393.994,200.565,1.122,1.205
32,247,basic,374.907,126.365,1040.904,315.916,1.534,2.201
32,248,basic,153.839,96.917,0.0,0.0,0.891,
32,249,basic,30.74,24.723,34.191,27.257,0.861,0.899
32,250,basic,89.691,64.946,142.814,105.729,0.964,0.868
32,251,basic,134.188,69.029,161.659,82.377,1.355,1.388
32,252,basic,242.644,172.957,242.638,173.525,1.436,1.423
32,255,basic,89.198,58.467,282.448,176.658,0.83,1.043
32,257,basic,115.473,101.599,408.191,342.761,1.067,1.322
32,259,basic,158.437,111.761,0.0,0.0,1.263,
32,261,basic,172.115,156.489,230.072,199.387,1.063,1.358
32,262,basic,182.768,142.872,335.062,255.065,1.06,1.171
32,264,basic,75.302,38.614,0.0,0.0,0.9,
32,266,basic,109.195,93.25,114.522,97.615,0.893,0.9
32,267,basic,117.279,108.462,132.895,122.594,1.033,1.048
32,268,basic,109.36,103.892,0.0,0.0,1.066,
32,269,basic,110.048,102.859,229.236,213.618,1.047,1.376
32,270,basic,150.595,99.407,512.95,338.208,1.365,1.418
32,272,basic,40.237,37.616,0.0,0.0,1.021,
32,275,basic,93.366,87.282,203.572,189.757,1.175,1.286
32,276,basic,156.409,81.093,325.685,168.279,1.136,1.315
32,277,basic,122.173,77.895,125.779,79.899,0.999,1.014
32,279,basic,108.244,48.466,147.251,65.371,0.996,1.035
32,281,basic,67.153,44.576,140.823,84.802,0.799,1.21
32,282,basic,75.72,55.654,85.948,61.225,0.835,0.962
32,286,basic,175.518,118.899,306.348,212.865,1.697,1.668
32,287,gifted,190.0,175.263,0.0,0.0,,
32,288,basic,181.949,157.856,182.203,158.65,1.305,1.294
32,289,basic,152.248,123.777,0.0,0.0,1.335,
32,291,basic,370.664,266.172,622.912,436.874,2.094,2.216
32,292,basic,564.197,322.875,770.133,440.101,1.469,1.428
32,930,basic,398.872,333.861,824.304,701.551,2.245,2.161
32,935,basic,437.62,296.124,0.0,0.0,1.761,
32,939,basic,217.907,110.726,0.0,0.0,1.644,
32,949,basic,377.326,295.619,0.0,0.0,1.525,
32,955,basic,44.304,42.088,0.0,0.0,2.777,
32,971,gifted,515.747,475.744,703.84,649.248,,
32,972,basic,256.637,184.397,0.0,0.0,1.801,
32,974,basic,86.219,75.455,91.203,79.017,1.181,1.239
32,977,basic,233.313,167.856,233.035,167.67,1.306,1.305
33,103,basic,272.366,241.851,272.391,241.873,1.623,1.623
33,104,basic,148.329,60.182,148.52,60.225,2.462,2.465
33,105,basic,455.114,219.653,455.064,219.582,2.267,2.268
33,105,gifted,182.162,167.022,182.162,167.022,,
33,106,basic,465.412,284.251,465.719,284.3,1.861,1.863
33,106,gifted,116.821,107.111,116.821,107.111,,
33,107,basic,514.481,256.473,512.706,255.794,2.503,2.499
33,109,basic,150.134,102.801,149.993,102.72,2.07,2.069
33,110,basic,398.522,215.111,398.952,215.299,2.11,2.111
33,113,basic,395.561,240.617,395.545,240.561,2.368,2.369
33,113,gifted,134.745,123.546,134.745,123.546,,
33,115,basic,148.296,88.351,148.286,88.347,1.738,1.738
33,117,basic,267.583,167.481,267.91,167.586,2.315,2.318
33,117,gifted,89.303,81.881,89.303,81.881,,
33,118,basic,257.761,137.924,257.951,137.98,2.114,2.115
33,130,basic,661.015,406.321,660.815,406.249,1.68,1.679
33,201,basic,77.276,51.576,77.385,51.5,0.998,1.01
33,202,basic,169.293,88.832,194.105,100.951,1.57,1.614
33,203,basic,251.766,172.557,250.541,171.936,1.289,1.283
33,204,basic,173.317,121.205,371.443,259.014,1.392,1.442
33,207,basic,0.0,0.0,126.589,94.824,,1.075
33,208,basic,203.144,166.907,0.0,0.0,1.252,
33,209,basic,139.128,50.651,229.068,82.307,0.771,0.834
33,210,basic,193.708,83.082,0.0,0.0,1.408,
33,211,basic,78.61,48.696,270.178,170.655,1.163,1.374
33,212,gifted,206.07,188.943,206.07,188.943,,
33,215,basic,121.654,73.249,121.21,73.426,0.921,0.9
33,218,basic,151.001,94.1,201.755,121.913,0.765,0.912
33,220,basic,88.908,71.655,0.0,0.0,1.37,
33,221,basic,167.403,116.155,259.43,181.723,0.965,0.965
33,222,basic,149.052,84.148,184.242,107.573,2.05,1.917
33,225,basic,85.231,43.495,84.208,42.994,1.187,1.184
33,226,basic,261.292,168.325,260.269,170.028,1.341,1.278
33,229,basic,240.688,194.698,0.0,0.0,1.143,
33,230,basic,106.228,71.563,212.573,138.279,1.001,1.188
33,233,basic,277.094,173.842,278.097,174.419,0.819,0.82
33,234,basic,78.848,62.434,0.0,0.0,1.236,
33,235,basic,86.144,54.958,141.201,89.127,1.188,1.265
33,236,basic,51.068,44.78,107.541,84.976,1.062,1.501
33,239,basic,267.919,153.698,0.0,0.0,1.703,
33,241,basic,386.557,131.484,825.217,273.561,1.9,2.194
33,242,basic,164.53,112.697,0.0,0.0,1.229,
33,243,basic,215.232,114.679,294.077,155.362,0.986,1.03
33,244,basic,37.916,34.967,38.42,35.469,1.158,1.174
33,245,basic,320.481,275.586,451.076,378.889,1.243,1.366
33,246,basic,231.815,121.058,390.835,200.849,1.15,1.233
33,247,basic,364.105,123.657,1029.627,323.406,1.601,2.273
33,248,basic,147.25,93.717,0.0,0.0,0.897,
33,249,basic,30.562,23.448,33.719,25.742,0.887,0.914
33,250,basic,85.943,63.354,143.287,107.586,0.951,0.861
33,251,basic,123.997,61.01,150.788,72.988,1.34,1.403
33,252,basic,230.336,161.786,230.393,162.219,1.375,1.364
33,255,basic,87.242,57.572,281.655,178.834,0.862,1.062
33,257,basic,122.026,104.174,417.771,339.859,1.066,1.323
33,259,basic,161.095,115.689,0.0,0.0,1.308,
33,261,basic,177.298,159.655,240.055,204.707,1.095,1.425
33,262,basic,187.631,143.549,338.12,252.35,1.053,1.172
33,264,basic,78.462,37.106,0.0,0.0,0.923,
33,266,basic,102.151,81.95,107.143,85.836,0.905,0.911
33,267,basic,119.366,105.433,134.127,118.13,1.024,1.038
33,268,basic,111.333,105.766,0.0,0.0,1.086,
33,269,basic,107.286,99.989,227.005,209.468,1.057,1.388
33,270,basic,164.388,110.577,532.528,361.156,1.438,1.447
33,272,basic,41.701,39.067,0.0,0.0,1.063,
33,275,basic,89.966,83.829,198.811,184.145,1.18,1.283
33,276,basic,146.446,72.642,315.491,158.152,1.147,1.334
33,277,basic,126.475,82.118,130.454,84.363,1.002,1.021
33,279,basic,105.66,47.361,144.224,64.129,0.996,1.036
33,281,basic,66.668,44.756,144.242,88.622,0.818,1.246
33,282,basic,74.096,55.323,85.118,61.682,0.865,1.005
33,286,basic,182.738,111.494,313.064,197.979,1.898,1.801
33,287,gifted,190.0,174.209,0.0,0.0,,
33,288,basic,182.621,153.259,182.42,154.267,1.42,1.391
33,289,basic,160.599,138.061,0.0,0.0,1.363,
33,291,basic,372.454,256.997,621.71,423.27,2.199,2.281
33,292,basic,565.442,326.127,770.576,443.431,1.528,1.47
33,930,basic,398.936,343.989,824.378,722.015,2.341,2.242
33,935,basic,437.991,300.055,0.0,0.0,1.855,
33,939,basic,218.894,109.276,0.0,0.0,1.679,
33,949,basic,379.567,307.534,0.0,0.0,1.596,
33,955,basic,46.412,44.092,0.0,0.0,2.881,
33,971,gifted,515.645,472.788,703.741,645.252,,
33,972,basic,263.413,190.337,0.0,0.0,1.859,
33,974,basic,85.986,75.66,91.714,80.363,1.256,1.302
33,977,basic,238.728,175.996,239.623,176.334,1.3,1.31
34,103,basic,265.355,235.514,265.373,235.531,1.628,1.628
34,104,basic,131.911,54.047,132.126,54.093,2.476,2.481
34,105,basic,437.611,213.215,437.596,213.178,2.327,2.328
34,105,gifted,177.862,163.367,177.862,163.367,,
34,106,basic,460.097,279.755,460.375,279.832,1.825,1.827
34,106,gifted,117.172,107.623,117.172,107.623,,
34,107,basic,498.748,254.406,496.937,253.641,2.527,2.522
34,109,basic,141.748,95.091,141.59,94.991,2.169,2.169
34,110,basic,405.986,213.625,406.385,213.805,2.119,2.12
34,113,basic,395.592,245.322,395.587,245.255,2.384,2.386
34,113,gifted,136.144,125.05,136.144,125.05,,
34,115,basic,140.921,83.07,140.912,83.065,1.728,1.728
34,117,basic,260.161,161.752,260.472,161.879,2.347,2.35
34,117,gifted,89.59,82.289,89.59,82.289,,
34,118,basic,272.887,145.736,273.084,145.803,2.144,2.146
34,130,basic,654.5,380.41,654.293,380.324,1.745,1.745
34,201,basic,77.194,50.864,77.087,50.71,1.09,1.1
34,202,basic,170.475,89.864,196.003,102.721,1.719,1.761
34,203,basic,255.573,177.226,254.399,176.632,1.313,1.305
34,204,basic,184.043,130.944,380.457,270.157,1.445,1.487
34,207,basic,0.0,0.0,130.889,94.307,,1.112
34,208,basic,209.443,169.641,0.0,0.0,1.261,
34,209,basic,146.891,50.235,243.155,82.243,0.784,0.86
34,210,basic,192.251,80.752,0.0,0.0,1.426,
34,211,basic,74.13,46.5,260.283,165.15,1.125,1.385
34,212,gifted,205.656,188.897,205.656,188.897,,
34,215,basic,120.392,69.059,120.187,69.207,0.914,0.896
34,218,basic,157.592,95.239,209.178,123.642,0.78,0.933
34,220,basic,90.44,73.54,0.0,0.0,1.485,
34,221,basic,167.873,109.581,259.101,171.183,1.064,1.03
34,222,basic,144.08,83.665,178.415,107.066,2.331,2.137
34,225,basic,77.467,38.974,76.332,38.425,1.245,1.241
34,226,basic,264.597,164.437,263.49,165.347,1.403,1.34
34,229,basic,250.54,202.951,0.0,0.0,1.166,
34,230,basic,115.063,76.853,226.449,148.435,1.089,1.236
34,233,basic,278.585,169.252,279.422,169.742,0.825,0.826
34,234,basic,76.603,61.742,0.0,0.0,1.223,
34,235,basic,86.655,53.496,144.201,88.822,1.284,1.326
34,236,basic,50.661,44.587,107.586,86.406,1.108,1.581
34,239,basic,270.916,160.371,0.0,0.0,1.742,
34,241,basic,385.795,132.588,825.413,278.59,1.972,2.266
34,242,basic,158.544,108.818,0.0,0.0,1.22,
34,243,basic,213.494,111.578,291.328,151.402,0.984,1.025
34,244,basic,35.85,33.529,36.395,34.037,1.145,1.17
34,245,basic,322.058,273.818,451.075,376.443,1.252,1.389
34,246,basic,241.066,124.441,400.184,204.599,1.196,1.268
34,247,basic,371.138,124.89,1035.129,330.979,1.672,2.314
34,248,basic,144.606,91.02,0.0,0.0,0.886,
34,249,basic,29.423,21.915,32.768,24.294,0.907,0.94
34,250,basic,87.239,64.169,141.15,105.362,0.978,0.875
34,251,basic,138.579,65.655,166.657,77.841,1.424,1.495
34,252,basic,239.452,166.967,239.479,167.291,1.475,1.463
34,255,basic,88.294,57.887,281.698,179.465,0.839,1.047
34,257,basic,119.082,100.909,415.965,339.718,1.071,1.34
34,259,basic,156.569,116.071,0.0,0.0,1.287,
34,261,basic,173.489,158.403,234.574,205.966,1.101,1.433
34,262,basic,184.814,139.763,333.272,247.813,1.073,1.189
34,264,basic,80.769,35.592,0.0,0.0,0.921,
34,266,basic,105.516,81.895,110.738,85.843,0.914,0.921
34,267,basic,115.747,99.866,131.144,112.868,1.024,1.042
34,268,basic,109.141,103.684,0.0,0.0,1.059,
34,269,basic,105.7,99.375,227.325,213.516,1.046,1.39
34,270,basic,165.24,113.672,536.279,375.065,1.566,1.494
34,272,basic,38.5,36.316,0.0,0.0,1.099,
34,275,basic,90.578,85.224,200.545,188.543,1.206,1.296
34,276,basic,152.071,72.714,320.704,154.325,1.135,1.332
34,277,basic,131.038,84.707,134.59,86.82,1.03,1.044
34,279,basic,103.374,44.709,143.462,61.77,1.024,1.057
34,281,basic,64.363,42.651,139.598,86.788,0.83,1.273
34,282,basic,82.639,60.961,95.69,68.993,0.969,1.126
34,286,basic,183.284,109.707,313.799,194.694,2.176,2.015
34,287,gifted,190.0,174.517,0.0,0.0,,
34,288,basic,184.442,159.26,184.459,160.173,1.447,1.417
34,289,basic,157.274,137.579,0.0,0.0,1.387,
34,291,basic,377.309,261.41,628.119,435.112,2.459,2.482
34,292,basic,563.23,326.047,769.305,443.804,1.52,1.469
34,930,basic,399.334,365.394,824.859,760.627,2.401,2.299
34,935,basic,438.038,310.357,0.0,0.0,1.903,
34,939,basic,220.596,107.818,0.0,0.0,1.775,
34,949,basic,381.586,320.52,0.0,0.0,1.606,
34,955,basic,47.242,44.88,0.0,0.0,2.801,
34,971,gifted,515.79,473.757,703.847,646.489,,
34,972,basic,260.276,193.696,0.0,0.0,1.91,
34,974,basic,86.301,78.715,91.822,83.537,1.256,1.312
34,977,basic,236.306,177.612,235.401,177.091,1.351,1.345
35,103,basic,269.766,249.196,269.787,249.213,1.683,1.683
35,104,basic,133.765,47.605,133.985,47.655,2.418,2.422
35,105,basic,434.591,190.539,434.594,190.51,2.33,2.331
35,105,gifted,177.049,162.853,177.049,162.853,,
35,106,basic,451.302,263.747,451.657,263.832,1.777,1.779
35,106,gifted,115.593,106.325,115.593,106.325,,
35,107,basic,525.297,245.908,523.505,245.229,2.581,2.576
35,109,basic,151.785,103.699,151.571,103.581,2.074,2.072
35,110,basic,408.49,193.875,408.744,193.973,2.148,2.149
35,113,basic,397.735,245.259,397.68,245.206,2.31,2.31
35,113,gifted,135.093,124.261,135.093,124.261,,
35,115,basic,145.225,80.918,145.22,80.915,1.723,1.723
35,117,basic,264.602,159.449,264.783,159.51,2.387,2.389
35,117,gifted,90.689,83.418,90.689,83.418,,
35,118,basic,269.406,133.992,269.575,134.035,2.095,2.097
35,130,basic,671.76,366.082,671.651,366.048,1.718,1.718
35,201,basic,80.884,54.167,80.613,53.942,1.074,1.079
35,202,basic,166.924,86.824,192.432,99.33,1.575,1.624
35,203,basic,257.18,185.577,256.143,184.966,1.308,1.304
35,204,basic,173.396,130.243,374.055,280.889,1.459,1.493
35,207,basic,0.0,0.0,134.638,99.925,,1.151
35,208,basic,213.423,183.635,0.0,0.0,1.232,
35,209,basic,151.553,41.341,248.072,66.95,0.775,0.841
35,210,basic,194.108,71.023,0.0,0.0,1.41,
35,211,basic,76.626,48.053,266.555,167.869,1.125,1.354
35,212,gifted,205.772,189.273,205.772,189.273,,
35,215,basic,122.626,68.25,122.441,68.319,0.878,0.867
35,218,basic,154.944,91.122,206.143,118.235,0.77,0.926
35,220,basic,93.016,79.25,0.0,0.0,1.519,
35,221,basic,161.182,105.358,249.568,165.608,1.051,1.009
35,222,basic,136.367,88.78,172.599,114.862,1.803,1.706
35,225,basic,72.165,34.095,71.108,33.601,1.177,1.176
35,226,basic,252.692,158.046,251.683,159.007,1.322,1.263
35,229,basic,250.806,221.723,0.0,0.0,1.156,
35,230,basic,98.482,67.855,204.356,137.248,1.022,1.199
35,233,basic,282.527,167.121,283.102,167.457,0.833,0.834
35,234,basic,73.746,64.539,0.0,0.0,1.236,
35,235,basic,80.561,50.505,135.573,84.216,1.176,1.255
35,236,basic,48.157,43.87,100.908,86.579,1.095,1.412
35,239,basic,270.305,161.06,0.0,0.0,1.714,
35,241,basic,384.671,110.869,824.112,230.983,1.923,2.228
35,242,basic,153.531,108.789,0.0,0.0,1.245,
35,243,basic,219.353,106.408,298.716,143.98,0.988,1.03
35,244,basic,34.906,32.9,35.427,33.39,1.192,1.217
35,245,basic,320.263,292.061,450.502,405.076,1.261,1.389
35,246,basic,236.154,114.171,395.354,189.1,1.193,1.266
35,247,basic,370.065,102.892,1035.878,268.789,1.601,2.266
35,248,basic,148.313,92.671,0.0,0.0,0.903,
35,249,basic,30.439,23.925,33.786,26.431,0.904,0.935
35,250,basic,83.221,64.44,139.581,109.742,0.965,0.868
35,251,basic,135.575,58.027,163.151,68.984,1.427,1.484
35,252,basic,240.684,174.459,240.719,174.722,1.453,1.445
35,255,basic,85.653,56.284,282.524,179.839,0.861,1.073
35,257,basic,122.125,111.621,413.879,367.704,1.079,1.323
35,259,basic,162.773,128.188,0.0,0.0,1.311,
35,261,basic,171.932,160.971,230.626,212.896,1.114,1.444
35,262,basic,192.028,153.982,344.95,271.541,1.076,1.19
35,264,basic,83.198,31.743,0.0,0.0,0.937,
35,266,basic,108.013,88.864,113.145,92.957,0.894,0.902
35,267,basic,112.787,105.867,127.658,119.671,1.03,1.045
35,268,basic,108.375,102.956,0.0,0.0,1.081,
35,269,basic,106.354,100.852,225.219,213.784,1.051,1.39
35,270,basic,150.752,111.494,517.933,384.62,1.433,1.446
35,272,basic,40.636,38.534,0.0,0.0,1.08,
35,275,basic,91.722,86.928,200.42,190.169,1.185,1.292
35,276,basic,154.109,66.259,322.052,138.727,1.141,1.315
35,277,basic,128.516,83.632,132.254,85.829,1.014,1.031
35,279,basic,107.449,40.648,145.981,54.891,0.996,1.036
35,281,basic,68.542,46.081,141.854,89.08,0.802,1.229
35,282,basic,76.497,60.329,87.106,67.151,0.876,1.016
35,286,basic,183.059,112.27,313.761,200.191,2.148,1.986
35,287,gifted,190.0,174.766,0.0,0.0,,
35,288,basic,177.473,159.797,177.538,160.603,1.447,1.422
35,289,basic,156.353,144.339,0.0,0.0,1.385,
35,291,basic,374.557,275.193,624.119,458.069,2.367,2.408
35,292,basic,564.489,314.056,769.467,427.567,1.516,1.467
35,930,basic,398.848,375.121,824.258,777.469,2.385,2.291
35,935,basic,438.673,324.096,0.0,0.0,1.88,
35,939,basic,218.681,98.321,0.0,0.0,1.755,
35,949,basic,380.511,342.113,0.0,0.0,1.537,
35,955,basic,45.399,43.129,0.0,0.0,2.709,
35,971,gifted,515.975,474.604,704.121,647.665,,
35,972,basic,260.06,206.241,0.0,0.0,1.831,
35,974,basic,85.934,80.265,91.381,85.362,1.277,1.341
35,977,basic,238.814,194.013,239.077,194.151,1.322,1.324
36,103,basic,280.047,258.976,280.066,258.994,1.664,1.664
36,104,basic,131.471,49.008,131.755,49.064,2.66,2.667
36,105,basic,459.345,217.201,459.318,217.16,2.302,2.303
36,105,gifted,182.975,168.245,182.975,168.245,,
36,106,basic,452.309,272.963,452.656,273.074,1.8,1.803
36,106,gifted,115.987,106.65,115.987,106.65,,
36,107,basic,505.001,256.185,503.244,255.442,2.488,2.483
36,109,basic,153.12,105.03,152.945,104.915,2.206,2.206
36,110,basic,413.207,204.513,413.617,204.69,2.145,2.146
36,113,basic,368.475,233.948,368.447,233.873,2.376,2.378
36,113,gifted,130.663,120.144,130.663,120.144,,
36,115,basic,144.119,84.011,144.109,84.005,1.727,1.727
36,117,basic,256.677,160.419,256.917,160.515,2.341,2.344
36,117,gifted,89.677,82.458,89.677,82.458,,
36,118,basic,257.238,134.525,257.403,134.58,2.138,2.14
36,130,basic,653.126,364.657,652.951,364.589,1.745,1.744
36,201,basic,77.749,50.886,77.45,50.64,1.105,1.111
36,202,basic,176.524,89.324,202.243,101.921,1.814,1.847
36,203,basic,258.394,181.557,257.167,180.899,1.325,1.317
36,204,basic,182.645,133.865,381.56,279.738,1.467,1.492
36,207,basic,0.0,0.0,126.649,89.481,,1.144
36,208,basic,208.866,173.176,0.0,0.0,1.29,
36,209,basic,148.66,42.016,242.729,67.954,0.778,0.848
36,210,basic,192.099,71.103,0.0,0.0,1.435,
36,211,basic,72.259,44.78,254.82,162.066,1.121,1.369
36,212,gifted,205.561,189.013,205.561,189.013,,
36,215,basic,123.818,65.639,123.456,65.691,1.002,0.982
36,218,basic,160.085,92.548,211.482,119.752,0.771,0.926
36,220,basic,92.454,78.713,0.0,0.0,1.496,
36,221,basic,164.551,102.244,252.627,159.598,1.097,1.026
36,222,basic,153.103,90.73,188.451,115.076,2.421,2.225
36,225,basic,83.898,39.539,82.778,39.032,1.24,1.236
36,226,basic,262.685,156.192,261.608,156.689,1.399,1.347
36,229,basic,252.575,213.813,0.0,0.0,1.152,
36,230,basic,114.343,76.573,222.76,146.627,1.097,1.242
36,233,basic,278.933,161.296,279.738,161.745,0.853,0.854
36,234,basic,76.429,64.872,0.0,0.0,1.218,
36,235,basic,85.911,51.419,141.125,84.23,1.284,1.33
36,236,basic,51.377,46.243,109.568,89.298,1.057,1.634
36,239,basic,273.782,162.126,0.0,0.0,1.745,
36,241,basic,383.587,115.731,823.903,245.205,1.95,2.273
36,242,basic,157.604,108.801,0.0,0.0,1.237,
36,243,basic,217.707,105.59,296.636,143.101,0.99,1.032
36,244,basic,38.226,36.046,38.8,36.58,1.184,1.216
36,245,basic,316.22,278.198,441.239,382.174,1.245,1.374
36,246,basic,229.932,111.19,391.615,187.461,1.232,1.314
36,247,basic,370.526,107.734,1035.86,288.664,1.623,2.305
36,248,basic,144.69,89.292,0.0,0.0,0.884,
36,249,basic,30.944,23.245,34.582,25.844,0.911,0.95
36,250,basic,86.115,64.617,141.108,107.444,0.984,0.873
36,251,basic,123.684,53.058,149.983,63.532,1.392,1.466
36,252,basic,229.184,160.94,229.108,161.111,1.436,1.426
36,255,basic,87.063,56.305,281.119,177.157,0.846,1.049
36,257,basic,124.358,108.473,423.737,359.122,1.102,1.331
36,259,basic,173.399,132.93,0.0,0.0,1.336,
36,261,basic,173.208,161.195,233.685,212.758,1.112,1.444
36,262,basic,188.312,144.991,338.379,256.425,1.072,1.189
36,264,basic,82.969,31.44,0.0,0.0,0.942,
36,266,basic,104.742,81.173,109.957,85.111,0.927,0.935
36,267,basic,120.621,108.402,135.659,121.738,1.039,1.05
36,268,basic,109.204,103.743,0.0,0.0,1.062,
36,269,basic,106.141,100.564,222.793,211.338,0.999,1.328
36,270,basic,156.243,110.594,522.381,377.446,1.624,1.516
36,272,basic,41.396,39.263,0.0,0.0,1.037,
36,275,basic,87.309,82.701,192.159,182.275,1.178,1.304
36,276,basic,155.328,66.561,324.186,141.326,1.134,1.321
36,277,basic,120.979,77.405,124.635,79.553,1.022,1.04
36,279,basic,114.174,43.784,153.669,58.668,1.014,1.05
36,281,basic,70.275,46.151,150.615,93.16,0.828,1.277
36,282,basic,75.599,57.535,87.354,65.114,0.93,1.084
36,286,basic,177.017,105.95,304.596,188.757,2.171,2.0
36,287,gifted,190.0,174.704,0.0,0.0,,
36,288,basic,195.707,175.386,195.436,175.82,1.472,1.448
36,289,basic,159.085,147.546,0.0,0.0,1.419,
36,291,basic,379.93,274.054,629.829,453.282,2.47,2.497
36,292,basic,563.526,317.047,770.148,430.647,1.541,1.486
36,930,basic,399.17,373.265,824.618,774.758,2.476,2.358
36,935,basic,437.625,322.153,0.0,0.0,1.923,
36,939,basic,219.457,99.755,0.0,0.0,1.828,
36,949,basic,383.503,343.419,0.0,0.0,1.606,
36,955,basic,46.709,44.373,0.0,0.0,2.748,
36,971,gifted,515.812,474.287,703.882,647.217,,
36,972,basic,263.457,203.935,0.0,0.0,1.943,
36,974,basic,85.8,79.99,90.734,84.687,1.29,1.342
36,977,basic,232.818,183.883,233.321,184.15,1.332,1.337
37,103,basic,264.425,230.372,264.428,230.379,1.609,1.609
37,104,basic,131.816,55.446,132.122,55.497,2.429,2.436
37,105,basic,468.526,230.48,468.487,230.421,2.256,2.257
37,105,gifted,185.071,169.408,185.071,169.408,,
37,106,basic,450.342,277.183,450.669,277.275,1.805,1.807
37,106,gifted,116.139,106.31,116.139,106.31,,
37,107,basic,517.447,262.012,515.721,261.328,2.491,2.487
37,109,basic,145.568,96.543,145.472,96.462,2.151,2.152
37,110,basic,386.882,209.9,387.401,210.139,2.136,2.137
37,113,basic,390.651,237.597,390.658,237.51,2.348,2.35
37,113,gifted,134.906,123.488,134.906,123.488,,
37,115,basic,142.32,84.614,142.317,84.612,1.724,1.724
37,117,basic,259.358,162.343,259.713,162.472,2.287,2.29
37,117,gifted,89.567,81.987,89.567,81.987,,
37,118,basic,248.007,133.232,248.204,133.297,2.13,2.131
37,130,basic,657.04,397.138,656.791,397.042,1.742,1.741
37,201,basic,82.609,55.017,82.542,54.838,1.026,1.037
37,202,basic,168.551,88.012,194.256,100.621,1.727,1.775
37,203,basic,257.909,174.883,256.641,174.359,1.348,1.338
37,204,basic,179.898,124.737,379.993,262.951,1.432,1.48
37,207,basic,0.0,0.0,122.779,91.555,,1.074
37,208,basic,203.414,164.657,0.0,0.0,1.246,
37,209,basic,148.773,57.179,242.391,92.052,0.783,0.848
37,210,basic,193.867,87.11,0.0,0.0,1.405,
37,211,basic,82.012,51.675,266.198,168.46,1.12,1.354
37,212,gifted,205.812,188.394,205.812,188.394,,
37,215,basic,118.557,72.039,118.218,72.199,0.931,0.912
37,218,basic,154.568,97.123,204.753,125.122,0.757,0.908
37,220,basic,91.171,72.279,0.0,0.0,1.426,
37,221,basic,162.561,113.045,252.703,177.328,0.963,0.96
37,222,basic,153.986,83.312,188.372,106.164,2.396,2.192
37,225,basic,78.723,40.972,77.453,40.351,1.224,1.219
37,226,basic,260.242,170.279,259.095,171.344,1.322,1.267
37,229,basic,257.866,205.079,0.0,0.0,1.154,
37,230,basic,105.27,70.592,210.869,137.482,1.026,1.198
37,233,basic,282.389,177.642,282.835,177.935,0.842,0.842
37,234,basic,78.66,61.289,0.0,0.0,1.255,
37,235,basic,87.489,55.186,143.992,90.565,1.287,1.332
37,236,basic,50.997,44.407,108.469,84.605,1.097,1.578
37,239,basic,279.655,162.241,0.0,0.0,1.742,
37,241,basic,382.569,139.05,822.479,290.676,1.909,2.206
37,242,basic,154.824,106.02,0.0,0.0,1.229,
37,243,basic,219.501,119.775,299.181,162.048,0.977,1.02
37,244,basic,35.652,33.015,36.2,33.519,1.087,1.11
37,245,basic,315.95,266.788,443.029,367.16,1.261,1.375
37,246,basic,242.148,128.875,401.933,210.945,1.183,1.264
37,247,basic,373.309,136.183,1039.133,350.834,1.575,2.252
37,248,basic,142.456,91.322,0.0,0.0,0.881,
37,249,basic,25.751,19.408,29.006,21.733,0.922,0.956
37,250,basic,84.758,61.845,139.368,103.392,0.96,0.869
37,251,basic,130.491,66.155,157.052,78.683,1.367,1.417
37,252,basic,240.975,167.26,240.89,167.652,1.447,1.434
37,255,basic,89.38,59.234,285.738,183.079,0.847,1.043
37,257,basic,120.599,100.964,419.068,335.978,1.081,1.334
37,259,basic,169.343,120.486,0.0,0.0,1.336,
37,261,basic,165.174,147.578,226.13,191.822,1.079,1.408
37,262,basic,187.282,141.402,339.1,250.605,1.071,1.187
37,264,basic,81.62,39.839,0.0,0.0,0.948,
37,266,basic,107.664,85.479,112.923,89.527,0.889,0.896
37,267,basic,116.058,100.089,130.932,112.616,1.035,1.05
37,268,basic,110.138,104.631,0.0,0.0,1.062,
37,269,basic,102.935,95.556,221.33,202.604,1.035,1.358
37,270,basic,169.319,110.601,533.457,357.594,1.597,1.51
37,272,basic,41.376,38.848,0.0,0.0,1.015,
37,275,basic,95.765,89.15,206.223,190.628,1.147,1.25
37,276,basic,150.332,77.167,319.142,164.444,1.131,1.316
37,277,basic,127.417,82.659,131.086,84.795,1.027,1.042
37,279,basic,104.288,48.419,142.974,65.978,1.013,1.048
37,281,basic,66.704,44.632,146.419,90.314,0.831,1.277
37,282,basic,72.43,53.355,83.371,59.8,0.884,1.026
37,286,basic,177.91,111.478,309.157,199.533,1.846,1.766
37,287,gifted,190.0,173.92,0.0,0.0,,
37,288,basic,185.525,156.547,185.358,157.113,1.361,1.343
37,289,basic,160.383,133.469,0.0,0.0,1.392,
37,291,basic,373.152,253.694,623.31,419.907,2.301,2.364
37,292,basic,562.038,328.856,767.412,448.243,1.51,1.458
37,930,basic,399.525,338.927,824.946,712.523,2.39,2.276
37,935,basic,437.466,299.126,0.0,0.0,1.846,
37,939,basic,220.375,111.742,0.0,0.0,1.74,
37,949,basic,379.811,304.952,0.0,0.0,1.551,
37,955,basic,47.261,44.898,0.0,0.0,2.727,
37,971,gifted,515.632,471.993,703.657,644.105,,
37,972,basic,266.375,188.647,0.0,0.0,1.926,
37,974,basic,87.829,77.409,93.064,81.459,1.231,1.282
37,977,basic,243.527,177.351,242.597,176.802,1.329,1.325
38,103,basic,271.633,229.571,271.618,229.565,1.646,1.646
38,104,basic,128.424,53.565,128.684,53.614,2.231,2.237
38,105,basic,424.218,201.309,424.163,201.251,2.266,2.267
38,105,gifted,176.486,162.317,176.486,162.317,,
38,106,basic,460.015,271.316,460.338,271.404,1.794,1.796
38,106,gifted,117.06,107.662,117.06,107.662,,
38,107,basic,503.771,246.419,501.969,245.71,2.529,2.525
38,109,basic,153.277,99.693,153.166,99.609,2.062,2.063
38,110,basic,385.785,196.244,386.356,196.494,2.136,2.137
38,113,basic,389.182,232.289,389.169,232.223,2.315,2.317
38,113,gifted,134.36,123.573,134.36,123.573,,
38,115,basic,146.964,83.98,146.956,83.976,1.728,1.728
38,117,basic,262.887,156.249,263.406,156.452,2.329,2.333
38,117,gifted,89.696,82.495,89.696,82.495,,
38,118,basic,259.495,134.281,259.682,134.338,2.122,2.124
38,130,basic,670.728,381.276,670.463,381.196,1.713,1.712
38,201,basic,78.005,52.935,78.13,52.927,1.021,1.031
38,202,basic,164.64,90.2,189.753,103.194,1.59,1.636
38,203,basic,253.67,178.897,252.499,178.212,1.274,1.269
38,204,basic,183.14,129.824,382.258,271.781,1.493,1.507
38,207,basic,0.0,0.0,112.45,82.488,,1.106
38,208,basic,212.225,170.282,0.0,0.0,1.233,
38,209,basic,142.835,52.761,233.755,85.476,0.78,0.841
38,210,basic,192.869,84.732,0.0,0.0,1.421,
38,211,basic,73.925,47.458,257.706,163.251,1.121,1.361
38,212,gifted,206.281,189.72,206.281,189.72,,
38,215,basic,119.182,71.25,118.966,71.371,0.908,0.894
38,218,basic,167.025,104.794,219.235,134.21,0.767,0.917
38,220,basic,83.197,68.257,0.0,0.0,1.394,
38,221,basic,165.371,111.089,258.691,175.827,1.042,1.018
38,222,basic,137.69,86.353,173.256,111.025,1.821,1.726
38,225,basic,86.519,45.461,85.529,44.941,1.193,1.193
38,226,basic,256.803,164.149,255.984,165.048,1.351,1.301
38,229,basic,260.518,212.306,0.0,0.0,1.158,
38,230,basic,112.451,77.249,220.906,147.902,1.026,1.2
38,233,basic,274.102,172.539,275.471,173.301,0.821,0.825
38,234,basic,78.442,63.609,0.0,0.0,1.204,
38,235,basic,83.731,53.351,140.762,89.164,1.23,1.291
38,236,basic,47.31,42.014,98.508,82.058,1.019,1.326
38,239,basic,276.202,165.429,0.0,0.0,1.729,
38,241,basic,383.449,137.65,823.184,285.967,1.959,2.24
38,242,basic,165.518,115.303,0.0,0.0,1.228,
38,243,basic,216.907,117.958,296.688,160.26,0.982,1.026
38,244,basic,38.277,35.739,38.797,36.2,1.137,1.166
38,245,basic,320.842,273.777,454.019,379.684,1.24,1.373
38,246,basic,227.748,121.357,386.584,203.941,1.206,1.274
38,247,basic,379.027,135.529,1045.283,344.574,1.61,2.264
38,248,basic,150.743,97.523,0.0,0.0,0.899,
38,249,basic,27.606,21.013,30.842,23.334,0.897,0.935
38,250,basic,87.557,65.532,140.499,106.816,0.963,0.866
38,251,basic,135.348,66.859,163.303,79.73,1.39,1.443
38,252,basic,243.597,170.447,243.655,170.668,1.49,1.484
38,255,basic,89.066,59.866,285.86,185.725,0.85,1.071
38,257,basic,118.604,100.887,412.113,337.828,1.076,1.317
38,259,basic,159.631,119.195,0.0,0.0,1.274,
38,261,basic,176.508,160.075,235.36,205.001,1.101,1.404
38,262,basic,187.972,144.011,338.058,254.402,1.073,1.182
38,264,basic,79.059,36.795,0.0,0.0,0.947,
38,266,basic,107.029,84.62,112.102,88.527,0.902,0.909
38,267,basic,111.221,96.931,125.895,109.439,1.019,1.035
38,268,basic,109.598,104.118,0.0,0.0,1.059,
38,269,basic,103.359,96.852,224.067,208.77,1.046,1.396
38,270,basic,157.604,110.786,520.153,367.094,1.443,1.458
38,272,basic,42.494,39.975,0.0,0.0,1.08,
38,275,basic,96.788,90.779,202.99,189.625,1.137,1.251
38,276,basic,154.798,77.559,321.636,159.493,1.123,1.303
38,277,basic,126.342,83.746,130.239,86.07,1.012,1.03
38,279,basic,106.673,48.855,145.006,65.994,0.994,1.034
38,281,basic,68.79,46.967,143.706,91.464,0.81,1.239
38,282,basic,78.873,60.008,89.894,66.801,0.865,1.006
38,286,basic,176.123,109.253,304.961,194.529,1.935,1.848
38,287,gifted,190.0,174.746,0.0,0.0,,
38,288,basic,183.711,157.746,183.81,158.57,1.42,1.398
38,289,basic,157.427,132.907,0.0,0.0,1.368,
38,291,basic,378.232,258.477,631.125,429.72,2.307,2.365
38,292,basic,560.59,325.219,765.455,445.018,1.507,1.46
38,930,basic,398.783,358.397,824.263,746.975,2.304,2.215
38,935,basic,438.12,303.246,0.0,0.0,1.871,
38,939,basic,218.776,109.145,0.0,0.0,1.71,
38,949,basic,377.377,311.052,0.0,0.0,1.534,
38,955,basic,45.201,42.941,0.0,0.0,2.742,
38,971,gifted,516.451,474.988,704.655,648.082,,
38,972,basic,255.079,186.719,0.0,0.0,1.824,
38,974,basic,86.577,78.686,92.088,83.312,1.216,1.276
38,977,basic,241.107,182.869,241.575,183.069,1.315,1.32
39,103,basic,261.436,229.227,261.437,229.233,1.658,1.658
39,104,basic,125.799,58.292,126.055,58.351,2.411,2.417
39,105,basic,428.342,224.859,428.301,224.801,2.323,2.325
39,105,gifted,175.867,162.07,175.867,162.07,,
39,106,basic,464.158,300.972,464.45,301.056,1.786,1.789
39,106,gifted,116.9,107.729,116.9,107.729,,
39,107,basic,514.123,278.142,512.345,277.367,2.526,2.522
39,109,basic,138.52,97.285,138.39,97.188,2.08,2.08
39,110,basic,389.827,226.855,390.443,227.166,2.161,2.162
39,113,basic,387.419,250.539,387.413,250.48,2.312,2.313
39,113,gifted,133.615,123.132,133.615,123.132,,
39,115,basic,145.089,90.515,145.085,90.512,1.719,1.719
39,117,basic,264.612,174.058,265.224,174.341,2.325,2.329
39,117,gifted,89.42,82.405,89.42,82.405,,
39,118,basic,260.311,148.657,260.51,148.73,2.15,2.152
39,130,basic,666.304,426.681,666.007,426.563,1.721,1.72
39,201,basic,75.535,49.039,76.305,49.3,1.007,1.036
39,202,basic,173.527,91.206,199.398,104.096,1.722,1.769
39,203,basic,262.49,173.408,261.314,172.814,1.34,1.334
39,204,basic,172.479,114.964,371.599,248.579,1.5,1.507
39,207,basic,0.0,0.0,125.267,90.007,,1.11
39,208,basic,206.396,163.276,0.0,0.0,1.283,
39,209,basic,148.764,58.506,244.375,95.201,0.795,0.858
39,210,basic,193.308,88.615,0.0,0.0,1.421,
39,211,basic,84.371,51.856,268.241,169.793,1.117,1.373
39,212,gifted,205.609,189.479,205.609,189.479,,
39,215,basic,118.482,70.386,117.89,70.495,0.951,0.921
39,218,basic,155.226,94.677,207.015,123.325,0.774,0.93
39,220,basic,89.371,68.068,0.0,0.0,1.429,
39,221,basic,164.66,110.744,256.688,174.486,1.025,1.002
39,222,basic,144.634,81.946,179.193,104.396,2.148,1.997
39,225,basic,82.773,42.848,81.559,42.238,1.251,1.248
39,226,basic,254.454,163.671,253.094,164.462,1.356,1.293
39,229,basic,255.279,193.783,0.0,0.0,1.159,
39,230,basic,105.761,68.701,214.166,135.735,1.022,1.202
39,233,basic,278.516,170.658,279.37,171.17,0.848,0.848
39,234,basic,76.714,57.344,0.0,0.0,1.236,
39,235,basic,84.375,52.914,138.495,86.321,1.229,1.292
39,236,basic,48.13,41.063,101.108,78.706,1.055,1.5
39,239,basic,282.411,162.397,0.0,0.0,1.74,
39,241,basic,386.34,145.612,825.471,309.5,1.972,2.254
39,242,basic,153.215,101.683,0.0,0.0,1.225,
39,243,basic,218.158,117.937,297.608,159.885,0.98,1.023
39,244,basic,36.956,34.184,37.501,34.675,1.116,1.139
39,245,basic,318.183,257.007,445.251,353.066,1.274,1.403
39,246,basic,228.799,121.902,385.853,202.771,1.14,1.235
39,247,basic,375.847,141.666,1041.869,377.115,1.635,2.303
39,248,basic,146.66,90.888,0.0,0.0,0.896,
39,249,basic,30.96,22.442,34.281,24.741,0.891,0.922
39,250,basic,86.55,60.452,141.47,100.339,0.968,0.866
39,251,basic,133.676,68.143,160.546,80.788,1.414,1.479
39,252,basic,243.803,165.293,243.795,165.565,1.47,1.46
39,255,basic,87.637,55.902,285.406,177.009,0.871,1.07
39,257,basic,122.12,97.539,417.279,321.927,1.088,1.329
39,259,basic,158.194,108.961,0.0,0.0,1.316,
39,261,basic,178.445,154.219,237.23,196.206,1.071,1.371
39,262,basic,183.514,132.853,334.246,237.732,1.079,1.195
39,264,basic,79.382,39.007,0.0,0.0,0.967,
39,266,basic,107.152,81.419,112.256,85.194,0.896,0.904
39,267,basic,118.704,96.988,133.399,108.745,1.022,1.037
39,268,basic,113.134,107.477,0.0,0.0,1.057,
39,269,basic,99.106,90.684,217.469,193.696,1.04,1.359
39,270,basic,161.281,103.845,528.062,345.263,1.558,1.501
39,272,basic,40.941,38.286,0.0,0.0,1.031,
39,275,basic,97.06,89.59,204.505,187.095,1.127,1.234
39,276,basic,150.618,77.752,317.932,168.051,1.124,1.322
39,277,basic,131.964,83.2,135.541,85.267,1.027,1.041
39,279,basic,106.235,49.76,145.118,67.608,1.013,1.051
39,281,basic,62.835,40.73,131.776,80.027,0.803,1.234
39,282,basic,75.659,53.481,86.35,59.706,0.861,1.004
39,286,basic,176.893,107.893,306.739,192.759,1.999,1.887
39,287,gifted,190.0,175.094,0.0,0.0,,
39,288,basic,187.1,151.523,187.016,152.203,1.391,1.366
39,289,basic,158.481,131.041,0.0,0.0,1.4,
39,291,basic,368.592,254.392,616.619,421.165,2.288,2.364
39,292,basic,560.27,332.828,765.436,450.281,1.516,1.47
39,930,basic,399.092,337.822,824.604,710.291,2.341,2.236
39,935,basic,437.924,300.925,0.0,0.0,1.876,
39,939,basic,220.52,114.831,0.0,0.0,1.774,
39,949,basic,375.581,298.706,0.0,0.0,1.558,
39,955,basic,44.368,42.15,0.0,0.0,2.742,
39,971,gifted,516.078,475.591,704.175,648.931,,
39,972,basic,261.322,187.889,0.0,0.0,1.888,
39,974,basic,87.821,74.228,93.499,78.281,1.191,1.257
39,977,basic,241.548,169.213,240.833,168.825,1.327,1.323
40,103,basic,257.626,235.199,257.594,235.208,1.652,1.652
40,104,basic,140.503,58.284,140.761,58.323,2.103,2.108
40,105,basic,426.964,201.834,426.794,201.723,2.23,2.23
40,105,gifted,177.649,163.693,177.649,163.693,,
40,106,basic,444.712,277.437,444.978,277.503,1.733,1.735
40,106,gifted,114.94,105.911,114.94,105.911,,
40,107,basic,551.819,268.758,550.152,268.177,2.542,2.538
40,109,basic,144.641,103.0,144.525,102.895,1.973,1.974
40,110,basic,379.579,198.326,380.469,198.726,2.071,2.073
40,113,basic,382.224,242.896,382.2,242.826,2.243,2.244
40,113,gifted,134.385,123.829,134.385,123.829,,
40,115,basic,144.435,85.532,144.432,85.531,1.72,1.72
40,117,basic,251.548,158.635,252.832,159.201,2.286,2.294
40,117,gifted,88.541,81.585,88.541,81.585,,
40,118,basic,261.706,137.743,261.856,137.78,2.1,2.101
40,130,basic,665.831,394.494,665.153,394.355,1.705,1.702
40,201,basic,76.146,50.751,76.13,50.666,0.974,0.98
40,202,basic,163.521,83.393,188.827,95.538,1.549,1.591
40,203,basic,265.301,182.809,264.204,182.267,1.3,1.294
40,204,basic,180.129,127.436,380.149,268.312,1.421,1.469
40,207,basic,0.0,0.0,126.605,94.108,,1.049
40,208,basic,207.288,174.426,0.0,0.0,1.244,
40,209,basic,163.285,51.109,258.84,79.96,0.77,0.834
40,210,basic,192.529,75.134,0.0,0.0,1.387,
40,211,basic,72.522,44.887,253.048,161.015,1.103,1.356
40,212,gifted,206.322,190.114,206.322,190.114,,
40,215,basic,119.121,68.087,118.91,68.16,0.899,0.889
40,218,basic,153.142,91.997,203.501,118.443,0.767,0.921
40,220,basic,85.418,70.735,0.0,0.0,1.362,
40,221,basic,165.416,110.308,256.04,173.098,0.982,0.967
40,222,basic,150.334,89.009,187.635,114.253,1.886,1.779
40,225,basic,91.322,43.788,90.386,43.343,1.212,1.212
40,226,basic,253.626,161.683,252.669,162.134,1.223,1.192
40,229,basic,255.545,213.385,0.0,0.0,1.132,
40,230,basic,118.091,78.53,225.798,146.144,1.057,1.21
40,233,basic,279.378,168.581,280.506,169.17,0.827,0.83
40,234,basic,75.085,62.038,0.0,0.0,1.191,
40,235,basic,81.494,49.904,137.602,83.826,1.241,1.298
40,236,basic,47.249,41.985,100.683,82.564,1.04,1.392
40,239,basic,273.218,156.475,0.0,0.0,1.668,
40,241,basic,386.54,117.891,827.451,247.638,1.885,2.183
40,242,basic,167.539,114.931,0.0,0.0,1.217,
40,243,basic,223.848,112.6,303.983,151.687,0.982,1.024
40,244,basic,37.681,35.213,38.27,35.722,1.094,1.128
40,245,basic,319.894,280.583,446.113,382.699,1.238,1.358
40,246,basic,235.281,115.108,396.065,191.063,1.208,1.285
40,247,basic,372.928,112.228,1038.59,292.017,1.581,2.249
40,248,basic,149.705,93.392,0.0,0.0,0.893,
40,249,basic,27.799,21.373,31.02,23.646,0.88,0.922
40,250,basic,86.72,64.663,141.179,107.265,0.961,0.869
40,251,basic,137.285,61.851,165.167,73.818,1.373,1.403
40,252,basic,252.946,174.172,252.866,174.587,1.488,1.476
40,255,basic,87.54,57.251,284.952,178.66,0.843,1.061
40,257,basic,125.993,109.798,421.2,352.462,1.086,1.32
40,259,basic,167.444,122.564,0.0,0.0,1.343,
40,261,basic,180.557,165.546,238.566,210.618,1.082,1.371
40,262,basic,186.285,143.351,336.586,253.742,1.08,1.179
40,264,basic,81.227,34.045,0.0,0.0,0.945,
40,266,basic,103.759,83.444,108.847,87.391,0.902,0.909
40,267,basic,117.874,106.325,133.38,120.007,1.034,1.048
40,268,basic,108.98,103.531,0.0,0.0,1.067,
40,269,basic,106.72,100.394,227.742,214.295,1.011,1.376
40,270,basic,145.864,101.689,511.389,356.482,1.373,1.422
40,272,basic,42.129,39.71,0.0,0.0,1.043,
40,275,basic,90.693,85.51,198.71,187.329,1.149,1.274
40,276,basic,151.403,69.18,320.579,149.401,1.126,1.311
40,277,basic,125.614,80.611,129.327,82.712,1.009,1.025
40,279,basic,99.857,40.618,138.1,55.761,0.998,1.036
40,281,basic,66.387,44.146,143.81,87.402,0.813,1.252
40,282,basic,77.773,58.513,90.037,65.693,0.911,1.058
40,286,basic,183.619,110.979,314.809,197.209,1.894,1.795
40,287,gifted,190.0,175.074,0.0,0.0,,
40,288,basic,184.159,161.091,184.34,161.699,1.38,1.371
40,289,basic,157.622,142.486,0.0,0.0,1.375,
40,291,basic,373.44,267.401,628.479,438.743,2.156,2.303
40,292,basic,563.164,322.095,769.871,436.138,1.47,1.432
40,930,basic,398.535,362.536,823.906,755.657,2.343,2.253
40,935,basic,437.862,313.805,0.0,0.0,1.793,
40,939,basic,217.573,102.92,0.0,0.0,1.67,
40,949,basic,376.611,322.634,0.0,0.0,1.553,
40,955,basic,44.945,42.698,0.0,0.0,2.807,
40,971,gifted,515.815,475.294,703.931,648.632,,
40,972,basic,256.469,194.025,0.0,0.0,1.833,
40,974,basic,87.831,80.05,91.771,83.441,1.254,1.3
40,977,basic,233.19,176.961,233.639,177.171,1.304,1.307
41,103,basic,265.409,225.526,265.437,225.551,1.592,1.592
41,104,basic,129.545,58.149,129.788,58.2,2.367,2.372
41,105,basic,443.71,227.665,443.7,227.619,2.241,2.242
41,105,gifted,180.518,165.454,180.518,165.454,,
41,106,basic,452.628,284.364,452.941,284.433,1.763,1.765
41,106,gifted,116.318,106.611,116.318,106.611,,
41,107,basic,519.271,271.177,517.496,270.452,2.491,2.487
41,109,basic,150.774,100.178,150.583,100.062,2.097,2.096
41,110,basic,399.357,219.665,399.726,219.831,2.101,2.102
41,113,basic,400.858,245.561,400.808,245.479,2.325,2.326
41,113,gifted,137.101,125.66,137.101,125.66,,
41,115,basic,159.582,97.723,159.574,97.718,1.726,1.726
41,117,basic,252.983,155.038,253.341,155.173,2.339,2.342
41,117,gifted,89.878,82.378,89.878,82.378,,
41,118,basic,254.87,141.865,255.043,141.917,2.094,2.095
41,130,basic,670.933,412.456,670.757,412.402,1.693,1.693
41,201,basic,85.785,55.868,84.727,55.295,1.157,1.146
41,202,basic,163.338,89.874,188.156,102.789,1.549,1.589
41,203,basic,268.021,180.926,266.922,180.419,1.327,1.32
41,204,basic,173.578,118.509,372.697,254.07,1.442,1.486
41,207,basic,0.0,0.0,122.199,87.14,,1.111
41,208,basic,203.888,159.237,0.0,0.0,1.246,
41,209,basic,141.088,59.308,234.291,97.198,0.774,0.844
41,210,basic,191.95,89.254,0.0,0.0,1.413,
41,211,basic,77.508,49.697,260.7,168.697,1.1,1.344
41,212,gifted,205.458,188.313,205.458,188.313,,
41,215,basic,122.673,76.382,122.667,76.47,0.86,0.856
41,218,basic,155.95,99.981,207.154,128.91,0.759,0.916
41,220,basic,92.297,69.917,0.0,0.0,1.438,
41,221,basic,164.847,110.433,255.729,173.609,1.006,0.986
41,222,basic,143.682,83.512,179.372,107.14,1.955,1.841
41,225,basic,88.744,47.798,87.759,47.276,1.222,1.221
41,226,basic,247.417,159.463,246.484,159.986,1.239,1.203
41,229,basic,253.739,196.185,0.0,0.0,1.152,
41,230,basic,104.123,70.281,211.298,138.708,1.034,1.201
41,233,basic,281.162,179.916,281.772,180.276,0.83,0.831
41,234,basic,77.994,59.787,0.0,0.0,1.206,
41,235,basic,85.003,53.627,141.593,88.89,1.24,1.295
41,236,basic,47.354,39.747,100.844,78.322,1.05,1.358
41,239,basic,261.89,154.233,0.0,0.0,1.687,
41,241,basic,383.602,148.43,824.686,310.365,1.903,2.208
41,242,basic,155.205,105.938,0.0,0.0,1.213,
41,243,basic,216.649,122.134,295.6,165.431,0.982,1.023
41,244,basic,34.339,31.769,34.779,32.114,1.043,1.071
41,245,basic,324.036,260.892,449.676,353.732,1.227,1.356
41,246,basic,246.004,134.7,403.167,219.073,1.201,1.249
41,247,basic,372.281,145.589,1036.224,377.494,1.583,2.229
41,248,basic,145.907,95.349,0.0,0.0,0.886,
41,249,basic,29.943,22.482,33.595,25.021,0.863,0.906
41,250,basic,87.611,63.738,141.096,104.468,0.966,0.871
41,251,basic,142.377,72.631,170.34,86.062,1.4,1.438
41,252,basic,242.91,162.921,242.873,163.297,1.468,1.456
41,255,basic,87.034,58.617,284.06,184.232,0.844,1.056
41,257,basic,114.25,91.883,410.683,315.153,1.065,1.33
41,259,basic,153.423,109.077,0.0,0.0,1.288,
41,261,basic,180.792,156.595,241.255,197.671,1.08,1.385
41,262,basic,182.635,135.146,333.273,241.306,1.07,1.184
41,264,basic,80.692,40.685,0.0,0.0,0.934,
41,266,basic,108.843,83.296,114.1,87.195,0.908,0.915
41,267,basic,116.403,96.385,131.966,108.922,1.022,1.039
41,268,basic,107.438,102.066,0.0,0.0,1.067,
41,269,basic,105.811,96.762,225.518,199.114,1.008,1.345
41,270,basic,155.319,104.662,520.816,353.122,1.412,1.427
41,272,basic,39.505,36.825,0.0,0.0,1.036,
41,275,basic,96.57,87.912,207.098,186.343,1.149,1.249
41,276,basic,150.545,78.998,318.072,168.053,1.138,1.324
41,277,basic,126.862,83.615,130.766,85.902,1.006,1.023
41,279,basic,105.359,51.793,143.944,70.252,0.994,1.035
41,281,basic,66.377,45.22,142.413,89.4,0.82,1.254
41,282,basic,73.33,53.953,83.704,60.027,0.896,1.029
41,286,basic,174.3,104.005,303.889,186.028,1.876,1.82
41,287,gifted,190.0,174.145,0.0,0.0,,
41,288,basic,181.36,148.868,181.559,149.354,1.291,1.283
41,289,basic,156.528,129.581,0.0,0.0,1.372,
41,291,basic,371.174,243.701,623.375,402.442,2.22,2.32
41,292,basic,565.506,336.587,770.763,457.339,1.505,1.455
41,930,basic,398.943,333.538,824.408,700.873,2.253,2.168
41,935,basic,437.337,295.316,0.0,0.0,1.821,
41,939,basic,218.915,113.878,0.0,0.0,1.7,
41,949,basic,384.244,305.64,0.0,0.0,1.526,
41,955,basic,48.536,46.109,0.0,0.0,2.707,
41,971,gifted,515.998,472.939,704.201,645.437,,
41,972,basic,255.174,179.577,0.0,0.0,1.831,
41,974,basic,87.423,75.437,92.234,79.01,1.209,1.257
41,977,basic,238.687,172.901,239.378,173.14,1.295,1.303
42,103,basic,265.278,239.72,265.312,239.748,1.63,1.631
42,104,basic,137.76,52.568,138.017,52.623,2.721,2.725
42,105,basic,453.814,221.431,453.805,221.395,2.212,2.213
42,105,gifted,183.927,168.151,183.927,168.151,,
42,106,basic,477.009,292.616,477.41,292.708,1.839,1.842
42,106,gifted,118.26,108.117,118.26,108.117,,
42,107,basic,497.832,250.597,496.081,249.886,2.485,2.481
42,109,basic,167.277,113.415,167.065,113.301,2.172,2.171
42,110,basic,402.195,216.596,402.43,216.697,2.096,2.096
42,113,basic,394.415,245.487,394.36,245.404,2.37,2.37
42,113,gifted,135.544,123.918,135.544,123.918,,
42,115,basic,147.686,86.978,147.677,86.973,1.742,1.742
42,117,basic,260.024,164.749,260.126,164.771,2.323,2.325
42,117,gifted,90.067,82.341,90.067,82.341,,
42,118,basic,262.293,139.768,262.43,139.807,2.12,2.122
42,130,basic,673.722,400.675,673.61,400.634,1.742,1.742
42,201,basic,77.624,49.847,76.803,49.383,1.139,1.131
42,202,basic,167.895,86.503,192.96,98.818,1.614,1.652
42,203,basic,268.533,182.665,267.497,182.152,1.332,1.326
42,204,basic,175.539,123.082,374.057,261.057,1.41,1.469
42,207,basic,0.0,0.0,119.106,87.231,,1.118
42,208,basic,204.758,169.468,0.0,0.0,1.267,
42,209,basic,149.537,49.486,245.277,79.994,0.769,0.854
42,210,basic,192.453,79.641,0.0,0.0,1.365,
42,211,basic,76.405,47.085,256.817,161.762,1.098,1.357
42,212,gifted,205.589,187.955,205.589,187.955,,
42,215,basic,117.298,67.888,117.334,67.941,0.865,0.863
42,218,basic,154.728,92.59,205.937,120.042,0.769,0.922
42,220,basic,88.261,72.533,0.0,0.0,1.403,
42,221,basic,159.53,106.656,248.537,168.42,1.024,0.994
42,222,basic,142.221,83.528,177.37,106.946,2.006,1.88
42,225,basic,81.845,40.194,80.785,39.68,1.203,1.202
42,226,basic,243.954,157.863,243.075,158.024,1.235,1.209
42,229,basic,250.944,203.629,0.0,0.0,1.15,
42,230,basic,109.149,71.407,216.065,138.441,1.084,1.226
42,233,basic,280.289,168.585,281.242,169.106,0.834,0.836
42,234,basic,77.5,62.395,0.0,0.0,1.18,
42,235,basic,83.628,51.761,140.403,86.465,1.232,1.289
42,236,basic,50.853,45.15,106.298,87.521,1.079,1.437
42,239,basic,277.937,159.655,0.0,0.0,1.709,
42,241,basic,385.765,125.776,827.283,263.683,1.933,2.265
42,242,basic,155.027,105.395,0.0,0.0,1.193,
42,243,basic,217.325,111.266,297.441,151.183,0.979,1.024
42,244,basic,36.206,33.907,36.568,34.201,1.064,1.097
42,245,basic,317.682,275.825,443.554,377.27,1.223,1.354
42,246,basic,229.569,114.228,389.116,191.677,1.223,1.291
42,247,basic,371.332,118.99,1034.905,314.297,1.636,2.285
42,248,basic,144.664,89.227,0.0,0.0,0.888,
42,249,basic,32.183,24.336,36.008,27.027,0.831,0.874
42,250,basic,84.378,61.477,137.27,101.603,0.959,0.865
42,251,basic,129.217,60.823,155.783,72.542,1.391,1.44
42,252,basic,243.864,171.096,243.978,171.312,1.438,1.434
42,255,basic,83.754,54.154,283.441,176.255,0.823,1.064
42,257,basic,120.571,103.474,418.832,345.357,1.083,1.336
42,259,basic,167.03,120.281,0.0,0.0,1.339,
42,261,basic,161.834,148.197,219.108,192.803,1.061,1.372
42,262,basic,189.804,143.144,342.384,253.93,1.087,1.184
42,264,basic,83.332,36.584,0.0,0.0,0.929,
42,266,basic,102.452,81.008,107.64,84.948,0.91,0.92
42,267,basic,115.889,100.997,131.266,114.108,1.043,1.057
42,268,basic,110.665,105.132,0.0,0.0,1.062,
42,269,basic,107.407,101.0,228.324,214.337,0.999,1.348
42,270,basic,160.226,108.946,527.661,361.187,1.453,1.458
42,272,basic,41.464,39.055,0.0,0.0,1.075,
42,275,basic,93.882,88.306,200.363,188.56,1.178,1.287
42,276,basic,152.712,72.2,321.347,154.513,1.141,1.323
42,277,basic,127.905,81.3,131.58,83.402,1.021,1.037
42,279,basic,107.929,45.457,149.43,62.51,1.01,1.052
42,281,basic,65.063,42.378,144.895,87.322,0.829,1.287
42,282,basic,77.957,56.986,90.485,64.424,0.925,1.077
42,286,basic,177.383,109.008,307.332,193.794,1.957,1.885
42,287,gifted,190.0,173.703,0.0,0.0,,
42,288,basic,190.051,166.482,190.349,166.964,1.368,1.362
42,289,basic,156.185,137.232,0.0,0.0,1.383,
42,291,basic,383.487,268.794,635.292,443.389,2.411,2.443
42,292,basic,562.948,321.368,770.773,437.711,1.535,1.478
42,930,basic,398.869,362.012,824.282,753.842,2.323,2.246
42,935,basic,438.549,307.76,0.0,0.0,1.909,
42,939,basic,220.125,105.596,0.0,0.0,1.777,
42,949,basic,380.673,317.996,0.0,0.0,1.566,
42,955,basic,46.309,43.994,0.0,0.0,2.823,
42,971,gifted,515.535,471.315,703.608,643.257,,
42,972,basic,261.119,197.018,0.0,0.0,1.834,
42,974,basic,87.565,78.672,91.407,81.898,1.273,1.314
42,977,basic,237.395,175.415,237.967,175.707,1.326,1.33
43,103,basic,274.533,232.636,274.549,232.657,1.594,1.594
43,104,basic,130.621,53.061,130.844,53.093,2.147,2.151
43,105,basic,460.615,201.945,460.573,201.888,2.221,2.222
43,105,gifted,183.303,168.422,183.303,168.422,,
43,106,basic,445.985,269.397,446.272,269.433,1.679,1.681
43,106,gifted,115.168,105.818,115.168,105.818,,
43,107,basic,501.033,228.778,499.281,228.226,2.388,2.384
43,109,basic,152.175,97.542,152.018,97.445,2.032,2.032
43,110,basic,417.705,209.267,418.144,209.43,2.094,2.095
43,113,basic,378.092,212.519,378.048,212.442,2.258,2.259
43,113,gifted,132.102,121.377,132.102,121.377,,
43,115,basic,145.912,82.391,145.907,82.388,1.72,1.72
43,117,basic,260.458,149.721,260.731,149.778,2.278,2.281
43,117,gifted,89.706,82.424,89.706,82.424,,
43,118,basic,271.383,135.56,271.511,135.571,2.047,2.048
43,130,basic,661.253,392.377,661.065,392.329,1.676,1.676
43,201,basic,85.458,59.851,84.915,59.527,0.95,0.947
43,202,basic,169.72,88.003,194.963,100.27,1.552,1.583
43,203,basic,257.444,179.296,256.238,178.841,1.266,1.26
43,204,basic,180.431,129.419,379.829,266.899,1.301,1.411
43,207,basic,0.0,0.0,117.468,95.976,,0.972
43,208,basic,198.357,165.63,0.0,0.0,1.192,
43,209,basic,152.314,61.392,244.799,96.782,0.772,0.832
43,210,basic,193.354,86.975,0.0,0.0,1.332,
43,211,basic,70.678,46.427,253.383,162.266,1.067,1.304
43,212,gifted,205.613,188.92,205.613,188.92,,
43,215,basic,119.974,81.009,119.737,81.059,0.862,0.854
43,218,basic,156.675,105.537,210.765,134.904,0.757,0.916
43,220,basic,82.576,68.494,0.0,0.0,1.18,
43,221,basic,162.308,126.912,252.156,195.605,0.834,0.882
43,222,basic,146.717,85.933,182.15,110.002,1.776,1.69
43,225,basic,86.309,45.594,85.312,45.08,1.179,1.178
43,226,basic,246.387,176.115,245.258,177.037,1.112,1.082
43,229,basic,255.698,214.533,0.0,0.0,1.106,
43,230,basic,108.458,75.712,215.079,142.823,0.997,1.181
43,233,basic,284.24,192.015,285.412,192.67,0.82,0.823
43,234,basic,72.549,60.633,0.0,0.0,1.084,
43,235,basic,82.165,55.559,137.197,91.126,1.137,1.223
43,236,basic,49.966,43.148,105.431,85.052,1.046,1.345
43,239,basic,266.105,150.295,0.0,0.0,1.67,
43,241,basic,385.951,131.859,827.114,266.763,1.799,2.085
43,242,basic,161.633,114.92,0.0,0.0,1.209,
43,243,basic,220.98,124.524,301.107,167.573,0.98,1.023
43,244,basic,37.313,34.245,37.893,34.715,1.086,1.114
43,245,basic,320.831,278.471,451.289,379.532,1.222,1.347
43,246,basic,237.987,128.684,399.335,212.107,1.144,1.212
43,247,basic,372.511,130.091,1037.596,315.036,1.519,2.146
43,248,basic,141.994,96.834,0.0,0.0,0.87,
43,249,basic,30.283,25.427,34.198,28.277,0.835,0.882
43,250,basic,88.372,67.962,143.443,113.597,0.951,0.857
43,251,basic,127.382,65.638,154.03,78.906,1.288,1.311
43,252,basic,226.752,162.163,226.701,163.005,1.313,1.298
43,255,basic,85.312,60.587,285.688,189.94,0.81,1.034
43,257,basic,124.615,107.984,424.003,348.337,1.077,1.308
43,259,basic,163.234,119.57,0.0,0.0,1.24,
43,261,basic,175.367,156.878,236.029,197.853,1.062,1.353
43,262,basic,185.986,148.167,335.552,259.298,1.047,1.146
43,264,basic,80.061,42.063,0.0,0.0,0.893,
43,266,basic,105.154,89.658,110.519,94.009,0.88,0.888
43,267,basic,119.719,110.026,134.501,123.28,1.028,1.04
43,268,basic,106.813,101.471,0.0,0.0,1.077,
43,269,basic,104.056,95.868,223.779,202.743,1.04,1.379
43,270,basic,161.684,106.694,532.896,357.603,1.439,1.438
43,272,basic,42.258,39.215,0.0,0.0,1.038,
43,275,basic,103.035,94.634,217.817,197.959,1.174,1.263
43,276,basic,151.33,79.755,321.173,166.18,1.137,1.308
43,277,basic,127.776,85.926,131.478,87.993,1.018,1.032
43,279,basic,113.56,54.374,152.792,72.467,0.988,1.02
43,281,basic,65.405,46.804,144.773,90.634,0.811,1.233
43,282,basic,76.0,59.537,87.023,65.396,0.853,0.979
43,286,basic,174.55,119.291,306.568,211.516,1.445,1.471
43,287,gifted,190.0,174.575,0.0,0.0,,
43,288,basic,186.903,160.167,187.204,160.792,1.271,1.267
43,289,basic,155.613,128.727,0.0,0.0,1.305,
43,291,basic,367.352,248.845,619.436,404.911,2.001,2.124
43,292,basic,565.219,329.718,772.773,451.557,1.421,1.385
43,930,basic,399.037,318.815,824.593,671.365,2.231,2.154
43,935,basic,439.403,288.833,0.0,0.0,1.721,
43,939,basic,216.585,108.709,0.0,0.0,1.596,
43,949,basic,377.465,299.788,0.0,0.0,1.459,
43,955,basic,46.034,43.733,0.0,0.0,2.81,
43,971,gifted,515.845,473.965,703.888,646.742,,
43,972,basic,263.611,181.14,0.0,0.0,1.79,
43,974,basic,85.011,74.438,90.124,78.15,1.166,1.224
43,977,basic,245.516,182.589,245.059,182.268,1.288,1.288
44,103,basic,269.769,248.193,269.755,248.185,1.685,1.685
44,104,basic,134.098,57.052,134.371,57.102,2.374,2.381
44,105,basic,432.106,217.247,432.059,217.193,2.287,2.288
44,105,gifted,177.815,163.639,177.815,163.639,,
44,106,basic,451.45,286.812,451.734,286.906,1.809,1.81
44,106,gifted,115.802,106.57,115.802,106.57,,
44,107,basic,504.428,267.4,502.655,266.631,2.53,2.525
44,109,basic,147.856,105.368,147.722,105.257,2.158,2.159
44,110,basic,394.691,213.65,395.274,213.921,2.124,2.126
44,113,basic,393.591,256.109,393.629,256.045,2.366,2.368
44,113,gifted,134.674,123.938,134.674,123.938,,
44,115,basic,153.839,94.214,153.83,94.209,1.743,1.743
44,117,basic,259.299,171.032,259.764,171.238,2.284,2.288
44,117,gifted,89.52,82.383,89.52,82.383,,
44,118,basic,275.625,152.574,275.796,152.63,2.15,2.152
44,130,basic,673.198,409.686,672.944,409.587,1.737,1.736
44,201,basic,80.699,51.351,80.06,50.971,1.125,1.121
44,202,basic,172.434,87.516,197.929,99.859,1.74,1.783
44,203,basic,257.299,173.673,256.077,173.05,1.336,1.328
44,204,basic,178.426,124.345,378.17,263.871,1.479,1.501
44,207,basic,0.0,0.0,121.653,86.188,,1.11
44,208,basic,206.126,167.491,0.0,0.0,1.287,
44,209,basic,142.189,45.281,234.862,73.985,0.782,0.855
44,210,basic,193.676,76.959,0.0,0.0,1.407,
44,211,basic,79.814,48.712,267.895,170.327,1.104,1.387
44,212,gifted,205.599,189.208,205.599,189.208,,
44,215,basic,121.382,68.157,121.2,68.262,0.918,0.904
44,218,basic,161.021,94.037,214.068,121.941,0.768,0.936
44,220,basic,87.819,72.015,0.0,0.0,1.393,
44,221,basic,163.384,103.667,253.905,163.422,1.081,1.037
44,222,basic,146.146,84.252,180.162,107.071,2.213,2.045
44,225,basic,82.716,39.87,81.584,39.337,1.243,1.241
44,226,basic,248.078,152.115,246.972,152.789,1.334,1.277
44,229,basic,248.878,199.323,0.0,0.0,1.162,
44,230,basic,104.03,67.65,211.712,134.835,1.077,1.236
44,233,basic,281.5,164.942,282.556,165.518,0.851,0.853
44,234,basic,75.146,59.953,0.0,0.0,1.239,
44,235,basic,85.412,51.723,141.489,85.391,1.258,1.307
44,236,basic,49.268,43.376,104.572,84.244,1.052,1.494
44,239,basic,272.651,156.738,0.0,0.0,1.753,
44,241,basic,385.183,124.269,824.754,264.78,1.954,2.278
44,242,basic,153.868,103.704,0.0,0.0,1.235,
44,243,basic,222.528,110.828,302.564,149.838,0.992,1.032
44,244,basic,33.027,30.881,33.62,31.431,1.162,1.19
44,245,basic,320.772,272.245,448.943,373.626,1.249,1.389
44,246,basic,241.197,119.177,400.249,195.874,1.21,1.28
44,247,basic,367.251,115.972,1031.252,315.697,1.629,2.301
44,248,basic,144.547,88.613,0.0,0.0,0.878,
44,249,basic,31.484,23.273,34.852,25.639,0.908,0.941
44,250,basic,82.877,59.706,136.717,99.899,0.967,0.871
44,251,basic,131.905,59.623,159.494,71.17,1.414,1.478
44,252,basic,242.762,164.783,242.861,164.994,1.46,1.454
44,255,basic,89.364,56.81,281.331,174.37,0.856,1.036
44,257,basic,116.984,97.651,410.274,330.481,1.07,1.322
44,259,basic,160.568,115.989,0.0,0.0,1.333,
44,261,basic,171.104,156.149,230.263,202.267,1.08,1.396
44,262,basic,184.454,137.218,334.765,244.821,1.078,1.192
44,264,basic,78.453,32.774,0.0,0.0,0.954,
44,266,basic,103.789,79.062,108.907,82.854,0.921,0.929
44,267,basic,121.012,104.953,136.319,117.992,1.033,1.047
44,268,basic,109.743,104.255,0.0,0.0,1.076,
44,269,basic,106.557,100.26,225.946,212.568,1.059,1.382
44,270,basic,166.431,112.312,532.047,363.808,1.539,1.492
44,272,basic,39.806,37.579,0.0,0.0,1.066,
44,275,basic,99.448,93.592,209.259,196.53,1.148,1.258
44,276,basic,153.616,70.042,322.772,151.88,1.13,1.327
44,277,basic,129.29,81.022,132.989,83.124,1.016,1.033
44,279,basic,99.934,40.923,137.081,55.829,1.006,1.045
44,281,basic,66.525,42.89,145.094,87.48,0.828,1.281
44,282,basic,75.646,55.133,86.817,61.888,0.898,1.045
44,286,basic,181.261,106.932,310.812,190.115,2.143,1.985
44,287,gifted,190.0,174.853,0.0,0.0,,
44,288,basic,196.078,167.453,196.076,168.402,1.485,1.456
44,289,basic,155.704,140.09,0.0,0.0,1.396,
44,291,basic,376.696,260.418,629.454,434.773,2.481,2.493
44,292,basic,562.593,323.576,769.239,437.479,1.518,1.467
44,930,basic,399.353,366.123,824.962,762.878,2.404,2.295
44,935,basic,437.715,310.993,0.0,0.0,1.918,
44,939,basic,216.888,104.566,0.0,0.0,1.774,
44,949,basic,384.04,327.68,0.0,0.0,1.627,
44,955,basic,47.933,45.537,0.0,0.0,2.766,
44,971,gifted,516.05,474.909,704.186,648.046,,
44,972,basic,257.437,193.272,0.0,0.0,1.908,
44,974,basic,87.518,80.187,93.194,85.043,1.235,1.3
44,977,basic,238.624,177.502,238.583,177.4,1.321,1.324
45,103,basic,249.952,222.844,249.992,222.879,1.686,1.686
45,104,basic,148.811,53.687,148.988,53.726,2.726,2.729
45,105,basic,466.145,215.39,466.148,215.353,2.283,2.284
45,105,gifted,183.535,168.373,183.535,168.373,,
45,106,basic,456.561,275.804,456.882,275.861,1.796,1.799
45,106,gifted,115.484,105.945,115.484,105.945,,
45,107,basic,524.367,253.834,522.685,253.216,2.482,2.478
45,109,basic,162.153,106.192,161.933,106.095,2.227,2.225
45,110,basic,389.467,202.269,389.661,202.351,2.09,2.09
45,113,basic,388.009,229.961,387.99,229.905,2.44,2.441
45,113,gifted,133.105,122.11,133.105,122.11,,
45,115,basic,150.048,86.907,150.038,86.901,1.731,1.731
45,117,basic,270.268,165.417,270.334,165.411,2.34,2.341
45,117,gifted,90.462,82.989,90.462,82.989,,
45,118,basic,266.472,136.42,266.669,136.473,2.159,2.161
45,130,basic,671.47,393.958,671.372,393.925,1.717,1.716
45,201,basic,80.27,53.87,79.667,53.531,1.005,0.999
45,202,basic,174.297,88.543,199.824,100.756,1.672,1.712
45,203,basic,260.076,179.32,258.877,178.706,1.341,1.335
45,204,basic,175.403,124.808,374.609,265.86,1.416,1.466
45,207,basic,0.0,0.0,122.02,92.325,,1.066
45,208,basic,205.237,171.973,0.0,0.0,1.254,
45,209,basic,141.113,46.989,236.41,77.584,0.777,0.848
45,210,basic,192.104,78.788,0.0,0.0,1.383,
45,211,basic,74.055,46.372,261.052,164.154,1.119,1.38
45,212,gifted,205.648,188.66,205.648,188.66,,
45,215,basic,112.981,67.064,112.741,67.08,0.878,0.869
45,218,basic,161.729,99.763,211.845,126.84,0.753,0.898
45,220,basic,88.482,72.952,0.0,0.0,1.376,
45,221,basic,164.261,112.263,254.656,176.493,1.005,0.988
45,222,basic,147.759,84.947,181.948,107.816,2.064,1.939
45,225,basic,86.62,42.475,85.447,41.909,1.25,1.248
45,226,basic,265.079,171.676,264.188,172.536,1.296,1.257
45,229,basic,251.723,210.045,0.0,0.0,1.147,
45,230,basic,116.239,78.281,224.77,147.26,1.048,1.203
45,233,basic,276.569,170.86,277.727,171.488,0.832,0.835
45,234,basic,79.661,65.839,0.0,0.0,1.187,
45,235,basic,84.153,53.184,139.002,87.195,1.209,1.272
45,236,basic,44.46,39.328,96.022,77.651,1.093,1.487
45,239,basic,280.604,160.565,0.0,0.0,1.744,
45,241,basic,383.205,123.182,824.284,255.125,1.876,2.206
45,242,basic,156.217,108.152,0.0,0.0,1.227,
45,243,basic,218.038,113.14,297.865,153.363,0.986,1.027
45,244,basic,37.95,35.436,38.416,35.831,1.071,1.102
45,245,basic,318.016,280.131,446.762,384.658,1.233,1.363
45,246,basic,230.134,115.619,391.266,194.622,1.219,1.278
45,247,basic,370.128,118.003,1035.235,302.978,1.567,2.246
45,248,basic,144.662,91.98,0.0,0.0,0.88,
45,249,basic,31.119,24.303,34.633,26.831,0.861,0.9
45,250,basic,80.526,60.347,133.376,101.919,0.964,0.868
45,251,basic,134.246,63.36,162.187,75.535,1.365,1.417
45,252,basic,234.18,165.259,234.278,165.545,1.444,1.438
45,255,basic,81.565,54.455,276.24,176.57,0.812,1.036
45,257,basic,124.315,108.721,421.641,355.047,1.091,1.317
45,259,basic,165.28,122.811,0.0,0.0,1.275,
45,261,basic,180.565,165.481,239.897,211.256,1.068,1.371
45,262,basic,186.864,145.195,338.696,257.14,1.075,1.187
45,264,basic,76.662,34.048,0.0,0.0,0.934,
45,266,basic,108.34,88.55,113.517,92.636,0.896,0.903
45,267,basic,116.847,105.753,131.42,118.628,1.028,1.043
45,268,basic,111.835,106.243,0.0,0.0,1.066,
45,269,basic,103.437,97.217,222.07,208.473,1.039,1.38
45,270,basic,168.918,114.101,542.189,373.108,1.536,1.495
45,272,basic,42.577,40.064,0.0,0.0,1.055,
45,275,basic,95.931,90.195,203.95,191.833,1.165,1.283
45,276,basic,149.385,71.702,317.438,152.51,1.104,1.311
45,277,basic,127.749,82.996,131.655,85.246,1.02,1.036
45,279,basic,105.514,44.924,144.33,60.944,0.995,1.038
45,281,basic,65.324,43.843,146.896,89.958,0.83,1.281
45,282,basic,77.699,58.098,90.449,65.621,0.958,1.104
45,286,basic,177.661,109.365,306.306,194.095,1.9,1.835
45,287,gifted,190.0,174.304,0.0,0.0,,
45,288,basic,187.444,163.881,187.611,164.663,1.364,1.35
45,289,basic,157.329,138.231,0.0,0.0,1.384,
45,291,basic,376.8,262.915,629.029,435.893,2.275,2.328
45,292,basic,563.407,322.247,769.248,438.803,1.496,1.447
45,930,basic,399.143,357.068,824.846,746.986,2.37,2.26
45,935,basic,438.362,305.758,0.0,0.0,1.85,
45,939,basic,216.007,103.86,0.0,0.0,1.695,
45,949,basic,380.052,316.261,0.0,0.0,1.59,
45,955,basic,46.951,44.603,0.0,0.0,2.815,
45,971,gifted,515.722,473.12,703.846,645.702,,
45,972,basic,259.221,193.277,0.0,0.0,1.839,
45,974,basic,87.201,78.826,92.016,82.975,1.245,1.292
45,977,basic,232.272,176.311,233.101,176.689,1.3,1.307
46,103,basic,258.968,229.847,258.991,229.872,1.652,1.652
46,104,basic,126.662,52.133,126.894,52.177,2.394,2.4
46,105,basic,457.637,221.044,457.607,220.993,2.357,2.358
46,105,gifted,179.692,164.732,179.692,164.732,,
46,106,basic,458.44,281.012,458.705,281.084,1.79,1.792
46,106,gifted,117.065,107.319,117.065,107.319,,
46,107,basic,507.24,260.884,505.482,260.164,2.49,2.486
46,109,basic,151.676,103.018,151.576,102.945,2.115,2.115
46,110,basic,399.959,205.915,400.355,206.088,2.102,2.103
46,113,basic,398.815,246.901,398.841,246.843,2.378,2.379
46,113,gifted,136.875,125.48,136.875,125.48,,
46,115,basic,153.867,91.914,153.859,91.91,1.744,1.744
46,117,basic,247.415,152.488,247.86,152.675,2.33,2.334
46,117,gifted,89.514,82.062,89.514,82.062,,
46,118,basic,274.782,147.144,275.005,147.216,2.143,2.145
46,130,basic,658.156,383.263,657.92,383.18,1.711,1.71
46,201,basic,75.784,51.195,76.483,51.433,0.986,1.01
46,202,basic,173.364,90.7,198.804,103.25,1.742,1.788
46,203,basic,258.12,179.5,256.826,178.914,1.321,1.311
46,204,basic,170.763,122.534,368.562,264.307,1.441,1.477
46,207,basic,0.0,0.0,117.685,83.291,,1.134
46,208,basic,203.117,164.194,0.0,0.0,1.241,
46,209,basic,151.073,51.608,246.753,83.394,0.78,0.844
46,210,basic,192.197,78.872,0.0,0.0,1.42,
46,211,basic,77.489,49.237,263.461,169.993,1.119,1.367
46,212,gifted,205.718,188.592,205.718,188.592,,
46,215,basic,120.947,68.355,120.277,68.586,1.002,0.964
46,218,basic,159.702,97.508,212.877,126.6,0.786,0.944
46,220,basic,91.916,73.846,0.0,0.0,1.525,
46,221,basic,159.922,102.92,248.483,161.851,1.026,1.004
46,222,basic,151.293,84.5,185.609,107.964,2.47,2.248
46,225,basic,91.673,46.141,90.48,45.568,1.252,1.248
46,226,basic,261.885,159.578,260.588,160.428,1.355,1.297
46,229,basic,249.848,204.592,0.0,0.0,1.15,
46,230,basic,100.375,68.779,210.924,140.702,1.018,1.196
46,233,basic,282.739,172.971,283.277,173.32,0.838,0.838
46,234,basic,75.065,61.741,0.0,0.0,1.186,
46,235,basic,85.528,51.997,141.58,86.092,1.325,1.355
46,236,basic,49.243,42.934,105.89,82.39,1.062,1.582
46,239,basic,289.174,170.733,0.0,0.0,1.763,
46,241,basic,386.524,130.067,825.801,272.919,1.958,2.242
46,242,basic,157.427,108.966,0.0,0.0,1.243,
46,243,basic,212.463,111.34,290.896,151.375,0.98,1.024
46,244,basic,37.624,35.14,38.12,35.61,1.109,1.13
46,245,basic,318.563,269.669,446.283,369.718,1.24,1.379
46,246,basic,233.451,122.425,393.461,203.581,1.128,1.215
46,247,basic,371.978,123.42,1038.521,324.185,1.639,2.307
46,248,basic,146.333,94.065,0.0,0.0,0.887,
46,249,basic,27.954,21.245,31.172,23.56,0.889,0.924
46,250,basic,88.264,66.076,141.657,107.944,0.976,0.868
46,251,basic,129.785,59.78,157.095,71.112,1.422,1.499
46,252,basic,244.055,166.968,243.95,167.447,1.464,1.445
46,255,basic,87.973,58.724,283.776,183.41,0.847,1.052
46,257,basic,124.765,105.067,421.675,342.087,1.084,1.322
46,259,basic,159.41,121.272,0.0,0.0,1.212,
46,261,basic,174.906,159.46,235.601,206.008,1.093,1.412
46,262,basic,187.134,142.736,336.352,251.604,1.068,1.183
46,264,basic,82.74,35.832,0.0,0.0,0.927,
46,266,basic,107.261,82.943,112.518,86.895,0.913,0.92
46,267,basic,117.828,103.247,133.15,116.357,1.024,1.04
46,268,basic,105.033,99.781,0.0,0.0,1.064,
46,269,basic,105.23,98.75,224.428,210.343,1.058,1.391
46,270,basic,155.51,107.931,518.628,364.791,1.54,1.511
46,272,basic,39.8,37.557,0.0,0.0,1.056,
46,275,basic,95.389,89.208,208.183,194.139,1.208,1.298
46,276,basic,148.998,70.429,316.095,150.755,1.109,1.311
46,277,basic,124.107,81.317,127.52,83.331,1.014,1.029
46,279,basic,102.893,44.501,141.306,60.816,1.004,1.036
46,281,basic,67.737,46.034,141.013,89.36,0.807,1.227
46,282,basic,71.926,55.06,82.157,61.384,0.867,1.01
46,286,basic,186.378,109.461,318.174,193.289,2.067,1.945
46,287,gifted,190.0,174.182,0.0,0.0,,
46,288,basic,188.889,162.605,188.822,163.352,1.424,1.402
46,289,basic,155.759,139.27,0.0,0.0,1.388,
46,291,basic,376.554,254.568,626.637,420.878,2.376,2.43
46,292,basic,565.444,328.322,771.288,445.535,1.503,1.458
46,930,basic,399.055,362.109,824.339,755.454,2.425,2.314
46,935,basic,437.97,308.579,0.0,0.0,1.884,
46,939,basic,222.873,107.38,0.0,0.0,1.774,
46,949,basic,376.565,322.656,0.0,0.0,1.58,
46,955,basic,44.318,42.102,0.0,0.0,2.818,
46,971,gifted,516.097,473.131,704.181,645.557,,
46,972,basic,262.076,191.973,0.0,0.0,1.929,
46,974,basic,85.601,78.571,91.586,83.855,1.222,1.287
46,977,basic,237.547,181.899,236.547,181.272,1.333,1.328
47,103,basic,269.26,232.738,269.289,232.762,1.62,1.62
47,104,basic,132.606,56.039,132.776,56.076,2.317,2.32
47,105,basic,435.029,209.574,435.054,209.546,2.274,2.275
47,105,gifted,175.978,162.026,175.978,162.026,,
47,106,basic,452.352,281.889,452.65,281.936,1.742,1.744
47,106,gifted,116.425,107.194,116.425,107.194,,
47,107,basic,510.04,254.792,508.277,254.143,2.46,2.456
47,109,basic,151.778,100.12,151.565,100.016,2.101,2.1
47,110,basic,400.266,208.738,400.527,208.841,2.117,2.118
47,113,basic,383.903,229.325,383.856,229.257,2.342,2.343
47,113,gifted,134.601,123.929,134.601,123.929,,
47,115,basic,142.953,86.559,142.947,86.555,1.717,1.717
47,117,basic,266.42,159.452,266.528,159.459,2.328,2.329
47,117,gifted,90.172,83.023,90.172,83.023,,
47,118,basic,278.179,148.75,278.386,148.798,2.103,2.104
47,130,basic,665.811,402.476,665.699,402.442,1.679,1.679
47,201,basic,77.335,53.157,77.71,53.158,0.981,0.998
47,202,basic,176.308,91.901,201.653,104.356,1.659,1.692
47,203,basic,252.408,174.464,251.081,173.899,1.289,1.281
47,204,basic,174.249,122.89,372.487,260.841,1.371,1.442
47,207,basic,0.0,0.0,122.498,90.248,,1.059
47,208,basic,213.245,172.678,0.0,0.0,1.212,
47,209,basic,149.948,58.855,245.153,94.789,0.787,0.849
47,210,basic,192.006,83.964,0.0,0.0,1.408,
47,211,basic,72.734,47.105,261.115,170.341,1.108,1.357
47,212,gifted,205.894,189.569,205.894,189.569,,
47,215,basic,123.028,75.624,122.552,75.933,0.92,0.896
47,218,basic,159.149,103.397,210.095,131.783,0.769,0.912
47,220,basic,91.735,72.627,0.0,0.0,1.364,
47,221,basic,165.387,113.651,256.428,177.628,0.945,0.954
47,222,basic,149.635,81.337,183.414,103.919,2.173,2.013
47,225,basic,90.853,47.884,89.715,47.327,1.203,1.2
47,226,basic,256.5,163.472,255.319,165.134,1.261,1.205
47,229,basic,252.379,204.403,0.0,0.0,1.138,
47,230,basic,111.908,78.107,221.056,148.169,0.989,1.175
47,233,basic,276.632,179.755,277.321,180.154,0.82,0.821
47,234,basic,76.549,61.417,0.0,0.0,1.189,
47,235,basic,89.489,56.076,147.325,91.924,1.256,1.308
47,236,basic,50.737,43.722,107.163,82.539,1.017,1.448
47,239,basic,273.121,158.888,0.0,0.0,1.678,
47,241,basic,384.288,135.718,823.015,281.443,1.865,2.145
47,242,basic,157.404,109.435,0.0,0.0,1.225,
47,243,basic,220.421,122.789,300.387,165.664,0.976,1.02
47,244,basic,37.393,34.321,37.865,34.765,1.138,1.157
47,245,basic,319.936,267.985,454.018,369.195,1.218,1.354
47,246,basic,226.956,124.101,384.956,206.638,1.121,1.203
47,247,basic,371.423,133.102,1037.367,337.32,1.556,2.215
47,248,basic,145.764,97.52,0.0,0.0,0.874,
47,249,basic,31.866,24.837,35.174,27.266,0.883,0.909
47,250,basic,85.005,64.341,137.662,106.737,0.959,0.859
47,251,basic,125.697,62.653,153.344,75.056,1.296,1.361
47,252,basic,226.301,157.28,226.425,157.595,1.336,1.33
47,255,basic,87.472,60.238,281.437,186.141,0.854,1.036
47,257,basic,123.728,104.168,419.554,334.57,1.059,1.308
47,259,basic,157.868,116.631,0.0,0.0,1.243,
47,261,basic,182.315,161.85,243.954,203.65,1.088,1.395
47,262,basic,182.53,141.006,331.952,248.99,1.041,1.161
47,264,basic,78.564,37.987,0.0,0.0,0.937,
47,266,basic,107.111,85.637,112.214,89.627,0.892,0.896
47,267,basic,121.855,106.868,137.131,119.884,1.02,1.034
47,268,basic,110.073,104.569,0.0,0.0,1.061,
47,269,basic,106.294,97.667,226.404,204.162,1.071,1.389
47,270,basic,170.165,114.492,536.297,367.621,1.475,1.451
47,272,basic,43.497,40.664,0.0,0.0,1.027,
47,275,basic,88.921,81.047,196.814,178.128,1.217,1.289
47,276,basic,151.27,77.417,318.753,163.539,1.1,1.291
47,277,basic,122.548,82.131,125.945,84.108,1.01,1.024
47,279,basic,105.164,49.571,143.046,66.94,1.001,1.034
47,281,basic,65.478,46.071,140.425,89.256,0.808,1.225
47,282,basic,74.057,57.198,85.132,63.541,0.868,1.004
47,286,basic,178.83,108.99,307.941,190.838,1.712,1.704
47,287,gifted,190.0,174.936,0.0,0.0,,
47,288,basic,185.309,153.67,185.201,154.655,1.364,1.342
47,289,basic,152.117,130.939,0.0,0.0,1.371,
47,291,basic,375.607,241.75,626.623,399.796,2.255,2.3
47,292,basic,563.701,333.628,768.678,453.247,1.466,1.423
47,930,basic,399.421,333.821,824.966,703.952,2.333,2.225
47,935,basic,437.461,295.836,0.0,0.0,1.806,
47,939,basic,217.24,109.112,0.0,0.0,1.651,
47,949,basic,371.717,305.372,0.0,0.0,1.509,
47,955,basic,45.28,43.016,0.0,0.0,2.753,
47,971,gifted,515.712,474.824,703.717,647.923,,
47,972,basic,260.249,182.395,0.0,0.0,1.867,
47,974,basic,89.692,79.933,94.901,83.911,1.183,1.242
47,977,basic,235.149,174.918,233.243,173.92,1.32,1.31
48,103,basic,266.293,240.491,266.311,240.504,1.628,1.628
48,104,basic,142.453,55.541,142.634,55.588,2.65,2.652
48,105,basic,436.492,212.358,436.521,212.341,2.296,2.296
48,105,gifted,176.928,163.15,176.928,163.15,,
48,106,basic,460.781,287.245,461.106,287.31,1.781,1.784
48,106,gifted,115.633,106.628,115.633,106.628,,
48,107,basic,522.255,265.015,520.499,264.323,2.496,2.492
48,109,basic,148.847,100.437,148.606,100.32,2.2,2.198
48,110,basic,404.887,215.25,405.054,215.32,2.129,2.129
48,113,basic,389.303,242.561,389.264,242.509,2.388,2.389
48,113,gifted,132.664,122.333,132.664,122.333,,
48,115,basic,149.674,89.591,149.664,89.585,1.734,1.734
48,117,basic,260.839,163.263,260.868,163.25,2.361,2.362
48,117,gifted,90.097,83.081,90.097,83.081,,
48,118,basic,278.107,148.672,278.315,148.734,2.155,2.156
48,130,basic,658.422,392.62,658.338,392.591,1.717,1.717
48,201,basic,78.957,52.668,79.129,52.685,0.991,1.0
48,202,basic,171.584,88.254,196.999,100.686,1.673,1.71
48,203,basic,270.21,184.576,269.105,184.052,1.353,1.346
48,204,basic,178.634,124.929,375.479,263.004,1.468,1.492
48,207,basic,0.0,0.0,123.785,90.284,,1.083
48,208,basic,206.123,169.737,0.0,0.0,1.271,
48,209,basic,149.08,50.151,246.575,81.977,0.768,0.833
48,210,basic,191.769,78.855,0.0,0.0,1.404,
48,211,basic,74.145,46.173,264.079,168.154,1.122,1.39
48,212,gifted,205.586,189.576,205.586,189.576,,
48,215,basic,119.902,69.066,119.651,69.165,0.886,0.872
48,218,basic,157.565,95.539,208.784,123.152,0.772,0.926
48,220,basic,88.6,72.504,0.0,0.0,1.397,
48,221,basic,166.317,111.407,256.953,173.372,0.96,0.961
48,222,basic,144.14,83.318,179.083,106.798,2.1,1.956
48,225,basic,82.944,40.927,81.796,40.381,1.242,1.239
48,226,basic,257.051,161.146,256.138,161.924,1.322,1.277
48,229,basic,252.613,206.189,0.0,0.0,1.145,
48,230,basic,115.323,76.845,229.292,149.239,1.07,1.223
48,233,basic,281.876,171.327,282.898,171.891,0.833,0.835
48,234,basic,78.184,62.84,0.0,0.0,1.233,
48,235,basic,84.609,52.671,140.504,86.774,1.19,1.26
48,236,basic,51.723,45.424,108.472,88.024,1.102,1.458
48,239,basic,272.934,157.55,0.0,0.0,1.73,
48,241,basic,386.657,127.084,826.607,266.495,1.927,2.232
48,242,basic,159.112,108.428,0.0,0.0,1.23,
48,243,basic,217.116,112.418,296.805,152.646,0.989,1.029
48,244,basic,37.465,34.978,37.952,35.404,1.108,1.136
48,245,basic,318.624,273.185,449.13,377.036,1.241,1.371
48,246,basic,220.909,113.207,377.341,190.786,1.135,1.216
48,247,basic,370.631,120.577,1036.941,317.095,1.604,2.289
48,248,basic,141.776,89.053,0.0,0.0,0.883,
48,249,basic,30.155,22.728,33.65,25.194,0.877,0.916
48,250,basic,80.216,59.282,133.271,100.138,0.964,0.87
48,251,basic,129.329,60.565,156.554,72.213,1.384,1.45
48,252,basic,233.515,163.817,233.635,164.064,1.407,1.402
48,255,basic,86.323,56.643,281.353,178.265,0.838,1.046
48,257,basic,123.448,105.525,419.199,344.621,1.092,1.329
48,259,basic,152.441,113.261,0.0,0.0,1.234,
48,261,basic,174.542,158.897,233.196,203.731,1.108,1.41
48,262,basic,187.054,142.171,336.138,250.339,1.069,1.182
48,264,basic,75.96,33.133,0.0,0.0,0.942,
48,266,basic,106.011,83.677,111.257,87.679,0.9,0.908
48,267,basic,117.796,102.733,132.953,115.643,1.03,1.044
48,268,basic,107.99,102.591,0.0,0.0,1.068,
48,269,basic,104.141,97.827,223.254,208.799,1.022,1.382
48,270,basic,162.47,109.94,526.541,363.235,1.543,1.482
48,272,basic,42.263,39.753,0.0,0.0,1.086,
48,275,basic,90.31,84.864,195.055,182.99,1.163,1.283
48,276,basic,151.309,71.618,317.747,153.079,1.133,1.319
48,277,basic,125.569,81.385,129.617,83.72,0.995,1.014
48,279,basic,97.521,41.745,134.658,57.257,0.989,1.028
48,281,basic,66.685,44.29,145.144,89.023,0.823,1.271
48,282,basic,77.16,57.823,88.305,64.5,0.886,1.027
48,286,basic,175.794,107.862,304.51,191.176,1.857,1.811
48,287,gifted,190.0,175.204,0.0,0.0,,
48,288,basic,175.805,152.442,176.005,153.241,1.409,1.391
48,289,basic,153.85,136.784,0.0,0.0,1.393,
48,291,basic,374.61,263.589,623.473,435.336,2.29,2.343
48,292,basic,564.221,325.974,770.378,442.197,1.515,1.465
48,930,basic,399.354,360.623,824.9,752.455,2.396,2.295
48,935,basic,438.247,310.301,0.0,0.0,1.869,
48,939,basic,220.506,106.199,0.0,0.0,1.752,
48,949,basic,376.478,318.556,0.0,0.0,1.566,
48,955,basic,44.558,42.331,0.0,0.0,2.769,
48,971,gifted,515.686,475.527,703.876,649.062,,
48,972,basic,263.673,197.227,0.0,0.0,1.879,
48,974,basic,87.935,79.641,92.982,83.922,1.255,1.308
48,977,basic,237.199,178.636,238.548,179.304,1.292,1.303
49,103,basic,271.645,241.296,271.658,241.308,1.655,1.655
49,104,basic,130.111,59.164,130.346,59.218,2.588,2.594
49,105,basic,452.855,241.472,452.843,241.433,2.357,2.358
49,105,gifted,178.953,164.499,178.953,164.499,,
49,106,basic,457.093,298.917,457.354,299.001,1.784,1.786
49,106,gifted,116.615,107.196,116.615,107.196,,
49,107,basic,505.434,283.599,503.72,282.805,2.48,2.476
49,109,basic,151.345,106.351,151.24,106.277,2.176,2.176
49,110,basic,392.498,223.415,392.884,223.605,2.142,2.143
49,113,basic,389.313,253.292,389.335,253.228,2.402,2.404
49,113,gifted,134.398,123.543,134.398,123.543,,
49,115,basic,143.167,91.341,143.16,91.338,1.719,1.719
49,117,basic,255.623,167.856,255.924,167.991,2.346,2.349
49,117,gifted,89.311,82.097,89.311,82.097,,
49,118,basic,269.333,156.205,269.574,156.301,2.169,2.171
49,130,basic,666.242,419.07,666.057,418.989,1.752,1.752
49,201,basic,80.403,51.601,80.453,51.525,1.057,1.07
49,202,basic,170.679,89.372,196.158,102.15,1.752,1.794
49,203,basic,265.415,174.588,264.224,174.057,1.373,1.363
49,204,basic,176.164,118.766,375.618,253.871,1.489,1.5
49,207,basic,0.0,0.0,122.547,84.281,,1.114
49,208,basic,208.831,162.421,0.0,0.0,1.284,
49,209,basic,143.818,54.032,237.606,88.512,0.786,0.846
49,210,basic,193.27,84.134,0.0,0.0,1.449,
49,211,basic,74.81,46.106,256.866,165.731,1.106,1.381
49,212,gifted,205.712,189.096,205.712,189.096,,
49,215,basic,119.384,68.446,118.938,68.532,0.964,0.939
49,218,basic,155.847,93.608,207.442,121.725,0.77,0.934
49,220,basic,89.511,67.976,0.0,0.0,1.449,
49,221,basic,162.748,104.181,252.812,163.189,0.999,0.982
49,222,basic,149.345,83.398,183.403,105.733,2.346,2.153
49,225,basic,79.599,40.554,78.337,39.931,1.268,1.265
49,226,basic,265.719,160.936,264.622,161.668,1.393,1.333
49,229,basic,248.44,188.2,0.0,0.0,1.167,
49,230,basic,106.698,69.338,215.78,137.455,1.057,1.214
49,233,basic,280.953,169.053,281.593,169.438,0.836,0.836
49,234,basic,77.344,58.48,0.0,0.0,1.223,
49,235,basic,78.75,47.769,134.088,81.075,1.27,1.318
49,236,basic,52.102,42.692,108.251,81.581,1.041,1.468
49,239,basic,277.997,161.065,0.0,0.0,1.739,
49,241,basic,384.488,141.678,824.586,302.971,1.945,2.276
49,242,basic,161.428,106.774,0.0,0.0,1.246,
49,243,basic,213.622,112.884,293.081,153.982,0.989,1.032
49,244,basic,36.777,34.165,37.372,34.708,1.121,1.144
49,245,basic,319.867,251.516,447.799,346.086,1.274,1.402
49,246,basic,240.122,125.109,398.657,205.991,1.22,1.284
49,247,basic,369.019,134.739,1035.078,367.437,1.628,2.319
49,248,basic,150.066,93.122,0.0,0.0,0.9,
49,249,basic,31.221,22.42,34.436,24.622,0.892,0.924
49,250,basic,84.34,59.385,140.432,100.172,0.959,0.867
49,251,basic,136.351,65.689,163.578,77.989,1.43,1.485
49,252,basic,236.272,155.319,236.221,155.617,1.494,1.479
49,255,basic,83.74,53.584,276.435,172.056,0.86,1.066
49,257,basic,123.446,96.567,418.282,316.453,1.085,1.332
49,259,basic,157.436,110.364,0.0,0.0,1.301,
49,261,basic,184.092,157.337,245.895,201.122,1.105,1.426
49,262,basic,185.416,132.963,337.885,238.061,1.082,1.206
49,264,basic,80.929,37.178,0.0,0.0,0.962,
49,266,basic,103.545,75.834,108.642,79.493,0.922,0.928
49,267,basic,123.264,99.472,138.902,111.885,1.037,1.05
49,268,basic,111.236,105.674,0.0,0.0,1.073,
49,269,basic,105.112,96.662,224.266,200.681,1.038,1.37
49,270,basic,161.288,104.891,526.182,349.07,1.611,1.518
49,272,basic,39.416,36.994,0.0,0.0,1.059,
49,275,basic,93.388,85.664,202.029,183.542,1.142,1.244
49,276,basic,152.919,74.927,320.957,162.663,1.136,1.336
49,277,basic,125.324,78.973,128.686,80.91,1.023,1.038
49,279,basic,108.704,49.133,147.296,66.293,1.033,1.065
49,281,basic,71.823,46.614,149.196,91.167,0.818,1.244
49,282,basic,72.68,51.782,82.829,57.817,0.885,1.027
49,286,basic,178.26,106.097,309.946,189.36,1.952,1.85
49,287,gifted,190.0,174.654,0.0,0.0,,
49,288,basic,188.851,151.543,188.774,152.139,1.431,1.407
49,289,basic,157.596,135.547,0.0,0.0,1.409,
49,291,basic,371.487,249.672,620.121,413.315,2.426,2.464
49,292,basic,562.805,333.554,767.9,449.519,1.522,1.472
49,930,basic,399.355,350.234,824.833,734.586,2.364,2.257
49,935,basic,437.797,302.976,0.0,0.0,1.91,
49,939,basic,221.17,111.949,0.0,0.0,1.829,
49,949,basic,381.031,313.041,0.0,0.0,1.61,
49,955,basic,46.218,43.907,0.0,0.0,2.77,
49,971,gifted,516.101,474.415,704.164,647.288,,
49,972,basic,258.494,186.382,0.0,0.0,1.921,
49,974,basic,88.598,77.655,93.889,81.674,1.21,1.269
49,977,basic,238.511,169.831,237.217,169.095,1.342,1.334
50,103,basic,272.874,241.635,272.873,241.635,1.623,1.623
50,104,basic,147.695,60.906,147.96,60.962,2.643,2.648
50,105,basic,442.411,224.221,442.41,224.176,2.268,2.269
50,105,gifted,179.088,164.471,179.088,164.471,,
50,106,basic,478.256,301.08,478.642,301.159,1.854,1.856
50,106,gifted,118.067,108.431,118.067,108.431,,
50,107,basic,535.69,275.835,533.986,275.163,2.511,2.507
50,109,basic,151.4,102.809,151.226,102.709,2.136,2.135
50,110,basic,392.562,221.641,392.919,221.807,2.083,2.084
50,113,basic,396.611,248.316,396.585,248.248,2.355,2.356
50,113,gifted,133.998,123.062,133.998,123.062,,
50,115,basic,144.069,88.908,144.063,88.905,1.712,1.712
50,117,basic,265.191,168.295,265.48,168.388,2.325,2.328
50,117,gifted,90.126,82.77,90.126,82.77,,
50,118,basic,271.239,150.486,271.406,150.529,2.107,2.108
50,130,basic,656.057,408.932,655.88,408.866,1.707,1.706
50,201,basic,75.764,49.192,74.866,48.708,1.081,1.071
50,202,basic,169.963,88.243,195.731,100.979,1.609,1.644
50,203,basic,258.793,172.719,257.75,172.197,1.337,1.332
50,204,basic,176.245,119.442,377.019,255.051,1.42,1.466
50,207,basic,0.0,0.0,128.231,93.007,,1.081
50,208,basic,208.743,168.907,0.0,0.0,1.261,
50,209,basic,155.02,58.629,250.987,93.586,0.765,0.836
50,210,basic,192.746,85.127,0.0,0.0,1.371,
50,211,basic,79.733,49.697,268.79,172.407,1.097,1.351
50,212,gifted,205.544,188.769,205.544,188.769,,
50,215,basic,120.101,71.32,120.093,71.389,0.88,0.876
50,218,basic,151.217,93.889,202.994,122.031,0.76,0.922
50,220,basic,91.839,72.273,0.0,0.0,1.35,
50,221,basic,164.681,111.424,253.607,173.453,0.972,0.965
50,222,basic,138.101,78.712,174.113,102.21,1.948,1.83
50,225,basic,83.806,42.855,82.772,42.334,1.205,1.204
50,226,basic,251.836,163.318,250.892,163.888,1.206,1.171
50,229,basic,247.094,193.757,0.0,0.0,1.14,
50,230,basic,112.591,74.391,219.035,140.493,1.038,1.209
50,233,basic,277.516,172.164,278.428,172.669,0.83,0.832
50,234,basic,73.661,57.173,0.0,0.0,1.159,
50,235,basic,88.802,54.689,144.944,88.841,1.25,1.303
50,236,basic,50.106,43.438,104.469,82.602,1.053,1.435
50,239,basic,266.276,152.646,0.0,0.0,1.655,
50,241,basic,385.673,136.348,826.441,284.101,1.881,2.237
50,242,basic,160.634,107.639,0.0,0.0,1.206,
50,243,basic,212.921,114.637,291.642,155.822,0.982,1.023
50,244,basic,35.992,33.398,36.461,33.767,1.076,1.107
50,245,basic,320.491,265.359,450.964,364.503,1.221,1.35
50,246,basic,233.187,120.621,394.824,201.816,1.215,1.284
50,247,basic,366.514,130.205,1031.43,343.281,1.568,2.253
50,248,basic,143.373,90.0,0.0,0.0,0.901,
50,249,basic,33.02,24.58,36.824,27.195,0.847,0.887
50,250,basic,87.737,63.261,140.408,103.155,0.969,0.873
50,251,basic,128.427,63.381,155.647,76.066,1.369,1.408
50,252,basic,233.764,160.889,233.881,161.172,1.415,1.409
50,255,basic,86.388,56.608,289.22,181.468,0.839,1.072
50,257,basic,124.113,102.536,419.535,331.878,1.09,1.326
50,259,basic,169.703,119.249,0.0,0.0,1.317,
50,261,basic,172.28,152.847,228.643,193.04,1.062,1.34
50,262,basic,184.792,136.731,335.65,243.265,1.079,1.182
50,264,basic,81.55,38.901,0.0,0.0,0.908,
50,266,basic,103.502,80.833,108.531,84.597,0.892,0.901
50,267,basic,109.979,92.235,124.599,104.104,1.003,1.022
50,268,basic,108.183,102.774,0.0,0.0,1.066,
50,269,basic,105.715,97.607,226.115,203.237,0.993,1.351
50,270,basic,139.79,92.978,499.184,334.847,1.419,1.424
50,272,basic,42.194,39.456,0.0,0.0,1.054,
50,275,basic,94.499,87.618,203.774,187.203,1.139,1.254
50,276,basic,156.641,78.473,324.41,166.157,1.136,1.32
50,277,basic,129.155,83.162,133.02,85.375,1.017,1.032
50,279,basic,105.298,48.254,143.855,65.439,0.991,1.03
50,281,basic,66.062,43.796,144.885,87.971,0.818,1.262
50,282,basic,76.897,56.072,88.463,62.705,0.893,1.033
50,286,basic,175.171,105.383,304.377,187.907,1.839,1.787
50,287,gifted,190.0,174.493,0.0,0.0,,
50,288,basic,188.462,159.129,188.735,159.695,1.302,1.294
50,289,basic,152.618,130.471,0.0,0.0,1.389,
50,291,basic,373.797,258.011,626.662,425.009,2.206,2.299
50,292,basic,565.142,330.394,772.85,448.666,1.53,1.475
50,930,basic,398.992,341.163,824.283,715.349,2.292,2.211
50,935,basic,438.884,299.747,0.0,0.0,1.901,
50,939,basic,216.558,109.154,0.0,0.0,1.693,
50,949,basic,382.207,309.451,0.0,0.0,1.554,
50,955,basic,46.399,44.079,0.0,0.0,2.766,
50,971,gifted,515.582,473.503,703.729,646.294,,
50,972,basic,261.766,190.275,0.0,0.0,1.848,
50,974,basic,85.435,74.847,90.682,78.692,1.184,1.243
50,977,basic,234.486,168.884,235.633,169.445,1.286,1.294
51,103,basic,271.069,247.225,271.076,247.238,1.639,1.639
51,104,basic,125.042,45.106,125.289,45.145,2.254,2.26
51,105,basic,450.753,197.852,450.699,197.798,2.29,2.291
51,105,gifted,181.266,166.163,181.266,166.163,,
51,106,basic,460.864,265.264,461.15,265.338,1.757,1.758
51,106,gifted,116.973,107.226,116.973,107.226,,
51,107,basic,518.681,242.924,516.915,242.257,2.515,2.511
51,109,basic,146.869,97.437,146.746,97.346,2.076,2.076
51,110,basic,396.945,179.142,397.463,179.339,2.18,2.181
51,113,basic,389.921,236.674,389.896,236.602,2.323,2.324
51,113,gifted,135.948,124.621,135.948,124.621,,
51,115,basic,149.429,82.785,149.422,82.781,1.731,1.731
51,117,basic,252.636,147.373,253.095,147.559,2.343,2.346
51,117,gifted,89.346,81.901,89.346,81.901,,
51,118,basic,265.91,131.041,266.081,131.087,2.073,2.075
51,130,basic,666.715,346.701,666.464,346.624,1.737,1.736
51,201,basic,83.267,57.315,83.133,57.162,1.045,1.05
51,202,basic,172.249,88.878,198.062,101.498,1.716,1.761
51,203,basic,255.729,187.415,254.56,186.822,1.327,1.319
51,204,basic,178.078,135.536,376.781,287.776,1.487,1.498
51,207,basic,0.0,0.0,117.713,86.415,,1.067
51,208,basic,207.141,176.228,0.0,0.0,1.244,
51,209,basic,150.068,41.094,246.017,66.623,0.783,0.851
51,210,basic,192.575,69.956,0.0,0.0,1.398,
51,211,basic,71.931,46.442,255.486,164.194,1.107,1.341
51,212,gifted,205.608,188.476,205.608,188.476,,
51,215,basic,120.616,64.992,120.453,65.142,0.938,0.923
51,218,basic,156.105,93.46,207.973,121.311,0.77,0.929
51,220,basic,85.233,74.05,0.0,0.0,1.395,
51,221,basic,164.555,105.366,255.822,165.556,1.003,0.986
51,222,basic,145.779,88.229,180.592,113.665,2.329,2.119
51,225,basic,88.53,42.108,87.527,41.645,1.233,1.231
51,226,basic,250.293,151.649,249.167,152.108,1.288,1.244
51,229,basic,249.68,223.272,0.0,0.0,1.159,
51,230,basic,121.851,86.111,232.436,160.665,1.054,1.207
51,233,basic,280.974,167.552,282.098,168.159,0.848,0.85
51,234,basic,77.942,68.985,0.0,0.0,1.211,
51,235,basic,86.624,52.107,144.841,87.276,1.338,1.36
51,236,basic,47.943,43.258,103.404,85.775,1.103,1.53
51,239,basic,289.935,176.011,0.0,0.0,1.723,
51,241,basic,386.103,111.747,826.465,231.507,1.933,2.236
51,242,basic,154.029,110.931,0.0,0.0,1.211,
51,243,basic,220.688,108.901,299.671,146.917,0.987,1.029
51,244,basic,36.875,34.797,37.418,35.298,1.167,1.201
51,245,basic,320.536,289.279,449.496,398.926,1.241,1.373
51,246,basic,229.941,112.811,387.866,188.567,1.21,1.273
51,247,basic,368.784,102.867,1034.652,267.536,1.623,2.278
51,248,basic,145.308,93.273,0.0,0.0,0.893,
51,249,basic,29.843,23.52,33.417,26.161,0.89,0.931
51,250,basic,89.061,71.013,145.78,118.191,0.97,0.867
51,251,basic,134.749,56.967,162.33,67.918,1.374,1.422
51,252,basic,239.388,172.198,239.373,172.554,1.486,1.473
51,255,basic,87.315,59.054,285.591,187.002,0.857,1.068
51,257,basic,117.456,107.419,411.254,365.706,1.068,1.313
51,259,basic,153.865,125.752,0.0,0.0,1.274,
51,261,basic,168.721,157.81,228.018,210.469,1.11,1.445
51,262,basic,183.793,148.577,337.432,267.572,1.075,1.192
51,264,basic,78.322,29.064,0.0,0.0,0.913,
51,266,basic,106.138,86.201,111.366,90.319,0.914,0.922
51,267,basic,115.049,107.346,130.888,121.925,1.051,1.066
51,268,basic,110.405,104.885,0.0,0.0,1.063,
51,269,basic,107.916,102.32,227.451,215.891,1.043,1.379
51,270,basic,157.32,117.914,521.75,396.265,1.53,1.5
51,272,basic,41.66,39.496,0.0,0.0,1.075,
51,275,basic,93.107,88.243,201.276,190.984,1.187,1.296
51,276,basic,150.474,63.861,318.194,134.296,1.135,1.317
51,277,basic,125.461,84.066,128.85,86.116,1.012,1.027
51,279,basic,106.012,40.39,145.047,54.953,1.012,1.049
51,281,basic,70.896,49.014,148.666,95.82,0.817,1.246
51,282,basic,79.954,65.016,91.567,72.678,0.909,1.054
51,286,basic,174.904,109.782,304.823,195.695,1.834,1.777
51,287,gifted,190.0,174.169,0.0,0.0,,
51,288,basic,187.898,170.464,188.097,171.121,1.431,1.417
51,289,basic,157.579,146.34,0.0,0.0,1.389,
51,291,basic,373.243,274.029,625.373,456.001,2.269,2.344
51,292,basic,563.596,315.868,769.598,431.647,1.495,1.448
51,930,basic,399.069,374.225,824.432,776.026,2.445,2.335
51,935,basic,438.362,327.079,0.0,0.0,1.879,
51,939,basic,215.338,95.551,0.0,0.0,1.736,
51,949,basic,376.843,340.663,0.0,0.0,1.575,
51,955,basic,46.298,43.984,0.0,0.0,2.729,
51,971,gifted,515.932,472.944,704.012,645.353,,
51,972,basic,259.126,204.008,0.0,0.0,1.893,
51,974,basic,87.603,81.964,92.491,86.59,1.268,1.329
51,977,basic,240.013,200.274,238.959,199.585,1.339,1.334
52,103,basic,260.375,223.187,260.386,223.206,1.663,1.663
52,104,basic,127.772,52.437,128.02,52.473,2.227,2.232
52,105,basic,462.544,212.446,462.488,212.38,2.299,2.3
52,105,gifted,182.768,167.498,182.768,167.498,,
52,106,basic,448.253,269.428,448.507,269.484,1.761,1.763
52,106,gifted,116.128,106.426,116.128,106.426,,
52,107,basic,519.31,248.866,517.593,248.254,2.478,2.474
52,109,basic,151.644,99.951,151.562,99.881,2.052,2.053
52,110,basic,408.78,213.46,409.26,213.671,2.086,2.087
52,113,basic,392.458,230.444,392.486,230.376,2.325,2.327
52,113,gifted,135.773,124.43,135.773,124.43,,
52,115,basic,150.716,86.257,150.706,86.252,1.743,1.743
52,117,basic,253.007,151.808,253.556,152.007,2.314,2.318
52,117,gifted,89.56,82.078,89.56,82.078,,
52,118,basic,260.461,133.229,260.647,133.28,2.135,2.137
52,130,basic,661.012,390.031,660.734,389.952,1.705,1.705
52,201,basic,79.539,53.568,79.373,53.388,1.022,1.027
52,202,basic,172.212,90.055,197.768,102.336,1.638,1.689
52,203,basic,254.863,177.092,253.55,176.505,1.277,1.268
52,204,basic,180.562,128.657,379.157,267.373,1.353,1.437
52,207,basic,0.0,0.0,129.996,99.85,,1.043
52,208,basic,206.827,170.184,0.0,0.0,1.221,
52,209,basic,146.012,54.964,239.422,88.806,0.761,0.828
52,210,basic,192.655,84.426,0.0,0.0,1.404,
52,211,basic,80.802,51.454,262.458,165.174,1.105,1.35
52,212,gifted,205.542,188.37,205.542,188.37,,
52,215,basic,121.929,74.435,121.552,74.683,0.967,0.946
52,218,basic,155.159,98.52,205.423,126.488,0.773,0.914
52,220,basic,89.071,71.825,0.0,0.0,1.381,
52,221,basic,164.553,115.8,255.815,182.146,0.99,0.984
52,222,basic,146.264,80.705,180.243,103.798,2.179,2.003
52,225,basic,92.347,48.006,91.236,47.45,1.187,1.185
52,226,basic,260.513,172.65,259.408,174.272,1.294,1.236
52,229,basic,249.649,204.995,0.0,0.0,1.128,
52,230,basic,107.917,73.45,215.96,142.08,1.016,1.193
52,233,basic,283.874,181.53,284.822,182.062,0.827,0.829
52,234,basic,78.284,63.384,0.0,0.0,1.181,
52,235,basic,85.12,55.125,142.496,91.431,1.198,1.271
52,236,basic,48.517,43.101,105.836,84.711,1.004,1.437
52,239,basic,282.298,162.894,0.0,0.0,1.719,
52,241,basic,387.029,134.976,825.987,277.522,1.861,2.138
52,242,basic,164.016,114.557,0.0,0.0,1.208,
52,243,basic,223.004,121.301,302.375,163.148,0.982,1.022
52,244,basic,35.607,32.904,36.1,33.364,1.116,1.139
52,245,basic,320.98,278.55,450.687,381.692,1.239,1.367
52,246,basic,235.762,125.265,396.459,207.327,1.154,1.233
52,247,basic,368.216,128.343,1033.265,326.328,1.575,2.23
52,248,basic,142.707,92.661,0.0,0.0,0.888,
52,249,basic,29.083,22.612,32.492,25.109,0.91,0.941
52,250,basic,85.552,63.737,140.128,106.54,0.965,0.87
52,251,basic,132.298,66.341,160.577,79.284,1.349,1.406
52,252,basic,243.072,172.031,243.124,172.416,1.391,1.382
52,255,basic,88.2,59.278,284.739,183.913,0.856,1.053
52,257,basic,117.384,101.175,411.835,338.618,1.063,1.316
52,259,basic,165.056,120.708,0.0,0.0,1.262,
52,261,basic,177.12,160.095,237.567,203.871,1.094,1.402
52,262,basic,183.792,142.535,330.213,250.078,1.059,1.167
52,264,basic,82.223,39.895,0.0,0.0,0.943,
52,266,basic,106.379,86.883,111.488,90.923,0.903,0.909
52,267,basic,112.06,100.715,127.102,113.952,1.004,1.018
52,268,basic,105.297,100.033,0.0,0.0,1.074,
52,269,basic,104.083,97.066,225.952,208.814,1.04,1.396
52,270,basic,162.054,109.312,524.383,357.339,1.454,1.458
52,272,basic,42.384,39.719,0.0,0.0,1.04,
52,275,basic,97.766,90.968,208.17,192.755,1.179,1.271
52,276,basic,153.299,78.122,321.806,162.594,1.129,1.313
52,277,basic,131.527,86.422,135.562,88.728,1.017,1.034
52,279,basic,103.211,47.371,142.577,64.961,0.995,1.031
52,281,basic,67.263,46.045,142.289,89.005,0.808,1.222
52,282,basic,72.949,55.047,83.72,61.252,0.878,1.016
52,286,basic,178.689,109.707,307.966,196.002,1.909,1.817
52,287,gifted,190.0,174.126,0.0,0.0,,
52,288,basic,189.237,160.216,189.194,161.349,1.381,1.356
52,289,basic,157.088,131.417,0.0,0.0,1.359,
52,291,basic,379.003,253.875,632.551,420.474,2.272,2.332
52,292,basic,564.668,328.225,770.163,447.233,1.458,1.421
52,930,basic,399.405,340.138,824.922,715.475,2.318,2.21
52,935,basic,436.998,297.81,0.0,0.0,1.791,
52,939,basic,217.859,109.139,0.0,0.0,1.657,
52,949,basic,382.207,307.505,0.0,0.0,1.532,
52,955,basic,45.638,43.356,0.0,0.0,2.821,
52,971,gifted,515.652,472.572,703.773,644.976,,
52,972,basic,258.317,184.528,0.0,0.0,1.837,
52,974,basic,85.663,75.988,91.016,80.217,1.215,1.271
52,977,basic,246.506,183.565,247.138,183.762,1.298,1.305
53,103,basic,270.2,234.597,270.206,234.605,1.628,1.628
53,104,basic,157.302,63.154,157.62,63.208,2.571,2.577
53,105,basic,427.116,207.643,427.074,207.583,2.251,2.252
53,105,gifted,177.821,163.42,177.821,163.42,,
53,106,basic,465.912,281.447,466.258,281.532,1.823,1.826
53,106,gifted,116.835,107.373,116.835,107.373,,
53,107,basic,522.545,262.1,520.822,261.418,2.513,2.509
53,109,basic,150.719,99.487,150.576,99.391,2.148,2.148
53,110,basic,394.745,209.48,395.173,209.674,2.1,2.101
53,113,basic,396.536,239.089,396.54,239.018,2.37,2.372
53,113,gifted,135.26,124.306,135.26,124.306,,
53,115,basic,148.152,86.931,148.144,86.927,1.74,1.74
53,117,basic,259.209,159.646,259.568,159.776,2.307,2.31
53,117,gifted,89.596,82.34,89.596,82.34,,
53,118,basic,257.832,138.029,258.002,138.08,2.08,2.081
53,130,basic,652.617,389.76,652.384,389.68,1.674,1.673
53,201,basic,80.644,53.733,80.731,53.654,1.026,1.039
53,202,basic,170.522,90.419,195.991,103.234,1.662,1.703
53,203,basic,256.756,176.615,255.504,175.952,1.3,1.293
53,204,basic,180.378,126.369,380.537,266.288,1.439,1.479
53,207,basic,0.0,0.0,121.045,88.858,,1.089
53,208,basic,204.929,164.735,0.0,0.0,1.244,
53,209,basic,157.122,58.128,251.233,91.889,0.786,0.851
53,210,basic,193.392,84.328,0.0,0.0,1.426,
53,211,basic,77.295,48.727,260.361,164.887,1.122,1.355
53,212,gifted,205.885,189.21,205.885,189.21,,
53,215,basic,117.519,70.345,117.079,70.408,0.927,0.908
53,218,basic,159.836,99.326,210.541,127.456,0.766,0.915
53,220,basic,84.795,68.002,0.0,0.0,1.422,
53,221,basic,162.608,110.522,253.9,174.377,0.981,0.969
53,222,basic,147.327,84.875,182.681,108.631,2.123,1.976
53,225,basic,87.537,45.004,86.474,44.472,1.244,1.242
53,226,basic,260.461,166.736,259.558,167.702,1.341,1.29
53,229,basic,253.105,203.235,0.0,0.0,1.145,
53,230,basic,115.303,77.262,222.92,145.723,1.053,1.213
53,233,basic,281.134,175.15,281.85,175.592,0.838,0.838
53,234,basic,79.233,62.787,0.0,0.0,1.23,
53,235,basic,82.159,51.847,137.097,86.013,1.246,1.305
53,236,basic,48.938,42.821,102.941,81.969,1.067,1.49
53,239,basic,266.988,156.75,0.0,0.0,1.712,
53,241,basic,383.939,136.865,824.036,285.011,1.907,2.214
53,242,basic,161.641,110.852,0.0,0.0,1.243,
53,243,basic,218.126,117.444,296.059,158.326,0.974,1.015
53,244,basic,36.175,33.558,36.811,34.134,1.145,1.174
53,245,basic,321.513,272.534,448.87,373.231,1.243,1.363
53,246,basic,231.617,122.043,391.224,203.143,1.192,1.281
53,247,basic,369.136,130.905,1034.637,340.468,1.594,2.265
53,248,basic,145.379,93.08,0.0,0.0,0.884,
53,249,basic,26.375,19.876,29.556,22.138,0.925,0.962
53,250,basic,89.638,65.648,145.103,108.075,0.976,0.879
53,251,basic,136.498,66.533,163.946,79.159,1.446,1.484
53,252,basic,236.167,161.742,236.027,162.256,1.501,1.481
53,255,basic,87.977,58.33,281.229,180.367,0.845,1.046
53,257,basic,122.799,103.011,417.322,335.728,1.075,1.329
53,259,basic,166.96,119.804,0.0,0.0,1.361,
53,261,basic,178.811,160.709,240.26,205.841,1.093,1.415
53,262,basic,187.266,141.835,338.91,251.476,1.064,1.18
53,264,basic,79.338,37.357,0.0,0.0,0.942,
53,266,basic,108.907,85.542,114.196,89.598,0.906,0.911
53,267,basic,115.525,100.586,129.8,112.69,1.007,1.023
53,268,basic,108.515,103.089,0.0,0.0,1.063,
53,269,basic,106.88,99.535,225.987,208.499,1.053,1.383
53,270,basic,161.407,108.895,530.521,363.495,1.508,1.47
53,272,basic,40.581,38.153,0.0,0.0,1.049,
53,275,basic,99.143,92.431,208.801,193.394,1.155,1.27
53,276,basic,150.179,75.248,318.864,159.735,1.117,1.316
53,277,basic,123.601,80.291,127.228,82.396,1.021,1.038
53,279,basic,98.614,44.852,135.487,61.229,0.998,1.036
53,281,basic,64.586,43.287,141.906,88.024,0.828,1.272
53,282,basic,72.624,54.06,83.625,60.655,0.871,1.016
53,286,basic,172.969,107.391,302.69,193.412,1.871,1.791
53,287,gifted,190.0,174.612,0.0,0.0,,
53,288,basic,193.718,163.93,193.756,164.688,1.393,1.374
53,289,basic,158.462,133.988,0.0,0.0,1.363,
53,291,basic,373.621,255.49,621.686,420.575,2.26,2.338
53,292,basic,565.901,327.279,771.136,445.708,1.527,1.472
53,930,basic,398.835,348.829,824.315,730.535,2.358,2.257
53,935,basic,437.544,300.28,0.0,0.0,1.85,
53,939,basic,221.183,110.116,0.0,0.0,1.754,
53,949,basic,379.093,308.792,0.0,0.0,1.563,
53,955,basic,46.039,43.737,0.0,0.0,2.767,
53,971,gifted,516.03,474.238,704.125,647.1,,
53,972,basic,263.512,189.325,0.0,0.0,1.874,
53,974,basic,87.274,77.93,92.314,81.988,1.24,1.293
53,977,basic,235.257,174.243,234.884,173.973,1.315,1.315
54,103,basic,276.202,244.254,276.218,244.267,1.632,1.632
54,104,basic,137.355,57.661,137.552,57.708,2.541,2.544
54,105,basic,462.409,228.246,462.388,228.199,2.331,2.332
54,105,gifted,181.76,166.731,181.76,166.731,,
54,106,basic,470.594,297.012,470.874,297.068,1.781,1.783
54,106,gifted,117.009,107.334,117.009,107.334,,
54,107,basic,500.168,258.976,498.388,258.249,2.493,2.488
54,109,basic,150.924,103.284,150.762,103.193,2.145,2.144
54,110,basic,406.334,226.562,406.631,226.699,2.126,2.127
54,113,basic,390.584,240.6,390.588,240.556,2.398,2.399
54,113,gifted,133.327,122.303,133.327,122.303,,
54,115,basic,144.534,87.328,144.527,87.324,1.733,1.733
54,117,basic,262.033,167.742,262.204,167.794,2.333,2.335
54,117,gifted,89.613,82.203,89.613,82.203,,
54,118,basic,257.302,140.327,257.518,140.4,2.165,2.167
54,130,basic,667.961,420.671,667.83,420.622,1.677,1.676
54,201,basic,78.69,51.308,79.391,51.527,1.001,1.024
54,202,basic,165.586,87.198,191.455,99.947,1.579,1.63
54,203,basic,273.033,181.19,271.966,180.719,1.347,1.34
54,204,basic,192.749,130.242,390.693,264.795,1.477,1.493
54,207,basic,0.0,0.0,127.569,93.096,,1.128
54,208,basic,199.629,160.219,0.0,0.0,1.27,
54,209,basic,145.659,54.585,240.97,89.292,0.771,0.834
54,210,basic,192.011,84.335,0.0,0.0,1.418,
54,211,basic,80.757,49.675,264.414,166.026,1.11,1.366
54,212,gifted,205.74,188.728,205.74,188.728,,
54,215,basic,121.932,73.665,121.624,73.897,0.918,0.896
54,218,basic,156.649,95.822,208.047,123.82,0.761,0.914
54,220,basic,96.688,73.908,0.0,0.0,1.531,
54,221,basic,163.41,112.647,253.175,175.605,0.956,0.963
54,222,basic,138.947,79.037,175.036,102.675,2.022,1.887
54,225,basic,82.08,41.825,80.896,41.245,1.212,1.209
54,226,basic,265.682,171.676,264.756,173.083,1.352,1.291
54,229,basic,253.487,197.557,0.0,0.0,1.158,
54,230,basic,122.924,79.988,234.234,148.48,1.043,1.208
54,233,basic,279.83,172.149,279.901,172.246,0.839,0.837
54,234,basic,78.701,60.524,0.0,0.0,1.228,
54,235,basic,87.886,55.671,145.639,91.54,1.207,1.276
54,236,basic,49.347,43.252,105.185,84.253,1.035,1.426
54,239,basic,263.829,151.455,0.0,0.0,1.682,
54,241,basic,384.349,135.696,823.31,285.652,1.948,2.246
54,242,basic,160.577,107.967,0.0,0.0,1.238,
54,243,basic,214.509,113.525,293.533,154.33,0.996,1.035
54,244,basic,36.999,34.255,37.562,34.766,1.139,1.163
54,245,basic,321.624,270.583,455.195,374.776,1.241,1.373
54,246,basic,228.806,119.936,387.358,199.607,1.134,1.234
54,247,basic,372.374,131.341,1039.745,345.478,1.627,2.296
54,248,basic,147.853,92.283,0.0,0.0,0.893,
54,249,basic,30.355,22.661,33.566,24.948,0.903,0.93
54,250,basic,84.688,60.12,138.05,99.648,0.965,0.871
54,251,basic,127.679,63.585,154.395,75.714,1.376,1.443
54,252,basic,236.986,161.463,236.978,161.74,1.442,1.433
54,255,basic,87.749,56.484,283.241,176.415,0.859,1.056
54,257,basic,124.141,102.194,419.789,331.63,1.07,1.315
54,259,basic,162.276,113.597,0.0,0.0,1.288,
54,261,basic,181.636,161.208,242.915,204.911,1.088,1.4
54,262,basic,188.642,139.721,339.035,246.087,1.073,1.185
54,264,basic,78.583,38.157,0.0,0.0,0.9,
54,266,basic,104.935,82.004,110.277,86.038,0.886,0.895
54,267,basic,114.427,98.228,129.862,111.171,1.02,1.035
54,268,basic,108.796,103.357,0.0,0.0,1.073,
54,269,basic,106.861,99.384,225.856,205.917,0.984,1.348
54,270,basic,142.014,93.534,501.525,332.77,1.43,1.436
54,272,basic,41.674,39.02,0.0,0.0,1.057,
54,275,basic,91.845,85.209,198.76,182.61,1.141,1.263
54,276,basic,152.813,77.024,322.347,165.063,1.129,1.323
54,277,basic,127.847,80.734,131.536,82.812,1.019,1.036
54,279,basic,104.425,47.298,142.215,64.023,1.004,1.041
54,281,basic,60.914,39.722,132.811,80.206,0.824,1.254
54,282,basic,76.994,55.261,88.317,61.737,0.872,1.015
54,286,basic,177.613,108.968,306.718,193.527,1.92,1.848
54,287,gifted,190.0,174.29,0.0,0.0,,
54,288,basic,181.04,150.849,180.903,151.485,1.368,1.347
54,289,basic,157.66,130.581,0.0,0.0,1.418,
54,291,basic,378.824,255.719,626.975,420.548,2.333,2.377
54,292,basic,567.396,329.578,774.62,447.005,1.514,1.465
54,930,basic,399.384,342.702,824.731,719.033,2.295,2.204
54,935,basic,438.313,295.847,0.0,0.0,1.889,
54,939,basic,220.068,110.686,0.0,0.0,1.776,
54,949,basic,381.315,304.135,0.0,0.0,1.579,
54,955,basic,45.731,43.445,0.0,0.0,2.8,
54,971,gifted,516.629,473.911,704.846,646.565,,
54,972,basic,257.14,184.219,0.0,0.0,1.86,
54,974,basic,86.763,75.505,92.361,79.665,1.214,1.274
54,977,basic,238.212,170.128,238.609,170.297,1.311,1.315
55,103,basic,260.536,243.604,260.573,243.637,1.645,1.645
55,104,basic,133.184,54.778,133.415,54.821,2.391,2.396
55,105,basic,434.051,218.5,434.003,218.442,2.274,2.275
55,105,gifted,179.251,164.671,179.251,164.671,,
55,106,basic,453.143,293.981,453.409,294.051,1.751,1.752
55,106,gifted,116.486,107.011,116.486,107.011,,
55,107,basic,494.309,262.557,492.494,261.778,2.487,2.482
55,109,basic,150.472,108.626,150.301,108.508,2.134,2.134
55,110,basic,393.663,206.91,394.004,207.057,2.141,2.142
55,113,basic,393.73,260.772,393.737,260.702,2.38,2.381
55,113,gifted,135.01,124.028,135.01,124.028,,
55,115,basic,158.363,98.84,158.355,98.836,1.74,1.74
55,117,basic,253.621,164.84,253.873,164.937,2.344,2.347
55,117,gifted,89.724,82.426,89.724,82.426,,
55,118,basic,248.84,139.178,248.992,139.226,2.081,2.083
55,130,basic,672.252,400.088,672.096,400.033,1.748,1.747
55,201,basic,80.884,52.341,80.516,52.099,1.08,1.08
55,202,basic,184.117,89.564,209.866,101.682,1.837,1.864
55,203,basic,255.558,174.382,254.373,173.871,1.345,1.335
55,204,basic,174.671,123.94,373.446,264.41,1.44,1.485
55,207,basic,0.0,0.0,126.15,88.103,,1.062
55,208,basic,205.947,170.596,0.0,0.0,1.286,
55,209,basic,143.845,42.209,237.905,68.981,0.762,0.832
55,210,basic,192.783,71.222,0.0,0.0,1.422,
55,211,basic,76.498,46.893,256.777,167.415,1.121,1.354
55,212,gifted,205.61,188.886,205.61,188.886,,
55,215,basic,116.277,61.264,115.961,61.385,0.963,0.944
55,218,basic,155.524,90.424,206.137,116.838,0.772,0.921
55,220,basic,89.301,73.686,0.0,0.0,1.428,
55,221,basic,162.314,101.092,253.006,158.731,0.978,0.979
55,222,basic,149.994,81.946,183.144,103.983,2.47,2.266
55,225,basic,78.569,36.788,77.293,36.225,1.237,1.231
55,226,basic,255.348,149.071,254.286,149.89,1.317,1.263
55,229,basic,253.15,208.843,0.0,0.0,1.142,
55,230,basic,104.051,69.504,211.238,137.426,1.033,1.207
55,233,basic,279.444,162.056,280.235,162.495,0.84,0.841
55,234,basic,75.134,61.906,0.0,0.0,1.2,
55,235,basic,90.615,52.446,146.829,84.968,1.326,1.356
55,236,basic,50.661,44.431,107.87,83.814,1.075,1.637
55,239,basic,275.284,157.676,0.0,0.0,1.731,
55,241,basic,385.622,115.322,824.692,246.114,1.909,2.245
55,242,basic,161.301,108.975,0.0,0.0,1.222,
55,243,basic,220.138,107.251,298.542,144.554,0.998,1.036
55,244,basic,37.693,35.271,38.189,35.734,1.151,1.173
55,245,basic,321.778,272.648,452.609,375.718,1.251,1.382
55,246,basic,235.483,113.845,396.156,189.415,1.19,1.262
55,247,basic,370.375,108.039,1035.603,293.105,1.599,2.286
55,248,basic,148.473,91.127,0.0,0.0,0.9,
55,249,basic,32.001,23.723,35.474,26.163,0.879,0.911
55,250,basic,91.586,68.06,148.525,112.194,0.966,0.868
55,251,basic,129.225,54.893,156.757,65.693,1.383,1.443
55,252,basic,245.608,167.14,245.649,167.523,1.441,1.429
55,255,basic,88.52,56.956,284.388,177.062,0.86,1.067
55,257,basic,121.768,103.865,417.836,342.582,1.083,1.332
55,259,basic,162.695,122.199,0.0,0.0,1.284,
55,261,basic,179.578,164.782,240.402,212.473,1.094,1.417
55,262,basic,181.483,136.804,333.484,246.21,1.072,1.194
55,264,basic,76.186,29.292,0.0,0.0,0.912,
55,266,basic,106.893,81.677,112.097,85.528,0.913,0.921
55,267,basic,122.176,106.203,137.668,119.377,1.044,1.058
55,268,basic,112.206,106.596,0.0,0.0,1.068,
55,269,basic,102.551,96.753,221.814,209.455,1.041,1.396
55,270,basic,172.319,117.352,540.508,377.965,1.616,1.511
55,272,basic,41.276,38.989,0.0,0.0,1.103,
55,275,basic,99.898,94.296,210.181,198.516,1.16,1.274
55,276,basic,147.622,63.338,316.206,141.88,1.134,1.333
55,277,basic,119.011,75.961,123.289,78.408,0.998,1.019
55,279,basic,102.687,40.085,139.799,54.187,0.988,1.032
55,281,basic,65.034,42.662,142.031,86.373,0.824,1.272
55,282,basic,72.882,55.277,83.473,61.79,0.883,1.024
55,286,basic,184.935,106.349,316.091,188.412,1.993,1.87
55,287,gifted,190.0,174.546,0.0,0.0,,
55,288,basic,178.44,157.773,178.633,158.63,1.363,1.345
55,289,basic,163.332,152.062,0.0,0.0,1.395,
55,291,basic,374.699,263.286,626.298,436.5,2.404,2.448
55,292,basic,566.312,325.402,771.933,437.073,1.518,1.467
55,930,basic,399.262,367.28,824.742,764.89,2.459,2.343
55,935,basic,437.925,319.44,0.0,0.0,1.927,
55,939,basic,218.484,100.116,0.0,0.0,1.793,
55,949,basic,381.963,336.933,0.0,0.0,1.628,
55,955,basic,46.433,44.111,0.0,0.0,2.803,
55,971,gifted,515.894,473.932,704.127,646.855,,
55,972,basic,262.271,200.324,0.0,0.0,1.944,
55,974,basic,87.704,80.812,92.83,85.497,1.256,1.313
55,977,basic,234.01,180.276,236.088,181.384,1.297,1.313
56,103,basic,264.267,225.654,264.295,225.68,1.629,1.629
56,104,basic,134.544,56.89,134.791,56.932,2.458,2.463
56,105,basic,445.148,220.16,445.12,220.106,2.264,2.265
56,105,gifted,179.876,165.065,179.876,165.065,,
56,106,basic,468.109,291.354,468.368,291.407,1.748,1.75
56,106,gifted,117.898,108.191,117.898,108.191,,
56,107,basic,512.553,262.71,510.863,262.046,2.454,2.45
56,109,basic,150.866,98.8,150.718,98.704,2.154,2.154
56,110,basic,399.588,214.937,399.969,215.106,2.111,2.112
56,113,basic,393.608,235.467,393.627,235.392,2.375,2.377
56,113,gifted,134.458,123.387,134.458,123.387,,
56,115,basic,147.064,88.656,147.06,88.654,1.72,1.72
56,117,basic,260.549,159.255,260.813,159.337,2.32,2.323
56,117,gifted,89.808,82.413,89.808,82.413,,
56,118,basic,266.622,144.815,266.801,144.866,2.105,2.107
56,130,basic,675.688,408.364,675.519,408.304,1.731,1.731
56,201,basic,78.652,53.702,79.642,54.008,0.945,0.974
56,202,basic,168.241,89.834,194.317,102.888,1.65,1.695
56,203,basic,262.881,180.97,261.603,180.344,1.269,1.262
56,204,basic,176.682,122.881,374.416,259.57,1.406,1.458
56,207,basic,0.0,0.0,122.801,89.583,,1.092
56,208,basic,195.54,155.594,0.0,0.0,1.244,
56,209,basic,151.536,61.213,246.681,98.362,0.781,0.846
56,210,basic,194.056,88.403,0.0,0.0,1.396,
56,211,basic,72.346,46.075,259.459,166.661,1.134,1.368
56,212,gifted,205.724,188.785,205.724,188.785,,
56,215,basic,122.09,75.009,121.337,75.172,0.94,0.91
56,218,basic,159.031,101.77,211.248,131.068,0.768,0.92
56,220,basic,90.585,69.728,0.0,0.0,1.456,
56,221,basic,165.251,113.676,255.444,176.946,0.951,0.959
56,222,basic,141.056,79.17,175.766,102.37,2.117,1.962
56,225,basic,93.175,49.672,92.065,49.114,1.208,1.204
56,226,basic,247.835,160.575,246.618,161.803,1.26,1.202
56,229,basic,251.803,199.242,0.0,0.0,1.142,
56,230,basic,109.374,74.568,220.277,145.339,1.006,1.188
56,233,basic,279.893,179.395,280.414,179.733,0.831,0.831
56,234,basic,77.826,60.815,0.0,0.0,1.214,
56,235,basic,77.961,50.451,131.262,83.988,1.154,1.236
56,236,basic,51.15,43.88,108.827,84.521,1.062,1.455
56,239,basic,280.02,163.726,0.0,0.0,1.708,
56,241,basic,385.344,142.039,824.066,296.408,1.943,2.204
56,242,basic,160.596,110.593,0.0,0.0,1.225,
56,243,basic,215.778,120.377,292.864,162.135,0.975,1.015
56,244,basic,36.408,33.454,36.967,33.972,1.148,1.168
56,245,basic,322.574,267.462,453.917,367.471,1.23,1.359
56,246,basic,218.861,121.342,374.58,203.487,1.085,1.19
56,247,basic,372.529,138.476,1039.322,356.166,1.629,2.286
56,248,basic,142.977,93.951,0.0,0.0,0.871,
56,249,basic,27.516,20.87,30.831,23.244,0.915,0.947
56,250,basic,90.571,66.371,147.147,110.184,0.985,0.877
56,251,basic,135.637,68.333,163.759,81.146,1.396,1.458
56,252,basic,239.489,162.076,239.388,162.651,1.466,1.448
56,255,basic,88.231,59.592,282.224,184.059,0.847,1.034
56,257,basic,118.558,97.863,415.651,327.333,1.057,1.308
56,259,basic,162.014,116.965,0.0,0.0,1.264,
56,261,basic,174.224,153.981,235.969,196.925,1.076,1.392
56,262,basic,187.946,141.872,340.987,251.686,1.059,1.169
56,264,basic,80.644,40.342,0.0,0.0,0.907,
56,266,basic,103.419,81.264,108.587,85.189,0.886,0.894
56,267,basic,119.657,102.787,133.82,114.66,1.013,1.025
56,268,basic,111.561,105.983,0.0,0.0,1.053,
56,269,basic,100.964,92.943,220.074,197.802,1.022,1.359
56,270,basic,159.113,106.327,525.065,355.424,1.483,1.467
56,272,basic,41.476,38.746,0.0,0.0,1.044,
56,275,basic,98.431,90.425,211.757,192.477,1.156,1.254
56,276,basic,155.806,80.999,323.307,168.253,1.124,1.314
56,277,basic,128.34,84.438,131.988,86.568,1.022,1.037
56,279,basic,103.248,49.513,142.118,67.651,1.001,1.041
56,281,basic,66.869,45.896,140.202,88.448,0.807,1.225
56,282,basic,71.441,53.477,82.406,59.822,0.865,1.013
56,286,basic,185.891,109.755,317.477,195.267,1.973,1.848
56,287,gifted,190.0,174.355,0.0,0.0,,
56,288,basic,180.626,146.474,180.526,147.372,1.436,1.41
56,289,basic,160.134,133.53,0.0,0.0,1.365,
56,291,basic,378.184,242.495,628.81,401.821,2.374,2.405
56,292,basic,563.063,333.678,768.861,454.346,1.478,1.433
56,930,basic,399.289,334.635,824.754,703.931,2.316,2.218
56,935,basic,437.076,293.337,0.0,0.0,1.846,
56,939,basic,219.606,111.681,0.0,0.0,1.736,
56,949,basic,379.502,303.341,0.0,0.0,1.556,
56,955,basic,44.307,42.092,0.0,0.0,2.795,
56,971,gifted,515.772,473.304,703.815,645.863,,
56,972,basic,266.274,187.396,0.0,0.0,1.843,
56,974,basic,88.423,77.648,93.944,81.776,1.211,1.27
56,977,basic,241.621,176.27,240.929,175.885,1.328,1.325
57,103,basic,264.346,231.93,264.363,231.948,1.631,1.631
57,104,basic,128.468,54.647,128.71,54.693,2.328,2.333
57,105,basic,444.018,215.723,443.988,215.668,2.308,2.309
57,105,gifted,179.245,164.308,179.245,164.308,,
57,106,basic,461.266,284.157,461.575,284.231,1.807,1.809
57,106,gifted,116.79,107.058,116.79,107.058,,
57,107,basic,503.798,255.621,501.992,254.901,2.519,2.514
57,109,basic,143.903,97.411,143.762,97.317,2.111,2.111
57,110,basic,401.361,215.704,401.832,215.913,2.087,2.088
57,113,basic,403.316,246.937,403.324,246.874,2.347,2.348
57,113,gifted,137.028,125.609,137.028,125.609,,
57,115,basic,139.996,83.961,139.993,83.96,1.716,1.716
57,117,basic,274.728,170.922,275.144,171.076,2.329,2.332
57,117,gifted,90.308,82.782,90.308,82.782,,
57,118,basic,266.733,144.091,266.927,144.15,2.112,2.114
57,130,basic,681.285,414.169,681.077,414.098,1.693,1.692
57,201,basic,76.266,50.967,76.677,51.033,0.981,1.001
57,202,basic,176.633,91.681,202.902,104.603,1.727,1.767
57,203,basic,252.987,171.189,251.854,170.672,1.351,1.343
57,204,basic,176.63,123.31,376.568,262.576,1.427,1.468
57,207,basic,0.0,0.0,122.712,89.383,,1.115
57,208,basic,206.822,166.822,0.0,0.0,1.224,
57,209,basic,150.491,55.822,243.996,89.425,0.776,0.84
57,210,basic,193.324,83.53,0.0,0.0,1.425,
57,211,basic,77.236,48.517,260.005,165.667,1.117,1.354
57,212,gifted,205.783,188.634,205.783,188.634,,
57,215,basic,119.373,71.968,118.905,72.186,0.917,0.891
57,218,basic,156.395,97.329,207.71,125.573,0.754,0.908
57,220,basic,88.89,70.059,0.0,0.0,1.453,
57,221,basic,167.69,112.979,259.004,176.228,1.009,1.002
57,222,basic,152.254,84.616,187.556,108.426,2.234,2.051
57,225,basic,80.668,41.351,79.573,40.82,1.228,1.224
57,226,basic,255.306,163.611,254.063,164.869,1.301,1.239
57,229,basic,250.675,200.682,0.0,0.0,1.138,
57,230,basic,110.054,73.756,218.385,142.341,1.028,1.195
57,233,basic,282.47,176.031,283.193,176.466,0.836,0.837
57,234,basic,75.622,60.415,0.0,0.0,1.17,
57,235,basic,82.867,52.215,139.311,87.298,1.24,1.299
57,236,basic,52.434,45.508,110.606,87.1,1.079,1.492
57,239,basic,281.695,163.997,0.0,0.0,1.707,
57,241,basic,384.343,135.552,823.634,283.088,1.896,2.199
57,242,basic,161.199,110.218,0.0,0.0,1.252,
57,243,basic,219.134,117.333,298.042,158.432,0.98,1.021
57,244,basic,36.994,34.311,37.548,34.827,1.118,1.141
57,245,basic,319.767,269.304,452.948,373.336,1.265,1.392
57,246,basic,212.602,112.162,369.016,191.846,1.161,1.246
57,247,basic,370.882,129.922,1037.353,338.054,1.606,2.28
57,248,basic,148.363,95.078,0.0,0.0,0.885,
57,249,basic,28.125,21.34,31.187,23.555,0.912,0.94
57,250,basic,88.838,64.981,143.068,106.395,0.963,0.873
57,251,basic,134.515,65.625,162.348,77.897,1.392,1.458
57,252,basic,245.757,167.334,245.789,167.735,1.46,1.449
57,255,basic,85.334,56.474,279.133,178.462,0.847,1.045
57,257,basic,123.68,103.244,420.353,334.997,1.064,1.328
57,259,basic,158.245,113.799,0.0,0.0,1.307,
57,261,basic,185.751,166.345,248.295,211.046,1.089,1.415
57,262,basic,187.956,142.027,342.833,253.705,1.064,1.175
57,264,basic,80.394,38.017,0.0,0.0,0.925,
57,266,basic,106.088,83.228,111.277,87.19,0.898,0.905
57,267,basic,120.132,104.842,135.415,117.834,1.025,1.041
57,268,basic,109.629,104.148,0.0,0.0,1.046,
57,269,basic,106.233,98.775,225.638,207.45,1.06,1.385
57,270,basic,154.788,103.671,521.776,354.213,1.496,1.471
57,272,basic,41.953,39.381,0.0,0.0,1.059,
57,275,basic,93.364,86.35,205.95,189.452,1.199,1.278
57,276,basic,151.305,75.642,318.836,160.336,1.11,1.313
57,277,basic,125.254,80.712,128.877,82.793,1.036,1.051
57,279,basic,108.176,48.969,148.083,66.588,1.005,1.043
57,281,basic,62.767,42.16,137.949,85.309,0.814,1.257
57,282,basic,75.84,56.07,87.766,63.071,0.892,1.041
57,286,basic,184.159,108.792,315.114,193.676,2.056,1.923
57,287,gifted,190.0,174.166,0.0,0.0,,
57,288,basic,185.513,153.313,185.387,154.311,1.447,1.418
57,289,basic,155.43,132.233,0.0,0.0,1.376,
57,291,basic,376.936,249.266,628.274,414.33,2.355,2.389
57,292,basic,564.104,328.286,768.795,445.45,1.505,1.458
57,930,basic,399.248,345.947,824.689,725.639,2.359,2.254
57,935,basic,437.58,298.302,0.0,0.0,1.858,
57,939,basic,219.306,110.066,0.0,0.0,1.706,
57,949,basic,378.778,310.012,0.0,0.0,1.561,
57,955,basic,44.233,42.022,0.0,0.0,2.847,
57,971,gifted,515.939,472.944,703.99,645.323,,
57,972,basic,261.515,186.249,0.0,0.0,1.891,
57,974,basic,86.614,77.3,92.364,81.888,1.212,1.273
57,977,basic,242.309,178.07,241.577,177.627,1.329,1.326
58,103,basic,269.381,228.398,269.359,228.387,1.637,1.637
58,104,basic,118.004,52.106,118.205,52.148,2.134,2.14
58,105,basic,447.603,217.913,447.495,217.839,2.357,2.358
58,105,gifted,181.632,166.59,181.632,166.59,,
58,106,basic,458.422,276.437,458.647,276.516,1.757,1.759
58,106,gifted,117.813,108.056,117.813,108.056,,
58,107,basic,511.225,262.33,509.445,261.56,2.519,2.515
58,109,basic,146.144,96.838,146.023,96.742,2.129,2.13
58,110,basic,396.816,207.975,397.388,208.241,2.175,2.177
58,113,basic,377.145,232.129,377.149,232.071,2.312,2.314
58,113,gifted,133.383,122.337,133.383,122.337,,
58,115,basic,151.166,87.391,151.163,87.389,1.734,1.734
58,117,basic,259.212,159.703,259.672,159.915,2.349,2.353
58,117,gifted,89.714,82.284,89.714,82.284,,
58,118,basic,276.244,148.248,276.355,148.279,2.078,2.079
58,130,basic,671.099,388.685,670.854,388.6,1.739,1.738
58,201,basic,79.436,52.995,80.256,53.327,0.998,1.029
58,202,basic,159.612,88.48,184.514,101.751,1.583,1.628
58,203,basic,262.707,180.925,261.614,180.297,1.356,1.351
58,204,basic,178.951,127.048,376.712,267.349,1.472,1.5
58,207,basic,0.0,0.0,124.741,89.65,,1.19
58,208,basic,207.623,163.603,0.0,0.0,1.264,
58,209,basic,159.428,58.326,252.692,91.669,0.792,0.862
58,210,basic,194.253,86.181,0.0,0.0,1.427,
58,211,basic,81.322,51.308,271.48,171.068,1.119,1.348
58,212,gifted,205.901,188.849,205.901,188.849,,
58,215,basic,120.471,71.693,120.178,71.706,0.902,0.886
58,218,basic,154.436,94.059,206.513,123.331,0.776,0.939
58,220,basic,91.23,73.116,0.0,0.0,1.556,
58,221,basic,163.579,109.064,254.29,171.099,1.051,1.017
58,222,basic,137.682,87.028,174.718,112.316,1.93,1.823
58,225,basic,84.064,43.592,83.052,43.072,1.261,1.26
58,226,basic,252.143,162.733,251.29,162.91,1.337,1.3
58,229,basic,253.941,202.205,0.0,0.0,1.176,
58,230,basic,120.385,80.564,232.123,152.593,1.048,1.211
58,233,basic,284.158,174.076,284.544,174.31,0.845,0.846
58,234,basic,71.564,56.904,0.0,0.0,1.224,
58,235,basic,77.242,49.547,130.776,83.295,1.169,1.246
58,236,basic,52.506,45.788,107.519,89.753,1.094,1.352
58,239,basic,267.646,162.214,0.0,0.0,1.707,
58,241,basic,383.613,142.15,824.631,298.847,1.992,2.285
58,242,basic,160.111,109.882,0.0,0.0,1.264,
58,243,basic,220.52,117.519,298.99,158.681,1.007,1.043
58,244,basic,38.724,36.336,39.29,36.847,1.121,1.151
58,245,basic,321.629,271.799,451.566,375.935,1.239,1.368
58,246,basic,221.955,117.905,380.18,200.156,1.195,1.275
58,247,basic,375.258,136.265,1041.453,358.121,1.675,2.323
58,248,basic,147.785,93.439,0.0,0.0,0.894,
58,249,basic,29.386,21.916,32.907,24.416,0.899,0.942
58,250,basic,84.074,60.876,138.674,101.75,0.992,0.881
58,251,basic,135.479,67.013,162.336,79.536,1.457,1.517
58,252,basic,235.172,163.597,235.082,163.797,1.5,1.488
58,255,basic,87.002,56.845,283.44,180.725,0.855,1.068
58,257,basic,121.973,100.95,419.07,337.18,1.09,1.334
58,259,basic,157.555,115.691,0.0,0.0,1.272,
58,261,basic,168.764,152.687,229.55,200.202,1.092,1.425
58,262,basic,186.094,139.569,337.582,249.257,1.075,1.204
58,264,basic,75.233,35.103,0.0,0.0,0.915,
58,266,basic,103.367,79.449,108.749,83.502,0.917,0.925
58,267,basic,121.168,103.369,136.575,116.32,1.043,1.056
58,268,basic,109.366,103.898,0.0,0.0,1.075,
58,269,basic,111.656,104.747,231.569,216.444,1.069,1.389
58,270,basic,147.342,102.49,512.968,358.653,1.467,1.46
58,272,basic,42.659,40.308,0.0,0.0,1.048,
58,275,basic,95.473,89.532,202.293,189.038,1.188,1.296
58,276,basic,144.522,72.066,312.621,155.432,1.135,1.324
58,277,basic,131.691,84.913,134.758,86.745,1.037,1.05
58,279,basic,107.712,48.644,145.1,65.342,1.033,1.059
58,281,basic,65.509,43.291,141.122,88.364,0.825,1.275
58,282,basic,74.587,54.665,85.987,61.833,0.895,1.051
58,286,basic,178.885,115.238,309.63,202.909,1.955,1.885
58,287,gifted,190.0,174.265,0.0,0.0,,
58,288,basic,179.757,155.505,179.81,155.809,1.4,1.389
58,289,basic,152.894,127.0,0.0,0.0,1.355,
58,291,basic,373.341,260.602,624.122,433.06,2.4,2.47
58,292,basic,565.159,328.731,772.461,449.385,1.511,1.462
58,930,basic,398.913,365.225,824.336,758.627,2.324,2.245
58,935,basic,438.011,304.651,0.0,0.0,1.906,
58,939,basic,221.545,111.634,0.0,0.0,1.821,
58,949,basic,371.334,301.871,0.0,0.0,1.586,
58,955,basic,44.251,42.039,0.0,0.0,2.774,
58,971,gifted,515.837,473.118,703.789,645.505,,
58,972,basic,261.776,191.717,0.0,0.0,1.848,
58,974,basic,86.249,78.294,91.299,82.526,1.256,1.311
58,977,basic,242.137,179.476,239.437,177.807,1.382,1.366
59,103,basic,273.799,224.246,273.817,224.26,1.645,1.645
59,104,basic,130.724,60.678,130.95,60.734,2.371,2.376
59,105,basic,444.464,224.612,444.444,224.566,2.33,2.331
59,105,gifted,179.063,164.483,179.063,164.483,,
59,106,basic,458.174,288.383,458.491,288.466,1.777,1.779
59,106,gifted,116.382,106.906,116.382,106.906,,
59,107,basic,507.782,262.618,506.011,261.885,2.491,2.486
59,109,basic,153.128,101.983,152.974,101.888,2.088,2.088
59,110,basic,403.599,241.523,403.996,241.722,2.139,2.14
59,113,basic,388.263,235.461,388.227,235.396,2.316,2.317
59,113,gifted,135.424,124.397,135.424,124.397,,
59,115,basic,157.362,93.447,157.356,93.444,1.734,1.734
59,117,basic,251.93,160.912,252.287,161.061,2.346,2.349
59,117,gifted,89.596,82.301,89.596,82.301,,
59,118,basic,270.729,149.8,270.896,149.848,2.128,2.129
59,130,basic,661.237,430.514,661.052,430.445,1.697,1.697
59,201,basic,81.663,52.84,81.202,52.552,1.064,1.062
59,202,basic,166.183,91.328,191.31,104.352,1.572,1.619
59,203,basic,256.373,169.81,255.126,169.133,1.289,1.284
59,204,basic,189.101,125.839,389.37,257.634,1.393,1.458
59,207,basic,0.0,0.0,129.749,97.911,,1.193
59,208,basic,201.337,158.591,0.0,0.0,1.264,
59,209,basic,144.579,66.243,240.845,109.11,0.784,0.853
59,210,basic,193.769,100.053,0.0,0.0,1.406,
59,211,basic,69.872,43.209,256.559,158.707,1.121,1.368
59,212,gifted,206.038,189.262,206.038,189.262,,
59,215,basic,123.861,81.733,123.594,81.698,0.883,0.875
59,218,basic,163.583,104.135,213.938,132.928,0.765,0.912
59,220,basic,99.235,72.508,0.0,0.0,1.549,
59,221,basic,161.304,119.199,250.466,187.006,0.996,0.98
59,222,basic,145.662,84.648,182.97,108.404,1.871,1.788
59,225,basic,88.358,48.292,87.365,47.762,1.238,1.237
59,226,basic,267.311,188.167,266.601,189.296,1.38,1.33
59,229,basic,253.455,190.174,0.0,0.0,1.137,
59,230,basic,114.965,73.665,221.701,138.866,1.059,1.215
59,233,basic,281.824,181.586,281.832,181.628,0.836,0.835
59,234,basic,78.685,57.608,0.0,0.0,1.191,
59,235,basic,72.74,48.942,125.26,83.343,1.152,1.241
59,236,basic,47.913,41.985,101.492,83.113,1.049,1.357
59,239,basic,270.661,156.116,0.0,0.0,1.707,
59,241,basic,383.3,161.049,823.259,335.169,1.913,2.225
59,242,basic,150.535,100.778,0.0,0.0,1.217,
59,243,basic,213.62,122.323,291.542,165.918,0.991,1.031
59,244,basic,38.428,34.915,39.092,35.406,1.117,1.145
59,245,basic,321.893,267.254,449.146,365.817,1.238,1.363
59,246,basic,235.42,129.922,395.387,215.573,1.206,1.286
59,247,basic,371.076,157.95,1036.197,409.343,1.591,2.261
59,248,basic,147.428,92.724,0.0,0.0,0.891,
59,249,basic,33.812,25.13,37.239,27.533,0.867,0.899
59,250,basic,90.969,62.384,147.604,102.838,0.973,0.876
59,251,basic,129.219,74.212,156.032,88.496,1.387,1.447
59,252,basic,237.06,166.136,237.137,166.321,1.427,1.423
59,255,basic,87.941,56.596,283.059,176.603,0.863,1.062
59,257,basic,123.777,99.377,420.157,324.802,1.089,1.332
59,259,basic,167.543,110.597,0.0,0.0,1.359,
59,261,basic,167.979,142.215,226.743,182.626,1.06,1.369
59,262,basic,186.964,136.268,337.923,241.915,1.075,1.183
59,264,basic,81.264,47.12,0.0,0.0,0.925,
59,266,basic,104.496,82.544,109.65,86.468,0.9,0.91
59,267,basic,111.506,91.852,126.163,103.685,1.026,1.04
59,268,basic,108.978,103.492,0.0,0.0,1.062,
59,269,basic,103.678,92.92,223.038,191.879,1.036,1.361
59,270,basic,154.339,97.105,524.989,333.331,1.476,1.465
59,272,basic,40.924,37.454,0.0,0.0,1.007,
59,275,basic,95.72,87.276,202.153,182.186,1.143,1.244
59,276,basic,151.728,87.675,319.844,184.386,1.133,1.32
59,277,basic,126.09,80.1,129.957,82.318,1.011,1.028
59,279,basic,105.518,54.665,144.183,74.218,0.997,1.037
59,281,basic,66.877,43.393,143.725,86.671,0.816,1.262
59,282,basic,73.412,50.167,84.931,56.602,0.908,1.057
59,286,basic,178.22,115.251,308.31,205.374,1.957,1.86
59,287,gifted,190.0,174.53,0.0,0.0,,
59,288,basic,182.462,146.002,182.595,146.537,1.285,1.271
59,289,basic,159.205,116.477,0.0,0.0,1.355,
59,291,basic,371.069,251.329,620.037,416.562,2.298,2.371
59,292,basic,565.835,337.046,772.327,459.926,1.511,1.461
59,930,basic,398.72,295.601,824.264,619.457,2.257,2.169
59,935,basic,437.346,285.192,0.0,0.0,1.869,
59,939,basic,219.778,121.114,0.0,0.0,1.757,
59,949,basic,376.268,266.252,0.0,0.0,1.559,
59,955,basic,45.98,43.497,0.0,0.0,2.773,
59,971,gifted,515.602,473.621,703.76,646.459,,
59,972,basic,259.927,179.278,0.0,0.0,1.828,
59,974,basic,86.689,66.152,91.458,69.225,1.217,1.27
59,977,basic,234.666,158.869,235.638,159.314,1.298,1.307
60,103,basic,260.808,233.892,260.801,233.893,1.626,1.626
60,104,basic,156.791,60.688,157.135,60.747,2.543,2.55
60,105,basic,467.71,221.489,467.646,221.419,2.346,2.347
60,105,gifted,182.6,167.927,182.6,167.927,,
60,106,basic,441.494,261.482,441.852,261.595,1.88,1.882
60,106,gifted,113.183,104.088,113.183,104.088,,
60,107,basic,507.446,252.003,505.668,251.284,2.553,2.549
60,109,basic,144.588,97.708,144.5,97.632,2.07,2.071
60,110,basic,397.835,200.575,398.521,200.875,2.107,2.108
60,113,basic,388.395,242.21,388.413,242.15,2.327,2.328
60,113,gifted,133.586,122.852,133.586,122.852,,
60,115,basic,139.519,81.379,139.509,81.374,1.723,1.723
60,117,basic,255.549,156.3,256.326,156.642,2.308,2.314
60,117,gifted,88.882,81.74,88.882,81.74,,
60,118,basic,269.365,140.055,269.539,140.108,2.168,2.17
60,130,basic,662.546,372.684,662.136,372.542,1.711,1.709
60,201,basic,75.327,50.895,75.292,50.78,1.06,1.071
60,202,basic,172.344,90.975,198.133,103.941,1.695,1.738
60,203,basic,254.28,181.353,253.107,180.736,1.297,1.29
60,204,basic,177.127,129.499,377.64,275.772,1.451,1.489
60,207,basic,0.0,0.0,126.267,90.203,,1.156
60,208,basic,213.578,176.24,0.0,0.0,1.255,
60,209,basic,144.105,46.225,237.439,75.423,0.776,0.839
60,210,basic,192.827,77.276,0.0,0.0,1.436,
60,211,basic,73.422,47.007,255.161,164.001,1.105,1.381
60,212,gifted,205.939,189.39,205.939,189.39,,
60,215,basic,118.335,65.74,118.021,65.907,0.947,0.923
60,218,basic,160.24,97.566,211.302,125.629,0.761,0.916
60,220,basic,89.543,73.992,0.0,0.0,1.547,
60,221,basic,165.703,107.032,255.119,166.633,1.035,1.009
60,222,basic,144.509,88.653,179.917,113.208,2.087,1.957
60,225,basic,85.553,42.564,84.569,42.095,1.239,1.236
60,226,basic,258.255,157.163,257.213,158.324,1.394,1.325
60,229,basic,247.628,208.779,0.0,0.0,1.147,
60,230,basic,112.578,78.077,219.98,148.945,1.016,1.189
60,233,basic,275.097,167.182,275.649,167.541,0.826,0.826
60,234,basic,74.464,62.501,0.0,0.0,1.212,
60,235,basic,81.732,49.982,138.97,84.762,1.293,1.338
60,236,basic,51.732,46.242,107.619,88.547,1.049,1.475
60,239,basic,268.67,161.218,0.0,0.0,1.735,
60,241,basic,384.552,126.648,823.306,264.012,1.904,2.227
60,242,basic,162.069,112.99,0.0,0.0,1.231,
60,243,basic,211.215,109.459,289.419,149.084,0.978,1.019
60,244,basic,36.88,34.533,37.479,35.102,1.174,1.196
60,245,basic,318.807,275.504,448.431,380.498,1.271,1.403
60,246,basic,219.1,112.508,376.441,190.974,1.172,1.257
60,247,basic,365.898,117.743,1032.31,310.893,1.589,2.282
60,248,basic,146.373,93.371,0.0,0.0,0.89,
60,249,basic,33.654,25.479,36.909,27.86,0.9,0.922
60,250,basic,88.692,67.642,140.924,109.061,0.974,0.878
60,251,basic,131.735,59.762,159.327,71.367,1.445,1.503
60,252,basic,240.675,170.095,240.63,170.578,1.484,1.466
60,255,basic,87.277,57.955,280.908,181.938,0.887,1.062
60,257,basic,121.331,105.705,417.596,351.766,1.101,1.342
60,259,basic,163.597,125.9,0.0,0.0,1.305,
60,261,basic,170.05,156.867,227.994,204.161,1.114,1.424
60,262,basic,184.252,142.962,334.228,254.648,1.069,1.187
60,264,basic,79.472,32.902,0.0,0.0,0.936,
60,266,basic,106.765,83.889,111.746,87.688,0.936,0.943
60,267,basic,119.029,105.317,134.602,118.796,1.021,1.038
60,268,basic,106.194,100.885,0.0,0.0,1.062,
60,269,basic,108.837,102.779,227.578,215.373,1.054,1.396
60,270,basic,155.008,111.196,522.848,380.185,1.527,1.481
60,272,basic,40.408,38.232,0.0,0.0,1.087,
60,275,basic,96.64,91.334,210.671,199.542,1.219,1.316
60,276,basic,145.638,67.05,313.548,145.091,1.138,1.322
60,277,basic,117.922,78.192,121.687,80.464,1.004,1.022
60,279,basic,101.706,42.685,139.863,58.375,0.997,1.035
60,281,basic,67.514,45.914,142.574,90.765,0.809,1.241
60,282,basic,76.551,59.591,87.44,66.623,0.878,1.015
60,286,basic,188.091,109.205,318.931,193.965,2.288,2.072
60,287,gifted,190.0,174.732,0.0,0.0,,
60,288,basic,184.407,161.903,184.293,162.956,1.505,1.468
60,289,basic,155.629,140.927,0.0,0.0,1.417,
60,291,basic,373.935,262.451,624.189,437.425,2.425,2.47
60,292,basic,565.49,324.245,770.554,441.321,1.552,1.494
60,930,basic,398.96,370.306,824.459,770.185,2.423,2.313
60,935,basic,437.508,317.968,0.0,0.0,1.903,
60,939,basic,218.959,103.736,0.0,0.0,1.76,
60,949,basic,385.743,337.326,0.0,0.0,1.587,
60,955,basic,45.123,42.867,0.0,0.0,2.769,
60,971,gifted,516.255,474.771,704.497,647.886,,
60,972,basic,258.728,197.884,0.0,0.0,1.904,
60,974,basic,86.288,80.24,91.678,85.137,1.231,1.298
60,977,basic,224.957,177.727,226.371,178.556,1.289,1.3
61,103,basic,266.239,244.408,266.246,244.413,1.693,1.693
61,104,basic,132.094,49.594,132.389,49.64,2.625,2.632
61,105,basic,445.717,215.591,445.681,215.534,2.278,2.279
61,105,gifted,179.273,164.563,179.273,164.563,,
61,106,basic,475.334,297.651,475.651,297.72,1.8,1.802
61,106,gifted,118.329,108.62,118.329,108.62,,
61,107,basic,509.471,257.922,507.749,257.262,2.483,2.479
61,109,basic,157.837,109.343,157.725,109.261,2.125,2.125
61,110,basic,382.504,195.287,382.931,195.464,2.099,2.1
61,113,basic,399.555,253.265,399.601,253.206,2.368,2.369
61,113,gifted,133.825,122.844,133.825,122.844,,
61,115,basic,145.292,89.133,145.286,89.13,1.724,1.724
61,117,basic,264.255,165.139,264.581,165.246,2.296,2.299
61,117,gifted,89.78,82.413,89.78,82.413,,
61,118,basic,269.186,144.34,269.368,144.39,2.122,2.124
61,130,basic,672.721,393.25,672.526,393.181,1.703,1.703
61,201,basic,76.827,52.487,77.357,52.599,0.942,0.962
61,202,basic,172.674,86.362,198.227,98.297,1.666,1.71
61,203,basic,261.481,181.731,260.283,181.217,1.321,1.313
61,204,basic,177.763,127.94,377.516,270.438,1.394,1.454
61,207,basic,0.0,0.0,124.681,87.921,,1.094
61,208,basic,200.863,167.425,0.0,0.0,1.261,
61,209,basic,151.053,46.481,246.214,74.604,0.774,0.847
61,210,basic,192.381,73.122,0.0,0.0,1.363,
61,211,basic,75.424,47.671,257.035,168.782,1.101,1.365
61,212,gifted,205.948,189.049,205.948,189.049,,
61,215,basic,121.263,65.732,120.761,66.001,0.945,0.918
61,218,basic,152.931,92.943,204.318,120.038,0.758,0.915
61,220,basic,93.333,75.434,0.0,0.0,1.449,
61,221,basic,164.632,105.41,256.015,164.808,0.949,0.965
61,222,basic,149.828,85.573,185.291,109.195,2.089,1.964
61,225,basic,86.369,41.304,85.235,40.801,1.239,1.235
61,226,basic,249.944,148.728,248.746,150.12,1.251,1.19
61,229,basic,254.62,214.883,0.0,0.0,1.122,
61,230,basic,110.538,76.479,220.641,147.497,0.999,1.182
61,233,basic,278.72,167.647,279.181,167.964,0.841,0.84
61,234,basic,74.098,62.065,0.0,0.0,1.184,
61,235,basic,89.39,52.957,147.595,87.007,1.26,1.315
61,236,basic,47.648,41.549,104.408,80.463,1.068,1.577
61,239,basic,277.352,158.863,0.0,0.0,1.725,
61,241,basic,388.013,116.756,826.842,244.662,1.874,2.187
61,242,basic,162.941,112.19,0.0,0.0,1.212,
61,243,basic,213.56,108.431,291.825,146.904,0.965,1.008
61,244,basic,36.109,33.563,36.745,34.162,1.16,1.183
61,245,basic,323.504,275.708,457.2,379.936,1.242,1.374
61,246,basic,216.409,109.236,372.427,184.518,1.099,1.191
61,247,basic,372.591,110.99,1040.254,289.862,1.558,2.257
61,248,basic,149.017,94.93,0.0,0.0,0.887,
61,249,basic,29.625,22.396,32.715,24.624,0.91,0.934
61,250,basic,87.347,66.964,141.099,110.337,0.965,0.87
61,251,basic,129.934,56.142,156.908,66.498,1.361,1.434
61,252,basic,236.031,161.958,236.026,162.437,1.434,1.421
61,255,basic,83.663,55.856,276.172,177.681,0.853,1.042
61,257,basic,125.93,108.739,424.363,351.59,1.098,1.329
61,259,basic,158.619,122.143,0.0,0.0,1.238,
61,261,basic,169.584,155.376,227.932,200.327,1.071,1.376
61,262,basic,189.224,145.942,345.012,259.864,1.072,1.182
61,264,basic,82.449,32.753,0.0,0.0,0.921,
61,266,basic,103.507,81.773,108.644,85.65,0.887,0.896
61,267,basic,115.37,102.204,130.488,115.22,1.024,1.041
61,268,basic,111.535,105.959,0.0,0.0,1.07,
61,269,basic,98.367,92.398,219.743,206.305,1.055,1.412
61,270,basic,160.424,111.943,532.801,378.203,1.504,1.477
61,272,basic,42.301,39.866,0.0,0.0,1.079,
61,275,basic,97.01,91.125,207.29,194.649,1.185,1.287
61,276,basic,149.512,66.059,317.165,144.147,1.123,1.318
61,277,basic,127.234,83.614,131.032,85.82,1.013,1.029
61,279,basic,104.1,42.117,141.292,56.703,0.994,1.034
61,281,basic,70.154,48.041,146.11,91.471,0.802,1.221
61,282,basic,76.208,60.154,87.392,66.938,0.855,0.992
61,286,basic,181.569,104.13,311.165,184.529,1.884,1.802
61,287,gifted,190.0,174.41,0.0,0.0,,
61,288,basic,185.512,161.236,185.459,162.21,1.393,1.37
61,289,basic,157.889,145.562,0.0,0.0,1.394,
61,291,basic,378.75,256.4,626.393,422.737,2.384,2.402
61,292,basic,565.651,325.391,772.56,440.273,1.511,1.456
61,930,basic,398.965,362.599,824.424,757.635,2.419,2.308
61,935,basic,437.915,316.022,0.0,0.0,1.857,
61,939,basic,223.542,101.727,0.0,0.0,1.753,
61,949,basic,377.051,329.592,0.0,0.0,1.596,
61,955,basic,43.863,41.67,0.0,0.0,2.798,
61,971,gifted,515.935,473.601,704.094,646.321,,
61,972,basic,260.85,197.416,0.0,0.0,1.892,
61,974,basic,86.632,79.752,92.282,84.711,1.221,1.291
61,977,basic,235.032,183.974,235.661,184.24,1.289,1.295
62,103,basic,278.044,245.651,278.066,245.676,1.669,1.669
62,104,basic,134.225,50.901,134.466,50.938,2.255,2.26
62,105,basic,424.023,188.796,423.96,188.736,2.242,2.243
62,105,gifted,178.083,163.66,178.083,163.66,,
62,106,basic,453.055,265.718,453.351,265.775,1.759,1.76
62,106,gifted,115.793,106.415,115.793,106.415,,
62,107,basic,505.302,237.135,503.527,236.505,2.478,2.474
62,109,basic,153.686,101.698,153.531,101.596,2.075,2.075
62,110,basic,389.685,189.139,390.187,189.344,2.11,2.111
62,113,basic,393.864,231.733,393.855,231.662,2.328,2.329
62,113,gifted,135.714,124.722,135.714,124.722,,
62,115,basic,143.064,80.402,143.055,80.398,1.724,1.724
62,117,basic,277.574,164.694,277.943,164.805,2.309,2.313
62,117,gifted,90.651,83.309,90.651,83.309,,
62,118,basic,261.956,130.784,262.075,130.809,2.098,2.1
62,130,basic,648.415,367.001,648.161,366.919,1.671,1.67
62,201,basic,77.353,53.052,77.04,52.804,1.028,1.031
62,202,basic,176.575,91.602,202.616,104.065,1.685,1.735
62,203,basic,253.116,182.454,251.776,181.781,1.275,1.268
62,204,basic,173.643,128.487,372.578,275.07,1.42,1.469
62,207,basic,0.0,0.0,126.225,95.399,,1.143
62,208,basic,205.016,173.004,0.0,0.0,1.225,
62,209,basic,145.338,47.753,240.175,77.776,0.761,0.83
62,210,basic,193.766,77.851,0.0,0.0,1.418,
62,211,basic,79.602,51.184,268.889,170.285,1.127,1.363
62,212,gifted,205.687,189.029,205.687,189.029,,
62,215,basic,118.536,71.282,118.245,71.476,0.906,0.889
62,218,basic,162.959,102.3,214.295,130.412,0.76,0.908
62,220,basic,95.361,77.33,0.0,0.0,1.542,
62,221,basic,161.296,112.858,252.63,177.543,0.94,0.959
62,222,basic,153.065,87.106,188.046,111.73,2.268,2.081
62,225,basic,90.609,45.198,89.499,44.673,1.234,1.231
62,226,basic,253.146,165.101,251.853,166.538,1.275,1.214
62,229,basic,255.447,221.897,0.0,0.0,1.133,
62,230,basic,109.094,75.791,218.006,147.315,1.05,1.204
62,233,basic,281.49,177.543,281.597,177.703,0.823,0.821
62,234,basic,75.064,64.325,0.0,0.0,1.202,
62,235,basic,89.86,57.396,146.341,92.945,1.252,1.307
62,236,basic,46.741,41.454,100.817,80.098,1.111,1.595
62,239,basic,277.69,164.32,0.0,0.0,1.722,
62,241,basic,385.089,122.473,824.144,252.43,1.881,2.149
62,242,basic,158.771,114.153,0.0,0.0,1.226,
62,243,basic,211.946,111.155,291.235,151.371,0.972,1.018
62,244,basic,35.197,32.744,35.768,33.284,1.143,1.166
62,245,basic,320.295,286.437,451.655,395.019,1.243,1.389
62,246,basic,232.381,120.033,389.462,198.244,1.164,1.241
62,247,basic,371.646,117.053,1036.445,295.095,1.56,2.217
62,248,basic,146.285,96.203,0.0,0.0,0.875,
62,249,basic,31.055,25.215,34.386,27.778,0.869,0.895
62,250,basic,82.684,64.379,135.423,107.528,0.956,0.86
62,251,basic,136.195,62.997,163.57,74.619,1.411,1.462
62,252,basic,255.434,181.041,255.356,181.616,1.476,1.46
62,255,basic,89.081,60.854,283.674,186.775,0.851,1.04
62,257,basic,120.47,107.989,413.676,356.948,1.061,1.309
62,259,basic,156.841,120.338,0.0,0.0,1.313,
62,261,basic,173.517,159.9,233.828,208.213,1.103,1.424
62,262,basic,183.265,147.465,335.133,263.505,1.066,1.176
62,264,basic,78.632,34.502,0.0,0.0,0.932,
62,266,basic,105.471,87.955,110.375,91.915,0.901,0.907
62,267,basic,112.252,104.946,126.542,118.061,1.001,1.019
62,268,basic,107.615,102.234,0.0,0.0,1.063,
62,269,basic,105.021,99.073,223.195,211.124,1.05,1.391
62,270,basic,163.006,114.778,525.687,377.148,1.513,1.475
62,272,basic,41.909,39.52,0.0,0.0,1.07,
62,275,basic,90.646,85.448,203.46,192.176,1.202,1.296
62,276,basic,156.289,74.149,325.718,152.627,1.133,1.313
62,277,basic,121.68,81.407,125.706,83.781,1.0,1.018
62,279,basic,104.19,44.354,142.215,60.05,0.981,1.022
62,281,basic,65.281,45.453,141.158,89.764,0.813,1.248
62,282,basic,73.586,58.303,84.002,64.623,0.867,1.004
62,286,basic,180.493,111.266,311.541,200.046,1.959,1.841
62,287,gifted,190.0,174.612,0.0,0.0,,
62,288,basic,181.817,158.037,181.684,159.101,1.457,1.428
62,289,basic,156.042,138.126,0.0,0.0,1.354,
62,291,basic,370.254,256.498,617.446,424.299,2.268,2.333
62,292,basic,565.564,322.178,770.321,439.826,1.486,1.441
62,930,basic,399.35,360.397,824.83,752.617,2.442,2.324
62,935,basic,437.287,309.426,0.0,0.0,1.791,
62,939,basic,221.723,104.918,0.0,0.0,1.716,
62,949,basic,374.881,319.996,0.0,0.0,1.565,
62,955,basic,45.846,43.554,0.0,0.0,2.769,
62,971,gifted,515.504,473.753,703.659,646.669,,
62,972,basic,263.667,193.341,0.0,0.0,1.901,
62,974,basic,87.647,80.579,93.598,85.88,1.225,1.292
62,977,basic,231.623,184.691,233.078,185.464,1.282,1.292
63,103,basic,267.752,237.658,267.758,237.664,1.621,1.621
63,104,basic,131.704,55.803,131.904,55.842,2.291,2.295
63,105,basic,446.477,215.64,446.463,215.599,2.292,2.292
63,105,gifted,181.148,165.983,181.148,165.983,,
63,106,basic,457.029,288.004,457.311,288.062,1.744,1.746
63,106,gifted,116.81,107.031,116.81,107.031,,
63,107,basic,524.472,264.217,522.724,263.544,2.474,2.47
63,109,basic,146.784,98.858,146.539,98.727,2.151,2.15
63,110,basic,404.136,220.076,404.373,220.175,2.102,2.102
63,113,basic,390.945,240.434,390.898,240.354,2.334,2.335
63,113,gifted,136.072,124.68,136.072,124.68,,
63,115,basic,147.538,88.385,147.532,88.382,1.725,1.725
63,117,basic,255.772,160.725,255.858,160.732,2.318,2.32
63,117,gifted,90.157,82.609,90.157,82.609,,
63,118,basic,271.88,146.759,272.008,146.786,2.095,2.096
63,130,basic,648.809,399.263,648.689,399.225,1.699,1.698
63,201,basic,78.422,51.515,77.622,51.07,1.065,1.057
63,202,basic,173.839,89.25,199.13,101.603,1.676,1.709
63,203,basic,264.516,179.46,263.353,178.975,1.324,1.316
63,204,basic,174.148,121.109,374.481,259.465,1.407,1.464
63,207,basic,0.0,0.0,123.869,92.446,,1.097
63,208,basic,210.16,172.669,0.0,0.0,1.242,
63,209,basic,145.34,53.315,238.534,86.318,0.774,0.84
63,210,basic,193.655,84.267,0.0,0.0,1.368,
63,211,basic,75.661,47.643,257.28,164.112,1.082,1.348
63,212,gifted,205.33,188.141,205.33,188.141,,
63,215,basic,120.346,73.017,120.134,73.097,0.91,0.9
63,218,basic,155.306,96.943,207.674,125.306,0.756,0.92
63,220,basic,89.493,72.386,0.0,0.0,1.359,
63,221,basic,160.983,112.431,250.689,176.573,0.949,0.951
63,222,basic,146.608,81.122,180.737,103.92,2.156,1.993
63,225,basic,85.894,43.554,84.777,43.01,1.228,1.226
63,226,basic,257.739,169.758,256.645,170.666,1.261,1.217
63,229,basic,248.581,200.351,0.0,0.0,1.144,
63,230,basic,113.525,75.896,223.374,144.982,1.023,1.189
63,233,basic,278.134,174.555,278.973,175.043,0.818,0.82
63,234,basic,71.797,57.578,0.0,0.0,1.158,
63,235,basic,81.974,51.474,138.216,86.444,1.264,1.316
63,236,basic,54.431,47.67,113.657,90.403,1.071,1.475
63,239,basic,272.569,156.249,0.0,0.0,1.707,
63,241,basic,382.753,132.422,823.5,276.588,1.854,2.172
63,242,basic,158.751,108.917,0.0,0.0,1.216,
63,243,basic,221.283,118.166,302.032,159.898,0.983,1.028
63,244,basic,36.278,33.716,36.824,34.185,1.076,1.106
63,245,basic,322.047,277.213,452.579,380.263,1.226,1.356
63,246,basic,230.942,120.305,387.188,199.753,1.169,1.224
63,247,basic,365.883,126.318,1030.696,329.426,1.561,2.233
63,248,basic,146.17,92.988,0.0,0.0,0.894,
63,249,basic,27.991,21.475,31.621,24.042,0.884,0.929
63,250,basic,85.02,62.377,139.469,104.304,0.955,0.861
63,251,basic,131.287,64.518,158.626,77.095,1.375,1.417
63,252,basic,229.887,159.768,229.837,160.223,1.42,1.406
63,255,basic,88.27,58.514,284.096,180.592,0.832,1.049
63,257,basic,117.702,100.282,412.024,334.571,1.06,1.317
63,259,basic,149.522,108.537,0.0,0.0,1.235,
63,261,basic,172.847,156.16,229.84,198.036,1.053,1.341
63,262,basic,185.271,141.105,338.012,251.277,1.064,1.181
63,264,basic,74.686,35.691,0.0,0.0,0.91,
63,266,basic,107.798,86.634,113.029,90.676,0.888,0.896
63,267,basic,114.266,100.771,129.071,113.48,1.021,1.036
63,268,basic,111.642,106.06,0.0,0.0,1.061,
63,269,basic,105.327,98.051,223.716,206.216,1.027,1.357
63,270,basic,166.368,109.99,537.82,361.592,1.497,1.47
63,272,basic,40.743,38.199,0.0,0.0,1.052,
63,275,basic,90.556,84.325,199.348,184.336,1.174,1.285
63,276,basic,146.792,73.28,314.026,158.913,1.14,1.317
63,277,basic,125.9,81.404,129.416,83.411,1.012,1.027
63,279,basic,101.665,45.658,140.93,62.816,1.008,1.048
63,281,basic,70.346,47.26,148.773,91.603,0.804,1.228
63,282,basic,78.739,58.433,89.632,64.707,0.874,1.005
63,286,basic,181.312,113.875,312.521,201.332,1.785,1.737
63,287,gifted,190.0,174.094,0.0,0.0,,
63,288,basic,182.151,156.379,182.241,157.01,1.309,1.297
63,289,basic,153.783,132.272,0.0,0.0,1.345,
63,291,basic,375.589,256.694,626.497,422.913,2.273,2.342
63,292,basic,561.179,328.816,767.023,446.255,1.469,1.43
63,930,basic,399.237,343.021,824.703,719.149,2.338,2.248
63,935,basic,438.027,302.166,0.0,0.0,1.81,
63,939,basic,218.489,108.327,0.0,0.0,1.738,
63,949,basic,375.512,307.24,0.0,0.0,1.527,
63,955,basic,45.421,43.15,0.0,0.0,2.747,
63,971,gifted,516.175,472.962,704.269,645.31,,
63,972,basic,265.624,190.84,0.0,0.0,1.878,
63,974,basic,85.568,76.417,90.863,80.42,1.182,1.247
63,977,basic,236.11,172.736,235.602,172.431,1.319,1.317
64,103,basic,277.213,256.905,277.198,256.895,1.691,1.691
64,104,basic,131.017,54.204,131.275,54.258,2.411,2.417
64,105,basic,451.97,219.848,451.909,219.779,2.351,2.352
64,105,gifted,181.163,166.099,181.163,166.099,,
64,106,basic,462.574,290.503,462.868,290.595,1.821,1.823
64,106,gifted,116.597,106.902,116.597,106.902,,
64,107,basic,542.986,279.976,541.305,279.272,2.572,2.568
64,109,basic,141.044,101.593,140.916,101.495,2.102,2.103
64,110,basic,391.623,215.658,392.235,215.959,2.094,2.095
64,113,basic,399.508,259.395,399.534,259.351,2.345,2.346
64,113,gifted,135.973,124.667,135.973,124.667,,
64,115,basic,144.261,86.103,144.255,86.1,1.738,1.738
64,117,basic,264.717,175.813,265.394,176.138,2.32,2.325
64,117,gifted,89.46,82.021,89.46,82.021,,
64,118,basic,263.376,143.691,263.554,143.749,2.115,2.117
64,130,basic,652.341,401.175,651.989,401.03,1.699,1.698
64,201,basic,79.687,50.644,79.953,50.678,1.031,1.048
64,202,basic,172.643,86.698,198.333,99.063,1.696,1.736
64,203,basic,248.41,165.696,247.162,165.036,1.354,1.347
64,204,basic,176.778,121.692,377.869,261.214,1.508,1.507
64,207,basic,0.0,0.0,127.733,92.327,,1.156
64,208,basic,205.016,168.735,0.0,0.0,1.293,
64,209,basic,152.274,46.671,247.355,75.173,0.786,0.847
64,210,basic,191.988,75.957,0.0,0.0,1.397,
64,211,basic,73.969,44.031,258.375,160.391,1.116,1.372
64,212,gifted,205.692,188.588,205.692,188.588,,
64,215,basic,120.222,67.192,119.787,67.297,0.95,0.924
64,218,basic,159.424,91.183,212.141,118.529,0.765,0.932
64,220,basic,91.408,74.745,0.0,0.0,1.481,
64,221,basic,162.455,107.405,251.778,167.478,1.011,1.006
64,222,basic,141.808,83.025,177.35,106.454,2.1,1.959
64,225,basic,87.916,41.357,86.83,40.86,1.254,1.251
64,226,basic,261.133,164.118,260.212,165.214,1.399,1.33
64,229,basic,250.786,200.943,0.0,0.0,1.158,
64,230,basic,110.368,70.538,219.782,137.317,1.038,1.216
64,233,basic,281.857,162.711,282.578,163.138,0.848,0.848
64,234,basic,74.599,59.378,0.0,0.0,1.215,
64,235,basic,82.388,50.141,138.219,83.851,1.275,1.323
64,236,basic,49.547,44.427,103.617,85.989,1.064,1.494
64,239,basic,274.84,156.141,0.0,0.0,1.729,
64,241,basic,383.598,121.112,822.776,257.705,1.945,2.291
64,242,basic,162.85,108.294,0.0,0.0,1.265,
64,243,basic,214.445,104.612,293.828,142.459,0.975,1.021
64,244,basic,36.609,34.282,37.174,34.817,1.178,1.198
64,245,basic,327.525,285.03,466.863,399.769,1.266,1.394
64,246,basic,233.702,113.51,393.869,188.961,1.16,1.253
64,247,basic,370.93,114.482,1037.537,309.462,1.594,2.297
64,248,basic,147.702,87.748,0.0,0.0,0.902,
64,249,basic,30.124,22.155,33.158,24.311,0.922,0.947
64,250,basic,88.199,62.337,142.612,102.122,0.959,0.865
64,251,basic,133.253,60.281,160.844,71.889,1.48,1.541
64,252,basic,233.62,159.897,233.546,160.336,1.515,1.494
64,255,basic,87.237,53.807,280.318,168.828,0.881,1.062
64,257,basic,127.807,107.901,423.123,346.602,1.102,1.328
64,259,basic,165.243,118.261,0.0,0.0,1.277,
64,261,basic,164.117,151.031,220.909,196.74,1.069,1.376
64,262,basic,187.112,139.07,342.514,250.072,1.077,1.203
64,264,basic,78.775,33.262,0.0,0.0,0.913,
64,266,basic,105.712,81.734,110.97,85.671,0.929,0.939
64,267,basic,116.965,102.848,131.754,115.612,1.026,1.041
64,268,basic,113.162,107.504,0.0,0.0,1.072,
64,269,basic,104.896,98.966,223.3,210.845,1.044,1.393
64,270,basic,155.864,103.891,515.673,347.492,1.505,1.467
64,272,basic,46.418,43.865,0.0,0.0,1.102,
64,275,basic,100.883,95.321,213.183,201.643,1.18,1.299
64,276,basic,154.87,70.692,322.11,151.275,1.117,1.321
64,277,basic,127.855,78.294,131.489,80.323,1.016,1.033
64,279,basic,102.583,40.945,138.432,54.957,1.001,1.041
64,281,basic,65.127,40.946,137.879,81.494,0.806,1.247
64,282,basic,75.342,53.729,86.093,60.126,0.876,1.023
64,286,basic,181.29,109.65,311.902,196.141,2.236,2.049
64,287,gifted,190.0,174.201,0.0,0.0,,
64,288,basic,187.259,162.071,187.234,162.975,1.486,1.454
64,289,basic,154.301,136.028,0.0,0.0,1.416,
64,291,basic,372.613,269.13,621.747,446.811,2.376,2.431
64,292,basic,566.09,319.833,772.545,432.105,1.539,1.484
64,930,basic,399.108,366.302,824.583,763.211,2.41,2.3
64,935,basic,437.464,309.108,0.0,0.0,1.951,
64,939,basic,219.877,105.602,0.0,0.0,1.78,
64,949,basic,380.313,321.214,0.0,0.0,1.608,
64,955,basic,45.597,43.317,0.0,0.0,2.774,
64,971,gifted,515.921,473.021,704.033,645.491,,
64,972,basic,260.178,196.146,0.0,0.0,1.912,
64,974,basic,86.307,78.985,92.433,84.07,1.212,1.289
64,977,basic,242.332,177.018,242.094,176.831,1.33,1.33
65,103,basic,270.288,240.825,270.298,240.835,1.63,1.63
65,104,basic,137.775,53.742,137.999,53.779,2.269,2.273
65,105,basic,448.197,207.486,448.172,207.435,2.227,2.228
65,105,gifted,182.702,167.928,182.702,167.928,,
65,106,basic,435.132,266.412,435.456,266.469,1.719,1.721
65,106,gifted,114.86,105.571,114.86,105.571,,
65,107,basic,531.566,252.491,529.817,251.891,2.502,2.498
65,109,basic,149.806,99.2,149.551,99.065,2.09,2.088
65,110,basic,416.935,203.424,417.235,203.537,2.101,2.102
65,113,basic,375.147,227.178,375.072,227.09,2.292,2.293
65,113,gifted,132.182,121.493,132.182,121.493,,
65,115,basic,138.409,81.824,138.409,81.823,1.712,1.712
65,117,basic,262.746,154.028,262.905,154.053,2.327,2.329
65,117,gifted,90.086,82.801,90.086,82.801,,
65,118,basic,255.194,131.9,255.31,131.917,2.07,2.071
65,130,basic,652.585,373.971,652.44,373.934,1.656,1.655
65,201,basic,80.286,55.555,80.131,55.374,1.004,1.008
65,202,basic,167.011,87.101,191.818,99.296,1.549,1.582
65,203,basic,254.728,180.85,253.638,180.386,1.3,1.293
65,204,basic,183.159,133.221,383.362,278.21,1.399,1.449
65,207,basic,0.0,0.0,128.716,94.699,,1.054
65,208,basic,204.26,171.058,0.0,0.0,1.236,
65,209,basic,147.869,49.147,240.624,78.59,0.768,0.837
65,210,basic,192.979,75.844,0.0,0.0,1.388,
65,211,basic,79.03,51.544,260.757,171.207,1.094,1.331
65,212,gifted,205.472,188.856,205.472,188.856,,
65,215,basic,115.706,67.219,115.561,67.361,0.904,0.894
65,218,basic,153.322,97.639,204.251,125.157,0.76,0.911
65,220,basic,91.388,73.637,0.0,0.0,1.413,
65,221,basic,165.427,109.588,254.992,171.546,0.97,0.955
65,222,basic,149.014,86.681,184.666,110.996,1.983,1.871
65,225,basic,77.862,39.595,76.821,39.09,1.13,1.127
65,226,basic,253.774,159.926,252.78,160.779,1.163,1.127
65,229,basic,250.025,214.485,0.0,0.0,1.128,
65,230,basic,109.896,78.043,215.98,147.351,1.006,1.188
65,233,basic,280.485,177.796,281.18,178.191,0.814,0.816
65,234,basic,75.343,63.589,0.0,0.0,1.189,
65,235,basic,86.61,52.894,143.74,87.435,1.259,1.309
65,236,basic,52.036,45.387,108.832,85.517,1.04,1.464
65,239,basic,258.908,152.477,0.0,0.0,1.637,
65,241,basic,386.222,119.977,826.942,247.512,1.847,2.146
65,242,basic,159.277,112.747,0.0,0.0,1.209,
65,243,basic,215.282,113.973,295.347,154.664,0.974,1.02
65,244,basic,34.756,32.377,35.187,32.749,1.087,1.116
65,245,basic,320.499,276.2,446.339,374.701,1.246,1.365
65,246,basic,235.344,121.537,394.167,200.35,1.156,1.227
65,247,basic,369.731,114.368,1035.608,290.611,1.56,2.213
65,248,basic,146.408,97.182,0.0,0.0,0.888,
65,249,basic,33.047,26.548,36.627,29.169,0.835,0.87
65,250,basic,83.797,66.34,138.86,112.39,0.945,0.856
65,251,basic,128.56,57.977,155.517,69.043,1.332,1.388
65,252,basic,234.677,166.114,234.723,166.374,1.348,1.343
65,255,basic,88.612,61.893,286.297,189.734,0.828,1.051
65,257,basic,126.789,110.658,427.407,356.995,1.101,1.334
65,259,basic,162.955,125.497,0.0,0.0,1.291,
65,261,basic,175.662,159.608,238.218,205.93,1.102,1.427
65,262,basic,189.078,150.44,342.234,264.927,1.054,1.163
65,264,basic,79.348,33.576,0.0,0.0,0.931,
65,266,basic,104.511,85.418,109.678,89.469,0.891,0.898
65,267,basic,115.112,104.715,130.537,118.362,1.018,1.035
65,268,basic,111.784,106.195,0.0,0.0,1.068,
65,269,basic,107.492,100.825,226.851,212.414,1.028,1.372
65,270,basic,153.845,111.471,520.94,379.048,1.371,1.404
65,272,basic,40.342,37.958,0.0,0.0,1.052,
65,275,basic,94.288,88.164,199.715,186.257,1.167,1.279
65,276,basic,151.304,70.185,319.734,148.836,1.122,1.31
65,277,basic,128.928,87.64,132.81,89.877,0.998,1.015
65,279,basic,99.905,42.799,136.417,57.821,0.976,1.02
65,281,basic,64.109,45.438,141.9,90.193,0.821,1.256
65,282,basic,77.964,62.703,90.139,69.973,0.892,1.029
65,286,basic,182.948,108.269,312.63,189.411,1.795,1.76
65,287,gifted,190.0,174.635,0.0,0.0,,
65,288,basic,191.995,168.025,192.058,168.677,1.335,1.324
65,289,basic,155.855,141.898,0.0,0.0,1.377,
65,291,basic,376.583,254.338,626.664,416.204,2.212,2.287
65,292,basic,564.249,326.025,769.352,443.309,1.474,1.426
65,930,basic,399.097,358.039,824.396,746.994,2.359,2.27
65,935,basic,437.694,309.228,0.0,0.0,1.795,
65,939,basic,222.235,103.308,0.0,0.0,1.671,
65,949,basic,381.358,329.382,0.0,0.0,1.523,
65,955,basic,46.459,44.136,0.0,0.0,2.764,
65,971,gifted,515.937,474.215,704.114,647.175,,
65,972,basic,261.04,192.593,0.0,0.0,1.857,
65,974,basic,87.588,79.566,92.143,83.685,1.263,1.309
65,977,basic,234.819,187.41,235.968,187.81,1.263,1.274
66,103,basic,267.243,221.121,267.237,221.121,1.651,1.651
66,104,basic,135.387,62.825,135.715,62.894,2.59,2.598
66,105,basic,458.06,237.184,458.017,237.122,2.315,2.316
66,105,gifted,181.797,166.866,181.797,166.866,,
66,106,basic,464.265,294.332,464.59,294.434,1.836,1.838
66,106,gifted,116.141,106.602,116.141,106.602,,
66,107,basic,525.868,280.616,524.177,279.885,2.495,2.49
66,109,basic,143.612,97.951,143.519,97.871,2.123,2.124
66,110,basic,391.24,241.368,391.796,241.672,2.131,2.132
66,113,basic,387.433,239.118,387.43,239.041,2.327,2.329
66,113,gifted,133.61,122.636,133.61,122.636,,
66,115,basic,140.635,84.778,140.633,84.777,1.721,1.721
66,117,basic,259.319,171.812,259.926,172.106,2.329,2.333
66,117,gifted,89.467,82.119,89.467,82.119,,
66,118,basic,260.736,147.656,260.924,147.723,2.133,2.135
66,130,basic,655.932,438.688,655.595,438.538,1.723,1.722
66,201,basic,79.864,50.893,79.798,50.793,1.074,1.081
66,202,basic,168.465,91.968,193.997,105.144,1.651,1.703
66,203,basic,243.098,158.922,241.763,158.208,1.302,1.295
66,204,basic,178.659,115.871,378.21,246.618,1.54,1.533
66,207,basic,0.0,0.0,129.892,99.412,,1.14
66,208,basic,204.159,159.321,0.0,0.0,1.281,
66,209,basic,140.914,64.897,237.51,108.189,0.777,0.852
66,210,basic,194.161,101.432,0.0,0.0,1.391,
66,211,basic,70.068,42.826,251.515,154.613,1.115,1.371
66,212,gifted,205.894,188.983,205.894,188.983,,
66,215,basic,118.569,79.243,118.333,79.248,0.894,0.884
66,218,basic,157.375,98.546,209.442,128.102,0.773,0.935
66,220,basic,91.27,67.463,0.0,0.0,1.464,
66,221,basic,161.296,120.224,252.16,189.176,0.984,0.981
66,222,basic,136.151,78.395,172.324,101.414,1.981,1.865
66,225,basic,85.116,46.318,84.037,45.737,1.262,1.261
66,226,basic,261.275,187.833,260.463,188.601,1.356,1.309
66,229,basic,259.121,190.982,0.0,0.0,1.166,
66,230,basic,117.692,74.016,225.45,139.03,1.068,1.22
66,233,basic,285.396,181.558,285.882,181.892,0.858,0.858
66,234,basic,78.026,56.492,0.0,0.0,1.201,
66,235,basic,77.55,51.975,131.639,87.686,1.221,1.286
66,236,basic,47.368,41.047,100.465,81.128,1.111,1.46
66,239,basic,286.11,164.523,0.0,0.0,1.74,
66,241,basic,383.163,162.817,823.693,341.997,1.971,2.278
66,242,basic,154.084,102.995,0.0,0.0,1.214,
66,243,basic,218.785,123.997,298.052,167.917,0.989,1.032
66,244,basic,35.843,32.594,36.499,33.095,1.082,1.109
66,245,basic,322.244,267.808,452.361,369.206,1.255,1.386
66,246,basic,228.845,125.968,387.542,210.924,1.209,1.293
66,247,basic,375.719,161.177,1042.064,421.205,1.638,2.303
66,248,basic,143.079,89.014,0.0,0.0,0.881,
66,249,basic,28.141,20.757,31.41,23.031,0.908,0.95
66,250,basic,87.218,58.562,142.828,97.364,0.973,0.867
66,251,basic,136.184,78.184,163.135,92.879,1.472,1.514
66,252,basic,229.975,158.473,229.947,158.839,1.484,1.468
66,255,basic,90.734,57.537,285.807,176.417,0.849,1.043
66,257,basic,125.908,99.4,422.552,322.605,1.092,1.335
66,259,basic,168.255,109.438,0.0,0.0,1.361,
66,261,basic,162.72,135.713,220.141,175.771,1.06,1.368
66,262,basic,189.136,136.218,341.364,242.075,1.09,1.196
66,264,basic,80.082,47.019,0.0,0.0,0.952,
66,266,basic,105.391,82.378,110.655,86.351,0.904,0.915
66,267,basic,123.375,102.012,138.001,113.843,1.026,1.042
66,268,basic,111.787,106.145,0.0,0.0,1.063,
66,269,basic,104.344,93.65,224.285,193.083,0.999,1.342
66,270,basic,153.555,94.815,520.511,324.424,1.521,1.499
66,272,basic,42.045,38.113,0.0,0.0,1.03,
66,275,basic,93.822,84.586,205.22,182.989,1.166,1.253
66,276,basic,152.625,88.556,320.868,187.089,1.147,1.324
66,277,basic,128.385,79.953,132.068,82.056,1.014,1.029
66,279,basic,107.097,55.262,146.099,74.959,1.009,1.05
66,281,basic,71.578,45.528,149.684,89.373,0.824,1.261
66,282,basic,76.703,51.09,88.84,57.835,0.918,1.074
66,286,basic,173.824,114.323,304.653,206.892,2.024,1.89
66,287,gifted,190.0,174.395,0.0,0.0,,
66,288,basic,193.521,148.159,193.66,148.768,1.461,1.443
66,289,basic,159.529,114.618,0.0,0.0,1.376,
66,291,basic,370.27,253.426,618.753,419.31,2.304,2.389
66,292,basic,561.014,333.814,768.215,456.452,1.536,1.48
66,930,basic,398.956,291.905,824.342,610.057,2.284,2.198
66,935,basic,437.857,283.83,0.0,0.0,1.887,
66,939,basic,222.802,125.029,0.0,0.0,1.788,
66,949,basic,379.612,266.146,0.0,0.0,1.569,
66,955,basic,46.203,43.709,0.0,0.0,2.741,
66,971,gifted,516.304,473.899,704.518,646.655,,
66,972,basic,262.49,179.136,0.0,0.0,1.862,
66,974,basic,88.986,66.664,93.854,69.738,1.202,1.261
66,977,basic,233.751,155.788,234.312,156.067,1.316,1.321
67,103,basic,263.259,241.889,263.292,241.918,1.656,1.656
67,104,basic,127.613,50.686,127.844,50.736,2.627,2.633
67,105,basic,452.942,223.886,452.9,223.837,2.349,2.35
67,105,gifted,182.019,166.598,182.019,166.598,,
67,106,basic,473.49,293.032,473.771,293.12,1.826,1.828
67,106,gifted,117.956,107.962,117.956,107.962,,
67,107,basic,512.017,268.876,510.304,268.128,2.478,2.474
67,109,basic,158.286,109.038,158.132,108.94,2.208,2.207
67,110,basic,394.831,204.373,395.165,204.523,2.132,2.132
67,113,basic,389.297,251.132,389.314,251.071,2.406,2.407
67,113,gifted,135.354,123.886,135.354,123.886,,
67,115,basic,143.022,86.086,143.015,86.082,1.727,1.727
67,117,basic,249.802,158.303,250.075,158.423,2.341,2.344
67,117,gifted,89.735,82.133,89.735,82.133,,
67,118,basic,270.789,146.816,270.955,146.874,2.142,2.144
67,130,basic,671.882,384.714,671.726,384.655,1.747,1.746
67,201,basic,73.539,48.4,74.21,48.642,1.044,1.073
67,202,basic,173.376,89.072,199.179,101.845,1.757,1.795
67,203,basic,256.431,177.791,255.288,177.179,1.338,1.331
67,204,basic,170.961,122.287,370.415,265.08,1.483,1.505
67,207,basic,0.0,0.0,117.222,80.918,,1.153
67,208,basic,207.432,170.001,0.0,0.0,1.279,
67,209,basic,151.58,45.675,245.478,73.301,0.787,0.856
67,210,basic,191.208,73.629,0.0,0.0,1.435,
67,211,basic,77.926,48.259,263.542,169.291,1.13,1.38
67,212,gifted,206.061,188.603,206.061,188.603,,
67,215,basic,116.646,62.092,116.356,62.202,0.926,0.903
67,218,basic,156.714,91.25,207.389,118.429,0.783,0.931
67,220,basic,87.796,73.415,0.0,0.0,1.452,
67,221,basic,158.76,97.675,246.056,153.535,1.094,1.038
67,222,basic,138.864,82.697,173.269,106.167,2.307,2.121
67,225,basic,83.358,40.091,82.304,39.596,1.235,1.233
67,226,basic,256.986,152.064,256.064,152.454,1.347,1.302
67,229,basic,247.52,203.072,0.0,0.0,1.169,
67,230,basic,107.289,72.122,215.495,141.99,1.039,1.207
67,233,basic,279.403,162.491,280.588,163.141,0.843,0.845
67,234,basic,77.316,63.394,0.0,0.0,1.227,
67,235,basic,86.284,51.312,143.764,85.236,1.262,1.31
67,236,basic,49.043,43.118,103.863,84.904,1.113,1.514
67,239,basic,276.627,163.048,0.0,0.0,1.745,
67,241,basic,384.842,121.929,824.745,258.998,1.973,2.311
67,242,basic,163.864,110.823,0.0,0.0,1.246,
67,243,basic,216.938,108.052,295.267,146.285,0.972,1.014
67,244,basic,36.392,34.215,36.862,34.651,1.189,1.216
67,245,basic,321.186,272.007,448.884,374.034,1.227,1.356
67,246,basic,231.062,114.089,386.811,189.379,1.209,1.277
67,247,basic,370.631,113.623,1036.166,308.081,1.667,2.336
67,248,basic,143.088,88.032,0.0,0.0,0.892,
67,249,basic,33.322,24.429,36.625,26.74,0.871,0.904
67,250,basic,87.707,65.054,142.393,106.936,0.974,0.879
67,251,basic,137.056,59.638,165.277,71.082,1.468,1.532
67,252,basic,231.403,160.054,231.446,160.378,1.483,1.47
67,255,basic,85.803,55.205,283.193,177.838,0.871,1.066
67,257,basic,124.423,105.812,421.525,347.612,1.093,1.338
67,259,basic,152.516,114.992,0.0,0.0,1.324,
67,261,basic,183.054,168.81,244.276,218.533,1.108,1.432
67,262,basic,183.111,137.65,336.923,249.266,1.082,1.203
67,264,basic,83.03,32.524,0.0,0.0,0.914,
67,266,basic,102.158,77.467,107.316,81.288,0.928,0.936
67,267,basic,117.719,100.498,132.766,113.124,1.044,1.059
67,268,basic,112.464,106.841,0.0,0.0,1.059,
67,269,basic,103.377,97.602,224.842,212.807,1.076,1.411
67,270,basic,160.81,113.17,529.628,377.875,1.577,1.512
67,272,basic,41.41,39.223,0.0,0.0,1.068,
67,275,basic,97.877,92.528,209.792,198.763,1.209,1.309
67,276,basic,149.327,65.823,318.784,143.959,1.116,1.322
67,277,basic,131.65,84.438,135.098,86.469,1.024,1.039
67,279,basic,105.55,42.099,144.567,57.392,1.027,1.065
67,281,basic,69.58,45.718,142.532,88.661,0.805,1.222
67,282,basic,73.579,55.751,84.087,62.467,0.87,1.018
67,286,basic,177.92,103.935,306.826,185.203,2.208,2.041
67,287,gifted,190.0,173.902,0.0,0.0,,
67,288,basic,186.524,165.506,186.641,166.274,1.453,1.43
67,289,basic,156.591,144.739,0.0,0.0,1.399,
67,291,basic,379.46,270.709,631.816,449.382,2.506,2.529
67,292,basic,563.804,323.698,770.166,438.117,1.528,1.476
67,930,basic,399.166,374.194,824.707,775.746,2.412,2.313
67,935,basic,438.774,321.534,0.0,0.0,1.972,
67,939,basic,219.738,102.231,0.0,0.0,1.819,
67,949,basic,377.429,332.272,0.0,0.0,1.649,
67,955,basic,44.721,42.485,0.0,0.0,2.83,
67,971,gifted,516.145,472.415,704.223,644.559,,
67,972,basic,259.872,202.475,0.0,0.0,1.898,
67,974,basic,86.851,80.536,91.372,84.774,1.306,1.351
67,977,basic,239.423,184.303,238.683,183.812,1.345,1.342
68,103,basic,269.712,240.76,269.694,240.757,1.663,1.663
68,104,basic,139.207,58.971,139.542,59.031,2.367,2.375
68,105,basic,451.044,223.936,450.954,223.862,2.235,2.236
68,105,gifted,183.132,167.686,183.132,167.686,,
68,106,basic,472.105,290.655,472.445,290.751,1.838,1.841
68,106,gifted,117.708,107.78,117.708,107.78,,
68,107,basic,521.468,267.311,519.699,266.581,2.549,2.545
68,109,basic,147.962,103.544,147.896,103.476,2.024,2.026
68,110,basic,388.093,209.287,388.76,209.599,2.128,2.129
68,113,basic,384.375,242.97,384.336,242.872,2.323,2.324
68,113,gifted,134.08,122.771,134.08,122.771,,
68,115,basic,146.848,87.393,146.838,87.388,1.729,1.729
68,117,basic,253.409,161.988,254.044,162.28,2.309,2.314
68,117,gifted,89.159,81.639,89.159,81.639,,
68,118,basic,269.661,146.743,269.785,146.78,2.097,2.099
68,130,basic,657.935,394.718,657.59,394.613,1.733,1.731
68,201,basic,80.633,51.551,79.228,50.856,1.158,1.132
68,202,basic,169.16,88.296,195.043,101.228,1.669,1.709
68,203,basic,265.595,179.959,264.53,179.376,1.339,1.334
68,204,basic,180.866,125.835,382.957,266.874,1.475,1.493
68,207,basic,0.0,0.0,128.158,93.849,,1.05
68,208,basic,203.336,164.066,0.0,0.0,1.307,
68,209,basic,147.868,50.636,239.931,81.318,0.781,0.849
68,210,basic,192.558,80.965,0.0,0.0,1.41,
68,211,basic,72.519,44.753,256.384,162.152,1.105,1.354
68,212,gifted,206.214,188.821,206.214,188.821,,
68,215,basic,122.312,70.873,122.151,70.872,0.926,0.92
68,218,basic,160.166,95.8,209.862,122.715,0.767,0.917
68,220,basic,85.769,70.638,0.0,0.0,1.338,
68,221,basic,158.743,106.757,249.871,168.665,0.955,0.967
68,222,basic,147.849,86.269,184.492,110.779,2.137,1.986
68,225,basic,85.698,42.777,84.724,42.3,1.214,1.213
68,226,basic,263.23,166.305,262.434,167.156,1.366,1.315
68,229,basic,248.1,198.583,0.0,0.0,1.143,
68,230,basic,111.247,72.97,215.543,138.419,1.057,1.215
68,233,basic,285.642,171.725,286.704,172.319,0.842,0.844
68,234,basic,74.458,59.433,0.0,0.0,1.175,
68,235,basic,79.865,49.487,134.098,82.708,1.259,1.315
68,236,basic,47.861,42.317,102.368,82.472,1.063,1.535
68,239,basic,271.149,157.83,0.0,0.0,1.721,
68,241,basic,383.105,131.5,823.297,277.463,1.908,2.241
68,242,basic,163.551,110.659,0.0,0.0,1.242,
68,243,basic,218.007,112.424,297.938,152.707,0.987,1.03
68,244,basic,37.774,35.22,38.386,35.773,1.19,1.219
68,245,basic,323.752,275.715,457.685,382.652,1.251,1.382
68,246,basic,225.866,113.31,385.029,191.945,1.289,1.339
68,247,basic,365.535,122.917,1030.696,330.035,1.618,2.286
68,248,basic,143.455,88.755,0.0,0.0,0.894,
68,249,basic,32.444,24.161,35.762,26.504,0.891,0.924
68,250,basic,87.449,62.989,140.636,102.778,0.969,0.871
68,251,basic,133.184,63.388,160.526,75.807,1.418,1.456
68,252,basic,239.445,164.944,239.42,165.369,1.472,1.456
68,255,basic,86.993,55.753,283.378,176.52,0.87,1.07
68,257,basic,128.274,107.498,421.62,341.338,1.075,1.317
68,259,basic,164.703,117.245,0.0,0.0,1.388,
68,261,basic,174.346,158.311,233.508,203.86,1.08,1.391
68,262,basic,186.547,139.184,336.756,247.397,1.089,1.191
68,264,basic,82.437,36.825,0.0,0.0,0.943,
68,266,basic,101.953,79.029,106.899,82.748,0.908,0.916
68,267,basic,114.971,99.387,129.464,111.644,1.024,1.04
68,268,basic,110.544,105.017,0.0,0.0,1.06,
68,269,basic,107.952,101.359,226.796,212.177,1.015,1.367
68,270,basic,150.845,101.755,516.154,351.978,1.505,1.479
68,272,basic,41.778,39.272,0.0,0.0,1.122,
68,275,basic,98.608,92.623,209.185,195.916,1.167,1.272
68,276,basic,151.983,72.857,321.035,156.367,1.139,1.327
68,277,basic,123.09,78.0,127.15,80.328,1.019,1.039
68,279,basic,101.255,43.65,139.51,59.757,1.0,1.044
68,281,basic,63.398,41.121,146.131,88.204,0.843,1.327
68,282,basic,80.097,57.844,92.762,65.476,0.941,1.092
68,286,basic,174.936,109.882,305.31,197.59,1.884,1.777
68,287,gifted,190.0,173.975,0.0,0.0,,
68,288,basic,185.307,160.27,185.51,161.086,1.37,1.35
68,289,basic,154.92,134.048,0.0,0.0,1.378,
68,291,basic,370.717,262.385,621.598,434.982,2.293,2.379
68,292,basic,565.727,324.493,772.792,441.22,1.549,1.49
68,930,basic,398.658,360.427,824.07,752.059,2.373,2.277
68,935,basic,438.087,307.749,0.0,0.0,1.876,
68,939,basic,220.387,108.455,0.0,0.0,1.769,
68,949,basic,378.946,315.761,0.0,0.0,1.562,
68,955,basic,46.202,43.892,0.0,0.0,2.837,
68,971,gifted,516.382,472.828,704.582,645.155,,
68,972,basic,261.016,192.245,0.0,0.0,1.897,
68,974,basic,86.598,78.058,91.364,81.951,1.254,1.31
68,977,basic,232.718,172.028,234.694,173.116,1.299,1.314
69,103,basic,262.145,227.466,262.129,227.463,1.649,1.649
69,104,basic,128.463,51.386,128.771,51.426,2.282,2.289
69,105,basic,453.76,209.6,453.73,209.548,2.272,2.273
69,105,gifted,178.869,164.548,178.869,164.548,,
69,106,basic,463.713,283.017,464.024,283.076,1.746,1.748
69,106,gifted,117.771,108.342,117.771,108.342,,
69,107,basic,530.455,250.275,528.74,249.708,2.491,2.487
69,109,basic,152.544,100.137,152.462,100.061,2.042,2.043
69,110,basic,396.915,200.949,397.452,201.164,2.077,2.078
69,113,basic,377.466,224.066,377.464,223.986,2.311,2.312
69,113,gifted,131.86,121.303,131.86,121.303,,
69,115,basic,151.252,89.201,151.24,89.194,1.721,1.721
69,117,basic,255.402,150.037,255.94,150.215,2.286,2.29
69,117,gifted,89.61,82.436,89.61,82.436,,
69,118,basic,277.091,142.419,277.284,142.459,2.101,2.103
69,130,basic,664.88,384.457,664.611,384.384,1.692,1.691
69,201,basic,78.34,53.596,78.044,53.334,1.019,1.022
69,202,basic,169.628,87.735,194.931,99.812,1.563,1.604
69,203,basic,264.273,183.558,263.063,183.1,1.308,1.3
69,204,basic,180.546,127.942,378.654,266.628,1.373,1.438
69,207,basic,0.0,0.0,116.195,86.277,,1.039
69,208,basic,210.255,175.284,0.0,0.0,1.207,
69,209,basic,134.356,48.821,228.165,81.281,0.763,0.836
69,210,basic,192.761,81.145,0.0,0.0,1.337,
69,211,basic,70.22,45.86,249.042,162.761,1.071,1.338
69,212,gifted,205.786,189.311,205.786,189.311,,
69,215,basic,115.982,69.694,115.694,69.833,0.86,0.847
69,218,basic,157.433,102.04,210.575,130.849,0.756,0.912
69,220,basic,87.485,70.542,0.0,0.0,1.326,
69,221,basic,161.195,112.209,253.646,176.321,0.888,0.927
69,222,basic,143.662,82.007,177.809,104.838,1.937,1.83
69,225,basic,87.197,44.056,85.977,43.474,1.231,1.228
69,226,basic,256.195,162.169,254.994,164.038,1.214,1.158
69,229,basic,252.674,210.506,0.0,0.0,1.129,
69,230,basic,117.877,81.928,226.063,151.586,1.039,1.198
69,233,basic,276.076,177.998,276.941,178.494,0.81,0.811
69,234,basic,76.45,63.902,0.0,0.0,1.102,
69,235,basic,84.937,53.271,141.585,87.761,1.182,1.256
69,236,basic,52.581,45.451,109.534,85.771,1.038,1.436
69,239,basic,275.093,158.748,0.0,0.0,1.646,
69,241,basic,385.536,125.321,825.095,259.416,1.863,2.135
69,242,basic,159.923,111.431,0.0,0.0,1.196,
69,243,basic,215.53,118.046,294.236,159.332,0.958,1.004
69,244,basic,36.891,34.096,37.42,34.578,1.098,1.121
69,245,basic,322.331,273.186,460.086,377.659,1.224,1.361
69,246,basic,234.567,123.378,393.267,202.827,1.15,1.23
69,247,basic,373.301,122.279,1039.05,307.167,1.578,2.219
69,248,basic,149.391,99.029,0.0,0.0,0.882,
69,249,basic,34.583,27.276,38.127,29.834,0.841,0.871
69,250,basic,87.759,67.818,141.501,112.151,0.963,0.867
69,251,basic,132.414,62.752,159.819,74.852,1.323,1.364
69,252,basic,236.197,164.801,236.199,165.263,1.392,1.382
69,255,basic,86.881,60.394,280.505,185.455,0.831,1.032
69,257,basic,121.986,105.281,421.934,346.271,1.079,1.319
69,259,basic,163.31,121.111,0.0,0.0,1.307,
69,261,basic,170.257,153.981,230.005,196.059,1.043,1.351
69,262,basic,194.728,151.681,348.93,265.236,1.069,1.16
69,264,basic,76.942,34.972,0.0,0.0,0.923,
69,266,basic,108.145,88.907,113.522,93.076,0.866,0.875
69,267,basic,116.622,102.67,131.787,115.648,1.036,1.05
69,268,basic,109.735,104.249,0.0,0.0,1.067,
69,269,basic,102.056,94.841,221.896,203.605,1.032,1.369
69,270,basic,165.255,114.18,527.718,369.098,1.421,1.427
69,272,basic,43.756,40.907,0.0,0.0,1.063,
69,275,basic,97.484,90.696,206.456,190.647,1.142,1.248
69,276,basic,152.169,74.515,321.149,157.257,1.104,1.295
69,277,basic,131.781,89.243,135.487,91.382,1.003,1.017
69,279,basic,109.95,49.52,150.346,67.028,0.988,1.028
69,281,basic,66.209,46.819,143.888,90.808,0.808,1.234
69,282,basic,82.016,64.782,94.311,71.752,0.876,1.012
69,286,basic,177.697,107.636,308.061,191.028,1.691,1.654
69,287,gifted,190.0,174.789,0.0,0.0,,
69,288,basic,180.502,154.647,180.493,155.508,1.327,1.311
69,289,basic,152.554,134.47,0.0,0.0,1.369,
69,291,basic,379.304,251.094,630.496,412.417,2.231,2.278
69,292,basic,562.689,328.079,769.752,447.323,1.461,1.418
69,930,basic,399.402,343.141,824.925,720.462,2.331,2.232
69,935,basic,438.508,304.14,0.0,0.0,1.766,
69,939,basic,218.741,104.531,0.0,0.0,1.652,
69,949,basic,382.698,320.437,0.0,0.0,1.497,
69,955,basic,46.228,43.917,0.0,0.0,2.79,
69,971,gifted,516.089,474.771,704.232,647.852,,
69,972,basic,260.663,188.635,0.0,0.0,1.839,
69,974,basic,85.836,77.303,91.544,81.844,1.162,1.232
69,977,basic,236.459,180.838,237.22,181.075,1.279,1.287
70,103,basic,263.504,231.433,263.473,231.439,1.664,1.663
70,104,basic,121.154,48.696,121.432,48.741,2.156,2.163
70,105,basic,435.66,197.935,435.5,197.833,2.285,2.286
70,105,gifted,179.483,164.799,179.483,164.799,,
70,106,basic,465.667,275.433,465.949,275.506,1.762,1.764
70,106,gifted,118.407,108.72,118.407,108.72,,
70,107,basic,510.49,243.652,508.685,242.988,2.515,2.51
70,109,basic,149.228,101.274,149.201,101.225,1.963,1.965
70,110,basic,401.77,201.849,402.535,202.176,2.113,2.115
70,113,basic,389.419,234.999,389.432,234.943,2.269,2.27
70,113,gifted,133.761,122.818,133.761,122.818,,
70,115,basic,141.874,80.075,141.869,80.072,1.72,1.72
70,117,basic,246.787,149.034,247.889,149.528,2.316,2.322
70,117,gifted,88.877,81.606,88.877,81.606,,
70,118,basic,275.108,140.793,275.256,140.831,2.057,2.058
70,130,basic,674.966,383.086,674.438,382.967,1.734,1.732
70,201,basic,79.769,53.393,79.51,53.211,1.013,1.014
70,202,basic,169.567,88.766,194.955,101.239,1.62,1.668
70,203,basic,257.568,180.003,256.418,179.394,1.298,1.292
70,204,basic,174.128,124.951,375.121,268.675,1.437,1.481
70,207,basic,0.0,0.0,127.775,95.485,,1.109
70,208,basic,208.324,171.925,0.0,0.0,1.238,
70,209,basic,146.889,48.76,241.146,79.076,0.767,0.836
70,210,basic,191.016,78.084,0.0,0.0,1.426,
70,211,basic,74.067,46.585,258.586,162.204,1.104,1.336
70,212,gifted,206.372,189.488,206.372,189.488,,
70,215,basic,117.184,70.19,116.923,70.206,0.846,0.836
70,218,basic,154.143,93.829,206.263,122.055,0.778,0.936
70,220,basic,89.099,74.235,0.0,0.0,1.401,
70,221,basic,167.606,114.811,259.751,179.258,0.976,0.978
70,222,basic,133.488,81.969,168.064,105.804,1.864,1.762
70,225,basic,85.259,42.059,84.204,41.55,1.256,1.254
70,226,basic,258.045,167.306,257.192,168.248,1.295,1.248
70,229,basic,256.775,214.701,0.0,0.0,1.135,
70,230,basic,112.791,76.048,219.786,144.203,1.04,1.211
70,233,basic,280.619,172.315,281.456,172.786,0.831,0.833
70,234,basic,75.802,63.404,0.0,0.0,1.148,
70,235,basic,78.786,50.653,131.061,83.419,1.152,1.23
70,236,basic,50.23,44.403,104.095,86.859,1.139,1.412
70,239,basic,281.091,164.434,0.0,0.0,1.719,
70,241,basic,384.378,125.968,824.173,261.243,1.892,2.191
70,242,basic,160.063,111.966,0.0,0.0,1.208,
70,243,basic,213.39,110.218,291.715,149.607,0.988,1.03
70,244,basic,41.06,38.369,41.696,38.945,1.142,1.169
70,245,basic,323.758,287.101,456.234,395.782,1.219,1.36
70,246,basic,243.195,123.284,404.043,202.286,1.209,1.285
70,247,basic,372.847,120.711,1038.643,308.904,1.562,2.237
70,248,basic,147.342,93.342,0.0,0.0,0.892,
70,249,basic,31.83,24.744,34.97,27.026,0.882,0.915
70,250,basic,92.819,69.29,147.324,111.908,0.965,0.866
70,251,basic,133.004,62.769,160.18,74.93,1.382,1.42
70,252,basic,240.429,169.111,240.48,169.453,1.462,1.453
70,255,basic,87.851,57.872,282.065,179.709,0.858,1.056
70,257,basic,124.523,108.432,415.789,348.566,1.088,1.329
70,259,basic,167.809,123.881,0.0,0.0,1.341,
70,261,basic,187.414,171.653,246.323,217.864,1.125,1.421
70,262,basic,185.603,143.992,337.258,256.233,1.075,1.19
70,264,basic,78.842,34.898,0.0,0.0,0.927,
70,266,basic,102.551,82.868,107.534,86.778,0.899,0.906
70,267,basic,121.454,110.163,136.481,123.511,1.036,1.051
70,268,basic,113.23,107.569,0.0,0.0,1.069,
70,269,basic,103.867,97.955,222.842,210.277,1.019,1.379
70,270,basic,160.737,110.173,527.913,367.175,1.532,1.496
70,272,basic,41.092,38.714,0.0,0.0,1.087,
70,275,basic,93.937,88.461,204.789,193.065,1.175,1.286
70,276,basic,148.189,70.351,316.246,149.738,1.148,1.322
70,277,basic,132.071,85.505,136.216,87.889,1.02,1.038
70,279,basic,105.973,44.985,144.359,60.845,1.0,1.041
70,281,basic,69.971,46.994,146.03,90.81,0.804,1.233
70,282,basic,72.005,54.516,82.455,60.86,0.876,1.015
70,286,basic,174.88,110.695,303.365,197.44,1.858,1.786
70,287,gifted,190.0,174.455,0.0,0.0,,
70,288,basic,180.819,159.87,180.937,160.667,1.358,1.341
70,289,basic,152.268,132.121,0.0,0.0,1.338,
70,291,basic,371.435,261.773,624.481,433.5,2.225,2.34
70,292,basic,562.566,318.802,768.449,435.213,1.5,1.457
70,930,basic,399.408,363.27,824.971,756.179,2.38,2.282
70,935,basic,437.889,307.409,0.0,0.0,1.814,
70,939,basic,218.302,104.773,0.0,0.0,1.72,
70,949,basic,378.841,318.36,0.0,0.0,1.551,
70,955,basic,44.548,42.321,0.0,0.0,2.782,
70,971,gifted,515.815,473.614,703.989,646.393,,
70,972,basic,265.215,195.66,0.0,0.0,1.851,
70,974,basic,86.366,79.199,91.644,83.711,1.204,1.269
70,977,basic,244.749,187.309,246.211,188.085,1.296,1.307
71,103,basic,253.447,216.362,253.445,216.369,1.62,1.619
71,104,basic,133.582,57.567,133.852,57.612,2.267,2.272
71,105,basic,453.299,221.214,453.25,221.145,2.271,2.272
71,105,gifted,180.982,166.465,180.982,166.465,,
71,106,basic,452.794,277.68,453.083,277.743,1.763,1.765
71,106,gifted,116.293,106.964,116.293,106.964,,
71,107,basic,537.336,267.635,535.647,267.009,2.507,2.503
71,109,basic,138.342,91.086,138.219,90.991,2.057,2.058
71,110,basic,380.685,201.853,381.253,202.105,2.073,2.075
71,113,basic,385.797,232.951,385.807,232.886,2.306,2.307
71,113,gifted,131.995,121.407,131.995,121.407,,
71,115,basic,142.667,85.132,142.66,85.128,1.721,1.721
71,117,basic,252.666,151.803,253.322,152.051,2.305,2.309
71,117,gifted,89.097,81.951,89.097,81.951,,
71,118,basic,264.33,141.813,264.515,141.862,2.083,2.085
71,130,basic,664.163,395.36,663.84,395.276,1.67,1.669
71,201,basic,73.573,50.305,73.8,50.283,1.004,1.019
71,202,basic,162.028,88.977,186.966,101.665,1.518,1.567
71,203,basic,264.504,182.303,263.337,181.74,1.332,1.326
71,204,basic,177.85,125.203,377.849,264.779,1.399,1.459
71,207,basic,0.0,0.0,123.379,89.744,,1.101
71,208,basic,209.688,168.735,0.0,0.0,1.226,
71,209,basic,147.303,58.26,240.724,93.962,0.779,0.843
71,210,basic,192.079,86.833,0.0,0.0,1.369,
71,211,basic,71.129,46.031,253.035,164.202,1.115,1.35
71,212,gifted,205.985,189.463,205.985,189.463,,
71,215,basic,115.527,70.5,115.245,70.66,0.885,0.869
71,218,basic,151.835,98.038,201.66,126.293,0.761,0.908
71,220,basic,90.215,71.226,0.0,0.0,1.411,
71,221,basic,162.436,111.351,254.16,175.244,0.943,0.958
71,222,basic,139.086,81.878,174.048,105.545,1.927,1.814
71,225,basic,96.45,50.739,95.458,50.215,1.261,1.261
71,226,basic,262.227,166.213,261.297,167.552,1.314,1.262
71,229,basic,253.438,204.371,0.0,0.0,1.135,
71,230,basic,104.834,72.288,212.474,141.94,1.033,1.208
71,233,basic,275.955,177.546,276.598,177.933,0.828,0.829
71,234,basic,79.027,63.192,0.0,0.0,1.176,
71,235,basic,87.954,56.017,144.942,91.516,1.205,1.273
71,236,basic,45.806,39.674,97.746,77.746,1.038,1.383
71,239,basic,272.544,160.918,0.0,0.0,1.693,
71,241,basic,384.595,141.18,824.614,293.037,1.873,2.157
71,242,basic,159.4,110.391,0.0,0.0,1.219,
71,243,basic,221.487,123.774,300.374,166.501,0.986,1.028
71,244,basic,37.453,34.593,37.991,35.06,1.119,1.146
71,245,basic,320.705,266.083,451.035,365.154,1.245,1.375
71,246,basic,224.492,122.371,383.507,205.848,1.164,1.245
71,247,basic,370.844,136.678,1036.845,349.322,1.581,2.246
71,248,basic,144.779,95.72,0.0,0.0,0.879,
71,249,basic,30.064,22.949,33.389,25.33,0.885,0.916
71,250,basic,88.214,66.214,145.095,111.211,0.967,0.865
71,251,basic,131.147,65.735,158.277,78.297,1.357,1.408
71,252,basic,238.953,165.996,238.954,166.358,1.411,1.401
71,255,basic,92.088,63.043,287.406,189.622,0.846,1.036
71,257,basic,118.567,100.053,412.757,331.132,1.044,1.308
71,259,basic,162.638,119.203,0.0,0.0,1.293,
71,261,basic,166.477,148.819,225.09,190.576,1.057,1.364
71,262,basic,182.932,139.528,334.941,249.635,1.064,1.175
71,264,basic,79.47,38.633,0.0,0.0,0.916,
71,266,basic,108.385,85.796,113.615,89.795,0.895,0.902
71,267,basic,116.11,99.553,131.291,112.182,1.019,1.035
71,268,basic,109.954,104.456,0.0,0.0,1.059,
71,269,basic,103.445,95.497,222.83,201.709,1.042,1.371
71,270,basic,156.746,108.789,517.979,360.267,1.395,1.433
71,272,basic,41.438,38.776,0.0,0.0,1.054,
71,275,basic,91.746,84.801,199.501,182.691,1.15,1.259
71,276,basic,150.593,76.721,318.39,162.877,1.165,1.323
71,277,basic,128.273,85.957,131.861,88.061,1.014,1.03
71,279,basic,105.603,50.212,144.987,68.424,1.005,1.044
71,281,basic,72.586,50.604,148.962,95.436,0.8,1.207
71,282,basic,75.274,57.628,86.794,64.435,0.868,1.013
71,286,basic,176.61,108.009,306.421,191.537,1.77,1.739
71,287,gifted,190.0,174.76,0.0,0.0,,
71,288,basic,184.002,155.437,183.977,156.14,1.325,1.308
71,289,basic,158.128,134.884,0.0,0.0,1.357,
71,291,basic,376.702,252.358,627.736,414.654,2.192,2.281
71,292,basic,563.418,334.111,769.266,455.306,1.472,1.43
71,930,basic,399.071,341.951,824.557,718.055,2.299,2.199
71,935,basic,437.309,302.032,0.0,0.0,1.787,
71,939,basic,218.9,110.721,0.0,0.0,1.679,
71,949,basic,378.503,308.967,0.0,0.0,1.534,
71,955,basic,44.552,42.325,0.0,0.0,2.793,
71,971,gifted,515.87,474.49,703.917,647.454,,
71,972,basic,255.046,183.502,0.0,0.0,1.832,
71,974,basic,90.036,80.311,94.766,83.893,1.192,1.251
71,977,basic,246.241,183.083,245.51,182.66,1.325,1.322
72,103,basic,263.333,235.485,263.369,235.524,1.694,1.694
72,104,basic,117.477,45.902,117.666,45.944,2.2,2.204
72,105,basic,441.245,197.073,441.199,197.018,2.298,2.299
72,105,gifted,179.387,164.711,179.387,164.711,,
72,106,basic,461.07,271.261,461.395,271.331,1.803,1.806
72,106,gifted,116.255,106.744,116.255,106.744,,
72,107,basic,522.69,248.751,520.902,248.097,2.504,2.5
72,109,basic,138.013,94.747,137.871,94.654,2.012,2.011
72,110,basic,398.976,199.817,399.509,200.041,2.157,2.158
72,113,basic,395.401,239.602,395.364,239.552,2.287,2.287
72,113,gifted,136.433,125.271,136.433,125.271,,
72,115,basic,152.547,85.419,152.543,85.417,1.731,1.731
72,117,basic,255.165,155.911,255.75,156.147,2.359,2.364
72,117,gifted,89.352,82.042,89.352,82.042,,
72,118,basic,267.452,135.079,267.63,135.126,2.104,2.106
72,130,basic,666.952,383.971,666.703,383.901,1.718,1.717
72,201,basic,77.941,52.718,78.516,52.871,0.984,1.007
72,202,basic,168.571,87.691,194.242,100.22,1.654,1.702
72,203,basic,250.709,177.107,249.475,176.474,1.304,1.297
72,204,basic,172.402,125.938,370.953,270.787,1.439,1.476
72,207,basic,0.0,0.0,122.344,95.227,,1.062
72,208,basic,197.829,167.447,0.0,0.0,1.243,
72,209,basic,163.243,52.041,258.782,81.504,0.775,0.844
72,210,basic,192.274,78.097,0.0,0.0,1.389,
72,211,basic,75.871,47.585,259.12,161.383,1.119,1.36
72,212,gifted,205.394,188.59,205.394,188.59,,
72,215,basic,117.109,70.117,116.701,70.264,0.918,0.896
72,218,basic,156.693,95.177,207.651,122.869,0.77,0.918
72,220,basic,83.559,70.48,0.0,0.0,1.399,
72,221,basic,167.619,115.593,260.085,182.336,1.066,1.029
72,222,basic,137.291,83.441,171.495,107.199,1.992,1.867
72,225,basic,79.72,39.114,78.583,38.567,1.234,1.233
72,226,basic,253.286,169.33,252.069,170.198,1.294,1.241
72,229,basic,252.38,215.613,0.0,0.0,1.148,
72,230,basic,107.213,72.418,215.029,141.353,1.041,1.214
72,233,basic,281.151,172.48,282.275,173.115,0.843,0.845
72,234,basic,81.122,68.413,0.0,0.0,1.241,
72,235,basic,79.623,51.737,134.968,86.978,1.195,1.267
72,236,basic,43.466,39.317,94.291,79.739,1.077,1.408
72,239,basic,285.152,167.404,0.0,0.0,1.738,
72,241,basic,386.633,122.491,826.066,254.607,1.941,2.201
72,242,basic,157.486,111.293,0.0,0.0,1.243,
72,243,basic,216.623,110.651,295.419,149.853,0.981,1.022
72,244,basic,34.365,32.109,34.903,32.618,1.184,1.208
72,245,basic,317.293,286.899,443.633,394.954,1.265,1.385
72,246,basic,233.855,117.641,396.41,196.992,1.204,1.28
72,247,basic,372.131,115.572,1038.562,297.245,1.623,2.281
72,248,basic,150.431,95.215,0.0,0.0,0.896,
72,249,basic,28.824,22.848,32.197,25.377,0.909,0.944
72,250,basic,83.175,62.581,139.034,106.341,0.964,0.87
72,251,basic,132.412,62.298,159.722,74.107,1.411,1.47
72,252,basic,251.294,179.214,251.318,179.52,1.503,1.494
72,255,basic,87.56,57.737,281.706,179.441,0.851,1.059
72,257,basic,119.766,107.076,415.855,359.482,1.079,1.32
72,259,basic,163.316,123.113,0.0,0.0,1.289,
72,261,basic,170.689,158.26,231.177,208.233,1.088,1.418
72,262,basic,188.006,149.028,341.477,265.387,1.072,1.183
72,264,basic,80.769,35.579,0.0,0.0,0.941,
72,266,basic,108.081,89.327,113.49,93.671,0.928,0.935
72,267,basic,120.974,112.97,136.707,127.464,1.038,1.052
72,268,basic,110.873,105.329,0.0,0.0,1.068,
72,269,basic,107.894,101.856,228.503,216.385,1.083,1.412
72,270,basic,164.31,114.426,530.932,373.848,1.499,1.478
72,272,basic,40.692,38.444,0.0,0.0,1.044,
72,275,basic,91.379,86.377,200.086,189.591,1.185,1.289
72,276,basic,156.278,74.526,326.236,154.069,1.104,1.304
72,277,basic,127.9,82.737,131.304,84.71,1.015,1.03
72,279,basic,105.445,43.733,143.099,59.008,1.006,1.041
72,281,basic,61.365,41.072,136.076,84.121,0.818,1.271
72,282,basic,70.962,54.107,81.319,60.394,0.866,1.012
72,286,basic,177.983,114.999,306.746,204.211,1.948,1.858
72,287,gifted,190.0,174.456,0.0,0.0,,
72,288,basic,179.889,158.977,179.908,159.857,1.428,1.404
72,289,basic,155.919,136.143,0.0,0.0,1.348,
72,291,basic,371.258,267.514,621.457,445.097,2.242,2.315
72,292,basic,566.532,319.829,772.491,436.892,1.512,1.459
72,930,basic,399.238,366.612,824.894,763.336,2.383,2.27
72,935,basic,437.373,310.542,0.0,0.0,1.817,
72,939,basic,222.362,107.277,0.0,0.0,1.7,
72,949,basic,376.244,319.953,0.0,0.0,1.547,
72,955,basic,45.028,42.776,0.0,0.0,2.787,
72,971,gifted,515.89,473.685,703.927,646.339,,
72,972,basic,253.081,190.15,0.0,0.0,1.851,
72,974,basic,88.444,81.085,93.124,85.299,1.271,1.321
72,977,basic,241.06,185.86,239.597,184.978,1.34,1.333
73,103,basic,262.749,243.358,262.745,243.357,1.657,1.657
73,104,basic,128.91,51.477,129.122,51.515,2.276,2.282
73,105,basic,444.275,207.045,444.163,206.967,2.34,2.341
73,105,gifted,183.013,167.736,183.013,167.736,,
73,106,basic,458.471,279.984,458.668,280.041,1.768,1.77
73,106,gifted,117.452,107.647,117.452,107.647,,
73,107,basic,528.029,264.082,526.318,263.374,2.515,2.511
73,109,basic,151.228,105.896,151.078,105.782,2.142,2.142
73,110,basic,392.452,206.599,392.937,206.823,2.1,2.101
73,113,basic,384.762,243.162,384.8,243.104,2.357,2.359
73,113,gifted,133.764,122.597,133.764,122.597,,
73,115,basic,163.229,93.196,163.219,93.191,1.765,1.765
73,117,basic,261.681,168.873,262.152,169.094,2.342,2.346
73,117,gifted,90.02,82.505,90.02,82.505,,
73,118,basic,260.039,136.648,260.149,136.681,2.088,2.09
73,130,basic,667.462,390.191,667.22,390.098,1.755,1.754
73,201,basic,78.957,51.572,79.573,51.793,0.982,1.006
73,202,basic,167.853,85.325,193.581,97.76,1.717,1.769
73,203,basic,246.252,169.927,244.929,169.194,1.319,1.312
73,204,basic,169.442,121.482,367.438,263.275,1.467,1.497
73,207,basic,0.0,0.0,126.415,93.571,,1.184
73,208,basic,206.023,173.315,0.0,0.0,1.28,
73,209,basic,144.693,42.529,237.559,69.23,0.79,0.855
73,210,basic,192.792,74.899,0.0,0.0,1.449,
73,211,basic,83.052,50.115,266.978,164.574,1.139,1.362
73,212,gifted,206.045,188.845,206.045,188.845,,
73,215,basic,117.65,65.624,117.114,65.721,0.989,0.956
73,218,basic,155.18,89.234,205.916,116.078,0.773,0.924
73,220,basic,93.132,77.885,0.0,0.0,1.606,
73,221,basic,168.612,111.832,257.123,173.254,1.107,1.04
73,222,basic,142.279,83.342,177.225,107.068,2.364,2.164
73,225,basic,86.031,40.474,84.903,39.958,1.261,1.259
73,226,basic,257.3,164.9,256.245,165.584,1.408,1.349
73,229,basic,249.027,207.425,0.0,0.0,1.157,
73,230,basic,110.491,71.936,220.009,140.566,1.061,1.219
73,233,basic,283.328,164.852,283.779,165.126,0.848,0.848
73,234,basic,75.435,62.21,0.0,0.0,1.246,
73,235,basic,81.02,50.342,135.799,84.022,1.261,1.315
73,236,basic,50.577,45.953,106.79,89.126,1.116,1.639
73,239,basic,281.287,163.269,0.0,0.0,1.747,
73,241,basic,384.687,119.035,823.77,251.692,1.97,2.272
73,242,basic,158.986,108.59,0.0,0.0,1.256,
73,243,basic,214.095,104.15,290.959,140.864,0.984,1.022
73,244,basic,37.347,35.107,37.9,35.631,1.218,1.242
73,245,basic,319.635,288.249,444.958,395.982,1.265,1.381
73,246,basic,217.894,105.658,376.822,180.533,1.186,1.282
73,247,basic,369.489,110.244,1034.629,295.86,1.663,2.326
73,248,basic,148.035,89.112,0.0,0.0,0.895,
73,249,basic,31.232,23.664,34.413,25.98,0.897,0.926
73,250,basic,93.564,67.698,147.717,108.356,0.987,0.882
73,251,basic,133.695,60.702,161.3,72.221,1.447,1.525
73,252,basic,243.137,171.899,243.058,172.221,1.522,1.506
73,255,basic,86.631,54.376,282.173,172.717,0.866,1.067
73,257,basic,122.312,107.671,418.793,356.968,1.085,1.345
73,259,basic,166.853,122.71,0.0,0.0,1.333,
73,261,basic,184.419,171.5,246.131,223.486,1.128,1.463
73,262,basic,187.52,143.844,339.275,256.001,1.071,1.195
73,264,basic,82.74,34.208,0.0,0.0,0.932,
73,266,basic,106.008,84.573,111.206,88.629,0.915,0.922
73,267,basic,112.811,102.956,127.415,116.077,1.028,1.043
73,268,basic,112.676,107.042,0.0,0.0,1.066,
73,269,basic,103.519,97.998,223.237,211.714,1.093,1.411
73,270,basic,157.941,108.673,515.579,358.235,1.525,1.488
73,272,basic,39.628,37.554,0.0,0.0,1.06,
73,275,basic,97.77,92.599,207.91,197.207,1.184,1.299
73,276,basic,150.908,68.168,319.126,146.167,1.143,1.333
73,277,basic,126.885,79.081,130.804,81.319,1.014,1.033
73,279,basic,102.103,40.067,139.985,54.622,1.002,1.047
73,281,basic,64.666,41.22,138.732,83.376,0.818,1.266
73,282,basic,75.519,54.983,87.63,62.454,0.924,1.084
73,286,basic,180.102,112.235,309.175,200.344,2.304,2.094
73,287,gifted,190.0,174.139,0.0,0.0,,
73,288,basic,173.877,154.876,173.719,155.489,1.469,1.44
73,289,basic,156.783,139.433,0.0,0.0,1.374,
73,291,basic,376.31,275.502,626.838,458.724,2.514,2.539
73,292,basic,561.237,315.954,765.693,428.426,1.51,1.464
73,930,basic,399.489,372.3,824.874,772.693,2.447,2.333
73,935,basic,437.623,315.159,0.0,0.0,1.926,
73,939,basic,219.218,103.577,0.0,0.0,1.811,
73,949,basic,376.509,323.151,0.0,0.0,1.627,
73,955,basic,44.631,42.399,0.0,0.0,2.816,
73,971,gifted,515.024,472.031,703.024,644.337,,
73,972,basic,264.928,203.124,0.0,0.0,1.911,
73,974,basic,85.051,78.381,90.148,83.076,1.303,1.351
73,977,basic,238.019,180.126,238.343,180.268,1.338,1.342
74,103,basic,275.804,249.442,275.807,249.447,1.668,1.668
74,104,basic,138.547,58.092,138.815,58.155,2.576,2.584
74,105,basic,458.026,226.432,457.972,226.383,2.422,2.423
74,105,gifted,181.811,166.761,181.811,166.761,,
74,106,basic,455.477,282.468,455.76,282.574,1.795,1.797
74,106,gifted,116.262,106.638,116.262,106.638,,
74,107,basic,494.415,260.263,492.621,259.444,2.525,2.52
74,109,basic,153.466,106.866,153.35,106.779,2.152,2.153
74,110,basic,406.375,220.341,406.813,220.554,2.177,2.178
74,113,basic,391.062,251.925,391.073,251.875,2.383,2.385
74,113,gifted,134.485,123.353,134.485,123.353,,
74,115,basic,143.215,84.523,143.211,84.521,1.732,1.732
74,117,basic,258.563,167.915,258.904,168.082,2.358,2.361
74,117,gifted,89.891,82.45,89.891,82.45,,
74,118,basic,270.759,147.602,270.901,147.655,2.143,2.145
74,130,basic,674.295,397.856,674.113,397.779,1.794,1.793
74,201,basic,79.448,50.516,78.859,50.15,1.162,1.16
74,202,basic,172.7,89.01,198.384,101.879,1.872,1.909
74,203,basic,244.449,165.666,243.195,164.976,1.356,1.347
74,204,basic,176.975,123.99,379.737,266.348,1.486,1.497
74,207,basic,0.0,0.0,115.377,82.278,,1.163
74,208,basic,208.606,168.582,0.0,0.0,1.291,
74,209,basic,143.851,46.374,233.308,74.716,0.782,0.846
74,210,basic,192.161,78.929,0.0,0.0,1.488,
74,211,basic,75.624,45.938,260.297,162.479,1.107,1.372
74,212,gifted,205.557,188.541,205.557,188.541,,
74,215,basic,120.445,66.845,120.161,66.863,0.97,0.951
74,218,basic,155.204,89.597,206.644,117.293,0.773,0.937
74,220,basic,87.476,71.659,0.0,0.0,1.5,
74,221,basic,166.136,107.614,257.872,168.65,1.109,1.057
74,222,basic,147.12,86.936,181.33,109.993,2.499,2.274
74,225,basic,83.324,40.625,82.168,40.076,1.261,1.258
74,226,basic,259.986,163.916,258.992,164.141,1.377,1.328
74,229,basic,237.786,189.364,0.0,0.0,1.154,
74,230,basic,97.489,63.304,202.835,129.45,1.033,1.214
74,233,basic,279.257,162.423,280.254,162.975,0.847,0.849
74,234,basic,71.204,56.319,0.0,0.0,1.23,
74,235,basic,76.167,46.219,130.834,79.47,1.358,1.372
74,236,basic,52.893,47.045,109.194,91.329,1.096,1.538
74,239,basic,284.056,166.134,0.0,0.0,1.795,
74,241,basic,385.494,132.34,825.951,280.455,1.926,2.299
74,242,basic,157.821,105.639,0.0,0.0,1.245,
74,243,basic,217.55,109.218,296.739,148.343,0.975,1.018
74,244,basic,37.345,35.191,37.821,35.63,1.159,1.186
74,245,basic,321.61,273.65,452.884,380.121,1.26,1.398
74,246,basic,225.075,111.88,382.506,189.134,1.246,1.303
74,247,basic,359.297,119.247,1025.188,330.576,1.617,2.323
74,248,basic,146.549,87.894,0.0,0.0,0.91,
74,249,basic,29.592,21.386,32.976,23.745,0.919,0.955
74,250,basic,86.748,61.475,140.051,100.221,0.979,0.883
74,251,basic,126.428,59.445,153.267,71.457,1.442,1.505
74,252,basic,238.443,166.005,238.444,166.247,1.513,1.5
74,255,basic,88.237,54.992,286.644,175.199,0.885,1.084
74,257,basic,122.072,101.989,414.883,338.331,1.079,1.323
74,259,basic,159.017,114.609,0.0,0.0,1.338,
74,261,basic,180.179,164.122,240.666,213.15,1.155,1.471
74,262,basic,191.526,141.376,346.599,252.452,1.084,1.213
74,264,basic,79.007,33.757,0.0,0.0,0.935,
74,266,basic,103.423,78.347,108.388,82.051,0.957,0.963
74,267,basic,116.68,98.846,132.015,111.67,1.041,1.055
74,268,basic,107.259,101.896,0.0,0.0,1.072,
74,269,basic,109.141,103.107,227.125,214.647,1.075,1.387
74,270,basic,165.176,111.129,534.314,365.343,1.675,1.554
74,272,basic,42.641,40.373,0.0,0.0,1.096,
74,275,basic,97.259,92.028,207.662,196.769,1.185,1.296
74,276,basic,152.44,71.146,319.769,152.177,1.132,1.323
74,277,basic,123.247,76.767,127.206,79.065,1.024,1.044
74,279,basic,100.934,41.876,137.83,56.979,1.017,1.053
74,281,basic,69.121,43.74,145.74,88.123,0.817,1.262
74,282,basic,77.48,55.343,88.323,62.165,0.907,1.05
74,286,basic,176.051,111.284,306.541,198.259,2.172,2.026
74,287,gifted,190.0,174.272,0.0,0.0,,
74,288,basic,184.327,163.213,184.44,163.682,1.389,1.371
74,289,basic,155.024,134.615,0.0,0.0,1.394,
74,291,basic,378.393,276.447,631.186,459.875,2.548,2.567
74,292,basic,564.999,323.319,769.416,437.41,1.555,1.498
74,930,basic,399.457,371.369,824.931,771.243,2.454,2.339
74,935,basic,437.713,313.877,0.0,0.0,1.969,
74,939,basic,219.925,107.37,0.0,0.0,1.859,
74,949,basic,380.106,319.962,0.0,0.0,1.626,
74,955,basic,45.87,43.576,0.0,0.0,2.758,
74,971,gifted,516.216,473.485,704.388,646.08,,
74,972,basic,263.763,199.103,0.0,0.0,1.969,
74,974,basic,83.434,76.634,88.852,81.28,1.25,1.315
74,977,basic,241.4,178.19,241.816,178.371,1.325,1.332
75,103,basic,264.342,224.738,264.371,224.762,1.64,1.64
75,104,basic,131.467,51.521,131.686,51.577,2.581,2.585
75,105,basic,477.566,224.912,477.56,224.877,2.329,2.33
75,105,gifted,186.225,170.086,186.225,170.086,,
75,106,basic,463.917,271.494,464.265,271.577,1.825,1.828
75,106,gifted,117.097,106.948,117.097,106.948,,
75,107,basic,529.074,259.592,527.32,258.894,2.526,2.521
75,109,basic,154.067,99.479,153.872,99.373,2.126,2.125
75,110,basic,394.026,200.108,394.359,200.251,2.159,2.16
75,113,basic,389.847,232.978,389.771,232.902,2.35,2.35
75,113,gifted,135.887,124.11,135.887,124.11,,
75,115,basic,139.01,79.115,139.006,79.113,1.71,1.71
75,117,basic,258.65,153.935,258.905,154.03,2.361,2.364
75,117,gifted,89.889,82.099,89.889,82.099,,
75,118,basic,269.178,138.665,269.33,138.71,2.144,2.146
75,130,basic,665.162,373.925,665.017,373.871,1.744,1.744
75,201,basic,82.137,55.466,81.725,55.18,1.058,1.058
75,202,basic,170.335,91.919,196.467,105.329,1.712,1.76
75,203,basic,253.283,179.242,252.153,178.589,1.284,1.279
75,204,basic,178.137,128.453,378.533,272.467,1.437,1.479
75,207,basic,0.0,0.0,130.664,96.171,,1.108
75,208,basic,199.294,159.567,0.0,0.0,1.298,
75,209,basic,141.37,50.864,235.482,83.897,0.783,0.849
75,210,basic,192.91,84.494,0.0,0.0,1.408,
75,211,basic,75.473,48.406,260.784,164.622,1.115,1.371
75,212,gifted,205.758,187.926,205.758,187.926,,
75,215,basic,115.148,68.151,115.035,68.243,0.895,0.884
75,218,basic,154.976,96.328,205.33,124.664,0.768,0.927
75,220,basic,89.452,74.046,0.0,0.0,1.419,
75,221,basic,165.766,110.489,257.863,174.44,1.088,1.041
75,222,basic,138.553,84.866,173.966,109.22,2.07,1.938
75,225,basic,85.001,44.026,84.06,43.547,1.248,1.247
75,226,basic,256.11,165.116,255.099,165.799,1.324,1.272
75,229,basic,240.299,197.182,0.0,0.0,1.156,
75,230,basic,113.407,77.545,220.777,147.957,1.051,1.205
75,233,basic,276.95,172.165,278.054,172.802,0.848,0.85
75,234,basic,76.114,61.927,0.0,0.0,1.222,
75,235,basic,86.198,54.821,142.667,90.226,1.24,1.301
75,236,basic,47.411,42.039,100.523,82.766,1.094,1.483
75,239,basic,275.133,165.593,0.0,0.0,1.749,
75,241,basic,384.031,138.567,824.059,286.74,1.912,2.228
75,242,basic,161.901,112.992,0.0,0.0,1.218,
75,243,basic,214.109,115.557,292.849,157.114,0.978,1.021
75,244,basic,35.97,33.628,36.585,34.184,1.142,1.175
75,245,basic,319.702,275.58,447.671,378.695,1.23,1.368
75,246,basic,232.68,123.09,390.244,204.585,1.22,1.287
75,247,basic,360.915,128.065,1026.475,336.948,1.607,2.283
75,248,basic,147.226,94.641,0.0,0.0,0.889,
75,249,basic,30.086,22.771,33.437,25.184,0.904,0.938
75,250,basic,85.65,64.086,141.851,107.596,0.966,0.872
75,251,basic,133.989,65.757,161.675,78.382,1.426,1.488
75,252,basic,245.429,173.845,245.512,174.068,1.498,1.492
75,255,basic,87.388,58.325,282.183,183.106,0.859,1.061
75,257,basic,119.598,102.337,415.167,343.853,1.095,1.331
75,259,basic,161.102,119.91,0.0,0.0,1.341,
75,261,basic,170.447,156.17,228.187,201.859,1.072,1.379
75,262,basic,185.55,142.213,337.815,254.466,1.085,1.202
75,264,basic,83.17,37.925,0.0,0.0,0.979,
75,266,basic,104.067,82.243,109.105,86.095,0.916,0.925
75,267,basic,122.274,106.516,137.179,119.212,1.024,1.04
75,268,basic,108.285,102.871,0.0,0.0,1.065,
75,269,basic,104.397,98.237,224.083,210.366,1.024,1.383
75,270,basic,155.189,108.622,523.561,370.947,1.535,1.492
75,272,basic,40.583,38.278,0.0,0.0,1.062,
75,275,basic,93.885,88.39,203.489,191.506,1.162,1.261
75,276,basic,155.135,77.076,322.574,158.284,1.123,1.313
75,277,basic,124.25,82.291,127.967,84.538,1.006,1.023
75,279,basic,96.637,43.509,136.035,60.908,1.016,1.056
75,281,basic,74.126,50.265,152.487,97.183,0.811,1.233
75,282,basic,81.332,61.535,93.036,68.921,0.897,1.038
75,286,basic,179.646,108.891,309.128,195.219,2.202,2.011
75,287,gifted,190.0,173.534,0.0,0.0,,
75,288,basic,193.465,168.66,193.701,169.501,1.418,1.399
75,289,basic,158.686,134.527,0.0,0.0,1.364,
75,291,basic,373.601,258.936,624.111,433.675,2.381,2.405
75,292,basic,565.95,326.569,772.27,447.389,1.537,1.481
75,930,basic,399.055,362.535,824.597,755.114,2.383,2.277
75,935,basic,437.221,306.653,0.0,0.0,1.881,
75,939,basic,218.299,108.379,0.0,0.0,1.738,
75,949,basic,379.154,314.019,0.0,0.0,1.544,
75,955,basic,45.509,43.234,0.0,0.0,2.745,
75,971,gifted,515.471,470.798,703.589,642.612,,
75,972,basic,260.266,191.965,0.0,0.0,1.875,
75,974,basic,88.113,80.546,92.935,84.68,1.248,1.302
75,977,basic,229.354,175.125,230.273,175.661,1.312,1.319
76,103,basic,267.439,240.664,267.47,240.693,1.676,1.676
76,104,basic,137.544,52.184,137.81,52.241,2.707,2.712
76,105,basic,482.819,229.836,482.806,229.793,2.381,2.382
76,105,gifted,186.307,170.534,186.307,170.534,,
76,106,basic,462.813,279.413,463.168,279.507,1.835,1.837
76,106,gifted,115.655,105.863,115.655,105.863,,
76,107,basic,501.31,253.361,499.561,252.649,2.49,2.485
76,109,basic,142.915,95.496,142.748,95.395,2.199,2.199
76,110,basic,406.243,207.14,406.624,207.305,2.125,2.126
76,113,basic,393.299,245.445,393.284,245.382,2.392,2.393
76,113,gifted,134.642,123.242,134.642,123.242,,
76,115,basic,141.52,83.174,141.511,83.168,1.731,1.731
76,117,basic,255.077,157.32,255.357,157.427,2.334,2.337
76,117,gifted,89.027,81.49,89.027,81.49,,
76,118,basic,275.219,144.443,275.389,144.494,2.17,2.171
76,130,basic,671.852,380.782,671.685,380.719,1.737,1.736
76,201,basic,75.068,49.263,74.779,49.044,1.101,1.104
76,202,basic,171.318,87.898,196.694,100.272,1.729,1.774
76,203,basic,257.512,179.694,256.226,179.0,1.295,1.287
76,204,basic,182.632,131.479,382.538,274.096,1.405,1.465
76,207,basic,0.0,0.0,122.548,86.78,,1.1
76,208,basic,209.547,171.3,0.0,0.0,1.277,
76,209,basic,156.165,48.888,250.524,77.631,0.771,0.838
76,210,basic,191.163,75.495,0.0,0.0,1.395,
76,211,basic,75.742,47.38,257.954,164.567,1.103,1.374
76,212,gifted,205.917,188.483,205.917,188.483,,
76,215,basic,122.137,66.236,121.91,66.344,0.956,0.94
76,218,basic,161.178,95.56,211.497,122.739,0.784,0.925
76,220,basic,88.356,73.391,0.0,0.0,1.442,
76,221,basic,165.184,104.097,256.93,164.421,1.074,1.028
76,222,basic,153.622,88.034,188.283,111.631,2.375,2.182
76,225,basic,95.18,46.17,94.175,45.695,1.25,1.249
76,226,basic,262.22,158.226,261.257,158.757,1.343,1.298
76,229,basic,249.678,206.025,0.0,0.0,1.149,
76,230,basic,116.386,78.48,225.183,148.522,1.047,1.21
76,233,basic,283.338,168.097,284.206,168.574,0.835,0.836
76,234,basic,77.535,64.254,0.0,0.0,1.15,
76,235,basic,92.255,55.405,148.96,89.166,1.269,1.317
76,236,basic,47.662,42.336,102.552,82.316,1.056,1.572
76,239,basic,282.388,165.021,0.0,0.0,1.758,
76,241,basic,384.15,123.509,824.464,258.841,1.91,2.264
76,242,basic,156.835,106.833,0.0,0.0,1.229,
76,243,basic,219.783,111.143,299.679,150.617,0.989,1.032
76,244,basic,34.807,32.63,35.383,33.149,1.151,1.186
76,245,basic,318.585,271.306,446.957,373.971,1.256,1.38
76,246,basic,231.816,115.599,390.397,192.706,1.206,1.279
76,247,basic,369.514,115.588,1035.405,307.515,1.62,2.295
76,248,basic,147.868,92.059,0.0,0.0,0.888,
76,249,basic,33.534,24.913,36.869,27.257,0.876,0.909
76,250,basic,82.83,61.807,138.334,104.734,0.966,0.869
76,251,basic,125.812,56.723,152.136,67.637,1.358,1.43
76,252,basic,239.131,167.828,239.181,167.999,1.417,1.412
76,255,basic,87.879,57.202,280.807,177.862,0.862,1.052
76,257,basic,119.743,103.209,412.186,342.525,1.059,1.313
76,259,basic,161.17,121.026,0.0,0.0,1.317,
76,261,basic,174.293,160.535,233.366,207.796,1.087,1.401
76,262,basic,187.269,141.948,337.195,250.976,1.081,1.2
76,264,basic,81.195,32.871,0.0,0.0,0.944,
76,266,basic,106.29,82.194,111.572,86.172,0.915,0.922
76,267,basic,122.335,105.784,137.273,118.448,1.029,1.043
76,268,basic,112.396,106.776,0.0,0.0,1.075,
76,269,basic,101.826,95.905,220.531,208.049,1.083,1.399
76,270,basic,159.195,110.769,529.072,374.016,1.571,1.513
76,272,basic,40.75,38.54,0.0,0.0,1.059,
76,275,basic,90.085,85.181,195.584,185.092,1.144,1.267
76,276,basic,152.231,68.609,319.343,146.081,1.142,1.33
76,277,basic,120.236,77.719,124.043,79.944,1.021,1.04
76,279,basic,107.05,43.743,145.36,59.1,1.018,1.053
76,281,basic,69.951,46.492,143.808,89.675,0.801,1.219
76,282,basic,81.885,61.797,94.516,69.679,0.926,1.078
76,286,basic,181.539,108.101,311.047,190.759,2.025,1.914
76,287,gifted,190.0,173.914,0.0,0.0,,
76,288,basic,178.522,157.745,178.486,158.315,1.431,1.412
76,289,basic,155.446,141.64,0.0,0.0,1.381,
76,291,basic,376.929,266.086,627.379,441.755,2.38,2.415
76,292,basic,564.287,321.321,771.446,437.212,1.54,1.483
76,930,basic,399.167,369.284,824.677,768.185,2.438,2.325
76,935,basic,437.275,314.782,0.0,0.0,1.926,
76,939,basic,222.488,104.365,0.0,0.0,1.748,
76,949,basic,378.971,329.1,0.0,0.0,1.574,
76,955,basic,44.531,42.304,0.0,0.0,2.819,
76,971,gifted,515.629,471.974,703.667,644.092,,
76,972,basic,260.211,197.885,0.0,0.0,1.917,
76,974,basic,87.222,80.58,91.831,84.686,1.24,1.3
76,977,basic,239.325,183.084,239.287,183.018,1.349,1.35
77,103,basic,265.898,230.378,265.903,230.384,1.605,1.605
77,104,basic,145.82,54.165,146.057,54.198,2.316,2.321
77,105,basic,428.444,187.202,428.423,187.152,2.247,2.248
77,105,gifted,177.532,163.064,177.532,163.064,,
77,106,basic,464.825,269.549,465.133,269.592,1.76,1.762
77,106,gifted,117.204,107.652,117.204,107.652,,
77,107,basic,501.916,226.067,500.109,225.469,2.485,2.481
77,109,basic,156.444,97.832,156.251,97.729,2.13,2.13
77,110,basic,392.91,189.929,393.274,190.066,2.086,2.087
77,113,basic,404.442,228.732,404.442,228.665,2.347,2.348
77,113,gifted,136.533,125.406,136.533,125.406,,
77,115,basic,143.461,80.11,143.454,80.107,1.714,1.714
77,117,basic,258.391,147.912,258.63,147.969,2.284,2.286
77,117,gifted,89.811,82.491,89.811,82.491,,
77,118,basic,261.248,127.833,261.415,127.869,2.092,2.093
77,130,basic,670.324,375.204,670.174,375.165,1.672,1.672
77,201,basic,80.284,56.463,80.295,56.38,0.954,0.96
77,202,basic,169.685,88.989,195.048,101.364,1.56,1.6
77,203,basic,255.18,179.523,254.02,179.041,1.337,1.33
77,204,basic,180.826,135.071,378.385,276.616,1.281,1.404
77,207,basic,0.0,0.0,128.007,100.289,,0.988
77,208,basic,204.473,172.285,0.0,0.0,1.202,
77,209,basic,159.834,56.049,255.855,88.288,0.769,0.832
77,210,basic,192.577,80.106,0.0,0.0,1.368,
77,211,basic,75.254,48.782,262.215,167.071,1.122,1.335
77,212,gifted,206.335,189.52,206.335,189.52,,
77,215,basic,117.197,71.913,116.93,72.003,0.872,0.861
77,218,basic,153.839,99.616,204.645,127.614,0.759,0.905
77,220,basic,87.907,72.996,0.0,0.0,1.29,
77,221,basic,158.731,113.56,247.721,178.03,0.899,0.921
77,222,basic,144.876,83.898,179.455,108.399,1.995,1.844
77,225,basic,78.49,40.271,77.313,39.694,1.168,1.166
77,226,basic,259.252,170.99,258.276,171.966,1.212,1.176
77,229,basic,258.127,222.156,0.0,0.0,1.124,
77,230,basic,119.381,84.862,227.296,154.957,0.986,1.171
77,233,basic,284.412,183.091,285.347,183.607,0.84,0.842
77,234,basic,74.14,62.887,0.0,0.0,1.15,
77,235,basic,86.058,56.075,140.475,90.337,1.142,1.222
77,236,basic,53.657,47.092,111.494,90.611,1.073,1.396
77,239,basic,276.22,162.243,0.0,0.0,1.651,
77,241,basic,384.414,123.923,824.575,252.209,1.851,2.142
77,242,basic,159.699,113.474,0.0,0.0,1.223,
77,243,basic,211.037,114.666,289.862,155.724,0.958,1.006
77,244,basic,35.44,32.805,36.018,33.312,1.122,1.152
77,245,basic,319.971,281.835,445.523,382.425,1.219,1.342
77,246,basic,237.743,124.991,396.476,204.613,1.15,1.229
77,247,basic,376.358,121.571,1040.946,298.572,1.558,2.189
77,248,basic,145.094,96.807,0.0,0.0,0.877,
77,249,basic,29.681,24.082,32.976,26.494,0.855,0.893
77,250,basic,83.711,65.601,137.17,109.996,0.957,0.866
77,251,basic,134.12,64.102,161.472,76.233,1.33,1.374
77,252,basic,245.204,173.445,245.189,173.831,1.447,1.438
77,255,basic,88.799,61.973,285.543,189.881,0.833,1.036
77,257,basic,120.14,107.196,411.557,351.401,1.051,1.292
77,259,basic,163.752,124.302,0.0,0.0,1.296,
77,261,basic,172.779,157.559,232.258,202.027,1.09,1.396
77,262,basic,190.335,153.066,343.434,269.055,1.048,1.151
77,264,basic,81.259,37.344,0.0,0.0,0.896,
77,266,basic,109.936,92.55,115.249,96.851,0.891,0.897
77,267,basic,123.088,113.216,138.273,126.869,1.02,1.033
77,268,basic,110.844,105.302,0.0,0.0,1.057,
77,269,basic,109.021,102.203,227.604,212.722,1.004,1.358
77,270,basic,159.595,112.013,525.433,373.48,1.433,1.437
77,272,basic,40.995,38.501,0.0,0.0,1.034,
77,275,basic,94.825,89.017,201.593,188.609,1.125,1.256
77,276,basic,155.046,75.811,322.173,154.835,1.122,1.299
77,277,basic,130.363,88.7,134.104,90.855,0.997,1.013
77,279,basic,100.558,44.665,138.879,61.015,0.978,1.023
77,281,basic,60.892,43.311,132.774,84.712,0.802,1.227
77,282,basic,73.504,58.625,85.064,65.371,0.878,1.019
77,286,basic,171.374,111.18,300.802,198.587,1.601,1.595
77,287,gifted,190.0,174.516,0.0,0.0,,
77,288,basic,181.298,157.74,181.442,158.478,1.391,1.379
77,289,basic,157.261,136.251,0.0,0.0,1.355,
77,291,basic,373.08,259.871,624.1,425.991,2.082,2.179
77,292,basic,562.028,322.307,766.666,440.819,1.456,1.416
77,930,basic,399.163,349.864,824.56,730.452,2.336,2.251
77,935,basic,437.961,301.85,0.0,0.0,1.78,
77,939,basic,219.61,104.668,0.0,0.0,1.64,
77,949,basic,380.004,317.734,0.0,0.0,1.506,
77,955,basic,44.586,42.357,0.0,0.0,2.827,
77,971,gifted,514.806,472.851,702.812,645.535,,
77,972,basic,266.755,193.639,0.0,0.0,1.825,
77,974,basic,86.866,78.303,91.47,82.204,1.245,1.293
77,977,basic,237.954,186.252,238.757,186.603,1.282,1.288
78,103,basic,268.824,244.925,268.845,244.943,1.625,1.626
78,104,basic,145.916,59.767,146.176,59.822,2.675,2.68
78,105,basic,454.883,229.969,454.843,229.919,2.291,2.292
78,105,gifted,183.108,168.124,183.108,168.124,,
78,106,basic,455.821,291.819,456.108,291.894,1.744,1.746
78,106,gifted,115.195,105.768,115.195,105.768,,
78,107,basic,488.719,259.995,486.945,259.219,2.491,2.487
78,109,basic,154.46,107.711,154.284,107.602,2.191,2.19
78,110,basic,395.582,214.611,395.927,214.768,2.144,2.145
78,113,basic,384.751,247.743,384.744,247.677,2.364,2.366
78,113,gifted,133.175,122.276,133.175,122.276,,
78,115,basic,145.515,89.343,145.514,89.343,1.73,1.73
78,117,basic,252.782,164.059,253.008,164.15,2.318,2.321
78,117,gifted,89.713,82.371,89.713,82.371,,
78,118,basic,274.301,152.962,274.438,153.002,2.109,2.11
78,130,basic,655.254,397.362,655.091,397.294,1.755,1.754
78,201,basic,81.29,53.126,81.008,52.948,1.005,1.005
78,202,basic,168.48,87.982,194.151,100.776,1.626,1.668
78,203,basic,254.357,172.4,253.263,171.787,1.323,1.318
78,204,basic,181.742,126.528,382.392,266.26,1.464,1.493
78,207,basic,0.0,0.0,127.42,90.242,,1.121
78,208,basic,203.762,164.255,0.0,0.0,1.297,
78,209,basic,146.343,49.16,241.012,80.147,0.775,0.841
78,210,basic,195.948,80.056,0.0,0.0,1.438,
78,211,basic,76.744,47.182,266.601,170.673,1.127,1.374
78,212,gifted,205.994,189.137,205.994,189.137,,
78,215,basic,118.568,67.747,118.325,67.754,0.899,0.889
78,218,basic,157.297,93.579,207.394,120.497,0.766,0.92
78,220,basic,87.108,70.58,0.0,0.0,1.396,
78,221,basic,164.115,105.262,254.899,165.982,1.062,1.017
78,222,basic,143.234,86.564,179.491,110.974,1.91,1.799
78,225,basic,82.429,40.435,81.467,39.969,1.272,1.271
78,226,basic,259.881,160.444,259.154,161.024,1.33,1.29
78,229,basic,251.485,200.807,0.0,0.0,1.145,
78,230,basic,109.839,72.217,217.722,140.158,1.057,1.212
78,233,basic,281.483,167.65,282.699,168.309,0.849,0.852
78,234,basic,76.75,61.038,0.0,0.0,1.206,
78,235,basic,77.458,47.905,131.516,80.648,1.176,1.254
78,236,basic,49.005,42.786,103.406,84.928,1.068,1.355
78,239,basic,268.914,156.227,0.0,0.0,1.713,
78,241,basic,384.328,129.458,824.891,274.369,1.908,2.25
78,242,basic,160.488,108.192,0.0,0.0,1.244,
78,243,basic,213.089,109.016,291.483,148.194,0.98,1.023
78,244,basic,36.898,34.539,37.483,35.051,1.106,1.141
78,245,basic,324.837,272.995,454.416,375.135,1.238,1.361
78,246,basic,236.13,119.164,392.789,196.376,1.206,1.272
78,247,basic,367.886,121.708,1034.582,327.883,1.598,2.3
78,248,basic,142.035,88.134,0.0,0.0,0.88,
78,249,basic,30.24,22.367,33.699,24.782,0.896,0.935
78,250,basic,90.238,65.176,143.888,105.52,0.974,0.874
78,251,basic,133.228,61.838,160.233,73.441,1.399,1.463
78,252,basic,231.863,157.447,231.975,157.57,1.473,1.471
78,255,basic,86.335,55.605,280.848,175.604,0.845,1.048
78,257,basic,126.619,104.946,420.01,336.257,1.085,1.323
78,259,basic,157.894,113.944,0.0,0.0,1.326,
78,261,basic,177.111,159.672,236.318,204.761,1.115,1.419
78,262,basic,192.011,142.834,346.596,253.184,1.074,1.191
78,264,basic,79.895,34.562,0.0,0.0,0.943,
78,266,basic,101.836,77.619,106.713,81.23,0.922,0.93
78,267,basic,119.191,102.054,134.488,114.906,1.036,1.05
78,268,basic,110.68,105.146,0.0,0.0,1.071,
78,269,basic,105.375,99.005,222.203,207.547,1.014,1.363
78,270,basic,155.151,105.674,527.241,362.179,1.476,1.461
78,272,basic,41.126,38.765,0.0,0.0,1.078,
78,275,basic,89.74,84.138,193.591,180.789,1.138,1.256
78,276,basic,154.947,72.553,321.468,154.892,1.138,1.32
78,277,basic,120.288,76.451,124.213,78.697,0.999,1.019
78,279,basic,100.061,42.565,136.557,57.712,0.99,1.034
78,281,basic,67.31,43.952,145.558,88.679,0.817,1.269
78,282,basic,77.289,56.503,88.784,63.447,0.902,1.048
78,286,basic,180.611,107.514,309.601,190.492,2.053,1.923
78,287,gifted,190.0,174.451,0.0,0.0,,
78,288,basic,191.801,164.333,191.998,164.974,1.408,1.393
78,289,basic,153.489,136.785,0.0,0.0,1.373,
78,291,basic,381.563,263.875,632.949,435.176,2.419,2.453
78,292,basic,564.56,327.168,769.186,441.518,1.529,1.476
78,930,basic,398.751,364.083,824.294,758.875,2.337,2.252
78,935,basic,437.575,309.386,0.0,0.0,1.895,
78,939,basic,220.713,107.221,0.0,0.0,1.801,
78,949,basic,376.61,318.827,0.0,0.0,1.602,
78,955,basic,45.064,42.811,0.0,0.0,2.769,
78,971,gifted,515.565,473.373,703.759,646.167,,
78,972,basic,258.465,193.699,0.0,0.0,1.853,
78,974,basic,86.958,78.867,91.593,82.786,1.255,1.303
78,977,basic,232.909,173.711,234.823,174.723,1.276,1.291
79,103,basic,259.936,233.658,259.964,233.683,1.617,1.617
79,104,basic,125.559,49.549,125.779,49.586,2.287,2.292
79,105,basic,428.16,195.143,428.137,195.1,2.277,2.278
79,105,gifted,177.251,162.798,177.251,162.798,,
79,106,basic,454.619,277.803,454.919,277.871,1.741,1.743
79,106,gifted,117.027,107.485,117.027,107.485,,
79,107,basic,508.415,245.54,506.677,244.893,2.442,2.438
79,109,basic,160.869,108.287,160.669,108.17,2.125,2.125
79,110,basic,404.744,211.088,405.06,211.22,2.164,2.164
79,113,basic,394.743,238.218,394.702,238.138,2.318,2.319
79,113,gifted,136.702,125.556,136.702,125.556,,
79,115,basic,155.15,88.861,155.144,88.857,1.72,1.72
79,117,basic,260.733,162.32,260.841,162.337,2.325,2.327
79,117,gifted,89.894,82.564,89.894,82.564,,
79,118,basic,271.751,140.648,271.871,140.667,2.068,2.069
79,130,basic,670.615,400.858,670.492,400.82,1.719,1.719
79,201,basic,82.333,53.893,81.861,53.555,1.079,1.08
79,202,basic,166.415,84.889,191.969,97.041,1.625,1.672
79,203,basic,261.026,179.765,259.811,179.26,1.303,1.294
79,204,basic,180.592,128.555,379.751,268.489,1.38,1.451
79,207,basic,0.0,0.0,122.286,97.392,,0.974
79,208,basic,207.803,175.802,0.0,0.0,1.23,
79,209,basic,155.725,52.534,252.68,84.074,0.777,0.844
79,210,basic,191.477,80.142,0.0,0.0,1.375,
79,211,basic,71.625,44.458,256.408,159.907,1.103,1.348
79,212,gifted,205.974,189.179,205.974,189.179,,
79,215,basic,116.472,71.191,116.265,71.296,0.893,0.881
79,218,basic,158.941,97.39,210.498,124.958,0.768,0.922
79,220,basic,79.967,67.374,0.0,0.0,1.272,
79,221,basic,159.476,115.201,250.812,182.168,0.932,0.947
79,222,basic,141.721,78.191,176.137,101.624,2.226,2.03
79,225,basic,84.415,41.499,83.25,40.952,1.231,1.228
79,226,basic,260.482,176.024,259.438,176.97,1.287,1.243
79,229,basic,250.741,208.474,0.0,0.0,1.147,
79,230,basic,111.651,74.072,220.783,142.051,1.039,1.21
79,233,basic,281.239,174.109,282.687,174.895,0.837,0.84
79,234,basic,74.92,61.339,0.0,0.0,1.202,
79,235,basic,84.066,53.469,140.268,88.996,1.272,1.315
79,236,basic,48.595,43.15,104.044,84.426,1.135,1.531
79,239,basic,278.652,159.123,0.0,0.0,1.709,
79,241,basic,383.082,123.483,823.44,257.016,1.899,2.195
79,242,basic,158.95,110.247,0.0,0.0,1.225,
79,243,basic,217.977,112.844,296.151,152.173,0.982,1.021
79,244,basic,38.469,35.78,39.044,36.286,1.143,1.173
79,245,basic,320.352,285.893,452.107,395.039,1.243,1.374
79,246,basic,240.154,121.802,400.322,200.051,1.16,1.24
79,247,basic,370.545,118.553,1035.412,304.793,1.589,2.24
79,248,basic,148.505,93.396,0.0,0.0,0.886,
79,249,basic,26.65,20.93,29.956,23.315,0.889,0.934
79,250,basic,89.066,65.497,145.527,109.161,0.974,0.876
79,251,basic,131.823,64.135,159.228,76.741,1.355,1.391
79,252,basic,242.538,172.518,242.495,173.091,1.435,1.42
79,255,basic,85.038,55.724,280.002,176.124,0.839,1.052
79,257,basic,116.775,103.003,410.86,347.18,1.065,1.323
79,259,basic,163.621,119.37,0.0,0.0,1.269,
79,261,basic,168.338,154.161,227.044,199.616,1.073,1.387
79,262,basic,184.537,143.837,336.661,256.798,1.069,1.174
79,264,basic,78.924,36.61,0.0,0.0,0.927,
79,266,basic,107.05,88.738,112.216,92.883,0.908,0.914
79,267,basic,125.801,115.806,141.16,129.601,1.027,1.043
79,268,basic,109.001,103.551,0.0,0.0,1.062,
79,269,basic,101.974,95.883,220.577,207.362,1.001,1.361
79,270,basic,150.713,99.654,512.634,346.03,1.53,1.484
79,272,basic,40.792,38.285,0.0,0.0,1.058,
79,275,basic,94.785,89.364,205.708,193.921,1.185,1.293
79,276,basic,155.011,75.465,322.17,157.586,1.153,1.319
79,277,basic,131.102,84.034,134.807,86.122,1.009,1.025
79,279,basic,100.927,43.1,140.059,59.381,1.005,1.043
79,281,basic,70.271,46.674,147.737,90.039,0.81,1.231
79,282,basic,79.033,59.205,89.672,65.342,0.845,0.976
79,286,basic,172.099,114.51,302.022,205.532,1.7,1.668
79,287,gifted,190.0,174.508,0.0,0.0,,
79,288,basic,174.465,152.388,174.556,153.118,1.364,1.349
79,289,basic,158.159,135.412,0.0,0.0,1.339,
79,291,basic,377.918,267.475,630.09,442.168,2.264,2.32
79,292,basic,561.82,321.362,767.344,437.608,1.47,1.427
79,930,basic,399.407,351.337,824.7,734.777,2.358,2.258
79,935,basic,437.609,302.577,0.0,0.0,1.828,
79,939,basic,217.955,106.018,0.0,0.0,1.713,
79,949,basic,377.702,311.722,0.0,0.0,1.517,
79,955,basic,46.238,43.926,0.0,0.0,2.704,
79,971,gifted,515.438,473.41,703.445,646.087,,
79,972,basic,262.299,191.45,0.0,0.0,1.873,
79,974,basic,87.404,78.731,92.493,82.836,1.216,1.275
79,977,basic,244.798,181.437,244.232,181.112,1.335,1.333
80,103,basic,276.728,249.121,276.725,249.126,1.651,1.651
80,104,basic,131.149,50.44,131.406,50.477,2.28,2.287
80,105,basic,454.747,202.88,454.688,202.817,2.329,2.33
80,105,gifted,181.773,166.618,181.773,166.618,,
80,106,basic,457.545,273.689,457.771,273.742,1.735,1.737
80,106,gifted,116.976,107.224,116.976,107.224,,
80,107,basic,528.914,251.711,527.203,251.08,2.502,2.497
80,109,basic,148.768,100.31,148.656,100.219,2.103,2.103
80,110,basic,395.666,201.004,396.212,201.239,2.126,2.127
80,113,basic,387.855,232.63,387.874,232.556,2.358,2.36
80,113,gifted,135.491,124.196,135.491,124.196,,
80,115,basic,158.637,89.019,158.628,89.015,1.73,1.73
80,117,basic,247.081,152.949,247.694,153.204,2.298,2.303
80,117,gifted,89.402,81.949,89.402,81.949,,
80,118,basic,274.738,138.796,274.896,138.835,2.114,2.115
80,130,basic,674.373,388.408,674.109,388.328,1.732,1.731
80,201,basic,85.827,57.248,85.661,57.11,0.982,0.983
80,202,basic,175.479,89.608,201.492,102.346,1.665,1.698
80,203,basic,265.123,184.892,264.087,184.362,1.294,1.288
80,204,basic,169.203,121.374,370.09,265.298,1.443,1.48
80,207,basic,0.0,0.0,124.554,96.136,,1.042
80,208,basic,204.29,171.81,0.0,0.0,1.256,
80,209,basic,153.0,48.14,248.443,77.24,0.776,0.843
80,210,basic,193.684,77.387,0.0,0.0,1.424,
80,211,basic,76.264,47.332,259.765,161.043,1.092,1.347
80,212,gifted,206.05,188.871,206.05,188.871,,
80,215,basic,116.401,68.847,116.281,68.891,0.891,0.884
80,218,basic,163.469,97.945,215.347,125.392,0.769,0.93
80,220,basic,86.949,74.18,0.0,0.0,1.313,
80,221,basic,163.764,113.311,253.26,177.185,1.0,0.985
80,222,basic,137.497,84.132,173.3,108.552,1.884,1.78
80,225,basic,82.702,40.238,81.656,39.736,1.197,1.196
80,226,basic,262.906,173.458,262.286,173.784,1.314,1.289
80,229,basic,245.266,206.803,0.0,0.0,1.141,
80,230,basic,111.993,74.779,220.046,143.009,1.023,1.194
80,233,basic,282.919,171.277,284.273,172.0,0.837,0.841
80,234,basic,72.468,60.844,0.0,0.0,1.166,
80,235,basic,79.631,50.326,135.722,85.489,1.253,1.302
80,236,basic,50.547,45.631,104.777,89.177,1.073,1.357
80,239,basic,276.774,160.603,0.0,0.0,1.706,
80,241,basic,385.534,121.949,827.317,251.742,1.867,2.211
80,242,basic,155.181,108.27,0.0,0.0,1.212,
80,243,basic,218.08,110.264,296.893,149.009,0.968,1.012
80,244,basic,36.553,34.252,37.078,34.701,1.144,1.182
80,245,basic,321.339,289.947,449.926,398.055,1.225,1.362
80,246,basic,232.969,115.412,391.031,192.02,1.199,1.257
80,247,basic,364.663,112.502,1030.023,293.597,1.584,2.258
80,248,basic,148.767,92.466,0.0,0.0,0.899,
80,249,basic,26.778,20.917,30.134,23.332,0.886,0.935
80,250,basic,92.313,68.421,146.474,110.326,0.964,0.872
80,251,basic,125.801,58.88,152.892,70.851,1.38,1.422
80,252,basic,235.03,168.643,235.149,169.017,1.414,1.405
80,255,basic,87.913,57.316,283.529,177.946,0.827,1.053
80,257,basic,122.184,107.753,421.44,359.796,1.106,1.332
80,259,basic,158.28,117.714,0.0,0.0,1.276,
80,261,basic,174.384,160.025,235.117,209.215,1.15,1.467
80,262,basic,186.519,145.528,340.83,260.074,1.075,1.199
80,264,basic,86.357,37.538,0.0,0.0,0.945,
80,266,basic,104.656,85.965,109.9,90.146,0.892,0.9
80,267,basic,115.328,106.726,130.324,120.342,1.016,1.032
80,268,basic,109.756,104.268,0.0,0.0,1.071,
80,269,basic,107.39,101.47,227.384,215.299,1.024,1.369
80,270,basic,153.247,105.555,518.884,360.684,1.469,1.463
80,272,basic,41.096,38.767,0.0,0.0,1.075,
80,275,basic,97.182,91.865,207.186,196.264,1.186,1.293
80,276,basic,155.831,73.114,322.8,151.264,1.13,1.316
80,277,basic,128.042,82.01,132.006,84.26,0.995,1.014
80,279,basic,105.817,43.456,142.603,58.168,0.99,1.031
80,281,basic,59.437,39.06,136.817,82.873,0.831,1.294
80,282,basic,71.782,53.714,81.859,59.801,0.887,1.019
80,286,basic,173.794,112.712,302.796,201.27,1.859,1.798
80,287,gifted,190.0,174.16,0.0,0.0,,
80,288,basic,190.454,171.09,190.918,171.665,1.35,1.347
80,289,basic,152.639,132.421,0.0,0.0,1.378,
80,291,basic,374.567,273.874,628.467,452.194,2.18,2.296
80,292,basic,564.585,317.095,770.585,432.547,1.501,1.452
80,930,basic,398.843,365.717,824.257,760.478,2.349,2.263
80,935,basic,437.885,308.047,0.0,0.0,1.847,
80,939,basic,218.579,104.464,0.0,0.0,1.702,
80,949,basic,376.906,317.164,0.0,0.0,1.567,
80,955,basic,45.121,42.865,0.0,0.0,2.836,
80,971,gifted,515.455,472.482,703.592,644.934,,
80,972,basic,259.612,194.705,0.0,0.0,1.843,
80,974,basic,87.95,80.567,92.154,84.311,1.248,1.292
80,977,basic,239.58,182.888,240.43,183.248,1.297,1.306
81,103,basic,269.595,243.552,269.604,243.564,1.662,1.662
81,104,basic,140.159,59.129,140.441,59.185,2.668,2.674
81,105,basic,462.431,234.686,462.371,234.621,2.307,2.308
81,105,gifted,185.069,169.835,185.069,169.835,,
81,106,basic,451.459,286.773,451.731,286.86,1.825,1.827
81,106,gifted,114.81,105.36,114.81,105.36,,
81,107,basic,513.12,274.067,511.408,273.308,2.503,2.498
81,109,basic,151.63,106.48,151.483,106.37,2.202,2.203
81,110,basic,401.32,227.515,401.838,227.771,2.127,2.128
81,113,basic,381.707,243.476,381.736,243.402,2.419,2.421
81,113,gifted,132.207,121.324,132.207,121.324,,
81,115,basic,151.161,91.929,151.149,91.923,1.739,1.739
81,117,basic,260.052,172.662,260.484,172.858,2.325,2.329
81,117,gifted,89.536,82.166,89.536,82.166,,
81,118,basic,271.516,152.201,271.638,152.238,2.115,2.117
81,130,basic,673.723,423.314,673.491,423.219,1.728,1.727
81,201,basic,79.581,51.047,79.685,51.011,0.999,1.012
81,202,basic,171.848,88.748,197.825,101.639,1.699,1.739
81,203,basic,261.14,173.783,259.995,173.17,1.316,1.31
81,204,basic,177.043,120.179,377.623,257.11,1.505,1.51
81,207,basic,0.0,0.0,121.47,87.839,,1.126
81,208,basic,203.473,163.463,0.0,0.0,1.314,
81,209,basic,153.938,53.745,247.37,85.57,0.759,0.825
81,210,basic,192.981,82.219,0.0,0.0,1.425,
81,211,basic,74.712,45.04,259.112,162.346,1.12,1.384
81,212,gifted,205.543,188.624,205.543,188.624,,
81,215,basic,119.215,69.175,118.723,69.224,0.961,0.936
81,218,basic,158.816,93.364,208.289,120.022,0.775,0.918
81,220,basic,86.728,68.403,0.0,0.0,1.462,
81,221,basic,164.645,109.243,255.519,171.408,1.063,1.032
81,222,basic,142.034,81.375,177.924,104.761,2.199,2.041
81,225,basic,87.88,43.271,86.874,42.79,1.274,1.272
81,226,basic,259.173,165.464,258.104,166.434,1.388,1.321
81,229,basic,250.498,195.239,0.0,0.0,1.148,
81,230,basic,119.409,75.98,228.18,142.712,1.086,1.226
81,233,basic,282.077,167.216,283.031,167.768,0.858,0.859
81,234,basic,77.796,60.002,0.0,0.0,1.224,
81,235,basic,75.23,47.021,128.986,80.056,1.208,1.28
81,236,basic,49.515,43.414,105.156,85.23,1.095,1.504
81,239,basic,261.817,150.522,0.0,0.0,1.71,
81,241,basic,381.466,133.176,820.796,282.724,1.918,2.284
81,242,basic,162.162,108.099,0.0,0.0,1.236,
81,243,basic,218.84,111.892,297.457,151.263,0.985,1.026
81,244,basic,36.013,33.613,36.578,34.136,1.115,1.141
81,245,basic,320.954,269.766,451.736,373.77,1.28,1.401
81,246,basic,235.869,119.08,395.42,197.355,1.203,1.29
81,247,basic,367.985,126.319,1034.549,341.718,1.6,2.31
81,248,basic,151.595,91.775,0.0,0.0,0.902,
81,249,basic,31.127,22.786,34.179,24.948,0.908,0.931
81,250,basic,86.457,60.28,140.584,99.439,0.98,0.876
81,251,basic,136.301,65.595,164.013,77.974,1.46,1.524
81,252,basic,246.231,167.653,246.308,167.952,1.479,1.469
81,255,basic,87.699,54.815,278.848,169.991,0.876,1.065
81,257,basic,119.885,98.096,416.844,330.408,1.086,1.326
81,259,basic,162.648,112.819,0.0,0.0,1.362,
81,261,basic,170.34,152.933,230.601,198.523,1.076,1.402
81,262,basic,185.998,136.078,339.459,244.232,1.087,1.206
81,264,basic,81.175,37.223,0.0,0.0,0.933,
81,266,basic,108.364,82.827,113.63,86.74,0.916,0.925
81,267,basic,116.707,99.334,131.559,111.748,1.03,1.044
81,268,basic,111.815,106.224,0.0,0.0,1.058,
81,269,basic,106.969,100.111,226.064,209.658,1.05,1.39
81,270,basic,150.134,98.372,512.468,340.261,1.522,1.466
81,272,basic,41.538,39.082,0.0,0.0,1.081,
81,275,basic,95.555,89.437,205.871,191.826,1.169,1.268
81,276,basic,156.044,75.847,324.584,161.636,1.126,1.328
81,277,basic,121.793,75.396,125.669,77.599,1.009,1.027
81,279,basic,110.93,47.936,150.744,64.765,1.007,1.051
81,281,basic,68.428,43.371,146.471,87.309,0.823,1.266
81,282,basic,74.539,52.381,85.573,58.897,0.893,1.04
81,286,basic,177.301,107.176,306.511,192.111,2.213,2.043
81,287,gifted,190.0,174.361,0.0,0.0,,
81,288,basic,190.503,157.783,190.554,158.797,1.524,1.49
81,289,basic,155.55,131.736,0.0,0.0,1.399,
81,291,basic,377.401,261.445,627.51,434.998,2.475,2.482
81,292,basic,560.255,323.371,764.82,437.742,1.542,1.482
81,930,basic,399.169,355.811,824.652,744.379,2.361,2.258
81,935,basic,436.879,301.177,0.0,0.0,1.957,
81,939,basic,219.484,110.413,0.0,0.0,1.78,
81,949,basic,379.024,308.236,0.0,0.0,1.632,
81,955,basic,44.581,42.352,0.0,0.0,2.813,
81,971,gifted,516.331,473.831,704.526,646.534,,
81,972,basic,261.538,191.81,0.0,0.0,1.889,
81,974,basic,86.035,75.911,91.174,79.921,1.24,1.296
81,977,basic,231.64,165.264,232.217,165.541,1.335,1.341
82,103,basic,276.09,245.761,276.11,245.779,1.657,1.657
82,104,basic,129.504,51.218,129.663,51.254,2.463,2.467
82,105,basic,450.152,207.434,450.15,207.402,2.345,2.346
82,105,gifted,178.711,163.791,178.711,163.791,,
82,106,basic,463.759,279.628,463.987,279.682,1.793,1.795
82,106,gifted,117.154,107.373,117.154,107.373,,
82,107,basic,510.376,250.229,508.639,249.536,2.495,2.491
82,109,basic,151.734,102.313,151.564,102.215,2.174,2.173
82,110,basic,390.464,213.738,390.779,213.886,2.088,2.088
82,113,basic,395.675,237.481,395.677,237.428,2.411,2.412
82,113,gifted,136.99,125.553,136.99,125.553,,
82,115,basic,146.85,82.749,146.844,82.746,1.738,1.738
82,117,basic,267.124,169.617,267.358,169.699,2.369,2.372
82,117,gifted,90.096,82.574,90.096,82.574,,
82,118,basic,271.863,139.978,272.11,140.06,2.169,2.171
82,130,basic,666.345,402.043,666.184,401.975,1.745,1.745
82,201,basic,79.235,50.947,79.427,50.909,1.088,1.107
82,202,basic,173.195,89.356,199.041,102.284,1.696,1.725
82,203,basic,258.774,175.764,257.697,175.18,1.32,1.314
82,204,basic,178.223,124.659,378.234,263.88,1.437,1.484
82,207,basic,0.0,0.0,125.64,97.948,,1.09
82,208,basic,201.054,167.132,0.0,0.0,1.271,
82,209,basic,150.726,51.382,246.419,83.177,0.793,0.858
82,210,basic,191.81,83.087,0.0,0.0,1.391,
82,211,basic,73.802,44.867,258.384,156.876,1.106,1.369
82,212,gifted,205.871,188.683,205.871,188.683,,
82,215,basic,120.896,73.859,120.623,73.972,0.9,0.883
82,218,basic,166.252,99.21,219.066,127.671,0.766,0.923
82,220,basic,88.656,74.134,0.0,0.0,1.377,
82,221,basic,164.704,117.843,255.233,184.222,1.025,1.011
82,222,basic,142.956,84.996,178.991,108.998,2.011,1.89
82,225,basic,81.167,39.925,80.194,39.457,1.269,1.267
82,226,basic,261.762,179.519,260.87,180.69,1.386,1.323
82,229,basic,254.945,206.246,0.0,0.0,1.163,
82,230,basic,111.818,72.397,217.453,137.401,1.02,1.197
82,233,basic,281.768,170.947,282.84,171.536,0.84,0.842
82,234,basic,75.881,60.799,0.0,0.0,1.185,
82,235,basic,82.843,54.094,138.341,89.654,1.192,1.265
82,236,basic,50.731,46.049,106.754,91.009,1.077,1.42
82,239,basic,262.47,151.779,0.0,0.0,1.702,
82,241,basic,382.915,129.811,822.536,270.948,1.963,2.276
82,242,basic,151.137,103.308,0.0,0.0,1.234,
82,243,basic,214.039,109.751,292.55,149.163,0.989,1.029
82,244,basic,35.625,33.256,36.162,33.759,1.175,1.199
82,245,basic,324.549,291.303,458.91,404.804,1.268,1.404
82,246,basic,229.736,115.754,388.443,193.378,1.202,1.287
82,247,basic,374.09,124.787,1038.912,325.044,1.633,2.281
82,248,basic,150.042,91.347,0.0,0.0,0.902,
82,249,basic,33.706,25.857,37.055,28.304,0.881,0.91
82,250,basic,81.979,58.066,137.31,98.743,0.98,0.879
82,251,basic,139.299,69.969,167.372,83.019,1.393,1.457
82,252,basic,230.244,164.81,230.471,164.987,1.46,1.459
82,255,basic,88.322,55.746,283.971,174.119,0.861,1.065
82,257,basic,121.505,105.69,418.605,351.412,1.07,1.321
82,259,basic,166.888,117.3,0.0,0.0,1.358,
82,261,basic,168.139,154.792,227.337,202.118,1.067,1.386
82,262,basic,185.303,141.158,336.101,251.359,1.077,1.198
82,264,basic,84.362,40.052,0.0,0.0,0.946,
82,266,basic,113.618,92.47,119.33,96.979,0.91,0.919
82,267,basic,116.94,105.937,132.24,119.564,1.028,1.042
82,268,basic,112.253,106.64,0.0,0.0,1.069,
82,269,basic,105.428,99.231,223.575,210.753,1.075,1.387
82,270,basic,157.081,104.312,525.628,352.013,1.475,1.461
82,272,basic,39.596,37.27,0.0,0.0,1.11,
82,275,basic,93.566,88.295,201.83,190.784,1.171,1.27
82,276,basic,145.306,72.638,315.107,156.977,1.117,1.326
82,277,basic,125.298,77.946,128.621,79.834,1.032,1.046
82,279,basic,104.56,44.86,142.019,60.654,1.023,1.055
82,281,basic,67.184,42.951,139.854,83.909,0.811,1.232
82,282,basic,74.891,53.284,86.422,60.072,0.885,1.037
82,286,basic,171.464,114.511,300.167,205.16,1.947,1.875
82,287,gifted,190.0,174.137,0.0,0.0,,
82,288,basic,184.54,159.647,184.667,160.612,1.467,1.44
82,289,basic,161.789,130.853,0.0,0.0,1.387,
82,291,basic,375.388,269.937,626.65,452.08,2.373,2.387
82,292,basic,564.647,320.636,771.356,437.609,1.503,1.454
82,930,basic,398.466,356.057,824.014,743.018,2.313,2.231
82,935,basic,438.05,299.186,0.0,0.0,1.924,
82,939,basic,218.743,110.006,0.0,0.0,1.723,
82,949,basic,379.996,299.664,0.0,0.0,1.607,
82,955,basic,46.809,44.469,0.0,0.0,2.813,
82,971,gifted,516.512,473.389,704.617,645.79,,
82,972,basic,260.745,191.776,0.0,0.0,1.852,
82,974,basic,86.07,77.294,92.066,81.966,1.193,1.266
82,977,basic,241.759,174.692,240.013,173.689,1.349,1.339
83,103,basic,262.933,227.869,262.942,227.88,1.633,1.633
83,104,basic,129.396,49.671,129.667,49.712,2.303,2.309
83,105,basic,482.792,214.125,482.74,214.065,2.314,2.315
83,105,gifted,187.391,171.061,187.391,171.061,,
83,106,basic,462.576,269.948,462.862,270.014,1.744,1.746
83,106,gifted,117.254,107.036,117.254,107.036,,
83,107,basic,501.052,235.464,499.282,234.817,2.466,2.461
83,109,basic,152.403,98.131,152.279,98.04,2.114,2.114
83,110,basic,411.719,206.802,412.167,206.988,2.091,2.092
83,113,basic,389.642,226.246,389.633,226.171,2.337,2.339
83,113,gifted,136.054,124.197,136.054,124.197,,
83,115,basic,154.057,85.072,154.051,85.069,1.73,1.73
83,117,basic,243.095,144.468,243.497,144.622,2.303,2.307
83,117,gifted,88.915,81.166,88.915,81.166,,
83,118,basic,253.291,125.907,253.443,125.947,2.117,2.119
83,130,basic,664.044,374.899,663.831,374.836,1.719,1.718
83,201,basic,81.914,56.108,82.184,56.159,0.969,0.98
83,202,basic,165.376,86.883,190.869,99.517,1.668,1.712
83,203,basic,262.953,185.312,261.706,184.741,1.306,1.297
83,204,basic,179.433,129.266,379.706,273.686,1.451,1.481
83,207,basic,0.0,0.0,116.908,90.365,,1.066
83,208,basic,207.954,172.759,0.0,0.0,1.231,
83,209,basic,144.397,50.111,239.056,81.896,0.778,0.847
83,210,basic,192.437,81.764,0.0,0.0,1.417,
83,211,basic,80.491,51.062,264.569,164.685,1.131,1.348
83,212,gifted,205.609,187.691,205.609,187.691,,
83,215,basic,121.973,73.267,121.699,73.465,0.963,0.944
83,218,basic,156.68,97.994,206.627,125.7,0.754,0.903
83,220,basic,87.351,72.475,0.0,0.0,1.419,
83,221,basic,158.309,111.252,248.487,176.758,1.0,0.984
83,222,basic,152.563,86.405,187.829,110.767,2.303,2.11
83,225,basic,84.858,43.102,83.713,42.539,1.223,1.221
83,226,basic,272.315,181.171,271.493,181.784,1.336,1.302
83,229,basic,250.312,210.539,0.0,0.0,1.148,
83,230,basic,114.572,78.335,222.425,147.873,1.026,1.195
83,233,basic,281.571,176.759,282.508,177.31,0.84,0.841
83,234,basic,76.234,63.264,0.0,0.0,1.219,
83,235,basic,85.946,54.491,143.731,91.269,1.33,1.355
83,236,basic,47.676,42.88,101.761,82.944,1.039,1.502
83,239,basic,279.037,165.63,0.0,0.0,1.691,
83,241,basic,384.868,130.101,825.284,267.794,1.895,2.175
83,242,basic,155.966,110.312,0.0,0.0,1.214,
83,243,basic,212.61,113.052,291.337,153.736,0.973,1.017
83,244,basic,35.568,33.204,36.088,33.661,1.099,1.132
83,245,basic,319.796,285.696,445.393,390.167,1.222,1.349
83,246,basic,239.447,124.282,401.974,205.971,1.199,1.275
83,247,basic,370.712,123.494,1037.737,313.704,1.606,2.264
83,248,basic,144.788,93.381,0.0,0.0,0.88,
83,249,basic,29.578,23.362,33.091,25.944,0.881,0.921
83,250,basic,87.335,65.913,141.498,108.563,0.956,0.866
83,251,basic,130.295,63.321,157.581,75.779,1.422,1.463
83,252,basic,245.539,176.505,245.451,177.038,1.439,1.422
83,255,basic,90.612,60.684,287.481,186.034,0.85,1.046
83,257,basic,119.543,105.766,413.127,352.111,1.062,1.305
83,259,basic,167.974,125.68,0.0,0.0,1.288,
83,261,basic,173.535,159.285,234.15,207.071,1.098,1.42
83,262,basic,189.061,148.693,340.113,261.985,1.074,1.184
83,264,basic,79.285,36.791,0.0,0.0,0.927,
83,266,basic,104.326,85.828,109.446,89.921,0.921,0.928
83,267,basic,117.435,107.932,132.762,121.708,1.015,1.032
83,268,basic,108.755,103.317,0.0,0.0,1.065,
83,269,basic,105.952,99.838,225.644,212.758,1.023,1.367
83,270,basic,146.333,100.838,502.016,351.485,1.509,1.474
83,272,basic,42.62,40.172,0.0,0.0,1.03,
83,275,basic,98.801,93.018,210.405,198.382,1.192,1.297
83,276,basic,153.095,75.89,321.169,156.397,1.117,1.302
83,277,basic,125.137,82.413,128.925,84.636,1.005,1.022
83,279,basic,107.053,47.041,145.218,63.434,0.999,1.033
83,281,basic,66.876,45.537,139.109,87.744,0.805,1.216
83,282,basic,77.439,58.876,88.988,65.818,0.895,1.041
83,286,basic,177.721,113.442,308.044,203.373,1.925,1.825
83,287,gifted,190.0,173.442,0.0,0.0,,
83,288,basic,186.632,165.411,186.794,166.087,1.345,1.332
83,289,basic,157.822,133.041,0.0,0.0,1.358,
83,291,basic,376.698,264.7,628.502,436.772,2.249,2.338
83,292,basic,565.645,322.312,772.212,441.914,1.492,1.445
83,930,basic,399.222,356.02,824.595,742.859,2.36,2.256
83,935,basic,436.967,303.853,0.0,0.0,1.809,
83,939,basic,220.285,106.828,0.0,0.0,1.743,
83,949,basic,371.84,307.298,0.0,0.0,1.52,
83,955,basic,44.316,42.1,0.0,0.0,2.783,
83,971,gifted,515.862,470.907,704.015,642.663,,
83,972,basic,255.944,185.923,0.0,0.0,1.882,
83,974,basic,87.092,78.915,91.62,82.899,1.275,1.314
83,977,basic,233.241,179.005,234.269,179.568,1.295,1.302
84,103,basic,264.799,227.432,264.801,227.437,1.647,1.647
84,104,basic,149.703,54.259,150.008,54.306,2.652,2.658
84,105,basic,481.701,214.306,481.673,214.253,2.303,2.304
84,105,gifted,186.774,170.617,186.774,170.617,,
84,106,basic,461.423,264.057,461.733,264.129,1.819,1.821
84,106,gifted,116.976,106.857,116.976,106.857,,
84,107,basic,522.639,242.766,520.909,242.134,2.528,2.524
84,109,basic,147.238,94.04,147.112,93.959,2.135,2.135
84,110,basic,396.416,201.357,396.91,201.571,2.112,2.113
84,113,basic,393.091,225.292,393.072,225.208,2.389,2.391
84,113,gifted,135.784,124.038,135.784,124.038,,
84,115,basic,153.714,83.951,153.706,83.947,1.731,1.731
84,117,basic,262.422,156.851,262.832,157.004,2.303,2.307
84,117,gifted,89.639,81.884,89.639,81.884,,
84,118,basic,260.728,129.012,260.903,129.064,2.131,2.132
84,130,basic,665.063,378.859,664.837,378.782,1.688,1.687
84,201,basic,81.004,53.418,80.218,52.928,1.136,1.132
84,202,basic,170.075,90.071,195.159,102.663,1.652,1.693
84,203,basic,278.131,194.155,277.052,193.6,1.329,1.323
84,204,basic,175.746,127.684,375.811,270.644,1.362,1.444
84,207,basic,0.0,0.0,126.699,98.148,,1.094
84,208,basic,210.258,173.835,0.0,0.0,1.239,
84,209,basic,154.382,54.239,251.502,87.282,0.766,0.838
84,210,basic,191.39,82.99,0.0,0.0,1.412,
84,211,basic,77.515,48.987,258.18,158.912,1.104,1.347
84,212,gifted,205.477,187.702,205.477,187.702,,
84,215,basic,121.486,73.81,121.229,73.892,0.932,0.918
84,218,basic,157.224,97.48,206.991,125.237,0.76,0.902
84,220,basic,89.408,74.004,0.0,0.0,1.457,
84,221,basic,160.619,113.623,250.425,179.371,1.027,1.003
84,222,basic,144.359,83.269,178.727,106.535,2.24,2.079
84,225,basic,81.82,41.863,80.685,41.292,1.19,1.188
84,226,basic,246.04,167.432,244.892,168.314,1.299,1.245
84,229,basic,248.168,207.335,0.0,0.0,1.131,
84,230,basic,105.51,71.377,209.736,137.782,1.017,1.206
84,233,basic,282.783,176.538,283.567,177.004,0.843,0.844
84,234,basic,76.406,63.158,0.0,0.0,1.171,
84,235,basic,85.346,55.45,141.154,91.126,1.235,1.299
84,236,basic,44.411,40.055,97.999,80.32,1.074,1.55
84,239,basic,275.219,162.555,0.0,0.0,1.716,
84,241,basic,384.191,132.783,823.846,271.518,1.888,2.209
84,242,basic,155.351,109.002,0.0,0.0,1.217,
84,243,basic,217.289,115.301,295.07,155.579,0.982,1.021
84,244,basic,36.76,34.274,37.207,34.698,1.139,1.16
84,245,basic,325.219,290.585,454.7,399.191,1.249,1.375
84,246,basic,237.589,122.649,398.671,203.682,1.227,1.296
84,247,basic,367.621,124.834,1031.689,319.63,1.604,2.249
84,248,basic,143.835,91.391,0.0,0.0,0.89,
84,249,basic,28.699,22.307,31.951,24.711,0.911,0.942
84,250,basic,91.284,67.605,146.268,110.184,0.977,0.876
84,251,basic,133.734,66.526,161.514,79.31,1.41,1.466
84,252,basic,241.198,174.385,241.222,174.832,1.452,1.439
84,255,basic,89.235,58.694,286.71,182.953,0.876,1.065
84,257,basic,119.95,105.815,414.835,352.47,1.069,1.324
84,259,basic,169.576,124.387,0.0,0.0,1.331,
84,261,basic,177.11,163.001,237.579,210.773,1.087,1.41
84,262,basic,183.331,143.437,332.93,255.426,1.059,1.173
84,264,basic,77.212,36.469,0.0,0.0,0.932,
84,266,basic,109.663,90.374,114.854,94.547,0.907,0.913
84,267,basic,115.825,105.349,130.49,118.444,1.037,1.052
84,268,basic,107.7,102.315,0.0,0.0,1.065,
84,269,basic,103.983,97.73,225.641,212.651,1.106,1.425
84,270,basic,164.163,113.375,534.493,371.487,1.456,1.464
84,272,basic,40.807,38.454,0.0,0.0,1.069,
84,275,basic,96.297,90.638,206.875,195.207,1.226,1.32
84,276,basic,149.223,74.9,317.38,156.197,1.125,1.306
84,277,basic,130.58,84.955,134.229,87.083,1.017,1.033
84,279,basic,106.073,46.785,146.178,64.144,1.013,1.046
84,281,basic,66.76,44.636,142.982,88.897,0.821,1.248
84,282,basic,74.217,55.381,85.346,62.102,0.899,1.044
84,286,basic,182.214,115.246,313.088,205.284,2.102,1.972
84,287,gifted,190.0,173.564,0.0,0.0,,
84,288,basic,190.657,165.372,190.737,166.491,1.479,1.45
84,289,basic,159.973,131.026,0.0,0.0,1.369,
84,291,basic,378.348,263.488,629.643,438.931,2.367,2.406
84,292,basic,563.377,319.505,768.916,438.694,1.504,1.453
84,930,basic,399.164,354.942,824.8,741.111,2.357,2.252
84,935,basic,437.579,299.75,0.0,0.0,1.879,
84,939,basic,220.127,108.598,0.0,0.0,1.717,
84,949,basic,383.251,307.783,0.0,0.0,1.551,
84,955,basic,46.963,44.615,0.0,0.0,2.821,
84,971,gifted,515.426,470.839,703.448,642.596,,
84,972,basic,257.941,187.454,0.0,0.0,1.873,
84,974,basic,84.277,76.147,89.444,80.501,1.242,1.297
84,977,basic,240.863,180.728,240.056,180.249,1.345,1.341
85,103,basic,260.858,233.381,260.908,233.423,1.658,1.658
85,104,basic,146.857,54.991,147.091,55.04,2.606,2.609
85,105,basic,458.485,209.043,458.483,209.0,2.298,2.299
85,105,gifted,181.884,166.756,181.884,166.756,,
85,106,basic,455.924,278.877,456.307,278.955,1.798,1.8
85,106,gifted,115.232,105.647,115.232,105.647,,
85,107,basic,510.084,245.396,508.405,244.785,2.431,2.427
85,109,basic,154.554,103.19,154.333,103.077,2.178,2.176
85,110,basic,391.965,216.839,392.195,216.94,2.109,2.109
85,113,basic,400.772,239.885,400.759,239.833,2.352,2.353
85,113,gifted,135.597,124.318,135.597,124.318,,
85,115,basic,149.007,85.383,149.001,85.38,1.72,1.72
85,117,basic,266.679,169.501,266.775,169.508,2.32,2.321
85,117,gifted,90.535,83.005,90.535,83.005,,
85,118,basic,259.771,134.062,259.949,134.107,2.111,2.113
85,130,basic,658.823,410.88,658.703,410.836,1.692,1.692
85,201,basic,79.918,52.659,79.934,52.532,0.989,0.999
85,202,basic,167.907,84.628,193.528,96.757,1.614,1.655
85,203,basic,255.598,173.345,254.372,172.757,1.293,1.287
85,204,basic,180.401,123.783,379.911,260.222,1.426,1.474
85,207,basic,0.0,0.0,126.095,100.449,,1.086
85,208,basic,206.983,176.85,0.0,0.0,1.228,
85,209,basic,146.792,51.589,239.133,82.852,0.775,0.841
85,210,basic,193.745,84.315,0.0,0.0,1.366,
85,211,basic,75.339,46.013,258.398,158.383,1.101,1.352
85,212,gifted,205.788,188.671,205.788,188.671,,
85,215,basic,117.355,73.265,117.174,73.431,0.889,0.876
85,218,basic,155.19,95.454,206.222,122.749,0.758,0.909
85,220,basic,93.255,75.754,0.0,0.0,1.405,
85,221,basic,164.076,122.146,255.607,191.857,0.96,0.967
85,222,basic,147.707,82.419,183.915,105.862,2.028,1.908
85,225,basic,83.244,41.151,82.144,40.623,1.209,1.207
85,226,basic,249.089,177.575,248.049,178.532,1.227,1.185
85,229,basic,253.994,207.662,0.0,0.0,1.141,
85,230,basic,119.654,77.757,229.031,144.308,1.032,1.198
85,233,basic,280.435,174.711,281.166,175.12,0.832,0.834
85,234,basic,77.818,62.023,0.0,0.0,1.196,
85,235,basic,91.411,59.109,148.546,95.638,1.245,1.296
85,236,basic,44.198,39.598,96.112,78.572,1.09,1.498
85,239,basic,269.545,151.325,0.0,0.0,1.678,
85,241,basic,384.065,126.309,824.27,261.216,1.883,2.2
85,242,basic,154.634,105.868,0.0,0.0,1.209,
85,243,basic,215.357,112.283,293.517,151.856,0.989,1.027
85,244,basic,37.236,34.63,37.719,35.042,1.105,1.133
85,245,basic,322.711,288.282,454.545,397.49,1.244,1.377
85,246,basic,224.066,113.526,380.789,189.98,1.154,1.231
85,247,basic,370.542,122.229,1036.603,312.175,1.558,2.236
85,248,basic,147.779,91.24,0.0,0.0,0.896,
85,249,basic,31.174,24.462,34.497,26.887,0.86,0.892
85,250,basic,90.768,65.258,144.418,105.999,0.966,0.869
85,251,basic,129.834,65.979,157.11,78.808,1.346,1.396
85,252,basic,247.554,179.623,247.571,179.882,1.389,1.382
85,255,basic,84.702,54.543,281.184,173.255,0.843,1.063
85,257,basic,122.28,107.36,420.059,354.208,1.089,1.328
85,259,basic,157.849,110.931,0.0,0.0,1.288,
85,261,basic,171.665,156.917,228.455,200.075,1.042,1.333
85,262,basic,186.943,144.461,337.255,254.491,1.067,1.176
85,264,basic,80.986,39.683,0.0,0.0,0.94,
85,266,basic,103.34,87.047,108.413,91.142,0.901,0.91
85,267,basic,116.104,106.315,131.175,119.758,1.009,1.026
85,268,basic,108.35,102.933,0.0,0.0,1.077,
85,269,basic,104.573,97.87,223.698,208.934,1.033,1.374
85,270,basic,146.419,95.277,509.992,335.827,1.446,1.44
85,272,basic,41.924,39.312,0.0,0.0,1.063,
85,275,basic,91.623,86.052,197.791,185.712,1.168,1.278
85,276,basic,155.361,79.064,321.714,164.302,1.12,1.302
85,277,basic,125.619,79.402,129.294,81.433,1.006,1.022
85,279,basic,106.101,46.443,143.884,62.518,0.994,1.031
85,281,basic,67.974,44.311,144.224,85.894,0.809,1.229
85,282,basic,76.118,54.879,87.826,61.388,0.889,1.029
85,286,basic,180.645,118.722,311.659,210.329,1.831,1.782
85,287,gifted,190.0,174.196,0.0,0.0,,
85,288,basic,189.502,164.796,189.568,165.521,1.342,1.328
85,289,basic,158.033,130.069,0.0,0.0,1.368,
85,291,basic,380.54,268.326,631.952,443.665,2.307,2.347
85,292,basic,564.989,321.688,771.874,438.665,1.5,1.449
85,930,basic,399.096,339.499,824.522,713.771,2.298,2.198
85,935,basic,438.934,297.995,0.0,0.0,1.848,
85,939,basic,219.67,109.359,0.0,0.0,1.697,
85,949,basic,379.263,299.51,0.0,0.0,1.538,
85,955,basic,46.355,44.037,0.0,0.0,2.706,
85,971,gifted,515.811,472.908,703.905,645.356,,
85,972,basic,255.829,186.801,0.0,0.0,1.839,
85,974,basic,86.904,76.573,92.212,80.462,1.184,1.244
85,977,basic,242.651,174.08,242.266,173.789,1.314,1.315
86,103,basic,256.26,227.67,256.26,227.678,1.618,1.618
86,104,basic,127.686,54.203,127.939,54.247,2.284,2.29
86,105,basic,453.048,217.316,452.981,217.248,2.292,2.292
86,105,gifted,182.609,167.314,182.609,167.314,,
86,106,basic,448.115,285.152,448.392,285.21,1.697,1.698
86,106,gifted,115.983,106.269,115.983,106.269,,
86,107,basic,523.508,259.247,521.732,258.573,2.534,2.529
86,109,basic,153.598,106.341,153.433,106.229,2.046,2.045
86,110,basic,389.174,213.19,389.634,213.392,2.128,2.13
86,113,basic,392.875,242.891,392.855,242.834,2.301,2.302
86,113,gifted,134.755,123.468,134.755,123.468,,
86,115,basic,152.266,90.846,152.265,90.845,1.718,1.718
86,117,basic,259.638,163.862,260.056,164.019,2.334,2.337
86,117,gifted,89.445,81.954,89.445,81.954,,
86,118,basic,276.996,149.58,277.112,149.601,2.077,2.079
86,130,basic,666.596,413.736,666.353,413.655,1.71,1.71
86,201,basic,84.407,55.229,84.193,55.069,0.991,0.992
86,202,basic,176.936,88.768,202.532,101.025,1.697,1.728
86,203,basic,256.242,172.226,255.057,171.669,1.277,1.271
86,204,basic,187.807,127.67,389.267,264.423,1.426,1.465
86,207,basic,0.0,0.0,126.372,94.703,,1.073
86,208,basic,208.532,171.02,0.0,0.0,1.228,
86,209,basic,144.993,52.685,236.526,84.67,0.768,0.84
86,210,basic,193.521,82.717,0.0,0.0,1.423,
86,211,basic,76.228,46.802,260.314,163.357,1.099,1.354
86,212,gifted,206.099,188.837,206.099,188.837,,
86,215,basic,116.264,70.642,116.024,70.707,0.891,0.88
86,218,basic,161.23,98.742,211.129,125.392,0.767,0.914
86,220,basic,87.962,70.288,0.0,0.0,1.351,
86,221,basic,163.928,113.653,252.968,177.612,0.984,0.971
86,222,basic,151.099,83.135,185.247,105.502,2.076,1.935
86,225,basic,91.827,45.416,90.837,44.945,1.265,1.263
86,226,basic,257.137,170.659,256.274,171.186,1.248,1.217
86,229,basic,252.427,200.607,0.0,0.0,1.132,
86,230,basic,109.056,71.158,216.766,136.991,1.031,1.206
86,233,basic,285.879,176.227,286.862,176.758,0.839,0.841
86,234,basic,77.413,60.73,0.0,0.0,1.174,
86,235,basic,82.661,52.089,137.064,85.844,1.216,1.276
86,236,basic,54.747,47.896,112.508,90.347,1.07,1.433
86,239,basic,270.021,151.116,0.0,0.0,1.72,
86,241,basic,384.374,130.943,825.167,273.767,1.86,2.177
86,242,basic,161.862,109.153,0.0,0.0,1.221,
86,243,basic,213.874,112.694,293.145,153.076,0.966,1.013
86,244,basic,36.264,33.658,36.779,34.07,1.089,1.123
86,245,basic,318.774,274.538,447.539,376.028,1.206,1.337
86,246,basic,227.376,116.003,388.693,195.478,1.181,1.259
86,247,basic,370.625,126.251,1037.626,327.199,1.557,2.247
86,248,basic,144.671,90.243,0.0,0.0,0.889,
86,249,basic,26.868,20.341,30.275,22.728,0.892,0.934
86,250,basic,88.566,63.555,142.878,104.43,0.953,0.863
86,251,basic,128.693,63.509,155.792,75.783,1.345,1.402
86,252,basic,236.404,163.089,236.481,163.305,1.41,1.406
86,255,basic,87.574,56.828,288.144,178.919,0.83,1.057
86,257,basic,119.764,101.06,412.95,332.349,1.061,1.308
86,259,basic,166.766,117.11,0.0,0.0,1.279,
86,261,basic,182.575,162.532,244.273,206.027,1.111,1.424
86,262,basic,184.205,138.443,337.512,247.498,1.059,1.177
86,264,basic,82.51,39.421,0.0,0.0,0.926,
86,266,basic,105.494,84.216,110.74,88.283,0.89,0.896
86,267,basic,121.094,106.363,136.271,119.283,1.008,1.025
86,268,basic,111.767,106.179,0.0,0.0,1.065,
86,269,basic,102.747,95.512,222.681,203.848,1.046,1.388
86,270,basic,169.875,109.576,541.128,354.599,1.497,1.473
86,272,basic,42.783,40.104,0.0,0.0,1.031,
86,275,basic,95.454,88.654,201.649,186.05,1.171,1.27
86,276,basic,150.0,75.101,316.636,160.719,1.102,1.301
86,277,basic,130.85,82.839,134.981,85.113,1.009,1.027
86,279,basic,104.882,46.694,141.819,62.61,0.985,1.028
86,281,basic,66.737,43.766,143.892,86.313,0.812,1.243
86,282,basic,77.617,56.235,88.587,62.38,0.869,1.004
86,286,basic,176.988,110.266,305.348,194.998,1.81,1.763
86,287,gifted,190.0,174.086,0.0,0.0,,
86,288,basic,189.189,159.681,189.357,160.277,1.34,1.33
86,289,basic,151.604,128.163,0.0,0.0,1.337,
86,291,basic,375.586,258.313,627.479,424.491,2.209,2.3
86,292,basic,564.878,326.317,770.577,441.954,1.479,1.436
86,930,basic,399.202,338.062,824.765,710.334,2.334,2.24
86,935,basic,438.347,298.134,0.0,0.0,1.82,
86,939,basic,218.441,108.795,0.0,0.0,1.697,
86,949,basic,382.71,308.609,0.0,0.0,1.525,
86,955,basic,45.039,42.787,0.0,0.0,2.782,
86,971,gifted,516.863,473.572,705.133,646.073,,
86,972,basic,266.196,190.043,0.0,0.0,1.856,
86,974,basic,88.709,77.579,92.762,80.599,1.221,1.264
86,977,basic,241.843,173.631,242.908,174.012,1.293,1.305
87,103,basic,271.719,243.331,271.733,243.347,1.646,1.646
87,104,basic,119.417,45.688,119.618,45.714,2.189,2.194
87,105,basic,458.671,204.373,458.585,204.297,2.252,2.253
87,105,gifted,184.282,169.187,184.282,169.187,,
87,106,basic,431.39,261.965,431.58,261.993,1.694,1.695
87,106,gifted,113.802,104.48,113.802,104.48,,
87,107,basic,496.226,233.154,494.46,232.546,2.42,2.416
87,109,basic,146.928,97.762,146.811,97.677,2.056,2.056
87,110,basic,381.631,184.715,382.055,184.877,2.093,2.094
87,113,basic,387.352,230.321,387.389,230.258,2.326,2.328
87,113,gifted,134.15,123.162,134.15,123.162,,
87,115,basic,140.848,80.835,140.842,80.832,1.728,1.728
87,117,basic,249.509,146.854,249.905,146.978,2.3,2.303
87,117,gifted,89.207,81.9,89.207,81.9,,
87,118,basic,269.061,135.707,269.2,135.733,2.066,2.067
87,130,basic,667.384,374.66,667.167,374.608,1.698,1.697
87,201,basic,74.542,52.079,74.738,52.025,0.97,0.982
87,202,basic,166.056,84.218,191.13,95.814,1.61,1.66
87,203,basic,267.479,190.16,266.195,189.667,1.319,1.31
87,204,basic,178.661,131.684,377.289,276.062,1.378,1.449
87,207,basic,0.0,0.0,123.85,93.693,,1.049
87,208,basic,208.438,178.969,0.0,0.0,1.203,
87,209,basic,141.601,45.089,232.282,72.788,0.77,0.833
87,210,basic,191.217,74.091,0.0,0.0,1.387,
87,211,basic,75.323,48.589,261.802,169.336,1.116,1.347
87,212,gifted,205.665,188.819,205.665,188.819,,
87,215,basic,127.116,72.94,126.372,73.175,0.947,0.92
87,218,basic,158.153,100.124,208.791,127.488,0.757,0.899
87,220,basic,90.623,73.481,0.0,0.0,1.427,
87,221,basic,160.894,110.156,251.15,173.337,0.935,0.945
87,222,basic,151.323,81.18,184.618,104.436,2.36,2.145
87,225,basic,81.484,40.092,80.148,39.481,1.198,1.193
87,226,basic,257.371,161.853,256.169,163.816,1.254,1.192
87,229,basic,257.489,224.439,0.0,0.0,1.134,
87,230,basic,108.943,77.543,218.089,148.657,0.991,1.184
87,233,basic,281.929,177.926,282.593,178.356,0.817,0.817
87,234,basic,76.458,64.705,0.0,0.0,1.206,
87,235,basic,79.312,49.692,132.956,82.36,1.195,1.27
87,236,basic,47.685,41.948,105.376,82.104,1.083,1.589
87,239,basic,281.014,163.116,0.0,0.0,1.687,
87,241,basic,384.413,115.402,822.882,239.579,1.855,2.111
87,242,basic,159.471,113.351,0.0,0.0,1.215,
87,243,basic,219.213,114.396,298.145,154.091,0.975,1.017
87,244,basic,38.796,35.944,39.408,36.539,1.157,1.177
87,245,basic,318.686,279.825,446.208,382.151,1.241,1.375
87,246,basic,234.625,120.134,394.505,198.581,1.132,1.206
87,247,basic,374.818,112.269,1041.084,280.352,1.545,2.207
87,248,basic,144.558,95.524,0.0,0.0,0.871,
87,249,basic,29.693,23.661,32.917,26.082,0.904,0.93
87,250,basic,88.819,70.213,142.576,115.452,0.965,0.868
87,251,basic,134.902,60.44,162.821,71.478,1.356,1.427
87,252,basic,245.289,174.602,245.207,175.169,1.409,1.395
87,255,basic,88.022,60.88,280.571,185.891,0.842,1.027
87,257,basic,121.894,109.399,416.453,358.598,1.073,1.306
87,259,basic,155.334,122.351,0.0,0.0,1.222,
87,261,basic,178.092,163.55,239.612,210.718,1.09,1.413
87,262,basic,181.843,146.467,334.645,261.878,1.058,1.174
87,264,basic,81.474,34.023,0.0,0.0,0.953,
87,266,basic,105.278,87.868,110.388,91.978,0.904,0.911
87,267,basic,119.717,110.643,134.439,123.98,1.018,1.031
87,268,basic,108.915,103.469,0.0,0.0,1.076,
87,269,basic,108.796,102.235,226.68,213.382,1.062,1.383
87,270,basic,170.27,120.025,536.269,385.377,1.482,1.46
87,272,basic,38.403,36.153,0.0,0.0,1.045,
87,275,basic,93.548,88.118,203.207,191.586,1.168,1.274
87,276,basic,153.527,71.24,319.776,147.866,1.093,1.285
87,277,basic,129.725,87.75,133.375,89.869,1.003,1.018
87,279,basic,111.923,46.583,150.798,62.23,0.993,1.029
87,281,basic,66.159,46.751,141.259,90.014,0.81,1.22
87,282,basic,83.466,67.426,95.605,74.531,0.882,1.02
87,286,basic,178.291,108.365,307.575,193.41,1.792,1.715
87,287,gifted,190.0,174.437,0.0,0.0,,
87,288,basic,191.376,165.433,191.122,166.667,1.435,1.405
87,289,basic,154.882,140.815,0.0,0.0,1.354,
87,291,basic,376.331,257.361,624.527,423.103,2.265,2.312
87,292,basic,564.709,325.891,769.965,442.331,1.433,1.4
87,930,basic,399.712,357.319,825.254,748.109,2.426,2.306
87,935,basic,436.84,312.17,0.0,0.0,1.766,
87,939,basic,223.784,102.258,0.0,0.0,1.695,
87,949,basic,378.719,324.889,0.0,0.0,1.564,
87,955,basic,46.269,43.956,0.0,0.0,2.786,
87,971,gifted,515.761,473.515,703.834,646.183,,
87,972,basic,263.726,195.351,0.0,0.0,1.881,
87,974,basic,87.082,79.643,92.497,84.469,1.234,1.293
87,977,basic,239.595,190.92,239.341,190.698,1.295,1.296
88,103,basic,266.551,242.1,266.573,242.125,1.64,1.64
88,104,basic,130.554,47.228,130.824,47.271,2.352,2.358
88,105,basic,467.171,205.758,467.127,205.706,2.276,2.277
88,105,gifted,184.411,168.632,184.411,168.632,,
88,106,basic,466.847,270.138,467.151,270.212,1.798,1.8
88,106,gifted,117.89,107.802,117.89,107.802,,
88,107,basic,520.687,242.586,518.944,241.94,2.513,2.508
88,109,basic,145.184,97.057,145.058,96.963,2.076,2.077
88,110,basic,406.712,195.906,407.206,196.109,2.146,2.147
88,113,basic,392.931,236.833,392.942,236.774,2.326,2.327
88,113,gifted,135.328,123.749,135.328,123.749,,
88,115,basic,150.768,82.954,150.758,82.95,1.741,1.741
88,117,basic,248.106,149.075,248.667,149.312,2.332,2.336
88,117,gifted,89.165,81.535,89.165,81.535,,
88,118,basic,269.955,132.996,270.124,133.041,2.113,2.115
88,130,basic,653.442,359.357,653.138,359.257,1.692,1.691
88,201,basic,79.692,53.155,79.174,52.824,1.067,1.065
88,202,basic,161.738,83.959,186.607,96.143,1.564,1.611
88,203,basic,262.083,185.831,260.989,185.227,1.335,1.33
88,204,basic,173.614,128.722,373.698,275.476,1.41,1.478
88,207,basic,0.0,0.0,132.867,100.228,,1.091
88,208,basic,212.329,181.069,0.0,0.0,1.239,
88,209,basic,144.245,41.538,234.929,66.987,0.786,0.844
88,210,basic,193.149,73.571,0.0,0.0,1.39,
88,211,basic,72.035,45.085,255.789,159.392,1.109,1.361
88,212,gifted,205.961,188.338,205.961,188.338,,
88,215,basic,115.644,65.251,115.366,65.263,0.884,0.874
88,218,basic,155.37,92.335,205.649,119.132,0.766,0.917
88,220,basic,88.927,76.047,0.0,0.0,1.405,
88,221,basic,161.203,109.657,250.427,171.086,0.941,0.952
88,222,basic,143.639,89.024,179.315,114.348,1.956,1.826
88,225,basic,83.027,39.415,82.063,38.965,1.224,1.223
88,226,basic,263.632,167.141,262.895,168.198,1.335,1.284
88,229,basic,254.874,221.93,0.0,0.0,1.135,
88,230,basic,104.164,71.055,211.717,140.663,1.027,1.202
88,233,basic,280.393,167.512,281.227,167.988,0.832,0.833
88,234,basic,75.953,65.496,0.0,0.0,1.202,
88,235,basic,76.826,48.6,129.786,81.232,1.151,1.236
88,236,basic,51.027,46.162,107.363,91.561,1.131,1.426
88,239,basic,270.603,159.336,0.0,0.0,1.711,
88,241,basic,382.88,114.479,823.216,238.173,1.89,2.197
88,242,basic,163.487,114.572,0.0,0.0,1.237,
88,243,basic,215.088,106.537,293.614,144.414,0.973,1.017
88,244,basic,38.295,35.936,38.853,36.454,1.178,1.204
88,245,basic,322.662,292.183,457.534,407.266,1.244,1.381
88,246,basic,228.509,111.579,386.438,186.816,1.192,1.258
88,247,basic,369.567,107.317,1035.297,277.711,1.576,2.252
88,248,basic,148.647,92.615,0.0,0.0,0.901,
88,249,basic,34.546,27.033,38.066,29.641,0.871,0.902
88,250,basic,93.255,71.207,147.618,114.494,0.965,0.871
88,251,basic,130.332,57.973,157.298,69.091,1.389,1.447
88,252,basic,240.119,174.504,240.198,174.814,1.431,1.423
88,255,basic,87.307,57.305,282.802,179.31,0.846,1.063
88,257,basic,123.623,112.357,415.5,365.722,1.059,1.312
88,259,basic,156.874,121.188,0.0,0.0,1.291,
88,261,basic,166.426,155.178,224.365,204.766,1.096,1.421
88,262,basic,187.375,148.603,337.14,262.215,1.076,1.191
88,264,basic,82.04,32.776,0.0,0.0,0.945,
88,266,basic,103.99,85.12,109.165,89.229,0.93,0.938
88,267,basic,117.413,109.257,132.338,122.907,1.024,1.039
88,268,basic,105.784,100.495,0.0,0.0,1.083,
88,269,basic,111.205,105.203,229.976,218.023,1.044,1.387
88,270,basic,164.166,118.043,533.964,386.93,1.457,1.456
88,272,basic,42.272,39.997,0.0,0.0,1.097,
88,275,basic,95.168,90.117,203.484,192.989,1.183,1.289
88,276,basic,151.691,67.792,317.957,141.461,1.109,1.297
88,277,basic,129.458,83.826,132.936,85.818,1.026,1.043
88,279,basic,106.291,41.505,144.244,56.047,1.008,1.039
88,281,basic,70.042,46.668,150.687,93.212,0.825,1.267
88,282,basic,76.383,59.106,87.749,66.235,0.893,1.038
88,286,basic,180.258,116.569,310.756,205.554,1.827,1.773
88,287,gifted,190.0,173.743,0.0,0.0,,
88,288,basic,177.379,159.364,177.373,160.161,1.401,1.377
88,289,basic,156.513,141.293,0.0,0.0,1.38,
88,291,basic,371.768,273.787,621.952,455.142,2.274,2.344
88,292,basic,565.336,314.869,772.144,430.333,1.503,1.452
88,930,basic,399.023,373.129,824.571,774.188,2.399,2.307
88,935,basic,438.125,319.336,0.0,0.0,1.835,
88,939,basic,219.538,100.408,0.0,0.0,1.727,
88,949,basic,377.233,329.22,0.0,0.0,1.57,
88,955,basic,45.791,43.501,0.0,0.0,2.793,
88,971,gifted,515.838,471.7,703.884,643.656,,
88,972,basic,265.828,206.04,0.0,0.0,1.843,
88,974,basic,86.793,80.654,91.824,85.264,1.258,1.323
88,977,basic,248.398,195.976,247.73,195.528,1.34,1.338
89,103,basic,267.121,238.785,267.118,238.784,1.64,1.64
89,104,basic,138.889,56.358,139.136,56.396,2.271,2.276
89,105,basic,468.296,216.8,468.267,216.749,2.306,2.307
89,105,gifted,183.009,167.731,183.009,167.731,,
89,106,basic,453.007,282.409,453.28,282.466,1.718,1.719
89,106,gifted,116.46,106.737,116.46,106.737,,
89,107,basic,513.094,248.42,511.318,247.772,2.509,2.504
89,109,basic,140.059,94.843,139.911,94.744,2.106,2.106
89,110,basic,410.016,216.739,410.406,216.899,2.124,2.125
89,113,basic,386.849,235.181,386.84,235.114,2.322,2.323
89,113,gifted,134.249,123.042,134.249,123.042,,
89,115,basic,139.89,82.132,139.885,82.129,1.713,1.713
89,117,basic,250.8,156.234,251.089,156.339,2.313,2.316
89,117,gifted,89.491,82.02,89.491,82.02,,
89,118,basic,262.635,137.263,262.817,137.311,2.11,2.112
89,130,basic,679.618,409.591,679.458,409.538,1.723,1.722
89,201,basic,76.91,51.11,76.576,50.862,1.006,1.008
89,202,basic,166.27,85.455,191.385,97.472,1.581,1.625
89,203,basic,258.504,176.851,257.326,176.341,1.304,1.297
89,204,basic,171.944,120.044,373.955,260.211,1.424,1.478
89,207,basic,0.0,0.0,117.449,89.781,,1.062
89,208,basic,204.954,171.331,0.0,0.0,1.241,
89,209,basic,154.605,53.75,249.772,85.432,0.767,0.841
89,210,basic,193.224,80.916,0.0,0.0,1.383,
89,211,basic,76.895,47.632,264.574,166.155,1.13,1.359
89,212,gifted,205.95,188.757,205.95,188.757,,
89,215,basic,121.577,73.433,121.434,73.608,0.913,0.901
89,218,basic,158.455,98.078,207.631,124.674,0.762,0.899
89,220,basic,90.829,74.496,0.0,0.0,1.353,
89,221,basic,164.901,116.866,254.733,182.006,0.93,0.936
89,222,basic,154.566,85.742,190.05,109.594,2.113,1.956
89,225,basic,89.63,44.499,88.541,43.985,1.217,1.214
89,226,basic,251.765,166.85,250.71,167.81,1.262,1.219
89,229,basic,254.634,209.579,0.0,0.0,1.137,
89,230,basic,108.079,72.727,212.756,138.22,0.991,1.171
89,233,basic,282.586,175.614,283.377,176.063,0.84,0.841
89,234,basic,77.542,62.566,0.0,0.0,1.213,
89,235,basic,85.913,53.907,143.527,89.77,1.271,1.318
89,236,basic,52.484,46.45,108.985,87.533,1.049,1.462
89,239,basic,275.383,156.143,0.0,0.0,1.715,
89,241,basic,381.444,125.0,821.784,260.907,1.853,2.161
89,242,basic,157.844,108.872,0.0,0.0,1.217,
89,243,basic,218.606,114.439,297.642,154.559,0.98,1.019
89,244,basic,38.191,35.514,38.678,35.936,1.079,1.106
89,245,basic,322.847,283.291,452.969,388.523,1.231,1.352
89,246,basic,231.634,118.125,387.019,194.572,1.167,1.239
89,247,basic,370.951,121.496,1037.386,310.901,1.541,2.225
89,248,basic,144.107,91.38,0.0,0.0,0.885,
89,249,basic,29.868,23.405,33.226,25.844,0.86,0.894
89,250,basic,82.886,61.106,136.267,102.57,0.969,0.872
89,251,basic,125.335,60.853,151.521,72.523,1.33,1.385
89,252,basic,234.573,166.423,234.639,166.733,1.365,1.359
89,255,basic,88.34,58.442,285.317,180.726,0.83,1.042
89,257,basic,119.717,103.953,414.086,343.55,1.066,1.314
89,259,basic,162.707,116.59,0.0,0.0,1.333,
89,261,basic,174.761,158.885,234.61,203.328,1.068,1.379
89,262,basic,188.84,145.855,341.629,257.703,1.066,1.172
89,264,basic,82.403,38.239,0.0,0.0,0.928,
89,266,basic,108.933,89.163,114.196,93.312,0.897,0.904
89,267,basic,112.075,101.552,127.353,115.043,1.015,1.032
89,268,basic,106.387,101.067,0.0,0.0,1.05,
89,269,basic,106.283,99.456,227.018,211.602,1.05,1.391
89,270,basic,153.952,102.417,517.413,349.406,1.475,1.461
89,272,basic,41.869,39.296,0.0,0.0,1.052,
89,275,basic,97.916,91.876,204.998,191.496,1.133,1.258
89,276,basic,150.862,73.915,319.142,157.322,1.123,1.317
89,277,basic,128.124,82.818,131.947,84.976,0.996,1.013
89,279,basic,104.426,45.487,143.611,62.069,0.985,1.023
89,281,basic,69.418,46.564,146.914,89.792,0.805,1.23
89,282,basic,78.343,58.146,90.812,65.271,0.907,1.051
89,286,basic,175.231,112.552,304.64,199.117,1.718,1.707
89,287,gifted,190.0,174.139,0.0,0.0,,
89,288,basic,188.426,162.419,188.495,163.071,1.374,1.361
89,289,basic,156.082,134.997,0.0,0.0,1.359,
89,291,basic,378.229,261.076,628.195,428.442,2.264,2.327
89,292,basic,563.538,324.925,768.924,440.991,1.468,1.427
89,930,basic,399.031,346.196,824.339,726.142,2.354,2.253
89,935,basic,437.6,302.985,0.0,0.0,1.8,
89,939,basic,221.705,107.324,0.0,0.0,1.731,
89,949,basic,376.905,311.198,0.0,0.0,1.522,
89,955,basic,45.598,43.318,0.0,0.0,2.767,
89,971,gifted,516.163,473.074,704.33,645.532,,
89,972,basic,260.986,188.794,0.0,0.0,1.876,
89,974,basic,86.262,76.605,91.039,80.488,1.251,1.298
89,977,basic,234.096,173.693,234.736,173.945,1.299,1.305
90,103,basic,276.623,255.298,276.635,255.315,1.686,1.686
90,104,basic,138.171,59.609,138.469,59.661,2.356,2.363
90,105,basic,407.32,204.257,407.257,204.198,2.278,2.278
90,105,gifted,173.606,160.344,173.606,160.344,,
90,106,basic,441.588,286.686,441.878,286.781,1.739,1.741
90,106,gifted,114.819,106.048,114.819,106.048,,
90,107,basic,496.954,262.023,495.116,261.238,2.519,2.514
90,109,basic,144.959,105.527,144.841,105.423,2.092,2.093
90,110,basic,392.44,221.23,392.952,221.475,2.149,2.151
90,113,basic,392.254,257.257,392.248,257.184,2.315,2.316
90,113,gifted,135.138,124.814,135.138,124.814,,
90,115,basic,150.041,91.583,150.037,91.58,1.729,1.729
90,117,basic,253.71,170.732,254.219,170.975,2.326,2.33
90,117,gifted,89.814,82.953,89.814,82.953,,
90,118,basic,264.094,146.9,264.255,146.952,2.132,2.134
90,130,basic,665.374,417.904,665.093,417.791,1.78,1.779
90,201,basic,80.713,50.431,79.83,49.972,1.129,1.117
90,202,basic,170.804,85.939,196.153,98.085,1.695,1.737
90,203,basic,264.628,176.61,263.426,176.001,1.291,1.284
90,204,basic,171.355,117.622,369.064,252.459,1.432,1.486
90,207,basic,0.0,0.0,130.115,95.571,,1.091
90,208,basic,207.127,170.457,0.0,0.0,1.269,
90,209,basic,140.841,46.001,235.059,75.915,0.769,0.842
90,210,basic,193.933,79.258,0.0,0.0,1.41,
90,211,basic,79.825,47.718,265.041,165.559,1.1,1.363
90,212,gifted,205.745,190.027,205.745,190.027,,
90,215,basic,119.68,69.43,119.604,69.507,0.901,0.893
90,218,basic,157.375,91.344,209.639,118.705,0.769,0.93
90,220,basic,91.476,74.08,0.0,0.0,1.41,
90,221,basic,166.471,110.573,257.578,173.43,1.067,1.028
90,222,basic,146.544,83.681,181.893,106.685,2.129,1.987
90,225,basic,86.147,41.343,85.096,40.851,1.237,1.235
90,226,basic,255.274,164.607,254.349,165.286,1.318,1.27
90,229,basic,251.903,198.943,0.0,0.0,1.16,
90,230,basic,111.048,70.367,219.616,136.423,1.07,1.218
90,233,basic,279.954,164.311,280.849,164.792,0.844,0.846
90,234,basic,76.949,60.615,0.0,0.0,1.177,
90,235,basic,81.852,50.436,138.45,85.008,1.259,1.309
90,236,basic,47.042,41.865,101.58,83.749,1.07,1.457
90,239,basic,276.81,155.76,0.0,0.0,1.748,
90,241,basic,383.618,125.196,823.486,267.773,1.933,2.253
90,242,basic,155.965,104.042,0.0,0.0,1.229,
90,243,basic,219.072,108.954,299.585,148.044,0.985,1.03
90,244,basic,39.027,36.482,39.599,36.998,1.128,1.156
90,245,basic,321.872,279.121,453.608,386.001,1.228,1.363
90,246,basic,239.469,116.918,398.301,193.068,1.229,1.284
90,247,basic,371.038,118.862,1034.908,321.469,1.613,2.281
90,248,basic,147.955,88.584,0.0,0.0,0.902,
90,249,basic,31.133,23.107,34.57,25.508,0.885,0.924
90,250,basic,85.333,59.894,138.142,98.283,0.955,0.865
90,251,basic,124.769,58.663,151.866,70.547,1.407,1.466
90,252,basic,247.276,170.157,247.368,170.376,1.427,1.421
90,255,basic,88.37,54.948,285.62,172.14,0.857,1.072
90,257,basic,125.386,104.622,420.969,339.343,1.096,1.334
90,259,basic,157.458,110.513,0.0,0.0,1.297,
90,261,basic,176.404,160.17,234.864,205.133,1.085,1.389
90,262,basic,181.973,134.519,332.013,241.093,1.079,1.195
90,264,basic,80.453,35.51,0.0,0.0,0.953,
90,266,basic,104.821,81.584,109.947,85.446,0.893,0.902
90,267,basic,117.273,102.636,132.613,115.775,1.017,1.033
90,268,basic,109.633,104.152,0.0,0.0,1.066,
90,269,basic,108.69,102.164,228.578,214.382,1.063,1.394
90,270,basic,161.524,105.055,528.572,348.197,1.542,1.502
90,272,basic,43.315,40.824,0.0,0.0,1.065,
90,275,basic,95.73,90.046,204.897,192.303,1.167,1.272
90,276,basic,152.887,71.981,319.402,155.679,1.133,1.321
90,277,basic,123.148,75.511,126.79,77.528,1.013,1.031
90,279,basic,107.788,44.566,147.181,60.501,1.008,1.048
90,281,basic,68.973,43.431,148.273,87.216,0.821,1.268
90,282,basic,79.547,56.054,90.715,62.555,0.895,1.034
90,286,basic,177.319,109.624,306.417,195.441,2.038,1.918
90,287,gifted,190.0,175.486,0.0,0.0,,
90,288,basic,191.671,163.94,191.818,164.674,1.422,1.403
90,289,basic,152.873,133.102,0.0,0.0,1.406,
90,291,basic,380.004,268.317,633.299,444.27,2.429,2.475
90,292,basic,563.952,324.022,771.161,437.566,1.508,1.461
90,930,basic,399.206,359.916,824.84,751.921,2.365,2.264
90,935,basic,438.317,307.938,0.0,0.0,1.889,
90,939,basic,217.668,106.772,0.0,0.0,1.793,
90,949,basic,379.196,315.666,0.0,0.0,1.577,
90,955,basic,46.629,44.297,0.0,0.0,2.774,
90,971,gifted,515.183,475.828,703.277,649.553,,
90,972,basic,256.896,191.886,0.0,0.0,1.876,
90,974,basic,87.166,78.169,92.311,82.294,1.219,1.274
90,977,basic,230.55,166.186,231.657,166.748,1.301,1.31
91,103,basic,267.793,241.883,267.817,241.905,1.658,1.658
91,104,basic,127.014,47.857,127.277,47.906,2.688,2.694
91,105,basic,475.732,224.56,475.705,224.512,2.33,2.331
91,105,gifted,185.271,169.663,185.271,169.663,,
91,106,basic,462.808,282.851,463.092,282.92,1.782,1.784
91,106,gifted,116.535,106.718,116.535,106.718,,
91,107,basic,499.905,249.927,498.106,249.203,2.512,2.507
91,109,basic,154.251,104.492,154.11,104.405,2.172,2.171
91,110,basic,414.467,214.159,414.819,214.312,2.139,2.14
91,113,basic,390.628,240.0,390.637,239.935,2.407,2.408
91,113,gifted,133.787,122.516,133.787,122.516,,
91,115,basic,138.362,81.172,138.354,81.168,1.726,1.726
91,117,basic,259.626,163.03,259.842,163.103,2.301,2.303
91,117,gifted,89.71,82.153,89.71,82.153,,
91,118,basic,264.029,139.302,264.22,139.364,2.118,2.12
91,130,basic,651.124,381.734,650.938,381.66,1.705,1.704
91,201,basic,82.935,55.153,82.523,54.868,1.011,1.011
91,202,basic,171.179,86.822,197.15,99.286,1.779,1.825
91,203,basic,269.491,185.86,268.333,185.367,1.345,1.336
91,204,basic,181.356,129.53,381.278,272.216,1.446,1.481
91,207,basic,0.0,0.0,136.81,99.574,,1.144
91,208,basic,203.468,168.088,0.0,0.0,1.267,
91,209,basic,157.222,50.895,256.184,81.969,0.77,0.839
91,210,basic,195.696,78.585,0.0,0.0,1.429,
91,211,basic,78.422,48.953,261.288,165.395,1.108,1.362
91,212,gifted,205.638,188.315,205.638,188.315,,
91,215,basic,118.01,67.507,117.76,67.627,0.935,0.919
91,218,basic,159.376,95.938,209.353,122.902,0.761,0.91
91,220,basic,98.318,79.769,0.0,0.0,1.554,
91,221,basic,159.541,106.455,248.114,167.02,0.981,0.973
91,222,basic,152.58,86.115,187.79,109.758,2.358,2.174
91,225,basic,84.077,41.162,82.85,40.602,1.24,1.234
91,226,basic,262.262,165.462,261.199,166.337,1.319,1.267
91,229,basic,246.652,204.309,0.0,0.0,1.146,
91,230,basic,121.893,81.928,229.405,150.515,1.03,1.19
91,233,basic,279.847,168.442,279.919,168.571,0.855,0.853
91,234,basic,80.085,65.686,0.0,0.0,1.232,
91,235,basic,86.899,53.34,143.097,87.68,1.302,1.341
91,236,basic,51.606,45.526,109.583,86.47,1.133,1.668
91,239,basic,282.579,164.144,0.0,0.0,1.758,
91,241,basic,383.849,124.616,823.011,260.479,1.894,2.223
91,242,basic,151.961,104.907,0.0,0.0,1.228,
91,243,basic,215.85,110.071,294.928,149.388,0.987,1.03
91,244,basic,35.263,32.864,35.811,33.377,1.196,1.22
91,245,basic,320.488,279.995,450.369,386.218,1.25,1.372
91,246,basic,228.895,115.065,385.303,191.733,1.203,1.269
91,247,basic,364.294,116.224,1030.071,307.535,1.573,2.271
91,248,basic,141.118,88.551,0.0,0.0,0.888,
91,249,basic,26.682,20.176,29.846,22.477,0.941,0.969
91,250,basic,84.273,62.54,140.453,105.94,0.967,0.869
91,251,basic,124.942,57.478,151.054,68.46,1.417,1.486
91,252,basic,227.705,159.718,227.679,160.103,1.428,1.414
91,255,basic,87.969,57.177,286.521,180.98,0.885,1.068
91,257,basic,122.084,105.335,420.793,350.053,1.093,1.331
91,259,basic,157.288,116.326,0.0,0.0,1.33,
91,261,basic,165.894,151.872,225.718,199.294,1.107,1.431
91,262,basic,183.045,140.64,334.585,251.775,1.067,1.19
91,264,basic,73.132,31.503,0.0,0.0,0.902,
91,266,basic,102.292,81.091,107.168,84.842,0.908,0.915
91,267,basic,123.787,110.731,138.902,123.94,1.034,1.049
91,268,basic,113.086,107.431,0.0,0.0,1.065,
91,269,basic,102.529,96.659,222.019,209.547,1.035,1.375
91,270,basic,161.754,109.253,526.373,364.559,1.626,1.528
91,272,basic,42.6,40.23,0.0,0.0,1.052,
91,275,basic,95.826,90.376,206.505,194.85,1.19,1.313
91,276,basic,157.145,73.439,325.584,153.528,1.115,1.312
91,277,basic,122.673,79.133,126.678,81.475,1.002,1.019
91,279,basic,99.538,41.586,136.458,56.611,0.992,1.036
91,281,basic,70.266,46.649,148.977,91.995,0.819,1.251
91,282,basic,83.874,62.798,96.249,70.351,0.915,1.056
91,286,basic,180.345,108.169,310.108,192.934,2.099,1.968
91,287,gifted,190.0,173.994,0.0,0.0,,
91,288,basic,186.138,163.308,185.999,164.091,1.412,1.386
91,289,basic,160.746,143.548,0.0,0.0,1.366,
91,291,basic,379.873,262.901,627.077,432.758,2.441,2.471
91,292,basic,562.607,321.267,767.438,436.499,1.521,1.467
91,930,basic,399.418,362.481,824.811,756.586,2.475,2.352
91,935,basic,437.348,308.658,0.0,0.0,1.904,
91,939,basic,223.417,105.37,0.0,0.0,1.832,
91,949,basic,380.616,323.788,0.0,0.0,1.595,
91,955,basic,46.839,44.497,0.0,0.0,2.776,
91,971,gifted,515.571,472.14,703.749,644.465,,
91,972,basic,265.734,195.791,0.0,0.0,1.966,
91,974,basic,87.378,79.977,92.323,84.383,1.265,1.314
91,977,basic,226.986,173.677,228.393,174.482,1.29,1.3
92,103,basic,264.403,224.04,264.389,224.047,1.632,1.632
92,104,basic,112.25,44.954,112.469,44.986,2.056,2.062
92,105,basic,434.872,190.3,434.765,190.227,2.261,2.262
92,105,gifted,177.307,163.011,177.307,163.011,,
92,106,basic,467.257,272.208,467.501,272.264,1.699,1.7
92,106,gifted,117.218,107.767,117.218,107.767,,
92,107,basic,519.182,235.199,517.423,234.608,2.485,2.481
92,109,basic,149.895,95.464,149.8,95.376,2.032,2.033
92,110,basic,418.553,207.889,419.104,208.11,2.135,2.137
92,113,basic,383.356,219.095,383.321,219.023,2.272,2.273
92,113,gifted,134.584,123.732,134.584,123.732,,
92,115,basic,146.42,79.695,146.415,79.692,1.718,1.718
92,117,basic,247.242,143.612,247.892,143.868,2.302,2.306
92,117,gifted,89.637,82.41,89.637,82.41,,
92,118,basic,270.754,132.025,270.919,132.061,2.105,2.107
92,130,basic,671.327,377.853,671.018,377.776,1.71,1.709
92,201,basic,78.849,54.217,78.272,53.871,1.03,1.025
92,202,basic,172.001,91.843,197.188,104.578,1.618,1.653
92,203,basic,254.387,182.112,253.164,181.518,1.269,1.262
92,204,basic,179.238,128.491,378.713,272.599,1.458,1.478
92,207,basic,0.0,0.0,124.424,98.859,,1.068
92,208,basic,207.489,174.755,0.0,0.0,1.205,
92,209,basic,148.125,54.698,243.741,88.616,0.766,0.84
92,210,basic,192.191,85.327,0.0,0.0,1.391,
92,211,basic,79.506,51.499,268.366,167.301,1.104,1.341
92,212,gifted,205.886,189.286,205.886,189.286,,
92,215,basic,116.464,73.642,116.376,73.774,0.887,0.878
92,218,basic,153.494,99.116,206.021,128.446,0.754,0.92
92,220,basic,89.347,73.857,0.0,0.0,1.385,
92,221,basic,160.927,119.061,249.885,186.288,0.936,0.942
92,222,basic,143.015,83.478,177.871,107.566,2.069,1.928
92,225,basic,86.823,45.387,85.876,44.913,1.196,1.194
92,226,basic,258.044,179.967,256.922,180.783,1.246,1.206
92,229,basic,252.478,214.429,0.0,0.0,1.135,
92,230,basic,113.988,78.674,224.184,150.277,1.042,1.203
92,233,basic,279.974,181.08,280.62,181.493,0.845,0.845
92,234,basic,76.578,63.904,0.0,0.0,1.19,
92,235,basic,88.844,58.521,145.99,95.664,1.24,1.295
92,236,basic,50.098,44.662,105.779,86.624,1.102,1.477
92,239,basic,264.574,157.555,0.0,0.0,1.671,
92,241,basic,387.373,134.191,827.994,273.424,1.887,2.147
92,242,basic,153.41,109.654,0.0,0.0,1.208,
92,243,basic,216.359,118.702,295.506,160.852,0.985,1.025
92,244,basic,34.43,32.04,35.028,32.564,1.097,1.129
92,245,basic,321.026,287.353,448.197,392.389,1.227,1.365
92,246,basic,229.205,122.334,385.841,203.499,1.167,1.231
92,247,basic,369.084,127.742,1035.594,318.669,1.578,2.228
92,248,basic,147.658,96.878,0.0,0.0,0.893,
92,249,basic,22.152,17.611,25.343,19.951,0.925,0.973
92,250,basic,86.099,65.703,140.445,109.248,0.964,0.872
92,251,basic,126.517,64.518,152.984,77.145,1.365,1.407
92,252,basic,239.489,176.6,239.473,177.14,1.394,1.381
92,255,basic,87.64,60.061,283.716,185.877,0.835,1.061
92,257,basic,122.556,109.343,416.509,357.601,1.079,1.321
92,259,basic,153.529,115.254,0.0,0.0,1.27,
92,261,basic,169.244,154.768,228.882,200.735,1.095,1.415
92,262,basic,184.094,146.806,336.703,262.825,1.076,1.177
92,264,basic,83.29,41.008,0.0,0.0,0.911,
92,266,basic,108.828,92.682,114.104,97.024,0.885,0.892
92,267,basic,117.266,108.205,132.5,121.939,1.034,1.049
92,268,basic,110.133,104.626,0.0,0.0,1.055,
92,269,basic,105.7,99.308,226.017,212.224,1.033,1.368
92,270,basic,161.022,111.185,532.008,373.498,1.477,1.448
92,272,basic,40.603,38.158,0.0,0.0,1.043,
92,275,basic,95.303,89.674,207.112,195.011,1.19,1.293
92,276,basic,154.428,80.081,322.67,162.453,1.107,1.292
92,277,basic,124.043,83.309,127.894,85.587,1.0,1.017
92,279,basic,101.618,46.63,139.901,63.672,0.994,1.035
92,281,basic,68.502,47.306,151.237,95.095,0.831,1.279
92,282,basic,77.722,59.536,89.526,66.54,0.911,1.052
92,286,basic,185.079,122.1,316.9,215.096,1.799,1.737
92,287,gifted,190.0,174.68,0.0,0.0,,
92,288,basic,187.124,165.243,187.276,165.959,1.366,1.353
92,289,basic,156.525,129.036,0.0,0.0,1.332,
92,291,basic,370.609,258.828,621.893,429.157,2.212,2.306
92,292,basic,563.86,325.356,769.625,447.033,1.457,1.417
92,930,basic,398.96,345.955,824.46,722.759,2.33,2.24
92,935,basic,438.096,303.461,0.0,0.0,1.761,
92,939,basic,216.223,106.507,0.0,0.0,1.714,
92,949,basic,373.743,302.894,0.0,0.0,1.481,
92,955,basic,45.898,43.603,0.0,0.0,2.707,
92,971,gifted,516.238,474.614,704.421,647.624,,
92,972,basic,261.624,188.145,0.0,0.0,1.866,
92,974,basic,85.834,77.335,91.385,81.947,1.219,1.275
92,977,basic,235.334,180.159,235.89,180.433,1.298,1.302
93,103,basic,260.564,223.205,260.597,223.233,1.624,1.624
93,104,basic,130.971,56.01,131.203,56.055,2.543,2.548
93,105,basic,467.202,233.26,467.153,233.19,2.254,2.255
93,105,gifted,185.831,170.238,185.831,170.238,,
93,106,basic,467.394,296.706,467.693,296.757,1.776,1.778
93,106,gifted,117.344,107.497,117.344,107.497,,
93,107,basic,508.711,260.386,506.983,259.726,2.457,2.453
93,109,basic,150.837,100.549,150.655,100.442,2.139,2.139
93,110,basic,382.739,220.103,383.067,220.253,2.092,2.093
93,113,basic,385.087,228.992,385.105,228.932,2.397,2.398
93,113,gifted,132.413,121.302,132.413,121.302,,
93,115,basic,140.416,85.461,140.405,85.456,1.727,1.727
93,117,basic,256.765,162.011,256.988,162.073,2.314,2.316
93,117,gifted,89.587,82.07,89.587,82.07,,
93,118,basic,256.96,142.538,257.097,142.569,2.075,2.076
93,130,basic,670.973,433.146,670.818,433.091,1.713,1.713
93,201,basic,77.897,52.078,77.668,51.824,0.979,0.986
93,202,basic,167.674,89.085,193.2,101.661,1.592,1.638
93,203,basic,251.039,168.402,249.738,167.798,1.282,1.275
93,204,basic,162.129,110.342,360.151,242.945,1.359,1.437
93,207,basic,0.0,0.0,121.334,93.46,,1.032
93,208,basic,201.813,162.644,0.0,0.0,1.23,
93,209,basic,159.05,69.127,256.639,109.956,0.782,0.845
93,210,basic,192.107,92.808,0.0,0.0,1.363,
93,211,basic,80.172,50.473,264.158,167.869,1.112,1.346
93,212,gifted,205.568,188.319,205.568,188.319,,
93,215,basic,114.643,74.394,114.195,74.553,0.926,0.906
93,218,basic,160.841,104.246,211.026,132.592,0.766,0.901
93,220,basic,87.903,67.721,0.0,0.0,1.34,
93,221,basic,166.519,120.709,258.129,189.006,0.97,0.972
93,222,basic,150.912,80.19,186.787,103.161,2.163,2.012
93,225,basic,85.987,45.898,84.856,45.336,1.239,1.235
93,226,basic,258.801,175.921,257.65,177.797,1.303,1.242
93,229,basic,245.983,191.211,0.0,0.0,1.127,
93,230,basic,96.003,63.162,203.396,129.663,1.054,1.216
93,233,basic,281.604,183.543,282.678,184.155,0.839,0.842
93,234,basic,79.153,60.049,0.0,0.0,1.205,
93,235,basic,85.09,55.227,140.123,90.337,1.248,1.307
93,236,basic,49.978,42.946,108.002,80.34,1.071,1.645
93,239,basic,265.141,152.222,0.0,0.0,1.656,
93,241,basic,384.6,147.425,823.218,305.476,1.871,2.168
93,242,basic,160.14,108.999,0.0,0.0,1.231,
93,243,basic,215.352,122.34,293.656,165.287,0.973,1.016
93,244,basic,37.543,34.117,38.043,34.57,1.092,1.109
93,245,basic,319.37,266.941,450.157,367.325,1.246,1.365
93,246,basic,242.9,132.961,405.283,218.727,1.171,1.24
93,247,basic,366.917,143.541,1031.369,368.629,1.562,2.228
93,248,basic,144.361,93.587,0.0,0.0,0.897,
93,249,basic,23.935,18.162,26.912,20.302,0.939,0.969
93,250,basic,89.191,64.001,147.103,107.632,0.954,0.867
93,251,basic,139.879,75.091,168.635,89.075,1.367,1.424
93,252,basic,245.939,167.559,245.946,168.01,1.443,1.432
93,255,basic,86.796,57.902,282.224,180.194,0.848,1.055
93,257,basic,128.135,105.02,426.681,333.588,1.083,1.309
93,259,basic,164.331,114.232,0.0,0.0,1.238,
93,261,basic,170.379,149.168,230.2,189.282,1.044,1.343
93,262,basic,187.472,140.521,338.442,247.526,1.065,1.172
93,264,basic,78.802,43.515,0.0,0.0,0.887,
93,266,basic,102.759,82.792,107.799,86.694,0.883,0.891
93,267,basic,122.21,105.311,136.938,117.605,1.026,1.041
93,268,basic,110.659,105.119,0.0,0.0,1.058,
93,269,basic,105.787,96.145,225.238,197.54,1.024,1.356
93,270,basic,155.697,100.23,519.607,338.081,1.422,1.427
93,272,basic,41.507,38.308,0.0,0.0,1.031,
93,275,basic,99.289,90.707,209.123,188.286,1.112,1.223
93,276,basic,154.353,85.333,324.149,179.851,1.112,1.303
93,277,basic,124.268,80.655,127.805,82.639,1.007,1.023
93,279,basic,106.522,53.296,144.845,71.885,0.991,1.029
93,281,basic,68.208,46.174,144.951,89.135,0.804,1.226
93,282,basic,80.972,58.619,91.858,64.509,0.864,0.993
93,286,basic,180.912,111.051,310.851,197.892,1.887,1.795
93,287,gifted,190.0,174.057,0.0,0.0,,
93,288,basic,187.776,148.585,187.823,149.737,1.419,1.394
93,289,basic,159.756,127.008,0.0,0.0,1.357,
93,291,basic,380.3,243.283,631.742,403.532,2.343,2.358
93,292,basic,563.771,336.13,770.603,457.851,1.476,1.43
93,930,basic,398.841,306.25,824.123,647.591,2.298,2.196
93,935,basic,437.903,286.315,0.0,0.0,1.828,
93,939,basic,216.796,115.265,0.0,0.0,1.687,
93,949,basic,385.219,292.197,0.0,0.0,1.555,
93,955,basic,46.748,44.359,0.0,0.0,2.798,
93,971,gifted,515.252,472.017,703.252,644.242,,
93,972,basic,264.445,179.653,0.0,0.0,1.887,
93,974,basic,86.653,71.393,91.876,74.946,1.203,1.255
93,977,basic,234.841,164.476,234.617,164.313,1.305,1.305
94,103,basic,273.299,242.722,273.28,242.722,1.646,1.645
94,104,basic,128.428,59.074,128.711,59.127,2.219,2.226
94,105,basic,445.661,226.822,445.518,226.723,2.31,2.311
94,105,gifted,182.219,167.162,182.219,167.162,,
94,106,basic,458.316,294.965,458.597,295.06,1.725,1.727
94,106,gifted,116.341,106.728,116.341,106.728,,
94,107,basic,527.866,281.003,526.126,280.254,2.521,2.516
94,109,basic,152.674,107.439,152.57,107.338,2.093,2.094
94,110,basic,396.877,224.649,397.476,224.942,2.131,2.132
94,113,basic,384.474,246.373,384.469,246.309,2.316,2.318
94,113,gifted,133.174,122.17,133.174,122.17,,
94,115,basic,152.765,93.148,152.759,93.144,1.737,1.737
94,117,basic,253.462,166.234,254.084,166.535,2.315,2.32
94,117,gifted,89.753,82.337,89.753,82.337,,
94,118,basic,263.938,149.362,264.035,149.386,2.06,2.061
94,130,basic,668.536,420.852,668.19,420.73,1.721,1.72
94,201,basic,74.623,47.523,74.821,47.554,1.057,1.07
94,202,basic,168.424,87.258,193.821,100.007,1.714,1.745
94,203,basic,251.478,165.865,250.244,165.222,1.337,1.33
94,204,basic,189.137,128.022,389.207,263.318,1.459,1.49
94,207,basic,0.0,0.0,125.693,90.638,,1.103
94,208,basic,211.674,167.797,0.0,0.0,1.267,
94,209,basic,151.972,55.88,248.978,90.631,0.78,0.848
94,210,basic,193.136,84.416,0.0,0.0,1.429,
94,211,basic,76.395,46.301,258.347,162.595,1.123,1.35
94,212,gifted,205.678,188.683,205.678,188.683,,
94,215,basic,124.601,73.625,124.325,73.676,0.953,0.939
94,218,basic,153.993,91.949,202.285,118.203,0.766,0.912
94,220,basic,88.827,69.257,0.0,0.0,1.411,
94,221,basic,165.99,111.143,256.749,173.64,1.011,0.988
94,222,basic,146.013,80.859,181.284,103.917,2.331,2.13
94,225,basic,87.28,43.918,86.228,43.4,1.251,1.249
94,226,basic,254.139,164.901,253.468,165.023,1.274,1.252
94,229,basic,256.428,197.245,0.0,0.0,1.147,
94,230,basic,110.75,70.781,221.28,138.592,1.067,1.221
94,233,basic,275.892,166.356,276.818,166.874,0.831,0.833
94,234,basic,78.683,59.904,0.0,0.0,1.221,
94,235,basic,84.817,52.241,140.0,86.213,1.313,1.344
94,236,basic,50.901,43.771,107.699,84.048,1.084,1.561
94,239,basic,278.141,159.895,0.0,0.0,1.705,
94,241,basic,384.033,138.456,824.983,293.961,1.916,2.243
94,242,basic,157.95,105.224,0.0,0.0,1.233,
94,243,basic,217.71,113.547,295.223,153.125,0.987,1.026
94,244,basic,35.941,33.528,36.483,33.98,1.098,1.132
94,245,basic,322.659,269.082,451.105,369.354,1.204,1.333
94,246,basic,220.417,113.702,377.883,192.764,1.176,1.258
94,247,basic,372.696,132.575,1039.737,354.613,1.624,2.307
94,248,basic,148.094,90.902,0.0,0.0,0.884,
94,249,basic,27.898,20.387,31.25,22.696,0.916,0.959
94,250,basic,92.05,63.95,147.173,103.855,0.985,0.879
94,251,basic,128.821,63.758,155.787,76.293,1.379,1.432
94,252,basic,238.642,160.992,238.676,161.362,1.456,1.442
94,255,basic,88.496,56.01,280.904,172.904,0.845,1.043
94,257,basic,121.247,97.628,412.597,321.096,1.079,1.32
94,259,basic,158.019,109.625,0.0,0.0,1.293,
94,261,basic,172.775,151.747,232.165,195.142,1.104,1.414
94,262,basic,186.571,135.595,338.396,242.017,1.086,1.193
94,264,basic,77.282,36.603,0.0,0.0,0.939,
94,266,basic,104.204,79.233,109.302,83.023,0.899,0.906
94,267,basic,119.168,100.183,133.605,112.081,1.029,1.044
94,268,basic,109.146,103.688,0.0,0.0,1.064,
94,269,basic,109.848,101.899,229.365,208.959,1.053,1.378
94,270,basic,155.708,101.011,520.26,341.645,1.515,1.479
94,272,basic,43.358,40.71,0.0,0.0,1.049,
94,275,basic,95.044,87.828,206.438,189.551,1.208,1.293
94,276,basic,153.22,76.152,321.453,163.71,1.129,1.316
94,277,basic,126.423,78.482,130.146,80.591,1.024,1.041
94,279,basic,103.632,46.276,142.013,63.086,1.008,1.045
94,281,basic,70.639,45.191,147.037,88.319,0.815,1.24
94,282,basic,73.696,51.816,84.37,58.039,0.874,1.019
94,286,basic,180.254,111.897,311.495,198.27,1.951,1.863
94,287,gifted,190.0,174.3,0.0,0.0,,
94,288,basic,195.461,161.739,195.763,162.249,1.371,1.362
94,289,basic,154.093,128.612,0.0,0.0,1.365,
94,291,basic,374.766,257.843,628.564,426.238,2.347,2.443
94,292,basic,563.674,328.659,770.225,444.652,1.5,1.458
94,930,basic,398.833,346.526,824.177,725.577,2.346,2.257
94,935,basic,437.625,299.349,0.0,0.0,1.876,
94,939,basic,217.324,110.505,0.0,0.0,1.778,
94,949,basic,376.721,304.489,0.0,0.0,1.544,
94,955,basic,43.523,41.346,0.0,0.0,2.757,
94,971,gifted,516.825,474.12,705.049,646.792,,
94,972,basic,263.211,187.764,0.0,0.0,1.916,
94,974,basic,90.574,77.907,93.437,80.053,1.27,1.301
94,977,basic,232.494,164.537,232.753,164.675,1.32,1.322
95,103,basic,275.344,247.965,275.34,247.963,1.666,1.666
95,104,basic,139.876,55.333,140.161,55.38,2.538,2.544
95,105,basic,459.945,218.662,459.93,218.616,2.29,2.291
95,105,gifted,179.918,164.887,179.918,164.887,,
95,106,basic,476.639,299.215,476.945,299.283,1.789,1.791
95,106,gifted,118.507,108.607,118.507,108.607,,
95,107,basic,514.806,254.952,513.047,254.296,2.514,2.51
95,109,basic,149.185,103.135,149.056,103.043,2.131,2.131
95,110,basic,412.577,230.413,412.947,230.579,2.067,2.068
95,113,basic,388.51,239.329,388.521,239.261,2.349,2.351
95,113,gifted,135.231,123.934,135.231,123.934,,
95,115,basic,149.341,89.088,149.337,89.086,1.719,1.718
95,117,basic,250.753,161.6,251.162,161.763,2.312,2.315
95,117,gifted,88.996,81.561,88.996,81.561,,
95,118,basic,273.432,145.231,273.653,145.294,2.149,2.151
95,130,basic,660.811,417.816,660.571,417.725,1.677,1.676
95,201,basic,73.819,47.97,73.98,47.93,1.003,1.016
95,202,basic,179.504,88.83,205.562,101.097,1.699,1.732
95,203,basic,261.646,175.393,260.555,174.93,1.29,1.283
95,204,basic,183.481,125.074,385.526,262.222,1.422,1.471
95,207,basic,0.0,0.0,126.133,97.267,,1.013
95,208,basic,210.608,174.972,0.0,0.0,1.246,
95,209,basic,150.212,52.409,242.556,83.448,0.772,0.838
95,210,basic,190.385,80.522,0.0,0.0,1.368,
95,211,basic,80.748,49.106,266.323,165.387,1.103,1.371
95,212,gifted,205.713,188.528,205.713,188.528,,
95,215,basic,122.702,73.833,122.372,74.043,0.931,0.912
95,218,basic,152.256,92.45,201.781,118.786,0.759,0.905
95,220,basic,84.303,68.841,0.0,0.0,1.301,
95,221,basic,159.502,113.091,250.584,178.722,0.945,0.958
95,222,basic,142.694,80.797,176.681,103.139,1.934,1.817
95,225,basic,77.25,38.26,76.176,37.751,1.172,1.17
95,226,basic,258.372,172.78,257.258,173.854,1.264,1.217
95,229,basic,254.134,203.947,0.0,0.0,1.133,
95,230,basic,100.23,65.694,204.791,129.25,0.977,1.176
95,233,basic,280.107,171.459,281.258,172.108,0.836,0.838
95,234,basic,78.122,61.48,0.0,0.0,1.201,
95,235,basic,79.533,50.578,136.208,85.766,1.196,1.272
95,236,basic,49.216,43.865,104.825,86.394,1.011,1.348
95,239,basic,270.328,150.174,0.0,0.0,1.72,
95,241,basic,384.762,125.972,824.517,263.158,1.885,2.206
95,242,basic,157.343,106.524,0.0,0.0,1.211,
95,243,basic,214.865,110.749,293.026,149.87,0.987,1.026
95,244,basic,35.562,33.0,36.044,33.443,1.101,1.125
95,245,basic,321.995,280.222,451.232,383.644,1.247,1.374
95,246,basic,231.935,116.657,391.448,194.257,1.168,1.239
95,247,basic,371.535,121.762,1039.424,315.384,1.564,2.266
95,248,basic,142.599,88.184,0.0,0.0,0.885,
95,249,basic,28.601,21.851,31.984,24.28,0.892,0.924
95,250,basic,88.196,62.955,142.918,104.143,0.971,0.871
95,251,basic,132.539,64.273,159.761,76.556,1.379,1.424
95,252,basic,241.563,166.906,241.588,167.422,1.43,1.417
95,255,basic,86.22,55.268,284.358,175.3,0.849,1.049
95,257,basic,123.843,105.849,417.231,340.459,1.066,1.31
95,259,basic,160.88,113.115,0.0,0.0,1.273,
95,261,basic,165.906,150.213,223.611,192.726,1.06,1.359
95,262,basic,186.022,140.866,337.503,249.253,1.059,1.177
95,264,basic,77.471,36.519,0.0,0.0,0.929,
95,266,basic,109.531,88.602,114.967,92.828,0.893,0.901
95,267,basic,119.381,106.757,134.974,120.383,1.015,1.029
95,268,basic,112.938,107.291,0.0,0.0,1.079,
95,269,basic,107.609,100.364,226.905,210.358,1.06,1.38
95,270,basic,166.131,106.784,540.754,353.618,1.504,1.471
95,272,basic,41.863,39.188,0.0,0.0,1.054,
95,275,basic,96.235,89.867,207.897,193.244,1.169,1.268
95,276,basic,145.283,71.636,314.059,157.667,1.114,1.311
95,277,basic,130.599,81.974,134.213,83.966,1.008,1.023
95,279,basic,103.41,44.727,139.447,59.853,0.996,1.035
95,281,basic,72.25,47.063,149.052,89.075,0.806,1.214
95,282,basic,75.176,54.515,85.85,60.462,0.853,0.988
95,286,basic,176.003,113.265,306.372,201.578,1.726,1.695
95,287,gifted,190.0,174.127,0.0,0.0,,
95,288,basic,188.08,161.056,188.2,161.971,1.305,1.288
95,289,basic,158.712,134.235,0.0,0.0,1.379,
95,291,basic,376.328,262.377,626.92,431.719,2.232,2.297
95,292,basic,566.288,324.247,773.089,439.296,1.498,1.451
95,930,basic,398.969,343.634,824.633,721.474,2.299,2.21
95,935,basic,438.115,296.986,0.0,0.0,1.861,
95,939,basic,221.997,109.642,0.0,0.0,1.703,
95,949,basic,376.538,303.537,0.0,0.0,1.556,
95,955,basic,45.074,42.82,0.0,0.0,2.774,
95,971,gifted,517.052,473.857,705.306,646.383,,
95,972,basic,256.86,186.737,0.0,0.0,1.836,
95,974,basic,87.224,77.069,92.278,80.786,1.19,1.249
95,977,basic,235.16,168.983,235.216,168.946,1.297,1.3
96,103,basic,272.841,234.186,272.844,234.183,1.621,1.621
96,104,basic,145.404,58.66,145.585,58.72,3.011,3.013
96,105,basic,460.861,230.074,460.862,230.041,2.339,2.34
96,105,gifted,183.093,167.798,183.093,167.798,,
96,106,basic,466.967,288.365,467.311,288.446,1.839,1.842
96,106,gifted,116.576,106.838,116.576,106.838,,
96,107,basic,505.635,263.874,503.869,263.116,2.494,2.49
96,109,basic,152.155,101.152,151.92,101.036,2.236,2.233
96,110,basic,397.299,225.175,397.45,225.246,2.141,2.142
96,113,basic,387.737,235.424,387.686,235.366,2.435,2.435
96,113,gifted,133.612,122.451,133.612,122.451,,
96,115,basic,150.244,89.113,150.236,89.109,1.741,1.741
96,117,basic,264.39,168.56,264.417,168.548,2.361,2.362
96,117,gifted,90.109,82.582,90.109,82.582,,
96,118,basic,269.575,148.393,269.741,148.446,2.114,2.116
96,130,basic,664.973,416.207,664.89,416.176,1.703,1.703
96,201,basic,76.71,49.567,76.827,49.548,1.108,1.12
96,202,basic,175.603,92.257,201.43,105.392,1.844,1.876
96,203,basic,257.379,171.563,256.18,171.005,1.377,1.367
96,204,basic,177.812,120.196,378.575,257.534,1.541,1.525
96,207,basic,0.0,0.0,130.347,97.44,,1.102
96,208,basic,206.701,163.514,0.0,0.0,1.284,
96,209,basic,142.415,57.072,236.85,93.906,0.775,0.849
96,210,basic,195.281,91.282,0.0,0.0,1.457,
96,211,basic,73.686,45.67,258.918,161.722,1.126,1.371
96,212,gifted,205.854,188.658,205.854,188.658,,
96,215,basic,122.793,74.791,122.194,74.891,1.035,1.005
96,218,basic,154.7,95.61,204.456,123.687,0.765,0.911
96,220,basic,90.679,69.765,0.0,0.0,1.514,
96,221,basic,164.294,114.407,253.786,179.106,1.05,1.009
96,222,basic,156.04,82.016,190.004,104.552,2.788,2.496
96,225,basic,83.723,43.862,82.574,43.293,1.274,1.269
96,226,basic,261.739,174.908,260.722,175.745,1.409,1.352
96,229,basic,249.418,192.932,0.0,0.0,1.159,
96,230,basic,107.734,70.224,215.535,137.382,1.047,1.217
96,233,basic,275.455,171.935,276.263,172.424,0.839,0.84
96,234,basic,77.841,59.424,0.0,0.0,1.223,
96,235,basic,78.276,49.901,131.743,83.879,1.325,1.363
96,236,basic,53.23,46.654,115.101,89.233,1.081,1.71
96,239,basic,271.513,159.059,0.0,0.0,1.729,
96,241,basic,386.019,149.567,825.576,311.129,1.918,2.251
96,242,basic,161.743,109.66,0.0,0.0,1.234,
96,243,basic,222.425,121.614,301.77,163.979,0.976,1.021
96,244,basic,36.791,34.096,37.432,34.66,1.145,1.175
96,245,basic,317.251,267.284,443.749,367.416,1.246,1.375
96,246,basic,227.511,121.888,382.272,202.809,1.199,1.27
96,247,basic,368.069,141.255,1034.478,373.673,1.633,2.306
96,248,basic,148.059,92.966,0.0,0.0,0.885,
96,249,basic,28.428,21.078,31.644,23.36,0.934,0.966
96,250,basic,85.781,60.278,141.343,100.798,0.978,0.875
96,251,basic,132.442,69.887,160.109,83.187,1.401,1.482
96,252,basic,247.239,171.742,247.235,171.948,1.457,1.449
96,255,basic,87.023,56.153,280.152,176.039,0.853,1.046
96,257,basic,120.054,97.973,414.033,326.443,1.089,1.337
96,259,basic,154.795,107.202,0.0,0.0,1.34,
96,261,basic,181.782,160.0,243.403,204.784,1.099,1.42
96,262,basic,189.289,139.737,342.654,248.711,1.089,1.204
96,264,basic,79.076,40.569,0.0,0.0,0.935,
96,266,basic,105.02,81.628,110.18,85.531,0.931,0.939
96,267,basic,120.315,101.82,135.937,114.827,1.042,1.054
96,268,basic,109.44,103.968,0.0,0.0,1.067,
96,269,basic,104.453,97.075,223.533,203.046,0.981,1.341
96,270,basic,160.577,103.512,526.378,346.623,1.602,1.507
96,272,basic,39.465,36.942,0.0,0.0,1.037,
96,275,basic,91.664,85.218,197.544,182.095,1.128,1.247
96,276,basic,146.491,77.694,314.093,167.052,1.132,1.328
96,277,basic,128.166,81.458,132.106,83.748,1.015,1.033
96,279,basic,105.153,50.094,142.868,67.681,0.997,1.037
96,281,basic,60.227,39.237,131.445,80.277,0.818,1.263
96,282,basic,78.838,55.511,90.873,62.563,0.914,1.066
96,286,basic,180.316,111.456,310.303,200.124,2.205,2.005
96,287,gifted,190.0,174.129,0.0,0.0,,
96,288,basic,186.446,154.437,186.47,155.088,1.372,1.35
96,289,basic,156.262,123.68,0.0,0.0,1.362,
96,291,basic,373.116,254.999,621.563,424.764,2.396,2.418
96,292,basic,567.204,331.53,772.842,451.274,1.55,1.493
96,930,basic,399.38,333.032,824.763,700.092,2.397,2.284
96,935,basic,437.19,293.076,0.0,0.0,1.926,
96,939,basic,219.451,115.332,0.0,0.0,1.781,
96,949,basic,379.564,290.519,0.0,0.0,1.595,
96,955,basic,45.781,43.492,0.0,0.0,2.8,
96,971,gifted,516.162,473.045,704.381,645.541,,
96,972,basic,269.022,187.194,0.0,0.0,1.99,
96,974,basic,84.455,71.349,89.523,75.112,1.238,1.29
96,977,basic,232.656,165.51,234.135,166.311,1.3,1.311
97,103,basic,263.607,234.201,263.632,234.222,1.673,1.673
97,104,basic,149.631,60.181,149.792,60.225,2.847,2.849
97,105,basic,458.342,233.309,458.326,233.269,2.347,2.348
97,105,gifted,182.207,167.143,182.207,167.143,,
97,106,basic,452.923,283.084,453.178,283.151,1.789,1.792
97,106,gifted,115.939,106.353,115.939,106.353,,
97,107,basic,492.426,264.59,490.709,263.82,2.496,2.492
97,109,basic,144.159,95.734,143.919,95.61,2.342,2.34
97,110,basic,402.493,208.937,402.686,209.022,2.138,2.138
97,113,basic,395.183,248.448,395.19,248.4,2.488,2.489
97,113,gifted,135.087,123.918,135.087,123.918,,
97,115,basic,135.429,83.326,135.424,83.324,1.736,1.736
97,117,basic,262.023,163.197,262.051,163.185,2.345,2.346
97,117,gifted,89.664,82.251,89.664,82.251,,
97,118,basic,262.797,145.84,262.99,145.909,2.136,2.138
97,130,basic,662.101,382.732,662.004,382.695,1.755,1.755
97,201,basic,73.767,49.236,74.423,49.464,1.049,1.077
97,202,basic,172.244,91.503,197.798,104.594,1.751,1.787
97,203,basic,252.855,175.07,251.531,174.376,1.35,1.341
97,204,basic,180.823,129.261,379.488,271.186,1.463,1.494
97,207,basic,0.0,0.0,127.37,86.607,,1.139
97,208,basic,203.722,161.32,0.0,0.0,1.283,
97,209,basic,151.699,51.663,249.477,84.153,0.794,0.862
97,210,basic,192.144,78.664,0.0,0.0,1.428,
97,211,basic,73.301,46.695,256.674,168.666,1.119,1.369
97,212,gifted,205.611,188.612,205.611,188.612,,
97,215,basic,116.594,64.053,116.034,64.14,0.97,0.939
97,218,basic,152.102,92.123,202.927,120.267,0.773,0.927
97,220,basic,90.746,72.867,0.0,0.0,1.492,
97,221,basic,161.977,100.6,252.181,157.721,1.001,0.993
97,222,basic,152.68,88.614,188.244,113.04,2.429,2.218
97,225,basic,87.237,43.735,86.135,43.201,1.319,1.316
97,226,basic,257.018,150.843,256.069,151.468,1.347,1.294
97,229,basic,250.499,201.573,0.0,0.0,1.166,
97,230,basic,106.815,72.914,215.974,144.438,1.059,1.221
97,233,basic,280.687,168.958,281.329,169.35,0.844,0.844
97,234,basic,77.095,62.559,0.0,0.0,1.196,
97,235,basic,84.046,50.519,139.204,83.449,1.268,1.313
97,236,basic,52.302,43.675,110.025,84.046,1.104,1.563
97,239,basic,275.072,165.895,0.0,0.0,1.706,
97,241,basic,385.329,133.562,825.022,281.185,1.943,2.295
97,242,basic,154.538,105.813,0.0,0.0,1.233,
97,243,basic,217.479,113.68,296.804,154.296,0.998,1.04
97,244,basic,37.033,34.642,37.608,35.185,1.159,1.181
97,245,basic,320.363,259.394,453.468,360.872,1.265,1.394
97,246,basic,222.012,115.782,380.759,196.316,1.188,1.275
97,247,basic,371.179,125.755,1036.848,336.976,1.649,2.328
97,248,basic,147.138,94.013,0.0,0.0,0.892,
97,249,basic,29.782,21.792,33.027,24.076,0.926,0.955
97,250,basic,86.312,64.482,141.635,107.262,0.971,0.873
97,251,basic,132.628,60.044,159.676,71.476,1.445,1.504
97,252,basic,237.988,160.816,237.904,161.175,1.483,1.465
97,255,basic,86.666,57.537,280.136,181.234,0.858,1.053
97,257,basic,116.18,95.334,411.733,326.856,1.09,1.338
97,259,basic,162.598,122.395,0.0,0.0,1.312,
97,261,basic,176.768,159.735,237.993,206.695,1.102,1.425
97,262,basic,190.689,142.539,341.502,250.823,1.073,1.198
97,264,basic,80.728,33.719,0.0,0.0,0.935,
97,266,basic,105.521,78.759,110.855,82.645,0.911,0.919
97,267,basic,117.965,98.822,132.831,111.044,1.025,1.04
97,268,basic,110.823,105.282,0.0,0.0,1.073,
97,269,basic,105.246,98.767,224.976,210.223,1.03,1.373
97,270,basic,156.229,109.599,520.872,372.097,1.582,1.498
97,272,basic,42.354,40.02,0.0,0.0,1.086,
97,275,basic,93.362,87.483,202.818,189.067,1.155,1.27
97,276,basic,150.815,69.575,320.324,150.832,1.153,1.343
97,277,basic,125.791,82.615,129.308,84.723,1.014,1.03
97,279,basic,101.837,43.979,138.964,59.756,1.02,1.053
97,281,basic,68.768,46.564,140.354,89.695,0.805,1.217
97,282,basic,79.068,60.253,90.537,67.544,0.894,1.043
97,286,basic,183.354,105.633,315.622,188.009,2.109,1.957
97,287,gifted,190.0,174.291,0.0,0.0,,
97,288,basic,186.734,159.862,186.697,160.552,1.457,1.432
97,289,basic,159.812,145.668,0.0,0.0,1.421,
97,291,basic,375.555,255.386,623.294,422.694,2.445,2.463
97,292,basic,562.892,330.501,769.02,448.173,1.519,1.467
97,930,basic,399.226,368.581,824.698,766.534,2.431,2.328
97,935,basic,438.553,312.644,0.0,0.0,1.965,
97,939,basic,222.164,106.684,0.0,0.0,1.835,
97,949,basic,380.467,328.615,0.0,0.0,1.66,
97,955,basic,44.999,42.749,0.0,0.0,2.831,
97,971,gifted,515.557,472.932,703.605,645.433,,
97,972,basic,264.377,197.437,0.0,0.0,1.935,
97,974,basic,87.945,81.212,93.053,85.785,1.243,1.303
97,977,basic,240.877,184.859,240.145,184.404,1.339,1.335
98,103,basic,268.482,236.96,268.495,236.977,1.599,1.599
98,104,basic,123.679,47.369,123.87,47.398,2.178,2.182
98,105,basic,427.745,187.165,427.686,187.108,2.278,2.278
98,105,gifted,176.826,162.883,176.826,162.883,,
98,106,basic,461.827,270.236,462.048,270.273,1.74,1.741
98,106,gifted,117.497,108.232,117.497,108.232,,
98,107,basic,527.803,241.66,526.069,241.063,2.494,2.49
98,109,basic,153.789,100.134,153.649,100.046,2.067,2.067
98,110,basic,398.584,196.494,398.974,196.646,2.102,2.103
98,113,basic,377.149,219.11,377.169,219.056,2.322,2.323
98,113,gifted,131.505,121.135,131.505,121.135,,
98,115,basic,146.181,80.674,146.172,80.67,1.732,1.732
98,117,basic,252.431,148.506,252.815,148.639,2.317,2.32
98,117,gifted,89.745,82.669,89.745,82.669,,
98,118,basic,271.326,133.893,271.506,133.936,2.089,2.091
98,130,basic,665.893,373.913,665.688,373.852,1.709,1.709
98,201,basic,79.425,54.678,79.914,54.764,0.981,1.0
98,202,basic,173.761,89.876,199.598,102.34,1.65,1.694
98,203,basic,256.881,183.161,255.738,182.629,1.28,1.273
98,204,basic,184.248,134.283,382.151,277.607,1.406,1.459
98,207,basic,0.0,0.0,122.659,95.513,,1.058
98,208,basic,207.352,175.785,0.0,0.0,1.223,
98,209,basic,154.245,51.542,249.152,82.021,0.762,0.832
98,210,basic,192.767,79.607,0.0,0.0,1.38,
98,211,basic,74.809,47.817,260.388,163.348,1.105,1.345
98,212,gifted,206.279,190.013,206.279,190.013,,
98,215,basic,117.646,71.025,117.39,71.245,0.891,0.874
98,218,basic,153.958,96.568,205.643,124.749,0.759,0.916
98,220,basic,88.089,73.347,0.0,0.0,1.378,
98,221,basic,162.578,115.257,254.551,181.943,0.96,0.966
98,222,basic,144.108,85.922,178.888,110.288,1.963,1.833
98,225,basic,92.797,46.495,91.845,46.039,1.2,1.198
98,226,basic,255.339,169.677,254.275,170.816,1.279,1.229
98,229,basic,249.052,213.406,0.0,0.0,1.143,
98,230,basic,114.149,78.301,226.655,151.037,1.052,1.211
98,233,basic,280.243,176.387,281.173,176.912,0.832,0.834
98,234,basic,77.044,65.229,0.0,0.0,1.185,
98,235,basic,83.161,53.597,141.938,90.729,1.217,1.286
98,236,basic,51.476,46.113,107.639,89.173,1.067,1.412
98,239,basic,279.089,162.602,0.0,0.0,1.727,
98,241,basic,385.161,123.213,825.078,253.692,1.89,2.156
98,242,basic,154.234,109.54,0.0,0.0,1.211,
98,243,basic,221.338,116.023,300.658,156.458,0.997,1.034
98,244,basic,39.001,36.33,39.64,36.9,1.137,1.169
98,245,basic,318.365,284.527,447.557,391.509,1.24,1.378
98,246,basic,215.278,111.543,372.013,189.219,1.133,1.226
98,247,basic,369.076,116.834,1035.261,296.042,1.591,2.232
98,248,basic,144.565,93.712,0.0,0.0,0.877,
98,249,basic,28.006,22.319,31.302,24.758,0.89,0.927
98,250,basic,87.886,67.353,141.336,110.467,0.966,0.872
98,251,basic,137.471,65.865,165.412,78.109,1.348,1.403
98,252,basic,251.486,180.71,251.497,181.093,1.461,1.452
98,255,basic,86.805,58.807,281.468,183.217,0.834,1.036
98,257,basic,124.079,111.256,418.421,361.558,1.078,1.313
98,259,basic,159.206,120.763,0.0,0.0,1.28,
98,261,basic,174.922,161.268,235.368,208.917,1.083,1.406
98,262,basic,186.849,148.627,338.809,263.08,1.085,1.197
98,264,basic,82.366,36.964,0.0,0.0,0.941,
98,266,basic,106.481,89.483,112.01,93.94,0.897,0.906
98,267,basic,116.124,107.626,131.671,121.733,1.027,1.043
98,268,basic,110.284,104.77,0.0,0.0,1.088,
98,269,basic,105.309,99.121,225.694,212.982,1.065,1.394
98,270,basic,160.5,111.895,525.531,370.747,1.475,1.469
98,272,basic,39.194,36.882,0.0,0.0,1.059,
98,275,basic,92.962,87.656,200.927,189.797,1.165,1.274
98,276,basic,151.884,73.64,320.888,153.106,1.115,1.3
98,277,basic,127.892,84.851,131.608,87.008,1.006,1.022
98,279,basic,105.834,45.362,142.74,60.753,0.996,1.032
98,281,basic,69.379,47.797,144.482,91.128,0.802,1.217
98,282,basic,78.397,60.942,90.327,68.022,0.882,1.028
98,286,basic,173.868,113.28,303.473,202.632,1.742,1.699
98,287,gifted,190.0,175.018,0.0,0.0,,
98,288,basic,187.678,166.125,187.857,166.966,1.341,1.327
98,289,basic,155.891,134.87,0.0,0.0,1.343,
98,291,basic,373.989,262.725,624.261,435.7,2.237,2.297
98,292,basic,568.617,323.161,776.05,442.361,1.476,1.433
98,930,basic,399.162,358.511,824.654,747.861,2.348,2.25
98,935,basic,437.683,308.029,0.0,0.0,1.782,
98,939,basic,219.034,104.615,0.0,0.0,1.681,
98,949,basic,378.311,315.489,0.0,0.0,1.56,
98,955,basic,45.204,42.944,0.0,0.0,2.822,
98,971,gifted,516.258,475.55,704.405,648.861,,
98,972,basic,256.924,190.537,0.0,0.0,1.831,
98,974,basic,87.582,79.941,92.93,84.517,1.223,1.286
98,977,basic,239.901,185.806,239.734,185.639,1.315,1.316
99,103,basic,258.059,243.327,258.082,243.349,1.672,1.672
99,104,basic,143.052,56.424,143.299,56.474,2.342,2.347
99,105,basic,421.187,205.45,421.183,205.417,2.288,2.289
99,105,gifted,174.807,161.17,174.807,161.17,,
99,106,basic,462.428,291.14,462.738,291.223,1.798,1.8
99,106,gifted,117.18,108.039,117.18,108.039,,
99,107,basic,485.311,253.495,483.447,252.69,2.522,2.518
99,109,basic,140.431,103.116,140.273,103.0,2.084,2.084
99,110,basic,398.796,199.399,399.264,199.602,2.127,2.128
99,113,basic,380.779,255.906,380.727,255.815,2.333,2.334
99,113,gifted,133.233,122.84,133.233,122.84,,
99,115,basic,148.558,91.006,148.547,90.999,1.727,1.727
99,117,basic,263.147,169.547,263.6,169.742,2.357,2.361
99,117,gifted,89.769,82.767,89.769,82.767,,
99,118,basic,271.149,147.078,271.335,147.136,2.122,2.124
99,130,basic,676.82,387.543,676.622,387.483,1.725,1.724
99,201,basic,79.018,51.782,79.337,51.854,1.062,1.078
99,202,basic,168.135,84.226,193.151,96.154,1.675,1.719
99,203,basic,257.52,182.059,256.344,181.404,1.281,1.274
99,204,basic,186.161,136.179,385.101,282.667,1.495,1.502
99,207,basic,0.0,0.0,128.704,89.132,,1.093
99,208,basic,203.471,170.822,0.0,0.0,1.328,
99,209,basic,147.254,38.202,242.022,62.113,0.78,0.852
99,210,basic,194.536,66.89,0.0,0.0,1.433,
99,211,basic,74.408,45.813,260.084,169.655,1.122,1.384
99,212,gifted,205.564,189.529,205.564,189.529,,
99,215,basic,121.86,62.495,121.497,62.561,0.934,0.916
99,218,basic,155.349,88.346,205.831,114.433,0.768,0.918
99,220,basic,89.374,76.104,0.0,0.0,1.451,
99,221,basic,169.528,101.584,261.838,159.044,1.064,1.024
99,222,basic,148.239,89.533,183.356,113.839,2.168,2.018
99,225,basic,83.052,37.877,82.025,37.425,1.214,1.211
99,226,basic,262.685,149.742,261.681,150.297,1.341,1.293
99,229,basic,247.766,212.01,0.0,0.0,1.16,
99,230,basic,120.002,81.305,230.334,152.611,1.035,1.2
99,233,basic,277.301,157.418,278.386,157.984,0.833,0.835
99,234,basic,81.571,70.234,0.0,0.0,1.221,
99,235,basic,78.463,45.978,133.204,77.569,1.221,1.286
99,236,basic,48.889,43.574,104.28,86.202,1.084,1.473
99,239,basic,270.641,157.557,0.0,0.0,1.76,
99,241,basic,386.508,107.54,826.731,230.341,1.938,2.263
99,242,basic,159.893,109.765,0.0,0.0,1.24,
99,243,basic,217.767,102.089,295.852,137.944,0.994,1.032
99,244,basic,35.734,33.736,36.254,34.218,1.154,1.186
99,245,basic,319.225,278.904,448.649,385.28,1.254,1.381
99,246,basic,220.536,104.166,376.067,175.539,1.171,1.254
99,247,basic,366.157,97.527,1033.222,268.576,1.644,2.336
99,248,basic,145.004,88.922,0.0,0.0,0.888,
99,249,basic,29.296,21.972,32.598,24.327,0.899,0.934
99,250,basic,85.194,64.691,140.47,108.38,0.987,0.879
99,251,basic,126.589,50.643,153.512,60.55,1.398,1.468
99,252,basic,236.5,163.24,236.618,163.48,1.441,1.435
99,255,basic,86.787,56.111,280.584,176.155,0.841,1.047
99,257,basic,121.024,106.252,416.395,353.364,1.083,1.332
99,259,basic,155.613,121.353,0.0,0.0,1.313,
99,261,basic,171.753,159.88,233.08,212.262,1.126,1.467
99,262,basic,189.087,145.548,343.018,259.211,1.082,1.204
99,264,basic,79.406,27.677,0.0,0.0,0.946,
99,266,basic,106.316,81.752,111.66,85.742,0.913,0.922
99,267,basic,129.525,117.254,144.975,130.973,1.017,1.031
99,268,basic,113.289,107.625,0.0,0.0,1.069,
99,269,basic,109.628,103.862,229.791,218.021,1.053,1.403
99,270,basic,165.664,119.612,540.628,395.811,1.544,1.494
99,272,basic,40.562,38.461,0.0,0.0,1.095,
99,275,basic,96.572,91.439,203.557,193.039,1.156,1.271
99,276,basic,154.62,62.332,324.289,135.895,1.121,1.328
99,277,basic,123.435,78.951,127.074,81.057,1.007,1.025
99,279,basic,97.938,35.541,134.109,48.363,0.998,1.042
99,281,basic,68.277,44.926,147.18,90.612,0.828,1.273
99,282,basic,75.765,59.053,87.006,66.295,0.885,1.033
99,286,basic,178.284,104.104,308.246,185.064,2.022,1.921
99,287,gifted,190.0,175.179,0.0,0.0,,
99,288,basic,181.757,164.086,181.964,164.783,1.399,1.383
99,289,basic,156.733,147.179,0.0,0.0,1.409,
99,291,basic,375.208,273.059,626.251,452.806,2.37,2.425
99,292,basic,566.059,319.303,771.203,429.411,1.547,1.489
99,930,basic,398.782,374.629,824.336,777.045,2.421,2.316
99,935,basic,438.154,332.341,0.0,0.0,1.9,
99,939,basic,221.702,98.368,0.0,0.0,1.76,
99,949,basic,376.02,343.416,0.0,0.0,1.586,
99,955,basic,44.803,42.563,0.0,0.0,2.743,
99,971,gifted,516.247,475.977,704.44,649.489,,
99,972,basic,259.223,207.382,0.0,0.0,1.883,
99,974,basic,85.48,79.715,90.652,84.638,1.299,1.354
99,977,basic,233.634,188.37,234.066,188.573,1.303,1.308
100,103,basic,255.477,229.56,255.505,229.585,1.635,1.635
100,104,basic,150.69,48.655,150.938,48.7,2.82,2.825
100,105,basic,436.044,188.898,436.047,188.87,2.272,2.273
100,105,gifted,177.502,163.307,177.502,163.307,,
100,106,basic,460.782,260.523,461.118,260.596,1.79,1.793
100,106,gifted,116.25,106.953,116.25,106.953,,
100,107,basic,505.533,232.164,503.75,231.502,2.507,2.503
100,109,basic,162.243,103.6,162.068,103.513,2.182,2.18
100,110,basic,397.848,182.455,398.099,182.548,2.144,2.145
100,113,basic,387.914,225.513,387.893,225.452,2.413,2.414
100,113,gifted,133.489,122.813,133.489,122.813,,
100,115,basic,144.382,78.737,144.374,78.733,1.722,1.722
100,117,basic,265.871,153.899,266.0,153.934,2.335,2.337
100,117,gifted,90.625,83.377,90.625,83.377,,
100,118,basic,263.485,126.904,263.693,126.965,2.132,2.134
100,130,basic,657.018,343.536,656.888,343.489,1.745,1.745
100,201,basic,76.727,53.207,76.839,53.166,1.046,1.057
100,202,basic,174.98,91.029,200.24,103.689,1.728,1.758
100,203,basic,263.519,192.471,262.267,191.844,1.362,1.354
100,204,basic,170.778,129.949,371.512,283.087,1.47,1.496
100,207,basic,0.0,0.0,130.731,98.599,,1.094
100,208,basic,208.065,178.226,0.0,0.0,1.229,
100,209,basic,144.553,42.238,238.954,68.968,0.767,0.838
100,210,basic,192.627,73.497,0.0,0.0,1.395,
100,211,basic,78.265,50.994,262.078,166.838,1.099,1.344
100,212,gifted,205.758,189.303,205.758,189.303,,
100,215,basic,117.124,66.369,116.74,66.407,0.892,0.876
100,218,basic,163.056,99.756,217.73,129.361,0.773,0.942
100,220,basic,91.729,79.011,0.0,0.0,1.42,
100,221,basic,161.602,107.618,250.164,168.706,1.01,0.987
100,222,basic,146.283,90.841,181.589,115.992,2.132,1.997
100,225,basic,93.299,44.91,92.221,44.413,1.299,1.296
100,226,basic,256.676,162.211,255.461,163.046,1.293,1.239
100,229,basic,254.202,227.682,0.0,0.0,1.15,
100,230,basic,99.047,70.35,204.171,141.202,1.037,1.21
100,233,basic,278.761,170.756,279.485,171.185,0.836,0.836
100,234,basic,74.712,66.045,0.0,0.0,1.189,
100,235,basic,78.425,48.961,131.915,82.197,1.279,1.319
100,236,basic,47.244,42.531,101.909,84.218,1.161,1.582
100,239,basic,267.261,163.187,0.0,0.0,1.702,
100,241,basic,385.891,116.043,825.34,238.095,1.937,2.231
100,242,basic,156.303,113.325,0.0,0.0,1.222,
100,243,basic,218.331,110.749,298.843,150.532,0.988,1.031
100,244,basic,37.706,35.457,38.348,36.058,1.186,1.211
100,245,basic,320.772,291.257,446.348,398.533,1.261,1.394
100,246,basic,224.166,113.256,380.455,189.645,1.165,1.248
100,247,basic,371.392,108.616,1037.14,276.807,1.611,2.265
100,248,basic,148.909,96.759,0.0,0.0,0.886,
100,249,basic,32.162,25.779,35.67,28.401,0.882,0.922
100,250,basic,81.624,65.205,135.101,109.665,0.955,0.861
100,251,basic,133.432,58.902,161.137,70.391,1.408,1.452
100,252,basic,238.054,174.222,238.054,174.672,1.471,1.457
100,255,basic,88.17,60.058,282.744,187.167,0.866,1.043
100,257,basic,125.429,114.847,424.069,378.013,1.101,1.333
100,259,basic,162.087,129.404,0.0,0.0,1.364,
100,261,basic,179.674,168.024,239.385,220.353,1.098,1.424
100,262,basic,188.279,153.66,340.959,272.722,1.073,1.189
100,264,basic,79.237,31.362,0.0,0.0,0.933,
100,266,basic,109.761,91.477,115.132,95.794,0.899,0.908
100,267,basic,117.973,110.407,133.494,124.744,1.044,1.06
100,268,basic,110.263,104.75,0.0,0.0,1.071,
100,269,basic,106.523,100.902,226.087,214.503,1.075,1.41
100,270,basic,163.357,120.733,533.116,402.083,1.551,1.484
100,272,basic,40.026,37.931,0.0,0.0,1.066,
100,275,basic,95.924,90.837,208.456,197.726,1.224,1.315
100,276,basic,148.477,66.334,317.293,139.299,1.122,1.309
100,277,basic,125.637,84.736,129.34,86.975,1.017,1.034
100,279,basic,111.195,44.326,149.784,59.307,0.994,1.035
100,281,basic,62.619,43.543,139.648,89.758,0.824,1.282
100,282,basic,75.66,61.51,87.499,69.307,0.885,1.033
100,286,basic,180.699,113.469,310.974,202.084,1.965,1.849
100,287,gifted,190.0,174.805,0.0,0.0,,
100,288,basic,187.211,168.875,187.401,169.659,1.419,1.402
100,289,basic,156.303,142.186,0.0,0.0,1.399,
100,291,basic,377.842,269.804,629.97,450.683,2.409,2.438
100,292,basic,564.459,316.928,770.4,434.931,1.509,1.456
100,930,basic,399.244,373.3,824.845,774.785,2.452,2.34
100,935,basic,437.022,319.842,0.0,0.0,1.879,
100,939,basic,217.219,98.01,0.0,0.0,1.772,
100,949,basic,374.782,330.943,0.0,0.0,1.59,
100,955,basic,45.547,43.27,0.0,0.0,2.794,
100,971,gifted,516.225,474.941,704.41,648.076,,
100,972,basic,262.724,203.77,0.0,0.0,1.889,
100,974,basic,87.45,81.618,93.002,86.816,1.249,1.318
100,977,basic,235.844,195.791,236.248,195.947,1.31,1.315
101,103,basic,268.399,226.425,268.428,226.45,1.63,1.63
101,104,basic,141.175,50.077,141.441,50.116,2.406,2.411
101,105,basic,453.2,191.859,453.196,191.822,2.268,2.269
101,105,gifted,180.465,166.224,180.465,166.224,,
101,106,basic,451.28,252.845,451.597,252.902,1.751,1.753
101,106,gifted,114.045,105.046,114.045,105.046,,
101,107,basic,494.63,217.988,492.837,217.384,2.482,2.478
101,109,basic,150.641,91.847,150.481,91.756,2.132,2.131
101,110,basic,390.64,188.181,391.008,188.325,2.059,2.06
101,113,basic,382.63,210.624,382.607,210.553,2.346,2.347
101,113,gifted,133.517,122.981,133.517,122.981,,
101,115,basic,147.85,78.783,147.839,78.777,1.716,1.716
101,117,basic,264.977,149.011,265.206,149.063,2.312,2.314
101,117,gifted,89.75,82.668,89.75,82.668,,
101,118,basic,263.521,124.187,263.721,124.236,2.129,2.131
101,130,basic,661.377,359.674,661.197,359.618,1.696,1.695
101,201,basic,76.427,53.729,76.207,53.498,0.992,0.997
101,202,basic,175.46,93.051,200.543,105.674,1.653,1.686
101,203,basic,269.431,193.546,268.322,193.045,1.325,1.318
101,204,basic,174.639,130.044,373.935,275.765,1.368,1.451
101,207,basic,0.0,0.0,125.834,100.766,,1.036
101,208,basic,209.749,176.934,0.0,0.0,1.21,
101,209,basic,145.416,52.106,237.607,83.821,0.76,0.831
101,210,basic,193.182,83.644,0.0,0.0,1.391,
101,211,basic,78.043,51.125,262.847,164.116,1.112,1.343
101,212,gifted,205.355,189.151,205.355,189.151,,
101,215,basic,124.036,76.44,123.705,76.635,0.952,0.934
101,218,basic,158.557,102.782,208.291,130.975,0.766,0.904
101,220,basic,90.189,75.818,0.0,0.0,1.328,
101,221,basic,163.777,119.437,252.598,186.162,0.963,0.959
101,222,basic,156.429,92.437,191.972,117.17,2.063,1.938
101,225,basic,81.311,42.519,80.209,41.973,1.179,1.176
101,226,basic,251.147,171.724,249.997,172.972,1.272,1.222
101,229,basic,250.363,217.311,0.0,0.0,1.137,
101,230,basic,111.8,78.5,218.609,148.823,1.045,1.209
101,233,basic,284.223,185.077,285.245,185.671,0.83,0.833
101,234,basic,82.272,70.005,0.0,0.0,1.197,
101,235,basic,89.22,58.473,145.696,94.916,1.249,1.307
101,236,basic,48.817,43.87,105.743,84.358,1.05,1.578
101,239,basic,268.403,161.056,0.0,0.0,1.686,
101,241,basic,382.451,129.64,821.481,262.166,1.859,2.143
101,242,basic,162.593,117.77,0.0,0.0,1.211,
101,243,basic,207.11,113.378,285.347,154.816,0.982,1.025
101,244,basic,37.064,34.414,37.608,34.917,1.138,1.163
101,245,basic,319.964,286.621,449.133,394.997,1.255,1.371
101,246,basic,236.537,125.892,396.038,207.339,1.176,1.258
101,247,basic,367.11,124.295,1032.666,306.545,1.543,2.202
101,248,basic,147.91,98.516,0.0,0.0,0.884,
101,249,basic,27.733,22.365,31.214,24.988,0.923,0.959
101,250,basic,86.741,67.891,141.967,113.352,0.953,0.861
101,251,basic,130.54,65.289,158.032,78.173,1.35,1.391
101,252,basic,241.763,178.88,241.792,179.332,1.407,1.397
101,255,basic,86.168,59.986,280.505,187.419,0.832,1.034
101,257,basic,119.552,107.338,416.486,361.155,1.104,1.336
101,259,basic,166.731,126.323,0.0,0.0,1.346,
101,261,basic,175.301,161.267,234.5,207.823,1.096,1.407
101,262,basic,187.005,151.975,339.472,269.14,1.064,1.176
101,264,basic,81.146,38.755,0.0,0.0,0.908,
101,266,basic,104.712,89.971,109.705,94.095,0.886,0.894
101,267,basic,112.204,104.476,127.002,118.021,1.013,1.029
101,268,basic,110.688,105.154,0.0,0.0,1.056,
101,269,basic,107.204,100.915,227.203,214.053,1.027,1.377
101,270,basic,164.537,116.123,539.457,386.898,1.473,1.455
101,272,basic,41.757,39.275,0.0,0.0,1.046,
101,275,basic,96.961,91.412,207.058,195.461,1.197,1.299
101,276,basic,155.646,79.013,324.616,158.853,1.117,1.296
101,277,basic,121.838,83.18,125.668,85.44,0.992,1.01
101,279,basic,108.887,49.226,148.025,66.318,0.989,1.033
101,281,basic,69.74,49.311,146.815,94.699,0.804,1.223
101,282,basic,80.723,63.764,92.91,71.169,0.889,1.026
101,286,basic,181.933,117.005,312.09,208.554,1.872,1.774
101,287,gifted,190.0,175.007,0.0,0.0,,
101,288,basic,184.527,162.031,184.58,162.944,1.385,1.366
101,289,basic,159.601,132.546,0.0,0.0,1.347,
101,291,basic,376.337,258.722,628.376,431.239,2.262,2.311
101,292,basic,561.945,319.983,767.039,441.567,1.479,1.432
101,930,basic,398.66,349.398,824.192,730.425,2.357,2.259
101,935,basic,437.998,301.876,0.0,0.0,1.8,
101,939,basic,218.953,106.608,0.0,0.0,1.662,
101,949,basic,376.609,309.371,0.0,0.0,1.5,
101,955,basic,45.235,42.973,0.0,0.0,2.744,
101,971,gifted,515.064,474.422,703.123,647.64,,
101,972,basic,261.385,187.873,0.0,0.0,1.88,
101,974,basic,88.705,80.574,93.231,84.52,1.242,1.29
101,977,basic,236.184,185.995,237.26,186.446,1.288,1.299
102,103,basic,255.661,217.041,255.748,217.108,1.62,1.62
102,104,basic,131.0,54.236,131.11,54.278,2.76,2.76
102,105,basic,452.61,226.449,452.623,226.426,2.326,2.327
102,105,gifted,178.694,164.268,178.694,164.268,,
102,106,basic,461.384,286.706,461.682,286.769,1.798,1.8
102,106,gifted,116.564,107.154,116.564,107.154,,
102,107,basic,486.84,255.146,485.132,254.425,2.424,2.419
102,109,basic,160.569,104.653,160.343,104.556,2.23,2.228
102,110,basic,403.249,225.717,403.362,225.768,2.116,2.117
102,113,basic,395.042,236.039,395.027,236.009,2.446,2.446
102,113,gifted,133.926,123.114,133.926,123.114,,
102,115,basic,153.764,92.4,153.756,92.396,1.731,1.731
102,117,basic,264.809,164.982,264.78,164.941,2.346,2.347
102,117,gifted,90.141,82.864,90.141,82.864,,
102,118,basic,272.478,148.598,272.735,148.683,2.164,2.166
102,130,basic,654.985,408.38,654.917,408.356,1.671,1.671
102,201,basic,75.907,50.368,75.653,50.149,1.072,1.076
102,202,basic,174.151,93.149,200.143,106.125,1.756,1.81
102,203,basic,250.402,171.682,249.029,170.993,1.278,1.27
102,204,basic,173.002,118.015,373.1,255.487,1.497,1.512
102,207,basic,0.0,0.0,125.675,92.573,,1.141
102,208,basic,208.737,165.797,0.0,0.0,1.242,
102,209,basic,151.114,63.278,247.001,102.215,0.781,0.849
102,210,basic,192.821,91.806,0.0,0.0,1.412,
102,211,basic,68.52,43.741,254.689,162.394,1.104,1.377
102,212,gifted,205.798,189.184,205.798,189.184,,
102,215,basic,113.502,70.678,113.123,70.786,0.946,0.926
102,218,basic,159.433,101.866,212.032,131.796,0.763,0.922
102,220,basic,92.871,70.565,0.0,0.0,1.533,
102,221,basic,163.69,112.434,253.002,177.043,1.073,1.023
102,222,basic,157.115,86.608,192.807,110.245,2.347,2.16
102,225,basic,83.225,44.867,82.059,44.267,1.234,1.231
102,226,basic,254.501,169.218,253.29,170.197,1.332,1.274
102,229,basic,249.921,194.797,0.0,0.0,1.167,
102,230,basic,109.223,73.327,218.049,142.551,1.032,1.204
102,233,basic,284.633,182.381,285.096,182.697,0.841,0.84
102,234,basic,81.088,62.623,0.0,0.0,1.206,
102,235,basic,86.247,55.28,141.1,90.127,1.287,1.334
102,236,basic,44.482,38.529,97.978,75.464,1.073,1.593
102,239,basic,283.869,167.191,0.0,0.0,1.731,
102,241,basic,384.581,150.678,824.461,312.575,1.917,2.234
102,242,basic,152.951,105.389,0.0,0.0,1.204,
102,243,basic,221.33,124.485,301.882,168.624,0.996,1.038
102,244,basic,38.932,36.023,39.52,36.528,1.083,1.111
102,245,basic,318.636,264.924,444.68,361.915,1.249,1.382
102,246,basic,227.0,124.823,384.743,209.206,1.184,1.256
102,247,basic,365.629,144.414,1031.456,376.572,1.582,2.269
102,248,basic,142.485,92.399,0.0,0.0,0.882,
102,249,basic,29.808,22.526,33.087,24.859,0.887,0.922
102,250,basic,82.884,59.961,138.558,101.898,0.964,0.868
102,251,basic,128.531,67.986,155.32,80.961,1.39,1.455
102,252,basic,232.781,163.429,232.726,163.76,1.375,1.363
102,255,basic,83.496,55.746,279.272,180.256,0.843,1.051
102,257,basic,120.526,98.777,414.664,327.313,1.086,1.317
102,259,basic,159.145,113.088,0.0,0.0,1.282,
102,261,basic,181.009,159.474,239.662,201.376,1.08,1.368
102,262,basic,184.876,138.459,336.179,246.271,1.068,1.195
102,264,basic,75.406,39.387,0.0,0.0,0.903,
102,266,basic,102.333,80.341,107.312,84.134,0.905,0.912
102,267,basic,120.021,101.764,134.872,114.039,1.015,1.031
102,268,basic,107.237,101.875,0.0,0.0,1.082,
102,269,basic,103.723,95.784,223.151,200.721,0.99,1.331
102,270,basic,152.139,99.886,515.05,343.959,1.556,1.506
102,272,basic,37.962,35.504,0.0,0.0,1.018,
102,275,basic,90.018,82.676,198.674,180.673,1.176,1.287
102,276,basic,151.055,81.096,318.763,171.432,1.142,1.318
102,277,basic,124.893,81.84,128.499,83.96,1.008,1.024
102,279,basic,104.551,51.429,141.493,69.248,1.002,1.034
102,281,basic,69.434,46.821,148.468,92.8,0.818,1.259
102,282,basic,72.662,53.189,82.736,59.135,0.865,1.0
102,286,basic,186.495,110.102,316.664,195.245,2.231,2.06
102,287,gifted,190.0,174.661,0.0,0.0,,
102,288,basic,190.08,155.833,190.015,156.412,1.405,1.387
102,289,basic,157.483,126.491,0.0,0.0,1.39,
102,291,basic,384.022,251.795,632.994,416.047,2.432,2.442
102,292,basic,566.12,336.122,772.956,458.498,1.52,1.471
102,930,basic,399.158,329.96,824.57,696.366,2.331,2.212
102,935,basic,438.396,294.466,0.0,0.0,1.885,
102,939,basic,222.416,116.453,0.0,0.0,1.772,
102,949,basic,379.67,291.594,0.0,0.0,1.636,
102,955,basic,47.505,45.129,0.0,0.0,2.766,
102,971,gifted,515.906,474.256,704.046,647.207,,
102,972,basic,258.383,181.439,0.0,0.0,1.893,
102,974,basic,86.463,74.889,92.212,79.024,1.16,1.227
102,977,basic,237.907,171.509,237.634,171.342,1.315,1.314
103,103,basic,270.046,227.395,270.08,227.422,1.616,1.616
103,104,basic,134.919,47.057,135.189,47.1,2.66,2.665
103,105,basic,461.931,202.384,461.906,202.339,2.275,2.276
103,105,gifted,183.152,167.615,183.152,167.615,,
103,106,basic,467.867,263.864,468.178,263.926,1.78,1.782
103,106,gifted,116.921,107.002,116.921,107.002,,
103,107,basic,499.314,229.533,497.674,228.944,2.444,2.441
103,109,basic,164.785,100.402,164.653,100.325,2.168,2.168
103,110,basic,403.822,194.887,404.195,195.034,2.061,2.061
103,113,basic,399.116,222.376,399.141,222.314,2.373,2.375
103,113,gifted,135.359,123.876,135.359,123.876,,
103,115,basic,139.68,75.997,139.677,75.996,1.735,1.735
103,117,basic,256.491,144.671,256.761,144.753,2.315,2.318
103,117,gifted,90.258,82.601,90.258,82.601,,
103,118,basic,266.793,129.633,266.948,129.669,2.11,2.111
103,130,basic,670.018,364.584,669.854,364.538,1.69,1.69
103,201,basic,74.975,52.319,75.062,52.259,0.995,1.005
103,202,basic,172.15,91.966,197.53,104.669,1.654,1.697
103,203,basic,261.096,188.339,259.875,187.727,1.274,1.267
103,204,basic,179.824,132.041,380.937,278.51,1.406,1.463
103,207,basic,0.0,0.0,123.331,93.516,,1.094
103,208,basic,201.326,165.86,0.0,0.0,1.205,
103,209,basic,153.462,55.164,250.201,88.696,0.782,0.85
103,210,basic,192.481,83.044,0.0,0.0,1.381,
103,211,basic,74.789,49.026,257.735,162.815,1.105,1.34
103,212,gifted,205.912,188.444,205.912,188.444,,
103,215,basic,122.031,74.201,121.65,74.252,0.912,0.898
103,218,basic,158.421,101.818,210.477,131.122,0.766,0.919
103,220,basic,90.227,74.631,0.0,0.0,1.397,
103,221,basic,163.671,114.283,254.262,179.333,0.964,0.962
103,222,basic,150.496,89.328,185.325,113.721,2.068,1.929
103,225,basic,84.086,44.004,82.944,43.429,1.192,1.189
103,226,basic,266.613,174.677,265.795,175.554,1.291,1.251
103,229,basic,250.151,213.176,0.0,0.0,1.134,
103,230,basic,112.607,79.188,221.07,150.734,1.033,1.206
103,233,basic,278.383,179.61,279.259,180.116,0.814,0.816
103,234,basic,73.359,62.369,0.0,0.0,1.148,
103,235,basic,77.097,50.409,131.126,84.84,1.167,1.247
103,236,basic,53.81,47.857,111.729,92.199,1.056,1.38
103,239,basic,278.502,165.894,0.0,0.0,1.74,
103,241,basic,384.902,132.652,825.709,268.868,1.869,2.174
103,242,basic,153.714,109.387,0.0,0.0,1.242,
103,243,basic,213.083,116.714,291.506,158.37,0.971,1.014
103,244,basic,36.73,34.259,37.262,34.715,1.113,1.145
103,245,basic,316.189,278.823,447.127,385.39,1.228,1.357
103,246,basic,236.218,126.274,396.807,209.187,1.175,1.251
103,247,basic,367.789,125.615,1033.884,314.537,1.584,2.238
103,248,basic,146.27,97.158,0.0,0.0,0.888,
103,249,basic,27.753,22.147,31.049,24.57,0.865,0.907
103,250,basic,86.82,67.283,138.808,109.637,0.969,0.874
103,251,basic,136.714,66.594,164.845,79.381,1.388,1.43
103,252,basic,246.691,176.891,246.65,177.386,1.443,1.429
103,255,basic,88.405,61.323,285.942,190.235,0.835,1.052
103,257,basic,128.978,113.767,426.462,361.735,1.088,1.322
103,259,basic,163.604,125.465,0.0,0.0,1.279,
103,261,basic,174.691,160.159,235.033,206.795,1.069,1.389
103,262,basic,188.379,149.804,341.401,265.105,1.068,1.184
103,264,basic,79.672,36.917,0.0,0.0,0.933,
103,266,basic,105.195,87.097,110.558,91.364,0.889,0.897
103,267,basic,118.419,107.992,132.884,120.938,1.02,1.033
103,268,basic,108.795,103.355,0.0,0.0,1.074,
103,269,basic,105.637,99.119,224.557,210.557,1.079,1.407
103,270,basic,162.557,113.774,534.238,381.061,1.536,1.493
103,272,basic,43.507,40.98,0.0,0.0,1.041,
103,275,basic,97.132,91.203,207.275,194.494,1.179,1.287
103,276,basic,148.127,73.771,316.555,153.259,1.13,1.309
103,277,basic,125.386,85.044,128.976,87.191,1.013,1.029
103,279,basic,105.48,47.726,143.276,64.351,0.996,1.035
103,281,basic,65.974,46.537,139.882,90.472,0.801,1.226
103,282,basic,83.681,65.524,96.148,73.066,0.915,1.059
103,286,basic,178.722,112.824,309.382,200.662,1.83,1.772
103,287,gifted,190.0,173.881,0.0,0.0,,
103,288,basic,188.564,165.12,188.804,165.845,1.396,1.385
103,289,basic,153.309,128.959,0.0,0.0,1.37,
103,291,basic,377.964,255.575,630.09,423.699,2.275,2.339
103,292,basic,566.422,323.606,773.197,445.643,1.491,1.441
103,930,basic,399.378,355.783,824.919,741.467,2.334,2.242
103,935,basic,437.574,301.248,0.0,0.0,1.821,
103,939,basic,218.335,105.399,0.0,0.0,1.702,
103,949,basic,377.823,310.711,0.0,0.0,1.55,
103,955,basic,44.864,42.621,0.0,0.0,2.834,
103,971,gifted,515.844,472.082,703.932,644.214,,
103,972,basic,263.839,191.677,0.0,0.0,1.828,
103,974,basic,84.938,77.281,89.967,81.621,1.232,1.291
103,977,basic,233.405,182.357,233.269,182.211,1.31,1.311
104,103,basic,267.085,223.844,267.103,223.862,1.615,1.615
104,104,basic,110.417,53.015,110.64,53.066,2.275,2.28
104,105,basic,438.791,228.468,438.729,228.396,2.318,2.319
104,105,gifted,178.458,163.657,178.458,163.657,,
104,106,basic,474.21,301.714,474.483,301.784,1.815,1.816
104,106,gifted,119.151,109.269,119.151,109.269,,
104,107,basic,517.125,274.329,515.358,273.596,2.52,2.515
104,109,basic,147.439,100.099,147.328,100.017,2.056,2.056
104,110,basic,390.302,229.596,390.794,229.841,2.093,2.094
104,113,basic,397.053,246.345,397.069,246.29,2.315,2.317
104,113,gifted,136.74,125.399,136.74,125.399,,
104,115,basic,141.834,87.591,141.827,87.588,1.725,1.725
104,117,basic,251.115,159.583,251.775,159.876,2.337,2.341
104,117,gifted,89.312,81.905,89.312,81.905,,
104,118,basic,274.561,156.187,274.741,156.239,2.107,2.109
104,130,basic,659.656,424.738,659.35,424.624,1.705,1.704
104,201,basic,79.9,52.151,79.638,51.932,1.063,1.067
104,202,basic,164.008,89.831,188.776,102.604,1.597,1.643
104,203,basic,262.739,173.91,261.596,173.354,1.327,1.321
104,204,basic,174.573,117.013,371.302,247.44,1.4,1.467
104,207,basic,0.0,0.0,125.15,91.261,,1.11
104,208,basic,206.859,161.619,0.0,0.0,1.23,
104,209,basic,149.246,66.933,245.624,108.875,0.781,0.847
104,210,basic,191.528,94.884,0.0,0.0,1.399,
104,211,basic,73.366,46.2,257.666,164.518,1.102,1.361
104,212,gifted,205.898,188.822,205.898,188.822,,
104,215,basic,119.77,76.275,119.503,76.366,0.887,0.874
104,218,basic,162.883,103.783,216.585,134.27,0.779,0.935
104,220,basic,91.731,67.681,0.0,0.0,1.434,
104,221,basic,157.588,109.57,247.066,173.634,1.005,0.993
104,222,basic,148.841,84.783,184.884,108.148,1.988,1.87
104,225,basic,84.214,46.2,83.185,45.658,1.198,1.195
104,226,basic,263.988,173.91,262.955,175.307,1.367,1.303
104,229,basic,249.405,186.838,0.0,0.0,1.161,
104,230,basic,110.379,72.472,219.29,140.15,1.037,1.209
104,233,basic,280.058,179.317,280.793,179.766,0.845,0.846
104,234,basic,76.652,57.008,0.0,0.0,1.167,
104,235,basic,81.127,52.43,136.06,87.234,1.209,1.279
104,236,basic,50.882,42.571,106.811,81.763,1.086,1.462
104,239,basic,275.975,159.802,0.0,0.0,1.723,
104,241,basic,385.399,156.887,824.92,329.259,1.95,2.233
104,242,basic,153.316,102.652,0.0,0.0,1.229,
104,243,basic,219.749,125.477,298.442,169.283,0.988,1.028
104,244,basic,36.924,33.622,37.497,34.094,1.09,1.111
104,245,basic,321.295,257.416,454.404,356.013,1.236,1.371
104,246,basic,239.83,132.544,401.309,219.682,1.204,1.267
104,247,basic,369.837,152.287,1033.734,400.217,1.644,2.287
104,248,basic,148.025,94.819,0.0,0.0,0.891,
104,249,basic,27.871,20.461,31.073,22.664,0.903,0.941
104,250,basic,85.297,59.642,139.171,99.177,0.988,0.878
104,251,basic,130.435,70.45,158.343,84.347,1.421,1.479
104,252,basic,249.586,169.12,249.584,169.469,1.45,1.439
104,255,basic,86.684,56.966,278.632,177.168,0.853,1.052
104,257,basic,124.979,98.605,422.845,320.035,1.085,1.336
104,259,basic,161.372,111.012,0.0,0.0,1.251,
104,261,basic,172.976,145.648,232.858,185.811,1.057,1.37
104,262,basic,187.553,136.354,337.296,240.499,1.068,1.177
104,264,basic,84.519,45.979,0.0,0.0,0.935,
104,266,basic,109.873,84.453,115.281,88.471,0.892,0.9
104,267,basic,116.57,94.417,131.567,106.264,1.034,1.05
104,268,basic,107.913,102.507,0.0,0.0,1.063,
104,269,basic,103.732,93.063,222.047,190.831,1.004,1.33
104,270,basic,163.817,105.087,537.093,348.036,1.49,1.478
104,272,basic,41.77,38.501,0.0,0.0,1.009,
104,275,basic,92.121,82.717,202.286,179.231,1.161,1.251
104,276,basic,149.291,82.463,316.895,176.946,1.145,1.326
104,277,basic,127.792,82.504,131.411,84.598,1.008,1.024
104,279,basic,99.551,50.765,138.17,70.018,1.003,1.041
104,281,basic,63.136,41.815,140.409,85.995,0.829,1.278
104,282,basic,76.539,53.91,87.74,60.234,0.904,1.047
104,286,basic,178.645,107.54,308.766,192.698,2.011,1.889
104,287,gifted,190.0,174.242,0.0,0.0,,
104,288,basic,187.653,147.405,187.73,148.19,1.349,1.328
104,289,basic,156.26,122.785,0.0,0.0,1.348,
104,291,basic,375.26,246.702,626.718,408.454,2.28,2.349
104,292,basic,563.605,338.675,770.288,460.992,1.504,1.454
104,930,basic,398.72,309.934,824.199,650.071,2.288,2.202
104,935,basic,437.165,289.479,0.0,0.0,1.856,
104,939,basic,217.234,117.904,0.0,0.0,1.71,
104,949,basic,384.492,286.837,0.0,0.0,1.592,
104,955,basic,47.474,45.051,0.0,0.0,2.813,
104,971,gifted,514.909,472.205,702.904,644.608,,
104,972,basic,262.85,181.231,0.0,0.0,1.867,
104,974,basic,85.578,69.228,91.433,73.136,1.16,1.228
104,977,basic,235.609,162.894,235.626,162.876,1.317,1.319
105,103,basic,264.641,232.09,264.653,232.109,1.622,1.622
105,104,basic,133.999,48.61,134.31,48.646,2.408,2.415
105,105,basic,474.564,206.884,474.476,206.803,2.273,2.273
105,105,gifted,184.793,169.329,184.793,169.329,,
105,106,basic,449.486,263.434,449.748,263.491,1.751,1.753
105,106,gifted,115.213,105.571,115.213,105.571,,
105,107,basic,508.289,231.349,506.567,230.78,2.453,2.448
105,109,basic,149.91,96.995,149.838,96.924,2.059,2.06
105,110,basic,383.09,190.221,383.734,190.486,2.06,2.061
105,113,basic,392.871,226.379,392.939,226.317,2.329,2.331
105,113,gifted,134.932,123.64,134.932,123.64,,
105,115,basic,145.671,81.15,145.663,81.147,1.726,1.726
105,117,basic,269.202,157.277,269.844,157.49,2.293,2.298
105,117,gifted,89.749,82.239,89.749,82.239,,
105,118,basic,263.159,129.294,263.335,129.336,2.092,2.093
105,130,basic,669.908,381.27,669.569,381.177,1.659,1.658
105,201,basic,82.361,57.655,82.621,57.582,0.958,0.973
105,202,basic,169.65,87.908,195.003,100.068,1.577,1.62
105,203,basic,272.462,192.652,271.354,192.206,1.32,1.313
105,204,basic,166.203,120.999,366.22,264.93,1.38,1.448
105,207,basic,0.0,0.0,116.333,90.334,,1.07
105,208,basic,208.126,178.334,0.0,0.0,1.198,
105,209,basic,150.223,51.039,245.225,81.984,0.781,0.846
105,210,basic,194.44,80.554,0.0,0.0,1.365,
105,211,basic,76.411,49.073,263.638,166.515,1.122,1.35
105,212,gifted,205.208,188.035,205.208,188.035,,
105,215,basic,122.22,73.802,121.744,74.01,0.901,0.88
105,218,basic,157.925,101.297,207.613,128.599,0.75,0.89
105,220,basic,91.351,74.325,0.0,0.0,1.407,
105,221,basic,161.63,116.107,253.343,182.96,0.927,0.946
105,222,basic,148.717,87.87,183.951,111.872,1.918,1.819
105,225,basic,84.617,42.745,83.447,42.191,1.182,1.178
105,226,basic,249.745,167.393,248.617,168.973,1.205,1.154
105,229,basic,248.494,214.38,0.0,0.0,1.132,
105,230,basic,104.117,73.564,212.246,143.631,0.975,1.172
105,233,basic,283.596,181.332,284.196,181.734,0.83,0.83
105,234,basic,78.775,66.087,0.0,0.0,1.206,
105,235,basic,86.585,55.872,142.065,90.676,1.187,1.26
105,236,basic,49.694,44.156,105.583,84.221,1.058,1.525
105,239,basic,268.646,156.196,0.0,0.0,1.679,
105,241,basic,383.02,122.273,821.336,249.653,1.831,2.124
105,242,basic,161.514,114.934,0.0,0.0,1.201,
105,243,basic,219.041,116.766,298.046,157.408,0.988,1.029
105,244,basic,35.539,32.825,36.088,33.369,1.164,1.18
105,245,basic,319.259,282.676,448.153,387.652,1.237,1.367
105,246,basic,231.183,121.931,390.109,201.382,1.086,1.179
105,247,basic,366.49,117.158,1033.085,292.651,1.525,2.197
105,248,basic,146.681,96.205,0.0,0.0,0.885,
105,249,basic,28.665,22.751,31.824,25.143,0.922,0.945
105,250,basic,87.472,68.097,143.059,113.99,0.957,0.861
105,251,basic,129.005,61.744,155.861,73.317,1.337,1.398
105,252,basic,235.519,171.058,235.446,171.756,1.399,1.383
105,255,basic,87.638,60.008,281.857,185.133,0.856,1.041
105,257,basic,125.347,112.243,422.055,363.75,1.092,1.314
105,259,basic,160.776,123.81,0.0,0.0,1.226,
105,261,basic,164.836,150.955,224.307,196.721,1.085,1.399
105,262,basic,181.868,146.157,334.336,260.736,1.06,1.183
105,264,basic,79.353,36.113,0.0,0.0,0.915,
105,266,basic,104.396,88.857,109.576,93.084,0.887,0.895
105,267,basic,114.998,106.087,129.963,119.58,1.034,1.048
105,268,basic,112.752,107.114,0.0,0.0,1.068,
105,269,basic,105.014,98.603,225.159,211.395,1.01,1.371
105,270,basic,160.603,112.438,530.291,375.785,1.437,1.44
105,272,basic,39.883,37.468,0.0,0.0,1.058,
105,275,basic,102.011,96.044,214.42,201.969,1.146,1.268
105,276,basic,146.524,71.671,313.59,150.914,1.106,1.296
105,277,basic,125.73,84.677,129.436,86.816,1.002,1.018
105,279,basic,106.29,46.28,143.097,61.8,0.988,1.024
105,281,basic,64.388,45.07,139.996,88.497,0.811,1.226
105,282,basic,68.786,55.055,78.408,60.738,0.828,0.956
105,286,basic,185.531,115.222,316.564,204.526,1.849,1.75
105,287,gifted,190.0,174.1,0.0,0.0,,
105,288,basic,194.386,167.129,194.264,168.349,1.457,1.431
105,289,basic,156.225,135.454,0.0,0.0,1.37,
105,291,basic,373.653,260.789,622.711,428.892,2.183,2.26
105,292,basic,564.616,322.431,771.173,441.801,1.469,1.423
105,930,basic,399.248,350.392,824.745,734.118,2.361,2.254
105,935,basic,438.167,305.049,0.0,0.0,1.796,
105,939,basic,223.723,106.536,0.0,0.0,1.651,
105,949,basic,382.227,317.527,0.0,0.0,1.546,
105,955,basic,45.981,43.682,0.0,0.0,2.822,
105,971,gifted,515.745,472.585,703.833,644.934,,
105,972,basic,260.502,190.72,0.0,0.0,1.856,
105,974,basic,89.292,80.865,94.206,85.042,1.232,1.284
105,977,basic,241.312,187.345,241.239,187.291,1.303,1.303
106,103,basic,255.775,225.526,255.787,225.548,1.652,1.652
106,104,basic,117.092,48.259,117.375,48.309,2.325,2.331
106,105,basic,442.092,214.918,442.032,214.853,2.269,2.27
106,105,gifted,179.863,165.043,179.863,165.043,,
106,106,basic,460.882,284.258,461.196,284.335,1.737,1.739
106,106,gifted,116.917,107.283,116.917,107.283,,
106,107,basic,517.831,259.718,516.044,259.018,2.532,2.527
106,109,basic,149.635,100.744,149.48,100.63,2.078,2.079
106,110,basic,397.924,202.135,398.471,202.367,2.129,2.13
106,113,basic,387.393,241.631,387.354,241.553,2.293,2.294
106,113,gifted,134.684,123.587,134.684,123.587,,
106,115,basic,147.717,88.255,147.711,88.252,1.726,1.726
106,117,basic,261.752,159.082,262.238,159.269,2.309,2.313
106,117,gifted,89.992,82.577,89.992,82.577,,
106,118,basic,247.249,132.124,247.398,132.164,2.095,2.096
106,130,basic,652.11,375.469,651.821,375.375,1.705,1.704
106,201,basic,81.909,55.33,81.371,55.009,1.056,1.051
106,202,basic,160.6,85.854,185.672,98.443,1.591,1.639
106,203,basic,248.977,175.498,247.726,174.88,1.292,1.285
106,204,basic,184.476,133.505,384.045,275.946,1.397,1.471
106,207,basic,0.0,0.0,123.953,88.531,,1.095
106,208,basic,210.864,171.654,0.0,0.0,1.242,
106,209,basic,146.091,50.382,242.05,82.42,0.781,0.85
106,210,basic,191.685,79.219,0.0,0.0,1.392,
106,211,basic,70.548,45.482,248.103,161.972,1.102,1.343
106,212,gifted,205.927,188.959,205.927,188.959,,
106,215,basic,113.642,65.814,113.623,65.898,0.871,0.865
106,218,basic,165.345,102.839,217.253,131.3,0.771,0.926
106,220,basic,91.319,74.845,0.0,0.0,1.417,
106,221,basic,161.897,106.593,251.71,166.558,0.938,0.951
106,222,basic,147.722,89.34,184.262,114.593,1.968,1.846
106,225,basic,82.978,42.318,82.017,41.844,1.205,1.203
106,226,basic,252.306,155.098,251.498,155.575,1.278,1.244
106,229,basic,258.774,214.655,0.0,0.0,1.132,
106,230,basic,116.93,81.122,226.292,152.819,1.027,1.193
106,233,basic,276.298,171.326,276.901,171.685,0.829,0.83
106,234,basic,75.764,62.564,0.0,0.0,1.193,
106,235,basic,86.616,53.586,143.019,87.987,1.221,1.279
106,236,basic,49.53,43.074,104.197,84.365,1.088,1.397
106,239,basic,272.526,162.137,0.0,0.0,1.7,
106,241,basic,382.906,129.38,823.987,270.979,1.887,2.199
106,242,basic,150.896,105.212,0.0,0.0,1.209,
106,243,basic,208.432,111.035,286.909,151.594,0.967,1.014
106,244,basic,36.662,34.151,37.296,34.7,1.177,1.213
106,245,basic,320.631,271.414,449.829,372.529,1.229,1.358
106,246,basic,219.041,114.233,375.947,194.09,1.191,1.254
106,247,basic,372.999,125.59,1038.63,324.664,1.542,2.222
106,248,basic,144.685,94.098,0.0,0.0,0.883,
106,249,basic,26.643,20.293,30.076,22.705,0.886,0.934
106,250,basic,90.126,68.814,144.882,112.452,0.956,0.865
106,251,basic,136.109,62.891,163.634,74.956,1.401,1.436
106,252,basic,232.882,161.032,232.835,161.493,1.451,1.435
106,255,basic,84.583,57.53,281.437,183.997,0.826,1.053
106,257,basic,119.625,101.842,415.785,339.991,1.095,1.334
106,259,basic,160.689,122.528,0.0,0.0,1.261,
106,261,basic,170.794,155.33,228.213,199.299,1.091,1.387
106,262,basic,179.503,137.924,328.962,247.187,1.074,1.193
106,264,basic,81.141,35.175,0.0,0.0,0.919,
106,266,basic,108.019,84.743,113.302,88.75,0.894,0.902
106,267,basic,117.688,102.79,133.113,115.915,1.02,1.037
106,268,basic,109.165,103.706,0.0,0.0,1.074,
106,269,basic,102.287,96.047,219.964,205.907,1.028,1.357
106,270,basic,155.293,109.092,518.412,370.064,1.507,1.469
106,272,basic,42.058,39.616,0.0,0.0,1.055,
106,275,basic,98.265,92.13,209.816,196.006,1.164,1.272
106,276,basic,147.478,69.567,315.444,150.521,1.146,1.317
106,277,basic,126.387,84.46,130.379,86.829,0.997,1.015
106,279,basic,96.012,41.974,132.738,57.653,1.001,1.038
106,281,basic,65.434,45.045,142.313,90.356,0.824,1.264
106,282,basic,78.54,60.968,89.522,67.787,0.891,1.023
106,286,basic,175.728,106.43,306.693,191.012,1.807,1.736
106,287,gifted,190.0,174.345,0.0,0.0,,
106,288,basic,188.32,164.94,188.56,165.523,1.344,1.336
106,289,basic,160.814,145.045,0.0,0.0,1.395,
106,291,basic,368.834,258.093,620.158,425.306,2.165,2.287
106,292,basic,566.26,329.799,772.979,448.567,1.506,1.457
106,930,basic,399.359,363.463,824.811,756.759,2.39,2.291
106,935,basic,437.985,313.503,0.0,0.0,1.816,
106,939,basic,217.048,104.471,0.0,0.0,1.726,
106,949,basic,380.422,329.144,0.0,0.0,1.519,
106,955,basic,45.569,43.29,0.0,0.0,2.701,
106,971,gifted,516.242,473.706,704.476,646.43,,
106,972,basic,260.848,194.232,0.0,0.0,1.87,
106,974,basic,87.176,79.918,91.982,84.087,1.236,1.293
106,977,basic,235.787,183.204,237.13,183.905,1.29,1.301
107,103,basic,265.851,244.738,265.883,244.763,1.671,1.672
107,104,basic,145.815,50.945,146.039,50.987,2.546,2.55
107,105,basic,429.254,192.292,429.268,192.269,2.281,2.282
107,105,gifted,176.567,162.74,176.567,162.74,,
107,106,basic,452.37,269.421,452.699,269.485,1.75,1.752
107,106,gifted,115.489,106.444,115.489,106.444,,
107,107,basic,532.586,256.169,530.873,255.543,2.456,2.452
107,109,basic,147.843,100.037,147.631,99.921,2.124,2.122
107,110,basic,398.846,187.317,399.129,187.425,2.171,2.172
107,113,basic,392.431,241.834,392.379,241.763,2.326,2.327
107,113,gifted,134.705,124.155,134.705,124.155,,
107,115,basic,140.116,80.4,140.114,80.399,1.708,1.708
107,117,basic,270.823,162.526,270.944,162.551,2.349,2.35
107,117,gifted,90.159,83.099,90.159,83.099,,
107,118,basic,271.799,136.604,271.981,136.652,2.118,2.12
107,130,basic,662.576,364.073,662.449,364.029,1.699,1.699
107,201,basic,76.73,52.901,76.647,52.748,0.999,1.007
107,202,basic,169.065,84.769,194.507,96.924,1.761,1.798
107,203,basic,255.808,183.556,254.439,182.932,1.365,1.355
107,204,basic,166.311,126.611,367.065,277.518,1.389,1.461
107,207,basic,0.0,0.0,121.186,89.87,,1.074
107,208,basic,207.365,178.085,0.0,0.0,1.242,
107,209,basic,145.77,41.006,239.54,66.615,0.781,0.842
107,210,basic,194.443,71.003,0.0,0.0,1.415,
107,211,basic,76.366,49.02,260.187,167.886,1.102,1.358
107,212,gifted,205.141,189.076,205.141,189.076,,
107,215,basic,121.879,65.858,121.224,65.983,1.014,0.986
107,218,basic,157.185,94.798,210.292,123.17,0.77,0.925
107,220,basic,91.165,77.144,0.0,0.0,1.449,
107,221,basic,159.312,103.995,249.42,164.51,0.987,0.98
107,222,basic,151.998,85.61,186.169,109.494,2.505,2.289
107,225,basic,86.606,41.087,85.305,40.507,1.237,1.232
107,226,basic,258.26,158.575,256.981,159.6,1.286,1.229
107,229,basic,251.774,224.021,0.0,0.0,1.136,
107,230,basic,102.65,72.61,204.385,140.069,0.996,1.181
107,233,basic,283.248,170.309,283.832,170.671,0.849,0.849
107,234,basic,77.584,68.283,0.0,0.0,1.171,
107,235,basic,80.744,49.015,134.826,81.682,1.293,1.337
107,236,basic,46.518,41.801,104.155,82.799,1.09,1.66
107,239,basic,276.972,165.193,0.0,0.0,1.706,
107,241,basic,385.447,111.172,824.512,231.659,1.908,2.191
107,242,basic,164.163,117.541,0.0,0.0,1.223,
107,243,basic,215.53,107.048,294.237,145.052,0.976,1.018
107,244,basic,34.537,32.373,35.065,32.877,1.184,1.205
107,245,basic,321.141,288.283,451.272,397.778,1.269,1.397
107,246,basic,238.894,116.423,402.56,193.855,1.231,1.303
107,247,basic,370.258,104.265,1035.305,269.45,1.573,2.247
107,248,basic,145.996,93.947,0.0,0.0,0.883,
107,249,basic,25.306,19.941,28.677,22.443,0.931,0.969
107,250,basic,87.219,69.037,140.72,113.422,0.964,0.867
107,251,basic,127.23,54.355,153.349,64.689,1.374,1.428
107,252,basic,229.727,165.835,229.71,166.123,1.407,1.398
107,255,basic,85.42,57.685,280.018,182.677,0.856,1.052
107,257,basic,124.049,112.265,422.095,370.014,1.101,1.344
107,259,basic,177.112,140.351,0.0,0.0,1.342,
107,261,basic,176.42,164.258,235.703,214.955,1.123,1.44
107,262,basic,187.522,151.438,338.288,267.242,1.071,1.186
107,264,basic,78.337,29.96,0.0,0.0,0.929,
107,266,basic,102.972,84.403,107.945,88.335,0.913,0.921
107,267,basic,116.204,108.586,130.908,122.183,1.032,1.045
107,268,basic,109.36,103.892,0.0,0.0,1.068,
107,269,basic,101.69,96.246,221.305,209.853,1.066,1.407
107,270,basic,164.391,118.972,532.951,395.925,1.565,1.483
107,272,basic,39.647,37.55,0.0,0.0,1.072,
107,275,basic,94.663,89.611,202.757,192.268,1.179,1.29
107,276,basic,147.865,63.786,316.886,137.456,1.137,1.317
107,277,basic,118.956,79.421,122.777,81.695,0.996,1.013
107,279,basic,104.956,40.623,142.815,54.892,0.99,1.029
107,281,basic,66.397,45.955,140.457,89.605,0.804,1.235
107,282,basic,73.749,59.874,84.39,66.732,0.863,0.999
107,286,basic,178.465,109.305,307.898,194.449,1.902,1.821
107,287,gifted,190.0,175.12,0.0,0.0,,
107,288,basic,185.675,165.639,185.53,166.292,1.451,1.429
107,289,basic,154.303,142.857,0.0,0.0,1.392,
107,291,basic,374.557,268.847,622.44,445.419,2.314,2.352
107,292,basic,563.269,317.529,768.765,432.259,1.508,1.46
107,930,basic,399.505,370.11,825.017,770.0,2.495,2.364
107,935,basic,437.911,324.668,0.0,0.0,1.832,
107,939,basic,222.954,99.657,0.0,0.0,1.75,
107,949,basic,376.286,337.44,0.0,0.0,1.56,
107,955,basic,44.774,42.535,0.0,0.0,2.73,
107,971,gifted,515.214,474.866,703.291,648.214,,
107,972,basic,262.477,202.633,0.0,0.0,1.929,
107,974,basic,85.609,79.822,91.383,85.209,1.223,1.296
107,977,basic,231.13,190.756,231.985,191.208,1.296,1.303
108,103,basic,259.017,225.318,259.035,225.337,1.646,1.646
108,104,basic,132.777,55.857,133.066,55.925,2.634,2.642
108,105,basic,437.394,217.36,437.358,217.314,2.381,2.382
108,105,gifted,178.352,164.405,178.352,164.405,,
108,106,basic,438.627,267.314,438.949,267.429,1.819,1.822
108,106,gifted,113.408,104.54,113.408,104.54,,
108,107,basic,511.786,266.697,509.996,265.889,2.564,2.56
108,109,basic,150.49,101.587,150.366,101.501,2.149,2.149
108,110,basic,396.316,212.932,396.789,213.161,2.135,2.136
108,113,basic,392.62,246.762,392.605,246.701,2.383,2.384
108,113,gifted,134.784,124.244,134.784,124.244,,
108,115,basic,140.53,82.595,140.521,82.59,1.727,1.727
108,117,basic,264.003,165.879,264.448,166.093,2.382,2.385
108,117,gifted,89.934,82.901,89.934,82.901,,
108,118,basic,270.405,146.893,270.557,146.946,2.126,2.128
108,130,basic,657.248,384.913,657.002,384.813,1.727,1.726
108,201,basic,76.828,49.723,75.858,49.182,1.193,1.178
108,202,basic,174.177,92.98,199.789,106.239,1.825,1.863
108,203,basic,256.744,176.161,255.601,175.53,1.36,1.352
108,204,basic,182.261,129.322,380.548,269.454,1.44,1.482
108,207,basic,0.0,0.0,133.452,95.8,,1.11
108,208,basic,205.821,163.097,0.0,0.0,1.309,
108,209,basic,149.185,52.572,244.72,85.536,0.771,0.846
108,210,basic,192.52,83.795,0.0,0.0,1.42,
108,211,basic,73.428,45.897,255.496,161.419,1.107,1.361
108,212,gifted,205.756,189.666,205.756,189.666,,
108,215,basic,119.516,69.094,119.412,69.076,0.885,0.88
108,218,basic,153.627,91.891,205.124,120.539,0.78,0.942
108,220,basic,87.937,71.769,0.0,0.0,1.438,
108,221,basic,154.296,101.508,242.822,161.088,1.045,1.008
108,222,basic,139.996,84.926,173.452,107.625,2.314,2.133
108,225,basic,77.359,39.275,76.21,38.698,1.294,1.293
108,226,basic,255.846,162.951,254.954,162.879,1.335,1.307
108,229,basic,249.32,198.628,0.0,0.0,1.147,
108,230,basic,116.859,77.013,226.14,147.174,1.116,1.246
108,233,basic,284.955,171.133,285.817,171.627,0.855,0.856
108,234,basic,74.625,59.441,0.0,0.0,1.168,
108,235,basic,79.269,49.26,133.379,82.791,1.293,1.325
108,236,basic,50.586,43.861,103.751,85.265,1.155,1.513
108,239,basic,278.486,166.199,0.0,0.0,1.799,
108,241,basic,388.114,141.766,829.859,296.793,1.952,2.317
108,242,basic,153.578,104.506,0.0,0.0,1.23,
108,243,basic,216.216,113.488,294.417,153.891,0.987,1.027
108,244,basic,35.927,33.77,36.441,34.225,1.144,1.181
108,245,basic,323.366,271.932,452.333,374.823,1.225,1.364
108,246,basic,229.136,118.305,388.1,199.497,1.289,1.337
108,247,basic,367.629,130.579,1031.846,351.672,1.66,2.328
108,248,basic,145.376,90.246,0.0,0.0,0.897,
108,249,basic,28.243,20.69,31.873,23.215,0.889,0.942
108,250,basic,90.181,64.888,145.233,105.736,0.994,0.885
108,251,basic,129.151,62.846,155.706,75.217,1.456,1.507
108,252,basic,237.026,165.807,237.051,166.035,1.484,1.473
108,255,basic,85.119,54.87,283.245,178.456,0.85,1.069
108,257,basic,116.043,96.325,410.247,331.775,1.07,1.319
108,259,basic,161.288,117.393,0.0,0.0,1.34,
108,261,basic,166.29,150.895,224.078,197.091,1.091,1.402
108,262,basic,180.198,133.912,327.232,240.095,1.085,1.201
108,264,basic,82.472,36.971,0.0,0.0,0.964,
108,266,basic,108.949,82.9,114.281,86.875,0.93,0.938
108,267,basic,122.53,102.906,137.739,115.466,1.043,1.06
108,268,basic,106.276,100.962,0.0,0.0,1.08,
108,269,basic,102.963,96.845,222.354,208.599,1.063,1.397
108,270,basic,169.056,114.537,538.293,371.887,1.711,1.568
108,272,basic,41.463,39.188,0.0,0.0,1.09,
108,275,basic,91.642,86.435,198.4,186.818,1.152,1.274
108,276,basic,162.234,78.962,330.043,161.704,1.147,1.332
108,277,basic,130.223,83.31,134.015,85.576,1.033,1.05
108,279,basic,112.879,49.786,152.892,67.214,1.019,1.051
108,281,basic,70.606,45.891,153.264,94.784,0.848,1.307
108,282,basic,79.164,57.303,91.43,65.081,0.952,1.105
108,286,basic,178.416,113.735,309.736,201.299,2.037,1.932
108,287,gifted,190.0,175.142,0.0,0.0,,
108,288,basic,181.857,157.178,182.057,157.598,1.491,1.48
108,289,basic,157.058,133.568,0.0,0.0,1.373,
108,291,basic,371.486,269.153,622.353,446.906,2.335,2.421
108,292,basic,565.847,328.716,772.618,447.59,1.539,1.487
108,930,basic,399.778,369.352,825.403,766.578,2.415,2.311
108,935,basic,438.0,309.683,0.0,0.0,1.963,
108,939,basic,218.763,109.637,0.0,0.0,1.812,
108,949,basic,383.665,317.213,0.0,0.0,1.606,
108,955,basic,46.256,43.943,0.0,0.0,2.805,
108,971,gifted,514.862,474.601,702.871,647.908,,
108,972,basic,262.642,195.322,0.0,0.0,1.92,
108,974,basic,86.043,78.463,90.488,82.217,1.251,1.303
108,977,basic,242.082,179.72,242.102,179.691,1.349,1.351
109,103,basic,266.523,238.46,266.515,238.461,1.64,1.64
109,104,basic,125.343,54.264,125.64,54.316,2.44,2.447
109,105,basic,467.849,227.097,467.756,227.016,2.325,2.326
109,105,gifted,183.657,168.144,183.657,168.144,,
109,106,basic,454.081,290.327,454.368,290.41,1.79,1.792
109,106,gifted,115.776,105.997,115.776,105.997,,
109,107,basic,530.14,270.404,528.425,269.725,2.507,2.503
109,109,basic,148.084,106.28,148.012,106.207,2.051,2.052
109,110,basic,390.358,235.596,390.884,235.864,2.138,2.139
109,113,basic,395.915,245.892,395.967,245.842,2.332,2.334
109,113,gifted,136.064,124.572,136.064,124.572,,
109,115,basic,157.25,93.11,157.238,93.104,1.737,1.736
109,117,basic,263.42,178.657,263.979,178.919,2.33,2.334
109,117,gifted,89.396,81.845,89.396,81.845,,
109,118,basic,272.352,150.633,272.518,150.683,2.078,2.079
109,130,basic,665.586,449.158,665.274,449.032,1.713,1.712
109,201,basic,79.36,49.364,78.999,49.086,1.068,1.073
109,202,basic,164.192,83.458,189.343,95.56,1.641,1.683
109,203,basic,269.672,173.304,268.527,172.822,1.342,1.334
109,204,basic,173.479,113.883,376.142,246.952,1.452,1.487
109,207,basic,0.0,0.0,123.698,98.116,,1.1
109,208,basic,207.219,170.816,0.0,0.0,1.242,
109,209,basic,153.796,59.499,252.385,96.454,0.77,0.839
109,210,basic,193.227,89.483,0.0,0.0,1.414,
109,211,basic,78.851,46.312,268.348,161.55,1.124,1.358
109,212,gifted,205.838,188.452,205.838,188.452,,
109,215,basic,120.375,77.718,120.138,77.89,0.933,0.917
109,218,basic,160.984,96.596,210.468,123.168,0.77,0.91
109,220,basic,92.22,71.239,0.0,0.0,1.446,
109,221,basic,158.059,119.925,246.054,187.715,0.946,0.956
109,222,basic,142.694,75.341,177.581,97.111,2.254,2.086
109,225,basic,91.857,46.12,90.782,45.603,1.224,1.222
109,226,basic,250.313,182.477,249.139,183.504,1.288,1.234
109,229,basic,250.759,191.958,0.0,0.0,1.142,
109,230,basic,100.441,62.047,205.046,123.187,1.023,1.198
109,233,basic,286.089,175.529,286.577,175.848,0.851,0.851
109,234,basic,77.626,57.829,0.0,0.0,1.218,
109,235,basic,82.804,54.182,139.251,90.702,1.268,1.323
109,236,basic,49.844,44.596,105.794,86.03,1.06,1.512
109,239,basic,265.46,146.884,0.0,0.0,1.693,
109,241,basic,384.896,140.187,824.952,294.353,1.856,2.172
109,242,basic,160.683,106.797,0.0,0.0,1.232,
109,243,basic,219.041,114.322,297.59,154.388,1.003,1.039
109,244,basic,37.328,34.365,37.949,34.916,1.116,1.139
109,245,basic,323.444,285.758,454.79,393.549,1.242,1.375
109,246,basic,232.088,118.137,391.714,196.931,1.19,1.267
109,247,basic,366.536,133.505,1031.942,352.035,1.546,2.245
109,248,basic,151.117,90.432,0.0,0.0,0.901,
109,249,basic,30.945,23.488,33.995,25.683,0.888,0.916
109,250,basic,88.19,59.018,143.204,97.56,0.979,0.877
109,251,basic,132.219,71.058,159.31,84.474,1.387,1.446
109,252,basic,244.44,169.966,244.516,170.313,1.442,1.433
109,255,basic,85.372,52.475,276.294,164.24,0.859,1.058
109,257,basic,124.097,103.162,419.605,334.361,1.075,1.329
109,259,basic,167.199,109.085,0.0,0.0,1.327,
109,261,basic,171.452,151.869,231.298,194.754,1.086,1.398
109,262,basic,185.469,136.749,337.797,243.415,1.067,1.195
109,264,basic,83.076,44.731,0.0,0.0,0.938,
109,266,basic,105.998,85.795,111.149,89.838,0.912,0.919
109,267,basic,117.511,104.258,132.832,117.54,1.025,1.04
109,268,basic,108.797,103.356,0.0,0.0,1.081,
109,269,basic,104.533,97.197,224.214,204.204,1.002,1.358
109,270,basic,157.906,96.075,521.968,322.479,1.49,1.456
109,272,basic,40.409,37.503,0.0,0.0,1.054,
109,275,basic,90.745,84.172,201.547,185.832,1.189,1.277
109,276,basic,153.092,82.286,321.309,175.333,1.12,1.314
109,277,basic,127.995,77.16,131.88,79.26,1.005,1.021
109,279,basic,108.223,49.573,145.49,66.247,0.999,1.034
109,281,basic,68.918,42.792,144.186,83.055,0.806,1.228
109,282,basic,72.196,48.418,82.394,53.921,0.857,0.992
109,286,basic,173.541,116.492,302.199,208.58,1.884,1.812
109,287,gifted,190.0,173.951,0.0,0.0,,
109,288,basic,185.021,152.162,185.081,152.956,1.363,1.342
109,289,basic,154.114,117.303,0.0,0.0,1.363,
109,291,basic,373.311,262.55,623.379,433.746,2.298,2.369
109,292,basic,566.57,325.34,772.679,441.163,1.518,1.466
109,930,basic,399.259,313.679,824.674,659.842,2.313,2.209
109,935,basic,436.992,290.503,0.0,0.0,1.791,
109,939,basic,221.323,117.156,0.0,0.0,1.745,
109,949,basic,382.933,281.196,0.0,0.0,1.588,
109,955,basic,47.049,44.697,0.0,0.0,2.799,
109,971,gifted,516.135,472.539,704.323,644.832,,
109,972,basic,258.435,179.015,0.0,0.0,1.912,
109,974,basic,86.673,69.051,92.147,72.676,1.195,1.255
109,977,basic,234.043,157.236,234.818,157.606,1.309,1.315
110,103,basic,274.876,228.897,274.875,228.897,1.669,1.669
110,104,basic,129.571,49.827,129.851,49.879,2.544,2.552
110,105,basic,451.114,205.091,451.038,205.03,2.315,2.316
110,105,gifted,184.356,168.716,184.356,168.716,,
110,106,basic,468.819,267.965,469.121,268.054,1.803,1.805
110,106,gifted,118.13,108.109,118.13,108.109,,
110,107,basic,496.762,237.92,494.976,237.202,2.523,2.518
110,109,basic,146.732,92.48,146.585,92.384,2.234,2.234
110,110,basic,404.985,203.819,405.366,203.984,2.174,2.175
110,113,basic,392.079,227.066,392.097,227.006,2.396,2.398
110,113,gifted,133.477,122.154,133.477,122.154,,
110,115,basic,145.144,78.975,145.134,78.97,1.737,1.737
110,117,basic,249.048,148.948,249.256,149.028,2.321,2.323
110,117,gifted,89.342,81.762,89.342,81.762,,
110,118,basic,270.215,136.263,270.302,136.283,2.084,2.085
110,130,basic,680.751,377.743,680.594,377.687,1.794,1.793
110,201,basic,78.187,52.487,78.081,52.36,1.077,1.085
110,202,basic,176.303,95.689,202.059,109.199,1.764,1.799
110,203,basic,261.328,184.25,260.188,183.591,1.339,1.333
110,204,basic,173.122,126.017,373.107,271.437,1.46,1.49
110,207,basic,0.0,0.0,122.243,94.337,,1.061
110,208,basic,204.218,164.953,0.0,0.0,1.259,
110,209,basic,151.913,54.405,248.09,88.1,0.785,0.851
110,210,basic,192.757,85.543,0.0,0.0,1.452,
110,211,basic,70.641,45.011,251.288,155.095,1.117,1.355
110,212,gifted,205.795,188.337,205.795,188.337,,
110,215,basic,120.366,72.911,119.933,72.92,0.983,0.962
110,218,basic,158.019,97.448,207.7,125.64,0.779,0.927
110,220,basic,86.165,73.458,0.0,0.0,1.381,
110,221,basic,164.945,115.956,257.52,182.58,1.033,1.012
110,222,basic,151.505,91.367,187.486,116.444,2.351,2.158
110,225,basic,85.137,44.191,84.027,43.635,1.251,1.247
110,226,basic,258.986,173.923,258.164,174.678,1.42,1.364
110,229,basic,247.804,205.501,0.0,0.0,1.152,
110,230,basic,106.396,72.064,214.076,142.11,1.048,1.219
110,233,basic,279.732,174.488,281.1,175.26,0.842,0.845
110,234,basic,72.479,59.692,0.0,0.0,1.211,
110,235,basic,77.889,50.841,131.778,85.735,1.278,1.327
110,236,basic,49.841,45.057,106.663,88.653,1.106,1.619
110,239,basic,268.855,163.617,0.0,0.0,1.744,
110,241,basic,384.382,140.409,824.127,288.138,1.925,2.25
110,242,basic,154.015,108.689,0.0,0.0,1.241,
110,243,basic,222.102,118.962,301.534,160.693,0.986,1.027
110,244,basic,39.424,36.957,39.969,37.454,1.183,1.211
110,245,basic,323.022,288.023,452.869,397.679,1.266,1.398
110,246,basic,237.95,126.223,397.5,209.036,1.206,1.278
110,247,basic,367.468,130.824,1032.853,339.298,1.639,2.282
110,248,basic,148.069,94.398,0.0,0.0,0.902,
110,249,basic,30.448,23.544,33.763,25.997,0.91,0.944
110,250,basic,84.589,62.471,137.098,102.671,0.988,0.879
110,251,basic,132.757,67.843,160.228,80.937,1.361,1.43
110,252,basic,240.874,174.674,240.941,174.955,1.473,1.463
110,255,basic,88.526,58.421,281.537,181.453,0.866,1.058
110,257,basic,121.374,105.641,416.245,352.202,1.086,1.317
110,259,basic,161.667,120.539,0.0,0.0,1.298,
110,261,basic,179.338,165.28,239.256,214.34,1.133,1.443
110,262,basic,191.654,148.802,343.408,262.728,1.082,1.195
110,264,basic,78.899,37.516,0.0,0.0,0.93,
110,266,basic,106.573,86.147,111.755,90.236,0.917,0.925
110,267,basic,115.201,104.099,129.819,117.089,1.025,1.04
110,268,basic,108.704,103.269,0.0,0.0,1.054,
110,269,basic,103.384,97.613,222.065,210.112,1.079,1.401
110,270,basic,156.527,108.282,527.658,371.69,1.602,1.505
110,272,basic,39.251,37.016,0.0,0.0,1.13,
110,275,basic,86.588,81.886,191.942,181.757,1.174,1.294
110,276,basic,146.15,73.983,314.109,155.191,1.143,1.326
110,277,basic,126.696,82.715,130.783,85.174,1.023,1.042
110,279,basic,103.074,46.44,140.707,63.085,0.997,1.036
110,281,basic,67.565,45.214,142.573,90.185,0.813,1.248
110,282,basic,74.811,55.809,85.523,62.604,0.885,1.029
110,286,basic,179.209,119.792,309.535,212.056,1.993,1.889
110,287,gifted,190.0,173.882,0.0,0.0,,
110,288,basic,192.946,170.549,193.174,171.331,1.458,1.438
110,289,basic,151.465,122.226,0.0,0.0,1.351,
110,291,basic,385.813,270.257,638.864,451.255,2.499,2.489
110,292,basic,563.544,322.223,768.96,443.09,1.528,1.475
110,930,basic,399.017,362.189,824.52,753.477,2.409,2.302
110,935,basic,437.666,301.913,0.0,0.0,1.921,
110,939,basic,218.856,109.809,0.0,0.0,1.785,
110,949,basic,377.784,302.0,0.0,0.0,1.569,
110,955,basic,44.314,42.098,0.0,0.0,2.793,
110,971,gifted,516.343,472.54,704.529,644.762,,
110,972,basic,262.571,190.19,0.0,0.0,1.939,
110,974,basic,86.394,79.011,91.08,83.049,1.266,1.32
110,977,basic,237.012,180.689,237.837,181.151,1.318,1.326
111,103,basic,276.307,239.285,276.309,239.285,1.611,1.611
111,104,basic,137.244,65.945,137.451,65.998,2.334,2.339
111,105,basic,437.094,234.769,437.089,234.736,2.317,2.318
111,105,gifted,177.79,163.588,177.79,163.588,,
111,106,basic,444.685,288.649,444.965,288.741,1.773,1.775
111,106,gifted,115.866,106.611,115.866,106.611,,
111,107,basic,511.515,281.758,509.738,280.941,2.527,2.523
111,109,basic,153.037,104.961,152.847,104.843,2.182,2.181
111,110,basic,403.116,235.857,403.519,236.062,2.122,2.123
111,113,basic,392.611,253.471,392.597,253.414,2.359,2.36
111,113,gifted,134.769,124.003,134.769,124.003,,
111,115,basic,149.923,93.785,149.92,93.784,1.73,1.73
111,117,basic,266.24,173.393,266.53,173.516,2.357,2.36
111,117,gifted,90.204,82.998,90.204,82.998,,
111,118,basic,276.561,159.77,276.766,159.845,2.146,2.148
111,130,basic,663.344,418.949,663.177,418.878,1.742,1.741
111,201,basic,78.403,50.405,78.154,50.229,1.07,1.072
111,202,basic,174.128,92.143,199.707,105.158,1.796,1.836
111,203,basic,248.853,164.709,247.619,164.064,1.322,1.315
111,204,basic,178.087,119.317,377.182,251.937,1.456,1.507
111,207,basic,0.0,0.0,126.49,89.16,,1.081
111,208,basic,208.392,161.644,0.0,0.0,1.287,
111,209,basic,142.364,57.363,233.043,93.068,0.768,0.836
111,210,basic,194.606,90.436,0.0,0.0,1.426,
111,211,basic,79.199,48.829,268.598,171.121,1.12,1.382
111,212,gifted,205.517,189.1,205.517,189.1,,
111,215,basic,117.194,68.248,116.868,68.329,0.988,0.966
111,218,basic,161.775,98.603,212.172,126.796,0.763,0.912
111,220,basic,85.763,64.973,0.0,0.0,1.376,
111,221,basic,162.093,106.609,252.386,167.455,1.038,1.014
111,222,basic,149.86,82.22,184.296,104.844,2.517,2.274
111,225,basic,90.178,47.361,89.165,46.848,1.236,1.233
111,226,basic,251.718,159.765,250.516,160.077,1.325,1.276
111,229,basic,263.249,197.089,0.0,0.0,1.161,
111,230,basic,107.483,69.952,214.435,136.483,1.018,1.202
111,233,basic,283.457,172.915,284.842,173.699,0.845,0.848
111,234,basic,77.36,57.158,0.0,0.0,1.239,
111,235,basic,85.373,52.415,140.565,86.116,1.307,1.347
111,236,basic,53.628,44.005,113.005,83.852,1.104,1.664
111,239,basic,276.866,160.222,0.0,0.0,1.78,
111,241,basic,383.103,149.875,822.978,319.089,1.963,2.294
111,242,basic,169.682,111.481,0.0,0.0,1.249,
111,243,basic,218.305,118.666,297.384,160.864,0.998,1.037
111,244,basic,34.924,32.371,35.338,32.721,1.083,1.108
111,245,basic,323.64,254.411,458.768,354.984,1.257,1.382
111,246,basic,229.71,122.413,385.809,204.172,1.214,1.272
111,247,basic,377.159,147.341,1043.267,393.399,1.617,2.305
111,248,basic,141.394,87.755,0.0,0.0,0.879,
111,249,basic,29.795,21.131,33.423,23.588,0.901,0.94
111,250,basic,85.772,59.608,139.507,98.226,0.973,0.873
111,251,basic,131.912,67.267,159.671,80.534,1.438,1.498
111,252,basic,231.849,156.142,231.915,156.461,1.477,1.464
111,255,basic,85.498,54.615,282.22,175.92,0.856,1.052
111,257,basic,121.669,95.268,414.878,315.444,1.081,1.315
111,259,basic,151.927,104.733,0.0,0.0,1.315,
111,261,basic,171.523,144.439,229.488,185.97,1.072,1.374
111,262,basic,186.846,133.276,336.877,236.417,1.086,1.208
111,264,basic,78.411,38.51,0.0,0.0,0.933,
111,266,basic,101.168,74.786,106.099,78.336,0.924,0.933
111,267,basic,115.542,91.491,130.103,102.803,1.018,1.034
111,268,basic,113.804,108.114,0.0,0.0,1.082,
111,269,basic,105.227,95.602,223.782,195.95,0.989,1.343
111,270,basic,159.332,102.519,528.669,346.357,1.625,1.533
111,272,basic,44.223,41.259,0.0,0.0,1.06,
111,275,basic,97.998,89.682,208.346,188.544,1.145,1.25
111,276,basic,146.838,75.697,313.169,165.821,1.142,1.327
111,277,basic,122.052,77.344,125.774,79.5,1.009,1.028
111,279,basic,103.346,49.1,140.914,66.603,1.015,1.056
111,281,basic,65.21,42.057,142.169,86.333,0.826,1.284
111,282,basic,79.509,55.526,91.804,62.826,0.922,1.074
111,286,basic,179.058,105.868,310.131,190.28,2.191,2.004
111,287,gifted,190.0,174.823,0.0,0.0,,
111,288,basic,187.849,148.403,187.835,149.093,1.468,1.44
111,289,basic,154.026,126.816,0.0,0.0,1.396,
111,291,basic,371.788,253.535,623.555,423.003,2.379,2.421
111,292,basic,562.808,335.973,769.332,454.985,1.519,1.47
111,930,basic,399.014,337.681,824.397,707.465,2.372,2.276
111,935,basic,437.51,298.813,0.0,0.0,1.952,
111,939,basic,216.725,114.044,0.0,0.0,1.759,
111,949,basic,376.906,297.4,0.0,0.0,1.585,
111,955,basic,45.64,43.358,0.0,0.0,2.756,
111,971,gifted,515.561,474.377,703.671,647.461,,
111,972,basic,268.927,191.281,0.0,0.0,1.937,
111,974,basic,85.619,71.255,91.088,75.24,1.23,1.289
111,977,basic,234.758,164.62,236.063,165.319,1.304,1.315
112,103,basic,268.829,235.279,268.843,235.291,1.627,1.627
112,104,basic,143.186,58.453,143.468,58.516,2.903,2.908
112,105,basic,443.783,226.86,443.747,226.802,2.261,2.262
112,105,gifted,180.781,165.774,180.781,165.774,,
112,106,basic,470.12,297.992,470.479,298.074,1.834,1.837
112,106,gifted,117.279,107.543,117.279,107.543,,
112,107,basic,505.12,264.916,503.327,264.171,2.508,2.504
112,109,basic,150.042,102.835,149.874,102.734,2.146,2.146
112,110,basic,382.263,220.178,382.621,220.348,2.144,2.145
112,113,basic,398.796,246.866,398.792,246.81,2.386,2.387
112,113,gifted,135.036,123.827,135.036,123.827,,
112,115,basic,148.124,90.774,148.118,90.772,1.73,1.73
112,117,basic,268.146,173.622,268.442,173.735,2.337,2.34
112,117,gifted,90.252,82.76,90.252,82.76,,
112,118,basic,258.099,144.333,258.273,144.389,2.132,2.134
112,130,basic,664.129,429.781,663.938,429.701,1.688,1.687
112,201,basic,81.588,53.428,81.625,53.356,0.988,0.996
112,202,basic,168.222,89.252,193.837,102.124,1.609,1.65
112,203,basic,266.132,176.591,265.087,176.057,1.318,1.313
112,204,basic,174.754,117.874,373.674,251.499,1.422,1.468
112,207,basic,0.0,0.0,124.993,92.031,,1.133
112,208,basic,202.325,162.051,0.0,0.0,1.252,
112,209,basic,150.178,60.649,245.598,97.762,0.77,0.85
112,210,basic,193.592,89.642,0.0,0.0,1.408,
112,211,basic,75.33,46.476,259.366,163.642,1.117,1.365
112,212,gifted,205.623,188.553,205.623,188.553,,
112,215,basic,121.012,75.374,120.646,75.434,0.912,0.897
112,218,basic,156.545,97.417,207.521,125.638,0.761,0.912
112,220,basic,90.053,67.932,0.0,0.0,1.491,
112,221,basic,160.325,109.694,248.15,173.318,1.085,1.029
112,222,basic,143.542,80.707,179.146,103.839,2.047,1.911
112,225,basic,78.132,41.122,77.017,40.555,1.179,1.176
112,226,basic,256.125,170.51,255.045,171.451,1.322,1.271
112,229,basic,247.341,190.25,0.0,0.0,1.146,
112,230,basic,107.146,69.419,216.108,136.787,1.052,1.201
112,233,basic,282.058,176.776,282.805,177.219,0.837,0.838
112,234,basic,77.51,59.019,0.0,0.0,1.177,
112,235,basic,80.449,51.763,133.873,85.439,1.2,1.271
112,236,basic,51.938,45.219,107.697,85.396,1.042,1.444
112,239,basic,271.481,156.168,0.0,0.0,1.678,
112,241,basic,384.347,144.368,824.607,303.256,1.903,2.214
112,242,basic,156.335,105.353,0.0,0.0,1.214,
112,243,basic,221.631,120.638,301.335,162.963,0.997,1.035
112,244,basic,35.955,33.232,36.402,33.594,1.081,1.108
112,245,basic,323.7,270.239,454.729,371.768,1.234,1.359
112,246,basic,231.195,123.36,386.538,203.655,1.165,1.24
112,247,basic,367.189,138.129,1032.377,364.95,1.607,2.282
112,248,basic,149.234,93.581,0.0,0.0,0.908,
112,249,basic,28.901,21.658,32.094,23.907,0.877,0.911
112,250,basic,83.574,58.795,138.213,98.878,0.964,0.871
112,251,basic,133.69,69.465,161.195,82.418,1.386,1.454
112,252,basic,241.071,164.769,241.204,164.969,1.435,1.432
112,255,basic,88.448,57.35,283.68,176.911,0.842,1.069
112,257,basic,122.947,99.926,418.739,326.384,1.079,1.324
112,259,basic,158.258,108.565,0.0,0.0,1.31,
112,261,basic,170.834,149.45,230.686,191.261,1.084,1.394
112,262,basic,186.338,137.241,338.978,244.673,1.073,1.183
112,264,basic,84.035,43.068,0.0,0.0,0.945,
112,266,basic,104.452,81.525,109.606,85.401,0.905,0.914
112,267,basic,121.995,103.443,136.864,115.745,1.016,1.03
112,268,basic,107.444,102.072,0.0,0.0,1.063,
112,269,basic,102.628,94.095,224.76,200.375,1.059,1.388
112,270,basic,148.68,96.853,512.692,335.871,1.418,1.43
112,272,basic,42.206,39.388,0.0,0.0,1.042,
112,275,basic,94.896,87.242,202.238,184.163,1.157,1.258
112,276,basic,152.748,80.582,321.958,172.5,1.127,1.32
112,277,basic,132.107,83.722,136.017,85.94,1.017,1.034
112,279,basic,99.815,47.492,138.111,65.277,0.995,1.034
112,281,basic,67.014,43.817,145.104,87.657,0.821,1.26
112,282,basic,74.66,52.594,86.464,59.266,0.91,1.059
112,286,basic,183.625,109.44,312.346,192.79,2.126,2.009
112,287,gifted,190.0,174.227,0.0,0.0,,
112,288,basic,190.796,154.259,190.968,154.987,1.4,1.384
112,289,basic,158.462,128.487,0.0,0.0,1.377,
112,291,basic,379.902,250.789,631.069,415.372,2.396,2.429
112,292,basic,567.491,333.699,773.361,452.28,1.526,1.473
112,930,basic,398.785,328.777,824.079,690.595,2.277,2.193
112,935,basic,437.67,294.152,0.0,0.0,1.847,
112,939,basic,217.719,113.878,0.0,0.0,1.74,
112,949,basic,378.39,293.187,0.0,0.0,1.585,
112,955,basic,45.394,43.124,0.0,0.0,2.809,
112,971,gifted,515.619,472.816,703.745,645.324,,
112,972,basic,264.288,186.814,0.0,0.0,1.847,
112,974,basic,86.438,72.641,91.638,76.306,1.196,1.252
112,977,basic,239.357,168.02,239.686,168.101,1.305,1.31
113,103,basic,269.292,252.16,269.34,252.199,1.639,1.639
113,104,basic,133.424,55.707,133.593,55.751,2.469,2.472
113,105,basic,459.772,228.91,459.797,228.895,2.351,2.352
113,105,gifted,180.769,166.009,180.769,166.009,,
113,106,basic,452.245,289.629,452.535,289.722,1.787,1.789
113,106,gifted,115.208,105.801,115.208,105.801,,
113,107,basic,502.096,269.231,500.35,268.441,2.465,2.461
113,109,basic,151.413,108.788,151.167,108.645,2.24,2.238
113,110,basic,402.116,221.284,402.311,221.375,2.126,2.127
113,113,basic,389.101,257.0,389.056,256.929,2.387,2.388
113,113,gifted,134.489,123.508,134.489,123.508,,
113,115,basic,147.661,89.871,147.654,89.867,1.727,1.727
113,117,basic,274.071,183.206,274.109,183.202,2.375,2.376
113,117,gifted,90.719,83.312,90.719,83.312,,
113,118,basic,276.824,153.105,277.021,153.173,2.157,2.16
113,130,basic,664.682,406.569,664.585,406.528,1.754,1.754
113,201,basic,83.307,51.848,82.446,51.394,1.13,1.118
113,202,basic,172.068,84.796,197.421,96.831,1.816,1.856
113,203,basic,264.388,176.297,263.107,175.66,1.327,1.318
113,204,basic,186.351,128.434,386.192,266.525,1.5,1.515
113,207,basic,0.0,0.0,127.236,90.137,,1.131
113,208,basic,205.614,168.46,0.0,0.0,1.318,
113,209,basic,146.901,43.773,241.573,71.281,0.768,0.844
113,210,basic,194.554,74.643,0.0,0.0,1.455,
113,211,basic,77.479,45.851,265.051,165.67,1.114,1.387
113,212,gifted,205.393,188.622,205.393,188.622,,
113,215,basic,115.919,62.825,115.77,62.909,0.98,0.965
113,218,basic,159.161,89.61,210.027,115.841,0.765,0.925
113,220,basic,90.076,73.622,0.0,0.0,1.479,
113,221,basic,162.634,103.96,252.688,162.966,1.044,1.018
113,222,basic,158.763,86.189,193.726,109.263,2.73,2.46
113,225,basic,92.389,42.776,91.383,42.325,1.286,1.283
113,226,basic,250.457,154.524,249.345,154.847,1.331,1.283
113,229,basic,253.549,201.764,0.0,0.0,1.164,
113,230,basic,118.639,75.039,226.337,140.903,1.086,1.225
113,233,basic,282.209,160.053,283.003,160.497,0.851,0.852
113,234,basic,79.894,63.369,0.0,0.0,1.222,
113,235,basic,86.601,51.163,143.64,84.948,1.359,1.379
113,236,basic,51.55,45.644,110.118,88.405,1.123,1.697
113,239,basic,277.468,157.063,0.0,0.0,1.759,
113,241,basic,384.382,119.842,824.347,256.845,1.949,2.312
113,242,basic,155.73,103.341,0.0,0.0,1.22,
113,243,basic,220.148,105.459,299.717,142.871,0.993,1.034
113,244,basic,35.858,33.685,36.439,34.216,1.156,1.187
113,245,basic,318.902,273.729,451.035,380.933,1.251,1.385
113,246,basic,237.476,112.339,397.699,186.803,1.273,1.334
113,247,basic,369.354,111.474,1034.771,307.166,1.634,2.326
113,248,basic,146.722,86.438,0.0,0.0,0.897,
113,249,basic,29.644,21.504,33.099,23.898,0.915,0.952
113,250,basic,86.44,60.779,141.199,100.481,0.967,0.872
113,251,basic,131.12,57.996,158.417,69.391,1.461,1.517
113,252,basic,242.016,164.12,242.042,164.444,1.505,1.491
113,255,basic,88.357,54.189,284.639,170.395,0.866,1.063
113,257,basic,117.657,98.271,410.741,333.157,1.086,1.325
113,259,basic,164.34,116.395,0.0,0.0,1.373,
113,261,basic,172.149,157.421,232.669,205.792,1.121,1.449
113,262,basic,183.283,134.611,334.932,242.475,1.087,1.198
113,264,basic,79.924,32.325,0.0,0.0,0.946,
113,266,basic,107.773,81.971,112.751,85.68,0.896,0.903
113,267,basic,112.514,97.308,127.266,109.841,1.033,1.049
113,268,basic,110.787,105.247,0.0,0.0,1.056,
113,269,basic,105.306,99.478,224.5,212.358,1.051,1.385
113,270,basic,163.756,107.524,527.37,353.564,1.65,1.534
113,272,basic,43.59,41.238,0.0,0.0,1.081,
113,275,basic,93.513,88.302,204.793,193.711,1.208,1.303
113,276,basic,158.412,70.0,325.947,149.882,1.154,1.34
113,277,basic,122.802,74.821,126.727,77.023,1.005,1.024
113,279,basic,99.287,38.795,137.614,53.454,1.0,1.048
113,281,basic,69.274,43.132,146.971,86.426,0.82,1.266
113,282,basic,75.161,52.898,87.172,60.127,0.958,1.114
113,286,basic,175.692,106.232,305.487,190.93,2.173,2.004
113,287,gifted,190.0,174.486,0.0,0.0,,
113,288,basic,189.124,165.268,189.258,166.041,1.418,1.395
113,289,basic,153.399,137.711,0.0,0.0,1.414,
113,291,basic,373.823,270.55,623.643,448.914,2.474,2.499
113,292,basic,562.642,319.411,766.755,429.128,1.527,1.478
113,930,basic,399.463,368.208,824.938,766.056,2.462,2.348
113,935,basic,437.821,312.444,0.0,0.0,1.986,
113,939,basic,220.814,104.458,0.0,0.0,1.839,
113,949,basic,379.818,325.473,0.0,0.0,1.605,
113,955,basic,46.89,44.545,0.0,0.0,2.754,
113,971,gifted,515.883,473.761,704.101,646.611,,
113,972,basic,264.753,199.822,0.0,0.0,1.968,
113,974,basic,90.612,83.034,95.328,87.133,1.256,1.308
113,977,basic,230.504,169.555,232.172,170.523,1.293,1.306
114,103,basic,267.726,231.82,267.755,231.843,1.656,1.656
114,104,basic,120.662,51.092,120.864,51.137,2.365,2.369
114,105,basic,477.079,230.295,477.059,230.252,2.357,2.358
114,105,gifted,184.675,168.86,184.675,168.86,,
114,106,basic,456.711,279.204,456.995,279.28,1.784,1.786
114,106,gifted,116.42,106.45,116.42,106.45,,
114,107,basic,477.238,242.754,475.484,242.026,2.479,2.475
114,109,basic,148.981,99.332,148.842,99.244,2.132,2.132
114,110,basic,389.597,210.667,389.966,210.836,2.111,2.112
114,113,basic,395.386,240.882,395.378,240.82,2.366,2.368
114,113,gifted,136.895,125.172,136.895,125.172,,
114,115,basic,147.726,86.464,147.717,86.459,1.735,1.735
114,117,basic,249.773,155.192,250.098,155.32,2.345,2.348
114,117,gifted,89.245,81.602,89.245,81.602,,
114,118,basic,272.786,146.003,272.984,146.066,2.117,2.119
114,130,basic,650.889,389.913,650.696,389.844,1.711,1.71
114,201,basic,78.163,52.07,78.306,52.039,0.988,1.002
114,202,basic,169.617,90.579,194.676,103.31,1.654,1.696
114,203,basic,265.961,180.862,264.781,180.257,1.353,1.346
114,204,basic,176.763,124.304,377.676,264.487,1.398,1.456
114,207,basic,0.0,0.0,116.236,85.194,,1.151
114,208,basic,209.34,167.979,0.0,0.0,1.261,
114,209,basic,155.101,57.589,250.459,92.011,0.785,0.853
114,210,basic,194.336,86.527,0.0,0.0,1.401,
114,211,basic,79.691,49.826,265.745,167.036,1.127,1.36
114,212,gifted,205.987,188.346,205.987,188.346,,
114,215,basic,125.285,74.646,124.85,74.772,0.964,0.941
114,218,basic,160.859,99.012,210.41,126.661,0.772,0.913
114,220,basic,91.494,72.706,0.0,0.0,1.485,
114,221,basic,162.951,111.542,252.87,174.734,1.007,0.993
114,222,basic,155.686,89.539,191.356,113.56,2.206,2.045
114,225,basic,94.725,48.667,93.732,48.169,1.257,1.255
114,226,basic,257.468,167.907,256.369,168.824,1.34,1.282
114,229,basic,246.59,197.073,0.0,0.0,1.134,
114,230,basic,104.298,69.29,213.014,138.213,1.046,1.214
114,233,basic,277.773,172.42,278.402,172.804,0.824,0.824
114,234,basic,76.871,60.519,0.0,0.0,1.222,
114,235,basic,79.18,50.412,134.676,85.22,1.232,1.296
114,236,basic,45.791,40.608,99.366,80.929,1.038,1.455
114,239,basic,273.436,160.073,0.0,0.0,1.75,
114,241,basic,384.806,140.064,824.262,291.26,1.9,2.226
114,242,basic,161.858,110.461,0.0,0.0,1.244,
114,243,basic,217.35,116.354,295.543,157.342,0.997,1.034
114,244,basic,36.044,33.507,36.564,33.984,1.154,1.179
114,245,basic,321.535,272.947,451.3,376.821,1.266,1.381
114,246,basic,234.247,124.084,393.133,205.433,1.156,1.247
114,247,basic,366.031,132.035,1033.448,347.179,1.586,2.283
114,248,basic,150.285,94.776,0.0,0.0,0.901,
114,249,basic,28.196,21.11,31.293,23.34,0.917,0.944
114,250,basic,88.73,64.16,142.933,104.98,0.976,0.875
114,251,basic,135.975,67.907,163.609,80.644,1.418,1.48
114,252,basic,240.664,167.416,240.618,167.745,1.475,1.462
114,255,basic,89.156,58.147,284.824,180.37,0.865,1.065
114,257,basic,127.379,106.907,418.835,339.322,1.067,1.303
114,259,basic,162.396,116.807,0.0,0.0,1.298,
114,261,basic,166.491,150.35,224.458,194.301,1.065,1.373
114,262,basic,183.875,138.237,338.131,249.497,1.077,1.195
114,264,basic,81.854,39.103,0.0,0.0,0.936,
114,266,basic,102.467,80.184,107.448,83.973,0.929,0.936
114,267,basic,117.5,101.388,132.89,114.382,1.021,1.037
114,268,basic,110.456,104.933,0.0,0.0,1.061,
114,269,basic,106.82,99.746,227.188,210.08,1.027,1.377
114,270,basic,153.853,102.87,525.44,356.391,1.544,1.5
114,272,basic,41.906,39.426,0.0,0.0,1.047,
114,275,basic,92.448,86.565,200.82,186.992,1.15,1.265
114,276,basic,158.604,80.207,327.777,166.022,1.128,1.313
114,277,basic,133.617,85.937,137.046,87.946,1.028,1.042
114,279,basic,110.936,50.391,151.513,68.483,1.022,1.056
114,281,basic,71.387,47.381,147.717,91.696,0.801,1.226
114,282,basic,75.173,55.035,86.089,61.553,0.876,1.024
114,286,basic,178.616,110.747,308.906,197.794,2.023,1.906
114,287,gifted,190.0,173.729,0.0,0.0,,
114,288,basic,188.916,159.775,188.852,160.568,1.429,1.403
114,289,basic,153.248,127.507,0.0,0.0,1.363,
114,291,basic,374.525,257.987,623.491,427.809,2.348,2.396
114,292,basic,563.896,328.226,770.249,447.119,1.504,1.461
114,930,basic,399.037,350.619,824.661,734.404,2.335,2.231
114,935,basic,437.656,299.95,0.0,0.0,1.903,
114,939,basic,222.259,112.138,0.0,0.0,1.759,
114,949,basic,374.604,302.968,0.0,0.0,1.542,
114,955,basic,43.492,41.318,0.0,0.0,2.793,
114,971,gifted,515.486,471.341,703.442,643.201,,
114,972,basic,257.112,186.329,0.0,0.0,1.873,
114,974,basic,86.032,76.552,91.125,80.49,1.243,1.302
114,977,basic,244.645,178.177,243.18,177.401,1.362,1.351
115,103,basic,260.867,227.062,260.874,227.07,1.617,1.617
115,104,basic,126.726,54.963,126.916,55.0,2.33,2.334
115,105,basic,431.117,212.855,431.12,212.816,2.319,2.32
115,105,gifted,175.147,161.226,175.147,161.226,,
115,106,basic,456.264,285.961,456.534,286.024,1.767,1.769
115,106,gifted,117.145,107.834,117.145,107.834,,
115,107,basic,535.972,273.53,534.261,272.859,2.52,2.516
115,109,basic,147.734,98.083,147.525,97.963,2.161,2.16
115,110,basic,410.235,223.575,410.56,223.723,2.075,2.076
115,113,basic,389.202,238.994,389.204,238.94,2.339,2.34
115,113,gifted,135.116,124.377,135.116,124.377,,
115,115,basic,157.39,95.48,157.384,95.476,1.729,1.729
115,117,basic,259.503,160.889,259.762,160.969,2.31,2.312
115,117,gifted,89.732,82.6,89.732,82.6,,
115,118,basic,266.338,144.26,266.551,144.322,2.155,2.157
115,130,basic,657.139,401.82,656.974,401.763,1.68,1.68
115,201,basic,83.513,55.501,83.526,55.347,1.036,1.049
115,202,basic,163.597,87.95,188.668,100.564,1.552,1.598
115,203,basic,249.899,169.785,248.676,169.212,1.314,1.307
115,204,basic,169.724,116.295,370.251,254.24,1.462,1.489
115,207,basic,0.0,0.0,129.266,93.33,,1.096
115,208,basic,204.548,163.95,0.0,0.0,1.244,
115,209,basic,151.206,58.336,243.158,92.691,0.777,0.838
115,210,basic,190.657,84.12,0.0,0.0,1.413,
115,211,basic,76.153,48.348,262.148,168.162,1.098,1.371
115,212,gifted,205.768,189.413,205.768,189.413,,
115,215,basic,120.194,72.745,119.966,72.881,0.886,0.873
115,218,basic,152.319,95.88,203.649,124.27,0.763,0.921
115,220,basic,89.649,70.538,0.0,0.0,1.384,
115,221,basic,162.282,108.536,252.542,171.107,1.004,0.988
115,222,basic,134.624,79.073,169.796,102.424,1.898,1.792
115,225,basic,81.931,42.841,80.864,42.295,1.196,1.195
115,226,basic,259.689,165.471,258.619,166.503,1.28,1.229
115,229,basic,254.392,201.095,0.0,0.0,1.147,
115,230,basic,105.159,71.196,211.823,138.896,1.004,1.187
115,233,basic,281.945,178.065,282.771,178.559,0.811,0.812
115,234,basic,78.15,61.021,0.0,0.0,1.217,
115,235,basic,81.076,50.965,137.19,85.595,1.217,1.283
115,236,basic,49.413,42.654,103.986,83.102,1.045,1.354
115,239,basic,275.39,161.124,0.0,0.0,1.663,
115,241,basic,384.628,138.964,825.139,289.142,1.887,2.214
115,242,basic,160.802,109.473,0.0,0.0,1.231,
115,243,basic,216.72,118.325,297.418,160.95,0.979,1.028
115,244,basic,37.19,34.432,37.761,34.948,1.082,1.107
115,245,basic,316.956,261.176,445.13,359.058,1.255,1.373
115,246,basic,234.766,125.966,391.92,207.216,1.141,1.222
115,247,basic,370.847,134.868,1036.001,349.468,1.559,2.236
115,248,basic,149.636,96.462,0.0,0.0,0.888,
115,249,basic,28.481,21.409,31.803,23.746,0.894,0.93
115,250,basic,82.033,60.322,137.967,103.286,0.946,0.854
115,251,basic,137.6,67.26,165.512,80.166,1.428,1.46
115,252,basic,253.21,171.799,253.097,172.386,1.454,1.436
115,255,basic,83.656,56.035,276.919,178.406,0.827,1.038
115,257,basic,118.38,97.424,417.422,328.863,1.088,1.328
115,259,basic,160.814,115.384,0.0,0.0,1.297,
115,261,basic,181.149,160.16,242.179,203.206,1.092,1.393
115,262,basic,192.197,144.093,345.694,252.935,1.066,1.189
115,264,basic,78.13,37.4,0.0,0.0,0.935,
115,266,basic,103.495,80.352,108.748,84.293,0.914,0.921
115,267,basic,119.049,101.531,134.342,114.194,1.006,1.023
115,268,basic,110.755,105.217,0.0,0.0,1.075,
115,269,basic,107.124,99.019,226.686,205.11,1.017,1.351
115,270,basic,155.534,105.852,517.217,353.49,1.396,1.42
115,272,basic,39.606,37.123,0.0,0.0,1.032,
115,275,basic,100.778,92.468,215.38,196.424,1.21,1.282
115,276,basic,141.515,71.651,310.261,158.481,1.117,1.323
115,277,basic,130.744,85.418,134.292,87.466,1.014,1.029
115,279,basic,108.166,50.313,144.544,66.846,0.999,1.03
115,281,basic,70.209,47.57,147.625,92.028,0.811,1.237
115,282,basic,72.632,54.299,82.958,60.415,0.854,0.984
115,286,basic,175.328,103.999,305.178,187.531,1.924,1.822
115,287,gifted,190.0,174.899,0.0,0.0,,
115,288,basic,184.434,154.104,184.459,154.762,1.343,1.328
115,289,basic,158.702,134.989,0.0,0.0,1.379,
115,291,basic,375.788,250.852,626.782,413.149,2.253,2.329
115,292,basic,563.61,331.306,769.72,450.369,1.501,1.452
115,930,basic,398.964,342.98,824.315,719.337,2.295,2.205
115,935,basic,437.56,297.911,0.0,0.0,1.856,
115,939,basic,221.46,111.739,0.0,0.0,1.701,
115,949,basic,385.361,312.166,0.0,0.0,1.567,
115,955,basic,47.456,45.083,0.0,0.0,2.75,
115,971,gifted,516.178,475.151,704.311,648.332,,
115,972,basic,258.754,185.613,0.0,0.0,1.842,
115,974,basic,87.326,77.387,92.42,81.246,1.202,1.259
115,977,basic,239.491,175.644,239.075,175.309,1.298,1.299
116,103,basic,261.531,223.756,261.548,223.777,1.652,1.651
116,104,basic,129.923,54.569,130.204,54.626,2.303,2.31
116,105,basic,456.687,221.866,456.635,221.81,2.272,2.273
116,105,gifted,182.595,167.573,182.595,167.573,,
116,106,basic,441.398,261.78,441.729,261.888,1.817,1.82
116,106,gifted,114.063,104.679,114.063,104.679,,
116,107,basic,495.343,251.929,493.582,251.183,2.498,2.493
116,109,basic,142.532,93.974,142.447,93.899,2.106,2.107
116,110,basic,391.494,198.833,392.119,199.114,2.124,2.125
116,113,basic,397.582,243.372,397.581,243.305,2.325,2.327
116,113,gifted,136.024,124.834,136.024,124.834,,
116,115,basic,144.119,83.469,144.116,83.467,1.735,1.735
116,117,basic,255.791,154.686,256.412,154.961,2.319,2.324
116,117,gifted,89.114,81.783,89.114,81.783,,
116,118,basic,265.466,140.231,265.651,140.293,2.116,2.118
116,130,basic,661.326,372.087,660.993,371.962,1.753,1.752
116,201,basic,76.152,51.422,76.393,51.451,1.064,1.081
116,202,basic,168.274,91.84,193.381,104.965,1.718,1.76
116,203,basic,257.831,181.865,256.571,181.145,1.326,1.319
116,204,basic,179.035,129.215,378.224,273.992,1.501,1.503
116,207,basic,0.0,0.0,126.012,90.315,,1.135
116,208,basic,198.39,157.492,0.0,0.0,1.271,
116,209,basic,156.514,55.79,250.501,88.445,0.772,0.843
116,210,basic,192.487,82.611,0.0,0.0,1.448,
116,211,basic,74.832,48.116,265.041,169.508,1.133,1.369
116,212,gifted,205.751,188.824,205.751,188.824,,
116,215,basic,124.292,71.925,123.907,72.098,0.968,0.94
116,218,basic,156.379,96.724,208.993,126.422,0.763,0.927
116,220,basic,89.954,73.778,0.0,0.0,1.498,
116,221,basic,164.463,106.312,256.127,168.022,1.114,1.059
116,222,basic,148.598,87.831,182.769,111.728,2.436,2.224
116,225,basic,84.656,43.894,83.574,43.339,1.258,1.257
116,226,basic,258.692,161.553,257.478,162.283,1.37,1.306
116,229,basic,245.209,200.369,0.0,0.0,1.175,
116,230,basic,114.294,78.958,224.016,151.33,1.019,1.199
116,233,basic,278.351,172.294,279.261,172.821,0.83,0.832
116,234,basic,77.059,62.818,0.0,0.0,1.256,
116,235,basic,88.733,55.248,145.304,90.434,1.328,1.356
116,236,basic,42.603,37.416,92.943,74.853,1.063,1.531
116,239,basic,275.49,168.092,0.0,0.0,1.746,
116,241,basic,385.164,138.409,824.852,289.297,1.975,2.253
116,242,basic,156.966,109.642,0.0,0.0,1.247,
116,243,basic,213.656,114.527,292.056,155.699,0.985,1.028
116,244,basic,38.195,35.807,38.73,36.302,1.137,1.163
116,245,basic,321.428,271.011,451.918,375.428,1.29,1.406
116,246,basic,225.181,120.385,383.424,202.687,1.172,1.26
116,247,basic,365.505,128.936,1032.733,341.072,1.65,2.323
116,248,basic,144.119,93.282,0.0,0.0,0.883,
116,249,basic,28.729,21.688,32.06,24.097,0.914,0.948
116,250,basic,88.044,66.087,140.928,107.18,0.971,0.873
116,251,basic,134.672,64.838,162.743,77.239,1.417,1.494
116,252,basic,236.03,165.439,236.098,165.685,1.463,1.454
116,255,basic,86.329,57.891,281.031,183.602,0.852,1.055
116,257,basic,120.784,102.099,412.083,337.549,1.071,1.313
116,259,basic,161.549,122.362,0.0,0.0,1.29,
116,261,basic,182.338,167.056,242.155,214.418,1.081,1.391
116,262,basic,185.876,142.127,334.997,251.95,1.072,1.194
116,264,basic,77.193,34.404,0.0,0.0,0.956,
116,266,basic,112.098,86.501,117.293,90.455,0.943,0.947
116,267,basic,117.261,101.828,132.412,114.724,1.021,1.037
116,268,basic,104.56,99.332,0.0,0.0,1.064,
116,269,basic,106.645,100.22,228.126,214.44,1.086,1.411
116,270,basic,165.122,116.998,537.181,385.084,1.545,1.499
116,272,basic,40.953,38.707,0.0,0.0,1.071,
116,275,basic,101.183,95.058,211.769,198.672,1.184,1.281
116,276,basic,150.069,73.007,317.989,153.822,1.138,1.325
116,277,basic,130.293,86.247,133.433,88.165,1.02,1.033
116,279,basic,113.367,50.643,153.447,68.331,1.018,1.044
116,281,basic,65.343,44.313,145.589,92.826,0.842,1.302
116,282,basic,76.341,58.177,88.122,65.759,0.891,1.044
116,286,basic,177.839,107.553,308.012,192.011,2.192,2.048
116,287,gifted,190.0,174.369,0.0,0.0,,
116,288,basic,183.869,159.999,183.873,160.783,1.434,1.406
116,289,basic,157.13,136.178,0.0,0.0,1.379,
116,291,basic,379.132,257.743,633.004,431.269,2.485,2.508
116,292,basic,564.955,328.582,769.722,448.005,1.526,1.478
116,930,basic,398.982,366.664,824.611,763.529,2.397,2.282
116,935,basic,437.828,309.848,0.0,0.0,1.881,
116,939,basic,219.056,108.601,0.0,0.0,1.756,
116,949,basic,375.83,319.1,0.0,0.0,1.555,
116,955,basic,45.545,43.267,0.0,0.0,2.708,
116,971,gifted,515.876,473.437,703.871,645.966,,
116,972,basic,253.567,186.848,0.0,0.0,1.906,
116,974,basic,82.855,76.345,89.36,82.077,1.255,1.327
116,977,basic,240.843,184.64,238.047,182.933,1.376,1.358
117,103,basic,276.012,241.395,276.013,241.398,1.652,1.652
117,104,basic,135.752,56.939,136.08,57.004,2.662,2.671
117,105,basic,461.863,231.02,461.822,230.969,2.334,2.335
117,105,gifted,181.843,167.155,181.843,167.155,,
117,106,basic,453.444,279.634,453.74,279.734,1.809,1.811
117,106,gifted,115.207,105.901,115.207,105.901,,
117,107,basic,488.47,257.289,486.712,256.516,2.495,2.49
117,109,basic,148.322,100.976,148.248,100.906,2.137,2.138
117,110,basic,383.527,208.161,384.033,208.402,2.135,2.136
117,113,basic,390.818,244.824,390.862,244.769,2.369,2.371
117,113,gifted,133.059,122.311,133.059,122.311,,
117,115,basic,145.989,86.91,145.983,86.907,1.741,1.741
117,117,basic,251.768,159.579,252.263,159.81,2.344,2.348
117,117,gifted,88.781,81.609,88.781,81.609,,
117,118,basic,269.045,146.568,269.24,146.641,2.175,2.177
117,130,basic,676.402,403.991,676.144,403.89,1.753,1.753
117,201,basic,77.291,50.397,77.05,50.196,1.092,1.098
117,202,basic,167.721,89.354,192.792,102.22,1.751,1.791
117,203,basic,259.424,176.754,258.18,176.109,1.337,1.329
117,204,basic,176.276,123.249,376.551,263.454,1.477,1.499
117,207,basic,0.0,0.0,119.481,86.802,,1.055
117,208,basic,206.01,163.383,0.0,0.0,1.274,
117,209,basic,153.584,55.808,249.692,89.945,0.775,0.842
117,210,basic,192.105,84.083,0.0,0.0,1.435,
117,211,basic,77.483,48.356,262.476,165.724,1.116,1.382
117,212,gifted,206.182,189.528,206.182,189.528,,
117,215,basic,120.855,70.61,120.612,70.66,0.966,0.951
117,218,basic,158.046,95.661,209.485,124.15,0.764,0.926
117,220,basic,84.475,69.245,0.0,0.0,1.295,
117,221,basic,161.38,108.076,251.045,168.913,0.974,0.974
117,222,basic,146.552,85.325,181.351,108.688,2.375,2.18
117,225,basic,83.212,42.658,82.116,42.109,1.249,1.246
117,226,basic,259.494,165.281,258.525,165.515,1.363,1.324
117,229,basic,250.841,198.28,0.0,0.0,1.154,
117,230,basic,100.13,66.055,207.72,134.6,1.072,1.227
117,233,basic,280.677,170.375,282.054,171.148,0.854,0.858
117,234,basic,75.045,58.844,0.0,0.0,1.242,
117,235,basic,83.837,52.075,139.897,86.835,1.321,1.352
117,236,basic,50.632,43.876,106.616,85.07,1.096,1.556
117,239,basic,274.603,162.53,0.0,0.0,1.762,
117,241,basic,386.077,141.07,826.783,296.221,1.946,2.28
117,242,basic,154.098,104.949,0.0,0.0,1.233,
117,243,basic,216.577,114.638,295.338,155.526,0.981,1.023
117,244,basic,39.141,36.592,39.75,37.136,1.157,1.189
117,245,basic,320.145,268.095,450.578,371.021,1.243,1.378
117,246,basic,232.238,121.402,391.733,203.141,1.218,1.287
117,247,basic,368.044,132.331,1033.761,353.992,1.619,2.3
117,248,basic,141.561,88.703,0.0,0.0,0.886,
117,249,basic,31.109,23.039,34.824,25.642,0.89,0.935
117,250,basic,86.019,61.806,140.699,102.344,0.975,0.879
117,251,basic,127.997,62.97,154.862,75.618,1.41,1.453
117,252,basic,229.901,158.75,229.989,159.135,1.466,1.451
117,255,basic,87.219,56.433,286.642,180.726,0.858,1.068
117,257,basic,120.781,99.114,417.033,332.025,1.097,1.341
117,259,basic,162.374,117.154,0.0,0.0,1.308,
117,261,basic,180.514,161.932,240.045,207.639,1.107,1.411
117,262,basic,182.66,135.749,334.989,244.944,1.075,1.199
117,264,basic,78.557,36.398,0.0,0.0,0.918,
117,266,basic,106.317,81.275,111.63,85.242,0.914,0.922
117,267,basic,120.952,102.617,135.66,114.868,1.023,1.038
117,268,basic,110.027,104.526,0.0,0.0,1.066,
117,269,basic,103.827,97.168,224.21,208.328,1.067,1.394
117,270,basic,163.806,109.213,532.031,362.301,1.659,1.543
117,272,basic,40.888,38.48,0.0,0.0,1.088,
117,275,basic,94.663,88.552,206.402,192.263,1.185,1.284
117,276,basic,154.68,76.444,322.488,160.818,1.131,1.325
117,277,basic,122.538,78.368,126.37,80.623,1.019,1.037
117,279,basic,107.139,48.03,144.244,64.37,1.009,1.047
117,281,basic,68.094,44.617,144.997,89.698,0.82,1.265
117,282,basic,73.211,52.992,83.91,59.588,0.916,1.062
117,286,basic,176.731,113.114,309.313,202.052,1.867,1.789
117,287,gifted,190.0,174.653,0.0,0.0,,
117,288,basic,179.308,154.164,179.708,154.772,1.365,1.355
117,289,basic,157.651,132.786,0.0,0.0,1.401,
117,291,basic,369.354,261.813,622.297,436.218,2.292,2.379
117,292,basic,565.257,328.79,771.917,447.537,1.541,1.485
117,930,basic,399.273,359.648,824.75,749.575,2.402,2.305
117,935,basic,437.582,304.38,0.0,0.0,1.928,
117,939,basic,217.246,109.983,0.0,0.0,1.777,
117,949,basic,381.123,312.314,0.0,0.0,1.601,
117,955,basic,46.383,44.064,0.0,0.0,2.769,
117,971,gifted,516.025,474.343,704.151,647.273,,
117,972,basic,264.446,191.867,0.0,0.0,1.953,
117,974,basic,86.755,78.17,91.694,82.186,1.247,1.301
117,977,basic,240.105,176.439,239.681,176.125,1.343,1.343
118,103,basic,261.225,217.996,261.214,217.992,1.622,1.622
118,104,basic,115.608,51.969,115.9,52.023,2.35,2.358
118,105,basic,472.191,235.106,472.154,235.051,2.332,2.333
118,105,gifted,182.978,167.727,182.978,167.727,,
118,106,basic,460.777,287.695,461.077,287.773,1.76,1.762
118,106,gifted,116.407,106.704,116.407,106.704,,
118,107,basic,508.783,261.497,507.015,260.796,2.512,2.508
118,109,basic,150.507,100.029,150.428,99.956,2.061,2.062
118,110,basic,398.676,220.137,399.218,220.388,2.123,2.124
118,113,basic,388.358,234.397,388.363,234.33,2.319,2.32
118,113,gifted,134.46,123.252,134.46,123.252,,
118,115,basic,149.634,90.541,149.629,90.539,1.723,1.723
118,117,basic,250.759,154.651,251.297,154.864,2.302,2.306
118,117,gifted,89.248,81.809,89.248,81.809,,
118,118,basic,274.806,150.414,275.004,150.47,2.134,2.135
118,130,basic,649.262,403.822,648.94,403.71,1.684,1.683
118,201,basic,79.203,52.963,79.231,52.864,1.029,1.039
118,202,basic,171.031,92.653,196.464,105.518,1.665,1.712
118,203,basic,262.055,177.45,260.845,176.891,1.305,1.298
118,204,basic,182.829,123.455,383.949,260.675,1.493,1.502
118,207,basic,0.0,0.0,125.319,91.273,,1.134
118,208,basic,199.97,156.168,0.0,0.0,1.249,
118,209,basic,149.128,65.02,243.42,104.709,0.778,0.847
118,210,basic,192.999,92.982,0.0,0.0,1.382,
118,211,basic,68.824,44.193,253.116,162.348,1.1,1.366
118,212,gifted,205.522,188.391,205.522,188.391,,
118,215,basic,120.702,77.261,120.447,77.4,0.892,0.878
118,218,basic,160.644,104.053,212.743,133.65,0.763,0.92
118,220,basic,93.952,71.688,0.0,0.0,1.408,
118,221,basic,164.633,115.914,253.433,179.378,0.931,0.942
118,222,basic,138.867,80.134,172.206,102.155,1.967,1.853
118,225,basic,86.097,47.031,84.933,46.404,1.216,1.215
118,226,basic,266.611,176.416,265.778,177.394,1.284,1.241
118,229,basic,252.896,195.595,0.0,0.0,1.149,
118,230,basic,107.99,72.735,216.525,141.644,1.029,1.2
118,233,basic,281.781,182.756,282.182,183.045,0.836,0.836
118,234,basic,76.441,58.475,0.0,0.0,1.207,
118,235,basic,86.242,55.971,142.15,91.664,1.209,1.27
118,236,basic,46.585,39.924,97.962,77.82,1.018,1.316
118,239,basic,287.462,167.053,0.0,0.0,1.761,
118,241,basic,384.168,151.904,824.593,316.356,1.909,2.195
118,242,basic,148.845,102.492,0.0,0.0,1.206,
118,243,basic,216.779,124.07,295.634,167.892,0.972,1.014
118,244,basic,36.826,33.883,37.346,34.302,1.083,1.108
118,245,basic,320.764,262.492,451.752,360.485,1.228,1.367
118,246,basic,231.886,129.568,389.135,214.563,1.157,1.232
118,247,basic,370.888,148.822,1038.404,382.217,1.585,2.265
118,248,basic,145.031,95.356,0.0,0.0,0.882,
118,249,basic,30.041,22.814,33.466,25.251,0.883,0.918
118,250,basic,86.91,62.921,141.484,104.377,0.966,0.868
118,251,basic,126.814,67.096,152.938,79.857,1.379,1.434
118,252,basic,235.041,160.23,235.021,160.584,1.42,1.409
118,255,basic,89.769,60.53,285.407,185.672,0.848,1.045
118,257,basic,113.976,92.376,408.33,315.268,1.05,1.317
118,259,basic,154.323,108.708,0.0,0.0,1.288,
118,261,basic,169.642,148.09,228.808,188.588,1.041,1.346
118,262,basic,188.393,140.45,342.954,249.805,1.065,1.184
118,264,basic,79.358,42.127,0.0,0.0,0.917,
118,266,basic,108.961,84.776,114.319,88.83,0.906,0.912
118,267,basic,119.943,100.842,135.014,113.202,1.031,1.045
118,268,basic,116.315,110.497,0.0,0.0,1.069,
118,269,basic,104.246,94.609,223.459,196.731,1.068,1.367
118,270,basic,165.201,107.555,532.045,351.552,1.532,1.505
118,272,basic,42.747,39.754,0.0,0.0,1.033,
118,275,basic,90.466,82.202,197.496,176.954,1.139,1.255
118,276,basic,149.84,81.306,316.782,171.925,1.133,1.316
118,277,basic,131.605,86.455,135.053,88.476,1.019,1.033
118,279,basic,104.964,52.667,141.849,70.637,1.009,1.051
118,281,basic,64.013,43.595,140.574,87.996,0.826,1.263
118,282,basic,74.662,54.719,85.688,61.065,0.876,1.018
118,286,basic,174.541,110.52,304.137,194.739,1.71,1.724
118,287,gifted,190.0,174.163,0.0,0.0,,
118,288,basic,181.306,147.419,181.273,147.979,1.314,1.299
118,289,basic,157.053,125.986,0.0,0.0,1.358,
118,291,basic,373.938,244.148,621.672,400.126,2.23,2.318
118,292,basic,561.566,335.617,766.542,457.352,1.487,1.441
118,930,basic,399.434,322.246,825.036,679.517,2.277,2.173
118,935,basic,437.477,290.822,0.0,0.0,1.818,
118,939,basic,224.275,117.602,0.0,0.0,1.752,
118,949,basic,377.534,293.034,0.0,0.0,1.526,
118,955,basic,46.294,43.975,0.0,0.0,2.711,
118,971,gifted,516.506,473.454,704.648,645.914,,
118,972,basic,257.375,178.346,0.0,0.0,1.832,
118,974,basic,87.521,74.686,92.754,78.281,1.178,1.24
118,977,basic,242.359,173.049,240.715,172.157,1.327,1.318
119,103,basic,271.832,228.542,271.827,228.544,1.636,1.636
119,104,basic,136.604,49.685,136.896,49.723,2.326,2.333
119,105,basic,453.273,195.268,453.175,195.197,2.245,2.245
119,105,gifted,184.198,168.765,184.198,168.765,,
119,106,basic,461.792,257.631,462.072,257.686,1.758,1.76
119,106,gifted,116.873,107.08,116.873,107.08,,
119,107,basic,492.204,217.953,490.362,217.316,2.524,2.52
119,109,basic,152.126,94.2,152.016,94.116,2.06,2.061
119,110,basic,389.417,184.537,389.917,184.73,2.107,2.108
119,113,basic,387.621,216.579,387.632,216.511,2.325,2.327
119,113,gifted,134.181,122.938,134.181,122.938,,
119,115,basic,135.652,72.175,135.64,72.17,1.726,1.726
119,117,basic,251.031,140.887,251.589,141.09,2.315,2.319
119,117,gifted,89.056,81.594,89.056,81.594,,
119,118,basic,268.296,129.022,268.404,129.043,2.052,2.054
119,130,basic,669.294,355.77,669.02,355.701,1.733,1.732
119,201,basic,75.534,52.959,75.476,52.852,1.019,1.025
119,202,basic,166.513,90.57,191.515,103.284,1.595,1.641
119,203,basic,269.273,194.736,268.202,194.234,1.335,1.328
119,204,basic,172.062,127.825,370.249,274.436,1.429,1.475
119,207,basic,0.0,0.0,128.528,100.665,,1.069
119,208,basic,213.819,179.499,0.0,0.0,1.208,
119,209,basic,147.419,51.826,241.492,83.801,0.772,0.838
119,210,basic,192.822,83.378,0.0,0.0,1.374,
119,211,basic,76.45,50.15,262.73,165.069,1.126,1.338
119,212,gifted,205.962,188.705,205.962,188.705,,
119,215,basic,120.112,73.55,119.874,73.639,0.894,0.882
119,218,basic,158.294,101.888,208.211,130.265,0.767,0.911
119,220,basic,88.625,75.095,0.0,0.0,1.35,
119,221,basic,160.709,115.198,251.238,181.508,0.956,0.961
119,222,basic,145.093,88.379,179.385,113.277,2.024,1.87
119,225,basic,72.578,37.813,71.247,37.137,1.202,1.2
119,226,basic,261.753,177.042,260.864,177.621,1.255,1.223
119,229,basic,255.078,221.825,0.0,0.0,1.14,
119,230,basic,115.077,80.839,224.877,154.116,1.076,1.223
119,233,basic,277.209,179.064,278.222,179.652,0.827,0.829
119,234,basic,76.521,65.486,0.0,0.0,1.197,
119,235,basic,79.362,51.907,134.94,87.818,1.235,1.289
119,236,basic,50.89,45.788,105.263,87.265,1.066,1.442
119,239,basic,290.503,176.738,0.0,0.0,1.688,
119,241,basic,384.507,130.346,824.749,265.183,1.913,2.178
119,242,basic,155.134,111.936,0.0,0.0,1.229,
119,243,basic,217.388,118.685,294.564,159.703,0.982,1.02
119,244,basic,36.474,34.048,36.95,34.456,1.127,1.161
119,245,basic,326.602,292.917,455.624,401.027,1.249,1.37
119,246,basic,235.364,125.593,396.16,208.016,1.173,1.262
119,247,basic,373.517,125.554,1039.486,310.349,1.6,2.242
119,248,basic,144.236,95.951,0.0,0.0,0.88,
119,249,basic,27.173,21.856,30.699,24.484,0.885,0.928
119,250,basic,91.456,71.429,147.377,117.476,0.984,0.879
119,251,basic,130.7,64.784,158.348,77.65,1.351,1.394
119,252,basic,239.913,177.976,240.005,178.339,1.418,1.41
119,255,basic,87.692,61.157,286.235,191.478,0.82,1.045
119,257,basic,118.556,107.274,409.576,358.121,1.066,1.309
119,259,basic,164.752,127.194,0.0,0.0,1.321,
119,261,basic,166.261,153.697,225.579,201.59,1.09,1.415
119,262,basic,195.182,157.771,344.771,272.964,1.077,1.181
119,264,basic,79.68,36.988,0.0,0.0,0.915,
119,266,basic,102.009,85.997,107.169,90.189,0.921,0.929
119,267,basic,117.316,108.599,132.547,122.426,1.03,1.045
119,268,basic,107.449,102.076,0.0,0.0,1.085,
119,269,basic,109.064,102.824,226.274,213.76,1.028,1.363
119,270,basic,160.882,116.137,522.509,380.399,1.459,1.463
119,272,basic,42.08,39.619,0.0,0.0,1.095,
119,275,basic,94.071,88.809,204.471,193.492,1.202,1.299
119,276,basic,154.595,77.369,322.67,155.848,1.121,1.297
119,277,basic,125.859,85.999,129.65,88.284,1.009,1.026
119,279,basic,109.194,49.048,146.994,65.574,0.986,1.023
119,281,basic,59.48,41.804,136.008,87.347,0.83,1.291
119,282,basic,72.922,57.467,85.3,65.137,0.93,1.088
119,286,basic,176.041,115.322,306.778,206.404,1.8,1.743
119,287,gifted,190.0,174.08,0.0,0.0,,
119,288,basic,178.836,159.965,179.098,160.67,1.339,1.329
119,289,basic,156.731,132.536,0.0,0.0,1.319,
119,291,basic,372.414,262.184,626.74,437.344,2.221,2.314
119,292,basic,566.872,323.73,774.685,447.258,1.483,1.435
119,930,basic,399.391,359.625,824.802,747.689,2.351,2.255
119,935,basic,438.348,307.758,0.0,0.0,1.803,
119,939,basic,215.653,104.642,0.0,0.0,1.671,
119,949,basic,376.289,311.486,0.0,0.0,1.534,
119,955,basic,44.983,42.734,0.0,0.0,2.814,
119,971,gifted,515.534,472.338,703.632,644.675,,
119,972,basic,258.503,189.989,0.0,0.0,1.859,
119,974,basic,88.078,80.355,92.444,84.221,1.272,1.321
119,977,basic,231.293,183.468,232.365,184.042,1.309,1.317
120,103,basic,274.128,237.275,274.139,237.29,1.668,1.668
120,104,basic,135.283,54.894,135.543,54.935,2.396,2.401
120,105,basic,454.545,215.528,454.508,215.468,2.237,2.238
120,105,gifted,182.689,167.517,182.689,167.517,,
120,106,basic,454.478,280.287,454.749,280.339,1.737,1.739
120,106,gifted,116.045,106.408,116.045,106.408,,
120,107,basic,514.887,249.782,513.149,249.146,2.495,2.491
120,109,basic,151.594,100.74,151.455,100.647,2.096,2.096
120,110,basic,418.414,226.49,418.874,226.694,2.112,2.113
120,113,basic,391.234,233.633,391.237,233.559,2.324,2.325
120,113,gifted,134.499,123.329,134.499,123.329,,
120,115,basic,150.894,87.714,150.887,87.71,1.729,1.728
120,117,basic,247.948,153.581,248.331,153.722,2.297,2.3
120,117,gifted,89.401,81.976,89.401,81.976,,
120,118,basic,251.241,131.7,251.427,131.754,2.105,2.107
120,130,basic,650.152,399.378,649.913,399.299,1.666,1.665
120,201,basic,83.885,55.972,83.341,55.649,1.01,1.006
120,202,basic,167.08,88.64,192.583,101.321,1.539,1.581
120,203,basic,257.778,177.005,256.662,176.463,1.276,1.27
120,204,basic,167.623,116.124,366.634,253.39,1.408,1.458
120,207,basic,0.0,0.0,127.31,97.315,,1.108
120,208,basic,201.193,166.049,0.0,0.0,1.244,
120,209,basic,150.626,57.13,246.57,92.195,0.781,0.848
120,210,basic,194.901,87.124,0.0,0.0,1.389,
120,211,basic,70.396,43.944,255.132,159.487,1.132,1.362
120,212,gifted,206.248,189.12,206.248,189.12,,
120,215,basic,118.127,74.524,118.053,74.619,0.864,0.857
120,218,basic,151.845,95.87,202.97,123.952,0.763,0.919
120,220,basic,93.335,75.107,0.0,0.0,1.385,
120,221,basic,161.201,118.213,251.561,184.77,0.895,0.923
120,222,basic,142.768,86.629,179.102,111.064,1.703,1.633
120,225,basic,88.089,45.689,87.235,45.247,1.178,1.178
120,226,basic,260.915,177.062,260.059,178.07,1.28,1.24
120,229,basic,244.496,197.592,0.0,0.0,1.137,
120,230,basic,108.527,72.584,215.553,139.476,1.018,1.194
120,233,basic,276.003,176.008,276.477,176.302,0.815,0.816
120,234,basic,76.206,60.14,0.0,0.0,1.216,
120,235,basic,80.945,53.421,137.49,89.489,1.139,1.229
120,236,basic,46.45,41.229,98.262,83.184,1.032,1.241
120,239,basic,268.208,153.921,0.0,0.0,1.69,
120,241,basic,387.638,136.284,828.552,280.582,1.873,2.179
120,242,basic,154.897,106.823,0.0,0.0,1.208,
120,243,basic,215.891,117.171,295.383,158.906,0.982,1.026
120,244,basic,37.37,34.55,37.888,34.999,1.111,1.137
120,245,basic,320.266,278.52,449.612,381.547,1.239,1.368
120,246,basic,225.47,117.796,383.209,197.868,1.198,1.263
120,247,basic,366.173,129.273,1030.15,332.095,1.569,2.228
120,248,basic,147.834,94.416,0.0,0.0,0.89,
120,249,basic,29.277,22.841,32.55,25.188,0.852,0.89
120,250,basic,84.696,62.033,140.623,104.996,0.954,0.863
120,251,basic,125.692,64.246,151.939,76.944,1.35,1.386
120,252,basic,225.253,160.052,225.267,160.502,1.388,1.377
120,255,basic,88.812,59.156,285.619,181.883,0.822,1.045
120,257,basic,119.492,102.949,410.969,337.533,1.052,1.308
120,259,basic,160.432,113.526,0.0,0.0,1.323,
120,261,basic,182.553,164.704,241.837,207.487,1.069,1.366
120,262,basic,191.842,147.261,345.005,258.735,1.061,1.169
120,264,basic,82.257,41.054,0.0,0.0,0.92,
120,266,basic,107.106,87.339,112.313,91.458,0.915,0.922
120,267,basic,123.855,110.131,139.571,123.752,1.019,1.033
120,268,basic,107.865,102.472,0.0,0.0,1.059,
120,269,basic,106.033,98.592,225.74,207.563,1.048,1.376
120,270,basic,152.611,102.114,519.008,348.905,1.409,1.433
120,272,basic,41.892,39.158,0.0,0.0,1.062,
120,275,basic,92.453,86.241,201.369,186.536,1.162,1.272
120,276,basic,147.885,76.836,315.402,163.336,1.103,1.299
120,277,basic,125.526,81.325,129.225,83.439,1.017,1.032
120,279,basic,102.595,47.32,140.82,64.456,0.995,1.034
120,281,basic,66.344,44.486,144.039,88.149,0.819,1.25
120,282,basic,75.294,55.117,87.312,61.951,0.915,1.06
120,286,basic,176.479,118.197,307.015,207.419,1.601,1.626
120,287,gifted,190.0,174.221,0.0,0.0,,
120,288,basic,190.635,164.094,190.733,164.656,1.3,1.29
120,289,basic,161.148,133.337,0.0,0.0,1.355,
120,291,basic,372.883,261.93,622.991,428.008,2.137,2.256
120,292,basic,563.422,328.369,768.029,446.282,1.469,1.431
120,930,basic,398.71,339.139,824.241,711.672,2.245,2.162
120,935,basic,437.8,297.785,0.0,0.0,1.807,
120,939,basic,219.245,110.395,0.0,0.0,1.709,
120,949,basic,380.223,301.684,0.0,0.0,1.531,
120,955,basic,47.049,44.697,0.0,0.0,2.765,
120,971,gifted,515.758,472.927,703.854,645.402,,
120,972,basic,253.06,183.578,0.0,0.0,1.796,
120,974,basic,85.128,74.429,90.494,78.463,1.225,1.278
120,977,basic,242.36,176.102,241.814,175.791,1.308,1.306
121,103,basic,272.804,240.173,272.801,240.175,1.631,1.631
121,104,basic,121.98,46.857,122.234,46.893,2.377,2.383
121,105,basic,474.587,213.237,474.569,213.185,2.342,2.343
121,105,gifted,181.781,166.73,181.781,166.73,,
121,106,basic,441.084,264.468,441.327,264.527,1.757,1.758
121,106,gifted,114.097,104.651,114.097,104.651,,
121,107,basic,509.193,242.574,507.49,241.964,2.461,2.456
121,109,basic,153.787,100.043,153.68,99.957,2.139,2.14
121,110,basic,387.796,200.111,388.26,200.309,2.039,2.04
121,113,basic,406.023,237.885,406.078,237.811,2.382,2.384
121,113,gifted,137.243,125.88,137.243,125.88,,
121,115,basic,146.27,83.693,146.264,83.69,1.724,1.724
121,117,basic,258.159,155.336,258.669,155.527,2.297,2.3
121,117,gifted,89.702,82.275,89.702,82.275,,
121,118,basic,264.061,133.043,264.3,133.111,2.15,2.152
121,130,basic,667.763,388.434,667.492,388.336,1.682,1.682
121,201,basic,82.416,56.177,82.423,56.014,0.998,1.009
121,202,basic,170.87,89.654,196.603,102.32,1.573,1.613
121,203,basic,261.876,183.311,260.807,182.833,1.302,1.296
121,204,basic,168.049,120.442,367.37,261.924,1.396,1.461
121,207,basic,0.0,0.0,127.107,96.919,,1.064
121,208,basic,203.694,170.923,0.0,0.0,1.214,
121,209,basic,152.848,52.98,247.036,84.538,0.781,0.84
121,210,basic,193.934,80.919,0.0,0.0,1.405,
121,211,basic,76.236,48.489,261.018,164.592,1.114,1.363
121,212,gifted,206.265,189.187,206.265,189.187,,
121,215,basic,115.058,69.649,114.867,69.857,0.875,0.86
121,218,basic,159.03,100.093,210.174,128.049,0.759,0.908
121,220,basic,90.662,75.005,0.0,0.0,1.341,
121,221,basic,164.458,116.271,255.315,181.178,0.92,0.941
121,222,basic,144.488,85.907,180.856,110.717,1.9,1.796
121,225,basic,86.211,43.838,85.309,43.397,1.172,1.17
121,226,basic,259.166,169.456,258.053,170.886,1.281,1.226
121,229,basic,250.998,210.715,0.0,0.0,1.135,
121,230,basic,108.99,74.945,217.603,144.671,1.011,1.187
121,233,basic,285.22,179.635,286.08,180.137,0.834,0.835
121,234,basic,76.376,62.72,0.0,0.0,1.229,
121,235,basic,86.525,55.134,144.612,91.499,1.22,1.282
121,236,basic,52.687,46.691,108.108,89.809,1.057,1.338
121,239,basic,258.859,151.762,0.0,0.0,1.649,
121,241,basic,382.225,126.171,821.517,259.237,1.853,2.178
121,242,basic,159.083,111.0,0.0,0.0,1.232,
121,243,basic,216.627,115.388,295.47,155.955,0.97,1.015
121,244,basic,38.226,35.385,38.729,35.871,1.155,1.174
121,245,basic,321.45,281.8,453.761,388.586,1.245,1.373
121,246,basic,233.726,121.545,391.248,200.386,1.152,1.227
121,247,basic,367.199,121.433,1033.165,308.414,1.524,2.209
121,248,basic,142.879,92.464,0.0,0.0,0.882,
121,249,basic,31.37,24.626,34.684,27.088,0.883,0.909
121,250,basic,86.542,65.652,143.864,111.447,0.96,0.862
121,251,basic,137.344,65.887,164.708,78.122,1.37,1.412
121,252,basic,240.766,170.359,240.703,170.878,1.441,1.427
121,255,basic,88.649,59.612,286.358,185.32,0.856,1.049
121,257,basic,123.282,108.397,419.429,352.929,1.073,1.321
121,259,basic,160.261,119.955,0.0,0.0,1.264,
121,261,basic,173.891,158.245,234.077,203.697,1.087,1.404
121,262,basic,189.4,149.102,344.596,263.796,1.049,1.177
121,264,basic,79.539,36.498,0.0,0.0,0.912,
121,266,basic,106.335,87.404,111.514,91.532,0.908,0.914
121,267,basic,112.849,102.623,128.332,116.334,1.012,1.03
121,268,basic,111.377,105.808,0.0,0.0,1.06,
121,269,basic,108.17,101.486,226.041,211.646,1.005,1.348
121,270,basic,145.139,100.522,509.446,356.751,1.435,1.435
121,272,basic,41.651,39.147,0.0,0.0,1.073,
121,275,basic,90.899,85.36,201.335,188.69,1.174,1.292
121,276,basic,154.325,75.423,322.837,156.837,1.127,1.314
121,277,basic,124.821,82.66,128.218,84.619,0.999,1.014
121,279,basic,108.786,47.655,145.824,63.412,0.997,1.034
121,281,basic,63.746,43.685,139.066,86.906,0.815,1.24
121,282,basic,77.603,59.97,88.004,66.083,0.859,0.987
121,286,basic,172.277,110.05,302.102,197.471,1.727,1.695
121,287,gifted,190.0,174.269,0.0,0.0,,
121,288,basic,176.654,154.206,176.58,155.06,1.362,1.341
121,289,basic,162.098,140.198,0.0,0.0,1.372,
121,291,basic,372.894,259.801,622.522,428.657,2.205,2.279
121,292,basic,562.975,323.326,767.256,440.617,1.484,1.438
121,930,basic,399.321,353.503,824.736,738.689,2.333,2.241
121,935,basic,438.728,302.156,0.0,0.0,1.861,
121,939,basic,221.443,106.998,0.0,0.0,1.69,
121,949,basic,380.844,315.922,0.0,0.0,1.545,
121,955,basic,46.908,44.563,0.0,0.0,2.747,
121,971,gifted,515.16,472.508,703.135,644.92,,
121,972,basic,261.022,191.606,0.0,0.0,1.841,
121,974,basic,87.339,79.097,92.735,83.606,1.223,1.282
121,977,basic,238.216,181.238,237.297,180.703,1.311,1.307
122,103,basic,262.865,223.624,262.884,223.641,1.63,1.63
122,104,basic,140.948,56.211,141.187,56.259,2.567,2.572
122,105,basic,473.348,222.819,473.34,222.78,2.304,2.305
122,105,gifted,184.338,168.562,184.338,168.562,,
122,106,basic,468.899,278.37,469.197,278.441,1.815,1.817
122,106,gifted,117.435,107.384,117.435,107.384,,
122,107,basic,524.969,256.211,523.235,255.536,2.536,2.532
122,109,basic,154.022,100.135,153.869,100.045,2.153,2.153
122,110,basic,398.248,214.545,398.647,214.729,2.101,2.102
122,113,basic,390.799,229.939,390.782,229.871,2.377,2.378
122,113,gifted,135.251,123.676,135.251,123.676,,
122,115,basic,137.435,77.977,137.429,77.974,1.729,1.729
122,117,basic,249.077,153.011,249.403,153.137,2.325,2.328
122,117,gifted,89.139,81.51,89.139,81.51,,
122,118,basic,272.186,141.225,272.39,141.288,2.137,2.139
122,130,basic,649.011,386.884,648.819,386.811,1.707,1.707
122,201,basic,77.202,51.267,77.515,51.302,1.046,1.065
122,202,basic,164.541,90.121,189.094,102.835,1.548,1.593
122,203,basic,260.286,178.481,259.115,177.88,1.332,1.325
122,204,basic,178.055,123.752,378.569,263.774,1.494,1.511
122,207,basic,0.0,0.0,126.37,95.251,,1.193
122,208,basic,209.881,169.729,0.0,0.0,1.248,
122,209,basic,156.882,60.165,249.342,94.6,0.779,0.845
122,210,basic,193.674,88.963,0.0,0.0,1.406,
122,211,basic,74.382,46.786,260.229,161.12,1.114,1.365
122,212,gifted,206.056,188.421,206.056,188.421,,
122,215,basic,116.805,72.425,116.392,72.628,0.939,0.912
122,218,basic,157.038,97.988,208.801,126.982,0.768,0.926
122,220,basic,92.625,73.338,0.0,0.0,1.546,
122,221,basic,161.996,114.738,251.306,180.07,1.038,1.014
122,222,basic,137.486,80.781,172.211,104.095,2.082,1.946
122,225,basic,76.124,39.994,74.98,39.404,1.2,1.198
122,226,basic,256.904,173.98,255.779,175.383,1.382,1.309
122,229,basic,254.634,204.05,0.0,0.0,1.164,
122,230,basic,105.456,70.122,213.65,138.531,1.041,1.216
122,233,basic,277.453,175.2,277.937,175.534,0.826,0.825
122,234,basic,75.81,59.969,0.0,0.0,1.218,
122,235,basic,86.373,56.424,143.446,93.134,1.244,1.306
122,236,basic,48.095,42.979,102.166,83.88,1.057,1.479
122,239,basic,257.742,152.648,0.0,0.0,1.694,
122,241,basic,383.713,141.757,822.901,293.394,1.938,2.232
122,242,basic,159.354,110.093,0.0,0.0,1.236,
122,243,basic,214.183,116.505,293.024,158.349,0.987,1.03
122,244,basic,38.677,35.896,39.301,36.493,1.155,1.177
122,245,basic,319.506,278.45,451.112,385.434,1.257,1.394
122,246,basic,232.652,124.389,392.295,207.003,1.171,1.258
122,247,basic,370.69,136.1,1037.849,350.719,1.62,2.289
122,248,basic,148.432,94.28,0.0,0.0,0.893,
122,249,basic,32.821,25.14,35.96,27.458,0.896,0.918
122,250,basic,87.659,63.521,143.597,105.631,0.961,0.866
122,251,basic,136.519,70.224,164.742,83.572,1.467,1.527
122,252,basic,234.333,165.378,234.222,165.929,1.497,1.476
122,255,basic,87.262,57.176,281.117,178.859,0.862,1.056
122,257,basic,121.764,103.569,416.477,341.262,1.085,1.33
122,259,basic,163.157,116.819,0.0,0.0,1.301,
122,261,basic,168.425,152.534,229.146,198.483,1.078,1.407
122,262,basic,187.479,142.556,341.495,254.838,1.088,1.203
122,264,basic,77.918,39.293,0.0,0.0,0.909,
122,266,basic,104.701,84.495,110.0,88.643,0.898,0.906
122,267,basic,115.135,101.802,130.081,114.706,1.013,1.03
122,268,basic,111.034,105.482,0.0,0.0,1.077,
122,269,basic,106.367,99.386,226.126,209.876,1.062,1.388
122,270,basic,160.855,109.376,532.858,363.789,1.411,1.426
122,272,basic,40.265,37.871,0.0,0.0,1.037,
122,275,basic,97.415,90.989,210.071,195.559,1.224,1.317
122,276,basic,149.936,78.561,321.453,166.142,1.127,1.322
122,277,basic,133.604,86.123,137.22,88.228,1.03,1.045
122,279,basic,112.451,52.392,149.879,69.44,1.003,1.04
122,281,basic,76.961,51.182,154.689,96.19,0.804,1.22
122,282,basic,78.395,57.139,89.657,63.807,0.879,1.024
122,286,basic,186.239,115.121,316.155,204.127,2.236,2.051
122,287,gifted,190.0,173.739,0.0,0.0,,
122,288,basic,195.973,164.216,195.798,165.282,1.493,1.458
122,289,basic,155.491,123.535,0.0,0.0,1.369,
122,291,basic,378.984,255.729,627.529,425.911,2.474,2.479
122,292,basic,565.823,326.796,772.464,447.738,1.522,1.469
122,930,basic,399.281,344.229,824.833,720.396,2.314,2.217
122,935,basic,437.272,295.362,0.0,0.0,1.885,
122,939,basic,219.903,112.314,0.0,0.0,1.772,
122,949,basic,377.666,293.583,0.0,0.0,1.554,
122,955,basic,45.394,43.124,0.0,0.0,2.786,
122,971,gifted,516.406,472.209,704.522,644.225,,
122,972,basic,257.652,183.956,0.0,0.0,1.874,
122,974,basic,86.76,76.95,92.66,81.442,1.199,1.265
122,977,basic,247.902,180.257,246.73,179.573,1.348,1.342
123,103,basic,271.565,234.05,271.567,234.056,1.626,1.626
123,104,basic,135.601,54.887,135.861,54.935,2.309,2.314
123,105,basic,438.155,205.586,438.103,205.526,2.271,2.272
123,105,gifted,180.262,165.265,180.262,165.265,,
123,106,basic,460.219,274.95,460.554,275.024,1.757,1.759
123,106,gifted,116.964,107.232,116.964,107.232,,
123,107,basic,526.256,253.878,524.487,253.219,2.543,2.539
123,109,basic,153.17,100.017,152.992,99.911,2.074,2.073
123,110,basic,402.359,203.664,402.776,203.835,2.114,2.115
123,113,basic,388.333,232.268,388.269,232.189,2.301,2.302
123,113,gifted,135.828,124.528,135.828,124.528,,
123,115,basic,149.312,86.016,149.308,86.013,1.726,1.726
123,117,basic,252.17,149.345,252.534,149.479,2.332,2.335
123,117,gifted,89.541,82.091,89.541,82.091,,
123,118,basic,265.589,137.822,265.717,137.85,2.088,2.09
123,130,basic,667.439,381.304,667.242,381.243,1.71,1.709
123,201,basic,81.054,54.538,80.811,54.313,1.07,1.075
123,202,basic,169.587,91.144,194.739,103.974,1.598,1.635
123,203,basic,254.294,177.427,253.135,176.864,1.324,1.317
123,204,basic,190.161,136.57,391.964,280.356,1.405,1.46
123,207,basic,0.0,0.0,129.862,94.945,,1.123
123,208,basic,203.99,165.51,0.0,0.0,1.242,
123,209,basic,153.277,55.539,247.924,88.716,0.774,0.84
123,210,basic,192.06,82.43,0.0,0.0,1.401,
123,211,basic,78.651,50.609,261.827,167.275,1.105,1.34
123,212,gifted,205.865,188.737,205.865,188.737,,
123,215,basic,118.842,71.309,118.717,71.412,0.887,0.877
123,218,basic,152.397,96.1,202.721,124.105,0.759,0.915
123,220,basic,92.126,74.385,0.0,0.0,1.461,
123,221,basic,164.467,110.928,255.091,174.205,0.998,0.981
123,222,basic,144.88,87.307,181.025,112.018,1.933,1.824
123,225,basic,88.527,45.586,87.512,45.079,1.233,1.231
123,226,basic,259.535,165.711,258.805,166.45,1.3,1.263
123,229,basic,248.531,204.955,0.0,0.0,1.14,
123,230,basic,108.207,74.546,214.517,143.675,1.027,1.196
123,233,basic,279.557,176.118,279.926,176.365,0.831,0.831
123,234,basic,75.986,62.363,0.0,0.0,1.179,
123,235,basic,84.178,53.409,140.793,88.755,1.212,1.276
123,236,basic,53.988,47.607,111.409,91.08,1.035,1.365
123,239,basic,272.123,162.016,0.0,0.0,1.683,
123,241,basic,384.305,134.19,825.008,277.071,1.873,2.183
123,242,basic,159.717,111.227,0.0,0.0,1.236,
123,243,basic,217.303,116.924,296.192,158.345,1.003,1.039
123,244,basic,35.299,32.88,35.852,33.36,1.136,1.168
123,245,basic,318.908,274.199,447.77,376.769,1.219,1.345
123,246,basic,230.081,122.082,387.383,202.644,1.167,1.249
123,247,basic,368.891,127.705,1034.584,328.083,1.581,2.24
123,248,basic,146.282,95.338,0.0,0.0,0.884,
123,249,basic,28.029,21.537,31.341,23.915,0.903,0.94
123,250,basic,86.192,65.036,139.074,106.81,0.967,0.873
123,251,basic,127.643,61.799,154.123,73.685,1.376,1.428
123,252,basic,239.517,167.665,239.443,168.053,1.438,1.425
123,255,basic,86.227,58.395,281.332,183.859,0.845,1.044
123,257,basic,122.493,104.868,420.457,345.479,1.084,1.322
123,259,basic,165.168,122.339,0.0,0.0,1.334,
123,261,basic,169.405,153.709,230.219,199.45,1.092,1.414
123,262,basic,189.403,146.207,340.08,257.104,1.069,1.178
123,264,basic,82.304,37.868,0.0,0.0,0.926,
123,266,basic,107.097,85.495,112.357,89.563,0.897,0.905
123,267,basic,117.118,103.291,132.678,116.716,1.032,1.046
123,268,basic,107.405,102.035,0.0,0.0,1.075,
123,269,basic,102.687,96.093,219.987,204.961,1.037,1.37
123,270,basic,147.806,103.279,512.724,361.704,1.448,1.446
123,272,basic,43.913,41.359,0.0,0.0,1.034,
123,275,basic,97.721,91.534,206.302,192.283,1.138,1.263
123,276,basic,148.62,73.347,316.498,155.017,1.125,1.315
123,277,basic,127.217,84.541,131.046,86.807,1.011,1.027
123,279,basic,105.15,47.403,144.065,64.503,0.997,1.036
123,281,basic,62.524,42.956,138.054,87.226,0.819,1.263
123,282,basic,75.211,57.653,86.531,64.518,0.884,1.028
123,286,basic,181.023,111.005,310.474,195.981,1.876,1.803
123,287,gifted,190.0,174.192,0.0,0.0,,
123,288,basic,193.841,167.869,193.761,168.415,1.349,1.334
123,289,basic,155.242,134.052,0.0,0.0,1.347,
123,291,basic,374.345,254.996,623.944,420.078,2.243,2.33
123,292,basic,565.469,327.094,771.708,446.825,1.499,1.451
123,930,basic,399.048,355.062,824.455,741.135,2.343,2.251
123,935,basic,437.195,303.666,0.0,0.0,1.824,
123,939,basic,217.926,105.963,0.0,0.0,1.751,
123,949,basic,380.16,317.497,0.0,0.0,1.517,
123,955,basic,45.604,43.324,0.0,0.0,2.767,
123,971,gifted,516.422,473.456,704.597,645.975,,
123,972,basic,259.979,188.714,0.0,0.0,1.864,
123,974,basic,88.29,79.752,92.536,83.367,1.255,1.299
123,977,basic,231.626,176.66,232.529,177.087,1.305,1.313
124,103,basic,269.507,237.893,269.526,237.912,1.644,1.644
124,104,basic,131.433,45.091,131.64,45.133,2.529,2.533
124,105,basic,459.631,197.808,459.607,197.763,2.276,2.277
124,105,gifted,183.148,167.175,183.148,167.175,,
124,106,basic,480.348,267.526,480.7,267.59,1.863,1.865
124,106,gifted,118.838,108.474,118.838,108.474,,
124,107,basic,532.858,239.714,531.135,239.119,2.514,2.509
124,109,basic,145.441,92.707,145.274,92.617,2.114,2.113
124,110,basic,390.371,187.445,390.695,187.576,2.071,2.071
124,113,basic,409.774,236.803,409.746,236.75,2.347,2.348
124,113,gifted,138.476,126.4,138.476,126.4,,
124,115,basic,143.298,77.12,143.293,77.119,1.727,1.727
124,117,basic,266.526,153.881,266.801,153.964,2.352,2.355
124,117,gifted,89.566,81.755,89.566,81.755,,
124,118,basic,275.151,132.087,275.33,132.131,2.111,2.113
124,130,basic,657.717,353.868,657.558,353.817,1.705,1.705
124,201,basic,80.214,54.504,80.105,54.322,1.066,1.075
124,202,basic,168.071,85.883,193.393,98.004,1.725,1.774
124,203,basic,240.319,173.034,238.913,172.316,1.308,1.299
124,204,basic,175.753,130.655,374.58,276.794,1.406,1.474
124,207,basic,0.0,0.0,122.229,93.49,,1.106
124,208,basic,201.962,172.5,0.0,0.0,1.225,
124,209,basic,156.667,48.296,252.659,76.855,0.766,0.838
124,210,basic,193.838,76.91,0.0,0.0,1.403,
124,211,basic,70.622,45.05,256.463,159.353,1.111,1.365
124,212,gifted,205.665,187.729,205.665,187.729,,
124,215,basic,118.957,67.804,118.573,67.976,0.949,0.927
124,218,basic,154.86,95.11,206.137,123.086,0.758,0.91
124,220,basic,91.898,78.072,0.0,0.0,1.393,
124,221,basic,167.12,114.851,259.477,180.191,1.007,0.997
124,222,basic,153.047,87.617,187.741,112.031,2.351,2.15
124,225,basic,86.767,42.517,85.611,41.983,1.214,1.21
124,226,basic,254.905,165.202,253.774,166.482,1.322,1.261
124,229,basic,261.956,229.057,0.0,0.0,1.14,
124,230,basic,116.322,81.265,223.606,151.57,0.991,1.172
124,233,basic,280.677,172.944,281.678,173.499,0.825,0.827
124,234,basic,78.998,68.066,0.0,0.0,1.199,
124,235,basic,85.028,53.404,141.8,88.817,1.271,1.317
124,236,basic,48.131,43.575,105.094,85.182,1.094,1.621
124,239,basic,284.99,168.811,0.0,0.0,1.718,
124,241,basic,383.143,118.072,822.0,242.657,1.935,2.222
124,242,basic,159.936,113.02,0.0,0.0,1.242,
124,243,basic,218.487,111.668,296.241,150.55,1.006,1.038
124,244,basic,36.667,34.301,37.138,34.748,1.174,1.194
124,245,basic,320.296,289.08,453.403,402.017,1.258,1.393
124,246,basic,232.164,117.478,388.711,193.994,1.154,1.234
124,247,basic,376.113,113.926,1041.752,286.042,1.6,2.257
124,248,basic,146.128,93.388,0.0,0.0,0.879,
124,249,basic,30.997,24.364,34.402,26.905,0.903,0.933
124,250,basic,85.961,66.33,141.884,111.525,0.984,0.882
124,251,basic,134.867,62.382,163.418,74.413,1.376,1.441
124,252,basic,242.543,178.28,242.573,178.598,1.45,1.441
124,255,basic,87.617,58.804,281.654,182.897,0.842,1.034
124,257,basic,121.243,110.443,416.444,367.675,1.074,1.321
124,259,basic,158.691,122.745,0.0,0.0,1.31,
124,261,basic,173.116,160.965,233.322,211.575,1.099,1.428
124,262,basic,188.758,151.85,340.949,268.663,1.058,1.17
124,264,basic,76.237,32.098,0.0,0.0,0.927,
124,266,basic,104.35,87.673,109.461,91.827,0.884,0.892
124,267,basic,122.786,114.125,138.299,128.3,1.023,1.037
124,268,basic,108.096,102.691,0.0,0.0,1.068,
124,269,basic,103.36,97.591,224.413,212.578,1.111,1.44
124,270,basic,169.995,121.154,532.129,384.905,1.519,1.485
124,272,basic,42.106,39.794,0.0,0.0,1.091,
124,275,basic,93.09,88.1,200.279,189.892,1.171,1.286
124,276,basic,146.378,67.931,313.649,142.661,1.133,1.32
124,277,basic,127.307,84.345,131.116,86.605,1.02,1.036
124,279,basic,102.275,41.923,140.104,57.058,0.998,1.035
124,281,basic,68.449,46.61,148.294,93.043,0.823,1.271
124,282,basic,74.244,58.122,86.521,65.803,0.903,1.059
124,286,basic,180.077,113.117,310.209,201.602,1.98,1.879
124,287,gifted,190.0,173.43,0.0,0.0,,
124,288,basic,188.167,166.574,188.239,167.669,1.462,1.434
124,289,basic,156.842,137.831,0.0,0.0,1.359,
124,291,basic,376.448,269.006,627.564,450.409,2.329,2.354
124,292,basic,566.775,315.543,773.28,433.298,1.526,1.472
124,930,basic,399.657,367.472,825.196,764.871,2.459,2.332
124,935,basic,437.923,312.342,0.0,0.0,1.873,
124,939,basic,217.496,101.31,0.0,0.0,1.683,
124,949,basic,382.831,325.457,0.0,0.0,1.59,
124,955,basic,47.111,44.756,0.0,0.0,2.811,
124,971,gifted,515.492,470.537,703.534,642.18,,
124,972,basic,260.482,196.849,0.0,0.0,1.897,
124,974,basic,87.427,80.811,92.81,85.689,1.24,1.306
124,977,basic,241.165,191.112,240.696,190.764,1.324,1.323
125,103,basic,268.187,238.168,268.206,238.182,1.644,1.644
125,104,basic,157.893,53.086,158.097,53.121,2.47,2.472
125,105,basic,432.212,181.891,432.199,181.843,2.214,2.214
125,105,gifted,178.582,163.731,178.582,163.731,,
125,106,basic,464.229,267.071,464.57,267.101,1.758,1.761
125,106,gifted,116.986,107.257,116.986,107.257,,
125,107,basic,516.108,226.16,514.347,225.614,2.453,2.449
125,109,basic,149.6,95.583,149.4,95.491,2.106,2.104
125,110,basic,407.753,190.453,408.029,190.551,2.1,2.1
125,113,basic,405.518,228.576,405.483,228.52,2.362,2.362
125,113,gifted,138.022,126.544,138.022,126.544,,
125,115,basic,154.792,84.832,154.784,84.829,1.727,1.727
125,117,basic,268.123,153.291,268.28,153.31,2.298,2.299
125,117,gifted,90.074,82.583,90.074,82.583,,
125,118,basic,270.529,129.559,270.699,129.588,2.058,2.06
125,130,basic,659.942,366.002,659.809,365.963,1.662,1.662
125,201,basic,79.313,56.844,79.592,56.832,0.934,0.945
125,202,basic,165.111,86.835,190.749,99.02,1.468,1.516
125,203,basic,247.486,180.637,246.311,180.1,1.272,1.266
125,204,basic,173.862,131.598,370.378,276.301,1.332,1.427
125,207,basic,0.0,0.0,126.919,100.095,,1.075
125,208,basic,210.167,182.023,0.0,0.0,1.194,
125,209,basic,144.172,45.661,238.855,74.275,0.765,0.831
125,210,basic,192.863,75.258,0.0,0.0,1.366,
125,211,basic,71.774,47.017,253.013,161.653,1.089,1.333
125,212,gifted,205.755,188.644,205.755,188.644,,
125,215,basic,118.321,72.595,118.029,72.844,0.859,0.842
125,218,basic,156.869,101.248,208.685,129.248,0.753,0.898
125,220,basic,94.783,76.412,0.0,0.0,1.457,
125,221,basic,162.956,115.024,253.076,181.368,0.994,0.985
125,222,basic,143.126,88.952,179.007,114.517,1.771,1.682
125,225,basic,80.841,39.989,79.867,39.53,1.175,1.173
125,226,basic,271.538,175.461,270.601,178.735,1.322,1.248
125,229,basic,256.155,227.539,0.0,0.0,1.129,
125,230,basic,117.245,84.39,227.233,156.138,0.988,1.177
125,233,basic,280.002,180.275,280.585,180.663,0.826,0.826
125,234,basic,76.779,66.062,0.0,0.0,1.16,
125,235,basic,85.829,56.264,143.879,92.626,1.158,1.249
125,236,basic,49.237,43.817,104.048,84.371,1.07,1.478
125,239,basic,263.455,154.532,0.0,0.0,1.637,
125,241,basic,385.738,112.656,824.194,229.888,1.854,2.108
125,242,basic,155.624,113.296,0.0,0.0,1.208,
125,243,basic,220.905,116.233,300.208,156.143,0.965,1.009
125,244,basic,38.623,35.79,39.277,36.43,1.147,1.168
125,245,basic,322.812,288.821,454.598,398.023,1.266,1.396
125,246,basic,233.82,120.764,393.244,198.532,1.104,1.191
125,247,basic,374.944,109.44,1040.343,266.545,1.551,2.193
125,248,basic,148.908,99.427,0.0,0.0,0.884,
125,249,basic,30.192,25.283,33.271,27.679,0.869,0.895
125,250,basic,87.92,70.931,143.785,119.134,0.954,0.857
125,251,basic,130.984,59.939,158.409,70.995,1.336,1.407
125,252,basic,228.729,170.117,228.863,170.494,1.342,1.337
125,255,basic,86.717,60.901,282.154,188.066,0.839,1.04
125,257,basic,119.592,109.293,412.96,363.708,1.07,1.311
125,259,basic,161.517,127.648,0.0,0.0,1.238,
125,261,basic,172.299,158.926,231.129,205.308,1.097,1.404
125,262,basic,181.218,150.529,330.177,267.038,1.041,1.145
125,264,basic,81.65,35.409,0.0,0.0,0.913,
125,266,basic,105.387,91.818,110.412,95.993,0.878,0.885
125,267,basic,126.482,118.889,142.132,133.255,1.037,1.053
125,268,basic,105.302,100.037,0.0,0.0,1.058,
125,269,basic,109.982,103.488,229.76,217.069,1.069,1.402
125,270,basic,151.594,112.253,516.952,380.304,1.32,1.392
125,272,basic,40.968,38.58,0.0,0.0,1.049,
125,275,basic,93.847,88.268,204.18,192.78,1.195,1.292
125,276,basic,148.069,69.727,314.567,145.088,1.107,1.297
125,277,basic,128.949,87.931,132.454,89.964,1.01,1.023
125,279,basic,104.457,43.516,144.174,59.497,0.986,1.022
125,281,basic,65.941,47.366,141.178,90.364,0.804,1.214
125,282,basic,74.914,61.974,86.403,68.713,0.852,0.988
125,286,basic,187.458,112.317,316.08,197.842,1.971,1.855
125,287,gifted,190.0,174.199,0.0,0.0,,
125,288,basic,183.258,158.445,183.082,159.738,1.413,1.382
125,289,basic,157.944,140.453,0.0,0.0,1.348,
125,291,basic,383.54,256.074,632.39,424.406,2.364,2.351
125,292,basic,565.655,320.087,772.181,437.915,1.452,1.415
125,930,basic,398.816,358.678,824.21,748.567,2.329,2.237
125,935,basic,437.455,306.641,0.0,0.0,1.764,
125,939,basic,223.198,102.639,0.0,0.0,1.633,
125,949,basic,375.233,317.802,0.0,0.0,1.546,
125,955,basic,44.995,42.745,0.0,0.0,2.791,
125,971,gifted,515.402,472.541,703.507,645.002,,
125,972,basic,255.077,190.971,0.0,0.0,1.81,
125,974,basic,87.484,80.401,93.062,85.233,1.176,1.249
125,977,basic,232.884,188.887,233.12,188.97,1.268,1.271
126,103,basic,276.518,251.791,276.553,251.816,1.651,1.651
126,104,basic,138.742,51.659,138.931,51.699,2.528,2.531
126,105,basic,442.91,205.274,442.926,205.244,2.265,2.265
126,105,gifted,177.611,163.412,177.611,163.412,,
126,106,basic,464.644,283.647,464.991,283.717,1.804,1.806
126,106,gifted,117.248,107.874,117.248,107.874,,
126,107,basic,485.78,237.748,484.056,237.1,2.447,2.443
126,109,basic,157.254,106.496,157.063,106.398,2.159,2.158
126,110,basic,402.098,209.859,402.346,209.964,2.066,2.067
126,113,basic,392.5,239.444,392.499,239.397,2.376,2.377
126,113,gifted,133.892,123.188,133.892,123.188,,
126,115,basic,143.736,84.224,143.729,84.22,1.726,1.726
126,117,basic,266.567,165.543,266.692,165.559,2.335,2.336
126,117,gifted,89.977,82.783,89.977,82.783,,
126,118,basic,266.119,137.792,266.379,137.868,2.123,2.125
126,130,basic,663.454,393.511,663.333,393.47,1.699,1.699
126,201,basic,83.367,54.96,83.184,54.764,1.055,1.061
126,202,basic,172.942,86.706,198.781,98.931,1.644,1.683
126,203,basic,261.847,182.128,260.704,181.57,1.282,1.276
126,204,basic,177.841,127.099,375.422,266.467,1.389,1.459
126,207,basic,0.0,0.0,126.583,95.089,,1.076
126,208,basic,202.59,171.212,0.0,0.0,1.253,
126,209,basic,143.344,45.376,239.398,74.64,0.782,0.853
126,210,basic,194.279,76.837,0.0,0.0,1.378,
126,211,basic,77.749,48.224,264.753,167.302,1.117,1.355
126,212,gifted,205.721,189.275,205.721,189.275,,
126,215,basic,117.848,68.94,117.659,69.024,0.878,0.869
126,218,basic,156.629,95.222,207.921,122.342,0.758,0.91
126,220,basic,87.455,71.812,0.0,0.0,1.393,
126,221,basic,166.216,112.895,256.908,176.786,0.985,0.973
126,222,basic,145.987,85.873,181.389,109.799,1.918,1.811
126,225,basic,90.553,43.781,89.574,43.322,1.206,1.204
126,226,basic,250.953,162.169,249.917,162.946,1.241,1.201
126,229,basic,253.308,212.38,0.0,0.0,1.147,
126,230,basic,112.315,75.438,221.355,144.104,1.032,1.201
126,233,basic,280.441,171.36,281.4,171.884,0.819,0.821
126,234,basic,76.997,63.654,0.0,0.0,1.212,
126,235,basic,83.682,53.121,139.627,87.507,1.138,1.224
126,236,basic,51.427,45.787,107.696,89.733,1.058,1.346
126,239,basic,274.413,155.687,0.0,0.0,1.724,
126,241,basic,383.407,117.1,823.363,243.791,1.9,2.227
126,242,basic,155.376,107.593,0.0,0.0,1.206,
126,243,basic,218.703,110.856,297.956,149.814,0.989,1.03
126,244,basic,35.608,33.161,36.152,33.659,1.139,1.165
126,245,basic,315.042,278.521,442.903,382.878,1.233,1.358
126,246,basic,226.998,113.006,384.527,188.62,1.159,1.236
126,247,basic,370.906,112.112,1035.311,290.459,1.591,2.249
126,248,basic,149.236,93.842,0.0,0.0,0.887,
126,249,basic,27.016,20.999,30.09,23.204,0.883,0.921
126,250,basic,85.77,64.235,141.1,107.856,0.966,0.868
126,251,basic,135.679,61.834,163.554,73.581,1.386,1.434
126,252,basic,233.231,165.029,233.262,165.464,1.398,1.387
126,255,basic,86.559,57.164,278.361,176.571,0.827,1.029
126,257,basic,122.475,107.786,419.026,353.932,1.077,1.319
126,259,basic,158.982,117.996,0.0,0.0,1.284,
126,261,basic,175.143,160.898,234.566,207.071,1.068,1.378
126,262,basic,180.646,141.11,331.377,252.278,1.05,1.171
126,264,basic,80.382,34.503,0.0,0.0,0.926,
126,266,basic,107.612,87.955,113.01,92.192,0.895,0.903
126,267,basic,118.431,108.192,133.466,121.655,1.02,1.033
126,268,basic,111.768,106.18,0.0,0.0,1.076,
126,269,basic,102.013,95.965,222.934,209.902,1.03,1.382
126,270,basic,160.061,109.113,531.503,366.908,1.483,1.473
126,272,basic,40.713,38.343,0.0,0.0,1.045,
126,275,basic,98.482,92.72,208.446,196.476,1.155,1.27
126,276,basic,147.02,68.455,314.734,148.075,1.107,1.312
126,277,basic,125.014,80.636,128.797,82.79,1.012,1.028
126,279,basic,107.91,44.366,146.144,59.594,0.998,1.039
126,281,basic,68.89,46.066,146.343,89.489,0.817,1.239
126,282,basic,75.826,57.655,87.304,64.369,0.881,1.023
126,286,basic,181.789,111.374,311.473,197.357,1.875,1.79
126,287,gifted,190.0,174.81,0.0,0.0,,
126,288,basic,185.316,161.854,185.446,162.835,1.384,1.365
126,289,basic,159.234,142.47,0.0,0.0,1.39,
126,291,basic,375.237,265.009,626.23,437.089,2.246,2.313
126,292,basic,566.209,321.327,772.751,436.146,1.505,1.456
126,930,basic,399.088,361.385,824.671,753.975,2.335,2.247
126,935,basic,438.37,306.512,0.0,0.0,1.875,
126,939,basic,220.006,103.78,0.0,0.0,1.697,
126,949,basic,384.257,323.828,0.0,0.0,1.595,
126,955,basic,47.82,45.429,0.0,0.0,2.817,
126,971,gifted,515.358,474.158,703.443,647.206,,
126,972,basic,260.158,196.592,0.0,0.0,1.818,
126,974,basic,87.076,78.868,91.906,83.111,1.263,1.308
126,977,basic,235.686,179.033,236.071,179.196,1.31,1.314
127,103,basic,270.615,242.58,270.622,242.585,1.656,1.656
127,104,basic,139.891,55.679,140.085,55.724,2.671,2.674
127,105,basic,452.557,221.899,452.573,221.868,2.307,2.308
127,105,gifted,179.125,164.631,179.125,164.631,,
127,106,basic,459.69,290.082,460.004,290.148,1.791,1.793
127,106,gifted,117.525,108.015,117.525,108.015,,
127,107,basic,535.296,273.638,533.587,272.974,2.524,2.52
127,109,basic,145.929,99.788,145.712,99.674,2.182,2.18
127,110,basic,388.042,214.513,388.296,214.627,2.052,2.053
127,113,basic,382.672,236.703,382.641,236.644,2.403,2.404
127,113,gifted,133.213,122.434,133.213,122.434,,
127,115,basic,151.312,91.985,151.302,91.979,1.733,1.733
127,117,basic,269.43,171.312,269.587,171.354,2.348,2.349
127,117,gifted,90.065,82.777,90.065,82.777,,
127,118,basic,265.573,143.938,265.807,144.011,2.163,2.165
127,130,basic,666.004,415.167,665.875,415.115,1.679,1.678
127,201,basic,77.869,50.568,77.489,50.308,1.057,1.058
127,202,basic,166.206,85.922,192.025,98.546,1.61,1.65
127,203,basic,261.041,175.64,259.902,175.087,1.322,1.316
127,204,basic,174.932,120.008,373.418,256.82,1.453,1.476
127,207,basic,0.0,0.0,124.987,90.693,,1.126
127,208,basic,211.535,172.135,0.0,0.0,1.26,
127,209,basic,147.426,52.448,240.311,84.354,0.764,0.833
127,210,basic,192.156,81.16,0.0,0.0,1.388,
127,211,basic,82.821,51.133,271.365,171.685,1.116,1.371
127,212,gifted,205.627,188.989,205.627,188.989,,
127,215,basic,120.981,72.692,120.721,72.714,0.865,0.856
127,218,basic,159.377,97.353,209.818,124.424,0.761,0.913
127,220,basic,89.085,69.791,0.0,0.0,1.472,
127,221,basic,164.483,110.247,253.46,172.405,1.007,0.983
127,222,basic,139.301,80.214,174.391,103.323,1.965,1.85
127,225,basic,87.615,43.519,86.566,43.014,1.251,1.249
127,226,basic,256.774,164.55,255.733,165.383,1.279,1.235
127,229,basic,243.413,194.057,0.0,0.0,1.146,
127,230,basic,117.4,76.765,228.828,146.102,1.077,1.222
127,233,basic,279.982,171.663,280.779,172.145,0.833,0.834
127,234,basic,74.018,58.23,0.0,0.0,1.223,
127,235,basic,76.82,48.959,129.957,81.742,1.126,1.216
127,236,basic,51.312,44.722,107.109,87.7,1.075,1.342
127,239,basic,269.9,154.324,0.0,0.0,1.692,
127,241,basic,384.358,130.222,824.814,272.233,1.878,2.224
127,242,basic,161.665,110.015,0.0,0.0,1.208,
127,243,basic,217.852,114.173,298.267,154.961,0.969,1.016
127,244,basic,37.245,34.637,37.724,35.049,1.086,1.116
127,245,basic,319.517,271.541,446.208,371.03,1.234,1.359
127,246,basic,227.01,116.584,385.475,195.323,1.163,1.239
127,247,basic,364.403,122.768,1030.13,325.442,1.576,2.264
127,248,basic,146.593,92.086,0.0,0.0,0.889,
127,249,basic,31.322,23.861,34.65,26.233,0.854,0.886
127,250,basic,81.91,59.382,135.951,100.354,0.959,0.864
127,251,basic,139.128,65.952,166.552,77.919,1.429,1.48
127,252,basic,245.9,166.233,245.825,166.681,1.478,1.464
127,255,basic,88.197,57.66,285.499,179.354,0.828,1.046
127,257,basic,124.465,104.037,420.931,336.95,1.081,1.321
127,259,basic,157.412,112.983,0.0,0.0,1.261,
127,261,basic,167.424,150.898,226.07,193.802,1.051,1.363
127,262,basic,187.952,140.551,340.466,248.927,1.091,1.206
127,264,basic,80.632,37.268,0.0,0.0,0.91,
127,266,basic,107.606,84.024,112.945,88.013,0.929,0.938
127,267,basic,118.072,103.22,133.288,116.185,1.015,1.03
127,268,basic,111.988,106.389,0.0,0.0,1.09,
127,269,basic,107.844,100.905,227.41,210.329,0.974,1.331
127,270,basic,152.374,101.194,522.416,350.698,1.472,1.463
127,272,basic,40.898,38.42,0.0,0.0,1.041,
127,275,basic,90.985,84.579,199.59,184.252,1.159,1.279
127,276,basic,150.837,73.629,319.882,159.251,1.115,1.314
127,277,basic,127.924,81.527,131.817,83.727,1.014,1.031
127,279,basic,110.034,48.329,148.57,64.721,0.995,1.039
127,281,basic,67.641,44.705,146.645,89.028,0.814,1.254
127,282,basic,77.746,56.83,89.042,63.335,0.897,1.035
127,286,basic,181.311,106.068,309.826,188.761,2.059,1.93
127,287,gifted,190.0,174.626,0.0,0.0,,
127,288,basic,190.856,160.545,190.808,161.294,1.367,1.348
127,289,basic,156.859,135.575,0.0,0.0,1.401,
127,291,basic,378.112,257.314,626.291,421.917,2.281,2.339
127,292,basic,563.168,326.202,768.555,441.847,1.508,1.457
127,930,basic,399.327,349.899,824.887,733.075,2.337,2.242
127,935,basic,438.849,300.199,0.0,0.0,1.881,
127,939,basic,221.81,109.204,0.0,0.0,1.74,
127,949,basic,376.972,308.999,0.0,0.0,1.578,
127,955,basic,46.202,43.892,0.0,0.0,2.823,
127,971,gifted,515.761,474.028,703.942,646.981,,
127,972,basic,263.838,192.634,0.0,0.0,1.833,
127,974,basic,86.036,76.335,91.197,80.483,1.243,1.291
127,977,basic,237.113,173.648,238.566,174.326,1.293,1.305
128,103,basic,261.453,213.345,261.467,213.361,1.627,1.627
128,104,basic,129.606,62.531,129.857,62.577,2.216,2.221
128,105,basic,434.799,225.265,434.732,225.192,2.26,2.261
128,105,gifted,179.589,165.057,179.589,165.057,,
128,106,basic,464.12,295.269,464.413,295.334,1.758,1.759
128,106,gifted,117.226,107.74,117.226,107.74,,
128,107,basic,508.38,264.449,506.587,263.74,2.496,2.492
128,109,basic,155.61,102.735,155.478,102.64,2.06,2.06
128,110,basic,376.997,216.898,377.414,217.095,2.112,2.113
128,113,basic,386.528,233.384,386.533,233.32,2.313,2.315
128,113,gifted,133.199,122.421,133.199,122.421,,
128,115,basic,152.55,93.598,152.539,93.592,1.741,1.741
128,117,basic,250.942,154.563,251.411,154.753,2.329,2.332
128,117,gifted,89.712,82.453,89.712,82.453,,
128,118,basic,263.638,148.119,263.783,148.157,2.103,2.104
128,130,basic,659.619,421.365,659.368,421.28,1.69,1.689
128,201,basic,78.147,52.048,78.086,51.955,1.052,1.056
128,202,basic,177.138,95.621,202.987,108.642,1.704,1.749
128,203,basic,249.934,167.81,248.669,167.257,1.297,1.289
128,204,basic,180.658,122.064,380.317,254.608,1.374,1.455
128,207,basic,0.0,0.0,121.754,90.378,,1.056
128,208,basic,200.968,155.644,0.0,0.0,1.258,
128,209,basic,148.641,71.225,245.686,115.894,0.763,0.838
128,210,basic,192.74,97.946,0.0,0.0,1.399,
128,211,basic,78.458,50.595,263.978,170.328,1.1,1.344
128,212,gifted,205.737,189.089,205.737,189.089,,
128,215,basic,121.327,79.864,121.084,79.898,0.872,0.863
128,218,basic,157.48,104.322,208.922,134.013,0.766,0.92
128,220,basic,84.283,63.383,0.0,0.0,1.319,
128,221,basic,162.005,115.433,253.259,182.229,0.952,0.953
128,222,basic,149.733,82.953,184.039,105.732,2.05,1.9
128,225,basic,81.623,45.928,80.465,45.304,1.207,1.205
128,226,basic,254.576,172.638,253.441,173.093,1.234,1.2
128,229,basic,252.552,191.142,0.0,0.0,1.143,
128,230,basic,111.423,75.334,219.139,143.041,1.0,1.19
128,233,basic,282.144,186.724,283.187,187.352,0.841,0.843
128,234,basic,77.078,57.598,0.0,0.0,1.173,
128,235,basic,73.972,48.559,128.439,83.574,1.19,1.261
128,236,basic,51.663,43.391,107.488,84.078,1.049,1.313
128,239,basic,292.358,168.769,0.0,0.0,1.746,
128,241,basic,384.244,161.714,825.133,335.489,1.872,2.173
128,242,basic,148.835,101.649,0.0,0.0,1.194,
128,243,basic,218.111,128.991,298.028,174.84,0.989,1.031
128,244,basic,35.836,32.521,36.438,32.926,1.053,1.083
128,245,basic,315.925,253.715,441.233,345.619,1.202,1.329
128,246,basic,219.696,125.999,378.254,213.397,1.151,1.238
128,247,basic,371.331,159.961,1035.959,409.109,1.567,2.222
128,248,basic,147.704,97.726,0.0,0.0,0.888,
128,249,basic,28.453,21.492,31.916,23.878,0.857,0.902
128,250,basic,84.262,60.548,137.97,101.034,0.955,0.863
128,251,basic,135.261,74.797,162.383,88.918,1.383,1.42
128,252,basic,256.865,172.653,256.808,173.158,1.48,1.466
128,255,basic,84.292,57.414,279.157,182.168,0.827,1.046
128,257,basic,121.025,96.743,412.825,314.475,1.044,1.291
128,259,basic,168.085,115.65,0.0,0.0,1.294,
128,261,basic,166.886,139.96,225.581,178.235,1.076,1.371
128,262,basic,191.09,140.595,344.655,248.023,1.072,1.177
128,264,basic,80.663,45.501,0.0,0.0,0.945,
128,266,basic,106.578,83.005,111.793,86.917,0.897,0.905
128,267,basic,118.731,96.828,133.972,108.958,1.03,1.043
128,268,basic,108.193,102.737,0.0,0.0,1.059,
128,269,basic,106.896,95.29,226.796,192.39,1.006,1.329
128,270,basic,165.2,103.883,535.91,345.328,1.588,1.521
128,272,basic,41.082,37.738,0.0,0.0,0.984,
128,275,basic,92.194,82.379,200.589,176.099,1.125,1.225
128,276,basic,147.471,84.171,313.886,179.426,1.127,1.31
128,277,basic,123.107,81.701,126.845,83.89,0.999,1.015
128,279,basic,102.708,54.739,141.754,74.985,0.996,1.035
128,281,basic,65.408,44.95,139.647,87.785,0.805,1.233
128,282,basic,72.908,53.056,83.62,59.108,0.858,0.994
128,286,basic,182.262,113.467,314.176,200.62,1.749,1.699
128,287,gifted,190.0,174.626,0.0,0.0,,
128,288,basic,187.02,146.795,187.35,147.289,1.321,1.315
128,289,basic,156.239,122.393,0.0,0.0,1.344,
128,291,basic,374.503,244.118,625.296,399.594,2.166,2.269
128,292,basic,564.048,342.211,769.697,465.915,1.49,1.446
128,930,basic,399.604,298.178,825.201,627.615,2.285,2.187
128,935,basic,437.679,288.466,0.0,0.0,1.788,
128,939,basic,221.119,120.166,0.0,0.0,1.711,
128,949,basic,383.831,287.297,0.0,0.0,1.517,
128,955,basic,45.134,42.576,0.0,0.0,2.752,
128,971,gifted,515.856,474.114,704.025,647.057,,
128,972,basic,263.351,179.352,0.0,0.0,1.837,
128,974,basic,87.662,70.552,92.277,73.525,1.19,1.242
128,977,basic,235.077,164.308,235.437,164.458,1.297,1.3
129,103,basic,263.993,234.021,264.0,234.028,1.608,1.608
129,104,basic,135.711,52.754,135.922,52.788,2.405,2.409
129,105,basic,451.566,211.668,451.527,211.602,2.246,2.246
129,105,gifted,180.937,166.004,180.937,166.004,,
129,106,basic,464.48,287.333,464.779,287.37,1.757,1.759
129,106,gifted,117.46,107.766,117.46,107.766,,
129,107,basic,532.706,254.661,530.994,254.094,2.477,2.474
129,109,basic,153.244,100.516,153.072,100.427,2.104,2.103
129,110,basic,397.459,195.804,397.791,195.928,2.075,2.076
129,113,basic,386.157,230.769,386.165,230.717,2.359,2.36
129,113,gifted,133.47,122.454,133.47,122.454,,
129,115,basic,152.8,92.89,152.787,92.884,1.719,1.719
129,117,basic,251.94,146.569,252.18,146.624,2.298,2.301
129,117,gifted,89.3,81.93,89.3,81.93,,
129,118,basic,263.772,138.175,263.951,138.21,2.072,2.073
129,130,basic,657.127,382.674,656.963,382.631,1.638,1.638
129,201,basic,76.036,54.113,77.061,54.335,0.936,0.963
129,202,basic,170.556,88.483,195.899,100.58,1.516,1.554
129,203,basic,259.075,183.656,257.856,183.128,1.269,1.263
129,204,basic,168.794,120.185,366.427,259.762,1.395,1.455
129,207,basic,0.0,0.0,112.954,81.388,,1.047
129,208,basic,205.75,171.969,0.0,0.0,1.213,
129,209,basic,155.48,53.888,252.038,85.804,0.783,0.843
129,210,basic,193.513,76.805,0.0,0.0,1.353,
129,211,basic,72.529,47.571,256.472,171.561,1.105,1.346
129,212,gifted,206.19,189.172,206.19,189.172,,
129,215,basic,119.428,69.868,118.899,70.042,0.872,0.853
129,218,basic,158.99,103.852,209.605,131.466,0.759,0.892
129,220,basic,90.714,72.123,0.0,0.0,1.367,
129,221,basic,162.207,109.312,252.698,170.53,0.883,0.909
129,222,basic,149.331,86.681,184.261,110.883,1.889,1.773
129,225,basic,85.343,43.467,84.193,42.924,1.157,1.153
129,226,basic,262.078,157.737,261.153,159.296,1.216,1.173
129,229,basic,258.635,219.075,0.0,0.0,1.131,
129,230,basic,116.966,84.281,230.449,158.775,0.995,1.169
129,233,basic,275.207,177.041,275.866,177.416,0.822,0.823
129,234,basic,80.017,66.393,0.0,0.0,1.176,
129,235,basic,79.97,49.557,134.678,82.114,1.151,1.233
129,236,basic,52.496,44.757,109.434,84.897,1.035,1.415
129,239,basic,269.59,155.245,0.0,0.0,1.646,
129,241,basic,384.747,118.839,824.484,247.065,1.835,2.117
129,242,basic,155.576,108.647,0.0,0.0,1.215,
129,243,basic,219.933,118.91,299.626,160.07,0.979,1.022
129,244,basic,37.665,34.766,38.169,35.206,1.1,1.127
129,245,basic,319.278,267.604,447.891,363.442,1.224,1.344
129,246,basic,220.708,118.648,373.856,195.654,1.056,1.148
129,247,basic,376.525,117.711,1042.754,293.205,1.546,2.2
129,248,basic,142.045,96.646,0.0,0.0,0.862,
129,249,basic,31.769,25.337,35.157,27.802,0.841,0.87
129,250,basic,85.049,67.982,140.686,115.62,0.95,0.856
129,251,basic,133.577,59.82,161.192,70.924,1.316,1.376
129,252,basic,234.656,162.096,234.642,162.448,1.36,1.353
129,255,basic,88.776,63.328,283.984,191.829,0.823,1.02
129,257,basic,125.592,109.164,421.025,346.575,1.058,1.295
129,259,basic,150.5,116.283,0.0,0.0,1.238,
129,261,basic,180.346,162.61,241.581,204.82,1.068,1.369
129,262,basic,188.679,148.613,340.826,260.447,1.058,1.16
129,264,basic,78.792,33.735,0.0,0.0,0.914,
129,266,basic,101.278,82.653,106.396,86.664,0.872,0.878
129,267,basic,117.295,104.388,132.044,117.102,1.016,1.03
129,268,basic,109.313,103.847,0.0,0.0,1.065,
129,269,basic,106.576,98.686,225.911,207.257,1.029,1.361
129,270,basic,163.854,116.15,537.361,385.32,1.402,1.419
129,272,basic,39.277,36.813,0.0,0.0,1.047,
129,275,basic,96.872,89.897,202.328,186.094,1.116,1.238
129,276,basic,149.412,70.13,316.959,149.905,1.096,1.3
129,277,basic,130.754,89.731,133.954,91.584,1.019,1.031
129,279,basic,113.053,49.411,152.242,66.012,0.999,1.028
129,281,basic,64.258,46.941,136.382,88.413,0.794,1.189
129,282,basic,72.887,61.04,82.956,66.785,0.809,0.934
129,286,basic,171.862,103.776,300.911,182.784,1.562,1.583
129,287,gifted,190.0,174.319,0.0,0.0,,
129,288,basic,174.998,149.426,174.933,150.242,1.358,1.341
129,289,basic,157.603,143.311,0.0,0.0,1.384,
129,291,basic,376.525,251.232,625.115,407.682,2.137,2.205
129,292,basic,562.702,330.987,769.405,448.718,1.446,1.408
129,930,basic,399.135,349.374,824.611,731.885,2.342,2.25
129,935,basic,437.694,305.611,0.0,0.0,1.775,
129,939,basic,219.565,101.856,0.0,0.0,1.64,
129,949,basic,380.906,324.003,0.0,0.0,1.556,
129,955,basic,44.613,42.383,0.0,0.0,2.826,
129,971,gifted,516.483,473.856,704.52,646.374,,
129,972,basic,262.803,192.376,0.0,0.0,1.816,
129,974,basic,87.353,78.729,92.296,82.911,1.225,1.28
129,977,basic,246.165,191.118,243.781,190.005,1.322,1.309
130,103,basic,276.688,245.356,276.672,245.347,1.626,1.626
130,104,basic,132.674,51.902,132.938,51.946,2.375,2.381
130,105,basic,434.866,201.213,434.813,201.157,2.314,2.315
130,105,gifted,178.934,164.712,178.934,164.712,,
130,106,basic,439.863,264.567,440.145,264.639,1.733,1.735
130,106,gifted,114.291,105.207,114.291,105.207,,
130,107,basic,531.185,257.969,529.448,257.306,2.519,2.515
130,109,basic,152.229,101.348,152.06,101.237,2.091,2.091
130,110,basic,395.526,200.267,395.968,200.453,2.119,2.12
130,113,basic,394.646,240.301,394.653,240.248,2.309,2.31
130,113,gifted,134.519,123.828,134.519,123.828,,
130,115,basic,144.414,82.723,144.413,82.722,1.725,1.725
130,117,basic,263.817,160.13,264.165,160.258,2.322,2.325
130,117,gifted,90.082,82.923,90.082,82.923,,
130,118,basic,267.675,137.346,267.814,137.381,2.137,2.139
130,130,basic,664.828,378.225,664.614,378.152,1.722,1.721
130,201,basic,81.84,55.311,81.498,55.054,1.04,1.042
130,202,basic,169.222,90.516,194.822,103.619,1.586,1.622
130,203,basic,262.163,184.584,261.219,184.095,1.335,1.33
130,204,basic,167.289,121.161,367.273,266.071,1.451,1.484
130,207,basic,0.0,0.0,127.577,94.701,,1.121
130,208,basic,201.523,167.706,0.0,0.0,1.236,
130,209,basic,145.177,48.414,243.08,80.054,0.788,0.861
130,210,basic,192.804,79.967,0.0,0.0,1.393,
130,211,basic,75.635,48.3,261.42,165.826,1.102,1.365
130,212,gifted,205.687,189.339,205.687,189.339,,
130,215,basic,120.005,70.446,119.946,70.536,0.9,0.893
130,218,basic,154.556,95.123,205.702,123.306,0.774,0.927
130,220,basic,91.952,76.332,0.0,0.0,1.469,
130,221,basic,162.086,109.558,250.52,171.403,1.008,0.985
130,222,basic,149.259,92.11,186.522,118.004,1.939,1.828
130,225,basic,75.165,38.026,74.229,37.562,1.189,1.187
130,226,basic,256.627,166.225,255.669,166.606,1.27,1.236
130,229,basic,249.36,209.721,0.0,0.0,1.15,
130,230,basic,106.96,73.388,214.68,143.491,1.034,1.206
130,233,basic,276.231,170.882,276.891,171.266,0.828,0.829
130,234,basic,76.054,63.511,0.0,0.0,1.208,
130,235,basic,79.266,50.239,135.356,85.277,1.223,1.286
130,236,basic,52.769,47.275,108.869,91.952,1.055,1.342
130,239,basic,261.827,157.105,0.0,0.0,1.667,
130,241,basic,384.753,128.022,825.982,265.339,1.906,2.226
130,242,basic,147.627,103.759,0.0,0.0,1.215,
130,243,basic,213.465,111.799,293.255,152.509,0.987,1.031
130,244,basic,37.634,35.244,38.128,35.677,1.119,1.151
130,245,basic,314.895,278.567,444.688,385.304,1.223,1.358
130,246,basic,218.354,112.116,373.922,190.411,1.213,1.268
130,247,basic,368.886,120.799,1034.256,313.191,1.59,2.255
130,248,basic,145.652,93.204,0.0,0.0,0.898,
130,249,basic,32.812,25.638,36.296,28.182,0.842,0.879
130,250,basic,81.764,62.036,135.997,104.803,0.957,0.865
130,251,basic,133.442,63.166,160.91,75.319,1.387,1.437
130,252,basic,227.803,163.304,227.922,163.576,1.42,1.414
130,255,basic,84.126,56.347,281.519,181.851,0.839,1.061
130,257,basic,122.314,107.112,417.812,353.502,1.094,1.326
130,259,basic,155.446,117.407,0.0,0.0,1.31,
130,261,basic,168.562,155.148,227.347,202.416,1.077,1.394
130,262,basic,187.177,146.246,341.875,261.492,1.069,1.192
130,264,basic,81.981,35.984,0.0,0.0,0.938,
130,266,basic,108.067,87.208,113.477,91.434,0.909,0.918
130,267,basic,112.875,102.038,128.521,115.885,1.015,1.032
130,268,basic,111.626,106.044,0.0,0.0,1.077,
130,269,basic,105.05,99.026,224.437,211.927,1.043,1.374
130,270,basic,146.294,104.749,514.105,368.855,1.404,1.436
130,272,basic,42.223,39.872,0.0,0.0,1.052,
130,275,basic,100.847,95.127,210.045,198.455,1.171,1.277
130,276,basic,147.467,70.217,315.541,149.997,1.151,1.327
130,277,basic,128.205,84.435,131.948,86.664,1.018,1.033
130,279,basic,103.086,44.236,140.036,59.725,1.003,1.041
130,281,basic,65.482,44.412,144.162,90.519,0.823,1.274
130,282,basic,80.024,61.331,92.028,68.779,0.901,1.045
130,286,basic,181.443,113.201,312.192,200.261,1.955,1.87
130,287,gifted,190.0,174.899,0.0,0.0,,
130,288,basic,187.878,167.523,188.141,168.147,1.368,1.359
130,289,basic,155.533,137.115,0.0,0.0,1.37,
130,291,basic,374.215,264.56,627.033,439.558,2.301,2.378
130,292,basic,563.302,324.082,768.838,442.392,1.497,1.448
130,930,basic,398.661,366.613,824.042,761.909,2.331,2.254
130,935,basic,438.537,312.188,0.0,0.0,1.851,
130,939,basic,216.247,104.208,0.0,0.0,1.739,
130,949,basic,381.976,325.311,0.0,0.0,1.565,
130,955,basic,46.278,43.964,0.0,0.0,2.765,
130,971,gifted,515.571,474.593,703.663,647.736,,
130,972,basic,258.675,194.859,0.0,0.0,1.84,
130,974,basic,85.042,78.087,89.99,82.47,1.256,1.31
130,977,basic,239.186,184.949,238.764,184.65,1.325,1.324
131,103,basic,263.699,230.422,263.725,230.445,1.637,1.637
131,104,basic,147.798,60.169,147.988,60.214,2.381,2.384
131,105,basic,449.533,212.281,449.521,212.237,2.296,2.297
131,105,gifted,181.166,166.304,181.166,166.304,,
131,106,basic,451.541,272.926,451.835,272.987,1.783,1.785
131,106,gifted,115.458,105.986,115.458,105.986,,
131,107,basic,512.565,252.694,510.773,251.993,2.508,2.503
131,109,basic,148.488,98.927,148.311,98.835,2.113,2.111
131,110,basic,393.155,207.902,393.467,208.04,2.143,2.144
131,113,basic,388.882,234.308,388.846,234.251,2.339,2.34
131,113,gifted,135.021,123.945,135.021,123.945,,
131,115,basic,154.094,88.888,154.085,88.883,1.733,1.733
131,117,basic,273.4,168.261,273.581,168.306,2.351,2.354
131,117,gifted,89.909,82.533,89.909,82.533,,
131,118,basic,264.064,137.886,264.261,137.945,2.138,2.14
131,130,basic,653.576,389.443,653.419,389.383,1.707,1.706
131,201,basic,76.97,51.275,77.091,51.242,1.012,1.023
131,202,basic,175.506,91.857,201.504,104.779,1.694,1.734
131,203,basic,258.987,178.719,257.791,178.107,1.292,1.285
131,204,basic,183.674,128.567,383.032,268.152,1.461,1.494
131,207,basic,0.0,0.0,132.837,100.006,,1.1
131,208,basic,206.441,168.292,0.0,0.0,1.262,
131,209,basic,152.815,55.351,247.199,88.517,0.773,0.839
131,210,basic,191.665,83.725,0.0,0.0,1.402,
131,211,basic,72.339,45.388,251.063,156.915,1.106,1.371
131,212,gifted,205.698,188.823,205.698,188.823,,
131,215,basic,122.926,73.889,122.44,74.036,0.953,0.929
131,218,basic,153.971,95.021,204.869,123.101,0.77,0.923
131,220,basic,94.141,75.123,0.0,0.0,1.511,
131,221,basic,167.717,117.344,259.015,182.313,0.97,0.977
131,222,basic,157.823,89.839,194.384,114.566,2.207,2.04
131,225,basic,88.803,45.315,87.849,44.862,1.225,1.221
131,226,basic,259.976,170.853,258.948,172.3,1.358,1.291
131,229,basic,254.931,206.495,0.0,0.0,1.154,
131,230,basic,108.291,71.983,218.442,141.701,1.058,1.218
131,233,basic,276.797,172.259,277.216,172.54,0.833,0.832
131,234,basic,81.87,65.908,0.0,0.0,1.183,
131,235,basic,79.594,51.027,134.404,85.542,1.226,1.294
131,236,basic,50.936,45.081,109.686,87.803,1.098,1.562
131,239,basic,273.008,159.465,0.0,0.0,1.718,
131,241,basic,384.568,134.602,823.685,279.471,1.916,2.214
131,242,basic,162.851,112.305,0.0,0.0,1.232,
131,243,basic,217.701,115.826,297.771,157.299,0.984,1.027
131,244,basic,37.249,34.607,37.875,35.193,1.158,1.182
131,245,basic,319.286,277.019,452.049,383.996,1.266,1.403
131,246,basic,227.298,118.808,385.885,199.472,1.174,1.244
131,247,basic,371.482,129.127,1038.493,333.629,1.596,2.27
131,248,basic,144.057,91.275,0.0,0.0,0.889,
131,249,basic,29.611,22.589,32.77,24.903,0.915,0.94
131,250,basic,86.849,63.535,139.348,103.652,0.96,0.863
131,251,basic,129.844,64.337,157.288,76.745,1.408,1.474
131,252,basic,238.618,168.071,238.572,168.399,1.44,1.428
131,255,basic,88.68,58.05,281.503,178.91,0.868,1.05
131,257,basic,126.973,108.388,422.644,347.322,1.091,1.325
131,259,basic,152.424,111.05,0.0,0.0,1.257,
131,261,basic,169.445,154.376,227.85,198.948,1.061,1.371
131,262,basic,185.913,142.098,337.808,253.035,1.067,1.182
131,264,basic,80.729,38.409,0.0,0.0,0.926,
131,266,basic,110.355,88.617,115.725,92.794,0.899,0.906
131,267,basic,114.811,102.088,129.496,114.85,1.014,1.029
131,268,basic,110.553,105.026,0.0,0.0,1.069,
131,269,basic,110.081,103.283,229.75,214.542,1.019,1.363
131,270,basic,156.6,104.93,527.601,359.299,1.524,1.48
131,272,basic,38.545,36.198,0.0,0.0,1.09,
131,275,basic,95.911,89.845,204.914,191.384,1.174,1.275
131,276,basic,151.596,76.22,317.757,159.317,1.119,1.31
131,277,basic,123.078,79.265,126.703,81.362,1.026,1.042
131,279,basic,105.481,47.233,143.227,63.756,1.005,1.042
131,281,basic,67.329,44.816,144.501,89.081,0.813,1.255
131,282,basic,74.532,55.013,85.352,61.436,0.881,1.022
131,286,basic,182.961,112.757,314.317,201.791,2.057,1.91
131,287,gifted,190.0,174.413,0.0,0.0,,
131,288,basic,186.544,158.112,186.292,159.062,1.457,1.424
131,289,basic,155.417,129.724,0.0,0.0,1.376,
131,291,basic,370.652,255.116,617.659,425.385,2.32,2.349
131,292,basic,563.618,325.089,769.946,443.943,1.502,1.452
131,930,basic,398.721,348.707,824.18,730.338,2.377,2.276
131,935,basic,437.19,299.708,0.0,0.0,1.869,
131,939,basic,220.43,110.246,0.0,0.0,1.726,
131,949,basic,376.331,304.759,0.0,0.0,1.555,
131,955,basic,45.144,42.887,0.0,0.0,2.777,
131,971,gifted,515.81,473.495,703.924,646.178,,
131,972,basic,264.851,190.31,0.0,0.0,1.907,
131,974,basic,89.748,80.958,95.202,85.26,1.179,1.245
131,977,basic,238.063,176.238,238.278,176.324,1.309,1.312
132,103,basic,273.234,249.221,273.259,249.245,1.659,1.659
132,104,basic,127.875,45.465,128.13,45.516,2.467,2.472
132,105,basic,476.665,207.622,476.614,207.568,2.313,2.314
132,105,gifted,187.522,171.5,187.522,171.5,,
132,106,basic,448.734,260.655,449.076,260.738,1.763,1.765
132,106,gifted,114.714,104.913,114.714,104.913,,
132,107,basic,515.566,242.488,513.774,241.817,2.477,2.472
132,109,basic,150.703,102.019,150.533,101.915,2.069,2.068
132,110,basic,398.059,192.286,398.451,192.445,2.151,2.152
132,113,basic,389.172,235.489,389.12,235.425,2.316,2.316
132,113,gifted,134.94,123.411,134.94,123.411,,
132,115,basic,140.782,77.045,140.776,77.042,1.736,1.736
132,117,basic,266.004,161.118,266.323,161.238,2.362,2.365
132,117,gifted,89.951,82.265,89.951,82.265,,
132,118,basic,262.003,129.172,262.133,129.206,2.109,2.11
132,130,basic,658.083,362.32,657.883,362.251,1.74,1.739
132,201,basic,76.66,51.578,76.696,51.531,1.027,1.035
132,202,basic,165.255,86.896,190.152,99.332,1.557,1.6
132,203,basic,260.747,186.612,259.636,185.962,1.323,1.319
132,204,basic,176.779,131.525,377.886,281.888,1.473,1.485
132,207,basic,0.0,0.0,127.417,97.418,,1.132
132,208,basic,209.228,179.103,0.0,0.0,1.259,
132,209,basic,151.823,43.812,247.657,70.649,0.756,0.829
132,210,basic,192.116,73.282,0.0,0.0,1.434,
132,211,basic,72.34,45.262,254.731,158.243,1.12,1.354
132,212,gifted,205.331,187.788,205.331,187.788,,
132,215,basic,115.274,66.679,115.2,66.77,0.872,0.864
132,218,basic,156.734,93.105,206.76,119.86,0.762,0.916
132,220,basic,88.688,75.921,0.0,0.0,1.479,
132,221,basic,161.013,109.542,250.709,172.791,1.038,1.005
132,222,basic,141.562,92.02,177.847,117.601,1.79,1.716
132,225,basic,80.643,38.617,79.664,38.147,1.2,1.2
132,226,basic,261.062,171.184,260.255,171.54,1.298,1.266
132,229,basic,244.008,214.068,0.0,0.0,1.147,
132,230,basic,109.68,74.546,214.911,142.658,1.046,1.213
132,233,basic,282.508,169.085,283.378,169.569,0.845,0.847
132,234,basic,75.602,65.775,0.0,0.0,1.218,
132,235,basic,87.998,56.388,144.72,92.005,1.189,1.261
132,236,basic,47.368,43.316,98.232,85.25,1.092,1.379
132,239,basic,262.894,156.238,0.0,0.0,1.725,
132,241,basic,388.078,116.618,828.642,240.648,1.922,2.232
132,242,basic,157.43,112.336,0.0,0.0,1.212,
132,243,basic,216.82,106.97,295.294,144.843,0.986,1.025
132,244,basic,36.219,34.156,36.689,34.584,1.116,1.147
132,245,basic,319.756,294.264,447.899,406.563,1.237,1.371
132,246,basic,239.44,117.167,400.96,193.593,1.206,1.297
132,247,basic,365.517,105.704,1032.618,276.542,1.638,2.306
132,248,basic,149.385,93.367,0.0,0.0,0.897,
132,249,basic,28.135,22.301,31.555,24.851,0.897,0.939
132,250,basic,87.862,66.936,142.3,110.062,0.977,0.88
132,251,basic,132.888,59.478,159.89,70.962,1.44,1.48
132,252,basic,239.823,176.12,239.928,176.399,1.424,1.417
132,255,basic,84.345,55.305,279.558,177.562,0.848,1.062
132,257,basic,116.987,106.615,409.507,362.895,1.082,1.333
132,259,basic,174.999,133.792,0.0,0.0,1.385,
132,261,basic,179.008,167.263,238.405,219.347,1.134,1.456
132,262,basic,185.129,148.307,336.28,264.804,1.078,1.186
132,264,basic,84.813,34.405,0.0,0.0,0.951,
132,266,basic,104.605,86.821,109.688,90.929,0.917,0.924
132,267,basic,115.664,108.85,130.59,122.703,1.021,1.039
132,268,basic,111.697,106.112,0.0,0.0,1.066,
132,269,basic,101.507,96.243,221.515,210.246,1.048,1.4
132,270,basic,156.191,113.178,521.948,380.523,1.447,1.447
132,272,basic,40.557,38.421,0.0,0.0,1.111,
132,275,basic,94.14,89.152,203.428,192.952,1.204,1.295
132,276,basic,151.158,67.885,319.542,142.513,1.139,1.321
132,277,basic,124.934,81.01,129.05,83.434,1.001,1.019
132,279,basic,100.74,39.348,138.652,53.813,1.004,1.047
132,281,basic,63.54,42.304,139.584,86.589,0.821,1.271
132,282,basic,71.451,55.241,82.559,62.317,0.882,1.032
132,286,basic,178.012,114.626,307.275,204.055,2.039,1.927
132,287,gifted,190.0,173.767,0.0,0.0,,
132,288,basic,180.802,163.65,181.131,164.376,1.397,1.384
132,289,basic,156.583,140.69,0.0,0.0,1.367,
132,291,basic,374.074,278.827,625.456,462.901,2.283,2.364
132,292,basic,565.907,314.773,771.853,430.029,1.521,1.471
132,930,basic,398.901,375.12,824.484,777.279,2.357,2.267
132,935,basic,437.982,318.53,0.0,0.0,1.86,
132,939,basic,219.749,101.701,0.0,0.0,1.743,
132,949,basic,374.335,329.77,0.0,0.0,1.534,
132,955,basic,43.514,41.338,0.0,0.0,2.764,
132,971,gifted,515.937,471.856,704.175,644.01,,
132,972,basic,255.278,199.379,0.0,0.0,1.817,
132,974,basic,86.293,80.282,90.497,84.243,1.31,1.355
132,977,basic,230.615,184.689,232.504,185.836,1.292,1.305
133,103,basic,265.072,229.229,265.088,229.243,1.637,1.637
133,104,basic,126.624,50.508,126.853,50.549,2.37,2.376
133,105,basic,447.525,205.225,447.488,205.179,2.374,2.375
133,105,gifted,178.366,163.623,178.366,163.623,,
133,106,basic,459.191,269.25,459.43,269.321,1.783,1.785
133,106,gifted,117.756,108.023,117.756,108.023,,
133,107,basic,479.976,236.791,478.217,236.072,2.468,2.464
133,109,basic,150.622,98.435,150.528,98.361,2.159,2.16
133,110,basic,390.373,197.488,390.846,197.696,2.144,2.145
133,113,basic,391.8,232.198,391.837,232.136,2.38,2.383
133,113,gifted,136.134,124.881,136.134,124.881,,
133,115,basic,148.258,83.327,148.255,83.325,1.727,1.727
133,117,basic,253.299,153.446,253.715,153.618,2.334,2.338
133,117,gifted,89.306,81.924,89.306,81.924,,
133,118,basic,271.412,138.389,271.618,138.458,2.164,2.166
133,130,basic,662.962,375.539,662.719,375.445,1.758,1.757
133,201,basic,78.737,51.993,78.413,51.756,1.15,1.152
133,202,basic,173.841,93.377,199.873,106.789,1.73,1.769
133,203,basic,264.808,185.673,263.709,185.032,1.335,1.33
133,204,basic,174.521,126.33,375.554,271.7,1.474,1.507
133,207,basic,0.0,0.0,132.431,98.804,,1.147
133,208,basic,208.094,168.442,0.0,0.0,1.24,
133,209,basic,149.295,52.04,243.471,84.055,0.787,0.854
133,210,basic,193.144,82.774,0.0,0.0,1.444,
133,211,basic,71.928,45.714,256.976,160.478,1.111,1.37
133,212,gifted,205.89,188.872,205.89,188.872,,
133,215,basic,118.878,72.406,118.658,72.398,0.869,0.86
133,218,basic,159.417,97.736,211.607,126.773,0.774,0.936
133,220,basic,89.774,74.996,0.0,0.0,1.459,
133,221,basic,162.501,109.87,250.614,172.252,1.096,1.035
133,222,basic,139.788,87.823,174.55,112.053,1.952,1.837
133,225,basic,83.671,42.78,82.595,42.228,1.25,1.251
133,226,basic,242.053,160.915,240.984,161.108,1.268,1.23
133,229,basic,255.056,210.925,0.0,0.0,1.161,
133,230,basic,101.028,68.731,205.286,136.435,1.014,1.193
133,233,basic,282.246,174.611,283.142,175.138,0.841,0.842
133,234,basic,75.407,62.299,0.0,0.0,1.209,
133,235,basic,80.382,52.189,134.43,86.751,1.203,1.268
133,236,basic,47.272,42.278,98.067,82.95,1.091,1.401
133,239,basic,279.018,167.884,0.0,0.0,1.752,
133,241,basic,385.012,135.365,825.989,280.575,1.942,2.244
133,242,basic,164.833,116.27,0.0,0.0,1.225,
133,243,basic,219.794,115.905,299.186,156.959,0.994,1.033
133,244,basic,38.504,36.122,39.114,36.676,1.141,1.172
133,245,basic,317.154,280.766,444.803,387.158,1.241,1.368
133,246,basic,241.522,125.7,399.213,206.488,1.248,1.298
133,247,basic,372.689,128.255,1037.52,331.948,1.632,2.273
133,248,basic,146.811,93.871,0.0,0.0,0.892,
133,249,basic,29.36,22.759,32.78,25.247,0.899,0.944
133,250,basic,82.644,61.288,135.471,101.864,0.978,0.88
133,251,basic,136.215,66.371,163.623,78.879,1.442,1.496
133,252,basic,240.157,169.353,240.175,169.638,1.508,1.497
133,255,basic,86.4,57.242,281.617,181.134,0.846,1.063
133,257,basic,123.533,106.537,416.492,347.079,1.081,1.333
133,259,basic,160.07,119.001,0.0,0.0,1.331,
133,261,basic,181.135,166.335,242.401,215.308,1.116,1.444
133,262,basic,189.223,146.278,340.4,258.447,1.083,1.208
133,264,basic,82.348,37.792,0.0,0.0,0.943,
133,266,basic,102.505,81.785,107.615,85.774,0.917,0.924
133,267,basic,117.114,105.79,131.617,118.645,1.034,1.049
133,268,basic,111.048,105.496,0.0,0.0,1.08,
133,269,basic,104.725,98.863,224.437,212.137,1.037,1.391
133,270,basic,161.951,112.99,531.538,374.4,1.525,1.498
133,272,basic,41.898,39.612,0.0,0.0,1.035,
133,275,basic,93.424,87.922,204.338,192.654,1.223,1.308
133,276,basic,139.913,68.796,310.407,150.83,1.14,1.324
133,277,basic,125.211,81.439,128.863,83.601,1.025,1.042
133,279,basic,104.545,45.967,141.964,62.142,1.016,1.049
133,281,basic,67.331,45.227,139.708,88.323,0.809,1.232
133,282,basic,80.111,59.922,91.75,67.198,0.909,1.054
133,286,basic,180.125,113.365,309.889,202.044,2.162,1.995
133,287,gifted,190.0,174.295,0.0,0.0,,
133,288,basic,190.055,167.502,190.196,168.074,1.402,1.388
133,289,basic,154.845,129.533,0.0,0.0,1.392,
133,291,basic,376.679,261.221,628.806,435.21,2.426,2.474
133,292,basic,566.14,324.365,772.01,443.839,1.517,1.465
133,930,basic,398.956,366.395,824.574,761.521,2.34,2.249
133,935,basic,437.59,304.549,0.0,0.0,1.87,
133,939,basic,219.73,108.485,0.0,0.0,1.79,
133,949,basic,379.458,312.11,0.0,0.0,1.6,
133,955,basic,47.238,44.876,0.0,0.0,2.814,
133,971,gifted,516.581,473.882,704.768,646.514,,
133,972,basic,259.516,191.139,0.0,0.0,1.834,
133,974,basic,87.115,79.926,91.858,84.087,1.256,1.309
133,977,basic,241.399,184.404,241.185,184.25,1.332,1.332
134,103,basic,259.417,236.351,259.382,236.338,1.64,1.64
134,104,basic,128.088,55.045,128.434,55.097,2.256,2.264
134,105,basic,440.333,217.368,440.179,217.261,2.285,2.285
134,105,gifted,181.665,166.788,181.665,166.788,,
134,106,basic,443.605,282.303,443.907,282.402,1.762,1.764
134,106,gifted,115.268,105.828,115.268,105.828,,
134,107,basic,515.149,264.795,513.403,264.088,2.513,2.509
134,109,basic,148.44,105.644,148.377,105.554,2.041,2.044
134,110,basic,398.69,220.018,399.422,220.363,2.101,2.102
134,113,basic,390.694,251.613,390.705,251.527,2.295,2.297
134,113,gifted,135.152,124.084,135.152,124.084,,
134,115,basic,145.765,87.989,145.759,87.986,1.737,1.737
134,117,basic,250.719,163.526,251.586,163.935,2.292,2.297
134,117,gifted,89.006,81.717,89.006,81.717,,
134,118,basic,262.888,144.903,262.992,144.929,2.067,2.068
134,130,basic,666.829,409.216,666.349,409.066,1.729,1.727
134,201,basic,75.646,48.519,75.384,48.307,1.109,1.114
134,202,basic,169.867,86.483,195.533,98.936,1.668,1.707
134,203,basic,264.132,178.539,263.045,178.077,1.321,1.313
134,204,basic,176.404,123.288,375.714,261.011,1.386,1.455
134,207,basic,0.0,0.0,125.224,92.032,,1.082
134,208,basic,204.739,168.833,0.0,0.0,1.274,
134,209,basic,151.775,50.871,246.407,81.671,0.774,0.839
134,210,basic,195.222,80.154,0.0,0.0,1.439,
134,211,basic,78.585,48.142,261.335,165.667,1.105,1.347
134,212,gifted,206.135,189.255,206.135,189.255,,
134,215,basic,116.674,68.087,116.526,68.213,0.86,0.847
134,218,basic,156.43,93.421,207.968,120.866,0.77,0.928
134,220,basic,85.045,69.252,0.0,0.0,1.392,
134,221,basic,160.44,108.428,249.898,170.063,0.968,0.969
134,222,basic,147.242,84.521,182.552,108.207,2.078,1.927
134,225,basic,87.608,42.318,86.678,41.884,1.305,1.302
134,226,basic,261.372,166.185,260.552,167.093,1.341,1.293
134,229,basic,250.231,201.59,0.0,0.0,1.136,
134,230,basic,110.326,72.791,218.719,140.261,0.997,1.179
134,233,basic,288.451,172.857,289.354,173.377,0.853,0.854
134,234,basic,71.901,57.34,0.0,0.0,1.184,
134,235,basic,83.223,51.542,140.392,86.56,1.23,1.285
134,236,basic,50.603,44.582,107.275,88.66,1.108,1.404
134,239,basic,266.798,151.524,0.0,0.0,1.749,
134,241,basic,384.739,127.255,824.67,268.889,1.89,2.21
134,242,basic,156.814,105.739,0.0,0.0,1.227,
134,243,basic,216.782,110.837,294.99,149.831,0.985,1.026
134,244,basic,37.843,35.194,38.444,35.746,1.172,1.199
134,245,basic,322.189,277.615,454.239,383.237,1.235,1.37
134,246,basic,224.259,113.153,379.418,189.063,1.151,1.229
134,247,basic,367.837,119.917,1032.907,319.868,1.587,2.269
134,248,basic,144.874,89.038,0.0,0.0,0.899,
134,249,basic,29.589,22.044,32.811,24.31,0.907,0.94
134,250,basic,91.684,66.061,147.364,108.016,0.973,0.872
134,251,basic,132.479,62.186,159.812,74.158,1.427,1.476
134,252,basic,239.82,166.276,239.783,166.785,1.442,1.425
134,255,basic,86.506,55.388,282.733,175.002,0.854,1.064
134,257,basic,119.234,101.355,411.463,335.659,1.074,1.328
134,259,basic,158.647,114.013,0.0,0.0,1.288,
134,261,basic,177.501,160.534,238.008,206.293,1.117,1.43
134,262,basic,185.466,139.704,334.943,246.83,1.055,1.181
134,264,basic,79.299,35.214,0.0,0.0,0.932,
134,266,basic,101.909,80.053,106.897,83.873,0.909,0.916
134,267,basic,117.958,102.655,134.449,116.673,1.037,1.053
134,268,basic,107.964,102.566,0.0,0.0,1.077,
134,269,basic,105.239,98.684,224.843,210.112,1.039,1.38
134,270,basic,157.499,104.71,525.144,353.977,1.518,1.486
134,272,basic,40.381,37.996,0.0,0.0,1.083,
134,275,basic,99.445,93.5,211.442,198.266,1.171,1.283
134,276,basic,148.537,70.457,317.415,154.483,1.151,1.334
134,277,basic,125.0,78.923,128.851,81.107,1.02,1.037
134,279,basic,106.828,45.32,144.25,60.873,0.999,1.031
134,281,basic,63.551,41.27,140.075,84.177,0.821,1.273
134,282,basic,77.372,56.321,88.73,63.018,0.897,1.037
134,286,basic,185.969,113.337,317.946,200.845,1.989,1.863
134,287,gifted,190.0,174.441,0.0,0.0,,
134,288,basic,190.25,162.435,190.391,163.383,1.455,1.433
134,289,basic,156.71,138.361,0.0,0.0,1.358,
134,291,basic,372.82,264.129,624.016,435.895,2.306,2.398
134,292,basic,566.169,326.619,771.983,441.268,1.514,1.466
134,930,basic,399.231,358.124,824.787,748.27,2.363,2.265
134,935,basic,437.565,309.566,0.0,0.0,1.856,
134,939,basic,221.416,107.842,0.0,0.0,1.761,
134,949,basic,378.098,316.536,0.0,0.0,1.565,
134,955,basic,45.346,43.078,0.0,0.0,2.747,
134,971,gifted,515.611,473.387,703.724,646.095,,
134,972,basic,258.189,192.55,0.0,0.0,1.881,
134,974,basic,86.463,78.002,91.715,82.256,1.212,1.271
134,977,basic,239.733,175.906,240.005,176.01,1.312,1.315
135,103,basic,269.63,237.744,269.641,237.757,1.636,1.636
135,104,basic,134.945,46.567,135.183,46.603,2.32,2.325
135,105,basic,430.265,179.484,430.235,179.443,2.307,2.308
135,105,gifted,176.871,162.939,176.871,162.939,,
135,106,basic,441.284,247.183,441.574,247.247,1.738,1.739
135,106,gifted,114.568,105.544,114.568,105.544,,
135,107,basic,524.001,232.494,522.262,231.903,2.487,2.483
135,109,basic,151.873,95.825,151.731,95.742,2.098,2.098
135,110,basic,399.881,180.443,400.3,180.599,2.151,2.152
135,113,basic,391.634,224.922,391.625,224.867,2.31,2.311
135,113,gifted,135.456,124.786,135.456,124.786,,
135,115,basic,153.977,82.089,153.973,82.087,1.718,1.718
135,117,basic,260.89,146.992,261.261,147.123,2.338,2.341
135,117,gifted,90.032,82.94,90.032,82.94,,
135,118,basic,275.795,129.077,275.967,129.115,2.134,2.136
135,130,basic,666.211,346.024,666.013,345.963,1.714,1.714
135,201,basic,78.068,54.82,78.423,54.851,0.995,1.012
135,202,basic,175.775,90.119,201.215,102.486,1.741,1.779
135,203,basic,251.259,184.833,249.891,184.159,1.3,1.291
135,204,basic,171.998,132.057,370.763,282.542,1.374,1.448
135,207,basic,0.0,0.0,122.66,93.776,,1.096
135,208,basic,200.771,172.785,0.0,0.0,1.207,
135,209,basic,151.839,45.309,243.934,71.962,0.787,0.846
135,210,basic,192.804,74.379,0.0,0.0,1.401,
135,211,basic,72.59,47.443,253.725,159.68,1.09,1.352
135,212,gifted,205.545,189.355,205.545,189.355,,
135,215,basic,122.682,69.424,122.096,69.609,0.964,0.936
135,218,basic,156.288,97.088,208.127,125.561,0.759,0.909
135,220,basic,89.996,76.374,0.0,0.0,1.44,
135,221,basic,165.309,112.569,255.634,176.367,0.993,0.975
135,222,basic,151.878,90.005,186.008,114.412,2.252,2.079
135,225,basic,92.459,45.063,91.299,44.528,1.248,1.244
135,226,basic,263.554,168.763,262.534,169.859,1.303,1.251
135,229,basic,248.987,222.69,0.0,0.0,1.146,
135,230,basic,106.746,76.402,215.147,148.93,1.0,1.191
135,233,basic,280.871,174.548,281.664,175.007,0.826,0.828
135,234,basic,79.98,70.6,0.0,0.0,1.156,
135,235,basic,87.092,54.336,142.921,89.136,1.301,1.336
135,236,basic,52.06,47.159,109.064,89.487,1.075,1.538
135,239,basic,283.752,170.689,0.0,0.0,1.722,
135,241,basic,384.326,116.163,823.815,237.47,1.895,2.171
135,242,basic,166.777,120.551,0.0,0.0,1.235,
135,243,basic,216.239,111.015,295.554,150.622,0.983,1.024
135,244,basic,35.301,33.085,35.793,33.546,1.153,1.177
135,245,basic,320.466,290.108,449.315,400.048,1.274,1.399
135,246,basic,225.778,114.66,387.311,193.906,1.16,1.241
135,247,basic,370.908,109.276,1036.319,274.358,1.598,2.242
135,248,basic,143.249,93.649,0.0,0.0,0.88,
135,249,basic,31.063,25.054,34.658,27.78,0.887,0.921
135,250,basic,84.478,67.38,137.652,111.841,0.971,0.874
135,251,basic,125.854,56.902,152.81,68.057,1.352,1.413
135,252,basic,241.641,179.296,241.581,179.65,1.413,1.402
135,255,basic,88.457,60.725,284.669,188.692,0.85,1.045
135,257,basic,130.227,119.711,429.197,383.577,1.097,1.32
135,259,basic,165.214,133.865,0.0,0.0,1.238,
135,261,basic,173.802,161.898,233.806,213.564,1.093,1.422
135,262,basic,184.574,151.681,334.61,268.636,1.059,1.179
135,264,basic,79.636,32.387,0.0,0.0,0.935,
135,266,basic,108.411,91.428,113.633,95.706,0.913,0.92
135,267,basic,122.045,114.61,136.925,128.403,1.016,1.03
135,268,basic,109.396,103.926,0.0,0.0,1.066,
135,269,basic,103.66,97.982,223.455,211.776,1.077,1.413
135,270,basic,165.264,120.59,533.732,397.379,1.538,1.489
135,272,basic,41.756,39.526,0.0,0.0,1.05,
135,275,basic,93.377,88.418,200.233,189.896,1.174,1.29
135,276,basic,150.506,68.557,317.44,140.936,1.118,1.299
135,277,basic,124.793,84.438,128.535,86.677,1.017,1.034
135,279,basic,104.003,42.105,140.558,56.518,0.992,1.03
135,281,basic,65.41,45.846,140.313,90.471,0.81,1.242
135,282,basic,69.145,56.272,79.579,62.978,0.883,1.024
135,286,basic,181.59,115.669,312.714,205.032,1.868,1.795
135,287,gifted,190.0,175.034,0.0,0.0,,
135,288,basic,197.611,176.745,197.445,177.432,1.434,1.413
135,289,basic,154.663,138.167,0.0,0.0,1.37,
135,291,basic,372.344,265.983,622.512,443.885,2.28,2.337
135,292,basic,561.237,315.011,765.28,432.487,1.47,1.424
135,930,basic,399.228,369.243,824.659,767.848,2.469,2.349
135,935,basic,437.539,316.789,0.0,0.0,1.822,
135,939,basic,217.403,98.731,0.0,0.0,1.709,
135,949,basic,379.849,331.074,0.0,0.0,1.559,
135,955,basic,44.773,42.534,0.0,0.0,2.774,
135,971,gifted,515.509,474.903,703.525,648.108,,
135,972,basic,262.742,198.712,0.0,0.0,1.914,
135,974,basic,87.968,81.844,92.825,86.381,1.224,1.289
135,977,basic,244.414,200.593,243.629,200.029,1.324,1.322
136,103,basic,258.94,215.183,258.978,215.209,1.586,1.586
136,104,basic,153.244,59.359,153.437,59.402,2.663,2.665
136,105,basic,473.679,223.109,473.663,223.062,2.316,2.316
136,105,gifted,183.722,168.138,183.722,168.138,,
136,106,basic,460.862,270.435,461.163,270.493,1.824,1.826
136,106,gifted,116.895,106.98,116.895,106.98,,
136,107,basic,506.234,247.831,504.558,247.194,2.446,2.442
136,109,basic,150.882,93.327,150.711,93.243,2.195,2.194
136,110,basic,384.445,199.774,384.722,199.892,2.09,2.091
136,113,basic,401.764,227.885,401.767,227.829,2.443,2.444
136,113,gifted,136.27,124.712,136.27,124.712,,
136,115,basic,148.693,85.568,148.681,85.562,1.727,1.727
136,117,basic,263.847,154.183,264.024,154.224,2.32,2.322
136,117,gifted,89.954,82.325,89.954,82.325,,
136,118,basic,262.148,134.539,262.369,134.607,2.165,2.167
136,130,basic,659.399,381.918,659.252,381.866,1.691,1.69
136,201,basic,81.899,55.848,81.531,55.586,1.048,1.048
136,202,basic,171.873,92.917,197.302,105.718,1.673,1.721
136,203,basic,257.758,179.527,256.462,178.915,1.316,1.308
136,204,basic,176.825,124.868,375.877,264.401,1.417,1.473
136,207,basic,0.0,0.0,125.415,92.577,,1.118
136,208,basic,204.476,163.135,0.0,0.0,1.232,
136,209,basic,152.09,62.09,245.865,98.98,0.771,0.841
136,210,basic,191.39,88.738,0.0,0.0,1.399,
136,211,basic,76.057,49.777,257.469,164.206,1.096,1.358
136,212,gifted,205.212,187.806,205.212,187.806,,
136,215,basic,118.106,72.199,117.6,72.381,0.959,0.935
136,218,basic,160.603,104.798,213.094,134.801,0.758,0.914
136,220,basic,91.529,71.687,0.0,0.0,1.465,
136,221,basic,166.761,115.625,257.343,180.229,0.987,0.982
136,222,basic,154.164,82.965,188.909,106.793,2.432,2.203
136,225,basic,87.322,47.018,86.121,46.408,1.234,1.23
136,226,basic,263.85,170.839,262.591,172.734,1.345,1.271
136,229,basic,253.699,204.724,0.0,0.0,1.15,
136,230,basic,106.45,73.589,214.021,143.65,1.042,1.211
136,233,basic,277.93,181.152,278.535,181.555,0.823,0.823
136,234,basic,76.166,61.134,0.0,0.0,1.169,
136,235,basic,86.622,55.316,141.775,90.041,1.265,1.322
136,236,basic,50.412,43.936,109.158,82.755,1.049,1.634
136,239,basic,284.605,170.249,0.0,0.0,1.687,
136,241,basic,383.65,144.63,821.82,295.795,1.907,2.209
136,242,basic,153.903,107.467,0.0,0.0,1.218,
136,243,basic,214.758,122.364,294.518,166.302,0.966,1.015
136,244,basic,36.529,33.7,37.061,34.218,1.108,1.124
136,245,basic,321.264,269.222,453.58,370.953,1.258,1.394
136,246,basic,229.153,125.915,388.872,210.853,1.199,1.274
136,247,basic,370.573,140.443,1035.906,355.393,1.605,2.254
136,248,basic,151.547,100.04,0.0,0.0,0.917,
136,249,basic,33.714,25.923,36.862,28.234,0.886,0.908
136,250,basic,85.757,64.665,141.836,108.831,0.951,0.861
136,251,basic,136.752,70.36,164.849,83.457,1.383,1.445
136,252,basic,239.247,167.822,239.21,168.281,1.44,1.427
136,255,basic,84.699,57.883,277.423,182.858,0.875,1.072
136,257,basic,123.304,104.651,416.517,337.545,1.053,1.304
136,259,basic,162.025,118.401,0.0,0.0,1.319,
136,261,basic,173.161,154.846,234.166,198.417,1.082,1.398
136,262,basic,183.638,140.907,333.08,249.942,1.069,1.181
136,264,basic,77.749,39.069,0.0,0.0,0.919,
136,266,basic,107.738,86.257,112.93,90.291,0.897,0.903
136,267,basic,120.184,103.918,134.807,116.228,1.009,1.023
136,268,basic,110.082,104.578,0.0,0.0,1.062,
136,269,basic,111.257,103.032,230.572,209.82,1.017,1.342
136,270,basic,153.519,105.067,517.692,358.854,1.478,1.466
136,272,basic,40.793,38.177,0.0,0.0,1.052,
136,275,basic,94.7,87.569,205.001,188.127,1.161,1.266
136,276,basic,148.627,78.322,316.598,164.107,1.134,1.315
136,277,basic,131.88,88.85,135.632,91.063,1.017,1.034
136,279,basic,103.355,50.434,140.981,68.277,0.991,1.031
136,281,basic,66.25,46.199,142.115,90.982,0.814,1.246
136,282,basic,72.84,55.436,83.968,62.011,0.891,1.04
136,286,basic,185.859,109.495,316.458,194.443,2.067,1.934
136,287,gifted,190.0,173.884,0.0,0.0,,
136,288,basic,197.666,163.912,197.388,165.157,1.425,1.389
136,289,basic,159.546,130.51,0.0,0.0,1.379,
136,291,basic,381.274,244.586,630.754,407.645,2.417,2.412
136,292,basic,565.629,332.185,771.665,455.373,1.497,1.447
136,930,basic,399.042,334.364,824.319,703.737,2.342,2.231
136,935,basic,437.703,293.32,0.0,0.0,1.877,
136,939,basic,218.703,110.796,0.0,0.0,1.724,
136,949,basic,382.017,300.164,0.0,0.0,1.581,
136,955,basic,47.34,44.973,0.0,0.0,2.84,
136,971,gifted,515.37,471.656,703.43,643.765,,
136,972,basic,264.274,184.833,0.0,0.0,1.894,
136,974,basic,86.316,77.01,92.481,81.723,1.175,1.246
136,977,basic,242.412,180.963,242.617,181.012,1.31,1.314
137,103,basic,274.897,251.679,274.923,251.702,1.657,1.657
137,104,basic,140.109,55.544,140.315,55.588,2.537,2.541
137,105,basic,421.688,205.837,421.704,205.809,2.286,2.287
137,105,gifted,175.593,161.559,175.593,161.559,,
137,106,basic,469.648,295.721,469.934,295.778,1.77,1.772
137,106,gifted,117.712,108.304,117.712,108.304,,
137,107,basic,502.172,257.6,500.368,256.868,2.504,2.5
137,109,basic,158.366,109.814,158.15,109.696,2.177,2.175
137,110,basic,399.191,211.521,399.486,211.651,2.118,2.119
137,113,basic,394.383,249.562,394.356,249.492,2.39,2.391
137,113,gifted,135.01,124.22,135.01,124.22,,
137,115,basic,144.118,87.106,144.107,87.1,1.727,1.727
137,117,basic,259.114,165.203,259.286,165.25,2.339,2.342
137,117,gifted,90.084,82.885,90.084,82.885,,
137,118,basic,268.215,144.758,268.422,144.822,2.141,2.143
137,130,basic,661.309,395.835,661.177,395.787,1.726,1.726
137,201,basic,80.022,51.613,78.745,50.97,1.11,1.09
137,202,basic,169.086,85.624,194.387,97.841,1.683,1.721
137,203,basic,265.825,181.312,264.685,180.81,1.327,1.318
137,204,basic,175.344,123.56,375.371,263.874,1.433,1.481
137,207,basic,0.0,0.0,119.251,85.702,,1.103
137,208,basic,206.106,169.228,0.0,0.0,1.298,
137,209,basic,139.045,44.197,231.346,72.653,0.781,0.85
137,210,basic,192.383,75.966,0.0,0.0,1.411,
137,211,basic,66.754,41.216,250.159,159.982,1.1,1.374
137,212,gifted,205.725,189.283,205.725,189.283,,
137,215,basic,119.005,66.653,118.926,66.77,0.942,0.932
137,218,basic,162.665,96.653,217.385,125.389,0.767,0.937
137,220,basic,88.289,72.21,0.0,0.0,1.44,
137,221,basic,160.446,103.961,251.628,165.015,1.027,1.007
137,222,basic,155.084,85.316,190.96,109.586,2.384,2.167
137,225,basic,80.085,38.783,78.984,38.274,1.214,1.21
137,226,basic,260.562,160.92,259.393,161.81,1.312,1.257
137,229,basic,254.174,207.926,0.0,0.0,1.14,
137,230,basic,111.806,74.041,219.463,141.918,1.051,1.206
137,233,basic,278.212,166.129,278.979,166.555,0.822,0.823
137,234,basic,74.105,60.939,0.0,0.0,1.136,
137,235,basic,87.556,52.324,144.604,86.494,1.333,1.361
137,236,basic,53.067,46.819,113.02,88.575,1.066,1.609
137,239,basic,273.705,159.257,0.0,0.0,1.645,
137,241,basic,384.476,121.316,824.504,255.362,1.936,2.279
137,242,basic,152.765,103.746,0.0,0.0,1.231,
137,243,basic,221.191,111.314,300.44,150.256,0.986,1.024
137,244,basic,35.382,33.093,35.919,33.574,1.099,1.129
137,245,basic,322.28,277.033,451.67,379.591,1.243,1.386
137,246,basic,249.136,122.76,408.736,199.825,1.228,1.28
137,247,basic,370.265,115.298,1034.646,306.949,1.598,2.265
137,248,basic,145.134,89.982,0.0,0.0,0.889,
137,249,basic,27.036,20.305,30.367,22.644,0.894,0.935
137,250,basic,84.281,61.826,139.945,104.335,0.975,0.881
137,251,basic,128.215,58.097,155.234,69.533,1.376,1.427
137,252,basic,245.493,168.667,245.485,168.948,1.453,1.444
137,255,basic,85.78,55.625,283.276,177.237,0.835,1.052
137,257,basic,119.719,102.268,413.186,339.326,1.073,1.315
137,259,basic,161.774,118.91,0.0,0.0,1.295,
137,261,basic,183.077,167.316,241.716,212.776,1.098,1.391
137,262,basic,189.332,143.06,342.803,254.232,1.082,1.188
137,264,basic,80.554,33.771,0.0,0.0,0.935,
137,266,basic,100.412,78.456,105.302,82.15,0.901,0.91
137,267,basic,119.895,105.425,135.516,118.886,1.036,1.049
137,268,basic,113.78,108.091,0.0,0.0,1.059,
137,269,basic,104.695,98.48,223.028,209.716,1.047,1.368
137,270,basic,150.14,102.718,510.993,354.011,1.474,1.453
137,272,basic,39.588,37.322,0.0,0.0,1.086,
137,275,basic,92.111,86.648,199.689,187.68,1.173,1.284
137,276,basic,156.045,71.272,324.436,151.83,1.136,1.329
137,277,basic,124.147,79.016,127.975,81.189,1.017,1.035
137,279,basic,108.121,44.471,146.501,59.769,0.994,1.043
137,281,basic,69.31,45.476,150.21,91.085,0.827,1.281
137,282,basic,77.667,57.681,89.297,64.671,0.909,1.051
137,286,basic,178.274,106.647,308.025,190.236,1.964,1.867
137,287,gifted,190.0,174.815,0.0,0.0,,
137,288,basic,185.88,161.491,185.831,162.136,1.41,1.392
137,289,basic,158.845,143.619,0.0,0.0,1.378,
137,291,basic,376.184,264.448,626.747,437.201,2.294,2.351
137,292,basic,560.141,322.099,766.085,436.103,1.502,1.455
137,930,basic,399.175,362.708,824.443,755.996,2.415,2.319
137,935,basic,438.387,308.502,0.0,0.0,1.936,
137,939,basic,220.958,105.357,0.0,0.0,1.727,
137,949,basic,378.168,323.038,0.0,0.0,1.59,
137,955,basic,47.099,44.744,0.0,0.0,2.756,
137,971,gifted,515.647,474.435,703.757,647.51,,
137,972,basic,262.653,195.153,0.0,0.0,1.946,
137,974,basic,84.861,77.987,91.153,83.351,1.174,1.251
137,977,basic,236.463,178.437,237.478,178.94,1.299,1.308
138,103,basic,267.713,240.497,267.74,240.522,1.643,1.643
138,104,basic,145.225,54.33,145.466,54.374,2.716,2.721
138,105,basic,438.313,210.663,438.289,210.614,2.27,2.271
138,105,gifted,178.375,164.227,178.375,164.227,,
138,106,basic,459.156,279.201,459.477,279.277,1.832,1.834
138,106,gifted,116.144,106.932,116.144,106.932,,
138,107,basic,520.443,260.297,518.739,259.633,2.491,2.487
138,109,basic,151.8,100.674,151.648,100.591,2.202,2.201
138,110,basic,403.989,207.848,404.273,207.968,2.111,2.112
138,113,basic,390.85,237.774,390.866,237.713,2.435,2.436
138,113,gifted,133.157,122.596,133.157,122.596,,
138,115,basic,143.468,85.234,143.463,85.232,1.731,1.731
138,117,basic,261.318,161.541,261.482,161.587,2.292,2.294
138,117,gifted,90.133,82.984,90.133,82.984,,
138,118,basic,258.36,136.681,258.581,136.754,2.12,2.122
138,130,basic,664.806,384.543,664.666,384.489,1.728,1.727
138,201,basic,76.625,50.974,76.021,50.6,1.069,1.066
138,202,basic,172.636,87.074,198.275,99.592,1.776,1.802
138,203,basic,269.018,184.476,267.865,184.019,1.39,1.381
138,204,basic,180.108,128.205,381.031,270.975,1.437,1.479
138,207,basic,0.0,0.0,122.677,89.22,,1.056
138,208,basic,206.297,169.993,0.0,0.0,1.259,
138,209,basic,147.152,48.579,242.875,79.2,0.776,0.842
138,210,basic,192.199,77.807,0.0,0.0,1.378,
138,211,basic,78.996,49.921,265.653,170.369,1.114,1.361
138,212,gifted,205.407,189.115,205.407,189.115,,
138,215,basic,120.1,67.262,119.759,67.334,0.967,0.952
138,218,basic,158.817,97.045,211.727,125.471,0.774,0.936
138,220,basic,88.639,74.376,0.0,0.0,1.318,
138,221,basic,160.87,106.621,252.252,167.937,0.945,0.96
138,222,basic,156.994,87.328,192.119,111.358,2.326,2.128
138,225,basic,79.239,39.265,77.981,38.675,1.219,1.215
138,226,basic,253.143,157.415,251.924,158.204,1.254,1.205
138,229,basic,254.901,211.007,0.0,0.0,1.149,
138,230,basic,102.031,70.041,206.631,137.379,1.002,1.191
138,233,basic,283.479,172.826,284.309,173.312,0.841,0.842
138,234,basic,76.387,62.769,0.0,0.0,1.208,
138,235,basic,85.551,50.851,141.169,84.23,1.379,1.393
138,236,basic,54.015,47.45,113.048,86.629,1.066,1.671
138,239,basic,273.438,160.113,0.0,0.0,1.694,
138,241,basic,386.252,124.387,826.065,259.673,1.931,2.239
138,242,basic,151.028,104.251,0.0,0.0,1.213,
138,243,basic,218.159,113.359,298.443,153.809,0.977,1.023
138,244,basic,36.953,34.465,37.49,34.96,1.133,1.156
138,245,basic,318.802,273.056,447.947,374.719,1.244,1.381
138,246,basic,241.553,122.46,401.137,201.517,1.203,1.26
138,247,basic,370.78,118.573,1035.431,309.386,1.594,2.26
138,248,basic,146.415,93.177,0.0,0.0,0.892,
138,249,basic,31.107,23.628,34.782,26.227,0.885,0.924
138,250,basic,87.135,65.904,142.404,109.543,0.951,0.859
138,251,basic,125.533,57.492,152.013,68.944,1.381,1.42
138,252,basic,242.957,168.228,242.882,168.84,1.468,1.449
138,255,basic,87.9,58.479,284.352,182.574,0.851,1.053
138,257,basic,121.535,104.784,416.408,345.064,1.078,1.315
138,259,basic,161.513,121.455,0.0,0.0,1.282,
138,261,basic,172.133,157.579,229.172,201.943,1.067,1.357
138,262,basic,186.596,143.115,336.507,253.205,1.078,1.178
138,264,basic,80.9,34.531,0.0,0.0,0.912,
138,266,basic,102.862,81.226,107.788,84.981,0.906,0.914
138,267,basic,115.164,101.094,129.757,113.595,1.039,1.054
138,268,basic,105.937,100.64,0.0,0.0,1.069,
138,269,basic,108.428,101.749,227.125,213.098,1.062,1.381
138,270,basic,159.079,108.899,519.215,364.963,1.562,1.478
138,272,basic,41.337,38.917,0.0,0.0,1.071,
138,275,basic,96.119,90.504,209.247,196.638,1.172,1.281
138,276,basic,154.639,71.896,322.16,151.968,1.137,1.311
138,277,basic,124.798,81.802,128.229,83.813,1.015,1.03
138,279,basic,106.903,45.238,146.461,61.656,1.007,1.037
138,281,basic,68.075,46.07,146.399,91.227,0.819,1.26
138,282,basic,77.661,59.466,89.209,66.474,0.899,1.041
138,286,basic,175.954,108.549,307.791,194.437,1.754,1.707
138,287,gifted,190.0,174.93,0.0,0.0,,
138,288,basic,186.765,164.8,186.924,165.598,1.342,1.327
138,289,basic,158.068,142.941,0.0,0.0,1.392,
138,291,basic,378.161,262.827,628.976,432.944,2.312,2.368
138,292,basic,562.026,324.431,769.158,441.595,1.499,1.451
138,930,basic,399.265,359.957,824.566,750.775,2.44,2.337
138,935,basic,437.558,309.947,0.0,0.0,1.883,
138,939,basic,220.061,103.618,0.0,0.0,1.772,
138,949,basic,381.452,323.861,0.0,0.0,1.624,
138,955,basic,48.11,45.705,0.0,0.0,2.784,
138,971,gifted,515.61,474.715,703.671,647.86,,
138,972,basic,266.529,196.065,0.0,0.0,1.957,
138,974,basic,86.955,79.69,92.873,84.797,1.225,1.29
138,977,basic,233.821,179.006,233.092,178.573,1.319,1.315
139,103,basic,266.627,240.142,266.654,240.167,1.639,1.639
139,104,basic,146.202,56.635,146.412,56.675,2.458,2.462
139,105,basic,443.682,206.51,443.658,206.462,2.321,2.322
139,105,gifted,176.324,162.189,176.324,162.189,,
139,106,basic,462.768,278.656,463.058,278.722,1.843,1.845
139,106,gifted,116.71,107.354,116.71,107.354,,
139,107,basic,519.818,254.996,518.09,254.348,2.504,2.499
139,109,basic,138.402,93.385,138.264,93.299,2.135,2.134
139,110,basic,391.449,204.013,391.862,204.194,2.083,2.084
139,113,basic,395.115,240.003,395.133,239.951,2.383,2.384
139,113,gifted,134.995,124.173,134.995,124.173,,
139,115,basic,147.845,86.477,147.837,86.474,1.729,1.729
139,117,basic,268.377,166.288,268.766,166.424,2.317,2.32
139,117,gifted,89.315,82.155,89.315,82.155,,
139,118,basic,280.041,144.179,280.281,144.249,2.195,2.197
139,130,basic,660.091,390.608,659.868,390.528,1.677,1.677
139,201,basic,79.771,52.929,80.199,52.996,1.062,1.081
139,202,basic,163.421,85.753,188.909,98.171,1.55,1.601
139,203,basic,247.283,173.245,246.099,172.596,1.271,1.266
139,204,basic,177.058,125.124,376.491,267.4,1.479,1.487
139,207,basic,0.0,0.0,134.334,100.172,,1.083
139,208,basic,202.487,168.676,0.0,0.0,1.258,
139,209,basic,142.8,47.239,234.045,76.465,0.78,0.844
139,210,basic,193.395,78.745,0.0,0.0,1.402,
139,211,basic,70.817,44.426,258.603,163.517,1.116,1.393
139,212,gifted,205.613,189.131,205.613,189.131,,
139,215,basic,124.198,72.703,123.874,72.935,0.901,0.88
139,218,basic,152.082,92.982,204.49,121.269,0.773,0.93
139,220,basic,90.526,73.864,0.0,0.0,1.439,
139,221,basic,169.363,114.894,261.001,178.603,0.985,0.984
139,222,basic,144.425,84.938,180.692,109.786,1.994,1.863
139,225,basic,80.073,40.075,79.136,39.622,1.156,1.154
139,226,basic,262.935,166.862,261.848,168.848,1.335,1.259
139,229,basic,251.861,210.098,0.0,0.0,1.138,
139,230,basic,116.524,79.337,224.953,148.318,0.999,1.183
139,233,basic,280.672,171.962,281.3,172.355,0.847,0.847
139,234,basic,76.903,63.714,0.0,0.0,1.181,
139,235,basic,87.194,54.317,143.549,88.885,1.259,1.317
139,236,basic,49.191,43.572,103.666,82.753,1.077,1.545
139,239,basic,259.662,150.694,0.0,0.0,1.708,
139,241,basic,386.17,123.696,824.546,257.452,1.935,2.226
139,242,basic,155.734,107.523,0.0,0.0,1.244,
139,243,basic,214.72,111.179,293.446,150.837,0.981,1.022
139,244,basic,34.247,31.822,34.869,32.425,1.164,1.184
139,245,basic,321.498,281.394,457.318,391.209,1.252,1.39
139,246,basic,231.111,118.132,389.863,195.981,1.148,1.239
139,247,basic,373.905,118.435,1039.284,306.422,1.622,2.271
139,248,basic,149.713,95.034,0.0,0.0,0.885,
139,249,basic,30.01,22.972,33.146,25.29,0.93,0.951
139,250,basic,86.443,64.778,139.301,106.261,0.963,0.869
139,251,basic,134.825,62.529,162.862,74.153,1.422,1.495
139,252,basic,252.649,175.61,252.647,175.956,1.504,1.494
139,255,basic,86.951,57.411,276.471,176.91,0.857,1.033
139,257,basic,124.554,108.521,419.501,351.602,1.085,1.318
139,259,basic,165.889,123.613,0.0,0.0,1.279,
139,261,basic,173.463,159.073,234.396,206.173,1.082,1.408
139,262,basic,183.373,141.813,332.304,252.083,1.082,1.181
139,264,basic,83.363,36.461,0.0,0.0,0.951,
139,266,basic,107.208,86.667,112.341,90.684,0.899,0.905
139,267,basic,110.219,99.559,124.55,112.17,1.015,1.033
139,268,basic,106.637,101.306,0.0,0.0,1.066,
139,269,basic,107.394,100.868,226.23,212.638,1.079,1.392
139,270,basic,148.762,103.666,511.027,358.327,1.424,1.436
139,272,basic,41.882,39.447,0.0,0.0,1.064,
139,275,basic,94.871,89.205,204.619,192.542,1.184,1.279
139,276,basic,149.921,71.431,318.656,152.272,1.101,1.31
139,277,basic,125.47,81.554,129.041,83.615,1.014,1.03
139,279,basic,111.128,47.123,150.988,63.601,0.999,1.035
139,281,basic,65.509,44.172,136.333,84.829,0.803,1.218
139,282,basic,76.529,58.503,87.456,65.026,0.852,0.992
139,286,basic,179.938,108.252,309.588,193.649,2.007,1.886
139,287,gifted,190.0,174.769,0.0,0.0,,
139,288,basic,189.196,161.35,188.852,162.684,1.503,1.462
139,289,basic,156.872,138.118,0.0,0.0,1.411,
139,291,basic,375.424,257.325,623.319,428.393,2.372,2.383
139,292,basic,564.705,323.687,770.781,440.283,1.5,1.451
139,930,basic,398.992,359.921,824.323,751.049,2.381,2.285
139,935,basic,438.145,306.438,0.0,0.0,1.886,
139,939,basic,221.223,106.297,0.0,0.0,1.709,
139,949,basic,387.365,324.791,0.0,0.0,1.613,
139,955,basic,46.703,44.367,0.0,0.0,2.859,
139,971,gifted,517.188,475.729,705.42,648.871,,
139,972,basic,264.724,197.038,0.0,0.0,1.864,
139,974,basic,86.966,79.395,93.115,84.612,1.201,1.274
139,977,basic,236.532,179.983,236.329,179.771,1.311,1.313
140,103,basic,268.374,234.78,268.362,234.774,1.621,1.621
140,104,basic,127.49,54.116,127.789,54.173,2.485,2.492
140,105,basic,472.935,236.35,472.861,236.279,2.31,2.311
140,105,gifted,186.712,170.778,186.712,170.778,,
140,106,basic,452.976,280.289,453.271,280.377,1.791,1.793
140,106,gifted,115.988,106.09,115.988,106.09,,
140,107,basic,508.211,261.426,506.415,260.66,2.575,2.571
140,109,basic,148.425,99.686,148.316,99.602,2.14,2.14
140,110,basic,392.247,211.269,392.771,211.514,2.129,2.13
140,113,basic,390.54,243.643,390.563,243.581,2.342,2.344
140,113,gifted,134.1,122.656,134.1,122.656,,
140,115,basic,153.994,91.996,153.986,91.992,1.749,1.748
140,117,basic,264.444,165.802,264.885,165.991,2.307,2.31
140,117,gifted,89.923,82.249,89.923,82.249,,
140,118,basic,264.7,144.571,264.847,144.619,2.119,2.12
140,130,basic,665.383,396.676,665.144,396.587,1.716,1.715
140,201,basic,80.36,52.539,79.725,52.183,1.091,1.084
140,202,basic,170.799,91.144,195.776,103.851,1.659,1.7
140,203,basic,259.973,176.933,258.852,176.351,1.33,1.324
140,204,basic,183.64,128.5,384.934,268.388,1.411,1.465
140,207,basic,0.0,0.0,123.467,88.557,,1.075
140,208,basic,204.867,162.58,0.0,0.0,1.28,
140,209,basic,148.844,54.694,247.708,89.953,0.763,0.841
140,210,basic,192.841,83.689,0.0,0.0,1.448,
140,211,basic,73.738,46.22,256.936,163.763,1.115,1.361
140,212,gifted,205.792,188.229,205.792,188.229,,
140,215,basic,122.414,71.23,122.237,71.29,0.923,0.912
140,218,basic,161.716,98.919,212.088,126.778,0.763,0.915
140,220,basic,86.258,69.09,0.0,0.0,1.369,
140,221,basic,166.064,109.749,257.227,171.157,0.997,0.993
140,222,basic,148.717,87.355,184.208,111.221,2.108,1.961
140,225,basic,80.148,41.095,79.052,40.548,1.24,1.238
140,226,basic,256.439,161.46,255.605,162.075,1.314,1.27
140,229,basic,244.155,193.222,0.0,0.0,1.14,
140,230,basic,111.415,74.458,217.438,141.894,1.026,1.2
140,233,basic,277.99,169.613,279.235,170.326,0.858,0.86
140,234,basic,73.64,58.065,0.0,0.0,1.175,
140,235,basic,82.366,50.89,137.552,84.661,1.269,1.321
140,236,basic,51.835,44.816,108.179,85.405,1.068,1.507
140,239,basic,275.732,161.747,0.0,0.0,1.746,
140,241,basic,384.027,139.618,824.004,292.025,1.88,2.231
140,242,basic,153.363,104.245,0.0,0.0,1.209,
140,243,basic,217.083,115.546,296.059,156.668,0.998,1.038
140,244,basic,34.681,32.303,35.274,32.83,1.139,1.17
140,245,basic,321.99,266.51,456.264,370.404,1.234,1.368
140,246,basic,227.234,119.286,383.253,198.822,1.187,1.272
140,247,basic,362.798,130.146,1028.758,348.254,1.584,2.275
140,248,basic,145.203,91.591,0.0,0.0,0.886,
140,249,basic,29.476,21.678,32.852,24.038,0.908,0.943
140,250,basic,89.796,65.145,145.912,107.453,0.964,0.864
140,251,basic,135.025,65.3,162.662,77.882,1.452,1.501
140,252,basic,233.368,159.691,233.538,160.051,1.483,1.474
140,255,basic,88.31,57.728,282.822,179.809,0.85,1.044
140,257,basic,120.089,98.882,412.465,327.881,1.075,1.321
140,259,basic,165.813,118.521,0.0,0.0,1.373,
140,261,basic,178.827,159.156,238.476,203.522,1.121,1.425
140,262,basic,192.169,142.529,344.352,250.751,1.084,1.204
140,264,basic,80.939,37.235,0.0,0.0,0.932,
140,266,basic,105.185,80.442,110.11,84.104,0.911,0.918
140,267,basic,120.407,100.921,135.462,113.276,1.032,1.048
140,268,basic,112.0,106.4,0.0,0.0,1.079,
140,269,basic,106.139,99.197,226.097,208.128,1.004,1.354
140,270,basic,162.801,110.109,534.162,365.815,1.523,1.486
140,272,basic,42.732,40.158,0.0,0.0,1.096,
140,275,basic,95.129,88.883,205.689,190.994,1.137,1.244
140,276,basic,150.709,74.107,318.385,158.535,1.148,1.327
140,277,basic,126.997,82.133,131.253,84.64,1.003,1.021
140,279,basic,106.275,48.034,143.676,64.523,0.993,1.037
140,281,basic,70.625,46.765,149.653,92.792,0.82,1.256
140,282,basic,73.668,54.287,84.015,60.635,0.865,1.0
140,286,basic,174.744,104.191,304.658,188.574,2.076,1.92
140,287,gifted,190.0,173.785,0.0,0.0,,
140,288,basic,179.319,151.557,179.837,152.517,1.412,1.395
140,289,basic,159.52,136.902,0.0,0.0,1.361,
140,291,basic,375.227,258.116,626.401,427.751,2.336,2.394
140,292,basic,564.003,328.558,768.942,446.146,1.533,1.479
140,930,basic,398.622,354.675,824.024,741.132,2.369,2.275
140,935,basic,438.48,304.91,0.0,0.0,1.891,
140,939,basic,219.172,109.344,0.0,0.0,1.773,
140,949,basic,381.932,314.191,0.0,0.0,1.573,
140,955,basic,45.09,42.836,0.0,0.0,2.81,
140,971,gifted,515.726,471.713,703.989,643.91,,
140,972,basic,262.693,190.518,0.0,0.0,1.914,
140,974,basic,85.858,77.126,90.977,81.208,1.219,1.278
140,977,basic,230.453,170.42,232.743,171.73,1.286,1.301
141,103,basic,275.471,230.034,275.48,230.04,1.618,1.618
141,104,basic,135.111,57.647,135.368,57.701,2.523,2.528
141,105,basic,428.572,212.995,428.551,212.947,2.273,2.274
141,105,gifted,177.207,163.302,177.207,163.302,,
141,106,basic,456.449,279.488,456.755,279.567,1.782,1.784
141,106,gifted,115.405,106.35,115.405,106.35,,
141,107,basic,508.07,258.196,506.277,257.462,2.526,2.521
141,109,basic,146.301,95.275,146.143,95.181,2.151,2.15
141,110,basic,404.682,222.863,405.092,223.054,2.104,2.105
141,113,basic,391.347,234.558,391.352,234.505,2.359,2.36
141,113,gifted,134.111,123.589,134.111,123.589,,
141,115,basic,151.078,89.112,151.071,89.109,1.734,1.734
141,117,basic,258.098,158.699,258.428,158.829,2.333,2.336
141,117,gifted,89.694,82.656,89.694,82.656,,
141,118,basic,266.316,144.149,266.515,144.212,2.113,2.115
141,130,basic,663.959,402.748,663.77,402.675,1.72,1.719
141,201,basic,80.801,53.575,80.224,53.218,1.056,1.053
141,202,basic,165.485,90.16,190.91,103.363,1.65,1.691
141,203,basic,262.026,177.041,260.915,176.464,1.354,1.349
141,204,basic,173.059,120.163,372.113,257.045,1.394,1.457
141,207,basic,0.0,0.0,133.682,99.061,,1.086
141,208,basic,205.655,162.18,0.0,0.0,1.237,
141,209,basic,154.993,64.322,250.071,102.567,0.781,0.851
141,210,basic,192.825,91.847,0.0,0.0,1.384,
141,211,basic,80.378,51.071,263.699,166.735,1.11,1.351
141,212,gifted,205.721,189.579,205.721,189.579,,
141,215,basic,118.246,73.871,118.018,73.882,0.915,0.906
141,218,basic,165.034,104.698,216.36,133.831,0.769,0.92
141,220,basic,93.474,72.901,0.0,0.0,1.405,
141,221,basic,160.801,112.244,249.71,176.122,0.979,0.962
141,222,basic,145.896,85.658,181.972,109.728,2.007,1.882
141,225,basic,88.119,47.354,87.076,46.805,1.231,1.23
141,226,basic,260.497,172.586,259.613,173.293,1.327,1.284
141,229,basic,247.421,193.283,0.0,0.0,1.141,
141,230,basic,97.761,64.941,205.419,133.447,1.074,1.228
141,233,basic,277.241,177.164,277.92,177.574,0.822,0.823
141,234,basic,76.709,59.119,0.0,0.0,1.207,
141,235,basic,82.87,53.784,136.686,88.094,1.204,1.271
141,236,basic,53.123,46.205,109.964,87.27,1.042,1.451
141,239,basic,275.584,163.279,0.0,0.0,1.698,
141,241,basic,384.542,150.43,824.837,311.413,1.916,2.24
141,242,basic,158.017,108.077,0.0,0.0,1.23,
141,243,basic,216.86,121.725,295.546,164.686,0.975,1.021
141,244,basic,37.244,34.402,37.804,34.882,1.112,1.137
141,245,basic,317.829,264.073,446.715,364.474,1.237,1.353
141,246,basic,237.708,129.507,398.555,215.165,1.217,1.28
141,247,basic,366.265,143.427,1030.292,374.183,1.611,2.268
141,248,basic,145.239,93.51,0.0,0.0,0.896,
141,249,basic,31.344,23.611,34.781,26.031,0.879,0.918
141,250,basic,92.082,66.265,147.424,107.961,0.975,0.869
141,251,basic,132.802,69.881,160.341,83.453,1.396,1.446
141,252,basic,236.821,163.875,236.762,164.214,1.451,1.438
141,255,basic,87.774,58.331,283.78,182.293,0.844,1.059
141,257,basic,126.84,103.757,422.154,332.556,1.08,1.318
141,259,basic,163.913,116.251,0.0,0.0,1.287,
141,261,basic,165.501,146.106,223.78,188.095,1.062,1.367
141,262,basic,188.592,140.841,338.101,247.801,1.065,1.177
141,264,basic,79.606,40.954,0.0,0.0,0.946,
141,266,basic,107.355,84.276,112.622,88.278,0.875,0.883
141,267,basic,113.984,96.103,128.58,108.156,1.026,1.04
141,268,basic,108.401,102.981,0.0,0.0,1.058,
141,269,basic,109.301,100.53,229.472,205.943,1.042,1.361
141,270,basic,157.166,104.962,522.114,351.479,1.462,1.46
141,272,basic,43.278,40.474,0.0,0.0,1.028,
141,275,basic,90.945,83.793,198.377,181.141,1.16,1.267
141,276,basic,155.078,82.738,324.394,172.561,1.143,1.319
141,277,basic,125.311,81.648,128.873,83.746,1.02,1.035
141,279,basic,109.002,53.246,149.069,72.385,1.007,1.045
141,281,basic,69.134,46.34,150.302,93.527,0.825,1.273
141,282,basic,70.887,51.555,80.69,57.309,0.882,1.021
141,286,basic,179.213,112.643,310.204,200.778,1.898,1.808
141,287,gifted,190.0,175.092,0.0,0.0,,
141,288,basic,191.257,157.997,191.359,158.587,1.366,1.351
141,289,basic,156.022,124.396,0.0,0.0,1.367,
141,291,basic,371.513,250.187,621.591,414.54,2.274,2.355
141,292,basic,563.378,333.014,770.813,455.67,1.499,1.451
141,930,basic,398.999,333.002,824.4,698.783,2.292,2.203
141,935,basic,438.299,292.92,0.0,0.0,1.888,
141,939,basic,220.378,115.407,0.0,0.0,1.734,
141,949,basic,381.891,293.673,0.0,0.0,1.58,
141,955,basic,46.446,44.124,0.0,0.0,2.823,
141,971,gifted,515.371,474.933,703.377,648.187,,
141,972,basic,262.925,184.419,0.0,0.0,1.865,
141,974,basic,86.803,74.083,91.292,77.414,1.247,1.293
141,977,basic,230.778,165.755,230.699,165.701,1.33,1.33
142,103,basic,274.677,244.527,274.67,244.52,1.64,1.64
142,104,basic,137.045,56.931,137.278,56.97,2.485,2.489
142,105,basic,451.919,224.733,451.887,224.672,2.279,2.28
142,105,gifted,180.909,165.647,180.909,165.647,,
142,106,basic,471.708,302.431,471.944,302.471,1.76,1.762
142,106,gifted,118.226,108.252,118.226,108.252,,
142,107,basic,487.052,249.204,485.29,248.512,2.486,2.482
142,109,basic,155.316,105.15,155.18,105.062,2.166,2.165
142,110,basic,380.173,211.214,380.536,211.379,2.064,2.065
142,113,basic,395.672,244.613,395.703,244.533,2.389,2.39
142,113,gifted,136.372,124.867,136.372,124.867,,
142,115,basic,150.493,92.697,150.485,92.693,1.731,1.731
142,117,basic,262.894,165.633,263.2,165.732,2.33,2.333
142,117,gifted,89.468,81.92,89.468,81.92,,
142,118,basic,267.897,146.826,268.086,146.879,2.126,2.127
142,130,basic,654.392,408.422,654.168,408.338,1.678,1.677
142,201,basic,81.773,54.496,82.007,54.473,0.989,1.002
142,202,basic,175.738,88.035,201.263,99.945,1.73,1.773
142,203,basic,250.71,169.446,249.361,168.879,1.304,1.295
142,204,basic,177.14,121.472,377.492,258.019,1.406,1.46
142,207,basic,0.0,0.0,131.002,94.959,,1.094
142,208,basic,201.011,164.618,0.0,0.0,1.249,
142,209,basic,154.387,56.925,248.898,90.456,0.77,0.835
142,210,basic,192.618,82.871,0.0,0.0,1.367,
142,211,basic,71.689,44.801,255.379,164.715,1.112,1.371
142,212,gifted,205.548,188.208,205.548,188.208,,
142,215,basic,121.012,70.843,120.479,71.092,0.941,0.915
142,218,basic,155.999,97.313,207.381,125.151,0.766,0.916
142,220,basic,91.337,70.715,0.0,0.0,1.449,
142,221,basic,161.801,109.146,250.904,170.986,0.972,0.971
142,222,basic,157.001,82.076,190.248,104.177,2.316,2.118
142,225,basic,92.666,46.791,91.582,46.276,1.225,1.222
142,226,basic,263.926,164.683,262.711,166.499,1.341,1.275
142,229,basic,251.421,200.628,0.0,0.0,1.133,
142,230,basic,105.821,71.061,212.876,138.045,1.009,1.189
142,233,basic,282.166,175.443,282.59,175.757,0.842,0.841
142,234,basic,77.334,60.913,0.0,0.0,1.18,
142,235,basic,84.285,52.462,140.929,86.873,1.196,1.271
142,236,basic,50.509,44.022,109.805,84.782,1.024,1.507
142,239,basic,287.134,160.773,0.0,0.0,1.759,
142,241,basic,385.748,131.447,824.863,275.488,1.877,2.177
142,242,basic,156.455,104.965,0.0,0.0,1.249,
142,243,basic,215.115,115.365,293.991,156.245,0.972,1.016
142,244,basic,35.214,32.388,35.767,32.91,1.141,1.163
142,245,basic,320.227,267.384,452.505,368.348,1.232,1.364
142,246,basic,234.178,122.062,391.089,200.522,1.152,1.232
142,247,basic,370.922,126.702,1036.92,330.197,1.585,2.257
142,248,basic,143.912,91.797,0.0,0.0,0.878,
142,249,basic,30.11,22.593,33.299,24.86,0.894,0.92
142,250,basic,86.855,63.783,140.657,105.44,0.956,0.861
142,251,basic,138.832,66.265,166.874,78.121,1.417,1.488
142,252,basic,246.735,167.902,246.649,168.324,1.445,1.433
142,255,basic,88.374,58.549,280.533,178.633,0.843,1.037
142,257,basic,124.515,104.966,418.452,334.889,1.053,1.309
142,259,basic,158.833,112.958,0.0,0.0,1.312,
142,261,basic,172.666,154.782,232.859,197.16,1.043,1.353
142,262,basic,189.192,142.259,341.498,251.058,1.064,1.166
142,264,basic,81.446,38.068,0.0,0.0,0.919,
142,266,basic,104.825,82.832,110.045,86.805,0.89,0.897
142,267,basic,119.707,102.696,134.787,115.289,1.017,1.031
142,268,basic,107.625,102.244,0.0,0.0,1.061,
142,269,basic,104.007,95.828,221.622,200.718,1.068,1.375
142,270,basic,170.008,110.724,541.865,360.286,1.543,1.5
142,272,basic,42.901,40.214,0.0,0.0,1.021,
142,275,basic,91.119,84.151,199.96,183.369,1.178,1.274
142,276,basic,147.758,72.85,318.264,160.317,1.136,1.326
142,277,basic,131.292,85.098,134.768,87.074,1.016,1.03
142,279,basic,107.804,48.566,146.939,65.718,0.997,1.032
142,281,basic,62.852,42.281,137.617,84.202,0.813,1.246
142,282,basic,74.597,55.851,85.424,61.974,0.853,0.992
142,286,basic,181.95,104.917,311.911,187.061,1.977,1.867
142,287,gifted,190.0,173.971,0.0,0.0,,
142,288,basic,185.375,151.49,184.99,152.608,1.439,1.405
142,289,basic,156.286,136.416,0.0,0.0,1.387,
142,291,basic,380.333,247.706,627.733,409.073,2.43,2.428
142,292,basic,565.33,333.692,772.175,451.167,1.466,1.426
142,930,basic,399.414,339.883,825.059,716.867,2.348,2.238
142,935,basic,437.661,301.347,0.0,0.0,1.837,
142,939,basic,223.594,109.564,0.0,0.0,1.74,
142,949,basic,381.636,311.042,0.0,0.0,1.582,
142,955,basic,45.808,43.518,0.0,0.0,2.84,
142,971,gifted,516.18,472.634,704.226,644.816,,
142,972,basic,260.412,188.418,0.0,0.0,1.867,
142,974,basic,87.885,77.848,93.427,81.999,1.188,1.251
142,977,basic,239.133,173.177,237.984,172.531,1.332,1.327
143,103,basic,270.914,232.208,270.916,232.208,1.619,1.619
143,104,basic,133.771,52.427,134.036,52.473,2.601,2.607
143,105,basic,457.283,219.44,457.24,219.385,2.361,2.362
143,105,gifted,178.934,164.802,178.934,164.802,,
143,106,basic,446.783,266.336,447.06,266.416,1.794,1.796
143,106,gifted,114.826,105.757,114.826,105.757,,
143,107,basic,493.034,248.345,491.326,247.659,2.471,2.466
143,109,basic,154.79,98.85,154.7,98.782,2.156,2.157
143,110,basic,386.583,192.26,387.044,192.455,2.112,2.113
143,113,basic,385.543,231.005,385.597,230.952,2.387,2.388
143,113,gifted,133.071,122.56,133.071,122.56,,
143,115,basic,148.015,87.187,148.008,87.184,1.735,1.735
143,117,basic,258.621,151.244,259.016,151.382,2.326,2.33
143,117,gifted,89.284,82.232,89.284,82.232,,
143,118,basic,280.325,146.839,280.535,146.902,2.15,2.151
143,130,basic,658.179,364.083,657.938,363.997,1.737,1.737
143,201,basic,76.88,53.679,77.526,53.877,0.972,0.996
143,202,basic,171.3,93.131,196.402,106.21,1.662,1.695
143,203,basic,263.264,186.517,262.074,185.897,1.332,1.325
143,204,basic,182.615,131.404,383.563,276.852,1.476,1.492
143,207,basic,0.0,0.0,121.879,85.707,,1.085
143,208,basic,201.604,160.507,0.0,0.0,1.255,
143,209,basic,145.68,52.883,239.702,85.903,0.778,0.853
143,210,basic,192.929,82.086,0.0,0.0,1.408,
143,211,basic,72.071,47.463,259.247,169.908,1.106,1.369
143,212,gifted,205.831,189.574,205.831,189.574,,
143,215,basic,118.61,67.367,118.131,67.518,0.935,0.91
143,218,basic,157.554,99.921,210.132,129.689,0.772,0.928
143,220,basic,88.437,71.929,0.0,0.0,1.424,
143,221,basic,165.987,105.725,255.044,164.618,1.024,0.997
143,222,basic,149.338,89.101,184.546,113.346,2.143,2.003
143,225,basic,93.214,48.732,92.221,48.228,1.241,1.239
143,226,basic,260.219,156.891,259.242,157.586,1.311,1.265
143,229,basic,251.175,206.772,0.0,0.0,1.158,
143,230,basic,110.36,78.267,219.292,151.347,1.018,1.193
143,233,basic,284.416,178.355,285.311,178.866,0.849,0.851
143,234,basic,75.978,62.808,0.0,0.0,1.178,
143,235,basic,88.797,54.349,144.526,88.192,1.271,1.317
143,236,basic,49.515,42.655,103.876,81.721,1.063,1.452
143,239,basic,264.548,160.929,0.0,0.0,1.707,
143,241,basic,384.388,136.139,824.475,282.126,1.926,2.237
143,242,basic,150.003,104.879,0.0,0.0,1.22,
143,243,basic,216.939,118.785,295.685,160.847,0.986,1.026
143,244,basic,37.4,34.952,37.882,35.379,1.099,1.13
143,245,basic,318.608,262.543,446.319,359.397,1.241,1.381
143,246,basic,228.623,123.903,388.013,207.434,1.15,1.234
143,247,basic,370.366,130.243,1037.713,336.495,1.608,2.286
143,248,basic,140.621,93.329,0.0,0.0,0.878,
143,249,basic,30.077,22.728,33.547,25.197,0.88,0.915
143,250,basic,85.713,66.131,140.958,110.567,0.973,0.877
143,251,basic,139.875,65.509,168.424,77.84,1.42,1.477
143,252,basic,242.851,167.785,242.845,168.137,1.477,1.465
143,255,basic,86.744,59.948,285.946,191.076,0.843,1.05
143,257,basic,123.201,103.846,421.878,342.231,1.099,1.335
143,259,basic,159.891,123.851,0.0,0.0,1.252,
143,261,basic,173.005,156.988,232.718,202.247,1.078,1.388
143,262,basic,189.268,145.375,344.912,259.429,1.067,1.186
143,264,basic,82.079,35.818,0.0,0.0,0.952,
143,266,basic,104.916,80.863,110.185,84.802,0.924,0.932
143,267,basic,118.133,100.429,133.047,112.795,1.026,1.042
143,268,basic,113.478,107.804,0.0,0.0,1.066,
143,269,basic,109.152,101.989,229.12,212.88,1.07,1.378
143,270,basic,158.631,114.082,529.419,385.843,1.49,1.463
143,272,basic,40.302,38.003,0.0,0.0,1.05,
143,275,basic,94.253,87.973,203.76,189.534,1.18,1.276
143,276,basic,143.556,68.867,311.783,149.248,1.161,1.344
143,277,basic,127.5,86.859,130.948,88.965,1.016,1.031
143,279,basic,104.915,47.654,141.192,63.75,1.004,1.041
143,281,basic,68.35,48.176,141.389,92.658,0.801,1.219
143,282,basic,76.518,60.625,87.324,67.515,0.867,1.004
143,286,basic,175.961,102.412,305.709,183.17,1.966,1.878
143,287,gifted,190.0,174.993,0.0,0.0,,
143,288,basic,191.987,164.186,192.123,164.953,1.453,1.436
143,289,basic,157.619,139.693,0.0,0.0,1.406,
143,291,basic,376.229,251.599,628.475,418.527,2.326,2.376
143,292,basic,564.34,331.195,769.735,451.849,1.507,1.457
143,930,basic,398.754,362.273,824.224,754.977,2.37,2.278
143,935,basic,438.477,309.52,0.0,0.0,1.891,
143,939,basic,217.724,105.664,0.0,0.0,1.72,
143,949,basic,380.186,323.221,0.0,0.0,1.613,
143,955,basic,44.829,42.587,0.0,0.0,2.822,
143,971,gifted,516.366,475.582,704.498,648.855,,
143,972,basic,261.478,192.776,0.0,0.0,1.885,
143,974,basic,85.817,79.027,91.306,83.863,1.204,1.268
143,977,basic,238.914,186.576,237.736,185.811,1.322,1.317
144,103,basic,272.634,243.531,272.626,243.528,1.588,1.588
144,104,basic,156.643,57.729,156.975,57.767,2.415,2.421
144,105,basic,463.7,203.573,463.682,203.518,2.275,2.276
144,105,gifted,179.887,165.482,179.887,165.482,,
144,106,basic,451.459,277.186,451.787,277.235,1.714,1.716
144,106,gifted,115.269,106.038,115.269,106.038,,
144,107,basic,511.088,232.669,509.304,232.1,2.461,2.457
144,109,basic,143.433,95.177,143.32,95.091,2.056,2.056
144,110,basic,391.425,197.1,391.976,197.314,2.056,2.057
144,113,basic,389.686,229.472,389.696,229.413,2.307,2.308
144,113,gifted,133.629,122.928,133.629,122.928,,
144,115,basic,148.778,86.535,148.769,86.53,1.709,1.709
144,117,basic,250.718,148.812,251.224,148.962,2.267,2.271
144,117,gifted,88.716,81.612,88.716,81.612,,
144,118,basic,277.838,138.021,278.064,138.065,2.116,2.118
144,130,basic,663.676,391.815,663.416,391.755,1.647,1.646
144,201,basic,83.077,56.875,82.073,56.384,1.013,1.002
144,202,basic,166.398,84.743,191.486,96.315,1.492,1.536
144,203,basic,252.151,178.454,250.924,177.955,1.254,1.247
144,204,basic,180.717,127.173,382.001,269.603,1.413,1.448
144,207,basic,0.0,0.0,123.204,97.212,,0.987
144,208,basic,201.694,172.995,0.0,0.0,1.212,
144,209,basic,154.607,52.75,249.999,83.414,0.754,0.826
144,210,basic,193.315,77.482,0.0,0.0,1.353,
144,211,basic,75.537,48.71,263.721,170.201,1.085,1.334
144,212,gifted,205.678,189.207,205.678,189.207,,
144,215,basic,116.88,71.354,116.774,71.478,0.866,0.859
144,218,basic,157.189,101.98,207.998,128.968,0.749,0.893
144,220,basic,89.783,73.215,0.0,0.0,1.29,
144,221,basic,162.709,118.318,251.669,183.212,0.88,0.907
144,222,basic,148.863,84.34,183.302,107.729,1.928,1.811
144,225,basic,79.894,39.89,78.744,39.35,1.156,1.154
144,226,basic,252.894,168.021,251.771,169.556,1.16,1.118
144,229,basic,249.318,214.761,0.0,0.0,1.112,
144,230,basic,117.935,81.54,227.156,150.969,1.043,1.198
144,233,basic,283.626,182.278,284.48,182.759,0.831,0.832
144,234,basic,73.969,62.418,0.0,0.0,1.112,
144,235,basic,94.59,60.411,150.697,94.72,1.159,1.238
144,236,basic,54.35,47.568,111.215,87.907,1.028,1.476
144,239,basic,263.274,148.287,0.0,0.0,1.646,
144,241,basic,384.12,117.296,824.792,239.407,1.768,2.09
144,242,basic,157.58,110.725,0.0,0.0,1.205,
144,243,basic,212.785,113.803,291.941,154.033,0.956,1.004
144,244,basic,34.123,31.573,34.733,32.087,1.088,1.124
144,245,basic,319.366,278.144,449.3,379.498,1.229,1.36
144,246,basic,222.66,112.664,380.907,189.669,1.169,1.231
144,247,basic,365.786,112.606,1031.461,280.512,1.49,2.152
144,248,basic,145.549,96.257,0.0,0.0,0.878,
144,249,basic,26.407,21.424,29.767,23.883,0.863,0.901
144,250,basic,89.87,70.553,143.35,115.723,0.948,0.856
144,251,basic,130.648,60.948,157.584,72.506,1.304,1.351
144,252,basic,239.962,171.054,240.016,171.481,1.368,1.361
144,255,basic,86.876,60.763,284.047,186.361,0.812,1.034
144,257,basic,119.244,105.781,414.997,350.132,1.075,1.319
144,259,basic,158.89,119.648,0.0,0.0,1.254,
144,261,basic,175.021,158.713,234.597,201.25,1.07,1.37
144,262,basic,187.077,149.501,339.291,263.364,1.058,1.155
144,264,basic,81.319,36.619,0.0,0.0,0.908,
144,266,basic,105.569,89.688,110.757,93.872,0.887,0.895
144,267,basic,114.252,105.193,128.831,118.25,1.013,1.028
144,268,basic,108.615,103.184,0.0,0.0,1.062,
144,269,basic,109.348,102.077,230.012,213.426,1.042,1.384
144,270,basic,169.105,116.903,533.558,372.885,1.391,1.407
144,272,basic,41.297,38.716,0.0,0.0,1.016,
144,275,basic,91.114,85.135,198.072,184.369,1.151,1.265
144,276,basic,154.17,74.305,322.733,155.015,1.094,1.293
144,277,basic,128.91,86.791,132.827,88.972,1.004,1.02
144,279,basic,106.355,46.075,143.657,61.557,0.97,1.007
144,281,basic,69.594,49.424,147.327,92.431,0.801,1.199
144,282,basic,76.833,61.395,87.894,67.501,0.87,0.994
144,286,basic,173.974,111.09,303.228,196.414,1.584,1.585
144,287,gifted,190.0,174.785,0.0,0.0,,
144,288,basic,188.756,163.916,188.928,164.82,1.331,1.318
144,289,basic,153.481,135.826,0.0,0.0,1.366,
144,291,basic,372.015,259.568,621.444,422.359,2.084,2.173
144,292,basic,567.119,326.195,772.956,442.962,1.452,1.409
144,930,basic,399.096,342.428,824.453,718.959,2.33,2.236
144,935,basic,438.087,302.659,0.0,0.0,1.76,
144,939,basic,222.335,104.65,0.0,0.0,1.61,
144,949,basic,383.495,320.46,0.0,0.0,1.506,
144,955,basic,47.358,44.991,0.0,0.0,2.777,
144,971,gifted,516.836,475.448,705.1,648.636,,
144,972,basic,263.691,191.224,0.0,0.0,1.826,
144,974,basic,85.256,76.89,90.876,81.466,1.162,1.226
144,977,basic,240.941,186.46,241.52,186.544,1.264,1.271
145,103,basic,273.41,253.278,273.435,253.296,1.665,1.666
145,104,basic,144.412,58.164,144.613,58.21,2.467,2.47
145,105,basic,428.038,210.787,428.062,210.765,2.262,2.263
145,105,gifted,176.286,162.062,176.286,162.062,,
145,106,basic,455.758,289.608,456.07,289.683,1.765,1.768
145,106,gifted,116.985,107.546,116.985,107.546,,
145,107,basic,504.664,261.619,502.881,260.876,2.51,2.505
145,109,basic,152.441,107.603,152.223,107.485,2.177,2.175
145,110,basic,386.55,205.729,386.735,205.808,2.125,2.125
145,113,basic,394.792,255.046,394.746,254.973,2.353,2.354
145,113,gifted,136.137,125.152,136.137,125.152,,
145,115,basic,145.099,88.305,145.09,88.3,1.723,1.723
145,117,basic,265.372,171.576,265.428,171.576,2.356,2.357
145,117,gifted,90.385,83.092,90.385,83.092,,
145,118,basic,265.961,145.913,266.179,145.984,2.084,2.086
145,130,basic,662.064,399.556,661.961,399.518,1.719,1.719
145,201,basic,75.335,48.797,75.603,48.797,1.023,1.042
145,202,basic,173.009,85.533,198.151,97.506,1.759,1.791
145,203,basic,259.618,175.294,258.364,174.821,1.343,1.331
145,204,basic,180.192,126.178,379.429,265.681,1.454,1.487
145,207,basic,0.0,0.0,132.361,94.712,,1.096
145,208,basic,205.998,169.938,0.0,0.0,1.277,
145,209,basic,157.983,48.322,252.62,76.45,0.782,0.846
145,210,basic,193.185,74.635,0.0,0.0,1.392,
145,211,basic,73.719,44.74,259.899,165.851,1.124,1.36
145,212,gifted,205.591,189.003,205.591,189.003,,
145,215,basic,119.136,64.411,118.561,64.677,1.04,1.002
145,218,basic,156.255,91.131,206.871,117.701,0.768,0.915
145,220,basic,95.332,78.503,0.0,0.0,1.417,
145,221,basic,167.308,107.815,257.713,167.857,1.004,0.986
145,222,basic,154.697,83.144,188.969,105.689,2.533,2.315
145,225,basic,81.207,38.613,80.024,38.088,1.211,1.205
145,226,basic,258.186,157.594,256.916,158.474,1.332,1.273
145,229,basic,253.495,206.126,0.0,0.0,1.157,
145,230,basic,115.22,75.697,222.733,142.599,1.03,1.202
145,233,basic,281.635,165.137,282.344,165.546,0.829,0.83
145,234,basic,78.632,63.396,0.0,0.0,1.244,
145,235,basic,88.485,52.222,147.041,87.003,1.359,1.377
145,236,basic,52.599,46.673,113.348,88.765,1.043,1.633
145,239,basic,270.238,154.524,0.0,0.0,1.708,
145,241,basic,383.551,117.96,822.652,251.434,1.944,2.256
145,242,basic,159.944,107.722,0.0,0.0,1.244,
145,243,basic,216.305,106.456,294.631,144.095,0.988,1.027
145,244,basic,36.262,33.873,36.791,34.383,1.161,1.179
145,245,basic,319.185,274.963,446.789,377.53,1.243,1.371
145,246,basic,249.214,121.26,409.858,197.198,1.2,1.272
145,247,basic,372.326,112.461,1038.312,301.061,1.607,2.293
145,248,basic,151.129,92.105,0.0,0.0,0.907,
145,249,basic,30.888,23.054,33.977,25.25,0.895,0.924
145,250,basic,85.857,62.331,139.405,103.015,0.98,0.873
145,251,basic,134.632,59.363,162.721,70.946,1.426,1.473
145,252,basic,241.195,163.194,241.048,163.721,1.501,1.48
145,255,basic,86.593,55.146,278.802,172.105,0.856,1.054
145,257,basic,126.022,106.946,424.76,347.349,1.091,1.327
145,259,basic,160.263,117.139,0.0,0.0,1.3,
145,261,basic,176.588,162.129,236.701,209.125,1.071,1.388
145,262,basic,188.917,142.062,341.967,252.006,1.074,1.194
145,264,basic,79.48,32.497,0.0,0.0,0.932,
145,266,basic,103.733,80.333,109.027,84.296,0.909,0.918
145,267,basic,122.769,108.201,138.997,122.24,1.035,1.048
145,268,basic,110.861,105.318,0.0,0.0,1.076,
145,269,basic,108.174,101.795,228.413,215.226,1.042,1.382
145,270,basic,162.754,108.951,531.438,363.891,1.571,1.49
145,272,basic,38.673,36.499,0.0,0.0,1.065,
145,275,basic,94.558,89.024,206.642,194.663,1.219,1.31
145,276,basic,154.901,69.42,322.858,149.213,1.117,1.314
145,277,basic,127.131,79.631,130.479,81.522,1.028,1.042
145,279,basic,106.43,42.464,143.781,57.048,1.008,1.043
145,281,basic,69.95,45.325,145.881,88.061,0.818,1.242
145,282,basic,79.383,58.563,90.779,65.343,0.891,1.036
145,286,basic,181.224,107.656,312.681,192.614,2.016,1.887
145,287,gifted,190.0,174.67,0.0,0.0,,
145,288,basic,181.837,158.99,181.781,159.774,1.361,1.338
145,289,basic,155.076,140.824,0.0,0.0,1.41,
145,291,basic,377.514,262.62,628.046,435.211,2.441,2.463
145,292,basic,565.158,322.162,771.602,434.908,1.521,1.468
145,930,basic,399.26,362.953,824.643,757.441,2.443,2.332
145,935,basic,437.784,311.793,0.0,0.0,1.902,
145,939,basic,220.874,103.454,0.0,0.0,1.789,
145,949,basic,373.436,321.799,0.0,0.0,1.586,
145,955,basic,46.307,43.991,0.0,0.0,2.72,
145,971,gifted,515.576,473.975,703.571,646.802,,
145,972,basic,260.126,193.592,0.0,0.0,1.972,
145,974,basic,85.501,78.183,90.733,82.81,1.256,1.311
145,977,basic,239.478,178.692,238.006,177.811,1.347,1.34
146,103,basic,283.042,246.564,283.046,246.568,1.637,1.637
146,104,basic,147.275,57.325,147.564,57.383,2.526,2.533
146,105,basic,459.172,214.961,459.123,214.906,2.338,2.339
146,105,gifted,182.824,168.196,182.824,168.196,,
146,106,basic,449.809,260.428,450.151,260.535,1.858,1.861
146,106,gifted,114.721,105.542,114.721,105.542,,
146,107,basic,485.658,241.9,483.845,241.135,2.523,2.519
146,109,basic,144.878,95.168,144.768,95.089,2.13,2.131
146,110,basic,411.582,201.169,412.154,201.417,2.148,2.149
146,113,basic,377.286,228.311,377.284,228.246,2.359,2.361
146,113,gifted,131.288,120.784,131.288,120.784,,
146,115,basic,131.723,74.858,131.717,74.855,1.734,1.734
146,117,basic,259.006,154.609,259.464,154.802,2.352,2.356
146,117,gifted,89.284,82.14,89.284,82.14,,
146,118,basic,263.249,135.644,263.418,135.7,2.134,2.136
146,130,basic,645.352,354.633,645.053,354.517,1.732,1.731
146,201,basic,72.044,48.793,71.896,48.637,1.06,1.068
146,202,basic,170.756,92.677,196.31,105.805,1.725,1.78
146,203,basic,241.945,173.303,240.679,172.566,1.297,1.29
146,204,basic,179.263,133.179,378.301,279.956,1.437,1.493
146,207,basic,0.0,0.0,123.315,88.39,,1.159
146,208,basic,208.234,166.783,0.0,0.0,1.277,
146,209,basic,144.671,47.972,237.55,78.057,0.778,0.847
146,210,basic,193.105,79.599,0.0,0.0,1.422,
146,211,basic,75.043,48.168,257.537,163.997,1.142,1.37
146,212,gifted,206.093,189.604,206.093,189.604,,
146,215,basic,117.049,66.878,116.648,66.961,0.957,0.931
146,218,basic,159.255,97.076,208.983,124.96,0.773,0.92
146,220,basic,87.13,72.183,0.0,0.0,1.603,
146,221,basic,166.231,107.299,257.725,168.201,1.081,1.043
146,222,basic,150.881,94.442,187.075,119.992,2.168,2.018
146,225,basic,84.998,43.102,83.896,42.567,1.266,1.262
146,226,basic,258.159,157.644,257.144,158.682,1.478,1.402
146,229,basic,258.508,217.399,0.0,0.0,1.137,
146,230,basic,107.397,73.969,215.626,145.947,1.082,1.232
146,233,basic,278.116,169.859,278.833,170.29,0.839,0.839
146,234,basic,73.043,61.657,0.0,0.0,1.2,
146,235,basic,78.503,49.586,133.686,83.871,1.21,1.283
146,236,basic,55.672,49.478,114.638,94.233,1.084,1.529
146,239,basic,285.805,174.493,0.0,0.0,1.787,
146,241,basic,380.05,130.987,818.139,272.999,1.927,2.255
146,242,basic,159.561,112.828,0.0,0.0,1.237,
146,243,basic,218.538,114.251,297.219,154.573,0.983,1.025
146,244,basic,39.122,36.703,39.661,37.221,1.216,1.233
146,245,basic,314.548,272.146,447.638,381.45,1.273,1.4
146,246,basic,229.733,119.722,387.729,200.555,1.221,1.284
146,247,basic,371.849,124.788,1038.76,325.105,1.601,2.293
146,248,basic,143.997,92.643,0.0,0.0,0.909,
146,249,basic,30.736,23.428,33.668,25.615,0.936,0.953
146,250,basic,88.781,67.347,142.364,109.532,0.987,0.878
146,251,basic,130.14,60.629,157.951,72.451,1.41,1.499
146,252,basic,238.651,167.935,238.781,168.253,1.484,1.474
146,255,basic,88.147,58.687,282.773,184.271,0.903,1.078
146,257,basic,131.261,112.678,429.456,358.092,1.104,1.338
146,259,basic,153.762,118.617,0.0,0.0,1.308,
146,261,basic,174.958,162.151,234.012,210.956,1.086,1.404
146,262,basic,185.404,143.828,335.009,255.527,1.07,1.198
146,264,basic,79.732,33.921,0.0,0.0,0.931,
146,266,basic,105.17,81.968,110.376,85.911,0.931,0.941
146,267,basic,116.746,104.073,131.714,117.208,1.035,1.049
146,268,basic,112.412,106.792,0.0,0.0,1.087,
146,269,basic,109.226,103.259,228.963,216.923,1.089,1.418
146,270,basic,160.341,114.832,531.455,386.833,1.611,1.526
146,272,basic,43.343,41.042,0.0,0.0,1.081,
146,275,basic,98.054,92.662,207.907,196.738,1.184,1.298
146,276,basic,154.649,72.66,323.093,150.412,1.124,1.314
146,277,basic,125.564,83.169,129.6,85.613,1.009,1.029
146,279,basic,103.582,44.355,141.535,60.271,1.007,1.051
146,281,basic,64.214,43.682,142.03,90.871,0.826,1.298
146,282,basic,78.219,60.148,90.004,67.858,0.927,1.077
146,286,basic,178.501,107.3,306.819,191.395,2.29,2.098
146,287,gifted,190.0,174.798,0.0,0.0,,
146,288,basic,188.557,164.155,188.409,165.341,1.6,1.551
146,289,basic,156.078,138.086,0.0,0.0,1.384,
146,291,basic,381.528,261.894,632.484,437.299,2.52,2.513
146,292,basic,565.437,323.571,770.573,442.394,1.548,1.488
146,930,basic,399.192,372.283,824.638,773.263,2.452,2.335
146,935,basic,436.988,310.061,0.0,0.0,1.952,
146,939,basic,216.191,104.312,0.0,0.0,1.775,
146,949,basic,378.878,328.193,0.0,0.0,1.597,
146,955,basic,44.292,42.078,0.0,0.0,2.833,
146,971,gifted,515.698,474.437,703.845,647.53,,
146,972,basic,264.84,197.413,0.0,0.0,1.92,
146,974,basic,84.828,78.738,90.353,83.897,1.286,1.341
146,977,basic,237.026,187.376,238.219,188.064,1.327,1.338
147,103,basic,274.131,247.775,274.116,247.771,1.679,1.678
147,104,basic,124.867,48.066,125.115,48.115,2.375,2.382
147,105,basic,442.225,206.266,442.172,206.22,2.357,2.358
147,105,gifted,178.166,163.942,178.166,163.942,,
147,106,basic,434.027,255.706,434.271,255.79,1.741,1.743
147,106,gifted,114.358,105.228,114.358,105.228,,
147,107,basic,514.77,257.319,513.016,256.572,2.518,2.513
147,109,basic,150.411,101.166,150.325,101.095,2.091,2.092
147,110,basic,393.398,185.548,393.983,185.796,2.199,2.2
147,113,basic,387.76,243.809,387.757,243.75,2.332,2.333
147,113,gifted,135.339,124.534,135.339,124.534,,
147,115,basic,144.204,82.068,144.201,82.066,1.737,1.737
147,117,basic,255.643,153.455,256.1,153.661,2.36,2.364
147,117,gifted,89.605,82.452,89.605,82.452,,
147,118,basic,268.378,136.695,268.585,136.771,2.197,2.199
147,130,basic,669.316,353.768,669.081,353.693,1.762,1.761
147,201,basic,78.915,52.979,78.617,52.776,1.13,1.13
147,202,basic,169.893,90.12,195.568,103.349,1.747,1.783
147,203,basic,257.468,185.56,256.333,184.883,1.357,1.35
147,204,basic,177.466,133.076,376.696,283.331,1.524,1.522
147,207,basic,0.0,0.0,125.238,87.442,,1.161
147,208,basic,199.517,163.523,0.0,0.0,1.299,
147,209,basic,145.302,41.506,239.615,67.927,0.786,0.853
147,210,basic,192.776,72.11,0.0,0.0,1.473,
147,211,basic,77.458,49.554,260.653,167.02,1.105,1.379
147,212,gifted,206.108,189.654,206.108,189.654,,
147,215,basic,117.475,62.142,117.277,62.184,0.95,0.935
147,218,basic,155.848,91.581,209.062,120.463,0.775,0.947
147,220,basic,90.806,78.897,0.0,0.0,1.506,
147,221,basic,164.237,101.299,254.877,158.813,1.072,1.026
147,222,basic,137.945,88.475,173.106,113.732,2.229,2.053
147,225,basic,77.792,37.545,76.661,37.004,1.264,1.262
147,226,basic,258.592,152.411,257.772,152.748,1.373,1.327
147,229,basic,252.831,217.511,0.0,0.0,1.169,
147,230,basic,114.363,79.582,222.663,152.346,1.051,1.213
147,233,basic,280.737,164.397,281.556,164.847,0.847,0.848
147,234,basic,75.151,65.272,0.0,0.0,1.209,
147,235,basic,83.791,50.439,139.485,83.786,1.283,1.324
147,236,basic,47.656,42.942,100.702,85.88,1.074,1.446
147,239,basic,271.276,166.828,0.0,0.0,1.747,
147,241,basic,386.409,120.785,826.993,253.843,1.973,2.279
147,242,basic,155.752,109.413,0.0,0.0,1.238,
147,243,basic,212.317,105.491,291.919,144.307,0.978,1.025
147,244,basic,39.662,37.584,40.279,38.164,1.198,1.23
147,245,basic,319.801,280.119,448.31,386.454,1.237,1.386
147,246,basic,227.928,113.273,385.619,190.268,1.236,1.305
147,247,basic,369.476,110.502,1035.047,295.456,1.661,2.321
147,248,basic,144.058,90.922,0.0,0.0,0.886,
147,249,basic,34.31,25.879,38.052,28.567,0.883,0.925
147,250,basic,89.016,68.929,142.811,111.772,0.961,0.866
147,251,basic,129.734,55.545,157.275,66.813,1.445,1.495
147,252,basic,234.812,166.588,234.806,166.873,1.502,1.488
147,255,basic,88.478,58.594,285.438,184.906,0.857,1.06
147,257,basic,119.95,105.966,413.751,355.843,1.072,1.32
147,259,basic,161.652,128.425,0.0,0.0,1.35,
147,261,basic,181.542,169.559,242.439,223.269,1.157,1.482
147,262,basic,183.196,142.747,334.728,257.228,1.078,1.199
147,264,basic,79.206,29.51,0.0,0.0,0.948,
147,266,basic,107.807,83.166,112.901,87.04,0.94,0.946
147,267,basic,113.932,101.775,128.841,114.887,1.02,1.035
147,268,basic,111.425,105.854,0.0,0.0,1.065,
147,269,basic,107.674,102.157,226.463,215.013,1.032,1.368
147,270,basic,153.902,115.011,514.362,388.909,1.564,1.498
147,272,basic,41.019,38.938,0.0,0.0,1.087,
147,275,basic,100.489,95.286,211.494,200.728,1.198,1.298
147,276,basic,147.041,62.975,315.213,135.573,1.157,1.337
147,277,basic,126.212,83.227,130.001,85.552,1.027,1.044
147,279,basic,107.762,42.148,145.563,56.663,1.008,1.052
147,281,basic,66.948,45.094,146.534,93.628,0.834,1.3
147,282,basic,80.069,63.036,92.04,71.219,0.92,1.071
147,286,basic,178.187,108.951,308.506,193.735,2.128,1.973
147,287,gifted,190.0,174.832,0.0,0.0,,
147,288,basic,184.69,168.467,184.808,169.039,1.439,1.419
147,289,basic,155.973,145.394,0.0,0.0,1.422,
147,291,basic,372.93,273.958,626.511,457.814,2.435,2.5
147,292,basic,560.238,318.267,764.445,433.181,1.515,1.471
147,930,basic,398.999,376.599,824.535,779.907,2.418,2.314
147,935,basic,437.913,329.727,0.0,0.0,1.907,
147,939,basic,216.652,98.684,0.0,0.0,1.816,
147,949,basic,379.58,344.965,0.0,0.0,1.605,
147,955,basic,46.308,43.992,0.0,0.0,2.771,
147,971,gifted,516.055,474.857,704.212,647.993,,
147,972,basic,258.575,204.981,0.0,0.0,1.893,
147,974,basic,87.496,82.244,92.972,87.437,1.267,1.329
147,977,basic,237.581,194.383,237.842,194.528,1.325,1.329
148,103,basic,266.594,225.909,266.613,225.93,1.631,1.631
148,104,basic,130.26,52.41,130.519,52.45,2.295,2.3
148,105,basic,446.019,210.041,445.981,209.98,2.209,2.209
148,105,gifted,181.967,166.413,181.967,166.413,,
148,106,basic,457.532,270.507,457.86,270.57,1.792,1.794
148,106,gifted,117.7,107.639,117.7,107.639,,
148,107,basic,512.833,246.022,511.098,245.415,2.442,2.438
148,109,basic,147.021,93.08,146.887,92.993,2.1,2.1
148,110,basic,404.907,202.286,405.349,202.462,2.104,2.105
148,113,basic,397.227,229.982,397.204,229.891,2.353,2.354
148,113,gifted,138.355,126.528,138.355,126.528,,
148,115,basic,157.67,91.307,157.656,91.3,1.728,1.728
148,117,basic,251.123,145.364,251.494,145.478,2.288,2.291
148,117,gifted,89.182,81.559,89.182,81.559,,
148,118,basic,264.358,135.152,264.532,135.195,2.112,2.114
148,130,basic,665.531,378.177,665.314,378.113,1.697,1.697
148,201,basic,79.761,55.235,79.15,54.877,1.033,1.027
148,202,basic,166.995,89.355,192.254,101.924,1.602,1.646
148,203,basic,260.513,185.527,259.304,184.953,1.275,1.268
148,204,basic,179.767,129.825,378.725,270.884,1.369,1.45
148,207,basic,0.0,0.0,128.286,96.221,,1.023
148,208,basic,205.498,167.762,0.0,0.0,1.225,
148,209,basic,148.713,56.911,242.755,91.329,0.783,0.855
148,210,basic,191.096,84.227,0.0,0.0,1.357,
148,211,basic,72.951,48.388,251.913,163.862,1.084,1.342
148,212,gifted,205.609,188.033,205.609,188.033,,
148,215,basic,121.406,74.335,121.328,74.449,0.875,0.868
148,218,basic,160.533,105.35,212.243,134.422,0.764,0.915
148,220,basic,85.252,70.05,0.0,0.0,1.294,
148,221,basic,162.404,111.026,254.531,176.082,0.975,0.973
148,222,basic,147.151,85.097,182.722,109.515,2.023,1.891
148,225,basic,77.556,41.214,76.426,40.63,1.189,1.187
148,226,basic,249.93,163.699,248.933,164.395,1.16,1.126
148,229,basic,255.493,212.743,0.0,0.0,1.138,
148,230,basic,114.347,80.858,222.979,152.595,1.028,1.19
148,233,basic,280.891,183.339,281.923,183.932,0.825,0.827
148,234,basic,75.144,62.203,0.0,0.0,1.163,
148,235,basic,86.62,54.719,143.452,90.17,1.239,1.293
148,236,basic,47.7,41.329,102.192,80.842,1.059,1.422
148,239,basic,276.305,163.898,0.0,0.0,1.678,
148,241,basic,384.238,135.231,825.122,277.116,1.854,2.151
148,242,basic,155.007,109.522,0.0,0.0,1.206,
148,243,basic,214.014,119.945,294.522,163.49,0.982,1.026
148,244,basic,34.245,31.794,34.833,32.298,1.076,1.106
148,245,basic,321.94,273.435,450.729,372.946,1.23,1.353
148,246,basic,238.938,129.894,399.586,214.02,1.161,1.234
148,247,basic,371.366,131.614,1035.908,329.183,1.557,2.205
148,248,basic,144.847,97.486,0.0,0.0,0.887,
148,249,basic,28.149,22.004,31.614,24.464,0.889,0.933
148,250,basic,81.533,63.424,132.9,105.653,0.955,0.861
148,251,basic,129.125,63.591,156.095,75.984,1.336,1.378
148,252,basic,236.955,167.337,237.009,167.731,1.4,1.392
148,255,basic,85.458,60.206,279.444,187.632,0.826,1.044
148,257,basic,120.62,103.906,416.119,342.925,1.076,1.307
148,259,basic,165.214,125.583,0.0,0.0,1.257,
148,261,basic,169.289,153.08,228.009,195.688,1.059,1.358
148,262,basic,190.244,148.762,340.881,259.788,1.074,1.182
148,264,basic,77.797,36.825,0.0,0.0,0.921,
148,266,basic,106.243,86.409,111.528,90.525,0.893,0.901
148,267,basic,116.618,102.875,131.505,115.622,1.021,1.036
148,268,basic,111.025,105.474,0.0,0.0,1.083,
148,269,basic,106.483,98.964,226.325,208.066,1.045,1.373
148,270,basic,156.349,109.248,523.666,371.356,1.46,1.448
148,272,basic,40.424,37.893,0.0,0.0,1.056,
148,275,basic,93.002,86.319,203.123,187.344,1.179,1.27
148,276,basic,155.919,79.048,323.066,161.438,1.111,1.3
148,277,basic,124.089,85.374,127.815,87.596,0.996,1.012
148,279,basic,102.811,48.388,139.31,65.001,0.984,1.022
148,281,basic,68.177,48.57,148.833,95.869,0.821,1.252
148,282,basic,75.457,59.568,86.994,66.424,0.892,1.031
148,286,basic,174.576,107.358,304.354,191.593,1.72,1.686
148,287,gifted,190.0,173.759,0.0,0.0,,
148,288,basic,191.689,165.706,191.903,166.391,1.321,1.312
148,289,basic,154.653,133.84,0.0,0.0,1.359,
148,291,basic,374.516,249.248,626.983,411.45,2.204,2.283
148,292,basic,565.933,330.787,772.828,453.228,1.491,1.441
148,930,basic,399.146,345.091,824.616,722.539,2.316,2.223
148,935,basic,437.828,304.796,0.0,0.0,1.76,
148,939,basic,219.224,107.68,0.0,0.0,1.667,
148,949,basic,374.611,309.244,0.0,0.0,1.536,
148,955,basic,46.327,44.011,0.0,0.0,2.804,
148,971,gifted,515.646,471.569,703.768,643.61,,
148,972,basic,260.11,187.499,0.0,0.0,1.834,
148,974,basic,85.915,77.306,90.622,81.131,1.222,1.277
148,977,basic,229.06,176.84,229.73,177.106,1.285,1.292
149,103,basic,267.431,228.117,267.455,228.133,1.624,1.625
149,104,basic,139.123,59.439,139.336,59.491,2.469,2.473
149,105,basic,425.626,212.885,425.581,212.829,2.21,2.211
149,105,gifted,179.913,165.396,179.913,165.396,,
149,106,basic,463.212,283.65,463.559,283.725,1.817,1.82
149,106,gifted,116.418,107.024,116.418,107.024,,
149,107,basic,490.81,249.703,488.956,248.939,2.515,2.51
149,109,basic,152.011,101.0,151.807,100.888,2.114,2.113
149,110,basic,394.122,217.303,394.417,217.435,2.124,2.125
149,113,basic,383.136,231.137,383.093,231.069,2.363,2.364
149,113,gifted,133.036,122.302,133.036,122.302,,
149,115,basic,146.294,86.394,146.282,86.388,1.743,1.743
149,117,basic,262.092,162.886,262.299,162.95,2.337,2.34
149,117,gifted,90.119,82.847,90.119,82.847,,
149,118,basic,259.147,141.097,259.281,141.134,2.087,2.088
149,130,basic,666.621,409.768,666.477,409.719,1.692,1.692
149,201,basic,75.99,50.805,76.03,50.727,1.008,1.018
149,202,basic,169.883,91.198,195.15,104.237,1.695,1.728
149,203,basic,255.968,174.405,254.815,173.794,1.321,1.315
149,204,basic,169.783,117.488,368.197,254.447,1.444,1.483
149,207,basic,0.0,0.0,127.369,95.326,,1.091
149,208,basic,201.172,160.687,0.0,0.0,1.258,
149,209,basic,153.322,62.176,248.09,99.396,0.769,0.839
149,210,basic,192.335,89.809,0.0,0.0,1.419,
149,211,basic,76.276,48.107,260.621,164.885,1.136,1.356
149,212,gifted,205.728,189.128,205.728,189.128,,
149,215,basic,119.045,73.693,118.675,73.753,0.956,0.94
149,218,basic,156.427,98.828,206.571,127.238,0.772,0.92
149,220,basic,87.194,67.954,0.0,0.0,1.47,
149,221,basic,165.838,114.457,256.495,180.54,1.069,1.012
149,222,basic,153.429,87.321,189.07,110.757,2.186,2.043
149,225,basic,80.095,42.707,79.008,42.146,1.219,1.217
149,226,basic,260.041,174.298,258.987,174.787,1.308,1.269
149,229,basic,251.927,198.731,0.0,0.0,1.143,
149,230,basic,114.799,76.605,222.981,145.011,1.043,1.212
149,233,basic,277.66,176.953,278.522,177.451,0.826,0.828
149,234,basic,74.721,58.218,0.0,0.0,1.197,
149,235,basic,84.904,54.856,139.821,89.836,1.244,1.303
149,236,basic,50.329,44.16,106.142,84.454,1.051,1.495
149,239,basic,267.592,157.674,0.0,0.0,1.714,
149,241,basic,383.569,146.567,823.935,304.463,1.919,2.237
149,242,basic,159.993,109.986,0.0,0.0,1.223,
149,243,basic,213.762,118.932,290.667,160.679,0.971,1.011
149,244,basic,36.477,33.871,36.919,34.237,1.074,1.102
149,245,basic,312.227,263.557,435.71,360.775,1.246,1.366
149,246,basic,232.724,126.325,394.182,211.184,1.185,1.269
149,247,basic,370.121,141.115,1035.719,366.313,1.622,2.285
149,248,basic,143.121,92.152,0.0,0.0,0.88,
149,249,basic,30.892,23.546,34.27,25.961,0.863,0.9
149,250,basic,92.097,66.419,148.434,108.818,0.979,0.882
149,251,basic,134.102,70.29,161.629,83.524,1.379,1.442
149,252,basic,231.931,161.666,231.986,161.893,1.445,1.438
149,255,basic,89.09,59.22,287.049,184.298,0.833,1.047
149,257,basic,124.05,102.649,423.253,337.307,1.088,1.322
149,259,basic,170.372,121.19,0.0,0.0,1.291,
149,261,basic,174.268,154.793,236.427,199.575,1.079,1.405
149,262,basic,188.017,141.34,339.644,250.62,1.072,1.18
149,264,basic,76.805,39.174,0.0,0.0,0.944,
149,266,basic,103.209,81.517,108.385,85.484,0.904,0.912
149,267,basic,117.435,100.71,131.986,112.907,1.026,1.04
149,268,basic,107.374,102.005,0.0,0.0,1.062,
149,269,basic,108.115,99.906,227.918,206.442,1.059,1.385
149,270,basic,156.955,104.046,530.671,356.717,1.513,1.479
149,272,basic,40.59,38.063,0.0,0.0,1.012,
149,275,basic,86.71,80.314,191.626,176.003,1.152,1.264
149,276,basic,147.589,78.504,316.075,167.462,1.113,1.314
149,277,basic,127.248,82.617,131.162,84.885,1.027,1.045
149,279,basic,104.312,50.207,143.017,68.413,0.999,1.038
149,281,basic,67.478,45.024,152.256,93.91,0.841,1.306
149,282,basic,77.123,55.886,89.678,63.328,0.916,1.065
149,286,basic,181.453,113.458,311.036,199.89,1.966,1.885
149,287,gifted,190.0,174.669,0.0,0.0,,
149,288,basic,191.238,159.686,191.418,160.302,1.376,1.363
149,289,basic,159.284,128.967,0.0,0.0,1.349,
149,291,basic,374.961,254.903,626.179,421.978,2.278,2.352
149,292,basic,564.911,332.023,770.723,453.396,1.523,1.466
149,930,basic,398.658,335.967,824.116,705.04,2.299,2.211
149,935,basic,438.574,295.088,0.0,0.0,1.888,
149,939,basic,218.913,114.398,0.0,0.0,1.72,
149,949,basic,379.47,295.458,0.0,0.0,1.588,
149,955,basic,45.442,43.17,0.0,0.0,2.84,
149,971,gifted,515.75,474.134,703.833,647.04,,
149,972,basic,261.967,185.182,0.0,0.0,1.875,
149,974,basic,88.666,76.495,92.95,79.805,1.238,1.276
149,977,basic,245.804,177.606,245.817,177.522,1.323,1.326
150,103,basic,259.489,217.547,259.512,217.569,1.62,1.62
150,104,basic,123.246,56.427,123.463,56.472,2.313,2.318
150,105,basic,463.74,233.112,463.677,233.037,2.3,2.301
150,105,gifted,183.971,168.669,183.971,168.669,,
150,106,basic,449.783,282.369,450.066,282.433,1.775,1.777
150,106,gifted,116.317,106.642,116.317,106.642,,
150,107,basic,514.907,264.369,513.121,263.658,2.535,2.53
150,109,basic,152.853,102.757,152.72,102.671,2.049,2.049
150,110,basic,391.681,221.042,392.123,221.252,2.122,2.122
150,113,basic,384.389,231.829,384.392,231.773,2.329,2.33
150,113,gifted,134.176,123.015,134.176,123.015,,
150,115,basic,158.919,96.351,158.908,96.346,1.737,1.737
150,117,basic,250.83,155.93,251.292,156.108,2.33,2.334
150,117,gifted,88.999,81.596,88.999,81.596,,
150,118,basic,266.761,148.105,266.921,148.148,2.097,2.098
150,130,basic,647.549,412.872,647.295,412.786,1.67,1.669
150,201,basic,80.968,54.342,80.82,54.162,0.99,0.995
150,202,basic,166.7,91.221,192.118,104.172,1.603,1.651
150,203,basic,249.71,169.274,248.483,168.661,1.273,1.267
150,204,basic,178.618,122.981,377.638,257.709,1.356,1.436
150,207,basic,0.0,0.0,124.114,92.511,,1.089
150,208,basic,206.002,162.141,0.0,0.0,1.234,
150,209,basic,147.375,65.652,242.647,106.662,0.777,0.844
150,210,basic,193.76,94.123,0.0,0.0,1.428,
150,211,basic,71.287,45.53,250.902,160.553,1.103,1.356
150,212,gifted,206.263,189.106,206.263,189.106,,
150,215,basic,118.196,77.26,117.851,77.353,0.882,0.867
150,218,basic,154.743,100.673,205.129,129.527,0.756,0.905
150,220,basic,90.091,69.343,0.0,0.0,1.332,
150,221,basic,161.487,115.388,252.32,181.472,0.947,0.957
150,222,basic,141.24,81.561,176.167,104.65,1.918,1.809
150,225,basic,80.537,44.342,79.54,43.811,1.195,1.193
150,226,basic,252.24,167.854,250.967,169.286,1.345,1.281
150,229,basic,242.095,186.457,0.0,0.0,1.145,
150,230,basic,119.165,79.551,228.882,148.552,1.037,1.198
150,233,basic,279.63,182.244,280.549,182.811,0.84,0.842
150,234,basic,76.994,58.961,0.0,0.0,1.162,
150,235,basic,78.13,52.098,132.89,87.387,1.136,1.229
150,236,basic,48.524,41.481,102.653,81.801,1.056,1.329
150,239,basic,267.134,155.433,0.0,0.0,1.717,
150,241,basic,383.094,154.327,822.638,319.614,1.863,2.18
150,242,basic,157.673,108.067,0.0,0.0,1.224,
150,243,basic,214.159,123.07,292.879,166.986,0.975,1.018
150,244,basic,36.818,33.616,37.41,34.116,1.095,1.118
150,245,basic,317.177,260.008,447.27,358.145,1.252,1.381
150,246,basic,241.14,134.831,399.747,220.56,1.168,1.241
150,247,basic,363.013,147.426,1028.46,384.131,1.591,2.254
150,248,basic,148.85,97.282,0.0,0.0,0.902,
150,249,basic,26.051,19.725,29.085,21.9,0.913,0.944
150,250,basic,87.109,62.492,139.305,101.905,0.969,0.869
150,251,basic,134.713,72.542,162.057,86.154,1.387,1.437
150,252,basic,256.961,172.721,256.921,173.217,1.503,1.489
150,255,basic,88.415,59.266,285.101,183.934,0.857,1.063
150,257,basic,119.953,96.981,415.366,320.415,1.064,1.315
150,259,basic,155.055,107.983,0.0,0.0,1.281,
150,261,basic,182.933,158.334,243.96,199.159,1.065,1.369
150,262,basic,188.473,140.863,335.893,245.306,1.047,1.162
150,264,basic,85.452,46.475,0.0,0.0,0.948,
150,266,basic,104.349,81.665,109.415,85.518,0.917,0.923
150,267,basic,120.418,101.818,135.42,114.189,1.025,1.039
150,268,basic,103.373,98.2,0.0,0.0,1.052,
150,269,basic,106.33,96.373,226.232,197.872,1.053,1.369
150,270,basic,163.456,105.804,531.696,349.419,1.497,1.467
150,272,basic,39.911,36.911,0.0,0.0,1.02,
150,275,basic,92.316,83.895,201.581,180.728,1.139,1.236
150,276,basic,155.496,86.313,323.747,179.492,1.111,1.303
150,277,basic,123.989,81.015,127.624,83.134,1.018,1.033
150,279,basic,112.395,57.114,152.656,77.206,1.006,1.032
150,281,basic,74.132,50.434,154.109,96.543,0.807,1.223
150,282,basic,73.806,53.278,84.998,59.593,0.897,1.041
150,286,basic,179.128,112.207,310.519,199.986,1.813,1.748
150,287,gifted,190.0,174.196,0.0,0.0,,
150,288,basic,191.926,152.052,191.88,152.998,1.391,1.366
150,289,basic,155.426,123.055,0.0,0.0,1.352,
150,291,basic,371.544,244.047,619.785,402.395,2.198,2.273
150,292,basic,565.335,338.857,770.909,461.205,1.483,1.437
150,930,basic,399.464,313.66,825.114,660.73,2.282,2.182
150,935,basic,437.738,287.017,0.0,0.0,1.85,
150,939,basic,219.27,117.614,0.0,0.0,1.708,
150,949,basic,378.438,286.089,0.0,0.0,1.577,
150,955,basic,46.015,43.674,0.0,0.0,2.844,
150,971,gifted,515.122,472.275,703.068,644.587,,
150,972,basic,260.531,179.445,0.0,0.0,1.829,
150,974,basic,87.008,72.8,92.18,76.3,1.169,1.229
150,977,basic,239.456,168.535,238.224,167.914,1.337,1.329
151,103,basic,275.618,248.876,275.606,248.878,1.634,1.634
151,104,basic,124.613,50.151,124.854,50.189,2.143,2.149
151,105,basic,445.893,206.102,445.794,206.027,2.268,2.268
151,105,gifted,181.418,166.675,181.418,166.675,,
151,106,basic,451.055,277.255,451.353,277.322,1.724,1.726
151,106,gifted,116.204,106.76,116.204,106.76,,
151,107,basic,512.83,248.739,511.032,248.089,2.473,2.468
151,109,basic,157.281,108.405,157.158,108.308,2.011,2.011
151,110,basic,401.201,198.249,401.792,198.487,2.141,2.143
151,113,basic,381.559,236.679,381.525,236.608,2.274,2.275
151,113,gifted,133.359,122.522,133.359,122.522,,
151,115,basic,140.366,82.65,140.361,82.647,1.709,1.709
151,117,basic,260.034,156.806,260.588,157.013,2.336,2.34
151,117,gifted,89.739,82.446,89.739,82.446,,
151,118,basic,271.291,140.931,271.404,140.951,2.078,2.08
151,130,basic,661.329,376.743,661.025,376.66,1.729,1.728
151,201,basic,77.423,52.788,77.554,52.726,0.973,0.984
151,202,basic,169.089,86.783,193.864,98.796,1.575,1.611
151,203,basic,268.148,188.156,267.02,187.627,1.299,1.293
151,204,basic,178.86,129.053,378.835,272.867,1.41,1.456
151,207,basic,0.0,0.0,125.372,92.137,,1.059
151,208,basic,200.733,168.125,0.0,0.0,1.255,
151,209,basic,159.596,50.158,256.267,79.393,0.782,0.848
151,210,basic,192.243,74.704,0.0,0.0,1.37,
151,211,basic,79.189,50.234,264.568,170.625,1.1,1.343
151,212,gifted,205.494,188.794,205.494,188.794,,
151,215,basic,122.491,69.623,122.199,69.711,0.907,0.895
151,218,basic,151.767,93.18,202.535,120.194,0.762,0.917
151,220,basic,89.178,73.591,0.0,0.0,1.379,
151,221,basic,167.587,111.002,258.503,173.12,0.96,0.956
151,222,basic,150.62,86.196,185.542,110.223,2.092,1.942
151,225,basic,92.634,44.984,91.599,44.499,1.216,1.214
151,226,basic,256.199,160.34,255.149,160.738,1.216,1.185
151,229,basic,248.227,210.879,0.0,0.0,1.132,
151,230,basic,112.824,77.048,222.734,147.917,1.061,1.212
151,233,basic,279.923,171.765,280.781,172.226,0.82,0.822
151,234,basic,77.99,66.034,0.0,0.0,1.162,
151,235,basic,83.815,51.948,138.093,84.776,1.175,1.247
151,236,basic,54.774,48.315,113.184,91.85,1.056,1.412
151,239,basic,272.483,157.676,0.0,0.0,1.691,
151,241,basic,387.043,118.268,828.132,246.463,1.862,2.157
151,242,basic,155.004,108.052,0.0,0.0,1.212,
151,243,basic,219.091,112.172,298.555,151.52,0.975,1.018
151,244,basic,36.561,34.172,37.016,34.548,1.102,1.137
151,245,basic,317.234,276.861,443.707,377.987,1.237,1.361
151,246,basic,233.543,117.377,391.701,193.831,1.158,1.236
151,247,basic,367.284,110.668,1034.198,286.742,1.574,2.253
151,248,basic,148.016,94.96,0.0,0.0,0.886,
151,249,basic,28.383,22.23,31.86,24.727,0.854,0.895
151,250,basic,88.306,67.906,141.378,110.842,0.955,0.865
151,251,basic,130.355,58.413,157.44,69.661,1.332,1.381
151,252,basic,234.994,165.851,235.075,166.05,1.373,1.369
151,255,basic,89.382,60.286,288.19,186.104,0.83,1.042
151,257,basic,120.093,105.29,415.379,349.825,1.082,1.314
151,259,basic,158.559,120.571,0.0,0.0,1.286,
151,261,basic,168.04,153.996,227.829,200.363,1.083,1.401
151,262,basic,191.473,149.8,345.992,264.388,1.068,1.175
151,264,basic,80.209,33.147,0.0,0.0,0.93,
151,266,basic,104.416,84.398,109.84,88.614,0.892,0.9
151,267,basic,119.941,108.885,135.01,122.259,1.019,1.033
151,268,basic,110.548,105.021,0.0,0.0,1.075,
151,269,basic,106.083,99.745,225.069,211.8,1.031,1.375
151,270,basic,157.424,110.612,526.003,373.819,1.45,1.452
151,272,basic,40.487,38.157,0.0,0.0,1.054,
151,275,basic,85.301,80.25,189.907,178.734,1.171,1.283
151,276,basic,157.202,71.35,324.035,148.685,1.128,1.311
151,277,basic,128.231,84.346,131.877,86.43,1.017,1.033
151,279,basic,108.56,44.586,145.806,59.481,0.997,1.03
151,281,basic,60.841,41.616,138.214,85.685,0.821,1.274
151,282,basic,73.456,57.463,84.79,64.228,0.886,1.03
151,286,basic,174.566,107.358,304.287,190.76,1.72,1.702
151,287,gifted,190.0,174.559,0.0,0.0,,
151,288,basic,186.128,165.747,186.305,166.283,1.293,1.285
151,289,basic,154.647,141.414,0.0,0.0,1.35,
151,291,basic,371.827,261.946,623.832,429.987,2.166,2.28
151,292,basic,566.071,323.687,773.541,439.85,1.481,1.436
151,930,basic,399.045,363.368,824.439,756.771,2.368,2.28
151,935,basic,437.548,313.994,0.0,0.0,1.791,
151,939,basic,218.102,101.102,0.0,0.0,1.694,
151,949,basic,377.143,328.493,0.0,0.0,1.528,
151,955,basic,44.0,41.8,0.0,0.0,2.756,
151,971,gifted,515.649,473.744,703.699,646.512,,
151,972,basic,263.39,197.493,0.0,0.0,1.848,
151,974,basic,88.962,81.447,93.489,85.461,1.241,1.292
151,977,basic,244.506,190.033,244.034,189.701,1.32,1.319
152,103,basic,273.337,238.212,273.344,238.217,1.623,1.623
152,104,basic,141.64,54.695,141.857,54.747,2.777,2.781
152,105,basic,453.072,218.384,453.096,218.36,2.288,2.289
152,105,gifted,179.648,164.877,179.648,164.877,,
152,106,basic,460.585,275.573,460.892,275.643,1.821,1.824
152,106,gifted,116.339,106.774,116.339,106.774,,
152,107,basic,535.144,268.501,533.434,267.806,2.55,2.546
152,109,basic,152.418,100.475,152.222,100.368,2.165,2.163
152,110,basic,387.325,200.336,387.612,200.46,2.111,2.111
152,113,basic,387.263,233.767,387.202,233.687,2.386,2.387
152,113,gifted,135.454,124.317,135.454,124.317,,
152,115,basic,144.886,84.595,144.876,84.59,1.727,1.727
152,117,basic,264.595,161.004,264.806,161.076,2.351,2.353
152,117,gifted,90.208,82.791,90.208,82.791,,
152,118,basic,268.846,141.39,269.061,141.46,2.162,2.164
152,130,basic,652.262,377.51,652.099,377.442,1.725,1.724
152,201,basic,72.159,47.999,72.326,47.972,1.044,1.06
152,202,basic,164.962,88.916,190.326,101.882,1.613,1.659
152,203,basic,264.246,181.814,263.227,181.335,1.353,1.345
152,204,basic,184.616,130.587,383.256,271.663,1.476,1.494
152,207,basic,0.0,0.0,127.777,91.541,,1.155
152,208,basic,207.167,164.867,0.0,0.0,1.275,
152,209,basic,151.734,53.9,245.46,86.274,0.783,0.851
152,210,basic,193.577,82.57,0.0,0.0,1.416,
152,211,basic,73.87,46.721,258.518,163.623,1.116,1.381
152,212,gifted,205.665,188.755,205.665,188.755,,
152,215,basic,118.448,69.989,118.245,70.192,0.886,0.866
152,218,basic,153.053,93.881,204.389,122.359,0.767,0.922
152,220,basic,91.709,73.721,0.0,0.0,1.497,
152,221,basic,163.962,108.535,254.744,169.998,1.01,1.001
152,222,basic,145.181,87.257,181.034,111.881,2.047,1.908
152,225,basic,82.227,41.751,81.247,41.272,1.276,1.273
152,226,basic,257.899,162.877,256.887,163.943,1.315,1.253
152,229,basic,255.629,206.592,0.0,0.0,1.154,
152,230,basic,118.457,79.417,227.715,149.703,1.083,1.227
152,233,basic,283.788,174.084,284.249,174.389,0.852,0.851
152,234,basic,76.233,61.332,0.0,0.0,1.225,
152,235,basic,89.411,56.177,147.106,91.931,1.231,1.29
152,236,basic,54.021,47.09,110.592,89.794,1.098,1.436
152,239,basic,267.68,158.831,0.0,0.0,1.736,
152,241,basic,383.971,134.666,823.265,280.377,1.948,2.269
152,242,basic,156.059,107.588,0.0,0.0,1.24,
152,243,basic,213.965,113.417,292.209,153.952,0.978,1.019
152,244,basic,35.917,33.508,36.452,34.02,1.144,1.163
152,245,basic,320.021,271.594,452.382,375.984,1.235,1.379
152,246,basic,246.302,128.298,407.338,210.05,1.227,1.298
152,247,basic,374.24,129.827,1041.599,337.377,1.613,2.291
152,248,basic,149.012,94.966,0.0,0.0,0.898,
152,249,basic,34.052,25.758,37.216,28.074,0.888,0.908
152,250,basic,84.996,62.581,139.367,104.223,0.981,0.88
152,251,basic,137.643,65.806,164.712,77.806,1.426,1.484
152,252,basic,246.279,169.425,246.255,169.73,1.482,1.47
152,255,basic,89.59,58.999,283.148,181.426,0.876,1.063
152,257,basic,122.534,102.783,417.937,337.645,1.073,1.327
152,259,basic,157.429,115.663,0.0,0.0,1.322,
152,261,basic,177.513,161.3,238.027,207.453,1.079,1.399
152,262,basic,184.684,139.878,334.688,248.757,1.072,1.192
152,264,basic,80.65,36.37,0.0,0.0,0.952,
152,266,basic,108.772,84.264,114.212,88.372,0.922,0.929
152,267,basic,120.474,104.559,136.491,118.139,1.036,1.053
152,268,basic,110.675,105.141,0.0,0.0,1.069,
152,269,basic,107.077,100.222,226.838,211.948,1.108,1.406
152,270,basic,152.131,104.999,517.631,361.46,1.504,1.472
152,272,basic,42.36,39.939,0.0,0.0,1.075,
152,275,basic,93.811,87.819,203.069,189.407,1.176,1.272
152,276,basic,151.942,73.874,321.956,156.528,1.134,1.326
152,277,basic,124.071,80.663,127.384,82.617,1.017,1.032
152,279,basic,107.416,47.521,144.861,63.786,1.019,1.051
152,281,basic,65.824,44.106,142.678,89.203,0.824,1.271
152,282,basic,82.603,61.653,94.379,68.827,0.9,1.047
152,286,basic,181.131,111.01,311.72,196.165,1.976,1.888
152,287,gifted,190.0,174.379,0.0,0.0,,
152,288,basic,177.072,151.17,176.866,151.993,1.431,1.398
152,289,basic,158.521,135.276,0.0,0.0,1.411,
152,291,basic,375.556,254.139,623.336,422.076,2.386,2.407
152,292,basic,564.141,325.067,769.875,443.282,1.525,1.472
152,930,basic,399.233,361.031,824.665,752.26,2.368,2.271
152,935,basic,437.609,300.87,0.0,0.0,1.933,
152,939,basic,223.007,109.561,0.0,0.0,1.769,
152,949,basic,372.722,310.349,0.0,0.0,1.564,
152,955,basic,45.621,43.34,0.0,0.0,2.769,
152,971,gifted,516.033,473.606,704.082,646.194,,
152,972,basic,259.818,188.783,0.0,0.0,1.886,
152,974,basic,86.039,78.346,91.611,83.046,1.227,1.292
152,977,basic,238.529,179.021,236.804,177.979,1.345,1.336
153,103,basic,263.694,242.917,263.698,242.927,1.649,1.649
153,104,basic,123.162,48.964,123.412,49.011,2.279,2.284
153,105,basic,436.009,201.106,435.957,201.051,2.326,2.327
153,105,gifted,177.863,163.395,177.863,163.395,,
153,106,basic,457.74,281.482,458.032,281.558,1.759,1.761
153,106,gifted,116.361,106.896,116.361,106.896,,
153,107,basic,511.185,250.922,509.375,250.213,2.516,2.512
153,109,basic,148.73,105.623,148.618,105.534,2.027,2.027
153,110,basic,403.704,212.396,404.276,212.657,2.188,2.189
153,113,basic,403.609,254.257,403.588,254.193,2.306,2.307
153,113,gifted,137.316,126.146,137.316,126.146,,
153,115,basic,150.603,86.363,150.593,86.358,1.747,1.747
153,117,basic,250.861,160.892,251.461,161.172,2.361,2.365
153,117,gifted,89.193,81.938,89.193,81.938,,
153,118,basic,265.129,137.738,265.297,137.789,2.136,2.138
153,130,basic,655.153,392.169,654.849,392.066,1.71,1.709
153,201,basic,77.744,50.039,77.369,49.798,1.107,1.106
153,202,basic,172.929,85.972,198.913,98.372,1.767,1.803
153,203,basic,244.521,168.445,243.331,167.837,1.309,1.302
153,204,basic,178.679,127.306,378.474,269.121,1.435,1.479
153,207,basic,0.0,0.0,129.647,98.719,,1.127
153,208,basic,204.166,173.744,0.0,0.0,1.26,
153,209,basic,157.937,48.247,254.251,76.802,0.782,0.851
153,210,basic,192.8,76.691,0.0,0.0,1.41,
153,211,basic,70.644,42.984,253.645,157.075,1.106,1.364
153,212,gifted,205.352,188.648,205.352,188.648,,
153,215,basic,116.745,67.812,116.547,67.857,0.911,0.9
153,218,basic,158.341,93.046,211.275,120.835,0.762,0.929
153,220,basic,92.06,77.497,0.0,0.0,1.449,
153,221,basic,161.658,112.926,251.002,176.368,0.959,0.964
153,222,basic,136.743,80.036,170.254,102.646,2.135,1.983
153,225,basic,79.653,37.92,78.542,37.404,1.228,1.226
153,226,basic,256.382,170.718,255.393,171.225,1.292,1.251
153,229,basic,254.073,212.416,0.0,0.0,1.143,
153,230,basic,108.508,70.925,216.252,137.959,1.044,1.212
153,233,basic,279.161,166.204,279.721,166.532,0.828,0.828
153,234,basic,71.938,59.659,0.0,0.0,1.181,
153,235,basic,78.935,49.573,134.024,83.913,1.26,1.307
153,236,basic,51.584,46.764,107.352,90.702,1.1,1.466
153,239,basic,278.536,159.196,0.0,0.0,1.751,
153,241,basic,385.731,119.876,826.515,251.925,1.919,2.227
153,242,basic,157.771,108.458,0.0,0.0,1.225,
153,243,basic,213.048,105.5,293.123,144.13,0.981,1.027
153,244,basic,36.98,34.702,37.472,35.145,1.137,1.165
153,245,basic,318.609,288.082,450.934,400.521,1.239,1.381
153,246,basic,232.034,112.701,391.916,188.585,1.216,1.282
153,247,basic,372.087,112.841,1036.634,296.875,1.602,2.267
153,248,basic,147.087,89.372,0.0,0.0,0.898,
153,249,basic,30.608,23.638,34.213,26.235,0.869,0.913
153,250,basic,81.543,59.381,134.571,99.573,0.965,0.865
153,251,basic,126.943,59.35,153.668,71.134,1.38,1.428
153,252,basic,238.712,171.317,238.755,171.609,1.437,1.428
153,255,basic,85.512,54.326,282.842,173.81,0.85,1.067
153,257,basic,121.286,107.451,415.6,356.428,1.082,1.319
153,259,basic,165.94,121.565,0.0,0.0,1.292,
153,261,basic,171.857,159.041,230.288,207.272,1.099,1.412
153,262,basic,188.639,145.69,339.323,257.518,1.08,1.187
153,264,basic,80.597,34.706,0.0,0.0,0.935,
153,266,basic,104.138,84.918,109.237,88.953,0.911,0.919
153,267,basic,118.695,109.43,133.789,123.075,1.006,1.024
153,268,basic,107.827,102.436,0.0,0.0,1.062,
153,269,basic,102.346,96.693,220.909,209.203,1.043,1.389
153,270,basic,164.274,110.069,536.044,365.47,1.575,1.514
153,272,basic,41.44,39.134,0.0,0.0,1.101,
153,275,basic,97.666,92.396,206.103,195.367,1.169,1.284
153,276,basic,157.308,72.9,325.841,153.001,1.149,1.327
153,277,basic,124.138,77.956,127.734,79.996,1.007,1.023
153,279,basic,105.445,42.366,143.253,57.218,1.0,1.038
153,281,basic,66.175,42.632,140.958,84.654,0.815,1.249
153,282,basic,76.178,55.881,86.869,62.265,0.888,1.028
153,286,basic,178.112,116.79,309.354,207.965,1.89,1.818
153,287,gifted,190.0,174.545,0.0,0.0,,
153,288,basic,182.917,164.56,182.989,165.076,1.336,1.323
153,289,basic,156.582,137.744,0.0,0.0,1.383,
153,291,basic,369.596,276.194,621.257,457.273,2.237,2.353
153,292,basic,564.299,318.994,770.715,433.321,1.502,1.454
153,930,basic,399.338,367.42,824.854,764.019,2.391,2.292
153,935,basic,438.247,314.652,0.0,0.0,1.841,
153,939,basic,218.436,104.401,0.0,0.0,1.755,
153,949,basic,383.218,325.955,0.0,0.0,1.543,
153,955,basic,45.749,43.462,0.0,0.0,2.769,
153,971,gifted,515.895,473.931,704.011,646.745,,
153,972,basic,261.184,198.632,0.0,0.0,1.878,
153,974,basic,85.336,78.331,90.813,83.056,1.224,1.289
153,977,basic,231.062,173.609,231.404,173.793,1.315,1.318
154,103,basic,267.327,238.741,267.338,238.75,1.651,1.651
154,104,basic,142.373,57.175,142.619,57.238,2.91,2.915
154,105,basic,445.277,221.609,445.26,221.567,2.345,2.346
154,105,gifted,180.101,165.248,180.101,165.248,,
154,106,basic,465.746,285.289,466.091,285.395,1.908,1.911
154,106,gifted,116.551,106.939,116.551,106.939,,
154,107,basic,508.109,265.007,506.345,264.225,2.551,2.546
154,109,basic,149.209,101.83,149.042,101.729,2.226,2.225
154,110,basic,397.73,218.459,398.109,218.644,2.136,2.137
154,113,basic,407.315,256.308,407.319,256.26,2.432,2.434
154,113,gifted,135.985,124.77,135.985,124.77,,
154,115,basic,140.007,82.979,140.0,82.976,1.746,1.746
154,117,basic,268.234,173.075,268.512,173.193,2.339,2.342
154,117,gifted,89.52,82.138,89.52,82.138,,
154,118,basic,275.133,149.678,275.318,149.744,2.172,2.174
154,130,basic,664.461,400.41,664.271,400.324,1.728,1.728
154,201,basic,77.405,50.308,77.835,50.473,1.018,1.035
154,202,basic,170.381,89.224,196.347,102.262,1.74,1.786
154,203,basic,265.622,178.901,264.441,178.297,1.379,1.37
154,204,basic,182.466,126.879,381.094,264.974,1.474,1.499
154,207,basic,0.0,0.0,122.419,88.038,,1.159
154,208,basic,204.367,164.336,0.0,0.0,1.293,
154,209,basic,146.414,50.286,239.94,81.689,0.778,0.849
154,210,basic,192.762,82.255,0.0,0.0,1.428,
154,211,basic,76.985,47.101,262.59,164.055,1.124,1.393
154,212,gifted,206.057,189.064,206.057,189.064,,
154,215,basic,120.546,68.384,120.073,68.483,1.003,0.972
154,218,basic,152.632,90.202,204.354,118.377,0.773,0.935
154,220,basic,90.976,72.213,0.0,0.0,1.577,
154,221,basic,162.493,106.635,252.884,168.067,1.113,1.059
154,222,basic,144.195,81.833,179.003,105.123,2.538,2.295
154,225,basic,83.471,41.467,82.227,40.868,1.276,1.272
154,226,basic,259.614,164.49,258.621,165.22,1.424,1.361
154,229,basic,259.67,205.432,0.0,0.0,1.159,
154,230,basic,103.781,67.435,209.763,133.835,1.071,1.234
154,233,basic,282.47,167.852,283.035,168.215,0.858,0.857
154,234,basic,76.38,59.887,0.0,0.0,1.23,
154,235,basic,82.79,50.844,138.189,84.791,1.336,1.368
154,236,basic,51.595,45.606,108.523,86.228,1.099,1.742
154,239,basic,281.118,165.004,0.0,0.0,1.72,
154,241,basic,387.988,135.347,826.998,284.683,2.016,2.34
154,242,basic,156.549,105.193,0.0,0.0,1.242,
154,243,basic,218.503,112.547,297.508,152.494,0.984,1.026
154,244,basic,38.001,35.527,38.681,36.171,1.178,1.202
154,245,basic,320.614,271.616,450.728,375.946,1.254,1.387
154,246,basic,239.305,121.891,400.08,201.557,1.205,1.299
154,247,basic,379.296,129.507,1045.458,343.678,1.687,2.352
154,248,basic,148.708,90.901,0.0,0.0,0.886,
154,249,basic,30.177,22.04,33.329,24.257,0.913,0.943
154,250,basic,89.161,63.393,142.829,102.753,0.971,0.875
154,251,basic,129.363,62.349,155.905,74.128,1.45,1.532
154,252,basic,223.447,155.287,223.457,155.578,1.481,1.467
154,255,basic,85.49,54.19,279.297,173.006,0.854,1.051
154,257,basic,117.097,97.348,411.982,332.189,1.083,1.342
154,259,basic,170.321,121.158,0.0,0.0,1.369,
154,261,basic,171.27,155.638,230.65,202.18,1.077,1.4
154,262,basic,186.6,138.216,335.781,245.487,1.073,1.178
154,264,basic,80.217,36.0,0.0,0.0,0.939,
154,266,basic,105.298,80.71,110.398,84.52,0.925,0.933
154,267,basic,117.22,99.287,132.026,111.622,1.045,1.06
154,268,basic,110.347,104.829,0.0,0.0,1.053,
154,269,basic,107.147,100.807,226.634,212.539,1.043,1.369
154,270,basic,145.377,97.829,504.664,343.444,1.545,1.494
154,272,basic,41.824,39.502,0.0,0.0,1.056,
154,275,basic,95.19,89.698,207.349,195.074,1.186,1.283
154,276,basic,151.218,73.189,318.307,156.097,1.118,1.327
154,277,basic,123.567,77.838,127.474,80.104,1.008,1.027
154,279,basic,93.49,40.458,130.281,56.084,0.994,1.038
154,281,basic,67.508,43.287,142.472,86.433,0.822,1.271
154,282,basic,80.905,57.924,93.724,65.758,0.903,1.065
154,286,basic,188.153,112.74,318.527,199.55,2.426,2.153
154,287,gifted,190.0,174.331,0.0,0.0,,
154,288,basic,190.5,161.42,190.286,162.162,1.557,1.52
154,289,basic,154.221,131.23,0.0,0.0,1.406,
154,291,basic,373.5,263.084,621.144,438.273,2.524,2.525
154,292,basic,566.296,325.799,772.346,442.308,1.565,1.502
154,930,basic,399.222,363.07,824.461,756.258,2.411,2.307
154,935,basic,438.429,305.836,0.0,0.0,2.007,
154,939,basic,222.469,110.502,0.0,0.0,1.815,
154,949,basic,374.117,308.564,0.0,0.0,1.618,
154,955,basic,44.758,42.52,0.0,0.0,2.839,
154,971,gifted,515.525,473.01,703.687,645.655,,
154,972,basic,263.608,194.797,0.0,0.0,1.95,
154,974,basic,86.944,78.472,92.194,82.775,1.25,1.307
154,977,basic,231.612,169.823,233.306,170.801,1.302,1.314
155,103,basic,266.752,237.435,266.776,237.46,1.638,1.638
155,104,basic,130.474,60.507,130.698,60.556,2.3,2.304
155,105,basic,432.917,227.934,432.882,227.88,2.266,2.267
155,105,gifted,178.415,164.134,178.415,164.134,,
155,106,basic,445.572,291.723,445.889,291.82,1.743,1.745
155,106,gifted,115.333,106.101,115.333,106.101,,
155,107,basic,511.075,279.83,509.32,279.064,2.475,2.47
155,109,basic,155.94,109.173,155.726,109.042,2.143,2.142
155,110,basic,401.428,224.478,401.77,224.636,2.173,2.174
155,113,basic,392.824,255.361,392.782,255.288,2.311,2.312
155,113,gifted,134.749,123.963,134.749,123.963,,
155,115,basic,146.499,92.556,146.492,92.551,1.73,1.73
155,117,basic,259.168,168.571,259.322,168.618,2.327,2.329
155,117,gifted,89.713,82.532,89.713,82.532,,
155,118,basic,254.236,146.111,254.405,146.166,2.111,2.113
155,130,basic,656.021,412.971,655.859,412.906,1.734,1.733
155,201,basic,77.812,50.836,78.132,50.87,0.992,1.01
155,202,basic,174.118,91.215,199.323,103.677,1.676,1.721
155,203,basic,241.435,160.323,240.099,159.646,1.333,1.325
155,204,basic,176.164,119.819,375.131,254.703,1.438,1.482
155,207,basic,0.0,0.0,121.158,85.047,,1.097
155,208,basic,206.715,163.182,0.0,0.0,1.26,
155,209,basic,157.635,59.505,254.556,94.956,0.761,0.832
155,210,basic,194.692,84.606,0.0,0.0,1.418,
155,211,basic,73.538,45.448,253.413,163.475,1.12,1.366
155,212,gifted,205.921,189.438,205.921,189.438,,
155,215,basic,117.477,69.247,117.179,69.342,0.899,0.883
155,218,basic,157.969,96.279,209.657,124.452,0.759,0.917
155,220,basic,90.544,70.147,0.0,0.0,1.376,
155,221,basic,159.03,104.153,250.451,165.244,0.971,0.97
155,222,basic,145.045,82.632,179.966,105.475,2.09,1.95
155,225,basic,84.358,42.917,83.261,42.374,1.259,1.257
155,226,basic,256.734,157.856,255.679,158.48,1.356,1.309
155,229,basic,252.161,193.964,0.0,0.0,1.152,
155,230,basic,108.08,71.041,216.141,138.476,1.025,1.197
155,233,basic,279.205,170.605,279.975,171.042,0.823,0.824
155,234,basic,80.31,61.494,0.0,0.0,1.209,
155,235,basic,81.712,50.471,136.724,83.933,1.214,1.275
155,236,basic,49.454,41.088,103.673,80.537,1.099,1.389
155,239,basic,283.038,162.378,0.0,0.0,1.747,
155,241,basic,384.434,138.653,824.842,294.906,1.923,2.243
155,242,basic,155.741,104.148,0.0,0.0,1.229,
155,243,basic,222.222,118.192,300.749,158.947,0.976,1.017
155,244,basic,35.94,33.254,36.532,33.77,1.143,1.173
155,245,basic,316.473,254.423,445.882,351.239,1.252,1.381
155,246,basic,228.736,120.505,386.446,200.733,1.143,1.233
155,247,basic,370.096,133.043,1037.354,356.577,1.606,2.308
155,248,basic,146.401,91.981,0.0,0.0,0.886,
155,249,basic,28.423,20.822,31.829,23.158,0.891,0.932
155,250,basic,90.306,64.179,147.032,106.093,0.974,0.882
155,251,basic,123.037,59.859,149.155,71.783,1.362,1.412
155,252,basic,243.787,161.775,243.822,162.094,1.458,1.448
155,255,basic,83.443,54.176,278.657,174.91,0.839,1.053
155,257,basic,124.015,98.735,420.579,321.875,1.085,1.335
155,259,basic,161.588,113.333,0.0,0.0,1.32,
155,261,basic,169.69,148.198,229.357,190.481,1.079,1.394
155,262,basic,189.627,138.231,341.608,244.218,1.069,1.184
155,264,basic,83.291,38.683,0.0,0.0,0.959,
155,266,basic,110.224,82.554,115.599,86.468,0.913,0.921
155,267,basic,113.549,94.088,128.433,106.128,1.02,1.036
155,268,basic,108.862,103.418,0.0,0.0,1.059,
155,269,basic,103.784,95.791,223.588,201.189,1.02,1.361
155,270,basic,172.448,111.936,542.586,358.972,1.584,1.518
155,272,basic,40.513,37.944,0.0,0.0,1.053,
155,275,basic,100.277,92.383,210.164,191.746,1.139,1.236
155,276,basic,151.77,74.685,320.68,162.756,1.142,1.332
155,277,basic,124.511,79.025,128.215,81.165,1.022,1.037
155,279,basic,109.24,49.577,148.447,66.991,1.008,1.045
155,281,basic,70.53,46.209,152.966,93.081,0.832,1.278
155,282,basic,69.61,50.192,80.725,56.772,0.884,1.031
155,286,basic,176.17,107.971,306.447,191.253,1.745,1.712
155,287,gifted,190.0,174.792,0.0,0.0,,
155,288,basic,193.563,158.674,193.602,159.176,1.364,1.35
155,289,basic,160.691,138.97,0.0,0.0,1.386,
155,291,basic,371.484,251.293,621.236,414.171,2.283,2.359
155,292,basic,563.646,333.775,768.748,449.842,1.506,1.46
155,930,basic,399.25,346.914,824.862,727.926,2.346,2.25
155,935,basic,437.735,300.698,0.0,0.0,1.883,
155,939,basic,219.955,111.177,0.0,0.0,1.765,
155,949,basic,374.664,311.157,0.0,0.0,1.517,
155,955,basic,43.621,41.44,0.0,0.0,2.687,
155,971,gifted,515.828,474.539,703.915,647.571,,
155,972,basic,264.045,190.467,0.0,0.0,1.865,
155,974,basic,89.102,78.473,94.137,82.268,1.202,1.258
155,977,basic,239.542,171.642,238.997,171.322,1.33,1.327
156,103,basic,275.038,243.886,275.06,243.903,1.626,1.626
156,104,basic,135.84,60.552,136.021,60.602,2.411,2.415
156,105,basic,437.829,224.245,437.831,224.215,2.321,2.322
156,105,gifted,178.471,163.966,178.471,163.966,,
156,106,basic,457.119,290.329,457.43,290.421,1.809,1.811
156,106,gifted,117.375,107.835,117.375,107.835,,
156,107,basic,494.486,261.737,492.624,260.915,2.545,2.54
156,109,basic,154.692,106.565,154.462,106.439,2.164,2.162
156,110,basic,402.562,228.931,402.779,229.033,2.155,2.155
156,113,basic,387.522,246.947,387.49,246.892,2.361,2.362
156,113,gifted,134.223,123.314,134.223,123.314,,
156,115,basic,149.25,90.731,149.243,90.727,1.735,1.735
156,117,basic,260.661,169.315,260.767,169.345,2.36,2.362
156,117,gifted,89.981,82.668,89.981,82.668,,
156,118,basic,257.546,144.915,257.738,144.983,2.091,2.093
156,130,basic,662.255,412.967,662.147,412.922,1.734,1.733
156,201,basic,80.466,50.833,80.04,50.547,1.139,1.14
156,202,basic,171.907,89.793,197.74,102.644,1.684,1.731
156,203,basic,264.833,175.192,263.818,174.685,1.341,1.334
156,204,basic,186.017,125.109,385.828,259.762,1.479,1.501
156,207,basic,0.0,0.0,123.408,87.734,,1.175
156,208,basic,207.897,165.328,0.0,0.0,1.285,
156,209,basic,146.991,54.175,235.836,86.126,0.777,0.842
156,210,basic,190.77,84.441,0.0,0.0,1.408,
156,211,basic,71.755,43.497,258.197,162.077,1.131,1.361
156,212,gifted,205.686,188.969,205.686,188.969,,
156,215,basic,116.349,68.262,116.247,68.367,0.893,0.881
156,218,basic,162.991,97.268,215.498,125.735,0.772,0.932
156,220,basic,90.487,69.471,0.0,0.0,1.501,
156,221,basic,162.699,107.92,253.534,170.335,1.056,1.015
156,222,basic,136.401,78.9,171.166,101.649,2.086,1.937
156,225,basic,80.856,40.96,79.786,40.435,1.219,1.216
156,226,basic,250.926,161.511,249.744,162.048,1.313,1.259
156,229,basic,253.65,194.396,0.0,0.0,1.158,
156,230,basic,111.928,71.816,220.697,138.815,1.055,1.213
156,233,basic,286.802,172.262,287.397,172.608,0.843,0.843
156,234,basic,77.291,58.559,0.0,0.0,1.212,
156,235,basic,88.909,55.142,145.829,90.019,1.239,1.295
156,236,basic,54.308,46.864,110.902,88.849,1.087,1.468
156,239,basic,273.803,157.034,0.0,0.0,1.733,
156,241,basic,385.578,139.7,825.591,295.956,1.957,2.279
156,242,basic,169.105,111.717,0.0,0.0,1.232,
156,243,basic,221.333,116.146,300.27,156.724,0.985,1.025
156,244,basic,35.522,33.095,36.006,33.524,1.12,1.148
156,245,basic,319.777,262.75,450.603,363.8,1.254,1.385
156,246,basic,241.553,124.328,400.438,204.125,1.2,1.274
156,247,basic,370.544,133.202,1035.669,358.273,1.619,2.292
156,248,basic,146.489,89.356,0.0,0.0,0.887,
156,249,basic,29.958,21.566,33.497,23.994,0.91,0.947
156,250,basic,87.937,61.213,144.359,101.928,0.977,0.875
156,251,basic,128.035,63.602,154.475,75.865,1.404,1.466
156,252,basic,246.355,168.608,246.296,168.827,1.446,1.435
156,255,basic,88.893,55.987,285.029,174.953,0.864,1.058
156,257,basic,124.145,100.161,418.572,326.735,1.1,1.346
156,259,basic,161.49,112.015,0.0,0.0,1.306,
156,261,basic,173.381,152.606,231.816,195.651,1.075,1.383
156,262,basic,192.21,139.339,345.043,246.151,1.08,1.193
156,264,basic,77.935,36.811,0.0,0.0,0.928,
156,266,basic,107.396,81.533,112.737,85.468,0.905,0.915
156,267,basic,113.512,93.512,128.592,105.688,1.026,1.043
156,268,basic,111.723,106.137,0.0,0.0,1.057,
156,269,basic,106.635,98.796,226.496,205.509,1.031,1.366
156,270,basic,154.149,100.262,525.278,345.925,1.539,1.491
156,272,basic,41.566,39.054,0.0,0.0,1.047,
156,275,basic,92.476,86.041,198.121,182.91,1.166,1.285
156,276,basic,154.223,76.819,322.672,164.381,1.138,1.327
156,277,basic,127.845,79.75,131.509,81.83,1.024,1.042
156,279,basic,105.125,47.229,142.182,63.54,1.001,1.041
156,281,basic,69.356,44.26,144.06,86.531,0.814,1.245
156,282,basic,71.195,49.864,81.661,56.013,0.906,1.052
156,286,basic,180.433,110.194,309.418,194.345,2.066,1.954
156,287,gifted,190.0,174.558,0.0,0.0,,
156,288,basic,187.365,155.917,187.218,156.353,1.376,1.356
156,289,basic,159.396,132.659,0.0,0.0,1.386,
156,291,basic,377.475,260.567,626.415,431.034,2.426,2.455
156,292,basic,561.505,327.109,768.247,443.845,1.532,1.479
156,930,basic,399.079,348.927,824.462,730.193,2.337,2.246
156,935,basic,437.298,300.304,0.0,0.0,1.937,
156,939,basic,218.458,110.426,0.0,0.0,1.817,
156,949,basic,384.562,307.506,0.0,0.0,1.585,
156,955,basic,47.627,45.246,0.0,0.0,2.71,
156,971,gifted,516.139,474.19,704.277,647.037,,
156,972,basic,263.045,191.175,0.0,0.0,1.887,
156,974,basic,86.306,74.624,92.186,79.017,1.194,1.26
156,977,basic,238.615,168.536,239.007,168.677,1.318,1.324
157,103,basic,273.382,253.211,273.367,253.197,1.667,1.667
157,104,basic,149.267,54.032,149.541,54.076,2.486,2.492
157,105,basic,427.45,189.773,427.385,189.714,2.316,2.317
157,105,gifted,177.095,163.263,177.095,163.263,,
157,106,basic,445.255,264.188,445.531,264.266,1.782,1.784
157,106,gifted,115.378,106.367,115.378,106.367,,
157,107,basic,515.806,245.16,514.061,244.489,2.542,2.537
157,109,basic,154.482,106.008,154.356,105.918,2.149,2.149
157,110,basic,385.463,195.442,385.948,195.653,2.1,2.101
157,113,basic,391.757,239.644,391.789,239.589,2.375,2.377
157,113,gifted,134.447,123.946,134.447,123.946,,
157,115,basic,142.484,79.295,142.476,79.292,1.735,1.735
157,117,basic,259.328,163.879,259.76,164.064,2.309,2.313
157,117,gifted,89.395,82.413,89.395,82.413,,
157,118,basic,267.546,134.271,267.73,134.327,2.132,2.133
157,130,basic,669.452,383.982,669.218,383.894,1.708,1.707
157,201,basic,75.936,49.615,76.046,49.593,1.063,1.074
157,202,basic,168.276,85.435,193.806,97.793,1.643,1.685
157,203,basic,267.463,186.349,266.433,185.829,1.348,1.341
157,204,basic,181.358,132.851,379.66,276.733,1.417,1.48
157,207,basic,0.0,0.0,123.784,93.751,,1.18
157,208,basic,204.367,175.266,0.0,0.0,1.262,
157,209,basic,141.74,40.29,235.192,66.095,0.769,0.843
157,210,basic,193.801,73.632,0.0,0.0,1.426,
157,211,basic,73.707,45.037,257.651,158.315,1.104,1.365
157,212,gifted,205.312,189.277,205.312,189.277,,
157,215,basic,121.167,69.734,121.097,69.85,0.862,0.852
157,218,basic,160.695,93.271,213.477,120.827,0.769,0.932
157,220,basic,91.812,77.508,0.0,0.0,1.544,
157,221,basic,168.28,113.985,259.509,178.354,1.074,1.032
157,222,basic,133.482,83.264,168.302,107.112,1.913,1.814
157,225,basic,78.891,36.774,77.8,36.274,1.243,1.242
157,226,basic,266.798,174.848,266.028,175.56,1.34,1.296
157,229,basic,255.921,219.305,0.0,0.0,1.165,
157,230,basic,110.881,73.437,219.351,141.898,1.029,1.199
157,233,basic,280.537,164.676,281.056,164.983,0.85,0.85
157,234,basic,74.967,64.045,0.0,0.0,1.193,
157,235,basic,86.13,54.385,143.072,89.842,1.22,1.281
157,236,basic,50.172,45.853,103.45,89.367,1.107,1.419
157,239,basic,270.911,157.294,0.0,0.0,1.729,
157,241,basic,384.514,113.791,825.112,238.029,1.944,2.257
157,242,basic,158.915,111.049,0.0,0.0,1.21,
157,243,basic,215.32,104.153,293.237,141.039,0.984,1.023
157,244,basic,35.749,33.665,36.286,34.157,1.15,1.183
157,245,basic,318.947,292.196,448.071,404.948,1.269,1.397
157,246,basic,228.536,109.528,386.153,183.514,1.203,1.264
157,247,basic,374.114,107.159,1038.48,279.435,1.619,2.281
157,248,basic,146.623,89.322,0.0,0.0,0.885,
157,249,basic,29.095,22.701,32.606,25.278,0.889,0.931
157,250,basic,92.764,68.614,144.554,108.629,0.98,0.876
157,251,basic,139.828,62.465,167.038,73.696,1.457,1.517
157,252,basic,244.565,176.346,244.583,176.563,1.48,1.472
157,255,basic,86.041,54.895,282.101,174.554,0.844,1.054
157,257,basic,124.322,111.915,422.431,370.199,1.117,1.342
157,259,basic,158.043,119.212,0.0,0.0,1.278,
157,261,basic,178.038,166.089,236.436,216.748,1.11,1.422
157,262,basic,182.39,143.594,332.074,256.574,1.068,1.189
157,264,basic,82.493,33.612,0.0,0.0,0.944,
157,266,basic,106.611,87.655,111.86,91.837,0.919,0.928
157,267,basic,114.372,106.902,130.163,121.479,1.05,1.066
157,268,basic,108.31,102.894,0.0,0.0,1.069,
157,269,basic,109.884,104.121,230.863,219.067,1.063,1.403
157,270,basic,153.48,107.27,519.438,365.901,1.488,1.478
157,272,basic,41.863,39.673,0.0,0.0,1.051,
157,275,basic,94.181,89.189,200.925,190.563,1.174,1.281
157,276,basic,151.675,67.974,319.405,143.512,1.124,1.322
157,277,basic,125.369,79.072,128.958,81.115,1.004,1.021
157,279,basic,102.828,39.606,139.93,53.609,0.992,1.028
157,281,basic,63.326,40.89,138.722,83.654,0.828,1.275
157,282,basic,74.276,55.446,85.137,62.155,0.901,1.044
157,286,basic,177.088,114.41,306.684,203.874,2.048,1.942
157,287,gifted,190.0,175.161,0.0,0.0,,
157,288,basic,190.39,170.588,190.513,171.226,1.444,1.428
157,289,basic,156.043,139.127,0.0,0.0,1.396,
157,291,basic,375.789,277.997,625.038,461.007,2.4,2.447
157,292,basic,562.525,312.02,768.153,425.02,1.517,1.468
157,930,basic,399.156,373.812,824.672,774.963,2.382,2.288
157,935,basic,437.481,315.463,0.0,0.0,1.889,
157,939,basic,222.131,102.589,0.0,0.0,1.79,
157,949,basic,381.997,329.437,0.0,0.0,1.623,
157,955,basic,46.295,43.98,0.0,0.0,2.778,
157,971,gifted,515.32,475.072,703.45,648.509,,
157,972,basic,257.383,199.581,0.0,0.0,1.86,
157,974,basic,86.205,80.141,91.387,84.901,1.236,1.298
157,977,basic,235.073,182.611,235.504,182.78,1.296,1.302
158,103,basic,271.245,249.276,271.232,249.267,1.653,1.653
158,104,basic,138.576,49.782,138.935,49.827,2.58,2.589
158,105,basic,480.703,217.81,480.633,217.74,2.318,2.319
158,105,gifted,185.731,169.946,185.731,169.946,,
158,106,basic,450.62,270.402,450.868,270.479,1.764,1.766
158,106,gifted,115.454,105.642,115.454,105.642,,
158,107,basic,522.129,254.553,520.501,253.934,2.479,2.474
158,109,basic,153.846,104.165,153.8,104.097,2.174,2.176
158,110,basic,403.716,201.059,404.238,201.283,2.055,2.056
158,113,basic,399.109,244.333,399.2,244.26,2.39,2.392
158,113,gifted,135.635,124.108,135.635,124.108,,
158,115,basic,149.611,85.817,149.603,85.814,1.728,1.728
158,117,basic,244.655,152.218,245.253,152.475,2.266,2.27
158,117,gifted,89.331,81.739,89.331,81.739,,
158,118,basic,262.962,133.961,263.142,134.017,2.13,2.131
158,130,basic,662.373,373.817,662.05,373.704,1.714,1.713
158,201,basic,78.937,52.519,78.648,52.285,1.017,1.02
158,202,basic,169.392,85.894,194.627,98.049,1.655,1.696
158,203,basic,259.984,182.279,258.725,181.636,1.32,1.313
158,204,basic,181.073,132.357,381.465,278.636,1.431,1.469
158,207,basic,0.0,0.0,125.505,92.351,,1.082
158,208,basic,204.112,171.82,0.0,0.0,1.254,
158,209,basic,147.129,42.591,241.679,69.059,0.766,0.84
158,210,basic,193.634,72.529,0.0,0.0,1.395,
158,211,basic,78.637,48.843,262.626,165.351,1.114,1.364
158,212,gifted,205.728,188.244,205.728,188.244,,
158,215,basic,119.049,65.363,118.523,65.429,0.975,0.953
158,218,basic,153.655,90.936,203.71,117.341,0.747,0.902
158,220,basic,90.274,75.768,0.0,0.0,1.447,
158,221,basic,161.626,106.191,251.774,166.532,0.977,0.98
158,222,basic,151.887,87.702,186.494,111.385,2.264,2.099
158,225,basic,99.585,46.704,98.633,46.278,1.263,1.261
158,226,basic,263.122,161.432,261.911,162.677,1.352,1.286
158,229,basic,248.528,212.787,0.0,0.0,1.14,
158,230,basic,112.979,76.216,219.415,144.394,1.047,1.208
158,233,basic,279.707,165.396,280.434,165.825,0.842,0.843
158,234,basic,75.755,64.756,0.0,0.0,1.191,
158,235,basic,79.391,49.144,133.626,81.889,1.181,1.263
158,236,basic,51.082,45.954,108.814,89.06,1.058,1.515
158,239,basic,265.026,154.574,0.0,0.0,1.716,
158,241,basic,383.084,113.836,822.503,237.806,1.889,2.22
158,242,basic,156.71,109.1,0.0,0.0,1.228,
158,243,basic,220.602,108.044,299.803,145.87,0.992,1.032
158,244,basic,34.87,32.645,35.368,33.117,1.181,1.203
158,245,basic,318.502,283.474,449.726,392.71,1.258,1.393
158,246,basic,245.551,119.28,405.41,194.411,1.197,1.277
158,247,basic,366.268,105.598,1032.868,278.009,1.592,2.289
158,248,basic,146.179,91.107,0.0,0.0,0.89,
158,249,basic,28.304,21.802,31.485,24.152,0.912,0.939
158,250,basic,85.627,64.776,141.248,108.725,0.968,0.866
158,251,basic,132.207,57.122,159.887,68.236,1.432,1.484
158,252,basic,244.057,170.388,244.023,170.879,1.493,1.476
158,255,basic,88.228,57.576,282.892,178.644,0.854,1.056
158,257,basic,125.617,111.699,422.042,361.834,1.068,1.318
158,259,basic,164.381,124.251,0.0,0.0,1.361,
158,261,basic,169.455,157.577,228.347,206.596,1.071,1.397
158,262,basic,185.9,145.321,337.552,258.776,1.073,1.185
158,264,basic,77.158,30.613,0.0,0.0,0.902,
158,266,basic,105.557,84.287,110.812,88.326,0.936,0.945
158,267,basic,122.7,112.969,137.858,126.726,1.039,1.05
158,268,basic,107.99,102.591,0.0,0.0,1.076,
158,269,basic,110.051,104.053,228.858,216.865,1.04,1.372
158,270,basic,167.553,117.885,539.581,386.078,1.517,1.47
158,272,basic,41.613,39.36,0.0,0.0,1.084,
158,275,basic,95.768,90.552,206.078,195.305,1.201,1.313
158,276,basic,155.822,68.392,324.363,143.658,1.124,1.317
158,277,basic,119.893,77.197,123.542,79.294,1.006,1.024
158,279,basic,97.065,37.713,135.226,52.223,1.005,1.042
158,281,basic,71.117,47.25,151.808,93.557,0.821,1.257
158,282,basic,75.95,58.276,87.684,65.54,0.901,1.05
158,286,basic,178.533,107.382,309.222,193.31,2.05,1.916
158,287,gifted,190.0,173.853,0.0,0.0,,
158,288,basic,197.542,174.014,197.492,175.126,1.47,1.439
158,289,basic,159.309,145.489,0.0,0.0,1.407,
158,291,basic,381.563,269.262,632.352,445.81,2.403,2.43
158,292,basic,563.947,316.611,770.075,430.235,1.494,1.448
158,930,basic,398.92,369.559,824.528,769.491,2.432,2.319
158,935,basic,437.599,314.358,0.0,0.0,1.894,
158,939,basic,217.89,99.323,0.0,0.0,1.761,
158,949,basic,382.228,333.563,0.0,0.0,1.62,
158,955,basic,46.152,43.844,0.0,0.0,2.841,
158,971,gifted,515.802,471.967,703.929,644.106,,
158,972,basic,261.709,199.828,0.0,0.0,1.887,
158,974,basic,86.617,80.15,92.233,85.325,1.255,1.32
158,977,basic,230.623,181.435,231.505,181.917,1.308,1.315
159,103,basic,253.419,211.987,253.435,212.001,1.649,1.649
159,104,basic,125.584,55.051,125.737,55.078,2.36,2.363
159,105,basic,419.379,206.4,419.324,206.331,2.265,2.266
159,105,gifted,173.494,160.759,173.494,160.759,,
159,106,basic,441.551,275.325,441.698,275.343,1.768,1.769
159,106,gifted,114.198,105.816,114.198,105.816,,
159,107,basic,503.326,251.946,501.598,251.299,2.478,2.474
159,109,basic,145.577,95.182,145.453,95.106,2.106,2.106
159,110,basic,409.469,231.396,409.901,231.595,2.083,2.084
159,113,basic,374.274,217.771,374.334,217.708,2.412,2.414
159,113,gifted,130.921,121.311,130.921,121.311,,
159,115,basic,147.091,87.634,147.077,87.628,1.745,1.744
159,117,basic,257.762,159.303,258.091,159.403,2.289,2.292
159,117,gifted,89.294,82.739,89.294,82.739,,
159,118,basic,268.484,143.95,268.725,144.023,2.152,2.154
159,130,basic,659.605,418.046,659.397,417.976,1.664,1.663
159,201,basic,75.845,51.736,76.943,52.089,0.94,0.97
159,202,basic,171.193,91.305,196.882,104.104,1.626,1.669
159,203,basic,259.885,173.681,258.699,173.185,1.342,1.334
159,204,basic,182.051,122.426,379.491,255.558,1.437,1.47
159,207,basic,0.0,0.0,131.428,99.279,,1.1
159,208,basic,207.926,166.437,0.0,0.0,1.248,
159,209,basic,151.352,66.566,242.875,105.419,0.779,0.839
159,210,basic,191.448,92.691,0.0,0.0,1.401,
159,211,basic,82.931,52.754,270.649,171.166,1.114,1.36
159,212,gifted,205.706,190.607,205.706,190.607,,
159,215,basic,118.265,76.427,117.637,76.671,0.915,0.887
159,218,basic,152.35,99.743,205.571,129.704,0.761,0.925
159,220,basic,94.849,71.478,0.0,0.0,1.456,
159,221,basic,166.79,121.397,254.608,187.141,0.946,0.946
159,222,basic,146.812,82.12,181.513,105.092,1.978,1.848
159,225,basic,90.735,48.806,89.69,48.267,1.253,1.251
159,226,basic,261.109,178.23,259.96,179.911,1.28,1.222
159,229,basic,255.111,198.121,0.0,0.0,1.152,
159,230,basic,120.694,81.144,231.45,150.197,1.013,1.192
159,233,basic,284.084,186.739,284.302,186.925,0.828,0.827
159,234,basic,73.277,55.713,0.0,0.0,1.21,
159,235,basic,84.158,55.403,139.69,91.047,1.19,1.263
159,236,basic,45.175,39.081,98.032,78.107,1.047,1.376
159,239,basic,283.42,163.37,0.0,0.0,1.687,
159,241,basic,385.125,148.553,823.933,307.983,1.918,2.182
159,242,basic,158.609,108.563,0.0,0.0,1.213,
159,243,basic,217.627,124.865,297.191,169.017,0.987,1.029
159,244,basic,35.877,32.73,36.456,33.222,1.077,1.101
159,245,basic,321.792,268.201,449.275,365.305,1.241,1.365
159,246,basic,238.719,133.463,398.51,218.494,1.127,1.218
159,247,basic,377.3,149.072,1042.467,375.347,1.59,2.229
159,248,basic,145.831,95.599,0.0,0.0,0.878,
159,249,basic,30.012,22.974,33.439,25.431,0.887,0.918
159,250,basic,84.73,61.401,139.039,102.958,0.956,0.857
159,251,basic,130.257,70.602,157.185,83.93,1.351,1.407
159,252,basic,244.236,169.408,244.116,169.851,1.41,1.397
159,255,basic,90.022,60.205,286.6,185.006,0.878,1.052
159,257,basic,124.998,103.609,419.811,330.68,1.059,1.305
159,259,basic,159.522,111.67,0.0,0.0,1.255,
159,261,basic,172.908,150.457,235.478,191.701,1.079,1.404
159,262,basic,182.203,137.371,333.546,244.866,1.054,1.172
159,264,basic,79.08,43.616,0.0,0.0,0.888,
159,266,basic,108.266,87.161,113.559,91.312,0.89,0.895
159,267,basic,117.354,99.667,132.904,112.529,1.046,1.06
159,268,basic,108.39,102.965,0.0,0.0,1.065,
159,269,basic,107.658,97.997,226.257,198.823,1.006,1.334
159,270,basic,164.631,106.883,539.375,353.693,1.445,1.451
159,272,basic,40.109,37.233,0.0,0.0,0.988,
159,275,basic,93.488,85.381,203.086,182.859,1.132,1.252
159,276,basic,153.778,85.633,322.388,178.498,1.106,1.303
159,277,basic,125.486,82.239,128.771,84.121,1.023,1.037
159,279,basic,110.859,55.886,150.061,75.176,1.011,1.042
159,281,basic,60.771,41.566,129.305,80.621,0.8,1.213
159,282,basic,79.767,58.632,91.095,64.871,0.848,0.985
159,286,basic,182.297,113.948,313.088,201.082,1.812,1.759
159,287,gifted,190.0,176.054,0.0,0.0,,
159,288,basic,196.471,159.586,196.198,160.268,1.346,1.327
159,289,basic,158.016,124.808,0.0,0.0,1.371,
159,291,basic,372.649,245.791,621.881,403.996,2.212,2.295
159,292,basic,563.286,336.711,768.712,458.513,1.46,1.422
159,930,basic,398.711,311.176,824.335,656.979,2.243,2.152
159,935,basic,437.653,287.714,0.0,0.0,1.824,
159,939,basic,219.447,115.814,0.0,0.0,1.7,
159,949,basic,379.886,284.445,0.0,0.0,1.582,
159,955,basic,45.904,43.527,0.0,0.0,2.87,
159,971,gifted,516.095,478.213,704.135,652.451,,
159,972,basic,257.365,178.516,0.0,0.0,1.823,
159,974,basic,86.041,71.784,92.031,75.827,1.182,1.244
159,977,basic,244.576,171.72,242.772,170.849,1.332,1.321
160,103,basic,269.55,239.209,269.557,239.219,1.639,1.639
160,104,basic,117.026,48.295,117.3,48.354,2.49,2.499
160,105,basic,427.999,210.688,427.964,210.645,2.32,2.32
160,105,gifted,176.47,162.165,176.47,162.165,,
160,106,basic,461.089,278.114,461.404,278.222,1.847,1.849
160,106,gifted,116.923,107.444,116.923,107.444,,
160,107,basic,483.939,251.472,482.129,250.669,2.509,2.504
160,109,basic,145.593,98.84,145.498,98.761,2.109,2.11
160,110,basic,408.743,209.302,409.273,209.544,2.179,2.18
160,113,basic,398.744,250.926,398.746,250.855,2.366,2.368
160,113,gifted,136.516,125.449,136.516,125.449,,
160,115,basic,151.164,89.13,151.156,89.126,1.728,1.728
160,117,basic,252.041,156.18,252.517,156.398,2.352,2.356
160,117,gifted,89.21,81.978,89.21,81.978,,
160,118,basic,272.373,145.779,272.543,145.839,2.163,2.165
160,130,basic,668.736,380.012,668.514,379.939,1.762,1.761
160,201,basic,79.685,52.469,79.379,52.216,1.106,1.113
160,202,basic,171.045,92.006,196.741,105.22,1.669,1.717
160,203,basic,257.01,178.957,255.902,178.334,1.326,1.319
160,204,basic,187.558,134.307,388.619,279.001,1.499,1.503
160,207,basic,0.0,0.0,121.073,84.958,,1.141
160,208,basic,199.586,159.376,0.0,0.0,1.289,
160,209,basic,156.181,51.624,253.844,83.218,0.793,0.861
160,210,basic,192.219,79.017,0.0,0.0,1.427,
160,211,basic,70.666,44.561,253.056,161.534,1.104,1.387
160,212,gifted,206.232,189.514,206.232,189.514,,
160,215,basic,116.578,65.642,116.477,65.715,0.889,0.877
160,218,basic,154.501,92.213,206.674,120.897,0.772,0.936
160,220,basic,85.562,70.967,0.0,0.0,1.438,
160,221,basic,161.981,103.194,253.05,162.626,1.042,1.013
160,222,basic,143.43,90.58,180.313,116.093,1.984,1.859
160,225,basic,80.761,40.406,79.739,39.901,1.259,1.257
160,226,basic,256.187,155.457,255.382,155.886,1.403,1.356
160,229,basic,245.346,199.074,0.0,0.0,1.17,
160,230,basic,116.013,78.116,223.105,147.625,1.066,1.224
160,233,basic,281.886,168.374,282.942,168.965,0.84,0.842
160,234,basic,79.749,64.888,0.0,0.0,1.22,
160,235,basic,81.587,50.245,138.982,85.164,1.227,1.289
160,236,basic,51.076,44.459,105.473,87.733,1.089,1.351
160,239,basic,285.6,171.537,0.0,0.0,1.754,
160,241,basic,385.862,132.69,826.551,279.815,1.968,2.283
160,242,basic,158.803,108.81,0.0,0.0,1.25,
160,243,basic,215.333,111.04,294.965,151.373,0.986,1.028
160,244,basic,38.1,35.805,38.676,36.329,1.179,1.212
160,245,basic,318.938,268.226,448.963,371.686,1.246,1.38
160,246,basic,242.011,123.524,403.005,204.418,1.258,1.316
160,247,basic,365.765,122.401,1031.752,330.286,1.649,2.321
160,248,basic,141.477,88.853,0.0,0.0,0.887,
160,249,basic,31.199,23.074,34.804,25.617,0.897,0.937
160,250,basic,80.087,59.158,132.896,99.312,0.973,0.877
160,251,basic,129.654,59.835,156.656,71.759,1.439,1.483
160,252,basic,233.375,161.342,233.311,161.621,1.494,1.478
160,255,basic,90.618,59.132,289.892,184.709,0.858,1.064
160,257,basic,124.044,103.75,421.927,343.343,1.095,1.33
160,259,basic,158.54,118.754,0.0,0.0,1.318,
160,261,basic,179.817,165.021,239.352,212.973,1.081,1.393
160,262,basic,186.83,140.443,341.634,253.071,1.085,1.204
160,264,basic,79.748,33.557,0.0,0.0,0.948,
160,266,basic,109.716,83.12,115.222,87.201,0.942,0.95
160,267,basic,122.622,105.005,137.969,117.912,1.021,1.037
160,268,basic,110.888,105.344,0.0,0.0,1.06,
160,269,basic,104.233,98.352,222.922,210.363,0.999,1.354
160,270,basic,156.396,110.437,520.674,370.657,1.533,1.503
160,272,basic,42.317,40.037,0.0,0.0,1.069,
160,275,basic,96.779,91.333,205.329,193.741,1.196,1.297
160,276,basic,147.933,68.696,316.083,148.18,1.144,1.337
160,277,basic,124.101,80.297,127.437,82.296,1.021,1.037
160,279,basic,104.132,44.18,141.259,59.689,1.021,1.057
160,281,basic,64.066,42.383,141.033,88.241,0.833,1.292
160,282,basic,75.095,56.205,86.075,63.255,0.911,1.059
160,286,basic,177.747,109.103,308.684,194.592,2.054,1.916
160,287,gifted,190.0,174.598,0.0,0.0,,
160,288,basic,183.177,161.967,183.287,162.462,1.384,1.369
160,289,basic,156.56,139.306,0.0,0.0,1.398,
160,291,basic,375.702,265.868,627.323,441.456,2.405,2.46
160,292,basic,563.045,323.909,768.564,440.842,1.556,1.497
160,930,basic,399.039,373.236,824.504,774.198,2.379,2.284
160,935,basic,438.467,314.732,0.0,0.0,1.921,
160,939,basic,218.443,105.546,0.0,0.0,1.814,
160,949,basic,380.77,328.374,0.0,0.0,1.595,
160,955,basic,46.748,44.411,0.0,0.0,2.758,
160,971,gifted,516.197,474.352,704.282,647.19,,
160,972,basic,257.809,194.974,0.0,0.0,1.876,
160,974,basic,86.461,80.091,91.426,84.565,1.258,1.317
160,977,basic,236.732,180.765,235.463,179.95,1.355,1.348
161,103,basic,270.694,256.046,270.715,256.063,1.626,1.626
161,104,basic,139.224,59.781,139.458,59.835,2.608,2.613
161,105,basic,447.073,235.638,447.051,235.595,2.303,2.304
161,105,gifted,182.01,167.244,182.01,167.244,,
161,106,basic,458.34,309.439,458.646,309.537,1.794,1.796
161,106,gifted,115.642,106.261,115.642,106.261,,
161,107,basic,520.809,291.071,519.068,290.262,2.503,2.499
161,109,basic,161.532,121.112,161.305,120.974,2.258,2.257
161,110,basic,381.458,222.058,381.709,222.182,2.135,2.136
161,113,basic,388.31,267.688,388.294,267.613,2.406,2.407
161,113,gifted,133.529,122.697,133.529,122.697,,
161,115,basic,141.202,90.591,141.198,90.589,1.732,1.732
161,117,basic,253.488,178.386,253.596,178.423,2.35,2.352
161,117,gifted,89.811,82.525,89.811,82.525,,
161,118,basic,263.618,154.455,263.763,154.506,2.108,2.11
161,130,basic,660.68,427.087,660.555,427.031,1.761,1.76
161,201,basic,77.651,47.65,77.028,47.287,1.122,1.119
161,202,basic,167.1,82.124,192.067,93.889,1.687,1.728
161,203,basic,265.359,172.736,264.312,172.226,1.369,1.361
161,204,basic,166.714,112.742,367.781,248.767,1.469,1.496
161,207,basic,0.0,0.0,121.619,84.506,,1.173
161,208,basic,204.737,168.128,0.0,0.0,1.34,
161,209,basic,155.119,46.298,251.514,74.388,0.776,0.842
161,210,basic,193.646,74.04,0.0,0.0,1.429,
161,211,basic,76.781,44.793,262.731,166.881,1.111,1.373
161,212,gifted,205.3,188.645,205.3,188.645,,
161,215,basic,114.594,62.017,114.423,62.096,0.917,0.903
161,218,basic,153.875,85.935,205.798,112.345,0.763,0.927
161,220,basic,93.138,74.394,0.0,0.0,1.471,
161,221,basic,163.81,102.863,253.171,161.195,1.086,1.036
161,222,basic,141.521,79.244,175.998,101.515,2.268,2.09
161,225,basic,76.407,35.233,75.301,34.737,1.224,1.221
161,226,basic,254.6,154.493,253.536,155.119,1.364,1.308
161,229,basic,247.432,193.466,0.0,0.0,1.153,
161,230,basic,100.036,62.924,204.486,125.601,1.012,1.199
161,233,basic,286.796,161.172,287.543,161.579,0.85,0.85
161,234,basic,75.563,58.908,0.0,0.0,1.19,
161,235,basic,85.358,50.107,141.533,82.871,1.296,1.34
161,236,basic,57.168,50.186,116.413,94.076,1.1,1.541
161,239,basic,262.93,145.833,0.0,0.0,1.747,
161,241,basic,385.661,119.114,825.725,258.139,1.927,2.305
161,242,basic,158.044,102.867,0.0,0.0,1.229,
161,243,basic,221.464,105.198,301.071,142.268,0.999,1.039
161,244,basic,34.45,32.264,35.004,32.78,1.153,1.179
161,245,basic,317.354,268.201,447.712,371.517,1.232,1.371
161,246,basic,242.066,113.839,399.704,186.572,1.222,1.281
161,247,basic,365.583,109.736,1030.155,309.822,1.616,2.322
161,248,basic,146.804,85.387,0.0,0.0,0.893,
161,249,basic,32.412,23.215,35.852,25.564,0.891,0.925
161,250,basic,87.841,60.778,144.201,101.119,0.968,0.87
161,251,basic,135.877,59.735,162.986,70.827,1.442,1.505
161,252,basic,238.813,159.622,238.843,159.881,1.491,1.481
161,255,basic,86.171,52.351,278.665,164.703,0.839,1.047
161,257,basic,120.684,99.276,414.177,329.76,1.085,1.332
161,259,basic,161.004,112.041,0.0,0.0,1.344,
161,261,basic,177.509,161.132,235.09,205.972,1.087,1.384
161,262,basic,179.776,130.24,332.929,237.142,1.067,1.189
161,264,basic,74.908,30.434,0.0,0.0,0.904,
161,266,basic,107.395,80.467,112.524,84.2,0.922,0.931
161,267,basic,113.347,96.238,128.232,108.614,1.025,1.042
161,268,basic,110.741,105.204,0.0,0.0,1.052,
161,269,basic,105.019,98.865,224.662,211.186,1.05,1.394
161,270,basic,159.862,104.269,532.291,351.494,1.532,1.485
161,272,basic,40.768,38.517,0.0,0.0,1.055,
161,275,basic,95.027,89.471,203.444,191.47,1.182,1.296
161,276,basic,151.657,66.703,319.812,150.127,1.148,1.336
161,277,basic,126.959,76.127,130.813,78.253,1.026,1.042
161,279,basic,100.431,39.075,138.404,53.529,1.0,1.045
161,281,basic,69.25,42.577,147.863,85.459,0.818,1.266
161,282,basic,71.458,49.808,82.33,56.214,0.908,1.055
161,286,basic,185.298,108.43,316.672,192.043,2.224,2.052
161,287,gifted,190.0,174.586,0.0,0.0,,
161,288,basic,186.276,160.11,186.376,160.839,1.416,1.394
161,289,basic,158.239,143.68,0.0,0.0,1.401,
161,291,basic,379.544,270.359,629.437,446.805,2.582,2.581
161,292,basic,565.005,325.566,769.884,434.177,1.533,1.483
161,930,basic,399.118,365.475,824.524,760.608,2.399,2.312
161,935,basic,437.795,314.676,0.0,0.0,1.976,
161,939,basic,223.245,105.99,0.0,0.0,1.87,
161,949,basic,382.235,327.237,0.0,0.0,1.62,
161,955,basic,46.345,44.027,0.0,0.0,2.716,
161,971,gifted,515.349,473.542,703.457,646.389,,
161,972,basic,266.606,203.021,0.0,0.0,1.93,
161,974,basic,85.223,77.568,90.939,82.314,1.202,1.267
161,977,basic,238.3,170.973,238.628,171.128,1.316,1.32
162,103,basic,269.793,235.963,269.79,235.966,1.64,1.639
162,104,basic,117.641,49.1,117.851,49.138,2.253,2.258
162,105,basic,428.325,209.03,428.259,208.957,2.277,2.278
162,105,gifted,176.531,162.856,176.531,162.856,,
162,106,basic,465.572,285.522,465.83,285.572,1.77,1.772
162,106,gifted,117.336,108.247,117.336,108.247,,
162,107,basic,533.299,268.03,531.58,267.392,2.484,2.48
162,109,basic,145.78,97.399,145.663,97.319,2.028,2.028
162,110,basic,398.444,198.069,398.953,198.28,2.114,2.115
162,113,basic,375.72,232.393,375.737,232.34,2.302,2.303
162,113,gifted,131.212,121.048,131.212,121.048,,
162,115,basic,146.069,88.518,146.059,88.514,1.728,1.728
162,117,basic,253.519,149.677,254.039,149.863,2.308,2.312
162,117,gifted,89.206,82.295,89.206,82.295,,
162,118,basic,261.957,139.814,262.148,139.865,2.103,2.105
162,130,basic,643.503,365.315,643.217,365.23,1.679,1.678
162,201,basic,77.315,54.251,77.957,54.413,0.955,0.976
162,202,basic,161.14,86.562,186.037,99.121,1.562,1.604
162,203,basic,266.514,187.872,265.349,187.364,1.327,1.319
162,204,basic,185.113,133.609,383.026,275.664,1.41,1.461
162,207,basic,0.0,0.0,130.65,91.282,,1.076
162,208,basic,210.874,170.82,0.0,0.0,1.237,
162,209,basic,142.664,50.238,236.902,82.274,0.777,0.842
162,210,basic,192.613,78.953,0.0,0.0,1.385,
162,211,basic,81.73,53.728,265.962,177.054,1.105,1.347
162,212,gifted,205.708,189.772,205.708,189.772,,
162,215,basic,121.145,67.383,120.758,67.683,0.956,0.93
162,218,basic,158.34,100.914,209.46,129.384,0.763,0.91
162,220,basic,93.526,76.227,0.0,0.0,1.368,
162,221,basic,159.214,102.688,247.973,160.596,0.911,0.931
162,222,basic,153.745,90.022,190.242,114.888,2.044,1.924
162,225,basic,96.139,49.395,95.22,48.94,1.22,1.219
162,226,basic,261.26,152.567,260.138,153.861,1.321,1.264
162,229,basic,256.027,212.743,0.0,0.0,1.141,
162,230,basic,114.598,81.511,224.864,154.806,1.024,1.199
162,233,basic,279.124,175.778,279.744,176.162,0.821,0.822
162,234,basic,77.311,63.862,0.0,0.0,1.207,
162,235,basic,89.727,53.53,149.22,88.886,1.297,1.338
162,236,basic,47.553,41.205,102.269,79.242,0.997,1.434
162,239,basic,268.397,161.215,0.0,0.0,1.654,
162,241,basic,384.692,128.448,824.006,268.515,1.906,2.188
162,242,basic,157.693,109.978,0.0,0.0,1.212,
162,243,basic,212.367,115.663,291.063,157.013,0.958,1.006
162,244,basic,39.864,37.019,40.475,37.589,1.135,1.157
162,245,basic,319.053,262.623,450.137,361.109,1.229,1.361
162,246,basic,225.663,120.831,383.905,201.95,1.127,1.216
162,247,basic,374.056,124.803,1039.609,320.454,1.594,2.251
162,248,basic,147.726,98.215,0.0,0.0,0.891,
162,249,basic,26.564,20.059,29.588,22.2,0.907,0.94
162,250,basic,87.185,68.183,141.192,112.658,0.962,0.866
162,251,basic,129.198,58.702,156.713,70.17,1.37,1.426
162,252,basic,232.81,159.901,232.876,160.337,1.425,1.414
162,255,basic,87.918,61.196,281.716,188.59,0.846,1.042
162,257,basic,125.418,106.536,423.5,343.668,1.084,1.324
162,259,basic,159.613,123.887,0.0,0.0,1.258,
162,261,basic,171.291,155.357,231.272,199.399,1.065,1.379
162,262,basic,175.543,135.404,323.605,243.858,1.066,1.175
162,264,basic,83.756,35.574,0.0,0.0,0.925,
162,266,basic,103.317,80.294,108.409,84.101,0.906,0.913
162,267,basic,111.737,95.977,127.294,108.928,1.014,1.032
162,268,basic,104.114,98.908,0.0,0.0,1.065,
162,269,basic,105.617,98.338,225.423,208.278,1.081,1.4
162,270,basic,157.685,114.471,525.732,384.182,1.403,1.426
162,272,basic,41.898,39.397,0.0,0.0,1.081,
162,275,basic,95.717,89.309,205.264,190.326,1.15,1.256
162,276,basic,154.172,72.567,322.516,152.852,1.113,1.306
162,277,basic,127.204,86.951,130.695,89.074,1.013,1.027
162,279,basic,109.414,48.472,149.949,66.054,1.01,1.04
162,281,basic,64.243,45.563,140.637,91.089,0.821,1.251
162,282,basic,70.252,56.202,81.695,63.26,0.894,1.045
162,286,basic,177.755,104.216,308.166,184.512,1.722,1.694
162,287,gifted,190.0,175.281,0.0,0.0,,
162,288,basic,191.001,164.768,191.049,165.758,1.365,1.345
162,289,basic,156.973,142.863,0.0,0.0,1.402,
162,291,basic,368.321,249.737,617.528,411.135,2.166,2.264
162,292,basic,567.655,334.932,774.903,454.87,1.473,1.431
162,930,basic,398.524,359.237,823.957,750.449,2.357,2.26
162,935,basic,437.926,313.466,0.0,0.0,1.818,
162,939,basic,219.835,104.48,0.0,0.0,1.691,
162,949,basic,377.517,324.982,0.0,0.0,1.589,
162,955,basic,45.36,43.092,0.0,0.0,2.834,
162,971,gifted,515.971,476.001,704.057,649.516,,
162,972,basic,254.14,188.708,0.0,0.0,1.865,
162,974,basic,87.744,80.135,92.926,84.681,1.241,1.3
162,977,basic,236.407,185.153,235.34,184.513,1.32,1.315
163,103,basic,277.062,229.049,277.028,229.037,1.654,1.654
163,104,basic,132.033,54.922,132.315,54.967,2.15,2.157
163,105,basic,438.805,202.24,438.671,202.153,2.34,2.341
163,105,gifted,180.621,165.927,180.621,165.927,,
163,106,basic,453.805,265.4,454.072,265.477,1.744,1.746
163,106,gifted,116.263,106.804,116.263,106.804,,
163,107,basic,551.481,261.036,549.819,260.413,2.574,2.57
163,109,basic,147.434,94.074,147.345,93.988,2.044,2.046
163,110,basic,399.49,203.694,400.126,203.973,2.156,2.158
163,113,basic,386.002,227.07,385.992,226.997,2.293,2.295
163,113,gifted,134.454,123.516,134.454,123.516,,
163,115,basic,147.698,82.089,147.69,82.085,1.729,1.729
163,117,basic,256.738,151.419,257.353,151.673,2.315,2.32
163,117,gifted,89.57,82.283,89.57,82.283,,
163,118,basic,267.958,136.227,268.043,136.244,2.1,2.102
163,130,basic,668.472,373.82,668.13,373.724,1.751,1.749
163,201,basic,76.987,52.155,77.222,52.156,1.057,1.074
163,202,basic,168.86,91.932,193.978,104.983,1.651,1.691
163,203,basic,251.323,177.374,250.039,176.647,1.291,1.284
163,204,basic,167.737,119.972,367.985,262.445,1.43,1.48
163,207,basic,0.0,0.0,130.209,98.65,,1.065
163,208,basic,205.247,166.193,0.0,0.0,1.24,
163,209,basic,139.075,52.254,230.863,85.738,0.776,0.849
163,210,basic,195.307,87.949,0.0,0.0,1.447,
163,211,basic,73.542,47.31,257.684,161.293,1.107,1.355
163,212,gifted,206.009,189.249,206.009,189.249,,
163,215,basic,118.166,71.008,117.746,71.025,0.933,0.915
163,218,basic,157.899,99.703,211.243,129.937,0.759,0.925
163,220,basic,88.835,74.304,0.0,0.0,1.332,
163,221,basic,159.78,112.219,249.374,176.224,0.965,0.966
163,222,basic,142.025,87.031,177.739,111.579,1.982,1.861
163,225,basic,93.019,48.812,91.964,48.268,1.246,1.245
163,226,basic,263.583,174.584,262.645,175.298,1.336,1.29
163,229,basic,247.306,202.139,0.0,0.0,1.161,
163,230,basic,98.843,67.669,203.15,135.747,1.035,1.205
163,233,basic,281.304,177.549,282.314,178.137,0.849,0.851
163,234,basic,75.873,61.367,0.0,0.0,1.197,
163,235,basic,80.808,52.048,134.109,85.994,1.24,1.294
163,236,basic,52.864,47.162,107.417,89.149,1.074,1.44
163,239,basic,276.009,165.89,0.0,0.0,1.718,
163,241,basic,385.45,141.697,825.7,292.427,1.932,2.203
163,242,basic,156.23,108.823,0.0,0.0,1.22,
163,243,basic,212.045,116.564,290.252,158.58,0.982,1.023
163,244,basic,38.847,36.194,39.405,36.705,1.148,1.173
163,245,basic,319.436,276.918,450.281,382.698,1.239,1.375
163,246,basic,227.485,121.864,384.066,203.36,1.202,1.282
163,247,basic,369.378,134.505,1033.687,345.126,1.621,2.262
163,248,basic,147.181,94.668,0.0,0.0,0.902,
163,249,basic,28.96,22.05,32.317,24.433,0.889,0.934
163,250,basic,87.886,65.397,141.144,106.711,0.981,0.879
163,251,basic,135.785,69.048,163.416,82.464,1.414,1.449
163,252,basic,253.559,181.13,253.499,181.527,1.517,1.503
163,255,basic,83.326,55.809,278.344,180.536,0.853,1.069
163,257,basic,122.669,105.884,420.161,350.193,1.089,1.327
163,259,basic,164.231,119.933,0.0,0.0,1.392,
163,261,basic,181.488,164.694,242.277,211.523,1.126,1.437
163,262,basic,184.161,141.806,336.581,254.219,1.074,1.196
163,264,basic,81.315,39.057,0.0,0.0,0.939,
163,266,basic,104.786,84.293,109.826,88.244,0.908,0.915
163,267,basic,116.166,101.26,130.131,113.178,1.017,1.031
163,268,basic,109.264,103.801,0.0,0.0,1.058,
163,269,basic,111.359,104.576,229.527,214.5,1.008,1.342
163,270,basic,156.028,107.785,523.707,366.923,1.524,1.482
163,272,basic,40.293,37.893,0.0,0.0,1.083,
163,275,basic,93.018,87.559,202.949,190.78,1.178,1.283
163,276,basic,148.784,76.191,315.81,158.84,1.149,1.318
163,277,basic,125.131,82.997,128.804,85.19,1.021,1.039
163,279,basic,101.21,46.973,139.328,64.271,1.002,1.043
163,281,basic,66.387,45.141,138.901,88.319,0.804,1.229
163,282,basic,74.741,56.528,85.546,63.24,0.865,1.006
163,286,basic,174.545,113.601,305.182,203.322,1.835,1.77
163,287,gifted,190.0,174.542,0.0,0.0,,
163,288,basic,183.473,160.264,183.676,160.879,1.395,1.382
163,289,basic,157.72,129.578,0.0,0.0,1.334,
163,291,basic,370.988,261.723,623.293,436.15,2.255,2.346
163,292,basic,563.191,326.604,767.809,447.596,1.499,1.453
163,930,basic,398.966,353.276,824.332,736.401,2.362,2.267
163,935,basic,438.317,306.275,0.0,0.0,1.812,
163,939,basic,217.521,108.925,0.0,0.0,1.745,
163,949,basic,379.641,304.04,0.0,0.0,1.523,
163,955,basic,45.493,43.218,0.0,0.0,2.723,
163,971,gifted,515.085,473.179,703.102,645.9,,
163,972,basic,266.284,193.445,0.0,0.0,1.884,
163,974,basic,86.394,78.079,91.66,82.36,1.216,1.279
163,977,basic,239.883,180.767,240.072,180.815,1.312,1.315
164,103,basic,268.624,240.205,268.644,240.225,1.646,1.646
164,104,basic,139.063,52.634,139.309,52.692,2.584,2.588
164,105,basic,473.57,223.687,473.512,223.627,2.282,2.283
164,105,gifted,188.993,172.85,188.993,172.85,,
164,106,basic,444.535,262.155,444.916,262.253,1.836,1.839
164,106,gifted,113.467,103.774,113.467,103.774,,
164,107,basic,526.686,260.467,524.927,259.763,2.547,2.543
164,109,basic,151.917,101.905,151.704,101.78,2.088,2.087
164,110,basic,405.672,198.536,406.082,198.708,2.133,2.134
164,113,basic,386.958,238.853,386.906,238.79,2.353,2.354
164,113,gifted,133.427,122.03,133.427,122.03,,
164,115,basic,140.689,81.295,140.685,81.294,1.734,1.734
164,117,basic,266.063,160.048,266.405,160.181,2.342,2.345
164,117,gifted,89.853,82.178,89.853,82.178,,
164,118,basic,259.854,135.444,259.943,135.463,2.086,2.087
164,130,basic,658.94,364.518,658.743,364.447,1.706,1.706
164,201,basic,79.93,53.821,79.291,53.421,1.05,1.046
164,202,basic,166.827,88.632,192.351,101.483,1.629,1.677
164,203,basic,268.648,190.548,267.643,190.03,1.323,1.316
164,204,basic,189.583,138.674,392.701,287.995,1.476,1.487
164,207,basic,0.0,0.0,128.31,90.569,,1.149
164,208,basic,208.346,170.069,0.0,0.0,1.273,
164,209,basic,150.84,47.055,245.964,75.922,0.764,0.834
164,210,basic,193.589,76.128,0.0,0.0,1.389,
164,211,basic,87.503,55.561,274.44,175.689,1.135,1.357
164,212,gifted,205.81,188.23,205.81,188.23,,
164,215,basic,121.263,66.566,121.31,66.758,0.952,0.941
164,218,basic,158.146,95.151,205.552,121.192,0.771,0.905
164,220,basic,91.584,76.219,0.0,0.0,1.518,
164,221,basic,167.467,104.999,259.795,165.507,1.099,1.048
164,222,basic,147.853,89.091,184.569,114.452,2.217,2.061
164,225,basic,83.178,41.129,82.187,40.651,1.206,1.204
164,226,basic,247.785,149.707,246.862,150.285,1.316,1.269
164,229,basic,248.643,210.184,0.0,0.0,1.136,
164,230,basic,110.564,76.183,216.715,146.147,1.048,1.208
164,233,basic,281.241,168.859,281.936,169.268,0.837,0.837
164,234,basic,76.34,64.063,0.0,0.0,1.249,
164,235,basic,89.045,53.693,148.371,89.377,1.324,1.359
164,236,basic,51.041,45.495,108.639,87.311,1.047,1.581
164,239,basic,268.64,161.139,0.0,0.0,1.738,
164,241,basic,383.421,123.953,823.352,258.633,1.887,2.228
164,242,basic,157.197,109.655,0.0,0.0,1.231,
164,243,basic,216.536,110.577,294.551,149.525,0.974,1.016
164,244,basic,36.959,34.735,37.581,35.299,1.134,1.166
164,245,basic,320.497,277.827,447.533,381.3,1.22,1.347
164,246,basic,242.214,122.602,401.827,201.59,1.201,1.267
164,247,basic,367.038,115.386,1033.804,304.362,1.582,2.278
164,248,basic,147.508,93.848,0.0,0.0,0.894,
164,249,basic,31.588,23.897,34.766,26.204,0.906,0.933
164,250,basic,90.277,68.837,144.37,111.738,0.978,0.878
164,251,basic,136.269,60.463,164.228,71.753,1.424,1.499
164,252,basic,232.938,163.862,233.06,164.171,1.434,1.426
164,255,basic,83.79,55.766,274.924,177.874,0.854,1.053
164,257,basic,117.12,101.766,413.713,347.009,1.08,1.331
164,259,basic,158.098,122.096,0.0,0.0,1.31,
164,261,basic,172.401,160.022,229.918,207.398,1.052,1.364
164,262,basic,188.005,145.119,338.976,257.3,1.087,1.198
164,264,basic,83.135,33.341,0.0,0.0,0.949,
164,266,basic,107.953,84.208,113.262,88.209,0.913,0.923
164,267,basic,114.114,101.607,129.572,115.028,1.003,1.023
164,268,basic,108.936,103.489,0.0,0.0,1.084,
164,269,basic,104.466,98.639,224.492,212.559,1.089,1.417
164,270,basic,140.478,102.19,500.461,366.202,1.463,1.466
164,272,basic,40.446,38.293,0.0,0.0,1.087,
164,275,basic,95.305,90.068,205.624,194.729,1.166,1.27
164,276,basic,149.262,66.992,318.754,143.654,1.147,1.335
164,277,basic,125.378,82.592,129.402,84.999,1.014,1.033
164,279,basic,106.691,43.781,146.057,59.582,1.005,1.046
164,281,basic,68.149,46.146,147.774,93.538,0.824,1.274
164,282,basic,74.844,58.11,85.72,65.112,0.906,1.049
164,286,basic,180.828,104.94,310.456,188.013,2.221,2.027
164,287,gifted,190.0,173.77,0.0,0.0,,
164,288,basic,193.92,170.21,194.075,171.272,1.498,1.47
164,289,basic,152.81,139.887,0.0,0.0,1.384,
164,291,basic,372.19,259.368,622.14,433.271,2.399,2.436
164,292,basic,563.132,320.462,769.375,437.536,1.535,1.474
164,930,basic,399.034,371.168,824.311,771.351,2.432,2.321
164,935,basic,437.453,317.193,0.0,0.0,1.888,
164,939,basic,218.059,101.953,0.0,0.0,1.746,
164,949,basic,380.924,335.271,0.0,0.0,1.598,
164,955,basic,45.621,43.34,0.0,0.0,2.8,
164,971,gifted,516.815,472.668,705.076,644.848,,
164,972,basic,257.372,195.174,0.0,0.0,1.923,
164,974,basic,86.117,79.619,90.246,83.55,1.343,1.378
164,977,basic,236.707,187.336,237.744,187.898,1.322,1.331
165,103,basic,261.042,227.664,261.046,227.67,1.658,1.657
165,104,basic,130.763,48.941,131.01,48.98,2.438,2.443
165,105,basic,453.848,201.659,453.844,201.622,2.323,2.324
165,105,gifted,179.408,164.721,179.408,164.721,,
165,106,basic,454.216,268.117,454.496,268.178,1.746,1.748
165,106,gifted,115.954,106.462,115.954,106.462,,
165,107,basic,508.799,237.905,507.011,237.264,2.511,2.507
165,109,basic,154.573,100.063,154.419,99.973,2.135,2.135
165,110,basic,380.759,192.133,381.131,192.283,2.11,2.111
165,113,basic,384.534,224.58,384.501,224.498,2.344,2.346
165,113,gifted,136.21,125.06,136.21,125.06,,
165,115,basic,153.888,85.986,153.882,85.983,1.725,1.725
165,117,basic,255.858,153.728,256.096,153.801,2.294,2.297
165,117,gifted,89.636,82.298,89.636,82.298,,
165,118,basic,263.429,131.014,263.639,131.073,2.149,2.151
165,130,basic,673.603,384.86,673.453,384.81,1.719,1.718
165,201,basic,77.012,53.19,77.474,53.28,0.959,0.978
165,202,basic,180.521,93.436,206.22,106.279,1.734,1.759
165,203,basic,253.365,178.775,252.173,178.179,1.324,1.317
165,204,basic,169.112,122.612,369.995,267.728,1.43,1.478
165,207,basic,0.0,0.0,118.214,92.051,,1.073
165,208,basic,205.46,172.417,0.0,0.0,1.239,
165,209,basic,156.128,54.103,251.636,86.07,0.778,0.845
165,210,basic,192.049,81.695,0.0,0.0,1.396,
165,211,basic,78.681,50.27,264.1,165.35,1.117,1.359
165,212,gifted,205.738,188.896,205.738,188.896,,
165,215,basic,120.941,72.384,120.351,72.607,0.999,0.97
165,218,basic,163.644,102.832,215.178,131.345,0.766,0.914
165,220,basic,86.882,72.074,0.0,0.0,1.414,
165,221,basic,166.142,116.887,256.604,183.64,1.026,0.993
165,222,basic,148.51,85.159,182.704,108.354,2.21,2.062
165,225,basic,83.536,42.619,82.405,42.076,1.202,1.198
165,226,basic,259.064,174.204,257.931,175.287,1.299,1.247
165,229,basic,250.946,212.979,0.0,0.0,1.144,
165,230,basic,110.692,76.928,216.583,145.362,0.972,1.167
165,233,basic,282.999,179.204,283.939,179.722,0.829,0.832
165,234,basic,77.209,64.247,0.0,0.0,1.241,
165,235,basic,87.875,56.573,143.841,92.262,1.266,1.316
165,236,basic,50.55,45.524,107.649,87.143,1.037,1.527
165,239,basic,261.755,154.786,0.0,0.0,1.707,
165,241,basic,383.202,128.18,822.357,263.961,1.895,2.179
165,242,basic,156.272,111.026,0.0,0.0,1.218,
165,243,basic,213.353,113.77,292.236,154.612,0.975,1.018
165,244,basic,37.823,35.222,38.343,35.705,1.14,1.165
165,245,basic,315.727,281.863,441.306,386.482,1.256,1.382
165,246,basic,243.878,127.504,404.339,208.619,1.167,1.24
165,247,basic,369.485,122.954,1036.211,311.489,1.565,2.238
165,248,basic,144.961,93.809,0.0,0.0,0.893,
165,249,basic,27.796,22.013,30.938,24.353,0.911,0.944
165,250,basic,84.584,64.217,136.888,105.875,0.966,0.87
165,251,basic,132.078,65.173,159.87,77.616,1.343,1.409
165,252,basic,249.47,180.451,249.487,180.633,1.436,1.431
165,255,basic,87.518,58.797,283.56,183.948,0.866,1.058
165,257,basic,121.904,108.256,418.789,358.46,1.087,1.324
165,259,basic,162.329,122.523,0.0,0.0,1.268,
165,261,basic,177.556,163.155,237.933,210.741,1.101,1.416
165,262,basic,190.863,151.307,343.153,265.73,1.075,1.194
165,264,basic,82.199,38.196,0.0,0.0,0.934,
165,266,basic,107.269,89.417,112.595,93.722,0.909,0.916
165,267,basic,114.772,106.136,129.865,119.832,1.021,1.036
165,268,basic,108.591,103.162,0.0,0.0,1.067,
165,269,basic,105.737,99.406,226.761,213.766,1.057,1.398
165,270,basic,164.159,112.761,539.045,378.563,1.535,1.474
165,272,basic,39.347,37.069,0.0,0.0,1.046,
165,275,basic,87.39,82.444,190.316,179.657,1.135,1.268
165,276,basic,153.43,76.104,322.651,157.655,1.125,1.307
165,277,basic,121.772,80.498,125.17,82.496,1.014,1.029
165,279,basic,110.697,48.616,148.531,64.851,1.004,1.036
165,281,basic,67.527,46.398,139.461,88.377,0.796,1.208
165,282,basic,74.633,57.45,85.255,63.851,0.873,1.009
165,286,basic,172.058,112.437,299.897,200.487,1.803,1.764
165,287,gifted,190.0,174.446,0.0,0.0,,
165,288,basic,182.805,160.944,182.87,161.728,1.389,1.372
165,289,basic,157.621,133.959,0.0,0.0,1.379,
165,291,basic,382.484,265.103,634.27,439.857,2.333,2.361
165,292,basic,563.005,322.595,768.804,442.074,1.49,1.443
165,930,basic,399.256,354.881,824.869,741.541,2.39,2.285
165,935,basic,437.782,305.099,0.0,0.0,1.822,
165,939,basic,218.002,106.34,0.0,0.0,1.713,
165,949,basic,368.85,307.69,0.0,0.0,1.504,
165,955,basic,44.552,42.325,0.0,0.0,2.721,
165,971,gifted,515.848,473.619,703.896,646.272,,
165,972,basic,262.59,191.478,0.0,0.0,1.892,
165,974,basic,85.683,77.942,91.026,82.586,1.249,1.302
165,977,basic,234.926,180.28,233.748,179.575,1.324,1.318
166,103,basic,263.913,213.45,263.946,213.473,1.649,1.649
166,104,basic,146.59,59.138,146.767,59.181,2.657,2.66
166,105,basic,465.581,224.721,465.568,224.682,2.325,2.325
166,105,gifted,183.489,168.027,183.489,168.027,,
166,106,basic,451.917,268.681,452.22,268.749,1.799,1.801
166,106,gifted,115.602,105.861,115.602,105.861,,
166,107,basic,493.31,246.323,491.528,245.609,2.488,2.484
166,109,basic,159.291,98.8,159.068,98.699,2.235,2.233
166,110,basic,407.135,213.475,407.336,213.561,2.139,2.14
166,113,basic,401.993,231.814,401.993,231.769,2.422,2.423
166,113,gifted,135.231,123.836,135.231,123.836,,
166,115,basic,141.927,82.35,141.924,82.349,1.726,1.726
166,117,basic,259.256,153.335,259.323,153.341,2.328,2.329
166,117,gifted,89.922,82.345,89.922,82.345,,
166,118,basic,264.308,139.821,264.488,139.875,2.106,2.107
166,130,basic,658.443,381.387,658.342,381.35,1.751,1.75
166,201,basic,74.163,49.702,73.988,49.514,1.119,1.126
166,202,basic,175.414,94.252,201.085,107.538,1.811,1.843
166,203,basic,263.76,181.907,262.544,181.347,1.346,1.337
166,204,basic,181.93,126.281,384.183,268.262,1.508,1.506
166,207,basic,0.0,0.0,130.039,95.549,,1.104
166,208,basic,206.456,161.995,0.0,0.0,1.227,
166,209,basic,148.904,62.486,240.314,99.682,0.769,0.836
166,210,basic,191.936,91.417,0.0,0.0,1.382,
166,211,basic,78.915,51.279,263.595,168.077,1.12,1.357
166,212,gifted,205.539,188.22,205.539,188.22,,
166,215,basic,118.225,72.29,117.774,72.408,0.996,0.973
166,218,basic,156.733,101.562,206.006,130.166,0.763,0.908
166,220,basic,96.395,75.966,0.0,0.0,1.411,
166,221,basic,162.171,112.531,254.101,177.449,0.965,0.971
166,222,basic,158.016,86.016,191.821,108.99,2.508,2.283
166,225,basic,84.158,45.71,82.877,45.049,1.261,1.256
166,226,basic,257.967,169.404,256.829,170.187,1.292,1.243
166,229,basic,247.174,196.351,0.0,0.0,1.147,
166,230,basic,107.555,73.941,214.311,143.345,1.032,1.209
166,233,basic,278.989,180.836,279.538,181.183,0.83,0.83
166,234,basic,78.321,61.373,0.0,0.0,1.226,
166,235,basic,83.129,52.975,139.246,88.628,1.304,1.342
166,236,basic,53.924,46.927,113.037,87.021,1.021,1.555
166,239,basic,277.4,166.618,0.0,0.0,1.725,
166,241,basic,384.721,151.913,824.662,311.402,1.893,2.212
166,242,basic,156.638,109.098,0.0,0.0,1.215,
166,243,basic,223.503,127.419,303.408,171.797,0.99,1.031
166,244,basic,35.935,33.325,36.427,33.744,1.093,1.118
166,245,basic,325.528,270.169,456.341,370.451,1.23,1.367
166,246,basic,237.503,132.1,398.397,219.105,1.198,1.27
166,247,basic,365.982,144.533,1031.853,372.102,1.603,2.265
166,248,basic,144.538,95.49,0.0,0.0,0.889,
166,249,basic,31.545,24.025,34.906,26.455,0.877,0.907
166,250,basic,85.428,63.24,139.549,105.145,0.972,0.869
166,251,basic,130.193,68.516,157.516,81.794,1.356,1.415
166,252,basic,240.563,167.96,240.574,168.358,1.436,1.423
166,255,basic,85.956,58.462,281.363,185.479,0.86,1.053
166,257,basic,122.554,101.668,415.132,329.928,1.059,1.32
166,259,basic,161.014,117.29,0.0,0.0,1.29,
166,261,basic,171.761,153.305,230.472,195.593,1.039,1.348
166,262,basic,188.932,142.72,341.623,253.106,1.085,1.196
166,264,basic,81.702,41.523,0.0,0.0,0.952,
166,266,basic,106.026,83.152,111.284,87.139,0.91,0.919
166,267,basic,118.951,100.799,133.854,113.165,1.025,1.038
166,268,basic,109.511,104.035,0.0,0.0,1.072,
166,269,basic,106.646,97.757,226.58,203.63,1.119,1.409
166,270,basic,163.458,109.291,531.191,364.195,1.597,1.506
166,272,basic,40.784,38.104,0.0,0.0,1.082,
166,275,basic,93.802,86.669,202.881,185.762,1.146,1.249
166,276,basic,153.346,81.921,322.871,169.859,1.129,1.312
166,277,basic,127.697,85.428,131.279,87.579,1.018,1.033
166,279,basic,106.61,52.75,145.206,71.42,1.004,1.041
166,281,basic,61.376,42.428,131.407,84.322,0.808,1.237
166,282,basic,79.457,59.899,89.997,66.227,0.858,0.993
166,286,basic,177.377,111.687,309.018,198.531,1.814,1.777
166,287,gifted,190.0,173.99,0.0,0.0,,
166,288,basic,184.605,154.273,184.727,154.992,1.373,1.355
166,289,basic,154.968,125.175,0.0,0.0,1.351,
166,291,basic,378.385,246.238,628.928,409.745,2.381,2.408
166,292,basic,563.616,333.518,769.846,457.321,1.496,1.448
166,930,basic,399.491,333.755,824.968,701.787,2.362,2.248
166,935,basic,437.839,293.328,0.0,0.0,1.878,
166,939,basic,217.704,112.15,0.0,0.0,1.761,
166,949,basic,385.071,298.847,0.0,0.0,1.589,
166,955,basic,46.524,44.198,0.0,0.0,2.808,
166,971,gifted,516.763,473.22,704.941,645.541,,
166,972,basic,263.897,182.837,0.0,0.0,1.93,
166,974,basic,87.533,76.997,92.583,80.803,1.231,1.287
166,977,basic,238.055,175.391,237.121,174.789,1.336,1.333
167,103,basic,267.482,222.487,267.515,222.515,1.656,1.656
167,104,basic,131.919,57.285,132.118,57.332,2.414,2.419
167,105,basic,436.036,212.52,436.053,212.501,2.35,2.351
167,105,gifted,176.313,162.26,176.313,162.26,,
167,106,basic,455.435,275.181,455.677,275.259,1.783,1.785
167,106,gifted,116.858,107.543,116.858,107.543,,
167,107,basic,499.932,254.874,498.134,254.092,2.525,2.521
167,109,basic,153.305,100.65,153.138,100.55,2.199,2.199
167,110,basic,389.094,216.675,389.442,216.847,2.101,2.102
167,113,basic,389.772,235.056,389.767,234.998,2.393,2.395
167,113,gifted,134.418,123.704,134.418,123.704,,
167,115,basic,155.864,89.079,155.856,89.074,1.738,1.738
167,117,basic,270.042,169.388,270.309,169.499,2.377,2.38
167,117,gifted,90.376,83.173,90.376,83.173,,
167,118,basic,269.873,143.578,270.106,143.662,2.168,2.17
167,130,basic,662.28,398.215,662.105,398.138,1.753,1.752
167,201,basic,78.942,51.437,79.288,51.538,1.101,1.12
167,202,basic,177.109,95.106,203.043,108.578,1.861,1.899
167,203,basic,266.138,180.882,264.955,180.274,1.343,1.334
167,204,basic,169.148,117.706,363.256,252.414,1.461,1.498
167,207,basic,0.0,0.0,124.451,93.418,,1.169
167,208,basic,204.271,161.859,0.0,0.0,1.264,
167,209,basic,149.232,58.543,243.831,94.9,0.783,0.85
167,210,basic,193.672,91.429,0.0,0.0,1.448,
167,211,basic,83.949,52.263,271.695,167.276,1.118,1.364
167,212,gifted,205.676,189.283,205.676,189.283,,
167,215,basic,122.356,74.896,121.88,75.038,1.019,0.983
167,218,basic,154.874,94.957,207.663,124.865,0.771,0.936
167,220,basic,92.082,71.957,0.0,0.0,1.615,
167,221,basic,167.366,116.602,258.238,182.385,1.143,1.076
167,222,basic,152.267,85.269,186.21,108.289,2.756,2.466
167,225,basic,82.052,43.531,80.851,42.915,1.204,1.2
167,226,basic,253.935,173.333,252.744,173.854,1.41,1.347
167,229,basic,252.208,196.788,0.0,0.0,1.189,
167,230,basic,113.542,74.218,225.63,144.907,1.053,1.217
167,233,basic,279.208,173.396,279.841,173.783,0.843,0.843
167,234,basic,73.827,57.007,0.0,0.0,1.238,
167,235,basic,84.002,54.224,140.146,90.524,1.345,1.366
167,236,basic,50.803,45.397,108.268,88.239,1.068,1.655
167,239,basic,278.057,165.331,0.0,0.0,1.774,
167,241,basic,385.143,149.956,824.375,312.515,2.011,2.309
167,242,basic,158.221,108.066,0.0,0.0,1.243,
167,243,basic,215.241,117.152,294.191,159.328,0.983,1.027
167,244,basic,37.124,34.655,37.594,35.102,1.158,1.178
167,245,basic,318.349,272.888,451.174,380.844,1.262,1.399
167,246,basic,224.214,120.369,381.024,202.952,1.201,1.273
167,247,basic,374.485,143.505,1038.92,376.177,1.702,2.332
167,248,basic,149.366,93.169,0.0,0.0,0.9,
167,249,basic,29.395,21.899,32.652,24.235,0.916,0.949
167,250,basic,84.238,59.447,140.664,100.371,0.965,0.87
167,251,basic,134.17,71.167,162.181,84.718,1.457,1.554
167,252,basic,239.826,169.148,239.766,169.426,1.524,1.509
167,255,basic,89.121,57.193,285.146,178.977,0.868,1.066
167,257,basic,119.844,99.313,413.04,332.625,1.078,1.33
167,259,basic,151.366,107.006,0.0,0.0,1.286,
167,261,basic,177.619,158.978,239.127,206.076,1.09,1.421
167,262,basic,189.488,141.061,341.298,250.685,1.088,1.202
167,264,basic,83.841,42.647,0.0,0.0,0.959,
167,266,basic,102.923,80.537,108.027,84.462,0.936,0.942
167,267,basic,116.485,99.448,131.831,112.372,1.039,1.052
167,268,basic,111.112,105.557,0.0,0.0,1.063,
167,269,basic,108.323,101.049,227.947,210.426,1.087,1.4
167,270,basic,149.639,98.601,512.897,343.398,1.619,1.522
167,272,basic,42.719,40.242,0.0,0.0,1.045,
167,275,basic,95.865,89.868,205.373,191.778,1.167,1.268
167,276,basic,145.59,77.341,314.776,165.645,1.127,1.323
167,277,basic,130.81,83.184,134.176,85.173,1.022,1.037
167,279,basic,103.55,48.774,142.366,66.798,1.03,1.066
167,281,basic,68.779,44.562,144.444,88.951,0.821,1.254
167,282,basic,74.647,52.517,86.459,59.685,0.931,1.09
167,286,basic,185.229,118.818,316.943,210.095,2.334,2.135
167,287,gifted,190.0,174.856,0.0,0.0,,
167,288,basic,189.415,157.661,189.303,158.41,1.528,1.492
167,289,basic,158.348,121.756,0.0,0.0,1.397,
167,291,basic,379.215,262.065,629.918,437.895,2.572,2.563
167,292,basic,562.168,328.626,767.871,449.479,1.506,1.46
167,930,basic,399.727,345.027,825.198,721.553,2.373,2.261
167,935,basic,438.185,295.614,0.0,0.0,1.975,
167,939,basic,222.455,116.951,0.0,0.0,1.807,
167,949,basic,378.504,287.663,0.0,0.0,1.581,
167,955,basic,45.623,43.342,0.0,0.0,2.774,
167,971,gifted,515.794,474.682,703.821,647.722,,
167,972,basic,260.494,184.831,0.0,0.0,1.953,
167,974,basic,86.722,74.521,92.556,78.999,1.235,1.296
167,977,basic,239.714,171.209,237.894,170.134,1.373,1.362
168,103,basic,258.613,221.291,258.64,221.316,1.609,1.609
168,104,basic,121.636,52.994,121.832,53.031,2.212,2.216
168,105,basic,417.891,198.267,417.862,198.218,2.278,2.279
168,105,gifted,175.72,161.807,175.72,161.807,,
168,106,basic,455.094,282.926,455.35,282.973,1.721,1.723
168,106,gifted,116.711,107.471,116.711,107.471,,
168,107,basic,522.441,255.599,520.687,254.961,2.471,2.466
168,109,basic,142.923,94.03,142.718,93.916,2.102,2.101
168,110,basic,389.541,217.48,389.86,217.622,2.104,2.104
168,113,basic,384.344,227.504,384.313,227.433,2.306,2.307
168,113,gifted,134.846,124.169,134.846,124.169,,
168,115,basic,142.486,83.07,142.484,83.069,1.714,1.714
168,117,basic,253.195,156.071,253.465,156.162,2.338,2.34
168,117,gifted,90.061,82.931,90.061,82.931,,
168,118,basic,273.735,146.057,273.898,146.093,2.057,2.058
168,130,basic,646.745,406.075,646.568,406.015,1.684,1.684
168,201,basic,78.338,51.565,77.854,51.259,1.083,1.082
168,202,basic,169.745,90.106,195.526,102.987,1.618,1.657
168,203,basic,239.505,163.056,238.295,162.523,1.291,1.283
168,204,basic,170.567,118.559,369.783,253.627,1.35,1.449
168,207,basic,0.0,0.0,125.422,98.705,,1.074
168,208,basic,208.248,170.836,0.0,0.0,1.226,
168,209,basic,139.748,58.185,234.543,96.27,0.785,0.85
168,210,basic,193.293,92.36,0.0,0.0,1.383,
168,211,basic,69.769,44.304,249.014,156.784,1.084,1.329
168,212,gifted,205.736,189.447,205.736,189.447,,
168,215,basic,118.591,78.302,118.581,78.474,0.876,0.869
168,218,basic,157.713,101.788,209.655,130.939,0.768,0.919
168,220,basic,89.577,71.012,0.0,0.0,1.372,
168,221,basic,168.048,126.005,259.75,196.329,0.947,0.952
168,222,basic,148.12,83.238,183.427,106.853,2.015,1.874
168,225,basic,87.245,46.504,86.295,46.012,1.211,1.209
168,226,basic,251.805,182.088,250.749,182.608,1.175,1.144
168,229,basic,255.177,202.991,0.0,0.0,1.145,
168,230,basic,103.093,68.887,209.429,135.36,1.009,1.184
168,233,basic,280.403,183.162,281.17,183.622,0.826,0.827
168,234,basic,78.267,61.864,0.0,0.0,1.128,
168,235,basic,86.243,56.769,145.37,95.403,1.263,1.311
168,236,basic,51.988,45.945,107.491,87.837,1.034,1.364
168,239,basic,270.608,156.292,0.0,0.0,1.678,
168,241,basic,383.379,144.032,824.167,296.889,1.88,2.18
168,242,basic,165.976,114.746,0.0,0.0,1.219,
168,243,basic,224.129,126.013,303.633,169.293,0.979,1.021
168,244,basic,35.689,32.911,36.093,33.22,1.083,1.111
168,245,basic,317.116,275.642,445.442,377.449,1.236,1.367
168,246,basic,239.367,130.345,394.366,211.748,1.157,1.227
168,247,basic,372.65,141.525,1036.425,357.656,1.581,2.22
168,248,basic,146.505,94.692,0.0,0.0,0.891,
168,249,basic,34.148,27.08,37.818,29.755,0.823,0.858
168,250,basic,89.445,64.569,141.917,104.609,0.973,0.875
168,251,basic,130.269,70.651,157.261,84.395,1.35,1.39
168,252,basic,246.917,174.812,246.873,175.299,1.42,1.408
168,255,basic,87.616,58.476,288.725,184.232,0.844,1.065
168,257,basic,125.616,106.69,419.026,339.338,1.078,1.323
168,259,basic,159.878,110.988,0.0,0.0,1.321,
168,261,basic,172.643,153.764,232.195,195.539,1.065,1.371
168,262,basic,189.707,145.18,340.664,254.448,1.066,1.177
168,264,basic,78.228,42.58,0.0,0.0,0.913,
168,266,basic,105.631,87.311,110.866,91.49,0.894,0.901
168,267,basic,118.122,104.597,134.134,118.411,1.028,1.043
168,268,basic,111.546,105.967,0.0,0.0,1.079,
168,269,basic,105.081,97.243,224.743,202.787,0.991,1.36
168,270,basic,149.715,97.797,514.909,339.356,1.432,1.442
168,272,basic,42.602,39.643,0.0,0.0,1.033,
168,275,basic,94.141,87.01,204.024,186.839,1.152,1.264
168,276,basic,146.843,81.059,315.776,172.686,1.104,1.295
168,277,basic,126.478,82.493,130.159,84.58,1.001,1.017
168,279,basic,98.91,48.391,136.568,66.265,0.998,1.039
168,281,basic,68.246,46.085,146.16,89.948,0.807,1.236
168,282,basic,75.99,55.471,87.38,61.856,0.863,1.001
168,286,basic,177.433,116.356,308.521,207.132,1.777,1.742
168,287,gifted,190.0,174.957,0.0,0.0,,
168,288,basic,190.627,160.089,190.71,160.623,1.315,1.305
168,289,basic,153.459,121.408,0.0,0.0,1.324,
168,291,basic,374.823,254.965,625.435,419.84,2.215,2.296
168,292,basic,563.268,332.768,769.782,454.329,1.461,1.424
168,930,basic,399.037,320.391,824.39,675.055,2.239,2.153
168,935,basic,438.233,290.532,0.0,0.0,1.818,
168,939,basic,218.271,114.656,0.0,0.0,1.694,
168,949,basic,381.341,289.842,0.0,0.0,1.522,
168,955,basic,45.818,43.524,0.0,0.0,2.789,
168,971,gifted,515.535,474.718,703.63,647.921,,
168,972,basic,256.226,179.719,0.0,0.0,1.826,
168,974,basic,86.702,73.758,91.429,76.936,1.17,1.227
168,977,basic,234.477,167.546,235.282,167.897,1.291,1.298
169,103,basic,265.595,229.301,265.605,229.315,1.619,1.619
169,104,basic,122.539,42.4,122.797,42.435,2.311,2.317
169,105,basic,476.183,197.267,476.118,197.209,2.24,2.24
169,105,gifted,187.486,171.512,187.486,171.512,,
169,106,basic,462.456,254.365,462.744,254.419,1.784,1.785
169,106,gifted,117.069,107.094,117.069,107.094,,
169,107,basic,516.092,222.809,514.366,222.245,2.482,2.478
169,109,basic,145.91,91.012,145.8,90.934,2.054,2.055
169,110,basic,393.182,182.36,393.722,182.564,2.123,2.124
169,113,basic,379.076,210.71,379.082,210.639,2.307,2.309
169,113,gifted,133.409,122.042,133.409,122.042,,
169,115,basic,145.473,76.096,145.464,76.092,1.719,1.719
169,117,basic,263.102,148.264,263.545,148.406,2.295,2.298
169,117,gifted,89.705,82.062,89.705,82.062,,
169,118,basic,263.091,121.831,263.24,121.865,2.109,2.111
169,130,basic,665.083,351.828,664.833,351.754,1.726,1.726
169,201,basic,77.828,54.603,77.611,54.346,1.013,1.02
169,202,basic,176.107,92.506,202.085,105.27,1.641,1.682
169,203,basic,245.151,181.027,243.897,180.391,1.257,1.25
169,204,basic,169.734,129.53,368.249,277.509,1.336,1.432
169,207,basic,0.0,0.0,125.029,100.153,,1.076
169,208,basic,207.106,178.155,0.0,0.0,1.205,
169,209,basic,155.461,50.831,252.396,81.287,0.776,0.846
169,210,basic,191.961,79.8,0.0,0.0,1.351,
169,211,basic,83.447,54.603,266.037,165.805,1.097,1.329
169,212,gifted,205.966,188.417,205.966,188.417,,
169,215,basic,121.676,74.688,121.476,74.862,0.875,0.862
169,218,basic,158.607,101.429,208.238,129.17,0.753,0.893
169,220,basic,87.614,73.049,0.0,0.0,1.446,
169,221,basic,164.328,120.289,253.933,187.053,0.941,0.952
169,222,basic,143.103,87.489,177.606,111.871,1.971,1.859
169,225,basic,82.507,41.707,81.478,41.206,1.199,1.197
169,226,basic,259.217,175.222,258.136,176.728,1.316,1.26
169,229,basic,245.898,218.806,0.0,0.0,1.134,
169,230,basic,111.116,77.894,220.281,150.314,1.07,1.218
169,233,basic,279.614,179.509,280.437,180.015,0.823,0.824
169,234,basic,75.822,65.793,0.0,0.0,1.182,
169,235,basic,85.11,56.402,141.835,93.022,1.19,1.265
169,236,basic,50.877,46.129,105.54,87.875,1.072,1.459
169,239,basic,268.924,161.016,0.0,0.0,1.693,
169,241,basic,382.034,122.218,821.869,247.822,1.836,2.118
169,242,basic,158.949,115.351,0.0,0.0,1.231,
169,243,basic,217.184,115.727,296.697,156.71,0.969,1.013
169,244,basic,36.435,33.922,36.909,34.368,1.155,1.178
169,245,basic,317.309,288.462,448.451,400.977,1.278,1.403
169,246,basic,244.339,127.242,404.633,206.956,1.154,1.243
169,247,basic,364.897,114.83,1030.29,284.871,1.552,2.208
169,248,basic,145.525,96.055,0.0,0.0,0.881,
169,249,basic,30.942,25.529,34.327,28.153,0.864,0.893
169,250,basic,83.186,65.89,137.413,110.912,0.958,0.869
169,251,basic,135.728,64.99,163.506,77.425,1.392,1.431
169,252,basic,233.66,174.281,233.595,174.958,1.448,1.43
169,255,basic,87.803,60.859,283.134,188.19,0.832,1.041
169,257,basic,125.235,115.145,423.218,376.925,1.091,1.333
169,259,basic,168.174,131.139,0.0,0.0,1.308,
169,261,basic,164.644,153.101,224.083,202.534,1.063,1.398
169,262,basic,190.676,157.416,343.6,276.669,1.061,1.178
169,264,basic,81.945,36.901,0.0,0.0,0.919,
169,266,basic,105.511,91.903,110.904,96.399,0.892,0.901
169,267,basic,117.523,110.505,132.513,124.364,1.025,1.041
169,268,basic,110.008,104.507,0.0,0.0,1.067,
169,269,basic,103.888,97.974,224.275,212.214,1.067,1.399
169,270,basic,164.628,118.818,528.085,386.445,1.462,1.444
169,272,basic,43.083,40.648,0.0,0.0,1.052,
169,275,basic,100.524,94.973,214.401,203.132,1.218,1.307
169,276,basic,155.199,75.666,323.879,152.339,1.12,1.293
169,277,basic,129.108,87.675,132.798,89.861,1.01,1.026
169,279,basic,108.604,46.406,147.265,62.514,1.004,1.037
169,281,basic,67.894,47.65,150.245,95.938,0.821,1.263
169,282,basic,73.56,58.839,85.274,66.064,0.894,1.039
169,286,basic,187.015,120.572,318.573,213.723,1.92,1.81
169,287,gifted,190.0,173.812,0.0,0.0,,
169,288,basic,191.105,168.551,191.092,169.572,1.445,1.421
169,289,basic,157.099,133.631,0.0,0.0,1.355,
169,291,basic,373.763,262.571,625.186,438.666,2.283,2.338
169,292,basic,565.879,317.983,773.398,439.841,1.481,1.43
169,930,basic,399.26,361.599,824.794,753.313,2.374,2.269
169,935,basic,438.196,310.167,0.0,0.0,1.775,
169,939,basic,218.23,102.937,0.0,0.0,1.675,
169,949,basic,379.162,315.925,0.0,0.0,1.547,
169,955,basic,45.446,43.174,0.0,0.0,2.854,
169,971,gifted,514.388,470.561,702.243,642.411,,
169,972,basic,260.148,194.269,0.0,0.0,1.835,
169,974,basic,88.303,80.936,93.276,85.399,1.251,1.309
169,977,basic,242.192,192.842,241.56,192.422,1.343,1.341
170,103,basic,271.543,244.422,271.566,244.445,1.626,1.626
170,104,basic,134.526,54.875,134.763,54.915,2.231,2.235
170,105,basic,443.414,209.815,443.381,209.762,2.247,2.248
170,105,gifted,179.973,165.306,179.973,165.306,,
170,106,basic,467.213,289.731,467.53,289.789,1.764,1.766
170,106,gifted,117.389,107.822,117.389,107.822,,
170,107,basic,508.901,251.209,507.12,250.555,2.455,2.451
170,109,basic,155.06,106.748,154.916,106.651,2.054,2.054
170,110,basic,410.065,210.332,410.57,210.542,2.131,2.132
170,113,basic,376.198,232.611,376.161,232.532,2.305,2.306
170,113,gifted,133.685,122.791,133.685,122.791,,
170,115,basic,159.3,95.038,159.288,95.032,1.727,1.727
170,117,basic,254.418,157.076,254.853,157.227,2.294,2.297
170,117,gifted,89.339,82.059,89.339,82.059,,
170,118,basic,277.341,145.875,277.494,145.908,2.111,2.113
170,130,basic,661.057,395.471,660.837,395.415,1.66,1.659
170,201,basic,78.915,52.704,78.756,52.503,1.013,1.02
170,202,basic,168.587,86.181,194.072,98.203,1.573,1.621
170,203,basic,255.287,176.213,254.088,175.686,1.293,1.285
170,204,basic,183.307,129.019,383.975,269.605,1.415,1.466
170,207,basic,0.0,0.0,128.785,94.587,,1.07
170,208,basic,209.577,173.941,0.0,0.0,1.252,
170,209,basic,146.031,48.558,237.032,77.694,0.772,0.835
170,210,basic,193.392,77.741,0.0,0.0,1.355,
170,211,basic,67.716,42.709,251.637,162.147,1.088,1.365
170,212,gifted,205.756,188.987,205.756,188.987,,
170,215,basic,114.759,67.044,114.476,67.159,0.884,0.871
170,218,basic,156.038,96.309,208.782,124.288,0.762,0.919
170,220,basic,88.53,72.373,0.0,0.0,1.35,
170,221,basic,163.716,110.209,252.835,171.651,0.945,0.95
170,222,basic,149.405,86.849,184.959,111.106,1.909,1.789
170,225,basic,83.435,41.063,82.372,40.562,1.196,1.194
170,226,basic,252.21,158.66,251.09,160.031,1.243,1.189
170,229,basic,250.036,207.131,0.0,0.0,1.14,
170,230,basic,115.005,77.961,222.181,145.92,1.026,1.187
170,233,basic,280.025,172.885,280.774,173.31,0.823,0.824
170,234,basic,76.259,63.314,0.0,0.0,1.141,
170,235,basic,81.012,50.634,136.584,84.286,1.165,1.248
170,236,basic,54.982,48.117,113.014,91.291,1.051,1.38
170,239,basic,281.44,159.855,0.0,0.0,1.706,
170,241,basic,384.295,120.475,824.515,252.9,1.873,2.157
170,242,basic,158.472,108.443,0.0,0.0,1.245,
170,243,basic,213.048,110.467,292.846,150.387,0.973,1.019
170,244,basic,37.561,34.891,38.241,35.503,1.141,1.171
170,245,basic,317.709,273.013,447.344,374.365,1.254,1.384
170,246,basic,227.337,115.229,384.75,191.509,1.151,1.237
170,247,basic,368.76,115.009,1034.65,298.045,1.579,2.245
170,248,basic,143.812,91.915,0.0,0.0,0.886,
170,249,basic,30.846,23.934,34.292,26.396,0.864,0.9
170,250,basic,85.274,64.319,139.027,107.034,0.955,0.863
170,251,basic,134.93,61.605,162.717,73.473,1.365,1.405
170,252,basic,239.753,165.862,239.731,166.288,1.405,1.394
170,255,basic,85.412,57.232,281.477,179.841,0.827,1.049
170,257,basic,128.012,110.466,423.57,349.338,1.08,1.313
170,259,basic,164.795,120.785,0.0,0.0,1.324,
170,261,basic,166.142,151.318,225.023,195.062,1.058,1.37
170,262,basic,188.79,145.825,340.217,256.543,1.061,1.165
170,264,basic,81.452,35.382,0.0,0.0,0.92,
170,266,basic,104.248,83.768,109.508,87.812,0.897,0.905
170,267,basic,119.041,106.552,134.163,119.755,1.018,1.032
170,268,basic,109.454,103.982,0.0,0.0,1.063,
170,269,basic,108.86,101.348,230.118,213.991,1.159,1.45
170,270,basic,155.573,106.558,522.079,360.397,1.441,1.457
170,272,basic,39.978,37.592,0.0,0.0,1.032,
170,275,basic,94.406,88.338,203.07,189.302,1.172,1.274
170,276,basic,152.857,71.622,320.948,152.683,1.116,1.306
170,277,basic,128.454,83.735,131.997,85.74,1.011,1.026
170,279,basic,102.194,43.293,139.413,58.566,0.989,1.028
170,281,basic,69.968,47.603,148.909,91.877,0.808,1.235
170,282,basic,74.693,57.278,86.759,64.284,0.877,1.023
170,286,basic,182.697,111.061,313.752,195.932,1.762,1.711
170,287,gifted,190.0,174.516,0.0,0.0,,
170,288,basic,186.706,160.118,186.762,161.032,1.402,1.384
170,289,basic,155.859,139.968,0.0,0.0,1.371,
170,291,basic,373.006,254.98,623.633,420.217,2.221,2.296
170,292,basic,564.158,324.691,770.608,440.349,1.48,1.434
170,930,basic,399.132,355.302,824.516,742.906,2.34,2.249
170,935,basic,437.68,309.102,0.0,0.0,1.772,
170,939,basic,218.371,103.594,0.0,0.0,1.681,
170,949,basic,378.377,320.912,0.0,0.0,1.546,
170,955,basic,45.888,43.594,0.0,0.0,2.761,
170,971,gifted,516.078,474.02,704.166,646.779,,
170,972,basic,263.549,194.99,0.0,0.0,1.824,
170,974,basic,85.702,78.013,91.397,82.646,1.173,1.247
170,977,basic,240.134,181.665,238.95,180.855,1.307,1.305
171,103,basic,269.146,250.93,269.131,250.933,1.658,1.657
171,104,basic,126.384,54.495,126.657,54.538,2.104,2.111
171,105,basic,420.147,206.101,420.044,206.023,2.247,2.248
171,105,gifted,174.742,161.331,174.742,161.331,,
171,106,basic,451.001,294.845,451.315,294.937,1.753,1.755
171,106,gifted,116.108,107.197,116.108,107.197,,
171,107,basic,512.236,262.844,510.439,262.14,2.512,2.508
171,109,basic,142.857,106.33,142.744,106.207,2.036,2.037
171,110,basic,406.953,221.036,407.623,221.334,2.14,2.141
171,113,basic,377.365,250.16,377.328,250.071,2.28,2.281
171,113,gifted,132.539,122.367,132.539,122.367,,
171,115,basic,140.251,87.116,140.254,87.118,1.706,1.706
171,117,basic,246.331,163.853,247.108,164.215,2.312,2.317
171,117,gifted,88.857,82.037,88.857,82.037,,
171,118,basic,266.729,146.718,266.879,146.753,2.107,2.108
171,130,basic,677.965,421.975,677.597,421.867,1.747,1.745
171,201,basic,77.976,49.977,77.253,49.594,1.055,1.047
171,202,basic,174.787,85.992,200.963,98.191,1.625,1.662
171,203,basic,280.693,188.718,279.764,188.312,1.33,1.325
171,204,basic,180.571,124.287,382.038,264.351,1.478,1.491
171,207,basic,0.0,0.0,126.951,93.53,,1.071
171,208,basic,206.909,174.48,0.0,0.0,1.283,
171,209,basic,156.616,47.407,254.041,75.798,0.772,0.842
171,210,basic,193.217,73.726,0.0,0.0,1.378,
171,211,basic,73.668,44.572,262.629,167.967,1.1,1.362
171,212,gifted,205.994,190.184,205.994,190.184,,
171,215,basic,115.179,66.486,115.096,66.528,0.832,0.828
171,218,basic,155.486,91.287,209.697,118.831,0.765,0.938
171,220,basic,84.337,70.036,0.0,0.0,1.341,
171,221,basic,160.024,106.612,249.808,168.393,0.967,0.958
171,222,basic,134.155,79.945,169.102,103.497,1.78,1.681
171,225,basic,79.976,37.267,78.841,36.746,1.227,1.226
171,226,basic,252.196,159.437,251.033,160.043,1.248,1.207
171,229,basic,253.184,208.088,0.0,0.0,1.146,
171,230,basic,107.331,70.141,212.412,134.619,1.027,1.198
171,233,basic,280.759,165.608,281.64,166.075,0.841,0.843
171,234,basic,73.44,60.167,0.0,0.0,1.171,
171,235,basic,82.658,51.173,138.236,84.615,1.154,1.234
171,236,basic,50.367,44.444,103.632,87.256,1.082,1.29
171,239,basic,271.158,152.014,0.0,0.0,1.672,
171,241,basic,386.68,113.909,828.242,243.226,1.907,2.212
171,242,basic,150.633,102.182,0.0,0.0,1.204,
171,243,basic,218.603,107.076,298.522,144.992,0.98,1.024
171,244,basic,35.36,33.063,35.939,33.566,1.094,1.129
171,245,basic,317.558,278.002,444.148,379.415,1.247,1.381
171,246,basic,242.376,115.422,400.552,188.87,1.216,1.273
171,247,basic,370.376,107.758,1035.758,288.298,1.588,2.262
171,248,basic,149.539,91.381,0.0,0.0,0.886,
171,249,basic,29.655,22.792,33.099,25.193,0.848,0.894
171,250,basic,85.998,62.839,141.346,105.264,0.956,0.862
171,251,basic,131.206,58.397,157.82,69.676,1.349,1.382
171,252,basic,230.614,159.832,230.664,160.141,1.381,1.373
171,255,basic,85.042,54.743,279.485,172.103,0.808,1.035
171,257,basic,119.365,103.37,411.188,340.568,1.068,1.32
171,259,basic,163.678,117.39,0.0,0.0,1.341,
171,261,basic,171.682,156.844,229.202,201.129,1.081,1.382
171,262,basic,186.509,141.863,338.306,252.063,1.074,1.173
171,264,basic,81.483,33.84,0.0,0.0,0.916,
171,266,basic,107.098,85.457,112.314,89.475,0.895,0.902
171,267,basic,116.825,105.3,132.25,118.925,1.037,1.051
171,268,basic,110.692,105.157,0.0,0.0,1.047,
171,269,basic,103.181,96.998,222.899,209.787,1.053,1.386
171,270,basic,153.059,102.924,514.187,349.59,1.444,1.436
171,272,basic,38.453,36.201,0.0,0.0,1.055,
171,275,basic,95.307,89.614,202.164,190.178,1.179,1.291
171,276,basic,150.555,67.222,319.753,149.348,1.144,1.324
171,277,basic,128.624,80.353,132.275,82.389,1.019,1.033
171,279,basic,106.324,42.021,145.366,57.003,0.997,1.037
171,281,basic,65.945,42.68,146.12,86.353,0.83,1.276
171,282,basic,78.943,58.521,90.628,65.283,0.872,1.008
171,286,basic,179.335,112.979,309.689,198.078,1.696,1.691
171,287,gifted,190.0,175.418,0.0,0.0,,
171,288,basic,185.8,164.473,185.996,165.004,1.327,1.319
171,289,basic,155.713,142.062,0.0,0.0,1.394,
171,291,basic,374.26,269.574,627.658,441.504,2.199,2.324
171,292,basic,560.425,321.976,766.033,432.611,1.492,1.453
171,930,basic,399.363,364.091,824.88,758.192,2.327,2.243
171,935,basic,438.284,316.057,0.0,0.0,1.804,
171,939,basic,214.35,100.859,0.0,0.0,1.737,
171,949,basic,374.315,322.998,0.0,0.0,1.539,
171,955,basic,46.593,44.264,0.0,0.0,2.677,
171,971,gifted,516.616,476.966,704.798,650.707,,
171,972,basic,258.831,198.15,0.0,0.0,1.812,
171,974,basic,86.658,79.175,92.441,83.993,1.184,1.254
171,977,basic,242.693,180.42,241.793,179.919,1.316,1.312
172,103,basic,257.892,237.351,257.905,237.363,1.647,1.647
172,104,basic,145.957,53.616,146.268,53.668,2.55,2.557
172,105,basic,459.693,204.14,459.644,204.089,2.334,2.334
172,105,gifted,183.658,168.258,183.658,168.258,,
172,106,basic,454.986,271.409,455.321,271.509,1.79,1.792
172,106,gifted,116.26,106.511,116.26,106.511,,
172,107,basic,510.415,243.236,508.651,242.548,2.508,2.503
172,109,basic,154.45,105.943,154.31,105.843,2.168,2.168
172,110,basic,390.221,207.898,390.641,208.089,2.106,2.107
172,113,basic,392.233,238.962,392.233,238.895,2.364,2.366
172,113,gifted,134.727,123.43,134.727,123.43,,
172,115,basic,142.59,78.636,142.581,78.632,1.727,1.727
172,117,basic,252.019,162.463,252.368,162.616,2.328,2.331
172,117,gifted,89.551,82.042,89.551,82.042,,
172,118,basic,277.048,139.41,277.174,139.443,2.145,2.146
172,130,basic,652.763,385.728,652.538,385.636,1.763,1.762
172,201,basic,78.289,50.399,78.091,50.242,1.051,1.054
172,202,basic,169.113,84.606,193.735,96.539,1.726,1.756
172,203,basic,260.847,178.621,259.614,177.973,1.333,1.326
172,204,basic,181.516,129.72,380.372,270.966,1.422,1.473
172,207,basic,0.0,0.0,122.093,96.474,,1.136
172,208,basic,205.188,176.303,0.0,0.0,1.267,
172,209,basic,153.691,46.313,249.432,74.376,0.77,0.841
172,210,basic,193.674,77.969,0.0,0.0,1.417,
172,211,basic,83.199,49.838,270.94,162.5,1.11,1.366
172,212,gifted,206.165,188.877,206.165,188.877,,
172,215,basic,121.029,71.208,120.723,71.228,0.959,0.944
172,218,basic,153.503,89.051,203.49,115.34,0.763,0.92
172,220,basic,88.414,75.117,0.0,0.0,1.475,
172,221,basic,164.084,118.149,254.429,185.208,1.013,0.985
172,222,basic,154.309,89.525,189.301,112.807,2.263,2.11
172,225,basic,84.75,39.955,83.672,39.459,1.238,1.236
172,226,basic,254.237,177.687,253.245,177.845,1.299,1.267
172,229,basic,249.002,209.049,0.0,0.0,1.145,
172,230,basic,118.814,75.847,229.754,144.08,1.086,1.225
172,233,basic,279.642,165.339,280.484,165.813,0.843,0.844
172,234,basic,75.311,62.426,0.0,0.0,1.188,
172,235,basic,80.957,51.767,135.991,86.795,1.286,1.327
172,236,basic,49.736,45.846,105.44,89.793,1.089,1.546
172,239,basic,265.002,151.375,0.0,0.0,1.744,
172,241,basic,385.54,120.351,826.471,250.03,1.893,2.239
172,242,basic,155.934,107.647,0.0,0.0,1.212,
172,243,basic,221.196,108.006,302.174,146.687,0.994,1.036
172,244,basic,37.063,34.824,37.665,35.365,1.14,1.175
172,245,basic,318.712,294.025,447.45,407.997,1.276,1.394
172,246,basic,237.891,114.508,394.117,188.25,1.209,1.268
172,247,basic,366.994,110.657,1032.036,291.993,1.61,2.279
172,248,basic,146.802,87.682,0.0,0.0,0.893,
172,249,basic,32.542,25.362,35.857,27.792,0.87,0.907
172,250,basic,79.661,57.038,132.75,96.436,0.969,0.87
172,251,basic,130.711,62.329,157.667,74.437,1.434,1.484
172,252,basic,245.947,178.84,245.883,179.26,1.493,1.476
172,255,basic,87.742,54.737,282.773,171.399,0.845,1.049
172,257,basic,120.909,108.821,416.712,364.157,1.084,1.329
172,259,basic,149.484,108.137,0.0,0.0,1.292,
172,261,basic,174.824,162.643,233.319,212.575,1.11,1.422
172,262,basic,182.494,141.827,331.387,252.87,1.079,1.202
172,264,basic,80.94,35.768,0.0,0.0,0.946,
172,266,basic,108.031,89.782,113.325,94.07,0.932,0.939
172,267,basic,117.845,110.316,132.975,124.301,1.024,1.039
172,268,basic,110.414,104.893,0.0,0.0,1.084,
172,269,basic,105.69,100.061,225.837,214.189,1.046,1.394
172,270,basic,170.636,113.146,547.114,369.403,1.576,1.5
172,272,basic,43.528,41.177,0.0,0.0,1.055,
172,275,basic,94.743,89.815,203.016,192.656,1.147,1.281
172,276,basic,149.168,70.239,317.565,149.992,1.152,1.33
172,277,basic,129.568,79.778,133.463,81.964,1.022,1.039
172,279,basic,110.68,43.961,149.293,58.969,1.009,1.048
172,281,basic,73.15,46.222,148.677,88.329,0.8,1.217
172,282,basic,76.455,54.74,87.091,61.047,0.901,1.043
172,286,basic,180.039,122.153,311.501,217.885,2.015,1.893
172,287,gifted,190.0,174.068,0.0,0.0,,
172,288,basic,185.724,166.689,185.909,167.34,1.412,1.397
172,289,basic,153.345,129.708,0.0,0.0,1.356,
172,291,basic,372.846,282.167,622.379,467.776,2.355,2.425
172,292,basic,564.214,312.928,770.095,426.663,1.526,1.474
172,930,basic,398.989,366.721,824.654,763.037,2.4,2.301
172,935,basic,437.74,308.692,0.0,0.0,1.89,
172,939,basic,221.071,105.817,0.0,0.0,1.803,
172,949,basic,378.292,312.939,0.0,0.0,1.563,
172,955,basic,44.604,42.374,0.0,0.0,2.811,
172,971,gifted,515.543,472.314,703.649,644.647,,
172,972,basic,260.309,196.775,0.0,0.0,1.896,
172,974,basic,89.51,81.683,93.535,85.186,1.265,1.308
172,977,basic,239.352,177.622,239.89,177.914,1.326,1.33
173,103,basic,269.803,233.879,269.816,233.891,1.647,1.647
173,104,basic,142.17,61.628,142.406,61.682,2.624,2.629
173,105,basic,451.98,231.945,451.984,231.91,2.314,2.315
173,105,gifted,178.951,164.066,178.951,164.066,,
173,106,basic,474.857,299.288,475.188,299.375,1.851,1.854
173,106,gifted,119.015,109.115,119.015,109.115,,
173,107,basic,524.34,278.085,522.628,277.366,2.504,2.5
173,109,basic,150.422,101.589,150.272,101.501,2.188,2.187
173,110,basic,395.291,225.003,395.658,225.178,2.137,2.138
173,113,basic,386.766,239.021,386.754,238.952,2.42,2.422
173,113,gifted,134.307,123.136,134.307,123.136,,
173,115,basic,155.37,95.655,155.359,95.649,1.721,1.721
173,117,basic,271.4,174.978,271.584,175.029,2.299,2.302
173,117,gifted,89.866,82.391,89.866,82.391,,
173,118,basic,275.682,154.412,275.911,154.489,2.145,2.147
173,130,basic,667.499,420.962,667.337,420.891,1.721,1.72
173,201,basic,79.578,51.57,79.812,51.537,1.052,1.07
173,202,basic,171.495,89.498,197.12,102.237,1.74,1.78
173,203,basic,254.568,168.402,253.291,167.811,1.344,1.335
173,204,basic,188.297,126.016,386.245,259.365,1.479,1.492
173,207,basic,0.0,0.0,123.685,89.079,,1.109
173,208,basic,203.557,160.631,0.0,0.0,1.273,
173,209,basic,153.749,61.397,246.028,97.23,0.781,0.842
173,210,basic,193.135,88.872,0.0,0.0,1.39,
173,211,basic,74.586,46.056,265.717,168.077,1.131,1.385
173,212,gifted,206.113,188.969,206.113,188.969,,
173,215,basic,121.649,72.703,121.091,72.936,0.976,0.944
173,218,basic,163.753,101.306,216.513,130.52,0.759,0.913
173,220,basic,88.594,66.493,0.0,0.0,1.492,
173,221,basic,167.011,112.878,257.548,175.623,1.01,1.002
173,222,basic,149.257,78.501,183.305,100.355,2.504,2.289
173,225,basic,89.015,46.091,87.883,45.543,1.277,1.272
173,226,basic,253.462,161.543,251.852,163.028,1.391,1.304
173,229,basic,255.191,194.561,0.0,0.0,1.162,
173,230,basic,112.216,73.115,221.079,140.653,1.049,1.209
173,233,basic,283.524,175.641,284.012,175.967,0.847,0.846
173,234,basic,74.333,55.84,0.0,0.0,1.238,
173,235,basic,84.804,52.726,141.271,87.548,1.292,1.34
173,236,basic,50.391,42.943,108.91,81.828,1.065,1.627
173,239,basic,267.203,154.178,0.0,0.0,1.706,
173,241,basic,384.756,144.002,823.367,303.811,1.97,2.261
173,242,basic,160.072,106.449,0.0,0.0,1.255,
173,243,basic,220.612,120.055,299.756,162.082,0.987,1.027
173,244,basic,37.808,34.811,38.455,35.418,1.111,1.131
173,245,basic,317.239,257.204,452.897,359.657,1.263,1.396
173,246,basic,224.949,119.464,382.069,200.789,1.199,1.267
173,247,basic,374.501,140.582,1040.607,370.784,1.645,2.301
173,248,basic,147.467,92.764,0.0,0.0,0.881,
173,249,basic,34.121,25.08,37.282,27.323,0.884,0.904
173,250,basic,88.217,62.203,142.682,102.265,0.965,0.866
173,251,basic,126.65,64.983,153.315,77.168,1.361,1.449
173,252,basic,239.213,162.327,239.264,162.541,1.434,1.428
173,255,basic,88.516,57.278,281.672,176.929,0.853,1.042
173,257,basic,124.963,100.078,424.354,326.923,1.088,1.332
173,259,basic,152.688,105.75,0.0,0.0,1.301,
173,261,basic,166.081,144.987,226.783,187.623,1.036,1.366
173,262,basic,189.607,138.224,342.73,245.425,1.077,1.183
173,264,basic,81.865,40.809,0.0,0.0,0.927,
173,266,basic,110.665,84.551,115.991,88.492,0.904,0.912
173,267,basic,123.456,101.838,138.865,114.277,1.033,1.047
173,268,basic,110.9,105.355,0.0,0.0,1.054,
173,269,basic,105.702,96.268,224.635,199.269,1.081,1.381
173,270,basic,161.453,103.745,533.597,350.04,1.555,1.482
173,272,basic,43.385,40.544,0.0,0.0,1.017,
173,275,basic,92.912,85.289,201.091,182.894,1.158,1.25
173,276,basic,153.416,79.635,323.342,170.268,1.119,1.326
173,277,basic,126.994,80.738,130.157,82.559,1.02,1.033
173,279,basic,102.991,48.594,142.535,66.815,1.016,1.058
173,281,basic,72.655,47.627,148.636,90.958,0.811,1.222
173,282,basic,77.83,55.439,89.108,61.896,0.875,1.022
173,286,basic,178.793,107.867,308.636,192.079,1.978,1.876
173,287,gifted,190.0,174.196,0.0,0.0,,
173,288,basic,188.012,149.282,187.544,150.174,1.475,1.436
173,289,basic,154.87,127.092,0.0,0.0,1.381,
173,291,basic,376.477,245.849,624.187,409.464,2.478,2.462
173,292,basic,560.999,330.767,765.631,448.76,1.524,1.468
173,930,basic,399.169,331.623,824.652,699.184,2.36,2.249
173,935,basic,437.979,293.603,0.0,0.0,1.918,
173,939,basic,221.608,114.327,0.0,0.0,1.773,
173,949,basic,381.691,299.49,0.0,0.0,1.584,
173,955,basic,47.66,45.277,0.0,0.0,2.773,
173,971,gifted,516.597,473.627,704.68,646.065,,
173,972,basic,262.607,183.808,0.0,0.0,1.936,
173,974,basic,82.321,69.838,89.295,74.958,1.201,1.27
173,977,basic,236.013,165.591,234.073,164.5,1.344,1.334
174,103,basic,270.995,247.088,271.015,247.107,1.655,1.655
174,104,basic,133.543,53.503,133.737,53.538,2.38,2.384
174,105,basic,455.753,220.285,455.728,220.238,2.32,2.321
174,105,gifted,181.061,166.271,181.061,166.271,,
174,106,basic,451.086,281.878,451.305,281.923,1.74,1.741
174,106,gifted,114.94,105.551,114.94,105.551,,
174,107,basic,520.145,265.258,518.402,264.557,2.507,2.503
174,109,basic,149.764,103.034,149.599,102.93,2.128,2.128
174,110,basic,408.023,205.957,408.373,206.1,2.134,2.135
174,113,basic,390.81,246.481,390.819,246.417,2.389,2.391
174,113,gifted,135.403,124.343,135.403,124.343,,
174,115,basic,148.414,89.7,148.404,89.694,1.732,1.732
174,117,basic,251.824,155.789,252.112,155.897,2.337,2.339
174,117,gifted,89.45,82.143,89.45,82.143,,
174,118,basic,267.208,143.321,267.399,143.38,2.119,2.121
174,130,basic,672.123,385.367,671.96,385.311,1.732,1.732
174,201,basic,75.537,50.211,75.749,50.179,1.067,1.085
174,202,basic,171.95,87.918,197.692,100.377,1.695,1.737
174,203,basic,253.399,178.579,252.123,177.893,1.272,1.265
174,204,basic,173.861,124.928,371.125,267.09,1.455,1.48
174,207,basic,0.0,0.0,130.735,92.056,,1.082
174,208,basic,205.503,169.323,0.0,0.0,1.267,
174,209,basic,146.466,45.597,242.112,74.434,0.764,0.834
174,210,basic,190.524,73.688,0.0,0.0,1.37,
174,211,basic,85.983,54.102,278.746,180.747,1.133,1.367
174,212,gifted,205.792,188.982,205.792,188.982,,
174,215,basic,127.232,68.886,126.704,69.022,0.968,0.943
174,218,basic,159.434,95.817,210.582,123.312,0.774,0.919
174,220,basic,89.836,73.936,0.0,0.0,1.44,
174,221,basic,166.441,104.521,257.529,163.403,1.011,1.0
174,222,basic,146.322,83.433,181.155,107.236,2.273,2.093
174,225,basic,89.3,43.622,88.224,43.125,1.199,1.195
174,226,basic,254.808,149.693,253.65,150.875,1.348,1.283
174,229,basic,249.09,207.904,0.0,0.0,1.145,
174,230,basic,106.181,72.663,215.203,143.35,1.044,1.215
174,233,basic,285.252,170.741,286.213,171.27,0.837,0.839
174,234,basic,77.702,64.531,0.0,0.0,1.228,
174,235,basic,80.164,48.39,133.6,79.969,1.206,1.279
174,236,basic,50.58,44.511,109.635,85.38,1.048,1.594
174,239,basic,268.406,156.916,0.0,0.0,1.733,
174,241,basic,387.379,120.033,826.194,253.335,1.946,2.227
174,242,basic,156.303,107.519,0.0,0.0,1.234,
174,243,basic,217.176,109.851,296.542,148.946,0.996,1.037
174,244,basic,36.833,34.357,37.278,34.788,1.173,1.191
174,245,basic,321.655,273.29,454.845,378.268,1.25,1.381
174,246,basic,228.343,115.257,387.716,192.727,1.143,1.235
174,247,basic,369.811,112.409,1035.387,298.551,1.634,2.3
174,248,basic,142.171,90.319,0.0,0.0,0.884,
174,249,basic,32.906,24.827,36.386,27.33,0.887,0.915
174,250,basic,86.5,65.949,142.756,110.547,0.952,0.864
174,251,basic,138.308,60.369,166.908,71.524,1.39,1.468
174,252,basic,244.788,168.482,244.855,168.826,1.442,1.433
174,255,basic,87.494,58.052,284.037,182.53,0.857,1.049
174,257,basic,124.32,106.668,421.852,348.663,1.097,1.325
174,259,basic,161.299,123.538,0.0,0.0,1.276,
174,261,basic,164.254,151.287,223.572,198.151,1.058,1.382
174,262,basic,191.277,146.09,343.324,257.264,1.093,1.199
174,264,basic,82.754,32.82,0.0,0.0,0.958,
174,266,basic,104.886,81.462,110.309,85.494,0.902,0.913
174,267,basic,122.363,107.672,136.93,120.23,1.023,1.035
174,268,basic,110.818,105.277,0.0,0.0,1.087,
174,269,basic,104.398,98.253,224.281,211.386,1.091,1.417
174,270,basic,153.161,108.24,521.786,374.617,1.51,1.469
174,272,basic,44.081,41.623,0.0,0.0,1.084,
174,275,basic,95.385,89.725,205.438,193.541,1.2,1.287
174,276,basic,143.584,63.848,313.598,142.436,1.126,1.33
174,277,basic,131.636,86.097,135.389,88.291,1.022,1.038
174,279,basic,105.813,43.149,143.2,58.022,0.996,1.034
174,281,basic,63.905,43.314,137.589,86.295,0.812,1.248
174,282,basic,74.472,57.724,86.015,64.865,0.898,1.049
174,286,basic,178.626,101.673,307.805,182.109,2.054,1.923
174,287,gifted,190.0,174.48,0.0,0.0,,
174,288,basic,175.309,153.359,175.487,154.452,1.407,1.381
174,289,basic,157.987,145.682,0.0,0.0,1.397,
174,291,basic,378.94,256.684,629.661,427.066,2.453,2.459
174,292,basic,566.815,327.308,775.456,444.0,1.488,1.44
174,930,basic,399.085,367.573,824.503,765.532,2.422,2.314
174,935,basic,437.84,316.576,0.0,0.0,1.882,
174,939,basic,222.236,103.077,0.0,0.0,1.741,
174,949,basic,379.236,332.627,0.0,0.0,1.601,
174,955,basic,46.399,44.079,0.0,0.0,2.819,
174,971,gifted,515.869,473.73,703.992,646.487,,
174,972,basic,262.975,199.797,0.0,0.0,1.885,
174,974,basic,85.902,78.968,91.916,84.469,1.281,1.34
174,977,basic,238.099,186.024,238.502,186.165,1.314,1.319
175,103,basic,278.724,229.191,278.733,229.2,1.601,1.601
175,104,basic,145.512,54.903,145.745,54.94,2.313,2.316
175,105,basic,471.779,202.155,471.763,202.104,2.28,2.281
175,105,gifted,183.544,168.163,183.544,168.163,,
175,106,basic,470.251,267.589,470.553,267.621,1.734,1.736
175,106,gifted,116.569,106.8,116.569,106.8,,
175,107,basic,523.248,229.057,521.478,228.501,2.501,2.496
175,109,basic,152.346,92.722,152.184,92.637,2.05,2.049
175,110,basic,394.824,192.78,395.181,192.915,2.06,2.06
175,113,basic,391.626,213.358,391.608,213.31,2.309,2.309
175,113,gifted,135.236,123.902,135.236,123.902,,
175,115,basic,141.418,77.161,141.411,77.157,1.706,1.706
175,117,basic,258.743,142.057,259.071,142.139,2.314,2.317
175,117,gifted,89.135,81.665,89.135,81.665,,
175,118,basic,266.94,127.017,267.143,127.06,2.134,2.135
175,130,basic,656.198,364.876,655.994,364.814,1.681,1.681
175,201,basic,75.439,53.552,75.382,53.386,0.983,0.99
175,202,basic,167.153,90.506,192.455,103.356,1.554,1.589
175,203,basic,261.569,184.778,260.417,184.328,1.33,1.322
175,204,basic,178.052,130.586,375.703,271.112,1.322,1.425
175,207,basic,0.0,0.0,129.754,102.891,,1.031
175,208,basic,206.448,171.842,0.0,0.0,1.178,
175,209,basic,149.893,60.567,244.437,96.959,0.756,0.826
175,210,basic,190.11,87.243,0.0,0.0,1.349,
175,211,basic,79.333,52.962,261.22,165.446,1.09,1.332
175,212,gifted,205.835,188.585,205.835,188.585,,
175,215,basic,118.559,76.964,118.331,77.138,0.883,0.871
175,218,basic,156.404,105.73,207.026,134.822,0.757,0.897
175,220,basic,92.387,74.688,0.0,0.0,1.345,
175,221,basic,161.265,120.376,250.318,187.427,0.899,0.925
175,222,basic,146.038,84.794,181.052,109.163,1.963,1.835
175,225,basic,87.326,47.151,86.255,46.596,1.189,1.187
175,226,basic,249.742,173.211,248.596,174.289,1.188,1.149
175,229,basic,257.545,218.518,0.0,0.0,1.122,
175,230,basic,108.327,77.327,217.177,148.807,1.008,1.187
175,233,basic,278.863,188.519,279.697,189.011,0.816,0.818
175,234,basic,77.791,65.323,0.0,0.0,1.128,
175,235,basic,82.881,55.203,139.436,91.883,1.189,1.262
175,236,basic,51.332,44.999,108.606,86.927,1.045,1.423
175,239,basic,269.557,161.039,0.0,0.0,1.632,
175,241,basic,385.045,137.32,825.418,276.557,1.843,2.113
175,242,basic,156.823,112.794,0.0,0.0,1.209,
175,243,basic,218.031,125.085,297.132,168.821,0.982,1.022
175,244,basic,37.873,34.969,38.399,35.418,1.103,1.13
175,245,basic,320.512,280.646,453.355,385.542,1.207,1.345
175,246,basic,231.722,129.062,392.024,214.112,1.13,1.212
175,247,basic,374.279,135.354,1039.898,325.578,1.553,2.19
175,248,basic,143.359,98.286,0.0,0.0,0.876,
175,249,basic,29.574,24.26,32.941,26.771,0.85,0.886
175,250,basic,82.262,64.119,134.909,107.993,0.973,0.87
175,251,basic,135.582,69.985,163.975,83.468,1.342,1.39
175,252,basic,239.583,174.408,239.642,174.876,1.369,1.36
175,255,basic,84.423,60.683,280.437,190.682,0.801,1.026
175,257,basic,122.797,107.933,419.988,353.722,1.08,1.305
175,259,basic,166.765,126.593,0.0,0.0,1.242,
175,261,basic,177.228,160.626,236.159,202.971,1.058,1.349
175,262,basic,186.335,150.148,335.228,262.383,1.043,1.155
175,264,basic,80.709,41.379,0.0,0.0,0.903,
175,266,basic,107.86,91.999,113.163,96.319,0.887,0.895
175,267,basic,113.425,103.234,128.869,116.962,1.03,1.044
175,268,basic,108.35,102.932,0.0,0.0,1.085,
175,269,basic,109.939,102.181,229.61,211.227,1.044,1.371
175,270,basic,149.736,105.074,509.441,360.184,1.393,1.415
175,272,basic,41.301,38.603,0.0,0.0,1.047,
175,275,basic,97.25,90.514,208.296,192.481,1.163,1.264
175,276,basic,154.113,82.082,321.143,164.827,1.119,1.294
175,277,basic,123.458,85.655,127.272,87.897,0.995,1.011
175,279,basic,101.479,49.379,139.143,67.044,0.981,1.02
175,281,basic,62.196,44.929,138.239,89.115,0.815,1.247
175,282,basic,77.735,61.48,89.875,68.452,0.893,1.032
175,286,basic,179.948,114.347,310.657,202.821,1.743,1.7
175,287,gifted,190.0,174.077,0.0,0.0,,
175,288,basic,187.049,159.626,187.229,160.629,1.373,1.357
175,289,basic,157.456,128.305,0.0,0.0,1.333,
175,291,basic,371.255,247.566,622.879,409.635,2.146,2.224
175,292,basic,564.404,327.909,770.246,451.557,1.451,1.412
175,930,basic,399.332,330.227,824.767,693.131,2.276,2.184
175,935,basic,438.702,295.482,0.0,0.0,1.735,
175,939,basic,219.054,110.263,0.0,0.0,1.594,
175,949,basic,380.468,302.55,0.0,0.0,1.488,
175,955,basic,45.197,42.937,0.0,0.0,2.81,
175,971,gifted,515.509,472.307,703.606,644.641,,
175,972,basic,259.659,181.492,0.0,0.0,1.824,
175,974,basic,86.821,77.316,91.78,81.229,1.186,1.242
175,977,basic,234.239,180.023,234.858,180.226,1.284,1.29
176,103,basic,271.644,237.011,271.649,237.019,1.619,1.619
176,104,basic,128.714,50.461,128.955,50.503,2.391,2.396
176,105,basic,445.424,204.95,445.38,204.902,2.283,2.284
176,105,gifted,181.288,166.172,181.288,166.172,,
176,106,basic,474.717,278.74,474.977,278.805,1.791,1.793
176,106,gifted,118.569,108.683,118.569,108.683,,
176,107,basic,526.652,252.728,524.924,252.055,2.538,2.534
176,109,basic,151.341,98.659,151.198,98.565,2.141,2.141
176,110,basic,394.901,202.448,395.287,202.616,2.135,2.136
176,113,basic,390.763,231.332,390.778,231.266,2.357,2.358
176,113,gifted,133.732,122.582,133.732,122.582,,
176,115,basic,147.961,82.52,147.956,82.518,1.744,1.744
176,117,basic,256.579,155.566,256.897,155.691,2.336,2.338
176,117,gifted,89.869,82.376,89.869,82.376,,
176,118,basic,264.468,134.522,264.625,134.569,2.124,2.125
176,130,basic,666.01,379.282,665.812,379.206,1.759,1.759
176,201,basic,82.432,55.091,82.66,55.145,1.032,1.042
176,202,basic,167.126,89.197,192.605,102.137,1.633,1.676
176,203,basic,249.385,173.583,248.197,172.96,1.33,1.322
176,204,basic,182.084,130.246,379.972,272.062,1.454,1.479
176,207,basic,0.0,0.0,119.737,91.417,,1.069
176,208,basic,206.773,169.671,0.0,0.0,1.247,
176,209,basic,140.268,48.52,232.248,79.556,0.792,0.854
176,210,basic,190.401,82.089,0.0,0.0,1.391,
176,211,basic,73.31,46.215,256.792,159.334,1.102,1.359
176,212,gifted,205.722,188.569,205.722,188.569,,
176,215,basic,118.602,71.497,118.413,71.559,0.895,0.884
176,218,basic,154.431,94.623,208.381,124.181,0.766,0.943
176,220,basic,86.495,73.356,0.0,0.0,1.339,
176,221,basic,160.337,111.644,251.126,176.502,1.004,0.99
176,222,basic,149.22,90.371,185.981,115.884,2.043,1.895
176,225,basic,82.609,41.671,81.614,41.179,1.259,1.257
176,226,basic,258.801,172.807,257.767,173.195,1.305,1.266
176,229,basic,251.442,207.718,0.0,0.0,1.151,
176,230,basic,120.964,81.471,231.557,152.325,1.025,1.193
176,233,basic,287.363,177.011,288.419,177.611,0.856,0.859
176,234,basic,72.612,59.49,0.0,0.0,1.202,
176,235,basic,80.769,51.989,135.872,87.029,1.232,1.288
176,236,basic,49.424,44.208,103.874,86.855,1.12,1.468
176,239,basic,273.441,162.668,0.0,0.0,1.701,
176,241,basic,388.725,133.569,829.478,275.87,1.959,2.241
176,242,basic,157.381,109.699,0.0,0.0,1.228,
176,243,basic,218.381,114.795,298.432,155.894,0.992,1.034
176,244,basic,35.301,33.021,35.884,33.536,1.143,1.179
176,245,basic,318.639,282.992,447.608,389.855,1.242,1.377
176,246,basic,228.285,118.646,386.046,198.558,1.175,1.247
176,247,basic,370.986,125.277,1036.242,324.386,1.648,2.286
176,248,basic,143.544,90.658,0.0,0.0,0.897,
176,249,basic,30.261,23.45,33.852,26.045,0.862,0.907
176,250,basic,84.228,62.218,137.937,103.477,0.963,0.864
176,251,basic,131.512,64.624,158.585,77.081,1.408,1.461
176,252,basic,246.004,174.978,246.065,175.272,1.497,1.488
176,255,basic,89.235,58.69,289.853,184.399,0.842,1.066
176,257,basic,118.943,103.552,413.196,347.055,1.083,1.331
176,259,basic,155.847,115.702,0.0,0.0,1.261,
176,261,basic,172.41,158.466,231.23,205.384,1.094,1.407
176,262,basic,186.94,144.384,340.553,258.524,1.078,1.188
176,264,basic,82.965,38.194,0.0,0.0,0.959,
176,266,basic,107.559,86.882,112.956,91.113,0.913,0.922
176,267,basic,121.677,109.348,137.237,123.059,1.039,1.054
176,268,basic,111.518,105.942,0.0,0.0,1.066,
176,269,basic,104.073,97.965,222.472,209.729,1.11,1.42
176,270,basic,147.483,101.422,507.597,353.524,1.507,1.472
176,272,basic,42.329,39.917,0.0,0.0,1.054,
176,275,basic,90.112,85.038,199.826,188.789,1.197,1.287
176,276,basic,154.354,76.372,321.519,157.244,1.118,1.305
176,277,basic,132.35,85.686,135.97,87.806,1.019,1.035
176,279,basic,103.98,45.572,141.366,61.571,1.001,1.043
176,281,basic,63.934,42.531,139.331,86.384,0.818,1.269
176,282,basic,76.616,57.065,88.138,64.138,0.888,1.035
176,286,basic,170.847,113.535,300.606,203.695,1.793,1.746
176,287,gifted,190.0,174.158,0.0,0.0,,
176,288,basic,190.019,168.399,190.314,169.029,1.376,1.366
176,289,basic,155.778,130.18,0.0,0.0,1.369,
176,291,basic,372.8,264.614,624.193,441.234,2.318,2.373
176,292,basic,563.205,321.753,769.69,441.008,1.503,1.452
176,930,basic,398.975,361.326,824.344,751.749,2.358,2.267
176,935,basic,438.253,305.104,0.0,0.0,1.856,
176,939,basic,221.388,109.121,0.0,0.0,1.742,
176,949,basic,381.266,310.888,0.0,0.0,1.576,
176,955,basic,45.694,43.41,0.0,0.0,2.782,
176,971,gifted,515.982,472.96,704.098,645.392,,
176,972,basic,260.493,191.288,0.0,0.0,1.874,
176,974,basic,86.683,79.102,92.082,83.637,1.222,1.286
176,977,basic,238.215,179.767,237.936,179.519,1.318,1.32
177,103,basic,265.444,247.2,265.462,247.214,1.647,1.647
177,104,basic,152.191,50.586,152.424,50.641,2.94,2.943
177,105,basic,455.935,206.363,455.955,206.34,2.344,2.345
177,105,gifted,179.078,164.398,179.078,164.398,,
177,106,basic,472.228,273.144,472.597,273.238,1.876,1.879
177,106,gifted,117.8,108.143,117.8,108.143,,
177,107,basic,536.273,259.132,534.563,258.458,2.542,2.538
177,109,basic,148.16,99.446,147.993,99.354,2.167,2.166
177,110,basic,404.978,188.972,405.265,189.087,2.101,2.101
177,113,basic,400.298,250.141,400.266,250.093,2.405,2.406
177,113,gifted,134.736,123.691,134.736,123.691,,
177,115,basic,145.019,82.331,145.015,82.329,1.728,1.728
177,117,basic,266.407,159.689,266.639,159.772,2.347,2.35
177,117,gifted,89.818,82.455,89.818,82.455,,
177,118,basic,268.476,133.786,268.724,133.869,2.188,2.19
177,130,basic,667.475,350.53,667.336,350.481,1.706,1.705
177,201,basic,77.252,52.666,77.354,52.622,1.029,1.043
177,202,basic,166.932,86.227,192.515,98.815,1.656,1.703
177,203,basic,274.239,199.405,273.197,198.829,1.348,1.341
177,204,basic,175.545,133.017,375.409,285.02,1.489,1.504
177,207,basic,0.0,0.0,131.439,92.616,,1.125
177,208,basic,196.594,166.706,0.0,0.0,1.308,
177,209,basic,154.447,39.822,249.79,63.812,0.783,0.849
177,210,basic,194.285,68.04,0.0,0.0,1.426,
177,211,basic,78.485,49.776,263.721,169.188,1.127,1.386
177,212,gifted,205.723,188.858,205.723,188.858,,
177,215,basic,118.372,59.98,117.913,60.096,0.966,0.936
177,218,basic,156.045,90.878,204.458,116.728,0.758,0.9
177,220,basic,90.366,77.074,0.0,0.0,1.581,
177,221,basic,164.621,100.353,257.463,158.657,1.08,1.05
177,222,basic,142.048,88.882,176.876,113.918,2.213,2.049
177,225,basic,81.742,37.813,80.623,37.31,1.254,1.251
177,226,basic,261.497,150.222,260.427,151.266,1.406,1.333
177,229,basic,256.006,227.462,0.0,0.0,1.156,
177,230,basic,110.065,76.873,219.277,150.16,1.067,1.225
177,233,basic,285.557,164.517,286.098,164.856,0.863,0.862
177,234,basic,75.661,66.786,0.0,0.0,1.253,
177,235,basic,81.091,47.788,136.704,80.263,1.293,1.343
177,236,basic,50.013,45.367,105.319,86.822,1.073,1.637
177,239,basic,265.164,160.456,0.0,0.0,1.722,
177,241,basic,382.648,108.341,821.134,227.156,1.933,2.273
177,242,basic,163.604,114.747,0.0,0.0,1.247,
177,243,basic,216.751,104.245,295.871,141.499,0.979,1.022
177,244,basic,35.879,33.967,36.426,34.487,1.231,1.249
177,245,basic,318.656,284.374,451.198,396.231,1.275,1.407
177,246,basic,228.482,109.969,385.489,183.348,1.181,1.269
177,247,basic,373.405,101.148,1040.528,266.547,1.611,2.308
177,248,basic,142.562,89.133,0.0,0.0,0.893,
177,249,basic,30.908,23.298,33.929,25.549,0.947,0.958
177,250,basic,85.807,67.836,139.476,111.682,0.963,0.87
177,251,basic,132.656,53.538,159.988,63.63,1.463,1.539
177,252,basic,243.954,174.185,243.902,174.662,1.533,1.513
177,255,basic,89.937,59.342,286.163,184.403,0.884,1.065
177,257,basic,121.478,110.579,414.639,368.073,1.089,1.327
177,259,basic,159.702,129.269,0.0,0.0,1.349,
177,261,basic,165.299,155.321,223.93,208.424,1.121,1.454
177,262,basic,178.67,141.756,328.711,256.725,1.084,1.196
177,264,basic,80.336,27.889,0.0,0.0,0.936,
177,266,basic,103.216,81.926,108.168,85.756,0.9,0.908
177,267,basic,114.696,104.886,129.759,118.421,1.028,1.045
177,268,basic,109.99,104.49,0.0,0.0,1.053,
177,269,basic,108.75,103.188,228.81,217.258,1.08,1.411
177,270,basic,155.11,118.249,523.477,402.635,1.483,1.458
177,272,basic,41.958,39.83,0.0,0.0,1.109,
177,275,basic,96.318,91.387,209.438,198.845,1.208,1.308
177,276,basic,157.027,63.88,326.219,133.641,1.145,1.342
177,277,basic,128.578,84.992,132.186,87.177,1.024,1.04
177,279,basic,103.205,37.871,140.913,51.459,1.008,1.044
177,281,basic,67.561,45.714,144.795,92.077,0.821,1.268
177,282,basic,77.067,62.17,88.936,70.197,0.91,1.064
177,286,basic,182.804,104.546,312.931,187.323,2.37,2.135
177,287,gifted,190.0,174.424,0.0,0.0,,
177,288,basic,192.981,172.461,192.796,173.597,1.602,1.552
177,289,basic,156.386,146.273,0.0,0.0,1.459,
177,291,basic,376.793,274.104,623.907,457.84,2.533,2.51
177,292,basic,565.387,315.172,771.59,429.044,1.55,1.49
177,930,basic,398.971,375.125,824.45,778.048,2.47,2.345
177,935,basic,437.527,332.833,0.0,0.0,1.973,
177,939,basic,219.994,95.405,0.0,0.0,1.803,
177,949,basic,377.306,344.603,0.0,0.0,1.627,
177,955,basic,44.331,42.114,0.0,0.0,2.795,
177,971,gifted,515.815,473.531,703.907,646.204,,
177,972,basic,259.16,210.247,0.0,0.0,1.915,
177,974,basic,87.214,81.786,92.448,86.741,1.299,1.36
177,977,basic,233.477,194.88,233.369,194.794,1.328,1.328
178,103,basic,275.98,244.583,275.942,244.574,1.659,1.659
178,104,basic,115.837,48.294,116.087,48.33,2.093,2.1
178,105,basic,450.116,209.65,449.954,209.549,2.311,2.311
178,105,gifted,182.326,167.239,182.326,167.239,,
178,106,basic,462.343,281.588,462.55,281.649,1.72,1.722
178,106,gifted,117.46,107.74,117.46,107.74,,
178,107,basic,492.529,240.377,490.701,239.673,2.51,2.506
178,109,basic,148.912,100.574,148.877,100.5,2.058,2.06
178,110,basic,393.582,203.007,394.234,203.298,2.127,2.129
178,113,basic,383.561,235.357,383.611,235.295,2.298,2.3
178,113,gifted,133.315,122.283,133.315,122.283,,
178,115,basic,155.069,88.803,155.062,88.799,1.754,1.754
178,117,basic,248.187,152.706,248.953,153.047,2.316,2.321
178,117,gifted,89.41,82.011,89.41,82.011,,
178,118,basic,266.485,138.734,266.607,138.766,2.089,2.09
178,130,basic,672.203,386.086,671.841,385.99,1.761,1.76
178,201,basic,77.807,52.011,78.301,52.143,1.005,1.025
178,202,basic,172.138,89.21,197.856,101.879,1.672,1.713
178,203,basic,268.651,185.731,267.661,185.289,1.335,1.328
178,204,basic,177.422,126.768,376.147,268.053,1.413,1.461
178,207,basic,0.0,0.0,124.809,92.987,,1.087
178,208,basic,213.736,177.366,0.0,0.0,1.226,
178,209,basic,141.185,46.941,233.623,76.823,0.793,0.857
178,210,basic,191.584,79.071,0.0,0.0,1.414,
178,211,basic,74.305,46.511,257.257,161.982,1.11,1.351
178,212,gifted,205.677,188.658,205.677,188.658,,
178,215,basic,116.895,67.915,116.655,68.059,0.923,0.906
178,218,basic,151.312,92.01,203.238,120.17,0.765,0.926
178,220,basic,91.768,77.171,0.0,0.0,1.353,
178,221,basic,165.375,113.057,256.389,176.486,0.958,0.961
178,222,basic,135.519,81.895,170.052,105.656,1.94,1.812
178,225,basic,74.516,37.346,73.378,36.79,1.169,1.167
178,226,basic,261.682,168.8,260.617,169.417,1.299,1.256
178,229,basic,243.604,200.933,0.0,0.0,1.158,
178,230,basic,104.046,70.352,212.93,139.812,1.003,1.191
178,233,basic,281.079,171.556,281.841,171.992,0.837,0.838
178,234,basic,73.798,60.58,0.0,0.0,1.187,
178,235,basic,82.357,51.824,138.603,86.695,1.218,1.28
178,236,basic,52.473,46.922,108.59,91.131,1.052,1.357
178,239,basic,281.924,164.334,0.0,0.0,1.727,
178,241,basic,387.078,127.723,827.615,266.381,1.913,2.198
178,242,basic,163.494,112.841,0.0,0.0,1.222,
178,243,basic,223.843,115.891,304.022,156.228,0.987,1.033
178,244,basic,36.22,33.825,36.786,34.343,1.126,1.153
178,245,basic,319.012,279.645,445.462,382.752,1.238,1.365
178,246,basic,233.476,119.298,393.091,198.765,1.161,1.229
178,247,basic,366.673,118.462,1032.024,311.785,1.637,2.274
178,248,basic,143.525,90.332,0.0,0.0,0.885,
178,249,basic,31.096,23.789,34.639,26.313,0.88,0.921
178,250,basic,84.339,62.609,140.427,106.081,0.961,0.858
178,251,basic,133.589,63.23,161.168,75.456,1.391,1.438
178,252,basic,245.173,171.861,245.148,172.27,1.494,1.48
178,255,basic,86.56,56.843,282.782,179.663,0.842,1.045
178,257,basic,124.335,107.981,420.427,350.995,1.081,1.333
178,259,basic,156.464,117.582,0.0,0.0,1.204,
178,261,basic,176.047,160.876,236.536,207.95,1.12,1.441
178,262,basic,188.214,145.041,341.367,257.727,1.06,1.178
178,264,basic,81.796,35.885,0.0,0.0,0.974,
178,266,basic,104.206,83.522,109.385,87.558,0.902,0.909
178,267,basic,111.715,99.611,126.946,112.922,1.028,1.043
178,268,basic,107.107,101.752,0.0,0.0,1.068,
178,269,basic,104.235,97.951,224.898,211.559,1.072,1.412
178,270,basic,158.432,108.747,521.768,362.504,1.505,1.481
178,272,basic,41.66,39.288,0.0,0.0,1.04,
178,275,basic,99.794,94.011,211.601,199.593,1.182,1.272
178,276,basic,145.948,69.597,313.341,150.014,1.135,1.318
178,277,basic,124.664,80.484,128.051,82.454,1.025,1.04
178,279,basic,104.477,44.314,143.945,60.787,1.028,1.056
178,281,basic,68.686,45.836,142.401,88.472,0.803,1.216
178,282,basic,73.472,55.356,83.876,61.665,0.868,1.007
178,286,basic,172.539,111.973,303.147,200.662,1.72,1.682
178,287,gifted,190.0,174.278,0.0,0.0,,
178,288,basic,193.257,170.833,193.364,171.454,1.36,1.347
178,289,basic,156.291,136.82,0.0,0.0,1.352,
178,291,basic,371.111,264.806,624.692,439.131,2.255,2.358
178,292,basic,561.937,322.906,768.071,439.727,1.474,1.435
178,930,basic,398.892,363.457,824.279,756.132,2.338,2.259
178,935,basic,437.534,310.546,0.0,0.0,1.816,
178,939,basic,218.144,105.091,0.0,0.0,1.74,
178,949,basic,380.517,319.676,0.0,0.0,1.56,
178,955,basic,45.16,42.902,0.0,0.0,2.79,
178,971,gifted,515.987,473.29,704.012,645.756,,
178,972,basic,261.901,195.489,0.0,0.0,1.853,
178,974,basic,86.791,79.175,91.674,83.363,1.229,1.285
178,977,basic,242.883,182.579,241.13,181.571,1.35,1.34
179,103,basic,270.576,248.153,270.587,248.167,1.642,1.642
179,104,basic,125.249,48.815,125.51,48.857,2.372,2.379
179,105,basic,462.909,212.291,462.855,212.235,2.347,2.347
179,105,gifted,181.724,166.423,181.724,166.423,,
179,106,basic,450.344,271.979,450.599,272.06,1.819,1.821
179,106,gifted,116.465,106.659,116.465,106.659,,
179,107,basic,517.021,254.05,515.311,253.373,2.482,2.478
179,109,basic,139.016,95.877,138.931,95.796,2.136,2.138
179,110,basic,386.26,204.719,386.791,204.962,2.119,2.12
179,113,basic,401.45,247.926,401.508,247.862,2.371,2.373
179,113,gifted,137.379,125.812,137.379,125.812,,
179,115,basic,141.927,80.665,141.917,80.66,1.746,1.746
179,117,basic,252.271,161.499,252.819,161.746,2.327,2.332
179,117,gifted,89.451,81.919,89.451,81.919,,
179,118,basic,273.858,141.01,274.053,141.073,2.157,2.158
179,130,basic,667.094,395.404,666.8,395.296,1.722,1.721
179,201,basic,76.815,50.11,77.118,50.138,1.017,1.037
179,202,basic,170.686,86.049,196.586,98.436,1.714,1.761
179,203,basic,260.194,177.504,258.987,176.906,1.364,1.356
179,204,basic,168.92,118.632,369.565,260.762,1.512,1.515
179,207,basic,0.0,0.0,119.265,90.189,,1.154
179,208,basic,201.673,170.553,0.0,0.0,1.262,
179,209,basic,150.172,46.25,242.896,74.015,0.784,0.852
179,210,basic,192.988,77.32,0.0,0.0,1.417,
179,211,basic,76.443,46.462,261.472,160.516,1.105,1.379
179,212,gifted,205.503,188.2,205.503,188.2,,
179,215,basic,122.462,70.837,121.972,70.916,0.923,0.9
179,218,basic,160.782,94.199,213.047,121.84,0.771,0.926
179,220,basic,89.962,75.121,0.0,0.0,1.502,
179,221,basic,162.051,111.584,252.252,175.567,1.03,1.009
179,222,basic,144.381,83.916,179.714,107.74,2.201,2.033
179,225,basic,84.436,40.088,83.323,39.576,1.266,1.263
179,226,basic,272.727,178.384,271.786,179.748,1.409,1.341
179,229,basic,251.698,208.619,0.0,0.0,1.164,
179,230,basic,109.18,71.341,216.178,137.817,1.031,1.207
179,233,basic,277.386,164.909,277.954,165.247,0.828,0.828
179,234,basic,79.624,65.288,0.0,0.0,1.219,
179,235,basic,74.765,47.493,128.194,80.826,1.194,1.266
179,236,basic,47.153,42.645,102.401,86.471,1.14,1.497
179,239,basic,282.291,162.365,0.0,0.0,1.725,
179,241,basic,383.297,120.341,822.719,253.059,1.937,2.242
179,242,basic,157.406,107.547,0.0,0.0,1.245,
179,243,basic,222.482,110.398,302.804,149.279,0.982,1.026
179,244,basic,36.56,34.237,37.106,34.755,1.158,1.18
179,245,basic,324.215,291.12,452.807,400.251,1.289,1.415
179,246,basic,228.187,111.931,389.298,188.237,1.176,1.273
179,247,basic,368.473,113.102,1034.557,298.712,1.603,2.291
179,248,basic,148.566,90.162,0.0,0.0,0.889,
179,249,basic,30.629,23.372,34.069,25.884,0.904,0.935
179,250,basic,83.746,60.764,140.122,103.205,0.96,0.862
179,251,basic,132.776,62.04,160.462,74.181,1.428,1.476
179,252,basic,247.161,176.338,247.131,176.673,1.478,1.466
179,255,basic,89.084,56.324,283.036,174.078,0.86,1.05
179,257,basic,120.906,106.502,418.691,357.172,1.099,1.335
179,259,basic,173.092,125.727,0.0,0.0,1.327,
179,261,basic,175.648,162.545,236.125,212.29,1.101,1.425
179,262,basic,186.662,143.587,338.189,255.275,1.078,1.198
179,264,basic,77.796,33.652,0.0,0.0,0.94,
179,266,basic,110.697,89.953,116.092,94.226,0.905,0.912
179,267,basic,114.654,104.608,130.01,118.427,1.041,1.055
179,268,basic,107.476,102.102,0.0,0.0,1.064,
179,269,basic,105.846,99.883,225.75,213.709,1.088,1.409
179,270,basic,157.08,105.769,524.565,358.217,1.542,1.496
179,272,basic,38.517,36.396,0.0,0.0,1.078,
179,275,basic,97.74,92.396,210.192,199.194,1.211,1.298
179,276,basic,147.033,68.686,315.747,148.581,1.129,1.33
179,277,basic,123.852,77.52,127.237,79.432,1.016,1.032
179,279,basic,106.54,43.023,143.751,57.763,1.002,1.036
179,281,basic,69.804,44.78,148.705,89.098,0.818,1.26
179,282,basic,77.079,56.278,88.709,63.291,0.886,1.032
179,286,basic,181.017,116.001,312.613,207.034,2.051,1.922
179,287,gifted,190.0,174.002,0.0,0.0,,
179,288,basic,185.75,165.372,185.672,166.141,1.389,1.364
179,289,basic,158.573,137.704,0.0,0.0,1.383,
179,291,basic,376.522,272.539,629.233,455.059,2.441,2.475
179,292,basic,563.445,317.162,768.359,430.983,1.514,1.461
179,930,basic,399.274,366.489,824.813,763.535,2.41,2.299
179,935,basic,437.609,310.709,0.0,0.0,1.887,
179,939,basic,219.021,104.942,0.0,0.0,1.756,
179,949,basic,375.309,314.207,0.0,0.0,1.596,
179,955,basic,45.97,43.671,0.0,0.0,2.795,
179,971,gifted,515.923,472.483,703.961,644.689,,
179,972,basic,262.534,198.781,0.0,0.0,1.881,
179,974,basic,86.6,79.446,92.44,84.48,1.22,1.287
179,977,basic,239.391,178.337,237.898,177.392,1.344,1.338
180,103,basic,266.758,241.081,266.779,241.101,1.668,1.668
180,104,basic,132.095,51.608,132.294,51.654,2.389,2.393
180,105,basic,440.778,207.529,440.773,207.488,2.321,2.322
180,105,gifted,178.011,163.713,178.011,163.713,,
180,106,basic,458.848,276.789,459.166,276.864,1.813,1.815
180,106,gifted,116.407,107.057,116.407,107.057,,
180,107,basic,521.451,257.17,519.67,256.471,2.521,2.517
180,109,basic,143.016,96.887,142.838,96.784,2.105,2.104
180,110,basic,393.448,200.807,393.843,200.975,2.088,2.089
180,113,basic,396.74,248.411,396.717,248.363,2.329,2.33
180,113,gifted,135.466,124.585,135.466,124.585,,
180,115,basic,142.66,83.256,142.654,83.253,1.719,1.719
180,117,basic,268.611,164.438,268.973,164.574,2.36,2.363
180,117,gifted,89.856,82.639,89.856,82.639,,
180,118,basic,267.379,138.712,267.595,138.777,2.152,2.154
180,130,basic,659.122,373.501,658.922,373.424,1.726,1.726
180,201,basic,74.735,49.476,74.364,49.205,1.082,1.085
180,202,basic,169.809,88.007,195.985,101.031,1.619,1.655
180,203,basic,270.334,189.732,269.427,189.249,1.303,1.298
180,204,basic,186.554,134.831,386.775,278.475,1.409,1.466
180,207,basic,0.0,0.0,128.299,92.02,,1.129
180,208,basic,207.055,172.116,0.0,0.0,1.27,
180,209,basic,157.246,48.509,250.348,76.433,0.779,0.842
180,210,basic,191.019,74.658,0.0,0.0,1.423,
180,211,basic,70.391,44.161,252.751,161.161,1.103,1.37
180,212,gifted,205.726,189.202,205.726,189.202,,
180,215,basic,114.634,63.236,114.446,63.298,0.905,0.894
180,218,basic,160.207,95.818,212.201,123.634,0.766,0.924
180,220,basic,92.951,77.309,0.0,0.0,1.467,
180,221,basic,160.817,103.745,251.093,163.975,1.034,1.011
180,222,basic,142.326,89.682,179.231,115.204,1.783,1.7
180,225,basic,73.584,35.822,72.664,35.388,1.197,1.194
180,226,basic,245.212,152.336,244.076,152.933,1.247,1.198
180,229,basic,249.361,208.881,0.0,0.0,1.147,
180,230,basic,116.413,78.897,224.063,148.158,1.046,1.214
180,233,basic,279.814,167.298,280.297,167.581,0.828,0.828
180,234,basic,77.887,65.043,0.0,0.0,1.178,
180,235,basic,77.129,47.296,132.063,80.336,1.197,1.27
180,236,basic,50.537,45.13,105.096,88.602,1.066,1.349
180,239,basic,258.848,152.322,0.0,0.0,1.692,
180,241,basic,383.387,120.668,823.812,252.989,1.907,2.238
180,242,basic,162.213,111.097,0.0,0.0,1.237,
180,243,basic,220.986,111.769,300.589,151.08,0.987,1.027
180,244,basic,35.53,33.278,36.14,33.839,1.163,1.191
180,245,basic,318.598,277.083,448.68,382.419,1.24,1.374
180,246,basic,225.107,111.111,383.835,187.703,1.239,1.302
180,247,basic,365.806,112.739,1031.849,298.637,1.585,2.276
180,248,basic,147.481,92.031,0.0,0.0,0.894,
180,249,basic,29.994,22.439,33.383,24.838,0.912,0.947
180,250,basic,86.535,65.136,140.729,107.66,0.97,0.871
180,251,basic,132.355,59.387,159.521,70.838,1.395,1.442
180,252,basic,236.398,166.894,236.423,167.15,1.459,1.451
180,255,basic,88.145,57.736,282.204,179.222,0.856,1.055
180,257,basic,122.151,106.966,415.556,351.191,1.078,1.32
180,259,basic,161.175,121.186,0.0,0.0,1.347,
180,261,basic,180.543,166.31,239.838,214.063,1.116,1.423
180,262,basic,184.997,142.605,337.01,254.472,1.06,1.184
180,264,basic,82.892,33.593,0.0,0.0,0.95,
180,266,basic,106.985,84.371,112.28,88.442,0.919,0.926
180,267,basic,125.582,110.748,141.069,124.126,1.028,1.042
180,268,basic,109.33,103.864,0.0,0.0,1.061,
180,269,basic,105.225,99.229,223.835,211.538,1.051,1.387
180,270,basic,151.942,108.426,519.964,373.359,1.435,1.439
180,272,basic,41.534,39.287,0.0,0.0,1.055,
180,275,basic,94.436,89.274,204.546,193.781,1.18,1.284
180,276,basic,154.796,69.917,321.407,146.81,1.136,1.325
180,277,basic,125.705,81.756,129.309,83.866,1.014,1.031
180,279,basic,111.087,45.186,148.707,60.18,1.005,1.038
180,281,basic,64.717,43.063,143.804,88.83,0.829,1.283
180,282,basic,77.379,58.81,89.687,66.457,0.935,1.087
180,286,basic,174.014,105.64,302.527,188.946,1.939,1.849
180,287,gifted,190.0,174.739,0.0,0.0,,
180,288,basic,190.963,169.037,190.897,169.76,1.45,1.428
180,289,basic,156.606,142.408,0.0,0.0,1.403,
180,291,basic,372.154,269.517,622.702,447.161,2.251,2.326
180,292,basic,565.614,322.014,772.162,437.498,1.521,1.472
180,930,basic,398.31,370.755,823.776,770.466,2.36,2.278
180,935,basic,437.871,318.118,0.0,0.0,1.878,
180,939,basic,218.032,102.175,0.0,0.0,1.712,
180,949,basic,378.101,328.557,0.0,0.0,1.583,
180,955,basic,46.247,43.935,0.0,0.0,2.777,
180,971,gifted,514.926,473.566,702.901,646.442,,
180,972,basic,259.309,200.39,0.0,0.0,1.855,
180,974,basic,88.01,81.576,93.132,86.13,1.212,1.279
180,977,basic,238.323,183.927,237.903,183.634,1.332,1.331
181,103,basic,265.067,227.872,265.081,227.89,1.648,1.648
181,104,basic,133.927,52.188,134.173,52.231,2.344,2.349
181,105,basic,456.461,207.371,456.348,207.278,2.314,2.315
181,105,gifted,183.335,167.824,183.335,167.824,,
181,106,basic,472.565,274.3,472.821,274.359,1.811,1.813
181,106,gifted,118.273,108.266,118.273,108.266,,
181,107,basic,543.544,256.814,541.883,256.208,2.528,2.524
181,109,basic,152.386,98.31,152.256,98.221,2.092,2.092
181,110,basic,392.958,198.452,393.55,198.708,2.105,2.106
181,113,basic,390.586,228.473,390.629,228.423,2.351,2.353
181,113,gifted,133.985,122.649,133.985,122.649,,
181,115,basic,142.435,79.343,142.42,79.338,1.754,1.753
181,117,basic,257.556,152.57,258.243,152.846,2.318,2.323
181,117,gifted,89.244,81.694,89.244,81.694,,
181,118,basic,257.629,130.812,257.775,130.848,2.073,2.074
181,130,basic,655.165,369.92,654.815,369.795,1.706,1.705
181,201,basic,74.002,50.503,74.326,50.533,1.012,1.031
181,202,basic,170.739,90.442,196.105,103.02,1.678,1.727
181,203,basic,240.2,169.973,238.8,169.215,1.296,1.288
181,204,basic,181.542,130.356,382.967,275.671,1.458,1.477
181,207,basic,0.0,0.0,128.916,96.666,,1.132
181,208,basic,203.596,167.657,0.0,0.0,1.242,
181,209,basic,147.474,52.027,239.561,83.585,0.784,0.845
181,210,basic,191.0,82.115,0.0,0.0,1.41,
181,211,basic,72.999,46.496,257.563,161.972,1.144,1.353
181,212,gifted,205.61,188.214,205.61,188.214,,
181,215,basic,120.559,71.319,120.035,71.478,0.956,0.93
181,218,basic,156.658,98.198,205.608,125.68,0.764,0.904
181,220,basic,93.073,75.865,0.0,0.0,1.502,
181,221,basic,168.305,115.157,259.593,180.467,1.047,1.012
181,222,basic,146.128,85.05,180.605,108.277,2.184,2.049
181,225,basic,86.482,44.409,85.33,43.846,1.217,1.213
181,226,basic,253.213,164.915,252.19,166.112,1.347,1.288
181,229,basic,245.393,205.543,0.0,0.0,1.132,
181,230,basic,114.587,78.652,223.403,149.195,1.038,1.211
181,233,basic,281.243,176.739,281.747,177.053,0.834,0.834
181,234,basic,76.236,62.71,0.0,0.0,1.225,
181,235,basic,84.665,54.374,139.666,89.026,1.216,1.284
181,236,basic,49.241,44.004,104.485,84.472,1.061,1.532
181,239,basic,277.602,164.629,0.0,0.0,1.732,
181,241,basic,383.371,132.7,822.351,272.294,1.884,2.2
181,242,basic,160.872,112.725,0.0,0.0,1.23,
181,243,basic,216.484,116.183,293.777,156.619,0.983,1.022
181,244,basic,34.047,31.704,34.634,32.243,1.17,1.197
181,245,basic,316.469,278.048,442.938,381.697,1.252,1.374
181,246,basic,222.904,117.719,385.707,200.349,1.157,1.256
181,247,basic,364.241,124.38,1031.676,320.637,1.591,2.265
181,248,basic,146.552,94.542,0.0,0.0,0.891,
181,249,basic,28.797,22.135,31.826,24.386,0.932,0.953
181,250,basic,92.991,70.169,150.83,115.796,0.971,0.873
181,251,basic,134.89,66.152,162.881,78.488,1.382,1.457
181,252,basic,242.69,174.4,242.683,174.72,1.44,1.43
181,255,basic,86.666,58.067,279.175,181.369,0.867,1.053
181,257,basic,122.101,106.954,419.467,354.619,1.077,1.31
181,259,basic,171.566,129.324,0.0,0.0,1.266,
181,261,basic,175.327,160.694,236.789,208.729,1.102,1.424
181,262,basic,187.587,146.454,340.783,260.707,1.071,1.184
181,264,basic,83.133,38.255,0.0,0.0,0.942,
181,266,basic,108.148,88.021,113.451,92.212,0.907,0.915
181,267,basic,120.161,108.041,134.672,120.799,1.009,1.024
181,268,basic,107.901,102.506,0.0,0.0,1.063,
181,269,basic,103.984,97.644,223.599,210.056,1.079,1.407
181,270,basic,163.904,113.38,532.562,374.414,1.536,1.492
181,272,basic,40.099,37.794,0.0,0.0,1.036,
181,275,basic,92.764,87.243,201.215,189.48,1.192,1.29
181,276,basic,154.493,76.924,322.857,157.655,1.101,1.308
181,277,basic,130.212,86.281,134.072,88.555,1.015,1.033
181,279,basic,106.884,47.613,145.531,64.428,0.999,1.036
181,281,basic,67.285,45.927,144.541,91.245,0.813,1.252
181,282,basic,74.18,56.922,84.91,63.507,0.867,1.008
181,286,basic,179.408,110.322,308.857,197.331,2.046,1.915
181,287,gifted,190.0,173.925,0.0,0.0,,
181,288,basic,189.114,164.063,189.048,165.038,1.439,1.412
181,289,basic,160.195,135.895,0.0,0.0,1.362,
181,291,basic,374.417,259.797,625.319,432.348,2.302,2.364
181,292,basic,565.038,324.189,770.633,444.175,1.503,1.451
181,930,basic,399.449,356.254,825.031,744.984,2.409,2.285
181,935,basic,437.504,303.872,0.0,0.0,1.869,
181,939,basic,218.847,107.533,0.0,0.0,1.695,
181,949,basic,383.671,314.226,0.0,0.0,1.593,
181,955,basic,45.128,42.871,0.0,0.0,2.885,
181,971,gifted,516.64,472.929,704.825,645.192,,
181,972,basic,261.732,191.422,0.0,0.0,1.885,
181,974,basic,86.321,78.134,90.999,82.193,1.271,1.318
181,977,basic,240.035,183.461,240.219,183.462,1.321,1.325
182,103,basic,265.771,236.721,265.789,236.741,1.602,1.602
182,104,basic,145.858,61.048,146.141,61.099,2.396,2.402
182,105,basic,442.965,217.916,442.938,217.865,2.265,2.266
182,105,gifted,180.565,165.321,180.565,165.321,,
182,106,basic,467.615,292.223,467.914,292.295,1.758,1.76
182,106,gifted,117.321,107.416,117.321,107.416,,
182,107,basic,509.812,259.94,508.043,259.219,2.478,2.473
182,109,basic,150.699,101.666,150.533,101.555,2.156,2.156
182,110,basic,390.458,213.362,390.854,213.542,2.106,2.107
182,113,basic,396.306,246.023,396.271,245.928,2.35,2.352
182,113,gifted,136.593,125.061,136.593,125.061,,
182,115,basic,148.948,88.497,148.941,88.492,1.74,1.74
182,117,basic,252.013,159.399,252.374,159.546,2.317,2.32
182,117,gifted,90.014,82.415,90.014,82.415,,
182,118,basic,257.713,139.327,257.864,139.371,2.108,2.11
182,130,basic,670.133,403.979,669.938,403.908,1.746,1.745
182,201,basic,81.749,53.332,81.944,53.322,1.058,1.071
182,202,basic,166.144,86.811,191.215,99.285,1.613,1.652
182,203,basic,259.903,176.037,258.754,175.468,1.318,1.312
182,204,basic,179.989,123.885,378.726,260.877,1.46,1.487
182,207,basic,0.0,0.0,116.382,84.932,,1.119
182,208,basic,206.946,168.553,0.0,0.0,1.26,
182,209,basic,148.352,52.791,239.154,84.138,0.783,0.849
182,210,basic,192.838,82.658,0.0,0.0,1.421,
182,211,basic,81.678,50.457,265.613,167.227,1.12,1.353
182,212,gifted,205.831,188.454,205.831,188.454,,
182,215,basic,119.775,70.03,119.446,70.175,0.93,0.911
182,218,basic,154.549,94.137,205.6,121.939,0.761,0.915
182,220,basic,86.751,69.277,0.0,0.0,1.429,
182,221,basic,163.263,110.474,252.551,172.544,0.997,0.988
182,222,basic,146.325,82.772,181.299,106.161,2.157,1.99
182,225,basic,78.699,39.518,77.581,38.973,1.235,1.232
182,226,basic,253.683,164.162,252.607,164.976,1.283,1.233
182,229,basic,253.823,202.076,0.0,0.0,1.153,
182,230,basic,118.339,78.072,226.664,145.685,1.037,1.206
182,233,basic,280.942,171.792,281.691,172.244,0.831,0.832
182,234,basic,73.158,57.644,0.0,0.0,1.195,
182,235,basic,85.494,52.946,141.156,87.121,1.274,1.323
182,236,basic,53.081,46.797,111.003,88.014,1.062,1.552
182,239,basic,266.225,153.485,0.0,0.0,1.71,
182,241,basic,383.232,132.105,822.783,277.835,1.932,2.237
182,242,basic,167.819,112.918,0.0,0.0,1.248,
182,243,basic,215.22,112.955,295.243,153.887,0.995,1.037
182,244,basic,36.657,34.08,37.23,34.612,1.145,1.17
182,245,basic,320.678,273.186,452.962,377.872,1.225,1.358
182,246,basic,229.29,117.353,391.113,197.56,1.213,1.296
182,247,basic,374.108,127.632,1039.353,334.906,1.632,2.28
182,248,basic,151.569,94.413,0.0,0.0,0.894,
182,249,basic,32.895,24.552,36.215,26.902,0.885,0.914
182,250,basic,84.246,60.981,138.113,101.535,0.951,0.86
182,251,basic,137.953,66.706,165.729,79.054,1.431,1.49
182,252,basic,239.119,164.783,239.113,165.174,1.488,1.475
182,255,basic,87.462,56.691,281.355,176.426,0.844,1.049
182,257,basic,119.352,100.719,414.649,335.584,1.06,1.318
182,259,basic,169.835,121.044,0.0,0.0,1.32,
182,261,basic,177.947,159.776,240.502,205.98,1.112,1.437
182,262,basic,180.646,135.409,328.802,241.701,1.067,1.18
182,264,basic,83.889,38.802,0.0,0.0,0.927,
182,266,basic,102.098,80.226,107.235,84.16,0.897,0.903
182,267,basic,115.256,99.145,129.814,111.374,1.018,1.033
182,268,basic,107.863,102.47,0.0,0.0,1.083,
182,269,basic,109.882,102.416,230.277,212.59,1.069,1.4
182,270,basic,161.064,108.072,530.505,359.35,1.461,1.452
182,272,basic,41.953,39.466,0.0,0.0,1.05,
182,275,basic,93.025,86.91,204.369,190.227,1.186,1.28
182,276,basic,146.582,72.235,314.479,156.733,1.118,1.32
182,277,basic,126.161,80.515,129.889,82.633,1.02,1.038
182,279,basic,106.444,47.029,144.317,63.369,1.003,1.041
182,281,basic,64.487,42.401,136.464,83.349,0.806,1.235
182,282,basic,80.175,58.32,92.106,65.271,0.903,1.053
182,286,basic,179.024,108.449,309.272,194.466,2.011,1.88
182,287,gifted,190.0,173.959,0.0,0.0,,
182,288,basic,191.45,159.316,191.292,160.347,1.512,1.479
182,289,basic,154.491,132.032,0.0,0.0,1.385,
182,291,basic,374.85,257.331,624.379,426.586,2.388,2.427
182,292,basic,567.75,328.924,775.053,446.535,1.504,1.456
182,930,basic,398.775,351.473,824.154,734.835,2.334,2.25
182,935,basic,438.916,303.878,0.0,0.0,1.88,
182,939,basic,221.648,109.038,0.0,0.0,1.782,
182,949,basic,378.375,311.094,0.0,0.0,1.525,
182,955,basic,45.29,43.025,0.0,0.0,2.793,
182,971,gifted,516.476,472.873,704.605,645.119,,
182,972,basic,263.723,192.456,0.0,0.0,1.882,
182,974,basic,85.97,76.365,91.315,80.626,1.239,1.292
182,977,basic,238.978,174.004,238.999,173.941,1.323,1.326
183,103,basic,269.277,250.099,269.293,250.107,1.654,1.655
183,104,basic,138.643,45.4,138.87,45.435,2.431,2.435
183,105,basic,446.556,191.357,446.52,191.307,2.267,2.268
183,105,gifted,181.831,167.166,181.831,167.166,,
183,106,basic,458.156,262.67,458.489,262.74,1.783,1.785
183,106,gifted,116.506,107.11,116.506,107.11,,
183,107,basic,498.023,229.706,496.336,229.11,2.434,2.43
183,109,basic,146.238,95.217,146.044,95.111,2.193,2.192
183,110,basic,404.001,177.17,404.304,177.275,2.136,2.137
183,113,basic,384.309,231.806,384.314,231.742,2.372,2.374
183,113,gifted,131.287,120.699,131.287,120.699,,
183,115,basic,144.037,79.9,144.03,79.896,1.737,1.737
183,117,basic,256.578,148.956,256.711,148.983,2.303,2.305
183,117,gifted,89.737,82.5,89.737,82.5,,
183,118,basic,265.496,128.565,265.634,128.594,2.071,2.073
183,130,basic,666.951,339.741,666.82,339.703,1.724,1.724
183,201,basic,77.702,55.106,77.992,55.134,0.98,0.994
183,202,basic,174.144,87.114,199.934,99.368,1.715,1.752
183,203,basic,261.907,195.399,260.718,194.877,1.335,1.326
183,204,basic,177.143,141.07,375.139,295.192,1.342,1.438
183,207,basic,0.0,0.0,122.92,91.057,,1.048
183,208,basic,208.08,183.398,0.0,0.0,1.235,
183,209,basic,147.079,36.772,242.746,59.841,0.772,0.843
183,210,basic,192.812,65.174,0.0,0.0,1.404,
183,211,basic,77.771,50.577,264.075,172.128,1.121,1.345
183,212,gifted,206.235,189.603,206.235,189.603,,
183,215,basic,118.772,62.043,118.496,62.193,0.92,0.903
183,218,basic,158.4,95.278,209.468,122.263,0.766,0.917
183,220,basic,90.007,78.178,0.0,0.0,1.381,
183,221,basic,165.955,106.473,256.658,165.869,0.945,0.95
183,222,basic,146.102,88.715,179.871,113.526,2.22,2.045
183,225,basic,87.842,40.377,86.701,39.874,1.24,1.237
183,226,basic,256.973,151.743,255.904,152.264,1.288,1.251
183,229,basic,253.635,231.8,0.0,0.0,1.153,
183,230,basic,103.862,75.677,211.687,149.574,1.017,1.192
183,233,basic,278.107,165.881,279.225,166.475,0.835,0.837
183,234,basic,75.017,66.643,0.0,0.0,1.242,
183,235,basic,85.803,51.504,143.178,85.631,1.251,1.302
183,236,basic,52.434,47.473,110.172,91.044,1.092,1.514
183,239,basic,280.952,168.904,0.0,0.0,1.725,
183,241,basic,384.315,101.147,824.855,210.227,1.9,2.183
183,242,basic,152.516,111.042,0.0,0.0,1.213,
183,243,basic,217.013,104.851,295.156,141.601,0.992,1.03
183,244,basic,37.697,35.541,38.203,36.01,1.207,1.239
183,245,basic,321.653,292.949,446.624,399.528,1.247,1.38
183,246,basic,215.534,104.042,370.771,176.558,1.15,1.225
183,247,basic,373.586,94.902,1038.439,241.896,1.583,2.245
183,248,basic,144.081,93.631,0.0,0.0,0.879,
183,249,basic,28.833,23.282,32.307,25.874,0.865,0.906
183,250,basic,89.488,74.121,143.988,121.589,0.975,0.876
183,251,basic,133.126,53.226,160.398,63.336,1.357,1.407
183,252,basic,247.381,181.718,247.356,182.168,1.439,1.427
183,255,basic,88.292,61.18,285.881,190.173,0.83,1.048
183,257,basic,123.032,114.115,420.987,381.875,1.102,1.345
183,259,basic,156.351,130.948,0.0,0.0,1.307,
183,261,basic,178.198,166.826,238.916,221.51,1.135,1.472
183,262,basic,187.0,155.727,338.694,275.854,1.067,1.18
183,264,basic,77.608,26.643,0.0,0.0,0.927,
183,266,basic,103.886,87.103,109.097,91.324,0.892,0.899
183,267,basic,118.579,111.744,134.017,126.069,1.024,1.041
183,268,basic,111.636,106.055,0.0,0.0,1.068,
183,269,basic,107.04,101.507,225.976,214.505,1.059,1.375
183,270,basic,153.524,116.765,516.921,402.846,1.568,1.502
183,272,basic,41.531,39.376,0.0,0.0,1.082,
183,275,basic,93.61,88.772,202.408,192.116,1.175,1.298
183,276,basic,148.504,59.65,316.911,127.4,1.15,1.323
183,277,basic,129.376,88.336,133.222,90.652,1.016,1.032
183,279,basic,106.516,38.536,144.377,51.884,0.999,1.035
183,281,basic,73.447,52.108,151.062,98.65,0.802,1.219
183,282,basic,77.471,66.173,89.003,73.899,0.881,1.021
183,286,basic,176.032,108.511,306.499,193.516,1.786,1.743
183,287,gifted,190.0,174.677,0.0,0.0,,
183,288,basic,181.372,164.414,181.518,165.075,1.417,1.402
183,289,basic,158.364,148.655,0.0,0.0,1.387,
183,291,basic,375.664,276.747,626.31,458.796,2.299,2.354
183,292,basic,564.034,313.585,770.405,428.255,1.503,1.452
183,930,basic,399.368,374.208,824.79,776.041,2.46,2.35
183,935,basic,438.093,335.026,0.0,0.0,1.831,
183,939,basic,220.82,93.092,0.0,0.0,1.729,
183,949,basic,378.891,343.278,0.0,0.0,1.625,
183,955,basic,45.157,42.899,0.0,0.0,2.78,
183,971,gifted,515.303,473.745,703.352,646.628,,
183,972,basic,262.208,211.578,0.0,0.0,1.896,
183,974,basic,88.717,82.754,93.416,87.291,1.305,1.353
183,977,basic,238.409,205.853,238.864,206.078,1.312,1.317
184,103,basic,275.658,253.075,275.682,253.094,1.627,1.628
184,104,basic,127.204,46.399,127.372,46.431,2.591,2.594
184,105,basic,456.42,205.963,456.391,205.915,2.346,2.347
184,105,gifted,177.375,163.078,177.375,163.078,,
184,106,basic,459.566,277.65,459.818,277.707,1.83,1.831
184,106,gifted,116.934,107.509,116.934,107.509,,
184,107,basic,508.508,243.973,506.757,243.311,2.51,2.506
184,109,basic,148.928,100.607,148.782,100.525,2.202,2.201
184,110,basic,396.564,209.38,396.888,209.522,2.086,2.086
184,113,basic,387.434,231.026,387.461,230.98,2.483,2.484
184,113,gifted,134.588,123.74,134.588,123.74,,
184,115,basic,153.306,88.036,153.292,88.03,1.734,1.734
184,117,basic,258.451,163.617,258.686,163.692,2.311,2.314
184,117,gifted,89.392,82.187,89.392,82.187,,
184,118,basic,265.083,133.859,265.367,133.95,2.212,2.214
184,130,basic,657.208,393.184,657.048,393.125,1.688,1.688
184,201,basic,74.84,49.95,75.875,50.255,0.96,0.995
184,202,basic,171.788,85.953,197.507,97.871,1.652,1.705
184,203,basic,246.359,170.551,245.078,169.936,1.292,1.284
184,204,basic,185.614,130.882,383.319,270.814,1.458,1.484
184,207,basic,0.0,0.0,124.355,95.49,,1.091
184,208,basic,209.749,179.423,0.0,0.0,1.25,
184,209,basic,146.184,45.553,235.313,72.487,0.776,0.835
184,210,basic,193.383,76.94,0.0,0.0,1.393,
184,211,basic,78.77,48.091,265.568,163.954,1.133,1.387
184,212,gifted,206.015,189.41,206.015,189.41,,
184,215,basic,116.534,66.866,115.629,67.181,0.978,0.933
184,218,basic,158.339,94.91,209.343,122.008,0.761,0.904
184,220,basic,92.292,74.711,0.0,0.0,1.521,
184,221,basic,160.653,112.852,251.157,177.583,0.958,0.966
184,222,basic,151.041,85.82,186.961,109.854,2.119,1.975
184,225,basic,89.458,43.174,88.386,42.705,1.174,1.168
184,226,basic,262.816,170.738,261.449,173.063,1.376,1.287
184,229,basic,254.218,213.138,0.0,0.0,1.156,
184,230,basic,116.091,76.852,227.137,146.081,1.033,1.201
184,233,basic,282.066,170.332,282.513,170.634,0.839,0.839
184,234,basic,77.011,63.402,0.0,0.0,1.231,
184,235,basic,87.733,55.459,143.949,90.163,1.212,1.286
184,236,basic,58.186,52.249,119.315,95.886,1.103,1.609
184,239,basic,278.069,157.792,0.0,0.0,1.721,
184,241,basic,382.063,116.215,819.584,243.281,1.936,2.228
184,242,basic,171.639,117.644,0.0,0.0,1.25,
184,243,basic,210.747,105.923,289.113,144.152,0.973,1.017
184,244,basic,37.59,34.899,38.182,35.508,1.172,1.182
184,245,basic,322.634,287.836,454.567,397.882,1.28,1.414
184,246,basic,217.939,108.068,374.128,182.525,1.133,1.22
184,247,basic,373.923,112.276,1040.932,290.286,1.61,2.278
184,248,basic,147.181,90.92,0.0,0.0,0.888,
184,249,basic,28.056,21.491,30.858,23.617,0.955,0.966
184,250,basic,86.18,63.66,139.182,104.73,0.963,0.867
184,251,basic,135.567,62.741,163.793,74.38,1.411,1.486
184,252,basic,243.114,172.493,242.921,172.969,1.473,1.456
184,255,basic,84.659,54.425,275.769,171.773,0.87,1.046
184,257,basic,123.846,110.002,425.634,364.612,1.087,1.326
184,259,basic,151.684,111.835,0.0,0.0,1.27,
184,261,basic,169.912,156.817,231.372,205.771,1.082,1.417
184,262,basic,192.096,150.043,344.431,262.892,1.06,1.178
184,264,basic,79.358,34.551,0.0,0.0,0.93,
184,266,basic,103.916,85.976,109.139,90.132,0.9,0.909
184,267,basic,113.309,104.54,127.267,117.174,1.016,1.03
184,268,basic,111.54,105.963,0.0,0.0,1.072,
184,269,basic,101.795,95.87,220.131,207.992,1.047,1.387
184,270,basic,161.544,108.395,531.171,362.888,1.521,1.48
184,272,basic,39.613,37.326,0.0,0.0,1.075,
184,275,basic,93.343,88.233,202.586,191.879,1.183,1.296
184,276,basic,146.802,69.052,315.201,149.111,1.102,1.316
184,277,basic,131.56,83.521,135.0,85.447,1.018,1.033
184,279,basic,109.847,44.598,148.49,59.896,1.007,1.043
184,281,basic,72.437,47.654,144.863,88.321,0.8,1.188
184,282,basic,76.228,56.925,87.829,63.692,0.877,1.024
184,286,basic,177.93,111.22,307.147,199.939,1.966,1.844
184,287,gifted,190.0,174.686,0.0,0.0,,
184,288,basic,199.046,170.536,198.361,171.957,1.543,1.493
184,289,basic,158.483,138.044,0.0,0.0,1.44,
184,291,basic,377.163,267.521,623.715,443.644,2.362,2.371
184,292,basic,560.89,316.793,766.369,431.245,1.5,1.447
184,930,basic,399.097,358.56,824.404,749.489,2.424,2.319
184,935,basic,438.567,306.844,0.0,0.0,1.894,
184,939,basic,222.681,105.25,0.0,0.0,1.738,
184,949,basic,379.287,314.704,0.0,0.0,1.63,
184,955,basic,46.098,43.793,0.0,0.0,2.861,
184,971,gifted,516.522,474.89,704.613,647.82,,
184,972,basic,271.337,201.982,0.0,0.0,1.901,
184,974,basic,87.338,79.452,93.364,84.588,1.22,1.287
184,977,basic,242.006,181.505,241.278,181.013,1.33,1.329
185,103,basic,273.818,245.376,273.818,245.381,1.663,1.663
185,104,basic,137.466,51.558,137.759,51.596,2.373,2.379
185,105,basic,446.507,203.445,446.435,203.374,2.259,2.26
185,105,gifted,180.67,165.846,180.67,165.846,,
185,106,basic,454.94,271.871,455.219,271.936,1.768,1.77
185,106,gifted,115.654,106.165,115.654,106.165,,
185,107,basic,509.111,241.137,507.358,240.503,2.503,2.499
185,109,basic,154.993,103.113,154.901,103.033,2.096,2.096
185,110,basic,390.52,194.219,391.03,194.431,2.095,2.096
185,113,basic,392.119,236.212,392.16,236.14,2.342,2.344
185,113,gifted,135.427,124.315,135.427,124.315,,
185,115,basic,157.477,90.152,157.47,90.149,1.732,1.732
185,117,basic,256.669,155.678,257.154,155.849,2.261,2.265
185,117,gifted,89.504,82.161,89.504,82.161,,
185,118,basic,260.889,132.007,261.063,132.054,2.117,2.118
185,130,basic,662.853,373.449,662.573,373.358,1.715,1.715
185,201,basic,75.371,51.111,76.133,51.299,1.015,1.043
185,202,basic,166.852,86.667,192.393,99.053,1.556,1.601
185,203,basic,251.799,178.336,250.607,177.733,1.291,1.284
185,204,basic,169.804,122.664,367.089,264.771,1.429,1.474
185,207,basic,0.0,0.0,126.931,93.992,,1.098
185,208,basic,205.305,173.657,0.0,0.0,1.23,
185,209,basic,150.965,47.609,244.978,76.17,0.766,0.835
185,210,basic,193.069,75.941,0.0,0.0,1.387,
185,211,basic,79.198,49.99,264.941,167.997,1.128,1.362
185,212,gifted,205.779,188.895,205.779,188.895,,
185,215,basic,122.635,70.349,122.204,70.496,0.882,0.863
185,218,basic,156.401,96.204,206.426,123.37,0.755,0.893
185,220,basic,90.082,74.626,0.0,0.0,1.388,
185,221,basic,164.121,110.163,253.357,171.652,0.976,0.976
185,222,basic,143.68,86.935,180.277,112.338,1.885,1.776
185,225,basic,78.164,38.41,77.126,37.922,1.179,1.176
185,226,basic,250.173,158.489,249.053,159.751,1.242,1.187
185,229,basic,252.887,215.328,0.0,0.0,1.15,
185,230,basic,111.685,77.465,221.434,148.482,0.993,1.176
185,233,basic,284.09,174.351,284.958,174.861,0.828,0.829
185,234,basic,81.871,68.909,0.0,0.0,1.205,
185,235,basic,78.261,49.14,132.345,82.176,1.168,1.248
185,236,basic,49.042,43.526,104.274,85.355,1.087,1.439
185,239,basic,272.101,159.16,0.0,0.0,1.67,
185,241,basic,384.442,117.705,823.418,245.185,1.917,2.193
185,242,basic,158.577,110.171,0.0,0.0,1.24,
185,243,basic,210.583,108.434,288.039,147.066,0.966,1.01
185,244,basic,40.44,37.643,41.045,38.231,1.169,1.187
185,245,basic,321.382,283.889,455.505,393.546,1.226,1.351
185,246,basic,221.007,112.531,375.46,187.828,1.112,1.201
185,247,basic,373.033,112.429,1038.479,288.311,1.623,2.272
185,248,basic,147.095,93.985,0.0,0.0,0.885,
185,249,basic,29.229,22.555,32.354,24.846,0.916,0.943
185,250,basic,92.442,71.042,149.226,116.689,0.958,0.872
185,251,basic,134.295,60.35,162.349,71.77,1.408,1.468
185,252,basic,239.463,169.735,239.452,170.267,1.445,1.43
185,255,basic,85.727,57.523,280.046,180.69,0.839,1.043
185,257,basic,125.414,111.401,422.565,360.82,1.082,1.325
185,259,basic,156.612,119.804,0.0,0.0,1.272,
185,261,basic,173.47,159.804,234.827,208.108,1.082,1.413
185,262,basic,186.974,146.93,338.35,259.9,1.075,1.184
185,264,basic,84.149,35.304,0.0,0.0,0.918,
185,266,basic,104.222,85.405,109.464,89.542,0.884,0.892
185,267,basic,121.833,110.793,137.018,124.314,1.031,1.044
185,268,basic,111.53,105.953,0.0,0.0,1.07,
185,269,basic,109.979,103.445,229.646,216.603,1.072,1.395
185,270,basic,152.669,109.076,513.312,368.284,1.406,1.43
185,272,basic,46.078,43.484,0.0,0.0,1.052,
185,275,basic,96.538,90.951,209.534,197.957,1.231,1.31
185,276,basic,149.594,69.075,318.931,147.19,1.106,1.308
185,277,basic,128.21,84.532,131.596,86.492,1.014,1.028
185,279,basic,112.81,46.477,151.59,61.992,1.003,1.042
185,281,basic,65.394,44.631,140.444,87.844,0.814,1.237
185,282,basic,75.61,59.193,87.279,66.25,0.872,1.018
185,286,basic,183.548,109.663,313.707,195.366,1.963,1.836
185,287,gifted,190.0,174.411,0.0,0.0,,
185,288,basic,189.38,166.263,189.404,167.472,1.404,1.377
185,289,basic,160.154,144.53,0.0,0.0,1.375,
185,291,basic,378.073,261.724,629.468,433.371,2.344,2.391
185,292,basic,563.43,320.698,770.243,437.402,1.485,1.438
185,930,basic,398.957,365.221,824.367,760.519,2.374,2.279
185,935,basic,438.567,313.601,0.0,0.0,1.828,
185,939,basic,222.438,103.1,0.0,0.0,1.712,
185,949,basic,381.973,327.128,0.0,0.0,1.578,
185,955,basic,45.9,43.605,0.0,0.0,2.81,
185,971,gifted,516.05,473.708,704.117,646.344,,
185,972,basic,260.161,196.963,0.0,0.0,1.849,
185,974,basic,87.051,79.492,92.137,84.092,1.267,1.318
185,977,basic,238.045,185.012,237.159,184.445,1.325,1.322
186,103,basic,255.544,221.191,255.589,221.223,1.594,1.594
186,104,basic,138.14,54.558,138.263,54.599,2.54,2.541
186,105,basic,473.485,222.629,473.522,222.605,2.268,2.269
186,105,gifted,184.358,168.791,184.358,168.791,,
186,106,basic,467.55,287.245,467.897,287.285,1.763,1.765
186,106,gifted,117.654,107.719,117.654,107.719,,
186,107,basic,493.758,238.128,491.922,237.467,2.472,2.468
186,109,basic,156.008,100.652,155.702,100.533,2.159,2.156
186,110,basic,398.48,216.588,398.52,216.6,2.107,2.108
186,113,basic,384.253,223.699,384.178,223.647,2.38,2.38
186,113,gifted,132.816,121.601,132.816,121.601,,
186,115,basic,146.12,85.458,146.113,85.454,1.719,1.719
186,117,basic,277.159,167.696,277.041,167.62,2.347,2.347
186,117,gifted,90.97,83.289,90.97,83.289,,
186,118,basic,257.843,134.443,258.053,134.496,2.119,2.121
186,130,basic,650.788,405.583,650.746,405.576,1.636,1.636
186,201,basic,79.303,53.075,78.958,52.772,1.019,1.023
186,202,basic,169.938,88.403,194.986,100.599,1.603,1.641
186,203,basic,274.85,185.372,273.816,185.031,1.334,1.326
186,204,basic,179.817,124.517,378.758,259.942,1.361,1.439
186,207,basic,0.0,0.0,128.237,99.248,,1.06
186,208,basic,202.679,167.034,0.0,0.0,1.236,
186,209,basic,150.416,59.922,245.234,96.146,0.778,0.845
186,210,basic,192.926,87.883,0.0,0.0,1.394,
186,211,basic,74.324,46.948,257.426,162.029,1.108,1.348
186,212,gifted,205.576,188.217,205.576,188.217,,
186,215,basic,118.344,75.226,118.076,75.429,0.893,0.878
186,218,basic,159.247,102.827,210.37,131.129,0.753,0.9
186,220,basic,94.063,73.27,0.0,0.0,1.428,
186,221,basic,164.698,119.893,254.886,187.477,0.954,0.956
186,222,basic,146.046,78.802,180.144,101.023,2.13,1.982
186,225,basic,72.144,38.1,70.869,37.471,1.157,1.152
186,226,basic,248.379,171.375,247.17,172.955,1.218,1.163
186,229,basic,252.336,202.486,0.0,0.0,1.142,
186,230,basic,114.175,76.593,220.832,143.144,1.026,1.191
186,233,basic,282.454,182.941,282.872,183.215,0.828,0.828
186,234,basic,75.464,59.514,0.0,0.0,1.175,
186,235,basic,90.479,57.851,146.861,93.611,1.27,1.315
186,236,basic,51.4,44.75,108.255,84.032,1.072,1.546
186,239,basic,272.651,155.645,0.0,0.0,1.673,
186,241,basic,382.639,136.835,821.754,280.827,1.854,2.172
186,242,basic,159.005,109.723,0.0,0.0,1.2,
186,243,basic,218.004,121.023,297.811,163.721,0.975,1.02
186,244,basic,35.587,32.622,36.172,33.163,1.11,1.13
186,245,basic,318.187,274.433,447.446,375.6,1.227,1.355
186,246,basic,238.954,126.455,399.91,208.877,1.2,1.263
186,247,basic,370.336,134.071,1035.632,338.053,1.558,2.221
186,248,basic,150.761,97.181,0.0,0.0,0.905,
186,249,basic,29.618,22.998,32.721,25.257,0.888,0.916
186,250,basic,81.003,59.58,135.053,101.573,0.952,0.857
186,251,basic,131.284,68.175,158.757,81.26,1.347,1.399
186,252,basic,247.352,173.864,247.313,174.254,1.412,1.402
186,255,basic,86.68,58.01,281.587,179.927,0.854,1.063
186,257,basic,119.742,102.311,417.233,338.871,1.064,1.315
186,259,basic,160.773,113.149,0.0,0.0,1.305,
186,261,basic,178.516,159.092,240.604,201.75,1.076,1.391
186,262,basic,186.625,143.724,338.341,253.382,1.046,1.162
186,264,basic,80.646,41.691,0.0,0.0,0.911,
186,266,basic,105.605,86.97,110.702,91.027,0.896,0.902
186,267,basic,118.146,103.983,133.601,117.202,1.038,1.053
186,268,basic,108.329,102.912,0.0,0.0,1.065,
186,269,basic,103.159,95.462,222.818,201.899,0.987,1.336
186,270,basic,166.912,109.19,534.177,354.781,1.45,1.438
186,272,basic,41.422,38.678,0.0,0.0,1.009,
186,275,basic,89.79,83.137,198.837,182.384,1.157,1.262
186,276,basic,151.901,80.741,320.953,169.289,1.109,1.311
186,277,basic,123.2,80.584,127.003,82.752,1.013,1.029
186,279,basic,110.559,52.585,149.703,70.591,0.992,1.031
186,281,basic,69.573,47.32,147.874,91.106,0.812,1.227
186,282,basic,76.978,57.066,88.271,63.299,0.875,1.01
186,286,basic,178.348,111.236,308.145,198.581,1.832,1.76
186,287,gifted,190.0,173.956,0.0,0.0,,
186,288,basic,195.282,163.182,195.18,164.081,1.35,1.33
186,289,basic,155.887,127.436,0.0,0.0,1.359,
186,291,basic,374.394,252.419,622.821,416.011,2.206,2.257
186,292,basic,564.663,329.284,769.593,448.677,1.485,1.437
186,930,basic,399.281,322.67,824.654,680.977,2.301,2.204
186,935,basic,437.816,289.953,0.0,0.0,1.84,
186,939,basic,218.78,111.402,0.0,0.0,1.67,
186,949,basic,386.816,302.525,0.0,0.0,1.516,
186,955,basic,46.918,44.572,0.0,0.0,2.788,
186,971,gifted,515.452,471.927,703.505,644.1,,
186,972,basic,264.159,183.927,0.0,0.0,1.878,
186,974,basic,86.311,74.667,91.532,78.429,1.194,1.247
186,977,basic,238.341,171.367,238.212,171.283,1.312,1.312
187,103,basic,263.328,226.5,263.353,226.521,1.627,1.627
187,104,basic,132.38,57.58,132.608,57.627,2.458,2.463
187,105,basic,456.552,230.449,456.534,230.401,2.319,2.32
187,105,gifted,183.819,168.398,183.819,168.398,,
187,106,basic,448.265,282.164,448.574,282.238,1.77,1.772
187,106,gifted,115.773,106.06,115.773,106.06,,
187,107,basic,526.24,276.314,524.551,275.63,2.469,2.465
187,109,basic,158.779,105.28,158.55,105.155,2.165,2.164
187,110,basic,379.999,208.249,380.266,208.368,2.105,2.106
187,113,basic,392.469,241.463,392.436,241.383,2.354,2.356
187,113,gifted,135.065,123.734,135.065,123.734,,
187,115,basic,154.68,94.681,154.669,94.675,1.727,1.727
187,117,basic,261.719,161.618,261.829,161.635,2.357,2.359
187,117,gifted,89.939,82.394,89.939,82.394,,
187,118,basic,272.262,152.2,272.361,152.217,2.066,2.067
187,130,basic,667.919,406.643,667.793,406.599,1.738,1.738
187,201,basic,85.959,56.567,85.227,56.14,1.065,1.06
187,202,basic,166.73,88.336,191.598,100.925,1.683,1.719
187,203,basic,254.455,172.1,253.195,171.486,1.307,1.299
187,204,basic,176.263,121.678,376.23,257.936,1.397,1.469
187,207,basic,0.0,0.0,122.86,87.633,,1.096
187,208,basic,202.947,159.414,0.0,0.0,1.262,
187,209,basic,140.713,56.127,232.655,91.612,0.783,0.853
187,210,basic,194.454,87.997,0.0,0.0,1.399,
187,211,basic,71.392,45.311,254.104,164.605,1.1,1.347
187,212,gifted,205.757,188.495,205.757,188.495,,
187,215,basic,119.212,71.531,118.873,71.574,0.937,0.923
187,218,basic,161.556,101.598,212.899,130.211,0.771,0.922
187,220,basic,88.749,68.254,0.0,0.0,1.415,
187,221,basic,169.213,112.848,259.055,174.696,0.986,0.971
187,222,basic,149.795,82.916,184.341,105.62,2.22,2.058
187,225,basic,91.29,48.025,90.196,47.474,1.236,1.233
187,226,basic,263.244,165.18,262.244,166.115,1.337,1.288
187,229,basic,256.33,199.872,0.0,0.0,1.136,
187,230,basic,100.432,67.228,207.288,135.137,1.042,1.207
187,233,basic,281.823,177.441,282.663,177.929,0.829,0.83
187,234,basic,74.552,57.93,0.0,0.0,1.165,
187,235,basic,87.142,54.451,141.711,88.049,1.234,1.293
187,236,basic,55.941,47.567,115.245,87.578,1.028,1.492
187,239,basic,267.859,156.372,0.0,0.0,1.707,
187,241,basic,384.953,144.159,825.082,300.536,1.895,2.221
187,242,basic,161.132,109.022,0.0,0.0,1.239,
187,243,basic,213.639,117.901,289.818,158.894,0.973,1.011
187,244,basic,37.747,34.899,38.281,35.353,1.109,1.135
187,245,basic,316.521,256.449,444.63,352.15,1.235,1.367
187,246,basic,228.241,122.583,386.362,205.431,1.199,1.261
187,247,basic,371.674,139.311,1036.793,363.466,1.6,2.268
187,248,basic,147.817,95.364,0.0,0.0,0.884,
187,249,basic,28.809,21.421,32.165,23.745,0.893,0.933
187,250,basic,95.421,68.9,151.846,111.748,0.992,0.887
187,251,basic,136.944,68.497,165.235,81.703,1.383,1.429
187,252,basic,236.955,158.521,236.833,159.069,1.487,1.467
187,255,basic,89.541,59.653,283.568,182.465,0.843,1.043
187,257,basic,124.798,100.669,421.698,326.302,1.086,1.327
187,259,basic,160.46,114.17,0.0,0.0,1.298,
187,261,basic,164.424,144.463,223.864,186.179,1.061,1.375
187,262,basic,186.182,137.632,340.156,246.295,1.075,1.187
187,264,basic,81.44,39.674,0.0,0.0,0.932,
187,266,basic,105.756,81.045,110.98,84.892,0.894,0.903
187,267,basic,117.334,97.914,131.672,109.602,1.013,1.027
187,268,basic,112.406,106.786,0.0,0.0,1.07,
187,269,basic,107.893,99.149,227.189,202.689,1.035,1.366
187,270,basic,162.617,107.764,531.665,358.279,1.509,1.468
187,272,basic,41.352,38.637,0.0,0.0,1.031,
187,275,basic,101.239,92.932,212.921,193.25,1.143,1.255
187,276,basic,154.44,79.176,323.285,167.375,1.119,1.312
187,277,basic,122.073,79.487,125.873,81.699,1.02,1.037
187,279,basic,107.918,51.299,146.401,69.062,0.995,1.038
187,281,basic,67.775,45.713,145.272,90.367,0.816,1.259
187,282,basic,79.223,58.055,91.087,64.983,0.904,1.047
187,286,basic,186.572,109.533,318.096,193.906,1.975,1.854
187,287,gifted,190.0,174.06,0.0,0.0,,
187,288,basic,180.288,148.89,180.345,149.513,1.322,1.307
187,289,basic,155.567,131.014,0.0,0.0,1.344,
187,291,basic,376.504,244.647,628.416,405.987,2.363,2.407
187,292,basic,564.536,334.076,770.787,453.688,1.501,1.454
187,930,basic,398.95,337.166,824.387,708.081,2.335,2.246
187,935,basic,437.039,294.968,0.0,0.0,1.878,
187,939,basic,215.191,109.52,0.0,0.0,1.749,
187,949,basic,382.635,308.836,0.0,0.0,1.531,
187,955,basic,46.358,44.04,0.0,0.0,2.739,
187,971,gifted,515.613,472.357,703.73,644.693,,
187,972,basic,268.765,188.93,0.0,0.0,1.893,
187,974,basic,86.427,75.878,91.371,79.529,1.193,1.251
187,977,basic,230.924,167.87,232.085,168.418,1.295,1.305
188,103,basic,280.471,247.264,280.411,247.256,1.674,1.673
188,104,basic,128.423,63.581,128.623,63.629,2.046,2.05
188,105,basic,431.741,227.413,431.509,227.272,2.25,2.25
188,105,gifted,179.622,165.006,179.622,165.006,,
188,106,basic,449.206,297.042,449.493,297.14,1.723,1.725
188,106,gifted,115.937,106.503,115.937,106.503,,
188,107,basic,546.144,291.297,544.439,290.59,2.605,2.6
188,109,basic,147.688,106.955,147.553,106.841,1.993,1.994
188,110,basic,383.21,225.265,384.094,225.715,2.192,2.194
188,113,basic,384.152,250.902,384.078,250.827,2.259,2.259
188,113,gifted,135.215,124.212,135.215,124.212,,
188,115,basic,147.958,92.419,147.955,92.416,1.724,1.724
188,117,basic,253.952,169.594,254.947,170.091,2.332,2.338
188,117,gifted,88.981,81.74,88.981,81.74,,
188,118,basic,263.443,152.018,263.518,152.03,2.096,2.097
188,130,basic,662.272,435.601,661.694,435.424,1.708,1.706
188,201,basic,75.909,47.508,75.284,47.139,1.128,1.125
188,202,basic,155.923,83.75,180.654,96.218,1.473,1.526
188,203,basic,242.301,158.79,241.063,158.142,1.292,1.286
188,204,basic,187.064,122.882,387.02,255.498,1.504,1.505
188,207,basic,0.0,0.0,121.646,89.542,,1.044
188,208,basic,200.809,159.821,0.0,0.0,1.273,
188,209,basic,146.52,57.614,241.589,93.951,0.774,0.842
188,210,basic,192.0,88.047,0.0,0.0,1.386,
188,211,basic,74.744,45.081,263.938,166.085,1.128,1.366
188,212,gifted,205.611,188.88,205.611,188.88,,
188,215,basic,117.412,72.16,117.426,72.241,0.88,0.876
188,218,basic,156.889,94.933,208.046,122.668,0.767,0.927
188,220,basic,84.291,65.222,0.0,0.0,1.302,
188,221,basic,160.533,110.397,250.398,173.808,0.985,0.974
188,222,basic,137.396,79.981,174.494,103.655,1.855,1.765
188,225,basic,86.285,44.133,85.346,43.651,1.245,1.245
188,226,basic,266.856,176.27,265.925,176.695,1.299,1.264
188,229,basic,254.425,191.879,0.0,0.0,1.147,
188,230,basic,112.207,70.624,220.198,136.004,1.097,1.234
188,233,basic,282.563,172.434,283.763,173.111,0.845,0.848
188,234,basic,76.386,56.813,0.0,0.0,1.206,
188,235,basic,84.506,53.512,140.464,88.327,1.208,1.275
188,236,basic,49.948,43.079,102.247,82.572,1.043,1.34
188,239,basic,274.281,156.428,0.0,0.0,1.668,
188,241,basic,387.225,144.382,828.382,306.199,1.92,2.24
188,242,basic,159.355,105.285,0.0,0.0,1.224,
188,243,basic,214.68,114.588,294.624,156.118,0.977,1.025
188,244,basic,35.156,32.551,35.737,33.022,1.082,1.115
188,245,basic,320.471,264.173,445.889,360.108,1.217,1.349
188,246,basic,237.742,123.029,398.329,204.265,1.235,1.3
188,247,basic,371.492,138.044,1036.793,370.239,1.622,2.291
188,248,basic,151.46,92.733,0.0,0.0,0.901,
188,249,basic,32.006,23.507,35.515,25.903,0.858,0.901
188,250,basic,85.021,58.528,139.794,97.634,0.951,0.86
188,251,basic,136.161,69.373,163.055,82.354,1.43,1.471
188,252,basic,231.174,154.346,231.295,154.702,1.502,1.492
188,255,basic,87.314,55.28,283.179,173.228,0.831,1.054
188,257,basic,129.675,103.195,427.336,327.809,1.085,1.325
188,259,basic,165.065,111.142,0.0,0.0,1.322,
188,261,basic,169.508,146.445,228.621,188.104,1.057,1.368
188,262,basic,183.557,132.171,334.631,236.887,1.084,1.189
188,264,basic,77.009,38.792,0.0,0.0,0.92,
188,266,basic,109.384,83.23,114.897,87.277,0.921,0.931
188,267,basic,117.241,96.999,132.64,109.466,1.036,1.052
188,268,basic,107.972,102.573,0.0,0.0,1.07,
188,269,basic,106.087,97.114,227.956,202.054,1.054,1.397
188,270,basic,142.781,91.675,503.075,323.79,1.416,1.445
188,272,basic,40.761,38.005,0.0,0.0,1.029,
188,275,basic,93.541,85.954,203.638,185.181,1.156,1.258
188,276,basic,149.282,77.085,318.186,169.499,1.143,1.323
188,277,basic,130.386,80.861,134.244,83.02,1.01,1.027
188,279,basic,110.653,51.441,150.367,69.501,1.002,1.04
188,281,basic,68.456,43.557,148.826,88.029,0.826,1.28
188,282,basic,78.393,53.766,90.281,60.446,0.923,1.07
188,286,basic,172.634,109.506,302.354,195.454,1.804,1.765
188,287,gifted,190.0,174.539,0.0,0.0,,
188,288,basic,184.106,147.398,184.475,148.014,1.392,1.382
188,289,basic,158.197,129.595,0.0,0.0,1.36,
188,291,basic,367.95,257.296,619.786,423.318,2.167,2.311
188,292,basic,565.332,333.648,771.785,450.697,1.507,1.458
188,930,basic,399.025,332.084,824.305,695.782,2.287,2.201
188,935,basic,437.634,296.526,0.0,0.0,1.861,
188,939,basic,222.741,116.962,0.0,0.0,1.732,
188,949,basic,378.736,297.996,0.0,0.0,1.521,
188,955,basic,46.423,44.102,0.0,0.0,2.741,
188,971,gifted,516.664,474.621,704.888,647.528,,
188,972,basic,258.094,183.86,0.0,0.0,1.859,
188,974,basic,87.461,71.722,92.103,75.062,1.239,1.281
188,977,basic,243.514,167.276,243.515,167.205,1.332,1.335
189,103,basic,273.356,245.295,273.368,245.31,1.635,1.635
189,104,basic,123.188,51.856,123.437,51.91,2.414,2.42
189,105,basic,438.301,215.877,438.269,215.834,2.275,2.275
189,105,gifted,179.459,164.88,179.459,164.88,,
189,106,basic,453.814,284.284,454.142,284.387,1.744,1.747
189,106,gifted,116.331,106.88,116.331,106.88,,
189,107,basic,525.778,272.042,524.026,271.305,2.505,2.5
189,109,basic,156.017,107.85,155.816,107.726,2.141,2.141
189,110,basic,396.472,214.386,396.789,214.529,2.169,2.17
189,113,basic,392.741,248.168,392.697,248.099,2.324,2.325
189,113,gifted,134.251,123.345,134.251,123.345,,
189,115,basic,146.507,87.069,146.5,87.065,1.729,1.729
189,117,basic,258.665,165.649,258.87,165.734,2.361,2.363
189,117,gifted,90.401,83.057,90.401,83.057,,
189,118,basic,264.466,143.486,264.606,143.527,2.13,2.132
189,130,basic,656.044,397.044,655.889,396.984,1.753,1.752
189,201,basic,78.825,51.042,78.685,50.877,1.037,1.046
189,202,basic,170.001,87.771,195.169,100.257,1.732,1.769
189,203,basic,278.346,186.775,277.158,186.198,1.368,1.36
189,204,basic,179.393,123.844,379.639,263.1,1.504,1.508
189,207,basic,0.0,0.0,123.578,89.947,,1.136
189,208,basic,205.335,165.827,0.0,0.0,1.28,
189,209,basic,139.265,47.874,233.388,79.377,0.777,0.85
189,210,basic,195.001,82.485,0.0,0.0,1.401,
189,211,basic,77.114,47.249,260.974,163.385,1.11,1.363
189,212,gifted,205.365,188.681,205.365,188.681,,
189,215,basic,121.192,71.0,120.871,71.027,0.934,0.919
189,218,basic,153.274,91.275,204.449,118.906,0.766,0.925
189,220,basic,90.467,73.182,0.0,0.0,1.443,
189,221,basic,163.398,109.22,253.423,171.551,1.035,0.999
189,222,basic,148.216,84.236,183.195,107.411,2.318,2.134
189,225,basic,89.703,44.47,88.458,43.871,1.248,1.245
189,226,basic,256.032,165.649,255.086,166.045,1.304,1.265
189,229,basic,251.348,199.613,0.0,0.0,1.166,
189,230,basic,109.021,70.329,215.872,136.876,1.109,1.245
189,233,basic,280.04,168.141,280.777,168.555,0.841,0.843
189,234,basic,73.603,58.03,0.0,0.0,1.234,
189,235,basic,79.919,49.688,134.109,83.248,1.277,1.316
189,236,basic,51.314,45.331,107.877,87.714,1.088,1.512
189,239,basic,279.805,162.484,0.0,0.0,1.714,
189,241,basic,385.363,132.009,825.698,278.062,1.947,2.27
189,242,basic,151.998,103.461,0.0,0.0,1.203,
189,243,basic,214.898,110.634,294.85,150.775,0.969,1.017
189,244,basic,36.029,33.729,36.547,34.19,1.109,1.14
189,245,basic,319.442,275.085,445.742,376.46,1.221,1.362
189,246,basic,236.365,119.55,395.7,197.733,1.222,1.31
189,247,basic,369.806,124.421,1036.051,332.134,1.635,2.307
189,248,basic,147.608,90.821,0.0,0.0,0.901,
189,249,basic,27.677,20.621,31.062,23.007,0.917,0.957
189,250,basic,82.772,59.175,136.979,99.272,0.957,0.863
189,251,basic,128.368,61.766,154.819,73.856,1.398,1.443
189,252,basic,236.966,163.998,236.997,164.199,1.428,1.421
189,255,basic,86.135,54.786,284.973,176.126,0.873,1.079
189,257,basic,122.52,101.992,418.962,337.053,1.097,1.341
189,259,basic,172.286,121.465,0.0,0.0,1.394,
189,261,basic,175.388,159.385,233.049,203.94,1.065,1.366
189,262,basic,187.585,139.572,339.733,248.85,1.097,1.202
189,264,basic,80.364,36.319,0.0,0.0,0.958,
189,266,basic,105.344,81.802,110.528,85.7,0.907,0.916
189,267,basic,114.82,100.059,129.447,112.568,1.023,1.037
189,268,basic,113.169,107.511,0.0,0.0,1.067,
189,269,basic,105.339,98.954,224.555,210.587,1.039,1.368
189,270,basic,155.822,102.853,517.82,348.584,1.584,1.498
189,272,basic,40.667,38.343,0.0,0.0,1.054,
189,275,basic,93.824,88.03,201.068,188.087,1.17,1.278
189,276,basic,157.284,75.851,325.477,159.472,1.14,1.326
189,277,basic,129.287,81.121,132.939,83.221,1.025,1.04
189,279,basic,108.841,46.79,148.22,63.345,1.015,1.057
189,281,basic,69.376,44.766,148.663,89.871,0.827,1.27
189,282,basic,76.807,55.253,88.483,62.247,0.894,1.043
189,286,basic,175.793,110.698,305.073,196.652,1.948,1.872
189,287,gifted,190.0,174.565,0.0,0.0,,
189,288,basic,187.995,162.629,188.054,163.101,1.344,1.331
189,289,basic,155.533,133.122,0.0,0.0,1.374,
189,291,basic,376.816,262.225,627.824,434.474,2.42,2.463
189,292,basic,560.25,322.901,766.364,438.728,1.51,1.462
189,930,basic,399.669,359.458,825.17,749.922,2.389,2.286
189,935,basic,437.682,302.88,0.0,0.0,1.92,
189,939,basic,218.819,107.732,0.0,0.0,1.817,
189,949,basic,375.823,312.557,0.0,0.0,1.528,
189,955,basic,44.773,42.534,0.0,0.0,2.697,
189,971,gifted,516.013,474.093,704.138,646.935,,
189,972,basic,263.541,192.506,0.0,0.0,1.904,
189,974,basic,85.226,76.743,90.097,80.716,1.244,1.296
189,977,basic,237.899,173.874,237.785,173.775,1.326,1.327
190,103,basic,265.041,222.053,265.059,222.069,1.648,1.648
190,104,basic,129.6,56.389,129.747,56.42,2.29,2.293
190,105,basic,466.2,228.266,466.201,228.231,2.348,2.349
190,105,gifted,179.416,164.913,179.416,164.913,,
190,106,basic,442.057,268.332,442.258,268.38,1.805,1.806
190,106,gifted,115.773,106.415,115.773,106.415,,
190,107,basic,530.798,267.973,529.102,267.304,2.502,2.498
190,109,basic,144.59,93.19,144.443,93.104,2.146,2.145
190,110,basic,390.52,210.81,390.909,210.989,2.076,2.077
190,113,basic,386.947,231.024,386.965,230.969,2.398,2.4
190,113,gifted,134.618,123.736,134.618,123.736,,
190,115,basic,153.154,90.265,153.142,90.259,1.74,1.74
190,117,basic,270.14,162.865,270.462,162.975,2.343,2.346
190,117,gifted,89.702,82.451,89.702,82.451,,
190,118,basic,273.804,144.935,274.09,145.031,2.191,2.193
190,130,basic,667.366,393.049,667.188,392.98,1.715,1.714
190,201,basic,79.736,53.359,79.82,53.268,1.081,1.094
190,202,basic,166.079,90.233,191.209,103.237,1.632,1.671
190,203,basic,265.14,181.557,264.055,181.036,1.354,1.347
190,204,basic,170.326,117.559,369.114,255.89,1.486,1.495
190,207,basic,0.0,0.0,122.031,88.918,,1.077
190,208,basic,209.992,167.207,0.0,0.0,1.237,
190,209,basic,163.19,64.981,259.643,102.237,0.775,0.841
190,210,basic,194.23,88.913,0.0,0.0,1.431,
190,211,basic,79.436,50.98,269.213,171.585,1.113,1.375
190,212,gifted,205.738,189.108,205.738,189.108,,
190,215,basic,125.613,74.381,125.191,74.582,0.965,0.94
190,218,basic,164.424,104.557,216.965,134.329,0.763,0.918
190,220,basic,87.742,69.654,0.0,0.0,1.368,
190,221,basic,166.515,111.726,258.432,175.768,1.041,1.014
190,222,basic,151.642,84.501,187.586,108.464,2.341,2.152
190,225,basic,85.904,45.723,84.894,45.201,1.23,1.228
190,226,basic,254.69,164.066,253.466,164.989,1.293,1.235
190,229,basic,248.654,196.749,0.0,0.0,1.158,
190,230,basic,106.965,72.645,218.165,144.62,1.052,1.213
190,233,basic,280.158,177.527,281.435,178.261,0.84,0.843
190,234,basic,76.577,59.831,0.0,0.0,1.214,
190,235,basic,85.526,52.942,142.796,88.416,1.344,1.374
190,236,basic,48.958,42.633,104.867,82.106,1.036,1.504
190,239,basic,267.259,159.709,0.0,0.0,1.672,
190,241,basic,382.841,144.973,822.859,301.554,1.915,2.223
190,242,basic,151.235,103.066,0.0,0.0,1.245,
190,243,basic,219.019,122.316,298.753,165.615,0.982,1.027
190,244,basic,35.518,32.904,36.018,33.351,1.101,1.128
190,245,basic,321.012,263.741,453.33,365.01,1.258,1.384
190,246,basic,220.407,120.59,378.594,204.407,1.149,1.234
190,247,basic,366.97,139.072,1032.23,362.014,1.601,2.267
190,248,basic,145.79,94.332,0.0,0.0,0.893,
190,249,basic,29.641,22.053,32.997,24.419,0.894,0.927
190,250,basic,85.762,63.247,140.84,105.639,0.964,0.864
190,251,basic,141.494,71.459,170.47,84.918,1.439,1.495
190,252,basic,241.85,166.946,241.79,167.51,1.509,1.489
190,255,basic,85.395,57.428,279.871,181.836,0.841,1.054
190,257,basic,119.291,98.888,417.89,333.005,1.09,1.335
190,259,basic,162.126,119.035,0.0,0.0,1.23,
190,261,basic,174.488,154.868,236.92,199.653,1.086,1.417
190,262,basic,189.907,142.573,340.699,250.42,1.074,1.196
190,264,basic,78.154,38.122,0.0,0.0,0.936,
190,266,basic,107.701,83.94,112.893,87.897,0.907,0.912
190,267,basic,116.251,96.985,131.545,109.44,1.024,1.04
190,268,basic,105.952,100.655,0.0,0.0,1.068,
190,269,basic,108.774,100.06,228.732,206.388,1.082,1.385
190,270,basic,152.987,105.399,516.328,357.612,1.419,1.437
190,272,basic,41.945,39.363,0.0,0.0,1.036,
190,275,basic,99.92,92.848,211.202,194.601,1.148,1.261
190,276,basic,149.799,77.68,318.065,164.075,1.124,1.322
190,277,basic,124.546,82.585,127.936,84.616,1.015,1.029
190,279,basic,108.546,51.885,146.871,69.897,1.008,1.036
190,281,basic,65.273,44.293,145.392,91.34,0.831,1.284
190,282,basic,71.834,53.635,82.32,59.976,0.887,1.027
190,286,basic,174.792,105.568,304.766,189.355,1.969,1.885
190,287,gifted,190.0,174.642,0.0,0.0,,
190,288,basic,189.927,158.058,190.126,159.025,1.433,1.411
190,289,basic,157.865,130.497,0.0,0.0,1.406,
190,291,basic,377.174,255.001,628.881,423.188,2.289,2.344
190,292,basic,562.243,332.233,766.277,452.897,1.501,1.45
190,930,basic,398.807,341.809,824.132,717.172,2.342,2.24
190,935,basic,438.278,301.091,0.0,0.0,1.867,
190,939,basic,216.997,110.852,0.0,0.0,1.713,
190,949,basic,385.611,306.492,0.0,0.0,1.587,
190,955,basic,47.456,45.083,0.0,0.0,2.828,
190,971,gifted,515.94,474.235,703.983,647.078,,
190,972,basic,259.164,184.395,0.0,0.0,1.927,
190,974,basic,86.685,76.956,92.594,81.517,1.199,1.262
190,977,basic,238.972,174.939,236.638,173.584,1.348,1.336
191,103,basic,276.369,252.702,276.368,252.706,1.643,1.643
191,104,basic,138.161,57.097,138.406,57.143,2.267,2.272
191,105,basic,451.347,212.799,451.314,212.748,2.359,2.36
191,105,gifted,179.275,164.799,179.275,164.799,,
191,106,basic,442.344,273.902,442.619,273.983,1.773,1.775
191,106,gifted,115.33,106.018,115.33,106.018,,
191,107,basic,515.558,259.069,513.776,258.346,2.533,2.528
191,109,basic,140.638,98.94,140.522,98.852,2.096,2.096
191,110,basic,399.792,213.457,400.315,213.7,2.206,2.207
191,113,basic,395.229,249.146,395.233,249.087,2.329,2.33
191,113,gifted,135.822,124.854,135.822,124.854,,
191,115,basic,143.521,83.694,143.512,83.69,1.736,1.736
191,117,basic,258.416,167.381,258.88,167.583,2.336,2.339
191,117,gifted,89.204,82.001,89.204,82.001,,
191,118,basic,268.075,141.932,268.289,142.003,2.149,2.151
191,130,basic,655.979,396.451,655.709,396.343,1.743,1.743
191,201,basic,77.734,50.217,78.002,50.226,1.052,1.071
191,202,basic,165.542,85.462,191.192,98.033,1.618,1.665
191,203,basic,258.15,175.385,257.017,174.758,1.337,1.331
191,204,basic,179.01,126.091,378.796,266.692,1.44,1.474
191,207,basic,0.0,0.0,124.786,92.672,,1.185
191,208,basic,203.492,169.616,0.0,0.0,1.263,
191,209,basic,154.859,49.77,248.789,79.165,0.782,0.847
191,210,basic,194.315,79.396,0.0,0.0,1.417,
191,211,basic,76.826,46.556,264.185,163.356,1.128,1.377
191,212,gifted,205.802,189.184,205.802,189.184,,
191,215,basic,120.801,70.63,120.404,70.732,0.929,0.907
191,218,basic,153.991,90.718,205.823,118.263,0.763,0.925
191,220,basic,93.335,76.577,0.0,0.0,1.516,
191,221,basic,167.531,114.151,258.116,177.548,1.043,1.027
191,222,basic,140.144,83.792,176.511,108.087,1.994,1.875
191,225,basic,83.628,40.756,82.573,40.255,1.19,1.188
191,226,basic,254.633,166.124,253.576,167.291,1.379,1.31
191,229,basic,246.452,200.896,0.0,0.0,1.157,
191,230,basic,111.295,72.58,217.068,138.083,1.02,1.198
191,233,basic,276.775,165.27,277.349,165.599,0.827,0.828
191,234,basic,76.517,61.786,0.0,0.0,1.22,
191,235,basic,82.123,52.382,137.209,86.683,1.169,1.254
191,236,basic,51.612,46.56,107.8,90.625,1.062,1.434
191,239,basic,269.227,155.662,0.0,0.0,1.696,
191,241,basic,385.576,125.102,824.976,263.863,1.936,2.229
191,242,basic,156.625,106.939,0.0,0.0,1.23,
191,243,basic,214.739,107.911,293.81,146.638,0.97,1.017
191,244,basic,36.94,34.525,37.433,34.999,1.185,1.203
191,245,basic,321.139,284.92,453.586,394.772,1.278,1.419
191,246,basic,238.852,118.057,399.746,195.357,1.212,1.292
191,247,basic,367.838,116.688,1033.2,311.706,1.622,2.283
191,248,basic,145.967,89.003,0.0,0.0,0.891,
191,249,basic,27.388,20.657,30.567,22.964,0.942,0.971
191,250,basic,85.96,61.708,139.599,101.802,0.97,0.866
191,251,basic,136.221,64.42,164.696,76.895,1.417,1.477
191,252,basic,238.407,166.757,238.482,167.085,1.494,1.484
191,255,basic,84.702,53.562,277.62,170.756,0.864,1.057
191,257,basic,120.825,104.216,419.397,349.866,1.092,1.325
191,259,basic,168.233,120.697,0.0,0.0,1.335,
191,261,basic,173.422,159.564,233.536,207.785,1.088,1.406
191,262,basic,184.26,140.181,335.102,250.26,1.07,1.19
191,264,basic,80.091,35.577,0.0,0.0,0.913,
191,266,basic,103.377,82.597,108.578,86.629,0.906,0.915
191,267,basic,115.155,103.923,129.559,116.718,1.029,1.041
191,268,basic,110.514,104.988,0.0,0.0,1.06,
191,269,basic,109.699,103.386,229.557,216.919,1.096,1.408
191,270,basic,151.116,102.423,518.333,353.284,1.449,1.452
191,272,basic,39.705,37.445,0.0,0.0,1.116,
191,275,basic,99.835,94.147,211.34,199.723,1.232,1.317
191,276,basic,155.415,73.686,324.873,156.044,1.124,1.32
191,277,basic,122.708,76.657,126.148,78.604,1.013,1.029
191,279,basic,100.26,41.423,137.121,56.365,1.007,1.043
191,281,basic,66.604,42.838,137.72,83.116,0.804,1.22
191,282,basic,73.739,53.25,84.604,59.722,0.899,1.045
191,286,basic,178.408,111.313,308.057,198.569,2.14,2.014
191,287,gifted,190.0,174.658,0.0,0.0,,
191,288,basic,197.851,170.935,197.853,172.001,1.498,1.466
191,289,basic,155.209,133.782,0.0,0.0,1.399,
191,291,basic,382.535,269.551,635.965,448.916,2.485,2.502
191,292,basic,564.323,321.117,770.616,435.95,1.508,1.459
191,930,basic,399.015,364.558,824.516,759.599,2.371,2.276
191,935,basic,437.383,308.818,0.0,0.0,1.865,
191,939,basic,215.91,105.4,0.0,0.0,1.757,
191,949,basic,377.085,314.957,0.0,0.0,1.567,
191,955,basic,46.371,44.053,0.0,0.0,2.756,
191,971,gifted,515.622,473.987,703.68,646.859,,
191,972,basic,261.633,195.967,0.0,0.0,1.869,
191,974,basic,88.482,80.618,94.52,85.706,1.214,1.28
191,977,basic,234.565,173.238,233.62,172.622,1.329,1.326
192,103,basic,256.326,236.392,256.345,236.414,1.667,1.667
192,104,basic,141.46,56.426,141.726,56.47,2.332,2.337
192,105,basic,472.719,224.562,472.695,224.504,2.322,2.323
192,105,gifted,181.864,166.832,181.864,166.832,,
192,106,basic,456.705,288.104,456.997,288.171,1.756,1.758
192,106,gifted,116.853,107.194,116.853,107.194,,
192,107,basic,537.107,267.13,535.401,266.489,2.543,2.539
192,109,basic,147.204,104.632,147.095,104.546,2.045,2.045
192,110,basic,392.641,206.012,393.156,206.239,2.062,2.064
192,113,basic,397.206,254.665,397.215,254.612,2.32,2.321
192,113,gifted,135.279,124.098,135.279,124.098,,
192,115,basic,152.437,92.195,152.424,92.188,1.726,1.726
192,117,basic,259.658,164.222,260.356,164.505,2.321,2.326
192,117,gifted,89.109,81.743,89.109,81.743,,
192,118,basic,267.743,141.192,267.977,141.26,2.179,2.181
192,130,basic,661.086,392.782,660.726,392.655,1.695,1.694
192,201,basic,79.384,52.235,79.064,52.022,1.012,1.011
192,202,basic,168.238,83.107,193.431,94.869,1.657,1.695
192,203,basic,266.161,183.603,264.932,183.035,1.28,1.272
192,204,basic,169.352,119.552,368.23,258.825,1.413,1.472
192,207,basic,0.0,0.0,127.604,91.55,,1.078
192,208,basic,207.522,173.82,0.0,0.0,1.251,
192,209,basic,145.277,43.933,238.251,71.06,0.759,0.828
192,210,basic,192.868,72.797,0.0,0.0,1.397,
192,211,basic,75.634,46.637,258.179,165.125,1.099,1.38
192,212,gifted,205.63,188.633,205.63,188.633,,
192,215,basic,120.853,65.816,120.596,65.923,0.946,0.933
192,218,basic,158.423,94.027,209.173,120.284,0.764,0.919
192,220,basic,89.58,72.895,0.0,0.0,1.439,
192,221,basic,163.569,105.145,252.736,164.496,0.997,0.984
192,222,basic,144.817,82.226,179.352,105.204,2.073,1.937
192,225,basic,88.933,42.368,87.821,41.853,1.169,1.167
192,226,basic,260.793,159.188,259.899,159.985,1.253,1.213
192,229,basic,252.457,209.493,0.0,0.0,1.145,
192,230,basic,110.151,73.576,215.868,139.967,1.035,1.202
192,233,basic,282.305,167.326,282.896,167.668,0.832,0.833
192,234,basic,79.177,65.169,0.0,0.0,1.199,
192,235,basic,80.208,47.732,136.199,80.741,1.255,1.306
192,236,basic,44.922,39.878,98.184,79.642,1.018,1.403
192,239,basic,273.002,153.863,0.0,0.0,1.724,
192,241,basic,385.521,114.692,825.896,241.911,1.882,2.206
192,242,basic,160.736,108.985,0.0,0.0,1.22,
192,243,basic,215.976,107.285,294.751,145.262,0.97,1.012
192,244,basic,36.091,33.685,36.594,34.141,1.111,1.138
192,245,basic,320.053,276.592,448.002,377.858,1.238,1.368
192,246,basic,225.365,108.706,385.18,183.276,1.208,1.284
192,247,basic,368.655,107.902,1034.261,285.459,1.58,2.274
192,248,basic,144.868,89.878,0.0,0.0,0.88,
192,249,basic,32.253,24.43,35.702,26.857,0.864,0.898
192,250,basic,83.614,62.356,138.465,105.283,0.967,0.87
192,251,basic,127.903,55.645,154.831,66.659,1.376,1.416
192,252,basic,241.409,167.248,241.422,167.71,1.403,1.391
192,255,basic,85.977,56.14,279.507,175.472,0.826,1.032
192,257,basic,125.438,108.65,421.276,349.873,1.083,1.323
192,259,basic,170.726,125.427,0.0,0.0,1.349,
192,261,basic,179.067,163.933,238.867,209.917,1.088,1.397
192,262,basic,191.285,146.205,344.835,257.529,1.064,1.178
192,264,basic,80.441,32.301,0.0,0.0,0.917,
192,266,basic,106.944,84.326,112.194,88.317,0.907,0.915
192,267,basic,117.087,104.181,132.187,117.296,1.009,1.023
192,268,basic,111.221,105.659,0.0,0.0,1.066,
192,269,basic,103.77,97.57,222.79,209.504,1.076,1.412
192,270,basic,161.298,110.978,528.487,367.683,1.464,1.456
192,272,basic,40.792,38.472,0.0,0.0,1.066,
192,275,basic,98.975,93.121,212.182,199.861,1.196,1.301
192,276,basic,150.203,66.191,319.515,145.19,1.142,1.332
192,277,basic,123.605,79.132,127.508,81.341,1.011,1.028
192,279,basic,101.432,40.328,138.524,54.646,0.99,1.031
192,281,basic,64.534,42.591,144.427,87.136,0.831,1.278
192,282,basic,80.521,61.036,93.088,68.502,0.895,1.038
192,286,basic,182.921,106.686,313.147,188.327,1.929,1.852
192,287,gifted,190.0,174.295,0.0,0.0,,
192,288,basic,191.655,167.575,191.761,168.303,1.392,1.378
192,289,basic,158.862,144.987,0.0,0.0,1.427,
192,291,basic,370.77,261.784,623.021,432.294,2.228,2.333
192,292,basic,565.041,321.615,771.101,434.081,1.505,1.456
192,930,basic,399.392,364.555,824.995,760.239,2.377,2.271
192,935,basic,438.004,315.41,0.0,0.0,1.842,
192,939,basic,218.834,101.391,0.0,0.0,1.691,
192,949,basic,378.822,328.159,0.0,0.0,1.577,
192,955,basic,46.475,44.151,0.0,0.0,2.797,
192,971,gifted,515.298,472.705,703.427,645.284,,
192,972,basic,254.098,194.037,0.0,0.0,1.853,
192,974,basic,90.645,83.007,95.117,86.949,1.244,1.293
192,977,basic,233.712,178.797,234.692,179.211,1.281,1.29
193,103,basic,271.392,236.101,271.39,236.103,1.629,1.629
193,104,basic,134.302,53.313,134.531,53.352,2.634,2.639
193,105,basic,430.347,209.818,430.359,209.784,2.251,2.252
193,105,gifted,173.55,159.862,173.55,159.862,,
193,106,basic,469.828,293.49,470.08,293.536,1.771,1.773
193,106,gifted,117.432,108.169,117.432,108.169,,
193,107,basic,520.634,255.382,518.901,254.737,2.537,2.533
193,109,basic,157.031,103.405,156.903,103.33,2.146,2.146
193,110,basic,395.253,219.376,395.621,219.54,2.074,2.075
193,113,basic,393.651,234.01,393.67,233.941,2.412,2.414
193,113,gifted,135.609,124.912,135.609,124.912,,
193,115,basic,145.267,86.999,145.261,86.996,1.718,1.718
193,117,basic,254.89,158.941,255.153,159.013,2.279,2.282
193,117,gifted,89.568,82.503,89.568,82.503,,
193,118,basic,266.862,140.856,267.146,140.942,2.179,2.181
193,130,basic,663.09,410.263,662.909,410.202,1.689,1.689
193,201,basic,80.493,53.548,80.415,53.389,1.044,1.051
193,202,basic,171.027,89.445,196.428,101.874,1.604,1.644
193,203,basic,267.369,181.502,266.217,181.044,1.312,1.304
193,204,basic,175.787,119.822,373.898,255.012,1.431,1.468
193,207,basic,0.0,0.0,123.223,92.353,,1.097
193,208,basic,204.405,168.07,0.0,0.0,1.239,
193,209,basic,149.152,58.528,244.375,94.509,0.774,0.839
193,210,basic,193.638,87.307,0.0,0.0,1.398,
193,211,basic,75.44,47.857,259.348,164.83,1.09,1.364
193,212,gifted,206.248,189.98,206.248,189.98,,
193,215,basic,118.06,72.704,117.764,72.885,0.903,0.887
193,218,basic,150.686,96.273,203.889,125.642,0.761,0.922
193,220,basic,91.324,70.99,0.0,0.0,1.448,
193,221,basic,165.588,117.486,256.435,183.508,0.955,0.96
193,222,basic,146.531,80.787,181.247,103.906,2.074,1.921
193,225,basic,81.438,42.481,80.232,41.877,1.199,1.196
193,226,basic,262.751,173.501,261.792,175.22,1.304,1.247
193,229,basic,255.325,203.556,0.0,0.0,1.147,
193,230,basic,107.479,72.296,215.052,139.808,1.023,1.196
193,233,basic,281.141,180.267,281.522,180.522,0.819,0.819
193,234,basic,77.476,61.296,0.0,0.0,1.146,
193,235,basic,85.295,54.166,141.641,89.508,1.235,1.29
193,236,basic,50.608,44.328,106.898,85.934,1.039,1.391
193,239,basic,272.884,156.069,0.0,0.0,1.689,
193,241,basic,386.355,137.301,826.365,283.735,1.899,2.206
193,242,basic,156.003,106.604,0.0,0.0,1.208,
193,243,basic,215.76,119.159,296.816,162.288,0.978,1.026
193,244,basic,38.298,35.327,38.835,35.803,1.076,1.1
193,245,basic,317.539,270.285,450.044,371.989,1.217,1.362
193,246,basic,227.969,120.964,388.495,203.139,1.176,1.25
193,247,basic,374.692,134.326,1039.321,342.539,1.598,2.242
193,248,basic,143.591,92.639,0.0,0.0,0.876,
193,249,basic,32.985,25.345,36.367,27.761,0.854,0.884
193,250,basic,82.138,60.596,137.023,103.078,0.939,0.851
193,251,basic,132.857,68.014,160.056,80.778,1.342,1.395
193,252,basic,231.765,161.878,231.76,162.262,1.429,1.419
193,255,basic,84.985,57.044,282.113,181.037,0.826,1.042
193,257,basic,117.486,100.206,413.203,334.431,1.044,1.309
193,259,basic,163.523,116.489,0.0,0.0,1.278,
193,261,basic,169.619,150.673,231.929,193.848,1.086,1.414
193,262,basic,185.964,141.585,337.744,250.843,1.055,1.165
193,264,basic,80.169,40.062,0.0,0.0,0.926,
193,266,basic,108.247,87.578,113.629,91.766,0.894,0.902
193,267,basic,116.929,101.462,132.461,114.534,1.006,1.022
193,268,basic,105.625,100.344,0.0,0.0,1.056,
193,269,basic,106.321,98.015,226.415,204.321,1.057,1.378
193,270,basic,153.992,102.128,517.489,346.519,1.434,1.444
193,272,basic,42.709,39.966,0.0,0.0,1.022,
193,275,basic,87.866,81.455,195.436,179.5,1.15,1.264
193,276,basic,154.355,80.751,324.015,169.569,1.101,1.307
193,277,basic,124.8,81.807,128.353,83.849,1.009,1.024
193,279,basic,105.171,49.59,143.66,67.265,0.992,1.025
193,281,basic,65.043,43.989,143.315,87.879,0.822,1.262
193,282,basic,76.644,56.93,88.001,63.289,0.876,1.017
193,286,basic,174.966,110.14,304.413,194.938,1.734,1.725
193,287,gifted,190.0,175.014,0.0,0.0,,
193,288,basic,189.025,159.379,189.095,160.062,1.333,1.32
193,289,basic,158.779,131.97,0.0,0.0,1.4,
193,291,basic,376.504,254.169,626.024,417.785,2.259,2.323
193,292,basic,565.663,332.803,770.773,451.923,1.483,1.437
193,930,basic,399.396,332.046,824.802,698.911,2.293,2.199
193,935,basic,439.039,296.871,0.0,0.0,1.85,
193,939,basic,220.186,111.014,0.0,0.0,1.713,
193,949,basic,381.22,299.945,0.0,0.0,1.574,
193,955,basic,47.427,45.056,0.0,0.0,2.867,
193,971,gifted,515.74,475.06,703.823,648.309,,
193,972,basic,259.708,185.894,0.0,0.0,1.85,
193,974,basic,87.3,76.642,92.978,80.727,1.154,1.218
193,977,basic,243.459,175.824,242.24,175.124,1.31,1.306
194,103,basic,267.898,230.699,267.907,230.716,1.633,1.633
194,104,basic,134.333,55.514,134.622,55.558,2.293,2.299
194,105,basic,463.817,218.339,463.753,218.276,2.255,2.256
194,105,gifted,183.207,167.994,183.207,167.994,,
194,106,basic,455.737,273.011,456.011,273.083,1.805,1.807
194,106,gifted,116.162,106.516,116.162,106.516,,
194,107,basic,494.469,239.858,492.674,239.179,2.478,2.474
194,109,basic,143.911,95.033,143.851,94.966,2.066,2.068
194,110,basic,389.676,207.612,390.304,207.891,2.157,2.159
194,113,basic,392.686,232.633,392.732,232.56,2.335,2.337
194,113,gifted,134.752,123.562,134.752,123.562,,
194,115,basic,149.009,85.152,149.0,85.147,1.73,1.73
194,117,basic,247.007,151.789,247.595,152.031,2.299,2.303
194,117,gifted,88.873,81.493,88.873,81.493,,
194,118,basic,269.063,139.027,269.261,139.087,2.137,2.138
194,130,basic,659.704,393.201,659.381,393.099,1.727,1.726
194,201,basic,80.717,53.935,80.66,53.81,1.017,1.024
194,202,basic,168.582,89.621,194.345,102.519,1.597,1.64
194,203,basic,255.423,176.172,254.299,175.624,1.285,1.278
194,204,basic,181.358,126.841,381.127,265.286,1.408,1.467
194,207,basic,0.0,0.0,128.875,99.774,,1.052
194,208,basic,208.808,171.946,0.0,0.0,1.226,
194,209,basic,156.587,59.468,252.845,94.818,0.774,0.84
194,210,basic,192.484,87.348,0.0,0.0,1.375,
194,211,basic,75.425,47.526,254.822,158.908,1.102,1.352
194,212,gifted,205.637,188.561,205.637,188.561,,
194,215,basic,122.517,76.239,122.341,76.387,0.898,0.886
194,218,basic,159.158,100.215,210.331,128.718,0.757,0.906
194,220,basic,85.086,69.554,0.0,0.0,1.339,
194,221,basic,163.941,117.346,253.173,183.416,0.986,0.972
194,222,basic,143.06,83.41,178.578,107.438,1.974,1.843
194,225,basic,86.287,44.702,85.326,44.222,1.218,1.216
194,226,basic,266.589,181.204,265.521,182.336,1.306,1.255
194,229,basic,257.704,208.778,0.0,0.0,1.135,
194,230,basic,119.93,79.988,228.143,147.881,1.041,1.211
194,233,basic,279.149,176.745,280.207,177.356,0.836,0.838
194,234,basic,77.781,62.498,0.0,0.0,1.139,
194,235,basic,82.064,53.611,138.986,89.957,1.198,1.273
194,236,basic,52.599,46.795,109.381,89.941,1.06,1.413
194,239,basic,263.465,152.44,0.0,0.0,1.726,
194,241,basic,383.96,137.481,823.791,284.644,1.901,2.192
194,242,basic,156.919,108.056,0.0,0.0,1.228,
194,243,basic,217.656,118.174,296.847,159.984,0.992,1.033
194,244,basic,34.954,32.456,35.508,32.947,1.078,1.107
194,245,basic,318.426,277.808,442.702,377.683,1.241,1.371
194,246,basic,232.55,123.329,391.451,204.21,1.162,1.254
194,247,basic,373.994,133.472,1040.312,340.094,1.605,2.259
194,248,basic,146.896,93.546,0.0,0.0,0.891,
194,249,basic,30.676,23.641,34.046,26.067,0.88,0.916
194,250,basic,88.529,64.75,145.391,108.186,0.956,0.864
194,251,basic,134.689,69.14,162.59,82.488,1.387,1.435
194,252,basic,242.228,171.79,242.314,172.131,1.456,1.448
194,255,basic,87.455,57.817,282.84,180.147,0.845,1.053
194,257,basic,122.129,105.115,416.11,343.367,1.073,1.317
194,259,basic,165.533,117.581,0.0,0.0,1.339,
194,261,basic,171.655,155.802,231.47,200.129,1.067,1.383
194,262,basic,190.172,145.244,341.14,255.641,1.087,1.186
194,264,basic,77.958,38.919,0.0,0.0,0.915,
194,266,basic,108.878,88.812,114.369,93.128,0.901,0.91
194,267,basic,118.47,105.118,133.708,118.277,1.009,1.025
194,268,basic,109.893,104.399,0.0,0.0,1.071,
194,269,basic,104.115,97.021,223.292,206.171,1.047,1.384
194,270,basic,151.67,101.247,512.624,346.488,1.472,1.454
194,272,basic,40.091,37.589,0.0,0.0,1.036,
194,275,basic,92.84,86.825,201.552,187.643,1.169,1.279
194,276,basic,148.867,77.313,318.005,163.903,1.131,1.316
194,277,basic,125.243,81.327,128.976,83.479,1.014,1.03
194,279,basic,102.519,47.377,141.213,64.819,1.004,1.042
194,281,basic,68.772,45.937,148.583,91.332,0.821,1.26
194,282,basic,75.09,55.135,87.337,62.244,0.893,1.047
194,286,basic,175.659,112.783,304.792,201.193,1.861,1.796
194,287,gifted,190.0,174.222,0.0,0.0,,
194,288,basic,191.593,161.955,191.712,162.899,1.428,1.407
194,289,basic,157.881,128.668,0.0,0.0,1.346,
194,291,basic,377.409,259.772,630.393,430.903,2.301,2.365
194,292,basic,564.341,327.246,771.169,447.622,1.488,1.442
194,930,basic,399.168,341.326,824.593,714.822,2.291,2.203
194,935,basic,437.576,299.129,0.0,0.0,1.818,
194,939,basic,214.889,108.681,0.0,0.0,1.723,
194,949,basic,379.6,298.088,0.0,0.0,1.555,
194,955,basic,44.935,42.689,0.0,0.0,2.891,
194,971,gifted,516.003,473.153,704.116,645.645,,
194,972,basic,259.889,187.134,0.0,0.0,1.843,
194,974,basic,87.416,77.175,92.327,80.793,1.194,1.254
194,977,basic,237.88,173.386,238.015,173.427,1.32,1.322
195,103,basic,278.839,241.277,278.813,241.269,1.656,1.656
195,104,basic,132.071,58.814,132.35,58.857,2.164,2.17
195,105,basic,442.116,214.455,442.028,214.379,2.266,2.267
195,105,gifted,179.909,165.193,179.909,165.193,,
195,106,basic,450.93,282.449,451.233,282.529,1.745,1.747
195,106,gifted,116.379,106.86,116.379,106.86,,
195,107,basic,504.748,251.058,502.922,250.356,2.533,2.528
195,109,basic,139.738,95.58,139.65,95.494,2.039,2.04
195,110,basic,399.357,222.117,399.951,222.39,2.146,2.148
195,113,basic,394.887,240.341,394.868,240.263,2.307,2.308
195,113,gifted,135.183,124.126,135.183,124.126,,
195,115,basic,152.896,90.349,152.886,90.344,1.728,1.728
195,117,basic,252.987,160.167,253.528,160.394,2.313,2.317
195,117,gifted,89.317,82.012,89.317,82.012,,
195,118,basic,265.014,142.674,265.165,142.715,2.107,2.108
195,130,basic,669.269,420.964,668.976,420.881,1.698,1.697
195,201,basic,80.264,52.281,79.649,51.935,1.068,1.062
195,202,basic,167.648,88.458,193.056,101.148,1.615,1.654
195,203,basic,261.529,175.118,260.346,174.578,1.332,1.325
195,204,basic,174.287,119.314,373.978,255.183,1.42,1.471
195,207,basic,0.0,0.0,124.39,96.059,,1.053
195,208,basic,208.15,169.75,0.0,0.0,1.231,
195,209,basic,149.705,59.308,245.505,95.914,0.769,0.84
195,210,basic,192.758,88.85,0.0,0.0,1.387,
195,211,basic,70.564,43.976,249.824,156.631,1.101,1.35
195,212,gifted,205.788,188.956,205.788,188.956,,
195,215,basic,117.415,74.42,117.257,74.516,0.918,0.909
195,218,basic,154.679,97.348,206.617,125.977,0.753,0.914
195,220,basic,86.405,69.138,0.0,0.0,1.335,
195,221,basic,160.619,117.413,250.299,183.833,0.921,0.936
195,222,basic,149.857,84.888,186.524,109.21,2.011,1.874
195,225,basic,88.539,46.367,87.472,45.824,1.188,1.186
195,226,basic,251.102,173.845,250.038,174.698,1.24,1.197
195,229,basic,254.877,201.706,0.0,0.0,1.132,
195,230,basic,106.924,70.237,213.824,136.403,1.031,1.2
195,233,basic,283.765,179.887,284.656,180.415,0.838,0.84
195,234,basic,74.523,58.434,0.0,0.0,1.148,
195,235,basic,85.047,55.301,141.311,91.359,1.229,1.288
195,236,basic,50.903,44.873,107.027,86.508,1.046,1.42
195,239,basic,275.47,159.216,0.0,0.0,1.66,
195,241,basic,385.124,140.889,825.094,293.404,1.895,2.185
195,242,basic,156.878,107.454,0.0,0.0,1.215,
195,243,basic,223.774,121.905,303.076,163.943,0.99,1.029
195,244,basic,38.346,35.385,38.909,35.866,1.113,1.139
195,245,basic,319.775,275.552,449.416,378.487,1.244,1.371
195,246,basic,230.305,121.259,388.122,202.675,1.213,1.264
195,247,basic,373.349,136.826,1038.412,352.513,1.601,2.242
195,248,basic,146.81,93.138,0.0,0.0,0.892,
195,249,basic,30.324,23.352,33.806,25.829,0.877,0.917
195,250,basic,87.154,62.19,142.111,103.378,0.974,0.875
195,251,basic,130.144,67.832,157.16,81.024,1.381,1.424
195,252,basic,240.764,167.003,240.756,167.531,1.45,1.435
195,255,basic,89.272,58.409,285.881,179.965,0.85,1.059
195,257,basic,119.524,100.32,414.902,332.912,1.075,1.321
195,259,basic,154.036,107.513,0.0,0.0,1.288,
195,261,basic,174.474,155.705,233.943,198.136,1.066,1.372
195,262,basic,183.125,138.179,331.99,245.321,1.07,1.175
195,264,basic,77.723,40.213,0.0,0.0,0.921,
195,266,basic,102.897,82.723,107.958,86.634,0.915,0.924
195,267,basic,112.792,99.127,127.742,111.967,1.026,1.04
195,268,basic,105.892,100.598,0.0,0.0,1.075,
195,269,basic,104.124,96.562,224.317,204.073,1.017,1.369
195,270,basic,148.921,96.895,515.317,339.051,1.454,1.45
195,272,basic,42.237,39.396,0.0,0.0,1.04,
195,275,basic,97.598,90.375,208.171,191.203,1.152,1.266
195,276,basic,152.088,80.627,320.793,170.379,1.116,1.309
195,277,basic,126.214,80.707,130.146,82.929,1.015,1.032
195,279,basic,103.541,48.863,142.775,66.892,0.991,1.03
195,281,basic,65.083,43.104,139.951,85.056,0.813,1.25
195,282,basic,76.71,54.932,87.845,61.162,0.903,1.043
195,286,basic,172.269,112.808,302.892,202.898,1.743,1.706
195,287,gifted,190.0,174.459,0.0,0.0,,
195,288,basic,188.093,157.385,188.315,158.12,1.349,1.336
195,289,basic,156.308,126.099,0.0,0.0,1.35,
195,291,basic,372.06,255.868,622.126,421.121,2.211,2.306
195,292,basic,566.589,331.703,772.555,450.953,1.484,1.44
195,930,basic,399.096,329.232,824.431,692.127,2.293,2.205
195,935,basic,437.86,294.564,0.0,0.0,1.814,
195,939,basic,219.378,113.046,0.0,0.0,1.741,
195,949,basic,378.882,297.009,0.0,0.0,1.497,
195,955,basic,45.622,43.341,0.0,0.0,2.791,
195,971,gifted,516.108,473.894,704.279,646.674,,
195,972,basic,261.627,183.784,0.0,0.0,1.873,
195,974,basic,86.29,73.89,91.119,77.316,1.2,1.255
195,977,basic,241.935,172.366,242.616,172.674,1.307,1.312
196,103,basic,269.072,230.673,269.084,230.689,1.679,1.679
196,104,basic,120.943,48.174,121.22,48.224,2.34,2.346
196,105,basic,442.149,205.889,442.078,205.829,2.284,2.285
196,105,gifted,181.946,166.571,181.946,166.571,,
196,106,basic,469.643,276.504,469.983,276.596,1.779,1.781
196,106,gifted,118.095,108.116,118.095,108.116,,
196,107,basic,519.353,254.135,517.619,253.469,2.478,2.473
196,109,basic,149.341,96.513,149.191,96.409,2.141,2.141
196,110,basic,419.65,209.603,420.047,209.767,2.122,2.123
196,113,basic,393.55,234.354,393.525,234.278,2.331,2.332
196,113,gifted,135.876,124.394,135.876,124.394,,
196,115,basic,153.01,87.095,153.005,87.093,1.726,1.726
196,117,basic,254.491,151.512,254.784,151.621,2.314,2.317
196,117,gifted,89.71,82.129,89.71,82.129,,
196,118,basic,270.729,139.311,270.812,139.324,2.102,2.103
196,130,basic,672.165,376.441,671.978,376.383,1.748,1.747
196,201,basic,82.262,56.141,82.028,55.938,1.029,1.032
196,202,basic,167.793,90.102,192.898,102.765,1.687,1.737
196,203,basic,258.405,182.765,257.082,182.139,1.324,1.314
196,204,basic,170.952,124.727,371.836,270.573,1.429,1.477
196,207,basic,0.0,0.0,122.417,90.654,,1.1
196,208,basic,202.923,164.471,0.0,0.0,1.253,
196,209,basic,143.863,50.718,237.265,82.703,0.801,0.869
196,210,basic,193.165,82.962,0.0,0.0,1.381,
196,211,basic,73.938,47.921,255.489,162.987,1.095,1.347
196,212,gifted,205.379,188.023,205.379,188.023,,
196,215,basic,117.762,69.342,117.426,69.497,0.976,0.955
196,218,basic,155.019,96.953,207.483,126.359,0.775,0.934
196,220,basic,88.841,74.056,0.0,0.0,1.418,
196,221,basic,167.449,113.334,259.989,177.585,0.997,0.988
196,222,basic,149.899,84.458,183.968,108.504,2.5,2.251
196,225,basic,82.483,42.692,81.236,42.074,1.218,1.214
196,226,basic,251.544,162.752,250.355,163.421,1.274,1.224
196,229,basic,245.438,204.791,0.0,0.0,1.15,
196,230,basic,105.465,72.821,214.972,144.947,1.048,1.21
196,233,basic,278.642,174.994,279.471,175.487,0.83,0.831
196,234,basic,70.397,59.12,0.0,0.0,1.146,
196,235,basic,88.736,55.736,145.664,91.504,1.316,1.347
196,236,basic,48.525,42.939,105.629,83.513,1.083,1.617
196,239,basic,284.309,171.275,0.0,0.0,1.729,
196,241,basic,383.764,134.222,824.153,277.894,1.901,2.196
196,242,basic,160.939,113.68,0.0,0.0,1.23,
196,243,basic,214.297,114.987,293.215,156.318,0.987,1.028
196,244,basic,36.105,33.789,36.616,34.247,1.1,1.129
196,245,basic,317.709,276.766,449.153,382.571,1.239,1.387
196,246,basic,226.642,119.939,384.272,201.256,1.196,1.264
196,247,basic,364.964,125.358,1030.328,325.662,1.618,2.271
196,248,basic,141.756,92.557,0.0,0.0,0.882,
196,249,basic,28.672,22.204,32.302,24.853,0.909,0.949
196,250,basic,86.452,65.594,138.729,107.018,0.972,0.872
196,251,basic,128.076,61.841,154.939,74.047,1.397,1.44
196,252,basic,230.57,163.854,230.473,164.322,1.422,1.404
196,255,basic,86.991,59.05,284.375,186.836,0.836,1.042
196,257,basic,117.51,101.987,409.339,341.441,1.061,1.317
196,259,basic,158.645,120.381,0.0,0.0,1.288,
196,261,basic,169.472,155.752,227.285,201.482,1.067,1.373
196,262,basic,188.174,146.375,340.075,259.31,1.081,1.199
196,264,basic,79.625,36.132,0.0,0.0,0.935,
196,266,basic,102.684,82.192,107.765,86.136,0.903,0.911
196,267,basic,120.796,108.15,136.008,121.51,1.033,1.047
196,268,basic,112.346,106.729,0.0,0.0,1.08,
196,269,basic,106.412,100.031,227.499,213.912,1.026,1.384
196,270,basic,157.726,110.64,513.804,366.213,1.531,1.485
196,272,basic,39.922,37.643,0.0,0.0,1.081,
196,275,basic,100.052,94.148,213.016,200.18,1.183,1.288
196,276,basic,152.109,74.344,320.68,155.166,1.147,1.32
196,277,basic,121.686,80.885,124.98,82.861,1.023,1.038
196,279,basic,117.892,52.322,157.696,69.64,1.028,1.06
196,281,basic,64.477,44.326,141.888,90.521,0.819,1.266
196,282,basic,74.74,57.791,85.141,64.263,0.867,1.008
196,286,basic,177.402,111.07,308.449,198.359,1.918,1.843
196,287,gifted,190.0,173.944,0.0,0.0,,
196,288,basic,189.221,166.696,189.153,167.291,1.353,1.335
196,289,basic,154.139,133.86,0.0,0.0,1.326,
196,291,basic,378.233,255.336,630.034,425.753,2.427,2.455
196,292,basic,563.652,325.465,771.424,446.591,1.508,1.461
196,930,basic,399.482,360.648,824.829,751.576,2.42,2.309
196,935,basic,437.82,307.24,0.0,0.0,1.838,
196,939,basic,218.307,106.352,0.0,0.0,1.769,
196,949,basic,377.968,319.513,0.0,0.0,1.523,
196,955,basic,43.805,41.615,0.0,0.0,2.74,
196,971,gifted,515.921,472.324,703.909,644.425,,
196,972,basic,261.256,189.388,0.0,0.0,1.936,
196,974,basic,84.364,77.732,90.252,82.774,1.188,1.266
196,977,basic,240.181,184.638,238.589,183.724,1.365,1.355
197,103,basic,273.493,226.183,273.498,226.19,1.629,1.629
197,104,basic,125.952,57.168,126.2,57.218,2.352,2.358
197,105,basic,429.957,215.6,429.942,215.558,2.308,2.309
197,105,gifted,175.869,162.293,175.869,162.293,,
197,106,basic,459.281,287.954,459.58,288.03,1.749,1.751
197,106,gifted,117.004,107.972,117.004,107.972,,
197,107,basic,516.527,265.346,514.748,264.631,2.516,2.512
197,109,basic,159.616,104.93,159.458,104.832,2.118,2.117
197,110,basic,392.841,221.909,393.231,222.089,2.112,2.113
197,113,basic,381.841,230.098,381.837,230.041,2.314,2.315
197,113,gifted,132.285,122.074,132.285,122.074,,
197,115,basic,144.77,87.131,144.765,87.128,1.727,1.727
197,117,basic,264.138,164.809,264.428,164.898,2.285,2.288
197,117,gifted,89.936,82.994,89.936,82.994,,
197,118,basic,268.733,147.61,268.927,147.664,2.127,2.129
197,130,basic,667.19,417.908,666.992,417.834,1.722,1.721
197,201,basic,77.834,51.999,78.108,52.004,1.013,1.029
197,202,basic,169.122,92.278,195.127,105.576,1.646,1.693
197,203,basic,266.861,179.604,265.756,179.075,1.315,1.309
197,204,basic,165.021,112.123,360.26,244.231,1.425,1.472
197,207,basic,0.0,0.0,125.969,94.072,,1.081
197,208,basic,204.897,160.715,0.0,0.0,1.236,
197,209,basic,135.007,60.391,226.342,99.928,0.776,0.846
197,210,basic,194.003,95.237,0.0,0.0,1.424,
197,211,basic,78.307,49.912,264.774,168.259,1.111,1.356
197,212,gifted,205.652,189.777,205.652,189.777,,
197,215,basic,117.105,75.487,116.605,75.676,0.918,0.893
197,218,basic,150.091,97.352,202.603,127.483,0.76,0.92
197,220,basic,91.235,69.237,0.0,0.0,1.394,
197,221,basic,164.523,116.603,257.406,184.152,0.99,0.986
197,222,basic,145.043,81.812,180.776,105.466,2.072,1.924
197,225,basic,84.999,46.599,83.847,45.993,1.236,1.233
197,226,basic,253.638,170.932,252.346,172.401,1.307,1.239
197,229,basic,249.613,191.581,0.0,0.0,1.148,
197,230,basic,113.698,75.648,225.393,146.035,1.049,1.21
197,233,basic,282.505,183.967,283.317,184.457,0.835,0.837
197,234,basic,73.837,56.128,0.0,0.0,1.182,
197,235,basic,88.388,57.972,144.472,93.994,1.212,1.281
197,236,basic,49.739,42.616,104.579,81.733,1.058,1.429
197,239,basic,279.913,163.451,0.0,0.0,1.728,
197,241,basic,387.379,156.814,826.307,323.536,1.913,2.209
197,242,basic,159.945,109.548,0.0,0.0,1.217,
197,243,basic,214.052,123.099,293.475,167.523,0.983,1.025
197,244,basic,35.935,32.785,36.415,33.217,1.108,1.125
197,245,basic,321.215,263.224,454.667,363.936,1.249,1.384
197,246,basic,226.905,127.823,383.598,213.267,1.141,1.217
197,247,basic,371.18,151.808,1037.013,391.194,1.617,2.269
197,248,basic,142.626,93.108,0.0,0.0,0.887,
197,249,basic,31.36,23.728,34.676,26.112,0.889,0.917
197,250,basic,81.085,58.072,134.754,98.216,0.962,0.867
197,251,basic,134.508,73.337,162.209,87.087,1.368,1.431
197,252,basic,232.619,158.985,232.626,159.366,1.449,1.438
197,255,basic,85.993,57.488,281.602,181.889,0.853,1.05
197,257,basic,121.828,98.249,418.693,323.513,1.074,1.316
197,259,basic,149.161,104.394,0.0,0.0,1.252,
197,261,basic,183.712,158.811,245.586,200.448,1.055,1.369
197,262,basic,189.666,140.796,341.372,247.874,1.07,1.187
197,264,basic,78.629,42.968,0.0,0.0,0.94,
197,266,basic,105.113,82.368,110.28,86.286,0.9,0.907
197,267,basic,120.473,101.211,135.074,113.158,1.019,1.034
197,268,basic,107.586,102.202,0.0,0.0,1.081,
197,269,basic,105.288,95.693,225.662,197.534,1.021,1.356
197,270,basic,151.014,98.122,516.069,339.178,1.488,1.475
197,272,basic,42.244,39.113,0.0,0.0,1.024,
197,275,basic,94.82,86.052,203.414,182.24,1.141,1.243
197,276,basic,151.983,84.653,319.761,177.404,1.119,1.311
197,277,basic,131.154,85.67,134.908,87.839,1.017,1.034
197,279,basic,103.496,52.703,142.45,72.134,1.016,1.049
197,281,basic,68.466,46.297,146.021,91.15,0.817,1.244
197,282,basic,80.343,57.739,92.685,64.755,0.901,1.049
197,286,basic,177.161,110.917,306.795,196.868,1.849,1.797
197,287,gifted,190.0,175.334,0.0,0.0,,
197,288,basic,196.677,155.767,196.629,156.686,1.409,1.384
197,289,basic,156.845,122.696,0.0,0.0,1.35,
197,291,basic,377.612,245.639,627.993,406.402,2.287,2.338
197,292,basic,565.251,338.305,770.312,460.735,1.49,1.443
197,930,basic,399.081,312.604,824.438,657.952,2.289,2.19
197,935,basic,437.926,285.987,0.0,0.0,1.879,
197,939,basic,219.06,117.799,0.0,0.0,1.712,
197,949,basic,378.588,286.038,0.0,0.0,1.532,
197,955,basic,45.416,43.113,0.0,0.0,2.762,
197,971,gifted,514.794,475.056,702.761,648.514,,
197,972,basic,260.642,177.999,0.0,0.0,1.876,
197,974,basic,85.353,70.988,91.517,75.243,1.172,1.238
197,977,basic,248.973,175.5,248.531,175.221,1.322,1.321
198,103,basic,272.269,225.059,272.318,225.097,1.642,1.642
198,104,basic,140.224,52.621,140.453,52.672,2.58,2.584
198,105,basic,468.519,215.363,468.516,215.329,2.302,2.303
198,105,gifted,184.396,168.701,184.396,168.701,,
198,106,basic,447.883,255.091,448.251,255.178,1.81,1.813
198,106,gifted,115.954,106.084,115.954,106.084,,
198,107,basic,509.695,243.196,507.912,242.519,2.501,2.497
198,109,basic,151.774,93.662,151.568,93.558,2.156,2.155
198,110,basic,400.937,193.523,401.18,193.62,2.126,2.126
198,113,basic,388.295,223.576,388.24,223.507,2.372,2.373
198,113,gifted,135.022,123.529,135.022,123.529,,
198,115,basic,148.143,82.874,148.137,82.87,1.725,1.725
198,117,basic,255.161,144.543,255.363,144.606,2.346,2.348
198,117,gifted,90.035,82.372,90.035,82.372,,
198,118,basic,269.706,135.422,269.874,135.469,2.12,2.121
198,130,basic,670.361,362.669,670.239,362.633,1.697,1.697
198,201,basic,75.901,52.248,75.269,51.838,1.09,1.087
198,202,basic,168.819,92.546,194.111,105.698,1.67,1.713
198,203,basic,261.456,187.424,260.276,186.811,1.329,1.321
198,204,basic,179.774,131.221,382.223,279.279,1.47,1.497
198,207,basic,0.0,0.0,122.621,89.198,,1.114
198,208,basic,209.396,167.563,0.0,0.0,1.242,
198,209,basic,140.592,51.306,232.387,83.878,0.788,0.852
198,210,basic,193.275,84.249,0.0,0.0,1.394,
198,211,basic,78.115,51.734,262.072,168.278,1.097,1.343
198,212,gifted,205.568,188.07,205.568,188.07,,
198,215,basic,115.005,68.181,114.89,68.225,0.889,0.882
198,218,basic,158.59,101.399,209.397,130.409,0.766,0.921
198,220,basic,91.831,76.341,0.0,0.0,1.421,
198,221,basic,160.143,107.121,248.742,168.031,0.985,0.973
198,222,basic,144.765,88.799,179.346,113.18,2.078,1.936
198,225,basic,92.431,48.569,91.35,48.012,1.26,1.258
198,226,basic,256.67,163.704,255.655,163.883,1.25,1.22
198,229,basic,249.211,208.659,0.0,0.0,1.153,
198,230,basic,108.671,77.074,214.504,148.155,1.028,1.203
198,233,basic,277.777,176.892,278.576,177.358,0.83,0.832
198,234,basic,74.753,62.805,0.0,0.0,1.162,
198,235,basic,84.796,54.087,141.108,89.471,1.209,1.27
198,236,basic,50.844,44.846,105.742,87.455,1.063,1.363
198,239,basic,282.458,172.41,0.0,0.0,1.745,
198,241,basic,382.376,137.886,824.441,282.753,1.887,2.212
198,242,basic,160.178,113.425,0.0,0.0,1.236,
198,243,basic,216.728,119.72,296.419,162.541,0.971,1.017
198,244,basic,35.595,33.345,36.033,33.715,1.096,1.129
198,245,basic,317.324,271.384,445.403,373.331,1.24,1.369
198,246,basic,236.874,127.274,395.616,211.154,1.236,1.284
198,247,basic,366.623,130.498,1032.721,333.707,1.592,2.252
198,248,basic,141.882,94.356,0.0,0.0,0.886,
198,249,basic,30.394,23.583,33.998,26.184,0.857,0.9
198,250,basic,87.068,67.512,142.376,112.191,0.962,0.865
198,251,basic,134.227,65.311,161.557,77.896,1.379,1.419
198,252,basic,238.774,170.154,238.749,170.468,1.444,1.434
198,255,basic,90.086,62.36,290.102,194.198,0.851,1.06
198,257,basic,120.952,104.495,417.389,347.707,1.09,1.325
198,259,basic,159.215,122.815,0.0,0.0,1.301,
198,261,basic,168.917,154.534,227.203,200.145,1.09,1.397
198,262,basic,186.346,145.318,337.92,258.376,1.084,1.199
198,264,basic,79.999,36.259,0.0,0.0,0.929,
198,266,basic,105.341,83.86,110.633,87.946,0.903,0.911
198,267,basic,119.916,105.39,134.845,118.216,1.016,1.031
198,268,basic,110.258,104.745,0.0,0.0,1.07,
198,269,basic,102.923,96.669,219.968,206.145,1.028,1.366
198,270,basic,157.992,113.008,523.387,380.582,1.544,1.494
198,272,basic,41.796,39.421,0.0,0.0,1.067,
198,275,basic,93.717,87.936,203.322,190.549,1.207,1.302
198,276,basic,143.235,70.763,310.808,150.198,1.134,1.315
198,277,basic,124.032,84.626,127.724,86.885,1.02,1.037
198,279,basic,106.049,48.511,143.992,65.503,1.011,1.047
198,281,basic,66.101,46.475,144.249,94.064,0.82,1.267
198,282,basic,81.737,64.212,93.553,71.74,0.912,1.053
198,286,basic,182.387,112.288,313.761,198.274,1.913,1.838
198,287,gifted,190.0,173.828,0.0,0.0,,
198,288,basic,184.313,164.219,184.468,164.662,1.311,1.304
198,289,basic,155.973,134.118,0.0,0.0,1.357,
198,291,basic,371.993,255.178,624.544,425.395,2.248,2.33
198,292,basic,565.383,327.081,772.401,449.926,1.517,1.466
198,930,basic,399.347,363.011,824.899,755.043,2.367,2.268
198,935,basic,436.959,306.362,0.0,0.0,1.85,
198,939,basic,216.119,105.659,0.0,0.0,1.711,
198,949,basic,377.02,316.898,0.0,0.0,1.539,
198,955,basic,45.692,43.408,0.0,0.0,2.788,
198,971,gifted,516.914,472.916,705.097,645.081,,
198,972,basic,259.97,190.796,0.0,0.0,1.858,
198,974,basic,86.857,79.839,91.472,83.903,1.242,1.296
198,977,basic,238.543,187.022,238.441,186.902,1.332,1.334
199,103,basic,272.951,239.786,272.982,239.812,1.642,1.642
199,104,basic,139.786,51.286,139.964,51.331,2.63,2.633
199,105,basic,458.741,203.743,458.731,203.712,2.355,2.356
199,105,gifted,182.475,166.917,182.475,166.917,,
199,106,basic,463.5,262.376,463.8,262.463,1.84,1.843
199,106,gifted,117.136,107.149,117.136,107.149,,
199,107,basic,518.361,247.749,516.594,247.029,2.53,2.526
199,109,basic,150.462,98.158,150.268,98.052,2.178,2.176
199,110,basic,383.186,188.128,383.456,188.245,2.133,2.134
199,113,basic,409.45,242.171,409.447,242.14,2.394,2.395
199,113,gifted,137.443,125.723,137.443,125.723,,
199,115,basic,148.891,80.25,148.888,80.248,1.752,1.752
199,117,basic,263.363,157.958,263.526,158.019,2.407,2.409
199,117,gifted,89.618,81.976,89.618,81.976,,
199,118,basic,273.958,135.213,274.15,135.277,2.168,2.17
199,130,basic,663.697,363.825,663.567,363.774,1.731,1.73
199,201,basic,78.373,51.72,77.618,51.281,1.156,1.146
199,202,basic,169.187,90.116,194.603,103.266,1.769,1.804
199,203,basic,259.284,183.367,258.144,182.703,1.38,1.373
199,204,basic,174.19,128.587,375.058,277.257,1.516,1.529
199,207,basic,0.0,0.0,127.087,95.745,,1.188
199,208,basic,210.87,173.486,0.0,0.0,1.255,
199,209,basic,138.09,43.271,229.914,71.421,0.77,0.846
199,210,basic,192.157,78.415,0.0,0.0,1.463,
199,211,basic,80.005,50.288,266.471,163.409,1.112,1.37
199,212,gifted,205.586,188.057,205.586,188.057,,
199,215,basic,118.691,69.281,118.507,69.3,0.946,0.934
199,218,basic,166.733,99.151,217.444,126.985,0.767,0.925
199,220,basic,88.184,74.927,0.0,0.0,1.645,
199,221,basic,165.375,111.085,255.657,174.554,1.175,1.085
199,222,basic,150.398,92.318,185.602,117.209,2.462,2.246
199,225,basic,83.484,41.26,82.472,40.769,1.257,1.255
199,226,basic,264.195,174.343,263.24,174.652,1.381,1.335
199,229,basic,254.167,215.849,0.0,0.0,1.165,
199,230,basic,113.061,76.498,221.536,147.109,1.021,1.198
199,233,basic,279.405,168.244,280.281,168.744,0.834,0.835
199,234,basic,72.511,61.616,0.0,0.0,1.211,
199,235,basic,79.854,51.375,134.546,86.232,1.248,1.303
199,236,basic,53.283,48.744,111.653,95.751,1.117,1.573
199,239,basic,261.826,159.445,0.0,0.0,1.739,
199,241,basic,381.559,127.878,823.062,265.679,1.91,2.25
199,242,basic,162.584,115.425,0.0,0.0,1.217,
199,243,basic,218.279,110.478,298.913,150.567,0.997,1.041
199,244,basic,36.623,34.611,37.102,35.051,1.161,1.198
199,245,basic,317.344,289.0,446.37,401.258,1.271,1.407
199,246,basic,237.281,119.816,394.748,198.572,1.246,1.286
199,247,basic,370.169,119.439,1035.292,311.105,1.599,2.279
199,248,basic,146.584,91.714,0.0,0.0,0.884,
199,249,basic,30.937,24.046,34.321,26.555,0.896,0.936
199,250,basic,83.841,62.521,137.432,103.609,0.964,0.868
199,251,basic,131.968,62.651,159.65,74.794,1.421,1.51
199,252,basic,233.858,170.158,233.976,170.339,1.474,1.469
199,255,basic,83.961,54.647,275.25,175.324,0.847,1.043
199,257,basic,119.602,106.281,412.501,356.677,1.089,1.342
199,259,basic,152.962,116.991,0.0,0.0,1.27,
199,261,basic,184.794,172.458,244.204,224.204,1.154,1.471
199,262,basic,184.752,144.772,337.437,260.267,1.082,1.219
199,264,basic,79.464,34.149,0.0,0.0,0.951,
199,266,basic,105.685,85.288,110.798,89.329,0.923,0.931
199,267,basic,117.994,109.334,133.291,123.344,1.025,1.04
199,268,basic,110.948,105.401,0.0,0.0,1.075,
199,269,basic,107.519,101.999,228.207,216.647,1.042,1.393
199,270,basic,153.52,108.856,522.022,375.728,1.594,1.501
199,272,basic,41.206,39.08,0.0,0.0,1.087,
199,275,basic,84.752,80.299,191.334,181.527,1.244,1.333
199,276,basic,154.751,72.845,321.58,148.682,1.134,1.322
199,277,basic,128.156,82.48,132.093,84.827,1.023,1.042
199,279,basic,105.35,43.385,144.188,59.128,1.022,1.061
199,281,basic,63.575,41.835,141.089,88.066,0.829,1.293
199,282,basic,74.792,56.176,85.014,62.844,0.898,1.036
199,286,basic,179.204,115.565,307.381,204.416,2.371,2.184
199,287,gifted,190.0,173.8,0.0,0.0,,
199,288,basic,169.419,153.607,169.546,154.162,1.434,1.414
199,289,basic,153.582,130.172,0.0,0.0,1.391,
199,291,basic,377.939,274.858,629.714,460.092,2.504,2.518
199,292,basic,562.69,314.882,768.341,432.432,1.552,1.496
199,930,basic,399.274,374.565,824.83,776.527,2.443,2.335
199,935,basic,437.043,312.045,0.0,0.0,1.884,
199,939,basic,217.994,105.238,0.0,0.0,1.777,
199,949,basic,381.139,320.999,0.0,0.0,1.62,
199,955,basic,45.786,43.496,0.0,0.0,2.821,
199,971,gifted,515.864,471.878,704.043,644.013,,
199,972,basic,262.997,197.537,0.0,0.0,1.927,
199,974,basic,87.575,81.824,92.684,86.571,1.261,1.319
199,977,basic,237.2,185.668,238.369,186.376,1.324,1.334
