GEOID,school_id,grade_band,n_expected,p
530330001012,204,es,0.0084,0.002157
530330001012,208,es,0.0089,0.002282
530330001012,210,es,0.3882,0.099604
530330001012,230,es,0.0257,0.006598
530330001012,241,es,0.0244,0.00627
530330001012,247,es,0.0164,0.004205
530330001012,257,es,0.0104,0.00268
530330001012,261,es,2.9995,0.769678
530330001012,262,es,0.0145,0.003731
530330001012,266,es,0.0123,0.003159
530330001012,268,es,0.0254,0.006524
530330001012,287,es,0.0046,0.001185
530330001012,291,es,0.0394,0.010117
530330001012,292,es,0.209,0.053638
530330001012,935,es,0.0049,0.001269
530330001012,971,es,0.0836,0.021449
530330001012,977,es,0.0213,0.005453
530330001013,204,es,0.1906,0.002157
530330001013,208,es,0.2015,0.002281
530330001013,210,es,8.8067,0.099697
530330001013,230,es,0.5823,0.006592
530330001013,241,es,0.5548,0.006281
530330001013,242,es,0.0002,2e-06
530330001013,247,es,0.3717,0.004207
530330001013,257,es,0.2372,0.002685
530330001013,261,es,67.9366,0.769086
530330001013,262,es,0.3302,0.003738
530330001013,266,es,0.3082,0.003489
530330001013,268,es,0.5768,0.006529
530330001013,269,es,0.0002,2e-06
530330001013,273,es,0.002,2.3e-05
530330001013,277,es,0.0004,4e-06
530330001013,279,es,0.001,1.2e-05
530330001013,286,es,0.0011,1.2e-05
530330001013,287,es,0.1048,0.001186
530330001013,291,es,0.8945,0.010126
530330001013,292,es,4.7394,0.053653
530330001013,935,es,0.1124,0.001273
530330001013,949,es,0.0001,1e-06
530330001013,971,es,1.895,0.021452
530330001013,977,es,0.4865,0.005508
530330001021,204,es,0.0898,0.002226
530330001021,208,es,0.075,0.001859
530330001021,210,es,5.8084,0.143985
530330001021,230,es,0.1588,0.003937
530330001021,241,es,0.4592,0.011383
530330001021,242,es,0.0446,0.001106
530330001021,247,es,0.2243,0.005559
530330001021,257,es,0.2057,0.005099
530330001021,261,es,19.6122,0.486171
530330001021,262,es,0.2864,0.007098
530330001021,266,es,6.5102,0.161382
530330001021,268,es,0.3633,0.009005
530330001021,269,es,0.0376,0.000933
530330001021,273,es,0.4473,0.011089
530330001021,277,es,0.0864,0.002142
530330001021,279,es,0.2257,0.005594
530330001021,286,es,0.2303,0.005709
530330001021,287,es,0.0702,0.001739
530330001021,291,es,0.5988,0.014844
530330001021,292,es,2.4505,0.060745
530330001021,935,es,0.1197,0.002968
530330001021,949,es,0.025,0.00062
530330001021,971,es,0.9306,0.02307
530330001021,977,es,1.2803,0.031737
530330001022,204,es,0.0277,0.002279
530330001022,208,es,0.0187,0.001535
530330001022,210,es,2.1658,0.177887
530330001022,230,es,0.0232,0.001905
530330001022,241,es,0.1862,0.01529
530330001022,242,es,0.0237,0.00195
530330001022,247,es,0.0803,0.006594
530330001022,257,es,0.0846,0.006947
530330001022,261,es,3.2823,0.269595
530330001022,262,es,0.1177,0.009671
530330001022,266,es,3.4364,0.28225
530330001022,268,es,0.1327,0.010901
530330001022,269,es,0.02,0.001645
530330001022,273,es,0.2381,0.01956
530330001022,277,es,0.046,0.003778
530330001022,279,es,0.1201,0.009868
530330001022,286,es,0.1226,0.01007
530330001022,287,es,0.0263,0.002162
530330001022,291,es,0.2247,0.018456
530330001022,292,es,0.8057,0.066173
530330001022,935,es,0.0519,0.004265
530330001022,949,es,0.0133,0.001093
530330001022,971,es,0.2959,0.024308
530330001022,977,es,0.6309,0.051817
530330001023,204,es,0.1964,0.002256
530330001023,208,es,0.1465,0.001683
530330001023,210,es,14.1307,0.1623
530330001023,226,es,0.0009,1.1e-05
530330001023,230,es,0.2469,0.002836
530330001023,241,es,1.175,0.013495
530330001023,242,es,0.136,0.001562
530330001023,247,es,0.5337,0.00613
530330001023,257,es,0.5309,0.006097
530330001023,261,es,32.11,0.368805
530330001023,262,es,0.7399,0.008498
530330001023,266,es,19.7403,0.226731
530330001023,268,es,0.8863,0.010179
530330001023,269,es,0.1147,0.001318
530330001023,273,es,1.3642,0.015669
530330001023,277,es,0.2636,0.003027
530330001023,279,es,0.6886,0.007908
530330001023,286,es,0.7024,0.008067
530330001023,287,es,0.1713,0.001967
530330001023,291,es,1.4621,0.016793
530330001023,292,es,5.5525,0.063775
530330001023,935,es,0.3196,0.003671
530330001023,949,es,0.0763,0.000876
530330001023,971,es,2.0676,0.023748
530330001023,977,es,3.7088,0.042598
530330002011,204,es,0.0725,0.002203
530330002011,208,es,0.0767,0.002331
530330002011,210,es,3.1476,0.095597
530330002011,229,es,0.0035,0.000105
530330002011,230,es,0.2064,0.00627
530330002011,241,es,0.2255,0.00685
530330002011,243,es,0.0009,2.6e-05
530330002011,245,es,0.0055,0.000168
530330002011,246,es,0.007,0.000213
530330002011,247,es,0.1873,0.00569
530330002011,257,es,0.109,0.003309
530330002011,261,es,24.1016,0.731999
530330002011,262,es,1.0105,0.03069
530330002011,266,es,0.1136,0.003451
530330002011,268,es,0.2622,0.007963
530330002011,269,es,0.005,0.000152
530330002011,279,es,0.0038,0.000114
530330002011,287,es,0.0371,0.001126
530330002011,288,es,0.0364,0.001105
530330002011,291,es,0.3165,0.009614
530330002011,292,es,2.0453,0.062119
530330002011,935,es,0.0457,0.001387
530330002011,971,es,0.7163,0.021755
530330002011,977,es,0.1898,0.005763
530330002012,204,es,0.0824,0.002158
530330002012,208,es,0.0871,0.002281
530330002012,210,es,3.8045,0.09959
530330002012,226,es,0.0004,1e-05
530330002012,230,es,0.252,0.006595
530330002012,241,es,0.2395,0.00627
530330002012,247,es,0.161,0.004216
530330002012,257,es,0.1023,0.002679
530330002012,261,es,29.3926,0.769413
530330002012,262,es,0.1429,0.00374
530330002012,266,es,0.1206,0.003158
530330002012,268,es,0.2549,0.006672
530330002012,279,es,0.0001,4e-06
530330002012,287,es,0.0453,0.001185
530330002012,291,es,0.3863,0.010113
530330002012,292,es,2.0526,0.053732
530330002012,935,es,0.0485,0.001271
530330002012,971,es,0.8197,0.021457
530330002012,977,es,0.2085,0.005457
530330002013,204,es,0.1291,0.002379
530330002013,208,es,0.1366,0.002517
530330002013,210,es,4.358,0.08032
530330002013,229,es,0.0275,0.000506
530330002013,230,es,0.2723,0.005019
530330002013,241,es,0.4916,0.00906
530330002013,243,es,0.0069,0.000127
530330002013,245,es,0.0438,0.000807
530330002013,246,es,0.0555,0.001023
530330002013,247,es,0.6158,0.01135
530330002013,257,es,0.3096,0.005707
530330002013,261,es,31.9234,0.588365
530330002013,262,es,7.2411,0.133458
530330002013,266,es,0.2477,0.004564
530330002013,268,es,0.7295,0.013445
530330002013,269,es,0.0398,0.000733
530330002013,279,es,0.0298,0.00055
530330002013,287,es,0.0489,0.000902
530330002013,288,es,0.2886,0.005319
530330002013,291,es,0.4176,0.007696
530330002013,292,es,5.1245,0.094448
530330002013,935,es,0.0995,0.001834
530330002013,971,es,1.2437,0.022922
530330002013,977,es,0.3769,0.006947
530330002021,204,es,0.1958,0.002157
530330002021,208,es,0.2072,0.002282
530330002021,210,es,9.0414,0.099604
530330002021,230,es,0.5989,0.006598
530330002021,241,es,0.5691,0.00627
530330002021,247,es,0.3817,0.004205
530330002021,257,es,0.2433,0.00268
530330002021,261,es,69.8661,0.769678
530330002021,262,es,0.3387,0.003731
530330002021,266,es,0.2867,0.003159
530330002021,268,es,0.5922,0.006524
530330002021,287,es,0.1076,0.001185
530330002021,291,es,0.9183,0.010117
530330002021,292,es,4.8689,0.053638
530330002021,935,es,0.1152,0.001269
530330002021,971,es,1.947,0.021449
530330002021,977,es,0.495,0.005453
530330002022,204,es,0.1376,0.00216
530330002022,208,es,0.1453,0.002279
530330002022,210,es,6.3448,0.099557
530330002022,226,es,0.0022,3.4e-05
530330002022,230,es,0.42,0.00659
530330002022,241,es,0.3995,0.006269
530330002022,247,es,0.2702,0.00424
530330002022,257,es,0.1706,0.002677
530330002022,261,es,48.9971,0.76882
530330002022,262,es,0.2396,0.003759
530330002022,266,es,0.2011,0.003155
530330002022,268,es,0.4461,0.007
530330002022,277,es,0.0002,3e-06
530330002022,279,es,0.0007,1.2e-05
530330002022,287,es,0.0754,0.001184
530330002022,291,es,0.644,0.010105
530330002022,292,es,3.4376,0.05394
530330002022,935,es,0.0812,0.001274
530330002022,971,es,1.3687,0.021476
530330002022,977,es,0.3484,0.005466
530330002023,204,es,0.0988,0.002157
530330002023,208,es,0.1045,0.002282
530330002023,210,es,4.5622,0.099604
530330002023,230,es,0.3022,0.006598
530330002023,241,es,0.2872,0.00627
530330002023,247,es,0.1926,0.004205
530330002023,257,es,0.1228,0.00268
530330002023,261,es,35.2537,0.769678
530330002023,262,es,0.1709,0.003731
530330002023,266,es,0.1447,0.003159
530330002023,268,es,0.2988,0.006524
530330002023,287,es,0.0543,0.001185
530330002023,291,es,0.4634,0.010117
530330002023,292,es,2.4568,0.053638
530330002023,935,es,0.0581,0.001269
530330002023,971,es,0.9824,0.021449
530330002023,977,es,0.2498,0.005453
530330003001,201,es,0.704,0.0124
530330003001,204,es,0.2759,0.00486
530330003001,208,es,1.5512,0.027324
530330003001,210,es,1.5413,0.027149
530330003001,222,es,2.6881,0.047349
530330003001,229,es,0.1814,0.003196
530330003001,230,es,0.0346,0.00061
530330003001,241,es,0.4946,0.008712
530330003001,246,es,1.1,0.019375
530330003001,247,es,1.054,0.018565
530330003001,257,es,32.5516,0.573372
530330003001,259,es,0.785,0.013828
530330003001,261,es,4.7991,0.084532
530330003001,262,es,0.7932,0.013971
530330003001,266,es,0.2104,0.003707
530330003001,268,es,0.035,0.000616
530330003001,287,es,0.0062,0.00011
530330003001,288,es,0.0005,8e-06
530330003001,291,es,0.0531,0.000936
530330003001,292,es,5.5146,0.097135
530330003001,935,es,0.0067,0.000119
530330003001,955,es,0.1697,0.002989
530330003001,971,es,1.6914,0.029792
530330003001,977,es,0.5304,0.009342
530330003002,201,es,0.4945,0.013659
530330003002,204,es,0.1867,0.005156
530330003002,208,es,1.1018,0.030437
530330003002,210,es,0.715,0.019751
530330003002,222,es,1.888,0.052152
530330003002,229,es,0.1275,0.003521
530330003002,230,es,0.0006,1.7e-05
530330003002,241,es,0.3242,0.008956
530330003002,246,es,0.773,0.021354
530330003002,247,es,0.7251,0.020031
530330003002,257,es,22.8526,0.631263
530330003002,259,es,0.5525,0.015263
530330003002,261,es,0.5319,0.014693
530330003002,262,es,0.5357,0.014797
530330003002,266,es,0.136,0.003757
530330003002,276,es,0.0003,7e-06
530330003002,282,es,0.0001,4e-06
530330003002,292,es,3.6735,0.101473
530330003002,935,es,0.0003,1e-05
530330003002,949,es,0.0007,1.8e-05
530330003002,955,es,0.1195,0.003301
530330003002,971,es,1.1093,0.030643
530330003002,974,es,0.0002,5e-06
530330003002,977,es,0.3522,0.00973
530330004021,201,es,0.0462,0.002128
530330004021,204,es,0.6245,0.028784
530330004021,208,es,14.646,0.675022
530330004021,210,es,0.1068,0.004923
530330004021,211,es,0.0211,0.000973
530330004021,229,es,0.0476,0.002193
530330004021,230,es,0.4245,0.019565
530330004021,241,es,0.1614,0.007437
530330004021,242,es,0.0409,0.001883
530330004021,246,es,0.3847,0.017731
530330004021,247,es,0.6312,0.029092
530330004021,257,es,0.5173,0.023842
530330004021,259,es,0.8238,0.037966
530330004021,261,es,0.1324,0.006103
530330004021,262,es,0.08,0.003688
530330004021,276,es,0.1822,0.008395
530330004021,281,es,0.0203,0.000936
530330004021,282,es,0.0911,0.004197
530330004021,292,es,1.0176,0.046901
530330004021,935,es,0.245,0.011292
530330004021,949,es,0.4581,0.021112
530330004021,955,es,0.2226,0.010258
530330004021,971,es,0.6555,0.030212
530330004021,974,es,0.1165,0.005368
530330004022,201,es,0.2829,0.002098
530330004022,204,es,3.7897,0.028105
530330004022,208,es,56.1037,0.416077
530330004022,210,es,0.652,0.004835
530330004022,211,es,0.0802,0.000594
530330004022,222,es,0.0106,7.9e-05
530330004022,229,es,0.3974,0.002947
530330004022,230,es,3.057,0.022672
530330004022,241,es,1.8965,0.014065
530330004022,242,es,0.2478,0.001838
530330004022,246,es,2.3382,0.01734
530330004022,247,es,3.7309,0.027669
530330004022,257,es,2.4836,0.018419
530330004022,259,es,7.3381,0.054421
530330004022,261,es,0.6559,0.004864
530330004022,262,es,0.3976,0.002949
530330004022,266,es,0.0008,6e-06
530330004022,268,es,0.0953,0.000707
530330004022,276,es,36.2567,0.268887
530330004022,281,es,0.0771,0.000572
530330004022,282,es,1.1727,0.008697
530330004022,292,es,4.3858,0.032526
530330004022,935,es,1.1155,0.008273
530330004022,949,es,2.0508,0.015209
530330004022,955,es,1.6541,0.012267
530330004022,971,es,3.8261,0.028375
530330004022,974,es,0.4421,0.003279
530330004022,977,es,0.3007,0.00223
530330004023,201,es,0.1329,0.002127
530330004023,204,es,1.7972,0.028777
530330004023,208,es,41.9895,0.67233
530330004023,210,es,0.3074,0.004922
530330004023,211,es,0.0605,0.000969
530330004023,229,es,0.1375,0.002201
530330004023,230,es,1.2239,0.019597
530330004023,241,es,0.4688,0.007506
530330004023,242,es,0.1176,0.001882
530330004023,246,es,1.1071,0.017727
530330004023,247,es,1.816,0.029077
530330004023,257,es,1.4849,0.023776
530330004023,259,es,2.3819,0.038138
530330004023,261,es,0.3803,0.006089
530330004023,262,es,0.2298,0.00368
530330004023,268,es,0.0005,7e-06
530330004023,276,es,0.6941,0.011113
530330004023,281,es,0.0582,0.000933
530330004023,282,es,0.2651,0.004244
530330004023,292,es,2.9197,0.04675
530330004023,935,es,0.7033,0.011261
530330004023,949,es,1.3147,0.02105
530330004023,955,es,0.642,0.010279
530330004023,971,es,1.8856,0.030192
530330004023,974,es,0.3339,0.005346
530330004023,977,es,0.0014,2.3e-05
530330004024,201,es,0.026,0.002128
530330004024,204,es,0.3522,0.028784
530330004024,208,es,8.2605,0.675022
530330004024,210,es,0.0602,0.004923
530330004024,211,es,0.0119,0.000973
530330004024,229,es,0.0268,0.002193
530330004024,230,es,0.2394,0.019565
530330004024,241,es,0.091,0.007437
530330004024,242,es,0.023,0.001883
530330004024,246,es,0.217,0.017731
530330004024,247,es,0.356,0.029092
530330004024,257,es,0.2918,0.023842
530330004024,259,es,0.4646,0.037966
530330004024,261,es,0.0747,0.006103
530330004024,262,es,0.0451,0.003688
530330004024,276,es,0.1027,0.008395
530330004024,281,es,0.0115,0.000936
530330004024,282,es,0.0514,0.004197
530330004024,292,es,0.5739,0.046901
530330004024,935,es,0.1382,0.011292
530330004024,949,es,0.2584,0.021112
530330004024,955,es,0.1255,0.010258
530330004024,971,es,0.3697,0.030212
530330004024,974,es,0.0657,0.005368
530330004031,201,es,0.2135,0.002128
530330004031,204,es,2.8882,0.028784
530330004031,208,es,67.7327,0.675022
530330004031,210,es,0.4939,0.004923
530330004031,211,es,0.0976,0.000973
530330004031,229,es,0.2201,0.002193
530330004031,230,es,1.9631,0.019565
530330004031,241,es,0.7462,0.007437
530330004031,242,es,0.1889,0.001883
530330004031,246,es,1.7792,0.017731
530330004031,247,es,2.9191,0.029092
530330004031,257,es,2.3924,0.023842
530330004031,259,es,3.8096,0.037966
530330004031,261,es,0.6123,0.006103
530330004031,262,es,0.37,0.003688
530330004031,276,es,0.8424,0.008395
530330004031,281,es,0.094,0.000936
530330004031,282,es,0.4212,0.004197
530330004031,292,es,4.7061,0.046901
530330004031,935,es,1.1331,0.011292
530330004031,949,es,2.1184,0.021112
530330004031,955,es,1.0293,0.010258
530330004031,971,es,3.0315,0.030212
530330004031,974,es,0.5386,0.005368
530330004032,201,es,0.0439,0.002128
530330004032,204,es,0.5945,0.028784
530330004032,208,es,13.9419,0.675022
530330004032,210,es,0.1017,0.004923
530330004032,211,es,0.0201,0.000973
530330004032,229,es,0.0453,0.002193
530330004032,230,es,0.4041,0.019565
530330004032,241,es,0.1536,0.007437
530330004032,242,es,0.0389,0.001883
530330004032,246,es,0.3662,0.017731
530330004032,247,es,0.6009,0.029092
530330004032,257,es,0.4924,0.023842
530330004032,259,es,0.7842,0.037966
530330004032,261,es,0.126,0.006103
530330004032,262,es,0.0762,0.003688
530330004032,276,es,0.1734,0.008395
530330004032,281,es,0.0193,0.000936
530330004032,282,es,0.0867,0.004197
530330004032,292,es,0.9687,0.046901
530330004032,935,es,0.2332,0.011292
530330004032,949,es,0.436,0.021112
530330004032,955,es,0.2119,0.010258
530330004032,971,es,0.624,0.030212
530330004032,974,es,0.1109,0.005368
530330004041,201,es,0.0476,0.002154
530330004041,204,es,0.6345,0.028731
530330004041,208,es,14.8752,0.673586
530330004041,210,es,0.1094,0.004956
530330004041,211,es,0.0214,0.000971
530330004041,222,es,0.0026,0.000116
530330004041,229,es,0.0485,0.002196
530330004041,230,es,0.4311,0.019521
530330004041,241,es,0.1643,0.00744
530330004041,242,es,0.0415,0.001879
530330004041,246,es,0.3917,0.017739
530330004041,247,es,0.642,0.029072
530330004041,257,es,0.5564,0.025195
530330004041,259,es,0.8373,0.037916
530330004041,261,es,0.1352,0.006122
530330004041,262,es,0.082,0.003712
530330004041,266,es,0.0002,8e-06
530330004041,276,es,0.185,0.008377
530330004041,281,es,0.0206,0.000934
530330004041,282,es,0.0925,0.004188
530330004041,292,es,1.0384,0.047022
530330004041,935,es,0.2488,0.011267
530330004041,949,es,0.4652,0.021065
530330004041,955,es,0.2262,0.010243
530330004041,971,es,0.6672,0.030213
530330004041,974,es,0.1183,0.005356
530330004041,977,es,0.0005,2.2e-05
530330004042,201,es,0.1789,0.002139
530330004042,204,es,2.4052,0.02876
530330004042,208,es,56.3973,0.674378
530330004042,210,es,0.4129,0.004937
530330004042,211,es,0.0813,0.000972
530330004042,222,es,0.0044,5.2e-05
530330004042,229,es,0.1835,0.002194
530330004042,230,es,1.6345,0.019545
530330004042,241,es,0.6221,0.007438
530330004042,242,es,0.1573,0.001881
530330004042,246,es,1.4831,0.017735
530330004042,247,es,2.4322,0.029083
530330004042,257,es,2.0446,0.024448
530330004042,259,es,3.1732,0.037944
530330004042,261,es,0.5111,0.006111
530330004042,262,es,0.3093,0.003699
530330004042,266,es,0.0003,4e-06
530330004042,276,es,0.7014,0.008387
530330004042,281,es,0.0782,0.000936
530330004042,282,es,0.3507,0.004193
530330004042,292,es,3.9268,0.046955
530330004042,935,es,0.9434,0.011281
530330004042,949,es,1.7638,0.021091
530330004042,955,es,0.8573,0.010251
530330004042,971,es,2.5266,0.030212
530330004042,974,es,0.4484,0.005362
530330004042,977,es,0.0008,1e-05
530330004043,201,es,0.0993,0.002191
530330004043,204,es,1.2994,0.028655
530330004043,208,es,30.4508,0.671508
530330004043,210,es,0.2269,0.005003
530330004043,211,es,0.0439,0.000968
530330004043,222,es,0.0129,0.000284
530330004043,229,es,0.0998,0.0022
530330004043,230,es,0.8824,0.019458
530330004043,241,es,0.3376,0.007445
530330004043,242,es,0.0849,0.001873
530330004043,246,es,0.8049,0.017751
530330004043,247,es,1.317,0.029043
530330004043,257,es,1.2313,0.027153
530330004043,259,es,1.716,0.037843
530330004043,261,es,0.2789,0.006149
530330004043,262,es,0.17,0.003748
530330004043,266,es,0.0009,2e-05
530330004043,276,es,0.3786,0.00835
530330004043,281,es,0.0422,0.000931
530330004043,282,es,0.1893,0.004174
530330004043,292,es,2.1403,0.047198
530330004043,935,es,0.5093,0.011231
530330004043,949,es,0.9521,0.020997
530330004043,955,es,0.4635,0.01022
530330004043,971,es,1.3701,0.030214
530330004043,974,es,0.2421,0.005338
530330004043,977,es,0.0024,5.3e-05
530330005001,201,es,0.2083,0.002127
530330005001,204,es,2.8167,0.028758
530330005001,208,es,66.0556,0.67441
530330005001,210,es,0.4817,0.004918
530330005001,211,es,0.0952,0.000972
530330005001,220,es,0.0007,7e-06
530330005001,229,es,0.2147,0.002192
530330005001,230,es,1.9167,0.019569
530330005001,241,es,0.7281,0.007433
530330005001,242,es,0.1842,0.001881
530330005001,246,es,1.7373,0.017738
530330005001,247,es,2.848,0.029077
530330005001,257,es,2.3331,0.023821
530330005001,259,es,3.7929,0.038725
530330005001,261,es,0.5972,0.006097
530330005001,262,es,0.3609,0.003684
530330005001,276,es,0.8219,0.008391
530330005001,281,es,0.0916,0.000936
530330005001,282,es,0.4107,0.004193
530330005001,292,es,4.5896,0.046858
530330005001,935,es,1.105,0.011282
530330005001,949,es,2.0672,0.021106
530330005001,955,es,1.0041,0.010251
530330005001,971,es,2.9588,0.030209
530330005001,974,es,0.5253,0.005364
530330005002,201,es,0.1497,0.002107
530330005002,204,es,2.0252,0.028498
530330005002,208,es,39.8568,0.560864
530330005002,210,es,0.3463,0.004874
530330005002,211,es,0.0573,0.000806
530330005002,229,es,0.1795,0.002526
530330005002,230,es,1.4889,0.020952
530330005002,241,es,0.7368,0.010368
530330005002,242,es,0.1325,0.001864
530330005002,246,es,1.2476,0.017556
530330005002,247,es,2.023,0.028468
530330005002,257,es,1.4949,0.021037
530330005002,259,es,3.2193,0.045302
530330005002,261,es,0.3943,0.005549
530330005002,262,es,0.2383,0.003353
530330005002,268,es,0.0222,0.000313
530330005002,276,es,8.7863,0.12364
530330005002,281,es,0.0551,0.000776
530330005002,282,es,0.4399,0.00619
530330005002,292,es,2.8783,0.040503
530330005002,935,es,0.708,0.009964
530330005002,949,es,1.3157,0.018514
530330005002,955,es,0.7924,0.011151
530330005002,971,es,2.0892,0.029399
530330005002,974,es,0.316,0.004447
530330005002,977,es,0.0696,0.00098
530330006011,204,es,0.1403,0.003088
530330006011,208,es,0.148,0.003257
530330006011,210,es,0.8668,0.019071
530330006011,226,es,0.0026,5.7e-05
530330006011,229,es,0.096,0.002111
530330006011,241,es,0.8139,0.017908
530330006011,243,es,0.0242,0.000532
530330006011,245,es,0.153,0.003367
530330006011,246,es,0.1939,0.004267
530330006011,247,es,1.5487,0.034075
530330006011,257,es,0.6954,0.015301
530330006011,261,es,0.537,0.011815
530330006011,262,es,24.7686,0.544977
530330006011,266,es,0.4098,0.009017
530330006011,268,es,1.6456,0.036208
530330006011,269,es,0.139,0.003058
530330006011,277,es,0.0002,5e-06
530330006011,279,es,0.1051,0.002313
530330006011,288,es,1.0086,0.022191
530330006011,292,es,10.1988,0.2244
530330006011,935,es,0.1652,0.003634
530330006011,971,es,1.2562,0.02764
530330006011,977,es,0.5321,0.011708
530330006012,201,es,0.4253,0.011178
530330006012,204,es,0.1812,0.004762
530330006012,208,es,0.9524,0.025035
530330006012,210,es,0.7465,0.019623
530330006012,222,es,1.6238,0.042684
530330006012,229,es,0.1242,0.003266
530330006012,241,es,0.403,0.010593
530330006012,243,es,0.0037,9.7e-05
530330006012,245,es,0.0234,0.000615
530330006012,246,es,0.6941,0.018244
530330006012,247,es,0.8592,0.022584
530330006012,257,es,19.7613,0.519446
530330006012,259,es,0.4742,0.012465
530330006012,261,es,0.539,0.014167
530330006012,262,es,4.2458,0.111606
530330006012,266,es,0.1796,0.004722
530330006012,268,es,0.2458,0.006461
530330006012,269,es,0.0212,0.000558
530330006012,279,es,0.0159,0.000419
530330006012,288,es,0.1541,0.004052
530330006012,292,es,4.7128,0.123881
530330006012,935,es,0.0252,0.000662
530330006012,955,es,0.1025,0.002694
530330006012,971,es,1.1447,0.03009
530330006012,977,es,0.384,0.010095
530330006013,204,es,0.3327,0.003086
530330006013,208,es,0.3518,0.003262
530330006013,210,es,2.0503,0.019013
530330006013,226,es,0.0016,1.5e-05
530330006013,229,es,0.228,0.002114
530330006013,241,es,1.9332,0.017927
530330006013,243,es,0.0574,0.000532
530330006013,245,es,0.3636,0.003372
530330006013,246,es,0.4608,0.004273
530330006013,247,es,3.6745,0.034074
530330006013,257,es,1.6524,0.015323
530330006013,261,es,1.2705,0.011782
530330006013,262,es,58.8507,0.545738
530330006013,266,es,0.9738,0.00903
530330006013,268,es,3.8445,0.035651
530330006013,269,es,0.3302,0.003062
530330006013,277,es,0.0001,1e-06
530330006013,279,es,0.2482,0.002301
530330006013,288,es,2.3966,0.022224
530330006013,292,es,24.1847,0.224271
530330006013,935,es,0.3916,0.003632
530330006013,971,es,2.978,0.027616
530330006013,977,es,1.2617,0.0117
530330006021,201,es,0.297,0.013669
530330006021,204,es,0.1116,0.005136
530330006021,208,es,0.6493,0.029886
530330006021,210,es,0.4294,0.019764
530330006021,222,es,1.1339,0.052196
530330006021,229,es,0.0765,0.003522
530330006021,241,es,0.1946,0.008958
530330006021,246,es,0.464,0.021357
530330006021,247,es,0.435,0.020023
530330006021,257,es,13.7251,0.631781
530330006021,259,es,0.3311,0.015243
530330006021,261,es,0.3194,0.014701
530330006021,262,es,0.3217,0.014806
530330006021,266,es,0.0817,0.003761
530330006021,292,es,2.2055,0.10152
530330006021,955,es,0.0716,0.003295
530330006021,971,es,0.6657,0.030644
530330006021,977,es,0.2116,0.009738
530330006022,201,es,1.2322,0.013669
530330006022,204,es,0.463,0.005136
530330006022,208,es,2.6941,0.029886
530330006022,210,es,1.7817,0.019764
530330006022,222,es,4.7053,0.052196
530330006022,229,es,0.3175,0.003522
530330006022,241,es,0.8075,0.008958
530330006022,246,es,1.9252,0.021357
530330006022,247,es,1.805,0.020023
530330006022,257,es,56.9525,0.631781
530330006022,259,es,1.3741,0.015243
530330006022,261,es,1.3252,0.014701
530330006022,262,es,1.3347,0.014806
530330006022,266,es,0.339,0.003761
530330006022,292,es,9.1516,0.10152
530330006022,955,es,0.297,0.003295
530330006022,971,es,2.7624,0.030644
530330006022,977,es,0.8778,0.009738
530330006023,201,es,1.053,0.013667
530330006023,204,es,0.396,0.00514
530330006023,208,es,2.3024,0.029883
530330006023,210,es,1.5226,0.019762
530330006023,222,es,4.0209,0.052188
530330006023,229,es,0.2714,0.003522
530330006023,230,es,0.0003,4e-06
530330006023,241,es,0.6903,0.00896
530330006023,246,es,1.6454,0.021356
530330006023,247,es,1.5428,0.020024
530330006023,257,es,48.6688,0.631683
530330006023,259,es,1.1752,0.015253
530330006023,261,es,1.1325,0.014699
530330006023,262,es,1.1406,0.014804
530330006023,266,es,0.2897,0.00376
530330006023,276,es,0.0082,0.000107
530330006023,282,es,0.0002,2e-06
530330006023,292,es,7.8206,0.101506
530330006023,955,es,0.254,0.003297
530330006023,971,es,2.3609,0.030643
530330006023,977,es,0.7502,0.009737
530330007001,204,es,0.0649,0.004472
530330007001,210,es,0.8489,0.058522
530330007001,226,es,0.4217,0.02907
530330007001,241,es,0.0755,0.005204
530330007001,247,es,0.5057,0.034862
530330007001,261,es,0.4372,0.030141
530330007001,262,es,0.4135,0.028501
530330007001,268,es,6.0407,0.41641
530330007001,277,es,0.037,0.002549
530330007001,279,es,0.1449,0.009987
530330007001,292,es,4.5489,0.313576
530330007001,935,es,0.0763,0.005262
530330007001,971,es,0.645,0.044462
530330007001,977,es,0.2459,0.016954
530330007002,204,es,0.3924,0.003915
530330007002,208,es,0.0321,0.000321
530330007002,210,es,9.8069,0.097847
530330007002,226,es,2.1568,0.02152
530330007002,241,es,0.8798,0.008778
530330007002,242,es,0.0715,0.000713
530330007002,247,es,2.783,0.027767
530330007002,257,es,0.2264,0.002258
530330007002,261,es,3.9529,0.03944
530330007002,262,es,2.4183,0.024128
530330007002,266,es,10.3154,0.102921
530330007002,268,es,31.225,0.311543
530330007002,269,es,0.0603,0.000602
530330007002,273,es,0.7172,0.007156
530330007002,277,es,0.3276,0.003269
530330007002,279,es,1.1028,0.011003
530330007002,286,es,0.3692,0.003684
530330007002,287,es,0.0667,0.000666
530330007002,291,es,0.5696,0.005683
530330007002,292,es,25.118,0.250611
530330007002,935,es,0.5333,0.005321
530330007002,949,es,0.0401,0.0004
530330007002,971,es,3.9619,0.039529
530330007002,977,es,3.0997,0.030927
530330007003,204,es,0.0123,0.003686
530330007003,208,es,0.0015,0.000452
530330007003,210,es,0.3806,0.113953
530330007003,226,es,0.0615,0.01842
530330007003,241,es,0.0342,0.010244
530330007003,242,es,0.0034,0.001006
530330007003,247,es,0.083,0.024857
530330007003,257,es,0.0106,0.003183
530330007003,261,es,0.1448,0.043358
530330007003,262,es,0.0748,0.022393
530330007003,266,es,0.4846,0.145069
530330007003,268,es,0.8969,0.268491
530330007003,269,es,0.0028,0.000848
530330007003,273,es,0.0337,0.010086
530330007003,277,es,0.0119,0.003563
530330007003,279,es,0.0381,0.011416
530330007003,286,es,0.0173,0.005193
530330007003,287,es,0.0031,0.000938
530330007003,291,es,0.0268,0.008011
530330007003,292,es,0.7508,0.224776
530330007003,935,es,0.0178,0.005344
530330007003,949,es,0.0019,0.000564
530330007003,971,es,0.1253,0.037504
530330007003,977,es,0.1224,0.036646
530330007004,204,es,0.1053,0.002328
530330007004,208,es,0.0557,0.001232
530330007004,210,es,9.4835,0.209657
530330007004,241,es,0.8572,0.01895
530330007004,242,es,0.124,0.002741
530330007004,247,es,0.3422,0.007564
530330007004,257,es,0.3926,0.008679
530330007004,261,es,3.0145,0.066643
530330007004,262,es,0.5465,0.012082
530330007004,266,es,17.8905,0.395516
530330007004,268,es,0.5734,0.012677
530330007004,269,es,0.1046,0.002313
530330007004,273,es,1.2438,0.027498
530330007004,277,es,0.2402,0.005311
530330007004,279,es,0.6275,0.013872
530330007004,286,es,0.6404,0.014157
530330007004,287,es,0.1157,0.002559
530330007004,291,es,0.9879,0.02184
530330007004,292,es,3.2233,0.071261
530330007004,935,es,0.2479,0.005481
530330007004,949,es,0.0695,0.001537
530330007004,971,es,1.152,0.025468
530330007004,977,es,3.1949,0.070633
530330008001,204,es,0.1118,0.002328
530330008001,208,es,0.0592,0.001232
530330008001,210,es,10.0702,0.209657
530330008001,241,es,0.9102,0.01895
530330008001,242,es,0.1317,0.002741
530330008001,247,es,0.3633,0.007564
530330008001,257,es,0.4169,0.008679
530330008001,261,es,3.201,0.066643
530330008001,262,es,0.5803,0.012082
530330008001,266,es,18.9974,0.395516
530330008001,268,es,0.6089,0.012677
530330008001,269,es,0.1111,0.002313
530330008001,273,es,1.3208,0.027498
530330008001,277,es,0.2551,0.005311
530330008001,279,es,0.6663,0.013872
530330008001,286,es,0.68,0.014157
530330008001,287,es,0.1229,0.002559
530330008001,291,es,1.049,0.02184
530330008001,292,es,3.4228,0.071261
530330008001,935,es,0.2633,0.005481
530330008001,949,es,0.0738,0.001537
530330008001,971,es,1.2233,0.025468
530330008001,977,es,3.3926,0.070633
530330008002,204,es,0.1612,0.002328
530330008002,208,es,0.0853,0.001232
530330008002,210,es,14.5192,0.209657
530330008002,241,es,1.3124,0.01895
530330008002,242,es,0.1899,0.002741
530330008002,247,es,0.5238,0.007564
530330008002,257,es,0.601,0.008679
530330008002,261,es,4.6152,0.066643
530330008002,262,es,0.8367,0.012082
530330008002,266,es,27.3904,0.395516
530330008002,268,es,0.8779,0.012677
530330008002,269,es,0.1602,0.002313
530330008002,273,es,1.9043,0.027498
530330008002,277,es,0.3678,0.005311
530330008002,279,es,0.9607,0.013872
530330008002,286,es,0.9804,0.014157
530330008002,287,es,0.1772,0.002559
530330008002,291,es,1.5125,0.02184
530330008002,292,es,4.935,0.071261
530330008002,935,es,0.3796,0.005481
530330008002,949,es,0.1064,0.001537
530330008002,971,es,1.7637,0.025468
530330008002,977,es,4.8915,0.070633
530330009001,204,es,0.0954,0.002328
530330009001,208,es,0.0505,0.001232
530330009001,210,es,8.5893,0.209657
530330009001,241,es,0.7764,0.01895
530330009001,242,es,0.1123,0.002741
530330009001,247,es,0.3099,0.007564
530330009001,257,es,0.3556,0.008679
530330009001,261,es,2.7303,0.066643
530330009001,262,es,0.495,0.012082
530330009001,266,es,16.2036,0.395516
530330009001,268,es,0.5193,0.012677
530330009001,269,es,0.0947,0.002313
530330009001,273,es,1.1266,0.027498
530330009001,277,es,0.2176,0.005311
530330009001,279,es,0.5683,0.013872
530330009001,286,es,0.58,0.014157
530330009001,287,es,0.1048,0.002559
530330009001,291,es,0.8948,0.02184
530330009001,292,es,2.9194,0.071261
530330009001,935,es,0.2245,0.005481
530330009001,949,es,0.063,0.001537
530330009001,971,es,1.0434,0.025468
530330009001,977,es,2.8937,0.070633
530330009002,204,es,0.0456,0.002165
530330009002,208,es,0.0241,0.001145
530330009002,209,es,0.0097,0.000462
530330009002,210,es,4.1156,0.195503
530330009002,241,es,0.3906,0.018554
530330009002,242,es,0.0537,0.002549
530330009002,247,es,0.1575,0.00748
530330009002,257,es,0.1729,0.008213
530330009002,261,es,1.3093,0.062194
530330009002,262,es,0.2365,0.011236
530330009002,266,es,7.7501,0.368153
530330009002,268,es,0.2482,0.011789
530330009002,269,es,0.074,0.003513
530330009002,272,es,0.0019,9e-05
530330009002,273,es,0.5383,0.025573
530330009002,277,es,0.8479,0.04028
530330009002,279,es,0.3074,0.014604
530330009002,286,es,0.2772,0.013166
530330009002,287,es,0.1903,0.009039
530330009002,291,es,0.4276,0.020311
530330009002,292,es,1.4166,0.067291
530330009002,935,es,0.113,0.005366
530330009002,949,es,0.0301,0.001429
530330009002,971,es,0.4986,0.023685
530330009002,977,es,1.8148,0.086208
530330010001,204,es,0.2057,0.002328
530330010001,208,es,0.1088,0.001232
530330010001,210,es,18.5221,0.209657
530330010001,241,es,1.6742,0.01895
530330010001,242,es,0.2422,0.002741
530330010001,247,es,0.6683,0.007564
530330010001,257,es,0.7667,0.008679
530330010001,261,es,5.8876,0.066643
530330010001,262,es,1.0674,0.012082
530330010001,266,es,34.9417,0.395516
530330010001,268,es,1.1199,0.012677
530330010001,269,es,0.2043,0.002313
530330010001,273,es,2.4293,0.027498
530330010001,277,es,0.4692,0.005311
530330010001,279,es,1.2256,0.013872
530330010001,286,es,1.2507,0.014157
530330010001,287,es,0.226,0.002559
530330010001,291,es,1.9295,0.02184
530330010001,292,es,6.2955,0.071261
530330010001,935,es,0.4842,0.005481
530330010001,949,es,0.1358,0.001537
530330010001,971,es,2.25,0.025468
530330010001,977,es,6.24,0.070633
530330010002,204,es,0.0609,0.001514
530330010002,208,es,0.0322,0.000801
530330010002,209,es,0.0912,0.002266
530330010002,210,es,5.5216,0.137151
530330010002,241,es,0.6272,0.015579
530330010002,242,es,0.2047,0.005084
530330010002,247,es,0.198,0.004917
530330010002,257,es,0.2552,0.006339
530330010002,261,es,1.7441,0.043321
530330010002,262,es,0.3683,0.009147
530330010002,266,es,10.384,0.257926
530330010002,268,es,0.4137,0.010276
530330010002,269,es,0.0605,0.001503
530330010002,273,es,0.7197,0.017875
530330010002,277,es,0.1648,0.004093
530330010002,279,es,10.5203,0.26131
530330010002,286,es,0.3705,0.009203
530330010002,287,es,1.0843,0.026933
530330010002,291,es,0.5716,0.014197
530330010002,292,es,2.2681,0.056336
530330010002,935,es,0.1434,0.003563
530330010002,949,es,0.0402,0.000999
530330010002,971,es,0.7114,0.017671
530330010002,977,es,3.7037,0.091995
530330011001,204,es,0.3178,0.004468
530330011001,208,es,0.0002,3e-06
530330011001,210,es,4.1867,0.058852
530330011001,226,es,2.0645,0.029021
530330011001,241,es,0.3722,0.005232
530330011001,242,es,0.0005,7e-06
530330011001,247,es,2.4762,0.034809
530330011001,257,es,0.0014,2e-05
530330011001,261,es,2.1306,0.029951
530330011001,262,es,2.0151,0.028327
530330011001,266,es,0.0633,0.00089
530330011001,268,es,29.5741,0.415723
530330011001,269,es,0.0004,5e-06
530330011001,273,es,0.0044,6.2e-05
530330011001,277,es,0.1819,0.002557
530330011001,279,es,0.7162,0.010068
530330011001,286,es,0.0023,3.2e-05
530330011001,287,es,0.0009,1.2e-05
530330011001,291,es,0.0035,4.9e-05
530330011001,292,es,22.2755,0.313127
530330011001,935,es,0.3745,0.005264
530330011001,949,es,0.0002,3e-06
530330011001,971,es,3.1606,0.044429
530330011001,977,es,1.2159,0.017091
530330011002,204,es,0.3246,0.004467
530330011002,209,es,0.0007,9e-06
530330011002,210,es,4.2475,0.05844
530330011002,226,es,2.1113,0.029049
530330011002,241,es,0.3784,0.005206
530330011002,242,es,0.001,1.3e-05
530330011002,247,es,2.5312,0.034825
530330011002,257,es,0.0002,3e-06
530330011002,261,es,2.1681,0.029829
530330011002,262,es,2.0592,0.028331
530330011002,266,es,0.0002,3e-06
530330011002,268,es,30.2432,0.4161
530330011002,277,es,0.1853,0.00255
530330011002,279,es,0.798,0.010979
530330011002,287,es,0.0073,0.0001
530330011002,292,es,22.7717,0.313303
530330011002,935,es,0.3821,0.005257
530330011002,971,es,3.2284,0.044418
530330011002,977,es,1.2443,0.017119
530330012011,204,es,0.0114,0.003085
530330012011,208,es,0.0121,0.003264
530330012011,210,es,0.0705,0.018993
530330012011,229,es,0.0079,0.002115
530330012011,241,es,0.0666,0.017933
530330012011,243,es,0.002,0.000533
530330012011,245,es,0.0125,0.003374
530330012011,246,es,0.0159,0.004276
530330012011,247,es,0.1265,0.034074
530330012011,257,es,0.0569,0.015331
530330012011,261,es,0.0437,0.011772
530330012011,262,es,2.0265,0.546004
530330012011,266,es,0.0335,0.009035
530330012011,268,es,0.1316,0.035456
530330012011,269,es,0.0114,0.003064
530330012011,279,es,0.0085,0.002297
530330012011,288,es,0.0825,0.022235
530330012011,292,es,0.8322,0.224225
530330012011,935,es,0.0135,0.003631
530330012011,971,es,0.1025,0.027607
530330012011,977,es,0.0434,0.011697
530330012012,201,es,0.1211,0.008702
530330012012,204,es,0.0611,0.004391
530330012012,208,es,0.2813,0.020212
530330012012,210,es,0.2712,0.019484
530330012012,222,es,0.4625,0.033229
530330012012,229,es,0.0419,0.003011
530330012012,241,es,0.1701,0.012219
530330012012,243,es,0.0027,0.000194
530330012012,245,es,0.0171,0.001226
530330012012,246,es,0.2109,0.01515
530330012012,247,es,0.3497,0.025129
530330012012,257,es,5.6755,0.407777
530330012012,259,es,0.1351,0.009704
530330012012,261,es,0.1898,0.013637
530330012012,262,es,2.8926,0.207832
530330012012,266,es,0.079,0.005677
530330012012,268,es,0.1793,0.012884
530330012012,269,es,0.0155,0.001113
530330012012,279,es,0.0116,0.000835
530330012012,288,es,0.1125,0.00808
530330012012,292,es,2.0336,0.146108
530330012012,935,es,0.0184,0.001319
530330012012,955,es,0.0292,0.002098
530330012012,971,es,0.4111,0.02954
530330012012,977,es,0.1454,0.01045
530330012013,201,es,0.0085,0.002406
530330012013,204,es,0.0434,0.012304
530330012013,208,es,0.0312,0.008845
530330012013,210,es,0.0484,0.01373
530330012013,222,es,0.0223,0.006331
530330012013,229,es,0.0107,0.003039
530330012013,230,es,0.0364,0.010319
530330012013,241,es,0.0681,0.019306
530330012013,242,es,0.0023,0.000662
530330012013,243,es,0.0009,0.000269
530330012013,245,es,0.006,0.001706
530330012013,246,es,0.0387,0.010987
530330012013,247,es,0.1028,0.029154
530330012013,257,es,0.3074,0.087181
530330012013,259,es,0.1124,0.031887
530330012013,261,es,0.0311,0.008808
530330012013,262,es,0.9819,0.278483
530330012013,266,es,0.0177,0.005024
530330012013,268,es,0.0656,0.018605
530330012013,269,es,0.0055,0.001549
530330012013,276,es,0.8952,0.253876
530330012013,279,es,0.0041,0.001161
530330012013,282,es,0.0208,0.005903
530330012013,288,es,0.0396,0.011241
530330012013,292,es,0.4558,0.129259
530330012013,935,es,0.0111,0.003159
530330012013,949,es,0.0079,0.002227
530330012013,955,es,0.0218,0.006171
530330012013,971,es,0.0958,0.027179
530330012013,977,es,0.0325,0.009227
530330012021,204,es,0.2111,0.003089
530330012021,208,es,0.2224,0.003254
530330012021,210,es,1.3057,0.019107
530330012021,226,es,0.0057,8.4e-05
530330012021,229,es,0.1441,0.002109
530330012021,241,es,1.223,0.017897
530330012021,243,es,0.0363,0.000531
530330012021,245,es,0.2299,0.003364
530330012021,246,es,0.2913,0.004263
530330012021,247,es,2.3287,0.034076
530330012021,257,es,1.0447,0.015287
530330012021,261,es,0.8081,0.011825
530330012021,262,es,37.2106,0.544511
530330012021,266,es,0.6156,0.009009
530330012021,268,es,2.4981,0.036555
530330012021,269,es,0.2088,0.003055
530330012021,277,es,0.0005,7e-06
530330012021,279,es,0.1585,0.00232
530330012021,288,es,1.5151,0.022171
530330012021,292,es,15.3406,0.224483
530330012021,935,es,0.2484,0.003635
530330012021,971,es,1.8899,0.027656
530330012021,977,es,0.8004,0.011712
530330012022,204,es,0.0446,0.003086
530330012022,208,es,0.0472,0.003261
530330012022,210,es,0.2751,0.019021
530330012022,226,es,0.0003,2.1e-05
530330012022,229,es,0.0306,0.002114
530330012022,241,es,0.2592,0.017924
530330012022,243,es,0.0077,0.000532
530330012022,245,es,0.0488,0.003371
530330012022,246,es,0.0618,0.004273
530330012022,247,es,0.4928,0.034074
530330012022,257,es,0.2216,0.01532
530330012022,261,es,0.1705,0.011786
530330012022,262,es,7.8912,0.545627
530330012022,266,es,0.1306,0.009028
530330012022,268,es,0.5168,0.035733
530330012022,269,es,0.0443,0.003062
530330012022,279,es,0.0333,0.002303
530330012022,288,es,0.3213,0.022219
530330012022,292,es,3.2438,0.22429
530330012022,935,es,0.0525,0.003632
530330012022,971,es,0.3994,0.027619
530330012022,977,es,0.1692,0.011701
530330012023,204,es,0.1731,0.003085
530330012023,208,es,0.1831,0.003264
530330012023,210,es,1.0657,0.018993
530330012023,229,es,0.1187,0.002115
530330012023,241,es,1.0062,0.017933
530330012023,243,es,0.0299,0.000533
530330012023,245,es,0.1893,0.003374
530330012023,246,es,0.2399,0.004276
530330012023,247,es,1.9118,0.034074
530330012023,257,es,0.8602,0.015331
530330012023,261,es,0.6605,0.011772
530330012023,262,es,30.6356,0.546004
530330012023,266,es,0.5069,0.009035
530330012023,268,es,1.9894,0.035456
530330012023,269,es,0.1719,0.003064
530330012023,279,es,0.1289,0.002297
530330012023,288,es,1.2476,0.022235
530330012023,292,es,12.581,0.224225
530330012023,935,es,0.2037,0.003631
530330012023,971,es,1.549,0.027607
530330012023,977,es,0.6563,0.011697
530330013001,201,es,0.0853,0.002015
530330013001,204,es,1.1469,0.027106
530330013001,208,es,0.4055,0.009583
530330013001,210,es,0.1968,0.004652
530330013001,222,es,0.0019,4.4e-05
530330013001,229,es,0.1749,0.004133
530330013001,230,es,1.1691,0.027632
530330013001,241,es,1.0373,0.024516
530330013001,242,es,0.075,0.001773
530330013001,246,es,0.7071,0.016713
530330013001,247,es,1.0769,0.025452
530330013001,257,es,0.3391,0.008014
530330013001,259,es,3.4037,0.080445
530330013001,261,es,0.1221,0.002885
530330013001,262,es,0.074,0.001749
530330013001,266,es,0.0001,3e-06
530330013001,268,es,0.0771,0.001822
530330013001,276,es,28.7637,0.679811
530330013001,282,es,0.6688,0.015808
530330013001,292,es,0.4098,0.009685
530330013001,935,es,0.15,0.003544
530330013001,949,es,0.2523,0.005963
530330013001,955,es,0.654,0.015457
530330013001,971,es,1.078,0.025478
530330013001,977,es,0.2419,0.005717
530330013002,201,es,0.0283,0.002006
530330013002,204,es,0.3825,0.027124
530330013002,208,es,0.1349,0.009567
530330013002,210,es,0.0654,0.00464
530330013002,229,es,0.0583,0.004133
530330013002,230,es,0.39,0.027654
530330013002,241,es,0.3459,0.024528
530330013002,242,es,0.025,0.001774
530330013002,246,es,0.2357,0.016709
530330013002,247,es,0.359,0.025456
530330013002,257,es,0.1061,0.007525
530330013002,259,es,1.1353,0.080496
530330013002,261,es,0.0406,0.002876
530330013002,262,es,0.0245,0.001738
530330013002,268,es,0.0257,0.001823
530330013002,276,es,9.5954,0.680344
530330013002,282,es,0.2231,0.01582
530330013002,292,es,0.1356,0.009613
530330013002,935,es,0.05,0.003547
530330013002,949,es,0.0842,0.005968
530330013002,955,es,0.2181,0.015466
530330013002,971,es,0.3593,0.025474
530330013002,977,es,0.0806,0.005714
530330013003,201,es,0.0052,0.002005
530330013003,204,es,0.0705,0.027125
530330013003,208,es,0.0249,0.009566
530330013003,210,es,0.0121,0.004639
530330013003,229,es,0.0107,0.004134
530330013003,230,es,0.0719,0.027655
530330013003,241,es,0.0637,0.024529
530330013003,242,es,0.0046,0.001774
530330013003,246,es,0.0434,0.016709
530330013003,247,es,0.0661,0.025457
530330013003,257,es,0.0195,0.007489
530330013003,259,es,0.2091,0.0805
530330013003,261,es,0.0075,0.002875
530330013003,262,es,0.0045,0.001738
530330013003,268,es,0.0047,0.001823
530330013003,276,es,1.7677,0.680383
530330013003,282,es,0.0411,0.015821
530330013003,292,es,0.025,0.009608
530330013003,935,es,0.0092,0.003547
530330013003,949,es,0.0155,0.005968
530330013003,955,es,0.0402,0.015467
530330013003,971,es,0.0662,0.025473
530330013003,977,es,0.0148,0.005714
530330014001,201,es,0.0303,0.002005
530330014001,204,es,0.4098,0.027125
530330014001,208,es,0.1445,0.009566
530330014001,210,es,0.0701,0.004639
530330014001,229,es,0.0624,0.004134
530330014001,230,es,0.4178,0.027655
530330014001,241,es,0.3705,0.024529
530330014001,242,es,0.0268,0.001774
530330014001,246,es,0.2524,0.016709
530330014001,247,es,0.3846,0.025457
530330014001,257,es,0.1131,0.007489
530330014001,259,es,1.2161,0.0805
530330014001,261,es,0.0434,0.002875
530330014001,262,es,0.0262,0.001738
530330014001,268,es,0.0275,0.001823
530330014001,276,es,10.2781,0.680383
530330014001,282,es,0.239,0.015821
530330014001,292,es,0.1451,0.009608
530330014001,935,es,0.0536,0.003547
530330014001,949,es,0.0902,0.005968
530330014001,955,es,0.2337,0.015467
530330014001,971,es,0.3848,0.025473
530330014001,977,es,0.0863,0.005714
530330014002,201,es,0.2245,0.001982
530330014002,204,es,2.967,0.02619
530330014002,208,es,1.0463,0.009236
530330014002,210,es,0.5074,0.004479
530330014002,220,es,0.0298,0.000263
530330014002,229,es,0.4575,0.004038
530330014002,230,es,3.1206,0.027545
530330014002,241,es,2.6967,0.023803
530330014002,242,es,0.1941,0.001713
530330014002,246,es,1.9251,0.016993
530330014002,247,es,2.8353,0.025027
530330014002,257,es,0.8192,0.007231
530330014002,259,es,12.2231,0.107892
530330014002,261,es,0.3145,0.002776
530330014002,262,es,0.1901,0.001678
530330014002,268,es,0.1994,0.00176
530330014002,276,es,74.4368,0.657046
530330014002,282,es,1.7306,0.015276
530330014002,289,es,0.0023,2e-05
530330014002,292,es,1.051,0.009277
530330014002,935,es,0.388,0.003425
530330014002,949,es,0.7095,0.006263
530330014002,955,es,1.7019,0.015022
530330014002,971,es,2.8912,0.02552
530330014002,974,es,0.0033,2.9e-05
530330014002,977,es,0.625,0.005517
530330014004,201,es,0.0745,0.001332
530330014004,204,es,0.0011,2e-05
530330014004,208,es,0.0017,3.1e-05
530330014004,210,es,0.0002,4e-06
530330014004,220,es,0.4267,0.007631
530330014004,229,es,0.0767,0.001372
530330014004,230,es,1.3669,0.024445
530330014004,241,es,0.1958,0.003502
530330014004,246,es,1.4167,0.025335
530330014004,247,es,0.7267,0.012996
530330014004,257,es,0.0003,6e-06
530330014004,259,es,48.8707,0.873963
530330014004,261,es,0.0001,2e-06
530330014004,276,es,0.2221,0.003971
530330014004,282,es,0.0009,1.7e-05
530330014004,289,es,0.0326,0.000583
530330014004,292,es,0.0005,9e-06
530330014004,935,es,0.0002,3e-06
530330014004,949,es,0.8122,0.014526
530330014004,955,es,0.1441,0.002577
530330014004,971,es,1.5003,0.026829
530330014004,974,es,0.0469,0.000838
530330014004,977,es,0.0002,4e-06
530330015001,201,es,0.0319,0.001332
530330015001,220,es,0.1828,0.007636
530330015001,229,es,0.0328,0.00137
530330015001,230,es,0.5851,0.02444
530330015001,241,es,0.0835,0.003487
530330015001,246,es,0.6093,0.025449
530330015001,247,es,0.3109,0.012986
530330015001,259,es,20.936,0.874436
530330015001,276,es,0.0837,0.003498
530330015001,282,es,0.0002,7e-06
530330015001,289,es,0.014,0.000583
530330015001,949,es,0.348,0.014536
530330015001,955,es,0.0615,0.002569
530330015001,971,es,0.6424,0.02683
530330015001,974,es,0.0201,0.000838
530330015002,201,es,0.058,0.003077
530330015002,208,es,0.0118,0.000625
530330015002,210,es,0.0086,0.000455
530330015002,220,es,0.0778,0.004129
530330015002,229,es,0.014,0.000741
530330015002,230,es,0.2491,0.013216
530330015002,241,es,0.0873,0.004631
530330015002,246,es,7.785,0.412989
530330015002,247,es,0.2336,0.012391
530330015002,259,es,8.9464,0.474599
530330015002,276,es,0.0649,0.003441
530330015002,281,es,0.0065,0.000346
530330015002,282,es,0.095,0.005039
530330015002,289,es,0.0059,0.000315
530330015002,292,es,0.0071,0.000377
530330015002,935,es,0.0066,0.000348
530330015002,949,es,0.5888,0.031238
530330015002,955,es,0.1118,0.005933
530330015002,971,es,0.4837,0.02566
530330015002,974,es,0.0085,0.000453
530330016001,201,es,0.0644,0.00133
530330016001,220,es,0.3699,0.00764
530330016001,229,es,0.0664,0.001371
530330016001,230,es,1.1838,0.024455
530330016001,241,es,0.1687,0.003486
530330016001,246,es,1.207,0.024933
530330016001,247,es,0.6287,0.012987
530330016001,259,es,42.3558,0.874969
530330016001,276,es,0.1693,0.003498
530330016001,289,es,0.0282,0.000584
530330016001,949,es,0.7026,0.014514
530330016001,955,es,0.1241,0.002564
530330016001,971,es,1.2989,0.026832
530330016001,974,es,0.0406,0.000839
530330016002,201,es,0.1243,0.001331
530330016002,220,es,0.713,0.007637
530330016002,229,es,0.1279,0.00137
530330016002,230,es,2.2821,0.024445
530330016002,241,es,0.3255,0.003487
530330016002,246,es,2.3582,0.025261
530330016002,247,es,1.2123,0.012986
530330016002,259,es,81.6499,0.87463
530330016002,276,es,0.3265,0.003498
530330016002,282,es,0.0004,4e-06
530330016002,289,es,0.0545,0.000583
530330016002,949,es,1.3562,0.014528
530330016002,955,es,0.2397,0.002567
530330016002,971,es,2.5047,0.026831
530330016002,974,es,0.0783,0.000838
530330016003,201,es,0.1699,0.002152
530330016003,208,es,0.0232,0.000294
530330016003,210,es,0.0169,0.000214
530330016003,220,es,0.4728,0.005988
530330016003,229,es,0.0848,0.001074
530330016003,230,es,1.5135,0.019169
530330016003,241,es,0.3179,0.004026
530330016003,246,es,16.3775,0.207425
530330016003,247,es,1.0033,0.012707
530330016003,259,es,54.2101,0.686584
530330016003,276,es,0.274,0.003471
530330016003,281,es,0.0129,0.000163
530330016003,282,es,0.1943,0.002461
530330016003,289,es,0.0361,0.000457
530330016003,292,es,0.014,0.000177
530330016003,935,es,0.0129,0.000164
530330016003,949,es,1.7675,0.022386
530330016003,955,es,0.3276,0.004149
530330016003,971,es,2.075,0.026281
530330016003,974,es,0.0519,0.000657
530330017012,201,es,0.0103,0.001461
530330017012,204,es,0.0996,0.014168
530330017012,208,es,0.0208,0.002962
530330017012,210,es,0.0074,0.001049
530330017012,218,es,0.0046,0.000656
530330017012,226,es,0.0002,2.9e-05
530330017012,229,es,0.0138,0.00197
530330017012,230,es,5.1703,0.735677
530330017012,241,es,0.0516,0.007343
530330017012,242,es,0.0028,0.000401
530330017012,246,es,0.0413,0.005871
530330017012,247,es,0.0615,0.008748
530330017012,257,es,0.0152,0.002163
530330017012,259,es,0.1437,0.020453
530330017012,261,es,0.0046,0.000655
530330017012,262,es,0.0028,0.000398
530330017012,268,es,0.0061,0.000869
530330017012,276,es,1.0815,0.153886
530330017012,282,es,0.0321,0.004574
530330017012,291,es,0.0249,0.003539
530330017012,292,es,0.0187,0.002663
530330017012,935,es,0.0088,0.001249
530330017012,949,es,0.0341,0.004846
530330017012,955,es,0.0314,0.004466
530330017012,971,es,0.1307,0.018592
530330017012,977,es,0.0091,0.001295
530330017013,201,es,0.0306,0.002005
530330017013,204,es,0.4134,0.027125
530330017013,208,es,0.1458,0.009566
530330017013,210,es,0.0707,0.004639
530330017013,229,es,0.063,0.004134
530330017013,230,es,0.4215,0.027655
530330017013,241,es,0.3738,0.024529
530330017013,242,es,0.027,0.001774
530330017013,246,es,0.2547,0.016709
530330017013,247,es,0.388,0.025457
530330017013,257,es,0.1141,0.007489
530330017013,259,es,1.2269,0.0805
530330017013,261,es,0.0438,0.002875
530330017013,262,es,0.0265,0.001738
530330017013,268,es,0.0278,0.001823
530330017013,276,es,10.3698,0.680383
530330017013,282,es,0.2411,0.015821
530330017013,292,es,0.1464,0.009608
530330017013,935,es,0.0541,0.003547
530330017013,949,es,0.091,0.005968
530330017013,955,es,0.2357,0.015467
530330017013,971,es,0.3882,0.025473
530330017013,977,es,0.0871,0.005714
530330017021,201,es,0.0097,0.002005
530330017021,204,es,0.1309,0.027125
530330017021,208,es,0.0462,0.009566
530330017021,210,es,0.0224,0.004639
530330017021,229,es,0.0199,0.004134
530330017021,230,es,0.1334,0.027655
530330017021,241,es,0.1184,0.024529
530330017021,242,es,0.0086,0.001774
530330017021,246,es,0.0806,0.016709
530330017021,247,es,0.1228,0.025457
530330017021,257,es,0.0361,0.007489
530330017021,259,es,0.3884,0.0805
530330017021,261,es,0.0139,0.002875
530330017021,262,es,0.0084,0.001738
530330017021,268,es,0.0088,0.001823
530330017021,276,es,3.2828,0.680383
530330017021,282,es,0.0763,0.015821
530330017021,292,es,0.0464,0.009608
530330017021,935,es,0.0171,0.003547
530330017021,949,es,0.0288,0.005968
530330017021,955,es,0.0746,0.015467
530330017021,971,es,0.1229,0.025473
530330017021,977,es,0.0276,0.005714
530330017022,201,es,0.2881,0.005124
530330017022,204,es,0.0013,2.3e-05
530330017022,208,es,0.0763,0.001357
530330017022,210,es,0.0554,0.000985
530330017022,218,es,0.0002,4e-06
530330017022,229,es,0.0002,4e-06
530330017022,230,es,0.1416,0.002518
530330017022,241,es,0.3365,0.005984
530330017022,246,es,48.6967,0.866034
530330017022,247,es,0.6563,0.011671
530330017022,259,es,0.2141,0.003808
530330017022,276,es,0.189,0.003361
530330017022,281,es,0.0426,0.000758
530330017022,282,es,0.6649,0.011825
530330017022,291,es,0.0007,1.2e-05
530330017022,292,es,0.0462,0.000821
530330017022,935,es,0.0427,0.00076
530330017022,949,es,2.8571,0.050811
530330017022,955,es,0.5549,0.009868
530330017022,971,es,1.3645,0.024267
530330017023,201,es,0.1009,0.005131
530330017023,208,es,0.0267,0.00136
530330017023,210,es,0.0195,0.000989
530330017023,241,es,0.1176,0.005977
530330017023,246,es,17.0999,0.869294
530330017023,247,es,0.23,0.011691
530330017023,259,es,0.075,0.003814
530330017023,276,es,0.0664,0.003374
530330017023,281,es,0.0148,0.000753
530330017023,282,es,0.2157,0.010963
530330017023,292,es,0.0161,0.000819
530330017023,935,es,0.0149,0.000756
530330017023,949,es,1.0013,0.050903
530330017023,955,es,0.1946,0.009894
530330017023,971,es,0.4776,0.024282
530330017024,201,es,0.2179,0.002078
530330017024,204,es,1.463,0.013953
530330017024,208,es,0.4246,0.004049
530330017024,210,es,0.1838,0.001752
530330017024,218,es,0.0455,0.000434
530330017024,229,es,0.2229,0.002126
530330017024,230,es,51.794,0.493979
530330017024,241,es,1.1047,0.010536
530330017024,242,es,0.0648,0.000618
530330017024,246,es,13.4263,0.128052
530330017024,247,es,1.3045,0.012441
530330017024,257,es,0.306,0.002919
530330017024,259,es,3.15,0.030043
530330017024,261,es,0.105,0.001001
530330017024,262,es,0.0634,0.000605
530330017024,268,es,0.0983,0.000938
530330017024,276,es,24.8852,0.23734
530330017024,281,es,0.011,0.000105
530330017024,282,es,0.8063,0.00769
530330017024,291,es,0.2464,0.00235
530330017024,292,es,0.3962,0.003778
530330017024,935,es,0.1714,0.001635
530330017024,949,es,1.2026,0.01147
530330017024,955,es,0.7762,0.007403
530330017024,971,es,2.172,0.020715
530330017024,977,es,0.2086,0.001989
530330018001,201,es,0.1311,0.00192
530330018001,204,es,42.7717,0.626305
530330018001,208,es,0.1506,0.002206
530330018001,210,es,0.073,0.00107
530330018001,212,es,0.362,0.005301
530330018001,218,es,0.0648,0.000949
530330018001,226,es,0.9731,0.014249
530330018001,229,es,0.0651,0.000953
530330018001,230,es,1.8085,0.026481
530330018001,241,es,1.778,0.026035
530330018001,242,es,0.0279,0.000409
530330018001,244,es,0.1927,0.002822
530330018001,246,es,0.2631,0.003853
530330018001,247,es,2.0536,0.03007
530330018001,257,es,0.1179,0.001727
530330018001,259,es,1.4897,0.021813
530330018001,261,es,0.188,0.002753
530330018001,262,es,0.1999,0.002927
530330018001,268,es,0.0287,0.00042
530330018001,276,es,10.7139,0.156884
530330018001,282,es,0.4455,0.006523
530330018001,292,es,0.4375,0.006406
530330018001,935,es,0.1439,0.002107
530330018001,949,es,0.3903,0.005715
530330018001,955,es,0.2436,0.003566
530330018001,971,es,2.9304,0.04291
530330018001,974,es,0.0628,0.000919
530330018001,977,es,0.1845,0.002702
530330019001,204,es,0.28,0.003086
530330019001,208,es,0.296,0.003262
530330019001,210,es,1.7255,0.019014
530330019001,226,es,0.0014,1.6e-05
530330019001,229,es,0.1919,0.002114
530330019001,241,es,1.6268,0.017927
530330019001,243,es,0.0483,0.000532
530330019001,245,es,0.306,0.003372
530330019001,246,es,0.3878,0.004273
530330019001,247,es,3.0923,0.034074
530330019001,257,es,1.3906,0.015323
530330019001,261,es,1.0692,0.011782
530330019001,262,es,49.5251,0.545727
530330019001,266,es,0.8195,0.00903
530330019001,268,es,3.2361,0.035659
530330019001,269,es,0.2779,0.003062
530330019001,277,es,0.0001,1e-06
530330019001,279,es,0.2089,0.002302
530330019001,288,es,2.0168,0.022223
530330019001,292,es,20.3529,0.224273
530330019001,935,es,0.3296,0.003632
530330019001,971,es,2.5062,0.027616
530330019001,977,es,1.0618,0.0117
530330019002,201,es,0.0762,0.001042
530330019002,204,es,32.5138,0.444571
530330019002,208,es,0.1074,0.001469
530330019002,210,es,0.6251,0.008548
530330019002,212,es,0.2771,0.003789
530330019002,218,es,0.0496,0.000679
530330019002,226,es,0.7449,0.010185
530330019002,229,es,0.0696,0.000952
530330019002,230,es,1.0509,0.01437
530330019002,241,es,1.6556,0.022637
530330019002,243,es,0.0175,0.00024
530330019002,244,es,0.1475,0.002017
530330019002,245,es,0.1111,0.001518
530330019002,246,es,0.1407,0.001924
530330019002,247,es,2.3866,0.032633
530330019002,257,es,0.5046,0.0069
530330019002,259,es,0.17,0.002324
530330019002,261,es,0.4968,0.006792
530330019002,262,es,18.1038,0.247539
530330019002,266,es,0.2974,0.004066
530330019002,268,es,1.167,0.015957
530330019002,269,es,0.1008,0.001379
530330019002,279,es,0.0756,0.001034
530330019002,282,es,0.1503,0.002055
530330019002,288,es,0.7319,0.010007
530330019002,292,es,7.5994,0.10391
530330019002,935,es,0.1869,0.002556
530330019002,949,es,0.2268,0.003101
530330019002,971,es,2.8447,0.038897
530330019002,974,es,0.0481,0.000657
530330019002,977,es,0.4574,0.006254
530330019003,204,es,0.0388,0.003085
530330019003,208,es,0.041,0.003264
530330019003,210,es,0.2387,0.018993
530330019003,229,es,0.0266,0.002115
530330019003,241,es,0.2254,0.017933
530330019003,243,es,0.0067,0.000533
530330019003,245,es,0.0424,0.003374
530330019003,246,es,0.0537,0.004276
530330019003,247,es,0.4282,0.034074
530330019003,257,es,0.1927,0.015331
530330019003,261,es,0.1479,0.011772
530330019003,262,es,6.8615,0.546004
530330019003,266,es,0.1135,0.009035
530330019003,268,es,0.4456,0.035456
530330019003,269,es,0.0385,0.003064
530330019003,279,es,0.0289,0.002297
530330019003,288,es,0.2794,0.022235
530330019003,292,es,2.8178,0.224225
530330019003,935,es,0.0456,0.003631
530330019003,971,es,0.3469,0.027607
530330019003,977,es,0.147,0.011697
530330019004,201,es,0.1228,0.001126
530330019004,204,es,1.8312,0.016788
530330019004,208,es,0.7416,0.006799
530330019004,210,es,1.1925,0.010933
530330019004,212,es,0.0002,2e-06
530330019004,226,es,0.0005,5e-06
530330019004,229,es,0.3542,0.003247
530330019004,230,es,1.6934,0.015525
530330019004,241,es,2.36,0.021637
530330019004,242,es,0.1086,0.000996
530330019004,243,es,0.0255,0.000234
530330019004,244,es,0.0001,1e-06
530330019004,245,es,0.1614,0.00148
530330019004,246,es,1.2272,0.011251
530330019004,247,es,3.1891,0.029238
530330019004,257,es,1.1918,0.010927
530330019004,259,es,4.9272,0.045173
530330019004,261,es,0.7393,0.006778
530330019004,262,es,26.227,0.24045
530330019004,266,es,0.4322,0.003963
530330019004,268,es,1.8078,0.016574
530330019004,269,es,0.1466,0.001344
530330019004,276,es,41.6435,0.381789
530330019004,279,es,0.1099,0.001008
530330019004,282,es,0.9685,0.008879
530330019004,288,es,1.0637,0.009752
530330019004,292,es,11.315,0.103737
530330019004,935,es,0.3908,0.003583
530330019004,949,es,0.3655,0.003351
530330019004,955,es,0.9467,0.008679
530330019004,971,es,2.8812,0.026415
530330019004,977,es,0.9094,0.008337
530330020001,204,es,0.319,0.004457
530330020001,209,es,0.0016,2.2e-05
530330020001,210,es,4.1744,0.058326
530330020001,226,es,2.0748,0.02899
530330020001,241,es,0.3732,0.005214
530330020001,242,es,0.0023,3.2e-05
530330020001,247,es,2.4874,0.034754
530330020001,257,es,0.0005,7e-06
530330020001,261,es,2.1305,0.029768
530330020001,262,es,2.0241,0.028281
530330020001,266,es,0.0006,8e-06
530330020001,268,es,29.7207,0.415264
530330020001,277,es,0.1824,0.002548
530330020001,279,es,0.8893,0.012426
530330020001,287,es,0.0177,0.000247
530330020001,292,es,22.3818,0.312723
530330020001,935,es,0.3755,0.005246
530330020001,971,es,3.173,0.044334
530330020001,977,es,1.2419,0.017353
530330020002,204,es,0.047,0.003897
530330020002,208,es,0.0163,0.001353
530330020002,210,es,0.5085,0.042133
530330020002,226,es,0.2055,0.017031
530330020002,229,es,0.0106,0.000877
530330020002,241,es,0.1265,0.010478
530330020002,243,es,0.0027,0.000221
530330020002,245,es,0.0169,0.001399
530330020002,246,es,0.0214,0.001772
530330020002,247,es,0.4169,0.034542
530330020002,257,es,0.0767,0.006355
530330020002,261,es,0.2699,0.022368
530330020002,262,es,2.9318,0.242939
530330020002,266,es,0.0452,0.003745
530330020002,268,es,3.1214,0.258647
530330020002,269,es,0.0153,0.00127
530330020002,277,es,0.018,0.001493
530330020002,279,es,0.0821,0.006803
530330020002,288,es,0.1112,0.009217
530330020002,292,es,3.3382,0.276609
530330020002,935,es,0.0554,0.004587
530330020002,971,es,0.4524,0.037483
530330020002,977,es,0.1783,0.014779
530330020003,204,es,0.2411,0.004141
530330020003,208,es,0.0458,0.000786
530330020003,210,es,2.8511,0.048974
530330020003,226,es,1.2849,0.022071
530330020003,229,es,0.0392,0.000674
530330020003,241,es,0.4848,0.008328
530330020003,243,es,0.0075,0.000128
530330020003,245,es,0.0474,0.000814
530330020003,246,es,0.06,0.00103
530330020003,247,es,2.0248,0.03478
530330020003,257,es,0.215,0.003693
530330020003,261,es,1.4846,0.0255
530330020003,262,es,8.9094,0.153037
530330020003,266,es,0.1267,0.002177
530330020003,268,es,18.9017,0.324677
530330020003,269,es,0.043,0.000739
530330020003,277,es,0.1127,0.001936
530330020003,279,es,0.4737,0.008137
530330020003,288,es,0.3118,0.005356
530330020003,291,es,0.0002,3e-06
530330020003,292,es,17.0009,0.292027
530330020003,930,es,0.0004,7e-06
530330020003,935,es,0.2836,0.004871
530330020003,971,es,2.3526,0.040411
530330020003,972,es,0.0002,4e-06
530330020003,977,es,0.9136,0.015694
530330021001,209,es,0.2356,0.006476
530330021001,210,es,0.0901,0.002477
530330021001,241,es,0.3393,0.009325
530330021001,242,es,0.3426,0.009416
530330021001,247,es,0.0005,1.3e-05
530330021001,257,es,0.0725,0.001991
530330021001,261,es,0.0002,6e-06
530330021001,262,es,0.1342,0.003689
530330021001,266,es,0.0856,0.002352
530330021001,268,es,0.2112,0.005805
530330021001,269,es,0.0014,4e-05
530330021001,277,es,0.1037,0.002849
530330021001,279,es,26.1771,0.719525
530330021001,287,es,2.6288,0.072257
530330021001,292,es,1.0399,0.028584
530330021001,935,es,0.0003,8e-06
530330021001,971,es,0.1157,0.003181
530330021001,977,es,4.8024,0.132003
530330021002,209,es,0.3515,0.006474
530330021002,210,es,0.1346,0.002479
530330021002,226,es,0.0003,6e-06
530330021002,241,es,0.5058,0.009316
530330021002,242,es,0.5121,0.009433
530330021002,247,es,0.0004,7e-06
530330021002,257,es,0.1081,0.001991
530330021002,261,es,0.0003,6e-06
530330021002,262,es,0.201,0.003701
530330021002,266,es,0.1274,0.002346
530330021002,268,es,0.3205,0.005904
530330021002,277,es,0.0993,0.001828
530330021002,279,es,39.1334,0.720789
530330021002,287,es,3.9197,0.072195
530330021002,292,es,1.5567,0.028673
530330021002,971,es,0.1735,0.003196
530330021002,977,es,7.1477,0.131651
530330021003,209,es,0.1615,0.006475
530330021003,210,es,0.0616,0.002469
530330021003,241,es,0.2324,0.009319
530330021003,242,es,0.2352,0.009431
530330021003,257,es,0.0497,0.001991
530330021003,262,es,0.0921,0.003695
530330021003,266,es,0.0586,0.002348
530330021003,268,es,0.145,0.005815
530330021003,269,es,0.0002,8e-06
530330021003,277,es,0.0505,0.002026
530330021003,279,es,17.9737,0.720666
530330021003,287,es,1.8012,0.072219
530330021003,292,es,0.7135,0.028607
530330021003,971,es,0.0795,0.003186
530330021003,977,es,3.2856,0.131739
530330022001,204,es,0.3171,0.002204
530330022001,208,es,0.1677,0.001166
530330022001,209,es,0.0506,0.000352
530330022001,210,es,28.6091,0.198871
530330022001,241,es,2.6827,0.018648
530330022001,242,es,0.3733,0.002595
530330022001,247,es,1.079,0.0075
530330022001,257,es,1.1975,0.008324
530330022001,261,es,9.0994,0.063253
530330022001,262,es,1.6453,0.011437
530330022001,266,es,53.8983,0.374664
530330022001,268,es,1.7263,0.012
530330022001,269,es,0.4643,0.003228
530330022001,272,es,0.0099,6.8e-05
530330022001,273,es,3.7448,0.026031
530330022001,277,es,4.5977,0.03196
530330022001,279,es,2.0759,0.01443
530330022001,286,es,1.9279,0.013402
530330022001,287,es,1.0785,0.007497
530330022001,291,es,2.9742,0.020675
530330022001,292,es,9.8162,0.068235
530330022001,935,es,0.7759,0.005394
530330022001,949,es,0.2093,0.001455
530330022001,971,es,3.4683,0.024109
530330022001,977,es,11.8686,0.082502
530330022002,204,es,0.0374,0.000302
530330022002,208,es,0.0198,0.00016
530330022002,209,es,0.7125,0.005742
530330022002,210,es,4.1862,0.033736
530330022002,241,es,1.7399,0.014022
530330022002,242,es,0.0442,0.000356
530330022002,247,es,0.809,0.00652
530330022002,257,es,0.3587,0.002891
530330022002,261,es,1.4083,0.011349
530330022002,262,es,0.1944,0.001566
530330022002,266,es,6.8776,0.055426
530330022002,268,es,0.2039,0.001644
530330022002,269,es,2.1387,0.017236
530330022002,272,es,0.1386,0.001117
530330022002,273,es,0.4423,0.003564
530330022002,277,es,54.5843,0.439893
530330022002,279,es,2.857,0.023024
530330022002,286,es,0.2277,0.001835
530330022002,287,es,10.3113,0.083099
530330022002,291,es,0.3513,0.002831
530330022002,292,es,2.7203,0.021923
530330022002,935,es,0.5032,0.004055
530330022002,949,es,0.0247,0.000199
530330022002,971,es,0.4096,0.003301
530330022002,977,es,32.7845,0.264209
530330022003,209,es,0.1558,0.006596
530330022003,210,es,0.1786,0.007562
530330022003,241,es,0.3139,0.013289
530330022003,247,es,0.1503,0.006365
530330022003,257,es,0.0479,0.002029
530330022003,261,es,0.0737,0.003123
530330022003,266,es,0.114,0.004825
530330022003,269,es,0.4595,0.019458
530330022003,272,es,0.0303,0.001283
530330022003,277,es,11.9172,0.504602
530330022003,279,es,0.5743,0.024318
530330022003,287,es,2.2456,0.095084
530330022003,292,es,0.3444,0.014581
530330022003,935,es,0.0908,0.003844
530330022003,977,es,6.9204,0.293026
530330022004,204,es,0.0003,5e-06
530330022004,209,es,0.3633,0.006599
530330022004,210,es,0.4151,0.007541
530330022004,220,es,0.0005,1e-05
530330022004,229,es,0.0002,3e-06
530330022004,241,es,0.7312,0.013283
530330022004,242,es,0.0007,1.3e-05
530330022004,247,es,0.3502,0.006362
530330022004,257,es,0.1117,0.002029
530330022004,261,es,0.1715,0.003116
530330022004,266,es,0.2632,0.004781
530330022004,269,es,1.0876,0.019759
530330022004,272,es,0.0706,0.001282
530330022004,277,es,27.765,0.504421
530330022004,279,es,1.3379,0.024307
530330022004,286,es,0.0025,4.6e-05
530330022004,287,es,5.2331,0.095072
530330022004,292,es,0.8021,0.014572
530330022004,935,es,0.2115,0.003843
530330022004,977,es,16.1251,0.292953
530330024001,209,es,0.5565,0.006558
530330024001,210,es,0.5034,0.005932
530330024001,241,es,1.0208,0.01203
530330024001,242,es,0.2538,0.00299
530330024001,247,es,0.369,0.004348
530330024001,257,es,0.1711,0.002017
530330024001,261,es,0.1806,0.002128
530330024001,262,es,0.0994,0.001171
530330024001,266,es,0.3403,0.00401
530330024001,268,es,0.1565,0.001844
530330024001,269,es,1.128,0.013292
530330024001,272,es,0.0744,0.000876
530330024001,277,es,29.301,0.345293
530330024001,279,es,20.7992,0.245104
530330024001,287,es,7.4541,0.087842
530330024001,292,es,1.6143,0.019024
530330024001,935,es,0.2228,0.002625
530330024001,971,es,0.0857,0.00101
530330024001,977,es,20.5277,0.241905
530330024002,204,es,0.0003,4e-06
530330024002,209,es,0.4843,0.00681
530330024002,210,es,0.4074,0.005729
530330024002,229,es,0.0001,2e-06
530330024002,241,es,0.8446,0.011877
530330024002,242,es,0.2395,0.003367
530330024002,247,es,0.2915,0.0041
530330024002,257,es,0.1433,0.002015
530330024002,261,es,0.1425,0.002004
530330024002,262,es,0.0936,0.001317
530330024002,266,es,0.2782,0.003913
530330024002,268,es,0.1475,0.002074
530330024002,269,es,0.8911,0.012531
530330024002,272,es,0.0587,0.000825
530330024002,277,es,23.1353,0.325334
530330024002,279,es,19.3777,0.272493
530330024002,287,es,6.1832,0.08695
530330024002,292,es,1.3918,0.019572
530330024002,935,es,0.1759,0.002474
530330024002,971,es,0.0808,0.001136
530330024002,977,es,16.7449,0.235471
530330025001,201,es,0.0001,1e-06
530330025001,204,es,0.0005,6e-06
530330025001,209,es,0.6227,0.006813
530330025001,210,es,0.2254,0.002466
530330025001,229,es,0.0002,3e-06
530330025001,241,es,0.8523,0.009324
530330025001,242,es,0.8628,0.009438
530330025001,247,es,0.0006,6e-06
530330025001,257,es,0.1819,0.00199
530330025001,262,es,0.3377,0.003694
530330025001,266,es,0.2144,0.002346
530330025001,268,es,0.5317,0.005817
530330025001,269,es,0.0014,1.5e-05
530330025001,277,es,0.167,0.001827
530330025001,279,es,65.871,0.720596
530330025001,287,es,6.6029,0.072232
530330025001,292,es,2.6145,0.028602
530330025001,935,es,0.0001,1e-06
530330025001,971,es,0.2913,0.003187
530330025001,977,es,12.0332,0.131637
530330025002,201,es,0.2176,0.001497
530330025002,204,es,0.9812,0.006749
530330025002,208,es,0.173,0.00119
530330025002,209,es,60.122,0.413541
530330025002,210,es,0.15,0.001032
530330025002,229,es,0.4486,0.003085
530330025002,241,es,2.4679,0.016975
530330025002,242,es,1.9214,0.013216
530330025002,247,es,1.0625,0.007308
530330025002,257,es,0.1211,0.000833
530330025002,262,es,0.2247,0.001546
530330025002,266,es,0.1427,0.000982
530330025002,268,es,0.7494,0.005155
530330025002,269,es,2.5987,0.017875
530330025002,277,es,0.1111,0.000764
530330025002,279,es,44.5647,0.306532
530330025002,287,es,14.2743,0.098184
530330025002,292,es,2.1568,0.014835
530330025002,935,es,0.1925,0.001324
530330025002,971,es,0.3564,0.002451
530330025002,977,es,12.3467,0.084925
530330026001,204,es,0.2393,0.003615
530330026001,208,es,0.014,0.000211
530330026001,209,es,0.2593,0.003916
530330026001,210,es,0.8245,0.012453
530330026001,218,es,0.0573,0.000865
530330026001,226,es,0.3527,0.005326
530330026001,229,es,6.2564,0.094489
530330026001,241,es,2.819,0.042575
530330026001,242,es,0.409,0.006176
530330026001,245,es,0.0578,0.000874
530330026001,247,es,4.7355,0.071519
530330026001,248,es,0.012,0.000181
530330026001,255,es,0.0082,0.000124
530330026001,257,es,0.0765,0.001155
530330026001,261,es,0.4126,0.006232
530330026001,262,es,0.5163,0.007798
530330026001,266,es,0.1095,0.001653
530330026001,268,es,5.307,0.080151
530330026001,269,es,0.0525,0.000793
530330026001,277,es,0.1162,0.001755
530330026001,279,es,27.86,0.420762
530330026001,281,es,0.031,0.000468
530330026001,282,es,0.0347,0.000524
530330026001,287,es,2.7724,0.041872
530330026001,291,es,0.124,0.001873
530330026001,292,es,5.2391,0.079124
530330026001,930,es,0.2705,0.004085
530330026001,935,es,0.1416,0.002139
530330026001,949,es,0.0524,0.000791
530330026001,971,es,1.3058,0.019722
530330026001,972,es,0.1561,0.002358
530330026001,974,es,0.0111,0.000168
530330026001,977,es,5.5787,0.084254
530330026002,201,es,0.0001,2e-06
530330026002,204,es,0.5417,0.006684
530330026002,208,es,0.041,0.000506
530330026002,209,es,0.2926,0.00361
530330026002,210,es,0.1461,0.001803
530330026002,218,es,0.1675,0.002067
530330026002,229,es,18.2896,0.225662
530330026002,241,es,7.339,0.090551
530330026002,242,es,0.4686,0.005782
530330026002,245,es,0.1691,0.002086
530330026002,247,es,12.608,0.155561
530330026002,248,es,0.0351,0.000433
530330026002,255,es,0.0241,0.000297
530330026002,257,es,0.0699,0.000863
530330026002,261,es,0.1475,0.00182
530330026002,262,es,0.2189,0.002701
530330026002,266,es,0.139,0.001715
530330026002,268,es,0.298,0.003677
530330026002,269,es,0.155,0.001913
530330026002,277,es,0.1083,0.001336
530330026002,279,es,25.4916,0.314523
530330026002,281,es,0.0905,0.001117
530330026002,282,es,0.1015,0.001252
530330026002,287,es,2.5416,0.031358
530330026002,291,es,0.3626,0.004473
530330026002,292,es,1.9909,0.024564
530330026002,930,es,0.7908,0.009757
530330026002,935,es,0.2276,0.002808
530330026002,949,es,0.1531,0.001889
530330026002,971,es,1.9953,0.024619
530330026002,972,es,0.4564,0.005631
530330026002,974,es,0.0324,0.0004
530330026002,977,es,5.555,0.068539
530330026003,201,es,0.027,0.001034
530330026003,204,es,0.3063,0.011716
530330026003,208,es,0.0354,0.001355
530330026003,209,es,7.4347,0.284354
530330026003,210,es,0.0203,0.000775
530330026003,218,es,0.0571,0.002183
530330026003,229,es,6.2872,0.240466
530330026003,241,es,2.625,0.100398
530330026003,242,es,0.214,0.008186
530330026003,245,es,0.0576,0.002204
530330026003,247,es,4.4276,0.169342
530330026003,248,es,0.012,0.000458
530330026003,255,es,0.0082,0.000314
530330026003,261,es,0.0503,0.001922
530330026003,262,es,0.0304,0.001162
530330026003,266,es,0.0193,0.000738
530330026003,268,es,0.0811,0.0031
530330026003,269,es,0.3753,0.014355
530330026003,277,es,0.015,0.000574
530330026003,279,es,0.1497,0.005725
530330026003,281,es,0.0308,0.00118
530330026003,282,es,0.0346,0.001322
530330026003,287,es,1.2285,0.046987
530330026003,291,es,0.1235,0.004725
530330026003,292,es,0.3877,0.014829
530330026003,930,es,0.2694,0.010305
530330026003,935,es,0.1014,0.003879
530330026003,949,es,0.0522,0.001995
530330026003,971,es,0.6619,0.025315
530330026003,972,es,0.1555,0.005947
530330026003,974,es,0.0111,0.000423
530330026003,977,es,0.8558,0.032732
530330026004,204,es,0.3362,0.010261
530330026004,208,es,0.0231,0.000705
530330026004,209,es,0.0176,0.000538
530330026004,210,es,0.435,0.013277
530330026004,218,es,0.0946,0.002886
530330026004,226,es,0.1996,0.00609
530330026004,229,es,10.3271,0.315163
530330026004,241,es,3.9943,0.121898
530330026004,242,es,0.0771,0.002353
530330026004,245,es,0.0955,0.002914
530330026004,247,es,7.358,0.224552
530330026004,248,es,0.0198,0.000605
530330026004,255,es,0.0136,0.000415
530330026004,261,es,0.2882,0.008796
530330026004,262,es,0.2449,0.007475
530330026004,266,es,0.032,0.000975
530330026004,268,es,2.9113,0.088847
530330026004,269,es,0.0867,0.002646
530330026004,277,es,0.0424,0.001294
530330026004,279,es,0.1661,0.005068
530330026004,281,es,0.0511,0.00156
530330026004,282,es,0.0573,0.001748
530330026004,291,es,0.2047,0.006248
530330026004,292,es,2.7087,0.082665
530330026004,930,es,0.4465,0.013627
530330026004,935,es,0.1646,0.005022
530330026004,949,es,0.0864,0.002638
530330026004,971,es,1.3685,0.041765
530330026004,972,es,0.2577,0.007864
530330026004,974,es,0.0183,0.000559
530330026004,977,es,0.6405,0.019547
530330027001,204,es,1.3691,0.009029
530330027001,208,es,0.2491,0.001643
530330027001,209,es,0.0704,0.000465
530330027001,210,es,1.0523,0.00694
530330027001,218,es,0.3777,0.002491
530330027001,226,es,0.0025,1.6e-05
530330027001,229,es,41.3478,0.272678
530330027001,241,es,16.6733,0.109956
530330027001,242,es,0.3079,0.002031
530330027001,243,es,0.0256,0.000169
530330027001,245,es,0.5436,0.003585
530330027001,246,es,0.2056,0.001356
530330027001,247,es,30.0733,0.198326
530330027001,248,es,0.0792,0.000522
530330027001,255,es,0.0543,0.000358
530330027001,257,es,0.7371,0.004861
530330027001,261,es,0.9012,0.005943
530330027001,262,es,26.4546,0.174461
530330027001,266,es,0.562,0.003706
530330027001,268,es,1.9509,0.012866
530330027001,269,es,0.4936,0.003255
530330027001,277,es,0.0996,0.000657
530330027001,279,es,0.5008,0.003303
530330027001,281,es,0.2042,0.001347
530330027001,282,es,0.2288,0.001509
530330027001,288,es,1.069,0.00705
530330027001,291,es,0.8176,0.005392
530330027001,292,es,13.0303,0.085931
530330027001,930,es,1.7833,0.011761
530330027001,935,es,0.688,0.004537
530330027001,949,es,0.3453,0.002277
530330027001,971,es,5.5783,0.036788
530330027001,972,es,1.0292,0.006787
530330027001,974,es,0.0732,0.000482
530330027001,977,es,2.6572,0.017524
530330027002,201,es,0.0291,0.001266
530330027002,204,es,12.4562,0.541629
530330027002,208,es,0.0117,0.000511
530330027002,209,es,0.0038,0.000164
530330027002,210,es,0.0468,0.002035
530330027002,212,es,0.1059,0.004604
530330027002,218,es,0.0392,0.001705
530330027002,226,es,0.2846,0.012375
530330027002,229,es,2.2143,0.096284
530330027002,230,es,0.4016,0.017461
530330027002,241,es,1.2916,0.05616
530330027002,242,es,0.0165,0.000717
530330027002,243,es,0.0011,4.8e-05
530330027002,244,es,0.0564,0.002451
530330027002,245,es,0.0275,0.001194
530330027002,246,es,0.0089,0.000388
530330027002,247,es,2.0778,0.090348
530330027002,248,es,0.0042,0.000185
530330027002,255,es,0.0029,0.000126
530330027002,257,es,0.032,0.001391
530330027002,259,es,0.0649,0.002824
530330027002,261,es,0.0841,0.003658
530330027002,262,es,1.2002,0.05219
530330027002,266,es,0.0257,0.001117
530330027002,268,es,0.0853,0.003708
530330027002,269,es,0.0249,0.001085
530330027002,277,es,0.0053,0.000232
530330027002,279,es,0.0257,0.001116
530330027002,281,es,0.0109,0.000476
530330027002,282,es,0.0697,0.00303
530330027002,288,es,0.0464,0.002017
530330027002,291,es,0.0438,0.001905
530330027002,292,es,0.6706,0.029158
530330027002,930,es,0.0955,0.004155
530330027002,935,es,0.0608,0.002644
530330027002,949,es,0.1052,0.004573
530330027002,971,es,1.0249,0.044565
530330027002,972,es,0.0551,0.002398
530330027002,974,es,0.0223,0.000969
530330027002,977,es,0.1642,0.007141
530330027003,201,es,0.0526,0.001895
530330027003,204,es,22.3822,0.80587
530330027003,212,es,0.1914,0.00689
530330027003,218,es,0.0343,0.001234
530330027003,226,es,0.5144,0.01852
530330027003,230,es,0.7257,0.02613
530330027003,241,es,0.7356,0.026487
530330027003,244,es,0.1019,0.003667
530330027003,247,es,0.8736,0.031453
530330027003,259,es,0.1174,0.004226
530330027003,261,es,0.0755,0.002717
530330027003,262,es,0.0912,0.003283
530330027003,282,es,0.1038,0.003737
530330027003,292,es,0.1513,0.005447
530330027003,935,es,0.0465,0.001676
530330027003,949,es,0.1566,0.005639
530330027003,971,es,1.3369,0.048136
530330027003,974,es,0.0332,0.001195
530330027003,977,es,0.05,0.0018
530330027004,201,es,0.209,0.001895
530330027004,204,es,88.8779,0.80587
530330027004,212,es,0.7599,0.00689
530330027004,218,es,0.1361,0.001234
530330027004,226,es,2.0425,0.01852
530330027004,230,es,2.8818,0.02613
530330027004,241,es,2.9211,0.026487
530330027004,244,es,0.4045,0.003667
530330027004,247,es,3.4689,0.031453
530330027004,259,es,0.466,0.004226
530330027004,261,es,0.2996,0.002717
530330027004,262,es,0.3621,0.003283
530330027004,282,es,0.4122,0.003737
530330027004,292,es,0.6007,0.005447
530330027004,935,es,0.1848,0.001676
530330027004,949,es,0.6219,0.005639
530330027004,971,es,5.3088,0.048136
530330027004,974,es,0.1318,0.001195
530330027004,977,es,0.1985,0.0018
530330028001,201,es,0.0897,0.001461
530330028001,204,es,13.7881,0.22461
530330028001,208,es,0.0463,0.000754
530330028001,212,es,0.1145,0.001866
530330028001,218,es,0.0584,0.000952
530330028001,226,es,0.3078,0.005014
530330028001,229,es,0.06,0.000977
530330028001,230,es,42.7134,0.695805
530330028001,241,es,0.542,0.008828
530330028001,244,es,0.061,0.000993
530330028001,246,es,0.1213,0.001975
530330028001,247,es,0.6933,0.011294
530330028001,257,es,0.0272,0.000443
530330028001,259,es,0.2001,0.003259
530330028001,261,es,0.0452,0.000736
530330028001,262,es,0.0546,0.000889
530330028001,268,es,0.0265,0.000431
530330028001,282,es,0.1195,0.001947
530330028001,291,es,0.2051,0.003342
530330028001,292,es,0.1184,0.001929
530330028001,935,es,0.0536,0.000873
530330028001,949,es,0.2959,0.004819
530330028001,955,es,0.0561,0.000914
530330028001,971,es,1.5395,0.025079
530330028001,974,es,0.0199,0.000324
530330028001,977,es,0.0299,0.000487
530330028002,201,es,0.0453,0.001454
530330028002,204,es,6.6891,0.214499
530330028002,208,es,0.0239,0.000767
530330028002,212,es,0.0555,0.001778
530330028002,218,es,0.0295,0.000947
530330028002,226,es,0.149,0.004779
530330028002,229,es,0.031,0.000994
530330028002,230,es,22.0618,0.707453
530330028002,241,es,0.2657,0.008521
530330028002,244,es,0.0295,0.000946
530330028002,246,es,0.0627,0.00201
530330028002,247,es,0.3413,0.010943
530330028002,257,es,0.014,0.00045
530330028002,259,es,0.1011,0.003242
530330028002,261,es,0.0219,0.000701
530330028002,262,es,0.0264,0.000847
530330028002,268,es,0.0137,0.000439
530330028002,282,es,0.0597,0.001916
530330028002,291,es,0.106,0.0034
530330028002,292,es,0.0583,0.001868
530330028002,935,es,0.0268,0.000859
530330028002,949,es,0.1498,0.004805
530330028002,955,es,0.029,0.00093
530330028002,971,es,0.7696,0.024677
530330028002,974,es,0.0096,0.000308
530330028002,977,es,0.0145,0.000464
530330028003,201,es,0.082,0.001464
530330028003,204,es,12.9169,0.230533
530330028003,208,es,0.0417,0.000745
530330028003,209,es,0.0002,3e-06
530330028003,211,es,0.0001,2e-06
530330028003,212,es,0.1074,0.001917
530330028003,218,es,0.0534,0.000954
530330028003,226,es,0.2886,0.005152
530330028003,229,es,0.0541,0.000966
530330028003,230,es,38.5442,0.687913
530330028003,241,es,0.5055,0.009023
530330028003,244,es,0.0572,0.00102
530330028003,246,es,0.1105,0.001973
530330028003,247,es,0.6481,0.011567
530330028003,255,es,0.0003,5e-06
530330028003,257,es,0.0245,0.000437
530330028003,259,es,0.183,0.003265
530330028003,261,es,0.0423,0.000756
530330028003,262,es,0.0512,0.000913
530330028003,268,es,0.0239,0.000426
530330028003,281,es,0.0405,0.000723
530330028003,282,es,0.1109,0.001978
530330028003,291,es,0.1851,0.003303
530330028003,292,es,0.1101,0.001964
530330028003,935,es,0.0496,0.000885
530330028003,949,es,0.278,0.004961
530330028003,955,es,0.0512,0.000913
530330028003,971,es,1.4235,0.025405
530330028003,974,es,0.0186,0.000332
530330028003,977,es,0.028,0.000501
530330028004,201,es,0.0299,0.001461
530330028004,204,es,4.5771,0.223738
530330028004,208,es,0.0154,0.000755
530330028004,212,es,0.038,0.001858
530330028004,218,es,0.0195,0.000951
530330028004,226,es,0.1022,0.004994
530330028004,229,es,0.02,0.000979
530330028004,230,es,14.2548,0.696808
530330028004,241,es,0.1801,0.008802
530330028004,244,es,0.0202,0.000989
530330028004,246,es,0.0405,0.001978
530330028004,247,es,0.2304,0.011264
530330028004,257,es,0.0091,0.000443
530330028004,259,es,0.0666,0.003257
530330028004,261,es,0.015,0.000733
530330028004,262,es,0.0181,0.000885
530330028004,268,es,0.0088,0.000432
530330028004,282,es,0.0398,0.001944
530330028004,291,es,0.0685,0.003347
530330028004,292,es,0.0394,0.001924
530330028004,935,es,0.0178,0.000872
530330028004,949,es,0.0986,0.004818
530330028004,955,es,0.0187,0.000916
530330028004,971,es,0.5123,0.025044
530330028004,974,es,0.0066,0.000322
530330028004,977,es,0.0099,0.000485
530330029001,201,es,0.0635,0.00175
530330029001,204,es,0.2971,0.008191
530330029001,208,es,0.0349,0.000963
530330029001,218,es,0.0329,0.000906
530330029001,229,es,0.0453,0.001248
530330029001,230,es,31.9706,0.881298
530330029001,234,es,0.0034,9.5e-05
530330029001,241,es,0.128,0.003528
530330029001,246,es,0.0915,0.002523
530330029001,247,es,0.1605,0.004425
530330029001,257,es,0.0205,0.000565
530330029001,259,es,0.098,0.002701
530330029001,268,es,0.02,0.000551
530330029001,281,es,0.0172,0.000474
530330029001,282,es,2.0415,0.056274
530330029001,291,es,0.1548,0.004268
530330029001,292,es,0.0273,0.000752
530330029001,935,es,0.031,0.000853
530330029001,949,es,0.3465,0.00955
530330029001,955,es,0.0612,0.001687
530330029001,971,es,0.6311,0.017397
530330029002,201,es,0.0469,0.0013
530330029002,204,es,0.3173,0.008797
530330029002,208,es,0.0373,0.001034
530330029002,218,es,0.0305,0.000847
530330029002,229,es,0.0483,0.00134
530330029002,230,es,34.0596,0.944206
530330029002,241,es,0.0821,0.002276
530330029002,246,es,0.0978,0.002711
530330029002,247,es,0.1378,0.003821
530330029002,257,es,0.0219,0.000607
530330029002,259,es,0.1046,0.002899
530330029002,268,es,0.0213,0.000591
530330029002,281,es,0.0042,0.000116
530330029002,282,es,0.0484,0.001343
530330029002,291,es,0.1653,0.004582
530330029002,292,es,0.0225,0.000623
530330029002,935,es,0.0208,0.000576
530330029002,949,es,0.1638,0.004542
530330029002,955,es,0.0453,0.001255
530330029002,971,es,0.5964,0.016533
530330029003,201,es,0.1715,0.00286
530330029003,204,es,0.4018,0.006701
530330029003,208,es,0.0472,0.000788
530330029003,218,es,0.063,0.001051
530330029003,229,es,0.0612,0.001021
530330029003,230,es,43.4986,0.725377
530330029003,234,es,0.0197,0.000329
530330029003,241,es,0.3976,0.00663
530330029003,246,es,0.1238,0.002064
530330029003,247,es,0.3565,0.005944
530330029003,257,es,0.0277,0.000463
530330029003,259,es,0.1325,0.00221
530330029003,268,es,0.027,0.00045
530330029003,281,es,0.0986,0.001645
530330029003,282,es,11.5169,0.192055
530330029003,291,es,0.2094,0.003492
530330029003,292,es,0.0643,0.001072
530330029003,935,es,0.0924,0.00154
530330029003,949,es,1.3182,0.021983
530330029003,955,es,0.1653,0.002757
530330029003,971,es,1.1735,0.019569
530330030001,201,es,0.8338,0.007852
530330030001,218,es,0.181,0.001705
530330030001,230,es,2.5555,0.024064
530330030001,234,es,0.1467,0.001381
530330030001,241,es,2.1856,0.020582
530330030001,247,es,1.3571,0.01278
530330030001,281,es,0.7339,0.006911
530330030001,282,es,85.2501,0.802778
530330030001,292,es,0.2664,0.002508
530330030001,935,es,0.4917,0.00463
530330030001,949,es,8.2727,0.077902
530330030001,955,es,0.8039,0.007571
530330030001,971,es,3.1154,0.029337
530330030002,201,es,0.7795,0.00606
530330030002,208,es,0.1152,0.000895
530330030002,210,es,0.0838,0.000651
530330030002,218,es,0.0749,0.000582
530330030002,230,es,1.0571,0.008218
530330030002,234,es,0.0607,0.000472
530330030002,241,es,1.4105,0.010964
530330030002,246,es,73.6386,0.572443
530330030002,247,es,1.5517,0.012063
530330030002,259,es,0.3231,0.002512
530330030002,276,es,0.2858,0.002222
530330030002,281,es,0.3674,0.002856
530330030002,282,es,36.1934,0.281356
530330030002,292,es,0.1796,0.001396
530330030002,935,es,0.2675,0.002079
530330030002,949,es,7.7342,0.060123
530330030002,955,es,1.1707,0.0091
530330030002,971,es,3.3456,0.026008
530330030003,201,es,0.5705,0.007852
530330030003,218,es,0.1238,0.001705
530330030003,230,es,1.7484,0.024064
530330030003,234,es,0.1003,0.001381
530330030003,241,es,1.4954,0.020582
530330030003,247,es,0.9285,0.01278
530330030003,281,es,0.5021,0.006911
530330030003,282,es,58.3255,0.802778
530330030003,292,es,0.1822,0.002508
530330030003,935,es,0.3364,0.00463
530330030003,949,es,5.6599,0.077902
530330030003,955,es,0.55,0.007571
530330030003,971,es,2.1315,0.029337
530330030004,201,es,0.438,0.00545
530330030004,204,es,0.0004,6e-06
530330030004,208,es,0.1091,0.001357
530330030004,210,es,0.0793,0.000987
530330030004,211,es,0.0002,2e-06
530330030004,215,es,0.0004,5e-06
530330030004,218,es,0.0002,2e-06
530330030004,230,es,0.0027,3.3e-05
530330030004,234,es,0.0002,2e-06
530330030004,241,es,0.4828,0.006007
530330030004,246,es,69.7272,0.867613
530330030004,247,es,0.9396,0.011692
530330030004,259,es,0.3064,0.003812
530330030004,276,es,0.2706,0.003367
530330030004,281,es,0.0612,0.000762
530330030004,282,es,0.9691,0.012059
530330030004,292,es,0.066,0.000821
530330030004,935,es,0.0612,0.000761
530330030004,949,es,4.1029,0.051052
530330030004,955,es,0.796,0.009905
530330030004,971,es,1.9532,0.024303
530330031001,201,es,0.2581,0.005131
530330031001,208,es,0.0684,0.00136
530330031001,210,es,0.0498,0.000989
530330031001,241,es,0.3007,0.005977
530330031001,246,es,43.7266,0.869294
530330031001,247,es,0.5881,0.011691
530330031001,259,es,0.1919,0.003814
530330031001,276,es,0.1697,0.003374
530330031001,281,es,0.0379,0.000753
530330031001,282,es,0.5515,0.010963
530330031001,292,es,0.0412,0.000819
530330031001,935,es,0.038,0.000756
530330031001,949,es,2.5605,0.050903
530330031001,955,es,0.4977,0.009894
530330031001,971,es,1.2214,0.024282
530330031002,201,es,0.2244,0.005131
530330031002,208,es,0.0595,0.00136
530330031002,210,es,0.0433,0.000989
530330031002,241,es,0.2614,0.005977
530330031002,246,es,38.0128,0.869294
530330031002,247,es,0.5112,0.011691
530330031002,259,es,0.1668,0.003814
530330031002,276,es,0.1475,0.003374
530330031002,281,es,0.0329,0.000753
530330031002,282,es,0.4794,0.010963
530330031002,292,es,0.0358,0.000819
530330031002,935,es,0.0331,0.000756
530330031002,949,es,2.2259,0.050903
530330031002,955,es,0.4326,0.009894
530330031002,971,es,1.0618,0.024282
530330031003,201,es,0.1221,0.005608
530330031003,204,es,0.0002,8e-06
530330031003,208,es,0.0296,0.001359
530330031003,210,es,0.0215,0.000988
530330031003,215,es,0.0002,8e-06
530330031003,241,es,0.1305,0.005991
530330031003,246,es,18.9172,0.868577
530330031003,247,es,0.2546,0.01169
530330031003,259,es,0.0832,0.003819
530330031003,276,es,0.0734,0.003371
530330031003,281,es,0.0164,0.000754
530330031003,282,es,0.2387,0.010958
530330031003,292,es,0.0178,0.000819
530330031003,935,es,0.0165,0.000756
530330031003,949,es,1.1123,0.051071
530330031003,955,es,0.216,0.009916
530330031003,971,es,0.5293,0.024304
530330031004,201,es,8.0222,0.110426
530330031004,204,es,0.1339,0.001843
530330031004,208,es,0.0801,0.001103
530330031004,210,es,0.0583,0.000802
530330031004,211,es,0.0543,0.000748
530330031004,215,es,0.1311,0.001805
530330031004,241,es,0.6636,0.009134
530330031004,243,es,0.0077,0.000106
530330031004,246,es,51.6624,0.711136
530330031004,247,es,0.8339,0.011479
530330031004,259,es,0.3572,0.004917
530330031004,276,es,0.1988,0.002737
530330031004,281,es,0.0705,0.00097
530330031004,282,es,0.7047,0.0097
530330031004,292,es,0.0483,0.000665
530330031004,935,es,0.0446,0.000614
530330031004,949,es,6.3876,0.087925
530330031004,955,es,1.0697,0.014725
530330031004,971,es,2.1188,0.029165
530330031005,201,es,0.9222,0.013758
530330031005,204,es,0.0101,0.000151
530330031005,208,es,0.0894,0.001334
530330031005,210,es,0.065,0.00097
530330031005,211,es,0.0041,6.1e-05
530330031005,215,es,0.0099,0.000148
530330031005,220,es,0.0018,2.8e-05
530330031005,229,es,0.0003,5e-06
530330031005,230,es,0.0059,8.8e-05
530330031005,241,es,0.4174,0.006227
530330031005,243,es,0.0006,9e-06
530330031005,246,es,57.1951,0.853272
530330031005,247,es,0.7828,0.011678
530330031005,259,es,0.4722,0.007044
530330031005,276,es,0.2227,0.003322
530330031005,281,es,0.0515,0.000768
530330031005,282,es,0.7253,0.01082
530330031005,289,es,0.0001,2e-06
530330031005,292,es,0.0539,0.000804
530330031005,935,es,0.0497,0.000742
530330031005,949,es,3.6069,0.05381
530330031005,955,es,0.688,0.010264
530330031005,971,es,1.6551,0.024691
530330031005,974,es,0.0002,3e-06
530330032011,201,es,1.5879,0.550701
530330032011,204,es,0.0283,0.009816
530330032011,211,es,0.0114,0.003955
530330032011,215,es,0.027,0.00935
530330032011,234,es,0.0011,0.000378
530330032011,241,es,0.0672,0.023296
530330032011,243,es,0.0415,0.014388
530330032011,246,es,0.089,0.030877
530330032011,247,es,0.0298,0.010339
530330032011,250,es,0.0033,0.001136
530330032011,259,es,0.0272,0.009445
530330032011,281,es,0.0056,0.001942
530330032011,282,es,0.012,0.004177
530330032011,289,es,0.0016,0.00055
530330032011,949,es,0.6971,0.241766
530330032011,955,es,0.1016,0.035224
530330032011,971,es,0.1518,0.052661
530330032012,201,es,11.532,0.472822
530330032012,204,es,0.2011,0.008247
530330032012,208,es,0.0052,0.000213
530330032012,210,es,0.0038,0.000155
530330032012,211,es,0.0815,0.00334
530330032012,215,es,0.1955,0.008016
530330032012,234,es,0.0021,8.6e-05
530330032012,241,es,0.4931,0.020219
530330032012,243,es,0.0887,0.003638
530330032012,246,es,3.9625,0.162466
530330032012,247,es,0.2608,0.010693
530330032012,250,es,0.0063,0.00026
530330032012,259,es,0.212,0.008694
530330032012,276,es,0.0129,0.000528
530330032012,281,es,0.0423,0.001734
530330032012,282,es,0.1292,0.005296
530330032012,289,es,0.0031,0.000126
530330032012,292,es,0.0031,0.000128
530330032012,935,es,0.0029,0.000118
530330032012,949,es,5.2468,0.215125
530330032012,955,es,0.7663,0.031421
530330032012,971,es,1.1384,0.046677
530330032013,201,es,3.0051,0.562855
530330032013,204,es,0.0521,0.009761
530330032013,211,es,0.0211,0.00396
530330032013,215,es,0.051,0.00956
530330032013,241,es,0.1212,0.022698
530330032013,243,es,0.003,0.000562
530330032013,246,es,0.1685,0.031568
530330032013,247,es,0.0564,0.01057
530330032013,259,es,0.0516,0.009656
530330032013,281,es,0.0102,0.001905
530330032013,282,es,0.0228,0.00427
530330032013,949,es,1.3188,0.247001
530330032013,955,es,0.1895,0.035484
530330032013,971,es,0.2677,0.050149
530330032021,201,es,3.6557,0.562841
530330032021,204,es,0.0634,0.009761
530330032021,211,es,0.0257,0.00396
530330032021,215,es,0.0621,0.00956
530330032021,241,es,0.1474,0.022698
530330032021,243,es,0.0036,0.000562
530330032021,246,es,0.2052,0.03159
530330032021,247,es,0.0687,0.01057
530330032021,259,es,0.0627,0.009656
530330032021,281,es,0.0124,0.001905
530330032021,282,es,0.0277,0.00427
530330032021,949,es,1.6043,0.246996
530330032021,955,es,0.2305,0.035483
530330032021,971,es,0.3257,0.050148
530330032022,201,es,88.9296,0.562855
530330032022,204,es,1.5423,0.009761
530330032022,211,es,0.6257,0.00396
530330032022,215,es,1.5104,0.00956
530330032022,241,es,3.5863,0.022698
530330032022,243,es,0.0888,0.000562
530330032022,246,es,4.9877,0.031568
530330032022,247,es,1.6701,0.01057
530330032022,259,es,1.5257,0.009656
530330032022,281,es,0.3011,0.001905
530330032022,282,es,0.6747,0.00427
530330032022,949,es,39.0255,0.247001
530330032022,955,es,5.6063,0.035484
530330032022,971,es,7.9234,0.050149
530330032023,201,es,72.136,0.562855
530330032023,204,es,1.251,0.009761
530330032023,211,es,0.5076,0.00396
530330032023,215,es,1.2252,0.00956
530330032023,241,es,2.909,0.022698
530330032023,243,es,0.072,0.000562
530330032023,246,es,4.0458,0.031568
530330032023,247,es,1.3547,0.01057
530330032023,259,es,1.2376,0.009656
530330032023,281,es,0.2442,0.001905
530330032023,282,es,0.5473,0.00427
530330032023,949,es,31.6559,0.247001
530330032023,955,es,4.5476,0.035484
530330032023,971,es,6.4271,0.050149
530330033011,201,es,15.4203,0.561067
530330033011,204,es,0.2684,0.009765
530330033011,211,es,0.1086,0.00395
530330033011,215,es,0.2619,0.009529
530330033011,230,es,0.0012,4.5e-05
530330033011,241,es,0.6234,0.022684
530330033011,243,es,0.0154,0.00056
530330033011,246,es,0.8655,0.031491
530330033011,247,es,0.2926,0.010646
530330033011,255,es,0.0001,5e-06
530330033011,259,es,0.2645,0.009625
530330033011,281,es,0.0758,0.002759
530330033011,282,es,0.1583,0.005761
530330033011,292,es,0.0001,5e-06
530330033011,935,es,0.0004,1.4e-05
530330033011,949,es,6.7752,0.246516
530330033011,955,es,0.9728,0.035395
530330033011,971,es,1.379,0.050173
530330033012,201,es,4.1517,0.562483
530330033012,204,es,0.0721,0.009772
530330033012,211,es,0.0292,0.003959
530330033012,215,es,0.0705,0.009553
530330033012,241,es,0.1675,0.022693
530330033012,243,es,0.0041,0.000561
530330033012,246,es,0.2329,0.031559
530330033012,247,es,0.0783,0.010605
530330033012,259,es,0.0712,0.00965
530330033012,281,es,0.0171,0.002319
530330033012,282,es,0.0316,0.004276
530330033012,949,es,1.8225,0.246917
530330033012,955,es,0.2618,0.035466
530330033012,971,es,0.3704,0.050179
530330033013,201,es,31.6507,0.56265
530330033013,204,es,0.5489,0.009758
530330033013,211,es,0.2227,0.003959
530330033013,215,es,0.5376,0.009556
530330033013,241,es,1.2765,0.022692
530330033013,243,es,0.0316,0.000562
530330033013,246,es,1.7931,0.031876
530330033013,247,es,0.5946,0.010571
530330033013,259,es,0.5431,0.009654
530330033013,281,es,0.1072,0.001905
530330033013,282,es,0.2403,0.004273
530330033013,949,es,13.8905,0.246929
530330033013,955,es,1.9955,0.035474
530330033013,971,es,2.8205,0.050139
530330033021,201,es,0.3152,0.006142
530330033021,204,es,0.2902,0.005655
530330033021,209,es,0.0293,0.000571
530330033021,211,es,0.0221,0.00043
530330033021,218,es,0.0684,0.001333
530330033021,230,es,0.966,0.018823
530330033021,234,es,0.0554,0.00108
530330033021,241,es,0.995,0.019387
530330033021,246,es,0.2011,0.003919
530330033021,247,es,1.2202,0.023776
530330033021,255,es,0.0452,0.000881
530330033021,281,es,7.2887,0.142021
530330033021,282,es,32.3696,0.630726
530330033021,292,es,0.1007,0.001962
530330033021,935,es,0.2286,0.004454
530330033021,949,es,4.4684,0.087068
530330033021,955,es,0.397,0.007736
530330033021,971,es,2.26,0.044036
530330033022,204,es,0.5,0.025967
530330033022,209,es,0.0505,0.002623
530330033022,211,es,0.038,0.001975
530330033022,241,es,0.2907,0.015096
530330033022,246,es,0.3465,0.017995
530330033022,247,es,1.2183,0.06327
530330033022,255,es,0.0779,0.004043
530330033022,281,es,12.0788,0.627286
530330033022,282,es,0.2461,0.012779
530330033022,935,es,0.0736,0.00382
530330033022,949,es,2.3105,0.119988
530330033022,955,es,0.1604,0.008329
530330033022,971,es,1.8645,0.096828
530330033023,201,es,0.3153,0.008466
530330033023,204,es,0.1544,0.004147
530330033023,209,es,0.0155,0.000416
530330033023,211,es,0.0121,0.000326
530330033023,215,es,0.0012,3.2e-05
530330033023,218,es,0.0532,0.001429
530330033023,230,es,0.7512,0.020171
530330033023,234,es,0.0431,0.001158
530330033023,241,es,0.7344,0.01972
530330033023,246,es,0.1101,0.002957
530330033023,247,es,0.7736,0.020772
530330033023,255,es,0.0239,0.000641
530330033023,259,es,0.0012,3.2e-05
530330033023,281,es,3.9174,0.105185
530330033023,282,es,25.1367,0.67494
530330033023,292,es,0.0783,0.002102
530330033023,935,es,0.1671,0.004486
530330033023,949,es,3.1707,0.085136
530330033023,955,es,0.2899,0.007784
530330033023,971,es,1.4934,0.0401
530330034001,204,es,1.1158,0.025967
530330034001,209,es,0.1127,0.002623
530330034001,211,es,0.0849,0.001975
530330034001,241,es,0.6486,0.015096
530330034001,246,es,0.7732,0.017995
530330034001,247,es,2.7186,0.06327
530330034001,255,es,0.1737,0.004043
530330034001,281,es,26.9539,0.627286
530330034001,282,es,0.5491,0.012779
530330034001,935,es,0.1642,0.00382
530330034001,949,es,5.1558,0.119988
530330034001,955,es,0.3579,0.008329
530330034001,971,es,4.1606,0.096828
530330034002,201,es,0.6646,0.005958
530330034002,204,es,0.6989,0.006265
530330034002,209,es,0.0706,0.000633
530330034002,211,es,0.0532,0.000477
530330034002,218,es,0.1443,0.001293
530330034002,230,es,2.0369,0.018259
530330034002,234,es,0.1169,0.001048
530330034002,241,es,2.1484,0.019258
530330034002,246,es,0.4843,0.004341
530330034002,247,es,2.7846,0.02496
530330034002,255,es,0.1088,0.000975
530330034002,281,es,17.4678,0.156578
530330034002,282,es,68.2956,0.612189
530330034002,292,es,0.2123,0.001903
530330034002,935,es,0.4947,0.004435
530330034002,949,es,9.8234,0.088055
530330034002,955,es,0.865,0.007754
530330034002,971,es,5.0893,0.045619
530330034003,204,es,0.9574,0.025967
530330034003,209,es,0.0967,0.002623
530330034003,211,es,0.0728,0.001975
530330034003,241,es,0.5566,0.015096
530330034003,246,es,0.6635,0.017995
530330034003,247,es,2.3328,0.06327
530330034003,255,es,0.1491,0.004043
530330034003,281,es,23.1286,0.627286
530330034003,282,es,0.4712,0.012779
530330034003,935,es,0.1409,0.00382
530330034003,949,es,4.4241,0.119988
530330034003,955,es,0.3071,0.008329
530330034003,971,es,3.5701,0.096828
530330035001,204,es,2.2306,0.02596
530330035001,209,es,0.2253,0.002622
530330035001,211,es,0.1697,0.001974
530330035001,230,es,0.0366,0.000426
530330035001,241,es,1.2966,0.01509
530330035001,246,es,1.5457,0.017989
530330035001,247,es,5.4343,0.063243
530330035001,255,es,0.3473,0.004042
530330035001,259,es,0.0001,1e-06
530330035001,281,es,53.8765,0.627003
530330035001,282,es,1.0977,0.012774
530330035001,291,es,0.0002,2e-06
530330035001,935,es,0.3281,0.003819
530330035001,949,es,10.3058,0.119936
530330035001,955,es,0.7154,0.008326
530330035001,971,es,8.317,0.096792
530330035002,204,es,1.6156,0.025967
530330035002,209,es,0.1632,0.002623
530330035002,211,es,0.1229,0.001975
530330035002,241,es,0.9392,0.015096
530330035002,246,es,1.1196,0.017995
530330035002,247,es,3.9365,0.06327
530330035002,255,es,0.2516,0.004043
530330035002,281,es,39.0283,0.627286
530330035002,282,es,0.7951,0.012779
530330035002,935,es,0.2377,0.00382
530330035002,949,es,7.4654,0.119988
530330035002,955,es,0.5182,0.008329
530330035002,971,es,6.0244,0.096828
530330035003,201,es,0.0003,6e-06
530330035003,204,es,1.2745,0.025945
530330035003,208,es,0.0001,2e-06
530330035003,209,es,0.1287,0.00262
530330035003,210,es,0.0002,3e-06
530330035003,211,es,0.097,0.001975
530330035003,218,es,0.0314,0.000639
530330035003,229,es,0.0003,6e-06
530330035003,241,es,0.7488,0.015243
530330035003,245,es,0.0002,5e-06
530330035003,246,es,0.8834,0.017983
530330035003,247,es,3.1068,0.063246
530330035003,249,es,0.0001,2e-06
530330035003,255,es,0.1985,0.004041
530330035003,279,es,0.0002,3e-06
530330035003,281,es,30.7827,0.626649
530330035003,282,es,0.6273,0.012769
530330035003,292,es,0.0001,3e-06
530330035003,935,es,0.1878,0.003824
530330035003,949,es,5.8895,0.119893
530330035003,955,es,0.4087,0.00832
530330035003,971,es,4.7556,0.096811
530330035003,974,es,0.0006,1.2e-05
530330036011,204,es,0.1401,0.011794
530330036011,208,es,0.0106,0.000891
530330036011,209,es,0.0081,0.000681
530330036011,210,es,0.0154,0.001297
530330036011,218,es,0.0434,0.00365
530330036011,229,es,4.7344,0.398619
530330036011,241,es,1.8148,0.152801
530330036011,242,es,0.0353,0.002976
530330036011,245,es,0.0438,0.003686
530330036011,247,es,3.2635,0.27478
530330036011,248,es,0.0091,0.000765
530330036011,255,es,0.0062,0.000525
530330036011,261,es,0.0382,0.003215
530330036011,262,es,0.0231,0.001943
530330036011,266,es,0.0147,0.001234
530330036011,268,es,0.0242,0.002038
530330036011,269,es,0.0398,0.003347
530330036011,277,es,0.0114,0.000961
530330036011,279,es,0.0447,0.003764
530330036011,281,es,0.0234,0.001973
530330036011,282,es,0.0263,0.002211
530330036011,291,es,0.0939,0.007902
530330036011,292,es,0.2552,0.021486
530330036011,930,es,0.2047,0.017235
530330036011,935,es,0.0589,0.004958
530330036011,949,es,0.0396,0.003337
530330036011,971,es,0.4875,0.041047
530330036011,972,es,0.1181,0.009946
530330036011,974,es,0.0084,0.000707
530330036011,977,es,0.2403,0.020232
530330036012,204,es,0.5596,0.011794
530330036012,208,es,0.0423,0.000891
530330036012,209,es,0.0323,0.000681
530330036012,210,es,0.0615,0.001297
530330036012,218,es,0.1732,0.00365
530330036012,229,es,18.9136,0.398619
530330036012,241,es,7.2501,0.152801
530330036012,242,es,0.1412,0.002976
530330036012,245,es,0.1749,0.003686
530330036012,247,es,13.0377,0.27478
530330036012,248,es,0.0363,0.000765
530330036012,255,es,0.0249,0.000525
530330036012,261,es,0.1525,0.003215
530330036012,262,es,0.0922,0.001943
530330036012,266,es,0.0585,0.001234
530330036012,268,es,0.0967,0.002038
530330036012,269,es,0.1588,0.003347
530330036012,277,es,0.0456,0.000961
530330036012,279,es,0.1786,0.003764
530330036012,281,es,0.0936,0.001973
530330036012,282,es,0.1049,0.002211
530330036012,291,es,0.3749,0.007902
530330036012,292,es,1.0194,0.021486
530330036012,930,es,0.8178,0.017235
530330036012,935,es,0.2352,0.004958
530330036012,949,es,0.1583,0.003337
530330036012,971,es,1.9476,0.041047
530330036012,972,es,0.4719,0.009946
530330036012,974,es,0.0335,0.000707
530330036012,977,es,0.9599,0.020232
530330036013,204,es,0.1036,0.011794
530330036013,208,es,0.0078,0.000891
530330036013,209,es,0.006,0.000681
530330036013,210,es,0.0114,0.001297
530330036013,218,es,0.0321,0.00365
530330036013,229,es,3.5006,0.398619
530330036013,241,es,1.3419,0.152801
530330036013,242,es,0.0261,0.002976
530330036013,245,es,0.0324,0.003686
530330036013,247,es,2.413,0.27478
530330036013,248,es,0.0067,0.000765
530330036013,255,es,0.0046,0.000525
530330036013,261,es,0.0282,0.003215
530330036013,262,es,0.0171,0.001943
530330036013,266,es,0.0108,0.001234
530330036013,268,es,0.0179,0.002038
530330036013,269,es,0.0294,0.003347
530330036013,277,es,0.0084,0.000961
530330036013,279,es,0.0331,0.003764
530330036013,281,es,0.0173,0.001973
530330036013,282,es,0.0194,0.002211
530330036013,291,es,0.0694,0.007902
530330036013,292,es,0.1887,0.021486
530330036013,930,es,0.1514,0.017235
530330036013,935,es,0.0435,0.004958
530330036013,949,es,0.0293,0.003337
530330036013,971,es,0.3605,0.041047
530330036013,972,es,0.0873,0.009946
530330036013,974,es,0.0062,0.000707
530330036013,977,es,0.1777,0.020232
530330036023,204,es,0.0306,0.011794
530330036023,208,es,0.0023,0.000891
530330036023,209,es,0.0018,0.000681
530330036023,210,es,0.0034,0.001297
530330036023,218,es,0.0095,0.00365
530330036023,229,es,1.0356,0.398619
530330036023,241,es,0.397,0.152801
530330036023,242,es,0.0077,0.002976
530330036023,245,es,0.0096,0.003686
530330036023,247,es,0.7139,0.27478
530330036023,248,es,0.002,0.000765
530330036023,255,es,0.0014,0.000525
530330036023,261,es,0.0084,0.003215
530330036023,262,es,0.005,0.001943
530330036023,266,es,0.0032,0.001234
530330036023,268,es,0.0053,0.002038
530330036023,269,es,0.0087,0.003347
530330036023,277,es,0.0025,0.000961
530330036023,279,es,0.0098,0.003764
530330036023,281,es,0.0051,0.001973
530330036023,282,es,0.0057,0.002211
530330036023,291,es,0.0205,0.007902
530330036023,292,es,0.0558,0.021486
530330036023,930,es,0.0448,0.017235
530330036023,935,es,0.0129,0.004958
530330036023,949,es,0.0087,0.003337
530330036023,971,es,0.1066,0.041047
530330036023,972,es,0.0258,0.009946
530330036023,974,es,0.0018,0.000707
530330036023,977,es,0.0526,0.020232
530330038001,201,es,0.1392,0.001788
530330038001,204,es,0.6276,0.008062
530330038001,208,es,0.1107,0.001421
530330038001,209,es,38.3596,0.492739
530330038001,210,es,0.1791,0.0023
530330038001,229,es,0.2869,0.003685
530330038001,241,es,1.5317,0.019675
530330038001,242,es,0.8621,0.011073
530330038001,247,es,0.8308,0.010672
530330038001,257,es,0.0482,0.000619
530330038001,261,es,0.074,0.00095
530330038001,266,es,0.1136,0.001459
530330038001,268,es,0.2531,0.003251
530330038001,269,es,2.1244,0.027288
530330038001,272,es,0.0305,0.000391
530330038001,277,es,11.9856,0.153958
530330038001,279,es,1.045,0.013423
530330038001,287,es,8.5803,0.110216
530330038001,292,es,0.6129,0.007873
530330038001,935,es,0.2144,0.002754
530330038001,971,es,0.104,0.001336
530330038001,977,es,9.7363,0.125065
530330038002,201,es,0.1955,0.002573
530330038002,204,es,0.8816,0.011601
530330038002,208,es,0.1554,0.002045
530330038002,209,es,53.663,0.706157
530330038002,229,es,0.403,0.005303
530330038002,241,es,1.7083,0.022479
530330038002,242,es,1.2109,0.015935
530330038002,247,es,0.9546,0.012562
530330038002,268,es,0.3555,0.004678
530330038002,269,es,2.3349,0.030725
530330038002,279,es,0.6565,0.008639
530330038002,287,es,8.8801,0.116854
530330038002,292,es,0.3747,0.004931
530330038002,935,es,0.1729,0.002276
530330038002,971,es,0.1461,0.001923
530330038002,977,es,3.8999,0.051319
530330039001,201,es,0.0322,0.000289
530330039001,204,es,0.1459,0.001308
530330039001,208,es,0.0256,0.00023
530330039001,209,es,9.5024,0.085166
530330039001,210,es,0.7469,0.006695
530330039001,220,es,0.001,9e-06
530330039001,229,es,0.0668,0.000599
530330039001,241,es,1.5973,0.014316
530330039001,242,es,0.2011,0.001802
530330039001,247,es,0.7875,0.007058
530330039001,257,es,0.201,0.001801
530330039001,261,es,0.3087,0.002766
530330039001,262,es,0.0002,1e-06
530330039001,266,es,0.4736,0.004244
530330039001,268,es,0.0586,0.000525
530330039001,269,es,2.3446,0.021014
530330039001,272,es,0.127,0.001138
530330039001,277,es,49.9581,0.447751
530330039001,279,es,2.5156,0.022547
530330039001,286,es,0.0049,4.4e-05
530330039001,287,es,10.8805,0.097517
530330039001,292,es,1.505,0.013489
530330039001,935,es,0.4091,0.003667
530330039001,971,es,0.0241,0.000216
530330039001,977,es,29.6576,0.265807
530330039002,204,es,0.0008,1.6e-05
530330039002,209,es,0.338,0.006605
530330039002,210,es,0.3861,0.007545
530330039002,220,es,0.0015,3e-05
530330039002,229,es,0.0005,1.1e-05
530330039002,241,es,0.6792,0.013272
530330039002,242,es,0.0021,4.1e-05
530330039002,247,es,0.3252,0.006355
530330039002,257,es,0.1039,0.00203
530330039002,261,es,0.1596,0.003118
530330039002,262,es,0.0002,4e-06
530330039002,266,es,0.2446,0.00478
530330039002,269,es,1.0431,0.020384
530330039002,272,es,0.0656,0.001281
530330039002,277,es,25.7882,0.503925
530330039002,279,es,1.2426,0.024281
530330039002,286,es,0.0072,0.000141
530330039002,287,es,4.8629,0.095026
530330039002,292,es,0.7454,0.014566
530330039002,935,es,0.1966,0.003842
530330039002,977,es,14.9812,0.292746
530330040001,204,es,0.4558,0.008874
530330040001,209,es,0.5857,0.011404
530330040001,210,es,0.5642,0.010985
530330040001,220,es,0.8711,0.016961
530330040001,229,es,0.3126,0.006086
530330040001,241,es,0.1995,0.003884
530330040001,242,es,1.2074,0.023509
530330040001,247,es,0.0321,0.000625
530330040001,257,es,0.1518,0.002956
530330040001,261,es,0.2331,0.004539
530330040001,262,es,0.1314,0.002558
530330040001,266,es,0.191,0.003718
530330040001,269,es,28.1649,0.548384
530330040001,272,es,0.0065,0.000126
530330040001,277,es,4.3648,0.084985
530330040001,279,es,0.1227,0.002388
530330040001,286,es,4.1568,0.080935
530330040001,287,es,2.8587,0.055661
530330040001,292,es,0.5094,0.009919
530330040001,935,es,0.1535,0.002989
530330040001,977,es,6.0868,0.118513
530330040002,204,es,0.0468,0.000559
530330040002,209,es,0.5778,0.0069
530330040002,210,es,0.6495,0.007757
530330040002,220,es,0.0895,0.001069
530330040002,229,es,0.0321,0.000384
530330040002,241,es,1.0631,0.012696
530330040002,242,es,0.1241,0.001482
530330040002,247,es,0.5027,0.006003
530330040002,257,es,0.1748,0.002087
530330040002,261,es,0.2684,0.003205
530330040002,262,es,0.0135,0.000161
530330040002,266,es,0.3948,0.004715
530330040002,269,es,4.4218,0.052806
530330040002,272,es,0.1013,0.00121
530330040002,277,es,40.0434,0.4782
530330040002,279,es,1.9207,0.022937
530330040002,286,es,0.4273,0.005103
530330040002,287,es,7.7548,0.092608
530330040002,292,es,1.1959,0.014281
530330040002,935,es,0.3173,0.003789
530330040002,977,es,23.618,0.282047
530330041011,204,es,0.0031,0.000227
530330041011,205,es,1.5838,0.11553
530330041011,209,es,0.0311,0.002267
530330041011,210,es,0.0036,0.000262
530330041011,220,es,0.0059,0.000434
530330041011,229,es,0.0485,0.003537
530330041011,241,es,0.1581,0.011531
530330041011,242,es,9.7174,0.708831
530330041011,247,es,0.2196,0.016018
530330041011,257,es,0.001,7.1e-05
530330041011,261,es,0.0015,0.000108
530330041011,262,es,0.0009,6.5e-05
530330041011,266,es,0.0011,8.3e-05
530330041011,269,es,0.2588,0.018881
530330041011,277,es,0.0124,0.000906
530330041011,279,es,0.0503,0.003672
530330041011,286,es,0.0284,0.002071
530330041011,287,es,0.6105,0.044531
530330041011,292,es,0.0892,0.006505
530330041011,935,es,0.0407,0.002968
530330041011,977,es,0.8431,0.0615
530330041012,205,es,4.3592,0.118259
530330041012,209,es,0.0752,0.002039
530330041012,229,es,0.1276,0.003461
530330041012,241,es,0.4326,0.011736
530330041012,242,es,26.7228,0.724959
530330041012,247,es,0.6044,0.016396
530330041012,269,es,0.1848,0.005013
530330041012,279,es,0.1386,0.003759
530330041012,287,es,1.6355,0.044369
530330041012,292,es,0.2372,0.006436
530330041012,935,es,0.1095,0.00297
530330041012,977,es,2.2339,0.060603
530330041013,205,es,3.0299,0.118259
530330041013,209,es,0.0522,0.002039
530330041013,229,es,0.0887,0.003461
530330041013,241,es,0.3007,0.011736
530330041013,242,es,18.5739,0.724959
530330041013,247,es,0.4201,0.016396
530330041013,269,es,0.1284,0.005013
530330041013,279,es,0.0963,0.003759
530330041013,287,es,1.1368,0.044369
530330041013,292,es,0.1649,0.006436
530330041013,935,es,0.0761,0.00297
530330041013,977,es,1.5527,0.060603
530330041021,204,es,0.0542,0.009841
530330041021,209,es,0.0657,0.011928
530330041021,210,es,0.0625,0.01136
530330041021,220,es,0.1036,0.018808
530330041021,229,es,0.0372,0.006748
530330041021,241,es,0.0157,0.00286
530330041021,242,es,0.1435,0.026069
530330041021,257,es,0.0168,0.003057
530330041021,261,es,0.0258,0.004694
530330041021,262,es,0.0156,0.002837
530330041021,266,es,0.0198,0.003603
530330041021,269,es,3.3364,0.605983
530330041021,277,es,0.2163,0.039283
530330041021,286,es,0.4941,0.089749
530330041021,287,es,0.2828,0.051366
530330041021,292,es,0.0518,0.009412
530330041021,935,es,0.0159,0.002896
530330041021,977,es,0.5479,0.099506
530330041022,205,es,10.8233,0.118259
530330041022,209,es,0.1866,0.002039
530330041022,229,es,0.3168,0.003461
530330041022,241,es,1.0741,0.011736
530330041022,242,es,66.3495,0.724959
530330041022,247,es,1.5006,0.016396
530330041022,269,es,0.4588,0.005013
530330041022,279,es,0.344,0.003759
530330041022,287,es,4.0608,0.044369
530330041022,292,es,0.589,0.006436
530330041022,935,es,0.2718,0.00297
530330041022,977,es,5.5465,0.060603
530330041023,204,es,0.3699,0.008839
530330041023,205,es,0.5038,0.012039
530330041023,209,es,0.457,0.010921
530330041023,210,es,0.427,0.010204
530330041023,220,es,0.7069,0.016893
530330041023,229,es,0.2684,0.006414
530330041023,241,es,0.1575,0.003764
530330041023,242,es,4.068,0.097217
530330041023,247,es,0.0698,0.001669
530330041023,257,es,0.1149,0.002746
530330041023,261,es,0.1764,0.004216
530330041023,262,es,0.1066,0.002548
530330041023,266,es,0.1354,0.003236
530330041023,269,es,22.7969,0.544803
530330041023,277,es,1.4764,0.035284
530330041023,279,es,0.016,0.000383
530330041023,286,es,3.3732,0.080613
530330041023,287,es,2.1196,0.050654
530330041023,292,es,0.3811,0.009109
530330041023,935,es,0.1215,0.002903
530330041023,977,es,3.9981,0.095546
530330042011,204,es,0.3522,0.009824
530330042011,205,es,0.0069,0.000192
530330042011,209,es,0.4271,0.011911
530330042011,210,es,0.4066,0.011341
530330042011,220,es,0.6732,0.018775
530330042011,229,es,0.2417,0.006742
530330042011,241,es,0.1031,0.002876
530330042011,242,es,0.9752,0.027199
530330042011,247,es,0.001,2.7e-05
530330042011,257,es,0.1094,0.003052
530330042011,261,es,0.168,0.004687
530330042011,262,es,0.1015,0.002832
530330042011,266,es,0.129,0.003597
530330042011,269,es,21.6895,0.604936
530330042011,277,es,1.4082,0.039277
530330042011,279,es,0.0003,9e-06
530330042011,286,es,3.2123,0.089593
530330042011,287,es,1.8415,0.051361
530330042011,292,es,0.3373,0.009407
530330042011,935,es,0.1038,0.002896
530330042011,977,es,3.5663,0.099467
530330042012,201,es,0.0033,0.00013
530330042012,204,es,0.2495,0.009792
530330042012,205,es,0.0422,0.001655
530330042012,208,es,0.0026,0.000103
530330042012,209,es,1.1925,0.046793
530330042012,210,es,0.2709,0.010628
530330042012,220,es,0.4484,0.017596
530330042012,229,es,0.1689,0.006629
530330042012,241,es,0.1013,0.003974
530330042012,242,es,0.9006,0.035341
530330042012,247,es,0.022,0.000863
530330042012,257,es,0.0729,0.00286
530330042012,261,es,0.1119,0.004392
530330042012,262,es,0.0676,0.002654
530330042012,266,es,0.0859,0.003371
530330042012,268,es,0.006,0.000236
530330042012,269,es,14.4896,0.568566
530330042012,277,es,0.9366,0.036752
530330042012,279,es,0.0124,0.000488
530330042012,286,es,2.1399,0.083968
530330042012,287,es,1.3907,0.05457
530330042012,292,es,0.233,0.009144
530330042012,935,es,0.073,0.002865
530330042012,971,es,0.0025,9.7e-05
530330042012,977,es,2.4601,0.096532
530330042013,201,es,0.0052,0.000197
530330042013,204,es,0.2619,0.009975
530330042013,208,es,0.0041,0.000156
530330042013,209,es,1.7065,0.065002
530330042013,210,es,0.2754,0.010492
530330042013,220,es,0.456,0.01737
530330042013,229,es,0.1743,0.006638
530330042013,241,es,0.1145,0.00436
530330042013,242,es,0.6641,0.025294
530330042013,247,es,0.0252,0.00096
530330042013,257,es,0.0741,0.002823
530330042013,261,es,0.1138,0.004335
530330042013,262,es,0.0688,0.00262
530330042013,266,es,0.0873,0.003327
530330042013,268,es,0.0094,0.000358
530330042013,269,es,14.7544,0.562005
530330042013,277,es,0.9525,0.03628
530330042013,279,es,0.0173,0.00066
530330042013,286,es,2.1761,0.082888
530330042013,287,es,1.48,0.056373
530330042013,292,es,0.2381,0.009069
530330042013,935,es,0.0748,0.002848
530330042013,971,es,0.0039,0.000147
530330042013,977,es,2.5156,0.095822
530330042021,201,es,0.1644,0.002559
530330042021,204,es,0.7416,0.011546
530330042021,205,es,0.0349,0.000543
530330042021,208,es,0.1307,0.002035
530330042021,209,es,45.1164,0.702396
530330042021,210,es,0.0006,9e-06
530330042021,220,es,0.0009,1.4e-05
530330042021,229,es,0.3402,0.005296
530330042021,241,es,1.4398,0.022415
530330042021,242,es,1.233,0.019195
530330042021,247,es,0.8074,0.01257
530330042021,257,es,0.0002,2e-06
530330042021,261,es,0.0002,4e-06
530330042021,262,es,0.0001,2e-06
530330042021,266,es,0.0002,3e-06
530330042021,268,es,0.2989,0.004653
530330042021,269,es,1.9942,0.031046
530330042021,277,es,0.0019,3e-05
530330042021,279,es,0.5531,0.00861
530330042021,286,es,0.0044,6.9e-05
530330042021,287,es,7.4812,0.116472
530330042021,292,es,0.3174,0.004941
530330042021,935,es,0.1464,0.002279
530330042021,971,es,0.1228,0.001912
530330042021,977,es,3.3014,0.051398
530330042022,201,es,0.2618,0.002573
530330042022,204,es,1.1806,0.011601
530330042022,208,es,0.2082,0.002045
530330042022,209,es,71.864,0.706157
530330042022,229,es,0.5397,0.005303
530330042022,241,es,2.2877,0.022479
530330042022,242,es,1.6216,0.015935
530330042022,247,es,1.2784,0.012562
530330042022,268,es,0.4761,0.004678
530330042022,269,es,3.1268,0.030725
530330042022,279,es,0.8792,0.008639
530330042022,287,es,11.892,0.116854
530330042022,292,es,0.5018,0.004931
530330042022,935,es,0.2316,0.002276
530330042022,971,es,0.1956,0.001923
530330042022,977,es,5.2226,0.051319
530330042023,201,es,0.1798,0.002573
530330042023,204,es,0.8105,0.011601
530330042023,208,es,0.1429,0.002045
530330042023,209,es,49.3375,0.706157
530330042023,229,es,0.3705,0.005303
530330042023,241,es,1.5706,0.022479
530330042023,242,es,1.1133,0.015935
530330042023,247,es,0.8777,0.012562
530330042023,268,es,0.3269,0.004678
530330042023,269,es,2.1466,0.030725
530330042023,279,es,0.6036,0.008639
530330042023,287,es,8.1643,0.116854
530330042023,292,es,0.3445,0.004931
530330042023,935,es,0.159,0.002276
530330042023,971,es,0.1343,0.001923
530330042023,977,es,3.5855,0.051319
530330043011,201,es,0.0509,0.00055
530330043011,204,es,0.2295,0.002481
530330043011,205,es,8.6,0.092969
530330043011,208,es,0.0405,0.000437
530330043011,209,es,14.118,0.15262
530330043011,229,es,0.3566,0.003855
530330043011,241,es,1.2982,0.014034
530330043011,242,es,53.0352,0.573329
530330043011,247,es,1.4409,0.015576
530330043011,268,es,0.0925,0.001
530330043011,269,es,0.9723,0.010511
530330043011,279,es,0.4442,0.004802
530330043011,287,es,5.5383,0.059871
530330043011,292,es,0.5656,0.006114
530330043011,935,es,0.261,0.002822
530330043011,971,es,0.038,0.000411
530330043011,977,es,5.4223,0.058617
530330043012,201,es,0.1624,0.002573
530330043012,204,es,0.7324,0.011601
530330043012,208,es,0.1291,0.002045
530330043012,209,es,44.5846,0.706157
530330043012,229,es,0.3348,0.005303
530330043012,241,es,1.4193,0.022479
530330043012,242,es,1.0061,0.015935
530330043012,247,es,0.7931,0.012562
530330043012,268,es,0.2954,0.004678
530330043012,269,es,1.9399,0.030725
530330043012,279,es,0.5455,0.008639
530330043012,287,es,7.3778,0.116854
530330043012,292,es,0.3113,0.004931
530330043012,935,es,0.1437,0.002276
530330043012,971,es,0.1214,0.001923
530330043012,977,es,3.2401,0.051319
530330043013,201,es,0.1176,0.002268
530330043013,204,es,0.5302,0.010228
530330043013,205,es,0.725,0.013988
530330043013,208,es,0.0935,0.001804
530330043013,209,es,32.2855,0.622875
530330043013,229,es,0.2636,0.005085
530330043013,241,es,1.0993,0.021209
530330043013,242,es,5.1728,0.099797
530330043013,247,es,0.6746,0.013016
530330043013,268,es,0.2138,0.004125
530330043013,269,es,1.4349,0.027683
530330043013,279,es,0.4179,0.008062
530330043013,287,es,5.6125,0.108281
530330043013,292,es,0.2648,0.005109
530330043013,935,es,0.1222,0.002358
530330043013,971,es,0.0879,0.001695
530330043013,977,es,2.7169,0.052417
530330043021,201,es,0.0093,0.000333
530330043021,204,es,0.0421,0.001502
530330043021,205,es,2.8849,0.10295
530330043021,208,es,0.0074,0.000265
530330043021,209,es,2.6114,0.093192
530330043021,229,es,0.1037,0.0037
530330043021,241,es,0.3678,0.013127
530330043021,242,es,17.7427,0.63317
530330043021,247,es,0.4455,0.0159
530330043021,268,es,0.017,0.000606
530330043021,269,es,0.2337,0.008341
530330043021,279,es,0.123,0.004391
530330043021,287,es,1.5063,0.053753
530330043021,292,es,0.1749,0.006241
530330043021,935,es,0.0807,0.00288
530330043021,971,es,0.007,0.000249
530330043021,977,es,1.6645,0.059401
530330043022,205,es,0.9656,0.118259
530330043022,209,es,0.0167,0.002039
530330043022,229,es,0.0283,0.003461
530330043022,241,es,0.0958,0.011736
530330043022,242,es,5.9195,0.724959
530330043022,247,es,0.1339,0.016396
530330043022,269,es,0.0409,0.005013
530330043022,279,es,0.0307,0.003759
530330043022,287,es,0.3623,0.044369
530330043022,292,es,0.0526,0.006436
530330043022,935,es,0.0243,0.00297
530330043022,977,es,0.4948,0.060603
530330044011,201,es,0.0873,0.000981
530330044011,204,es,0.5873,0.006597
530330044011,205,es,4.5735,0.051374
530330044011,208,es,0.084,0.000944
530330044011,209,es,24.0534,0.270195
530330044011,210,es,0.0213,0.000239
530330044011,218,es,0.0599,0.000673
530330044011,229,es,6.8569,0.077024
530330044011,241,es,3.7248,0.041842
530330044011,242,es,28.626,0.32156
530330044011,245,es,0.0605,0.00068
530330044011,247,es,5.5707,0.062577
530330044011,248,es,0.0126,0.000141
530330044011,255,es,0.0086,9.7e-05
530330044011,261,es,0.0528,0.000593
530330044011,262,es,0.0319,0.000358
530330044011,266,es,0.0202,0.000227
530330044011,268,es,0.1922,0.002159
530330044011,269,es,1.2914,0.014507
530330044011,277,es,0.0158,0.000177
530330044011,279,es,0.5003,0.00562
530330044011,281,es,0.0324,0.000364
530330044011,282,es,0.0363,0.000408
530330044011,287,es,5.6814,0.063819
530330044011,291,es,0.1297,0.001457
530330044011,292,es,0.7689,0.008637
530330044011,930,es,0.2829,0.003178
530330044011,935,es,0.2735,0.003072
530330044011,949,es,0.0548,0.000615
530330044011,971,es,0.739,0.008301
530330044011,972,es,0.1633,0.001834
530330044011,974,es,0.0116,0.00013
530330044011,977,es,4.4173,0.04962
530330044012,201,es,0.0397,0.00082
530330044012,204,es,0.5679,0.011733
530330044012,208,es,0.0609,0.001259
530330044012,209,es,10.9181,0.225578
530330044012,210,es,0.0428,0.000883
530330044012,218,es,0.1204,0.002487
530330044012,229,es,13.2247,0.273235
530330044012,241,es,5.3848,0.111256
530330044012,242,es,0.344,0.007107
530330044012,245,es,0.1215,0.002511
530330044012,247,es,9.2536,0.191188
530330044012,248,es,0.0252,0.000521
530330044012,255,es,0.0173,0.000357
530330044012,261,es,0.106,0.00219
530330044012,262,es,0.0641,0.001323
530330044012,266,es,0.0407,0.00084
530330044012,268,es,0.1394,0.00288
530330044012,269,es,0.5844,0.012075
530330044012,277,es,0.0317,0.000655
530330044012,279,es,0.2574,0.005318
530330044012,281,es,0.0651,0.001344
530330044012,282,es,0.0729,0.001506
530330044012,287,es,1.803,0.037252
530330044012,291,es,0.2605,0.005383
530330044012,292,es,0.7845,0.016208
530330044012,930,es,0.5683,0.011741
530330044012,935,es,0.1986,0.004103
530330044012,949,es,0.11,0.002273
530330044012,971,es,1.383,0.028575
530330044012,972,es,0.3279,0.006776
530330044012,974,es,0.0233,0.000482
530330044012,977,es,1.4589,0.030142
530330044013,205,es,1.1956,0.118259
530330044013,209,es,0.0206,0.002039
530330044013,229,es,0.035,0.003461
530330044013,241,es,0.1187,0.011736
530330044013,242,es,7.3294,0.724959
530330044013,247,es,0.1658,0.016396
530330044013,269,es,0.0507,0.005013
530330044013,279,es,0.038,0.003759
530330044013,287,es,0.4486,0.044369
530330044013,292,es,0.0651,0.006436
530330044013,935,es,0.03,0.00297
530330044013,977,es,0.6127,0.060603
530330044021,204,es,0.053,0.011775
530330044021,205,es,0.0009,0.00019
530330044021,208,es,0.004,0.00089
530330044021,209,es,0.0031,0.000683
530330044021,210,es,0.0058,0.001295
530330044021,218,es,0.0164,0.003645
530330044021,229,es,1.7922,0.397985
530330044021,241,es,0.6871,0.152574
530330044021,242,es,0.0186,0.004134
530330044021,245,es,0.0166,0.00368
530330044021,247,es,1.2355,0.274365
530330044021,248,es,0.0034,0.000764
530330044021,255,es,0.0024,0.000524
530330044021,261,es,0.0145,0.00321
530330044021,262,es,0.0087,0.00194
530330044021,266,es,0.0055,0.001232
530330044021,268,es,0.0092,0.002035
530330044021,269,es,0.0151,0.00335
530330044021,277,es,0.0043,0.000959
530330044021,279,es,0.017,0.003764
530330044021,281,es,0.0089,0.00197
530330044021,282,es,0.0099,0.002208
530330044021,287,es,0.0003,7.1e-05
530330044021,291,es,0.0355,0.007889
530330044021,292,es,0.0966,0.021462
530330044021,930,es,0.0775,0.017207
530330044021,935,es,0.0223,0.004954
530330044021,949,es,0.015,0.003331
530330044021,971,es,0.1845,0.040981
530330044021,972,es,0.0447,0.00993
530330044021,974,es,0.0032,0.000706
530330044021,977,es,0.0914,0.020296
530330044022,204,es,0.0085,0.011772
530330044022,205,es,0.0002,0.000228
530330044022,208,es,0.0006,0.00089
530330044022,209,es,0.0005,0.000683
530330044022,210,es,0.0009,0.001294
530330044022,218,es,0.0026,0.003643
530330044022,229,es,0.2858,0.397857
530330044022,241,es,0.1096,0.152529
530330044022,242,es,0.0031,0.004368
530330044022,245,es,0.0026,0.003678
530330044022,247,es,0.197,0.274281
530330044022,248,es,0.0005,0.000764
530330044022,255,es,0.0004,0.000524
530330044022,261,es,0.0023,0.003209
530330044022,262,es,0.0014,0.001939
530330044022,266,es,0.0009,0.001231
530330044022,268,es,0.0015,0.002035
530330044022,269,es,0.0024,0.00335
530330044022,277,es,0.0007,0.000959
530330044022,279,es,0.0027,0.003764
530330044022,281,es,0.0014,0.00197
530330044022,282,es,0.0016,0.002207
530330044022,291,es,0.0057,0.007887
530330044022,292,es,0.0154,0.021457
530330044022,930,es,0.0124,0.017202
530330044022,935,es,0.0036,0.004954
530330044022,949,es,0.0024,0.00333
530330044022,971,es,0.0294,0.040968
530330044022,972,es,0.0071,0.009927
530330044022,974,es,0.0005,0.000706
530330044022,977,es,0.0146,0.020309
530330044023,204,es,0.1436,0.011746
530330044023,205,es,0.0059,0.000487
530330044023,208,es,0.0108,0.000888
530330044023,209,es,0.0084,0.000686
530330044023,210,es,0.0158,0.001291
530330044023,218,es,0.0444,0.003635
530330044023,229,es,4.8523,0.396994
530330044023,241,es,1.8605,0.15222
530330044023,242,es,0.0727,0.005946
530330044023,245,es,0.0449,0.00367
530330044023,247,es,3.3456,0.273717
530330044023,248,es,0.0093,0.000762
530330044023,255,es,0.0064,0.000523
530330044023,261,es,0.0391,0.003202
530330044023,262,es,0.0236,0.001935
530330044023,266,es,0.015,0.001229
530330044023,268,es,0.0248,0.00203
530330044023,269,es,0.041,0.003354
530330044023,277,es,0.0117,0.000957
530330044023,279,es,0.046,0.003764
530330044023,281,es,0.024,0.001965
530330044023,282,es,0.0269,0.002202
530330044023,287,es,0.0022,0.000183
530330044023,291,es,0.0962,0.00787
530330044023,292,es,0.2619,0.021424
530330044023,930,es,0.2098,0.017164
530330044023,935,es,0.0605,0.004949
530330044023,949,es,0.0406,0.003323
530330044023,971,es,0.4996,0.040878
530330044023,972,es,0.1211,0.009905
530330044023,974,es,0.0086,0.000704
530330044023,977,es,0.2493,0.020398
530330045002,204,es,1.0725,0.011794
530330045002,208,es,0.081,0.000891
530330045002,209,es,0.0619,0.000681
530330045002,210,es,0.1179,0.001297
530330045002,218,es,0.332,0.00365
530330045002,229,es,36.2485,0.398619
530330045002,241,es,13.895,0.152801
530330045002,242,es,0.2706,0.002976
530330045002,245,es,0.3351,0.003686
530330045002,247,es,24.9872,0.27478
530330045002,248,es,0.0696,0.000765
530330045002,255,es,0.0477,0.000525
530330045002,261,es,0.2924,0.003215
530330045002,262,es,0.1767,0.001943
530330045002,266,es,0.1122,0.001234
530330045002,268,es,0.1854,0.002038
530330045002,269,es,0.3044,0.003347
530330045002,277,es,0.0874,0.000961
530330045002,279,es,0.3423,0.003764
530330045002,281,es,0.1795,0.001973
530330045002,282,es,0.2011,0.002211
530330045002,291,es,0.7186,0.007902
530330045002,292,es,1.9538,0.021486
530330045002,930,es,1.5673,0.017235
530330045002,935,es,0.4508,0.004958
530330045002,949,es,0.3034,0.003337
530330045002,971,es,3.7326,0.041047
530330045002,972,es,0.9045,0.009946
530330045002,974,es,0.0643,0.000707
530330045002,977,es,1.8398,0.020232
530330046001,201,es,0.0065,0.000631
530330046001,204,es,2.8921,0.279463
530330046001,208,es,0.0039,0.000382
530330046001,209,es,0.0095,0.000918
530330046001,210,es,0.0057,0.000555
530330046001,211,es,0.0049,0.000472
530330046001,212,es,0.0237,0.002293
530330046001,218,es,0.0209,0.002017
530330046001,226,es,0.0638,0.006164
530330046001,229,es,1.7657,0.170623
530330046001,230,es,0.09,0.008696
530330046001,241,es,0.8055,0.077839
530330046001,242,es,0.0132,0.001274
530330046001,244,es,0.0126,0.001221
530330046001,245,es,0.0163,0.001578
530330046001,246,es,0.0445,0.004303
530330046001,247,es,1.482,0.143213
530330046001,248,es,0.0034,0.000328
530330046001,255,es,0.0123,0.001191
530330046001,259,es,0.0146,0.001406
530330046001,261,es,0.0236,0.00228
530330046001,262,es,0.0199,0.001924
530330046001,266,es,0.0055,0.000528
530330046001,268,es,0.009,0.000873
530330046001,269,es,0.0148,0.001433
530330046001,277,es,0.0043,0.000411
530330046001,279,es,0.0167,0.001612
530330046001,281,es,1.5607,0.150817
530330046001,282,es,0.0543,0.005246
530330046001,291,es,0.035,0.003382
530330046001,292,es,0.1139,0.01101
530330046001,930,es,0.0763,0.007377
530330046001,935,es,0.0372,0.003594
530330046001,949,es,0.3311,0.031994
530330046001,955,es,0.0206,0.001991
530330046001,971,es,0.5872,0.056745
530330046001,972,es,0.0441,0.004257
530330046001,974,es,0.0073,0.000701
530330046001,977,es,0.0958,0.009259
530330046002,204,es,1.1246,0.011794
530330046002,208,es,0.085,0.000891
530330046002,209,es,0.0649,0.000681
530330046002,210,es,0.1236,0.001297
530330046002,218,es,0.3481,0.00365
530330046002,229,es,38.0079,0.398619
530330046002,241,es,14.5694,0.152801
530330046002,242,es,0.2837,0.002976
530330046002,245,es,0.3514,0.003686
530330046002,247,es,26.1999,0.27478
530330046002,248,es,0.073,0.000765
530330046002,255,es,0.05,0.000525
530330046002,261,es,0.3065,0.003215
530330046002,262,es,0.1852,0.001943
530330046002,266,es,0.1176,0.001234
530330046002,268,es,0.1944,0.002038
530330046002,269,es,0.3191,0.003347
530330046002,277,es,0.0916,0.000961
530330046002,279,es,0.3589,0.003764
530330046002,281,es,0.1882,0.001973
530330046002,282,es,0.2108,0.002211
530330046002,291,es,0.7534,0.007902
530330046002,292,es,2.0486,0.021486
530330046002,930,es,1.6433,0.017235
530330046002,935,es,0.4727,0.004958
530330046002,949,es,0.3181,0.003337
530330046002,971,es,3.9138,0.041047
530330046002,972,es,0.9484,0.009946
530330046002,974,es,0.0674,0.000707
530330046002,977,es,1.9291,0.020232
530330046003,204,es,0.4328,0.011794
530330046003,208,es,0.0327,0.000891
530330046003,209,es,0.025,0.000681
530330046003,210,es,0.0476,0.001297
530330046003,218,es,0.134,0.00365
530330046003,229,es,14.6282,0.398619
530330046003,241,es,5.6073,0.152801
530330046003,242,es,0.1092,0.002976
530330046003,245,es,0.1352,0.003686
530330046003,247,es,10.0836,0.27478
530330046003,248,es,0.0281,0.000765
530330046003,255,es,0.0193,0.000525
530330046003,261,es,0.118,0.003215
530330046003,262,es,0.0713,0.001943
530330046003,266,es,0.0453,0.001234
530330046003,268,es,0.0748,0.002038
530330046003,269,es,0.1228,0.003347
530330046003,277,es,0.0353,0.000961
530330046003,279,es,0.1381,0.003764
530330046003,281,es,0.0724,0.001973
530330046003,282,es,0.0811,0.002211
530330046003,291,es,0.29,0.007902
530330046003,292,es,0.7885,0.021486
530330046003,930,es,0.6325,0.017235
530330046003,935,es,0.1819,0.004958
530330046003,949,es,0.1224,0.003337
530330046003,971,es,1.5063,0.041047
530330046003,972,es,0.365,0.009946
530330046003,974,es,0.0259,0.000707
530330046003,977,es,0.7424,0.020232
530330047021,201,es,6.56,0.429232
530330047021,204,es,0.208,0.013609
530330047021,209,es,0.0095,0.000623
530330047021,211,es,0.0533,0.003489
530330047021,215,es,0.1114,0.00729
530330047021,241,es,0.3193,0.020893
530330047021,243,es,0.0065,0.000428
530330047021,246,es,0.4332,0.028346
530330047021,247,es,0.3528,0.023081
530330047021,255,es,0.0147,0.00096
530330047021,259,es,0.1125,0.007364
530330047021,281,es,2.2981,0.150371
530330047021,282,es,0.0961,0.00629
530330047021,935,es,0.0139,0.000907
530330047021,949,es,3.3141,0.216848
530330047021,955,es,0.4438,0.029037
530330047021,971,es,0.9358,0.06123
530330047022,201,es,8.375,0.359184
530330047022,204,es,0.3643,0.015625
530330047022,209,es,0.0221,0.000949
530330047022,211,es,0.0756,0.003242
530330047022,215,es,0.1422,0.006101
530330047022,241,es,0.4651,0.019947
530330047022,243,es,0.0084,0.000358
530330047022,246,es,0.6216,0.026657
530330047022,247,es,0.6911,0.02964
530330047022,255,es,0.0341,0.001463
530330047022,259,es,0.1437,0.006162
530330047022,281,es,5.3209,0.228201
530330047022,282,es,0.1714,0.007349
530330047022,935,es,0.0322,0.001382
530330047022,949,es,4.6876,0.201041
530330047022,955,es,0.5983,0.025658
530330047022,971,es,1.5631,0.06704
530330047031,204,es,3.7169,0.025967
530330047031,209,es,0.3754,0.002623
530330047031,211,es,0.2827,0.001975
530330047031,241,es,2.1608,0.015096
530330047031,246,es,2.5758,0.017995
530330047031,247,es,9.0562,0.06327
530330047031,255,es,0.5788,0.004043
530330047031,281,es,89.7879,0.627286
530330047031,282,es,1.8292,0.012779
530330047031,935,es,0.5468,0.00382
530330047031,949,es,17.1748,0.119988
530330047031,955,es,1.1922,0.008329
530330047031,971,es,13.8596,0.096828
530330047032,201,es,3.6803,0.264427
530330047032,204,es,0.145,0.010421
530330047032,208,es,0.0111,0.000801
530330047032,209,es,0.0061,0.00044
530330047032,210,es,0.0162,0.001165
530330047032,211,es,0.0367,0.002638
530330047032,215,es,0.062,0.004457
530330047032,218,es,3.1679,0.227611
530330047032,229,es,0.0289,0.002076
530330047032,241,es,0.9909,0.071195
530330047032,243,es,0.0073,0.000523
530330047032,245,es,0.023,0.001656
530330047032,246,es,0.2761,0.019834
530330047032,247,es,0.4216,0.030295
530330047032,249,es,0.0121,0.000868
530330047032,255,es,0.016,0.00115
530330047032,259,es,0.0627,0.004502
530330047032,279,es,0.0157,0.001127
530330047032,281,es,1.5139,0.108772
530330047032,282,es,0.0714,0.005128
530330047032,292,es,0.0134,0.000965
530330047032,935,es,0.0461,0.003313
530330047032,949,es,2.022,0.145276
530330047032,955,es,0.2497,0.01794
530330047032,971,es,0.96,0.068974
530330047032,974,es,0.0619,0.004446
530330047033,201,es,0.1281,0.004551
530330047033,204,es,0.247,0.008775
530330047033,208,es,0.0467,0.001658
530330047033,209,es,0.016,0.000569
530330047033,210,es,0.0679,0.002412
530330047033,211,es,0.5941,0.021106
530330047033,215,es,0.0001,5e-06
530330047033,218,es,13.2663,0.471278
530330047033,229,es,0.121,0.004299
530330047033,234,es,0.0185,0.000658
530330047033,241,es,3.4849,0.123798
530330047033,243,es,0.0155,0.000552
530330047033,245,es,0.1054,0.003743
530330047033,246,es,0.2327,0.008266
530330047033,247,es,1.2519,0.044472
530330047033,249,es,0.0506,0.001797
530330047033,250,es,0.0012,4.1e-05
530330047033,255,es,0.0522,0.001854
530330047033,259,es,0.0001,5e-06
530330047033,279,es,0.0657,0.002334
530330047033,281,es,3.9875,0.141654
530330047033,282,es,0.136,0.004832
530330047033,289,es,0.0006,2.1e-05
530330047033,291,es,0.019,0.000675
530330047033,292,es,0.0563,0.001998
530330047033,935,es,0.1815,0.006447
530330047033,949,es,1.3244,0.047047
530330047033,955,es,0.0514,0.001826
530330047033,971,es,2.3475,0.083393
530330047033,974,es,0.2796,0.009931
530330048001,201,es,0.0315,0.000842
530330048001,204,es,0.8471,0.022628
530330048001,208,es,0.0125,0.000335
530330048001,209,es,0.0832,0.002222
530330048001,210,es,0.0182,0.000487
530330048001,211,es,0.0698,0.001866
530330048001,218,es,3.561,0.09512
530330048001,229,es,0.0325,0.000868
530330048001,241,es,1.3874,0.037059
530330048001,243,es,0.0041,0.000109
530330048001,245,es,0.0259,0.000692
530330048001,246,es,0.6035,0.01612
530330048001,247,es,2.2371,0.059757
530330048001,249,es,0.0136,0.000363
530330048001,255,es,0.1356,0.003622
530330048001,279,es,0.0176,0.000471
530330048001,281,es,19.9328,0.532442
530330048001,282,es,0.4208,0.01124
530330048001,292,es,0.0151,0.000403
530330048001,935,es,0.163,0.004353
530330048001,949,es,3.9612,0.10581
530330048001,955,es,0.2641,0.007055
530330048001,971,es,3.5296,0.094282
530330048001,974,es,0.0696,0.001858
530330048002,201,es,0.4095,0.005503
530330048002,204,es,0.3078,0.004137
530330048002,208,es,0.1628,0.002188
530330048002,210,es,0.2368,0.003183
530330048002,211,es,0.0936,0.001258
530330048002,218,es,46.2694,0.621796
530330048002,229,es,0.422,0.005672
530330048002,241,es,11.8068,0.158667
530330048002,243,es,0.0531,0.000714
530330048002,245,es,0.3366,0.004523
530330048002,246,es,0.4266,0.005732
530330048002,247,es,2.9993,0.040306
530330048002,249,es,0.1764,0.002371
530330048002,255,es,0.0958,0.001288
530330048002,279,es,0.2292,0.00308
530330048002,281,es,0.5426,0.007292
530330048002,282,es,0.202,0.002714
530330048002,292,es,0.1962,0.002637
530330048002,935,es,0.5433,0.007301
530330048002,949,es,2.0317,0.027303
530330048002,971,es,5.9671,0.080189
530330048002,974,es,0.9038,0.012146
530330048004,201,es,0.1094,0.004112
530330048004,204,es,0.257,0.009655
530330048004,208,es,0.0435,0.001635
530330048004,209,es,0.0176,0.000663
530330048004,210,es,0.0633,0.002378
530330048004,211,es,0.0383,0.00144
530330048004,218,es,12.366,0.464612
530330048004,229,es,0.1128,0.004238
530330048004,241,es,3.2571,0.122374
530330048004,243,es,0.0142,0.000533
530330048004,245,es,0.0899,0.00338
530330048004,246,es,0.2351,0.008832
530330048004,247,es,1.2273,0.046111
530330048004,249,es,0.0472,0.001772
530330048004,255,es,0.0528,0.001985
530330048004,279,es,0.0612,0.002301
530330048004,281,es,4.3655,0.164021
530330048004,282,es,0.14,0.005259
530330048004,292,es,0.0524,0.00197
530330048004,935,es,0.1709,0.006421
530330048004,949,es,1.3503,0.050733
530330048004,955,es,0.056,0.002106
530330048004,971,es,2.2462,0.084395
530330048004,974,es,0.2416,0.009076
530330049011,201,es,0.0525,0.004717
530330049011,204,es,0.0807,0.007255
530330049011,208,es,0.0209,0.001875
530330049011,209,es,0.0042,0.000375
530330049011,210,es,0.0303,0.002728
530330049011,211,es,0.0151,0.001361
530330049011,218,es,5.9274,0.532971
530330049011,229,es,0.0541,0.004861
530330049011,241,es,1.5365,0.138158
530330049011,243,es,0.0068,0.000612
530330049011,245,es,0.0431,0.003877
530330049011,246,es,0.0832,0.007484
530330049011,247,es,0.4847,0.043587
530330049011,249,es,0.0226,0.002032
530330049011,255,es,0.0187,0.001682
530330049011,279,es,0.0294,0.00264
530330049011,281,es,1.0661,0.09586
530330049011,282,es,0.0462,0.004152
530330049011,292,es,0.0251,0.00226
530330049011,935,es,0.0757,0.006804
530330049011,949,es,0.4509,0.040543
530330049011,955,es,0.0132,0.00119
530330049011,971,es,0.9182,0.082566
530330049011,974,es,0.1158,0.010411
530330049012,201,es,0.5461,0.005503
530330049012,204,es,0.4104,0.004136
530330049012,208,es,0.2171,0.002188
530330049012,210,es,0.3158,0.003183
530330049012,211,es,0.1249,0.001258
530330049012,218,es,61.708,0.621823
530330049012,229,es,0.5629,0.005672
530330049012,241,es,15.7463,0.158674
530330049012,243,es,0.0709,0.000714
530330049012,245,es,0.4489,0.004523
530330049012,246,es,0.5688,0.005732
530330049012,247,es,3.9998,0.040305
530330049012,249,es,0.2353,0.002371
530330049012,255,es,0.1278,0.001288
530330049012,279,es,0.3056,0.00308
530330049012,281,es,0.721,0.007266
530330049012,282,es,0.2693,0.002714
530330049012,292,es,0.2617,0.002637
530330049012,935,es,0.7245,0.007301
530330049012,949,es,2.7091,0.027299
530330049012,971,es,7.9577,0.080188
530330049012,974,es,1.2054,0.012147
530330049013,201,es,0.0565,0.005503
530330049013,204,es,0.0425,0.004136
530330049013,208,es,0.0225,0.002188
530330049013,210,es,0.0327,0.003183
530330049013,211,es,0.0129,0.001258
530330049013,218,es,6.3836,0.621823
530330049013,229,es,0.0582,0.005672
530330049013,241,es,1.6289,0.158674
530330049013,243,es,0.0073,0.000714
530330049013,245,es,0.0464,0.004523
530330049013,246,es,0.0588,0.005732
530330049013,247,es,0.4138,0.040305
530330049013,249,es,0.0243,0.002371
530330049013,255,es,0.0132,0.001288
530330049013,279,es,0.0316,0.00308
530330049013,281,es,0.0746,0.007266
530330049013,282,es,0.0279,0.002714
530330049013,292,es,0.0271,0.002637
530330049013,935,es,0.075,0.007301
530330049013,949,es,0.2803,0.027299
530330049013,971,es,0.8232,0.080188
530330049013,974,es,0.1247,0.012147
530330049021,201,es,0.5586,0.005503
530330049021,204,es,0.4198,0.004136
530330049021,208,es,0.2221,0.002188
530330049021,210,es,0.3231,0.003183
530330049021,211,es,0.1277,0.001258
530330049021,218,es,63.1213,0.621823
530330049021,229,es,0.5758,0.005672
530330049021,241,es,16.107,0.158674
530330049021,243,es,0.0725,0.000714
530330049021,245,es,0.4591,0.004523
530330049021,246,es,0.5818,0.005732
530330049021,247,es,4.0914,0.040305
530330049021,249,es,0.2407,0.002371
530330049021,255,es,0.1307,0.001288
530330049021,279,es,0.3126,0.00308
530330049021,281,es,0.7375,0.007266
530330049021,282,es,0.2755,0.002714
530330049021,292,es,0.2677,0.002637
530330049021,935,es,0.7411,0.007301
530330049021,949,es,2.7711,0.027299
530330049021,971,es,8.1399,0.080188
530330049021,974,es,1.233,0.012147
530330050001,201,es,0.4001,0.002597
530330050001,204,es,1.2608,0.008185
530330050001,208,es,0.2315,0.001503
530330050001,209,es,0.0555,0.00036
530330050001,210,es,0.3368,0.002186
530330050001,211,es,0.0916,0.000595
530330050001,218,es,45.5017,0.295411
530330050001,229,es,32.8075,0.212997
530330050001,241,es,23.954,0.155517
530330050001,242,es,0.2418,0.00157
530330050001,243,es,0.0519,0.000337
530330050001,245,es,0.6283,0.004079
530330050001,246,es,0.4178,0.002713
530330050001,247,es,25.265,0.164028
530330050001,248,es,0.0622,0.000404
530330050001,249,es,0.1724,0.001119
530330050001,255,es,0.1365,0.000886
530330050001,261,es,0.2613,0.001696
530330050001,262,es,0.1579,0.001025
530330050001,266,es,0.1003,0.000651
530330050001,268,es,0.1657,0.001076
530330050001,269,es,0.272,0.001766
530330050001,277,es,0.0781,0.000507
530330050001,279,es,0.5298,0.00344
530330050001,281,es,0.7276,0.004724
530330050001,282,es,0.3778,0.002453
530330050001,291,es,0.6422,0.004169
530330050001,292,es,1.9378,0.012581
530330050001,930,es,1.4007,0.009094
530330050001,935,es,0.9339,0.006063
530330050001,949,es,2.2632,0.014693
530330050001,955,es,0.0005,3e-06
530330050001,971,es,9.1713,0.059543
530330050001,972,es,0.8083,0.005248
530330050001,974,es,0.9405,0.006106
530330050001,977,es,1.6442,0.010675
530330050002,201,es,0.4384,0.005503
530330050002,204,es,0.3295,0.004136
530330050002,208,es,0.1743,0.002188
530330050002,210,es,0.2536,0.003183
530330050002,211,es,0.1003,0.001258
530330050002,218,es,49.5419,0.621823
530330050002,229,es,0.4519,0.005672
530330050002,241,es,12.6418,0.158674
530330050002,243,es,0.0569,0.000714
530330050002,245,es,0.3604,0.004523
530330050002,246,es,0.4567,0.005732
530330050002,247,es,3.2112,0.040305
530330050002,249,es,0.1889,0.002371
530330050002,255,es,0.1026,0.001288
530330050002,279,es,0.2454,0.00308
530330050002,281,es,0.5789,0.007266
530330050002,282,es,0.2162,0.002714
530330050002,292,es,0.2101,0.002637
530330050002,935,es,0.5817,0.007301
530330050002,949,es,2.175,0.027299
530330050002,971,es,6.3888,0.080188
530330050002,974,es,0.9677,0.012147
530330050003,201,es,0.1059,0.005503
530330050003,204,es,0.0796,0.004136
530330050003,208,es,0.0421,0.002188
530330050003,210,es,0.0612,0.003183
530330050003,211,es,0.0242,0.001258
530330050003,218,es,11.9639,0.621823
530330050003,229,es,0.1091,0.005672
530330050003,241,es,3.0529,0.158674
530330050003,243,es,0.0137,0.000714
530330050003,245,es,0.087,0.004523
530330050003,246,es,0.1103,0.005732
530330050003,247,es,0.7755,0.040305
530330050003,249,es,0.0456,0.002371
530330050003,255,es,0.0248,0.001288
530330050003,279,es,0.0593,0.00308
530330050003,281,es,0.1398,0.007266
530330050003,282,es,0.0522,0.002714
530330050003,292,es,0.0507,0.002637
530330050003,935,es,0.1405,0.007301
530330050003,949,es,0.5252,0.027299
530330050003,971,es,1.5428,0.080188
530330050003,974,es,0.2337,0.012147
530330051001,201,es,0.0125,0.000486
530330051001,204,es,0.2854,0.011118
530330051001,208,es,0.0258,0.001006
530330051001,209,es,0.0159,0.000621
530330051001,210,es,0.0376,0.001463
530330051001,211,es,0.0029,0.000111
530330051001,218,es,1.4945,0.058231
530330051001,229,es,9.3404,0.363925
530330051001,241,es,3.935,0.153319
530330051001,242,es,0.0696,0.002713
530330051001,243,es,0.0016,6.3e-05
530330051001,245,es,0.0965,0.003759
530330051001,246,es,0.013,0.000506
530330051001,247,es,6.5211,0.254077
530330051001,248,es,0.0179,0.000698
530330051001,249,es,0.0054,0.000209
530330051001,255,es,0.0152,0.000592
530330051001,261,es,0.0752,0.002931
530330051001,262,es,0.0455,0.001771
530330051001,266,es,0.0289,0.001125
530330051001,268,es,0.0477,0.001858
530330051001,269,es,0.0783,0.003051
530330051001,277,es,0.0225,0.000876
530330051001,279,es,0.0951,0.003704
530330051001,281,es,0.0626,0.002441
530330051001,282,es,0.0579,0.002256
530330051001,291,es,0.1849,0.007204
530330051001,292,es,0.5087,0.019821
530330051001,930,es,0.4033,0.015713
530330051001,935,es,0.1326,0.005165
530330051001,949,es,0.1399,0.005452
530330051001,971,es,1.1422,0.044503
530330051001,972,es,0.2327,0.009068
530330051001,974,es,0.0441,0.001717
530330051001,977,es,0.4734,0.018445
530330051002,201,es,0.103,0.002375
530330051002,204,es,0.3679,0.008488
530330051002,208,es,0.0629,0.001451
530330051002,209,es,0.0168,0.000387
530330051002,210,es,0.0915,0.002111
530330051002,211,es,0.0235,0.000543
530330051002,218,es,11.724,0.270485
530330051002,229,es,9.926,0.229003
530330051002,241,es,6.7329,0.155336
530330051002,242,es,0.0733,0.001691
530330051002,243,es,0.0134,0.000308
530330051002,245,es,0.1754,0.004047
530330051002,246,es,0.1072,0.002474
530330051002,247,es,7.5232,0.173569
530330051002,248,es,0.0189,0.000435
530330051002,249,es,0.0444,0.001024
530330051002,255,es,0.037,0.000854
530330051002,261,es,0.0792,0.001827
530330051002,262,es,0.0479,0.001104
530330051002,266,es,0.0304,0.000701
530330051002,268,es,0.0502,0.001159
530330051002,269,es,0.0824,0.001902
530330051002,277,es,0.0237,0.000546
530330051002,279,es,0.1504,0.003469
530330051002,281,es,0.1846,0.004258
530330051002,282,es,0.1052,0.002428
530330051002,291,es,0.1947,0.004491
530330051002,292,es,0.5786,0.01335
530330051002,930,es,0.4246,0.009795
530330051002,935,es,0.2587,0.005969
530330051002,949,es,0.593,0.01368
530330051002,971,es,2.5115,0.057942
530330051002,972,es,0.245,0.005653
530330051002,974,es,0.2447,0.005645
530330051002,977,es,0.4984,0.011499
530330051003,201,es,0.1059,0.00246
530330051003,204,es,0.3602,0.00837
530330051003,208,es,0.0633,0.001471
530330051003,209,es,0.0162,0.000376
530330051003,210,es,0.0921,0.00214
530330051003,211,es,0.0242,0.000563
530330051003,218,es,12.0481,0.280004
530330051003,229,es,9.5933,0.222952
530330051003,241,es,6.6877,0.155426
530330051003,242,es,0.0708,0.001645
530330051003,243,es,0.0137,0.000319
530330051003,245,es,0.1747,0.00406
530330051003,246,es,0.1103,0.002562
530330051003,247,es,7.313,0.169958
530330051003,248,es,0.0182,0.000423
530330051003,249,es,0.0456,0.00106
530330051003,255,es,0.0373,0.000866
530330051003,261,es,0.0765,0.001778
530330051003,262,es,0.0462,0.001074
530330051003,266,es,0.0294,0.000682
530330051003,268,es,0.0485,0.001127
530330051003,269,es,0.0796,0.001851
530330051003,277,es,0.0229,0.000531
530330051003,279,es,0.1488,0.003458
530330051003,281,es,0.1867,0.004339
530330051003,282,es,0.1048,0.002436
530330051003,291,es,0.188,0.004369
530330051003,292,es,0.5619,0.013059
530330051003,930,es,0.4101,0.00953
530330051003,935,es,0.2584,0.006005
530330051003,949,es,0.6045,0.014049
530330051003,971,es,2.5191,0.058545
530330051003,972,es,0.2366,0.0055
530330051003,974,es,0.2505,0.005821
530330051003,977,es,0.4814,0.011187
530330052011,204,es,0.242,0.011783
530330052011,208,es,0.0183,0.00089
530330052011,209,es,0.014,0.00068
530330052011,210,es,0.0266,0.001295
530330052011,212,es,0.0023,0.000111
530330052011,218,es,0.0749,0.003647
530330052011,229,es,8.1777,0.398233
530330052011,241,es,3.1356,0.152695
530330052011,242,es,0.061,0.002973
530330052011,245,es,0.0756,0.003682
530330052011,246,es,0.0003,1.3e-05
530330052011,247,es,5.6377,0.274543
530330052011,248,es,0.0157,0.000765
530330052011,255,es,0.0198,0.000965
530330052011,261,es,0.066,0.003212
530330052011,262,es,0.0399,0.001941
530330052011,266,es,0.0253,0.001232
530330052011,268,es,0.0418,0.002036
530330052011,269,es,0.0687,0.003344
530330052011,277,es,0.0197,0.00096
530330052011,279,es,0.0772,0.003761
530330052011,281,es,0.0405,0.001972
530330052011,282,es,0.0454,0.002209
530330052011,287,es,0.0002,1e-05
530330052011,291,es,0.1621,0.007894
530330052011,292,es,0.4408,0.021465
530330052011,930,es,0.3536,0.017218
530330052011,935,es,0.1081,0.005266
530330052011,949,es,0.0685,0.003333
530330052011,971,es,0.8423,0.041016
530330052011,972,es,0.204,0.009937
530330052011,974,es,0.0145,0.000706
530330052011,977,es,0.4151,0.020212
530330052012,204,es,0.2459,0.011794
530330052012,208,es,0.0186,0.000891
530330052012,209,es,0.0142,0.000681
530330052012,210,es,0.027,0.001297
530330052012,218,es,0.0761,0.00365
530330052012,229,es,8.3106,0.398619
530330052012,241,es,3.1857,0.152801
530330052012,242,es,0.062,0.002976
530330052012,245,es,0.0768,0.003686
530330052012,247,es,5.7288,0.27478
530330052012,248,es,0.016,0.000765
530330052012,255,es,0.0109,0.000525
530330052012,261,es,0.067,0.003215
530330052012,262,es,0.0405,0.001943
530330052012,266,es,0.0257,0.001234
530330052012,268,es,0.0425,0.002038
530330052012,269,es,0.0698,0.003347
530330052012,277,es,0.02,0.000961
530330052012,279,es,0.0785,0.003764
530330052012,281,es,0.0411,0.001973
530330052012,282,es,0.0461,0.002211
530330052012,291,es,0.1647,0.007902
530330052012,292,es,0.4479,0.021486
530330052012,930,es,0.3593,0.017235
530330052012,935,es,0.1034,0.004958
530330052012,949,es,0.0696,0.003337
530330052012,971,es,0.8558,0.041047
530330052012,972,es,0.2074,0.009946
530330052012,974,es,0.0147,0.000707
530330052012,977,es,0.4218,0.020232
530330052022,204,es,0.2845,0.011794
530330052022,208,es,0.0215,0.000891
530330052022,209,es,0.0164,0.000681
530330052022,210,es,0.0313,0.001297
530330052022,218,es,0.0881,0.00365
530330052022,229,es,9.6167,0.398619
530330052022,241,es,3.6863,0.152801
530330052022,242,es,0.0718,0.002976
530330052022,245,es,0.0889,0.003686
530330052022,247,es,6.629,0.27478
530330052022,248,es,0.0185,0.000765
530330052022,255,es,0.0127,0.000525
530330052022,261,es,0.0776,0.003215
530330052022,262,es,0.0469,0.001943
530330052022,266,es,0.0298,0.001234
530330052022,268,es,0.0492,0.002038
530330052022,269,es,0.0807,0.003347
530330052022,277,es,0.0232,0.000961
530330052022,279,es,0.0908,0.003764
530330052022,281,es,0.0476,0.001973
530330052022,282,es,0.0533,0.002211
530330052022,291,es,0.1906,0.007902
530330052022,292,es,0.5183,0.021486
530330052022,930,es,0.4158,0.017235
530330052022,935,es,0.1196,0.004958
530330052022,949,es,0.0805,0.003337
530330052022,971,es,0.9903,0.041047
530330052022,972,es,0.24,0.009946
530330052022,974,es,0.0171,0.000707
530330052022,977,es,0.4881,0.020232
530330053031,204,es,0.0036,0.004872
530330053031,205,es,0.0485,0.065346
530330053031,208,es,0.0003,0.000368
530330053031,209,es,0.001,0.001408
530330053031,210,es,0.0004,0.000536
530330053031,212,es,0.0029,0.003938
530330053031,218,es,0.0011,0.001508
530330053031,229,es,0.1236,0.166572
530330053031,241,es,0.0528,0.071117
530330053031,242,es,0.2983,0.401815
530330053031,245,es,0.0011,0.001522
530330053031,246,es,0.0003,0.000451
530330053031,247,es,0.0918,0.123622
530330053031,248,es,0.0002,0.000316
530330053031,255,es,0.0117,0.015827
530330053031,261,es,0.001,0.001328
530330053031,262,es,0.0006,0.000803
530330053031,266,es,0.0004,0.00051
530330053031,268,es,0.0006,0.000842
530330053031,269,es,0.0031,0.004152
530330053031,277,es,0.0003,0.000397
530330053031,279,es,0.0027,0.003632
530330053031,281,es,0.0006,0.000815
530330053031,282,es,0.0007,0.000913
530330053031,287,es,0.0185,0.024875
530330053031,291,es,0.0024,0.003264
530330053031,292,es,0.0092,0.012431
530330053031,930,es,0.0053,0.007119
530330053031,935,es,0.011,0.014799
530330053031,949,es,0.001,0.001378
530330053031,971,es,0.0128,0.017279
530330053031,972,es,0.003,0.004109
530330053031,974,es,0.0002,0.000292
530330053031,977,es,0.0311,0.041844
530330053051,204,es,0.327,0.011749
530330053051,205,es,0.0128,0.000459
530330053051,208,es,0.0247,0.000888
530330053051,209,es,0.0191,0.000686
530330053051,210,es,0.036,0.001292
530330053051,218,es,0.1012,0.003636
530330053051,229,es,11.0535,0.397086
530330053051,241,es,4.2382,0.152253
530330053051,242,es,0.1608,0.005776
530330053051,245,es,0.1022,0.003671
530330053051,247,es,7.621,0.273777
530330053051,248,es,0.0212,0.000762
530330053051,255,es,0.0145,0.000523
530330053051,261,es,0.0891,0.003202
530330053051,262,es,0.0539,0.001935
530330053051,266,es,0.0342,0.001229
530330053051,268,es,0.0565,0.002031
530330053051,269,es,0.0933,0.003353
530330053051,277,es,0.0266,0.000957
530330053051,279,es,0.1048,0.003764
530330053051,281,es,0.0547,0.001966
530330053051,282,es,0.0613,0.002203
530330053051,287,es,0.0048,0.000172
530330053051,291,es,0.2191,0.007871
530330053051,292,es,0.5965,0.021427
530330053051,930,es,0.4779,0.017168
530330053051,935,es,0.1378,0.00495
530330053051,949,es,0.0925,0.003324
530330053051,971,es,1.1382,0.040888
530330053051,972,es,0.2758,0.009908
530330053051,974,es,0.0196,0.000704
530330053051,977,es,0.5675,0.020388
530330053061,204,es,0.1786,0.008748
530330053061,205,es,0.6236,0.030549
530330053061,208,es,0.0135,0.000661
530330053061,209,es,0.0211,0.001032
530330053061,210,es,0.0196,0.000962
530330053061,218,es,0.0553,0.002707
530330053061,229,es,6.0534,0.296542
530330053061,241,es,2.3753,0.116361
530330053061,242,es,3.8679,0.189478
530330053061,245,es,0.0558,0.002733
530330053061,247,es,4.2467,0.208034
530330053061,248,es,0.0116,0.000568
530330053061,255,es,0.0079,0.000389
530330053061,261,es,0.0487,0.002384
530330053061,262,es,0.0294,0.001441
530330053061,266,es,0.0187,0.000915
530330053061,268,es,0.0309,0.001512
530330053061,269,es,0.0771,0.003777
530330053061,277,es,0.0145,0.000713
530330053061,279,es,0.0768,0.003763
530330053061,281,es,0.0299,0.001464
530330053061,282,es,0.0335,0.00164
530330053061,287,es,0.234,0.011461
530330053061,291,es,0.1196,0.005861
530330053061,292,es,0.3592,0.017598
530330053061,930,es,0.2609,0.012783
530330053061,935,es,0.0907,0.004444
530330053061,949,es,0.0505,0.002475
530330053061,971,es,0.6215,0.030444
530330053061,972,es,0.1506,0.007377
530330053061,974,es,0.0107,0.000524
530330053061,977,es,0.6259,0.03066
530330054012,201,es,0.0351,0.00291
530330054012,204,es,0.0849,0.007039
530330054012,208,es,0.0169,0.0014
530330054012,209,es,0.0036,0.000296
530330054012,210,es,0.0246,0.002036
530330054012,211,es,0.013,0.00108
530330054012,212,es,0.0256,0.002122
530330054012,218,es,3.4964,0.289856
530330054012,226,es,0.0428,0.003546
530330054012,229,es,2.1208,0.17582
530330054012,234,es,0.5149,0.042689
530330054012,241,es,1.7195,0.142546
530330054012,242,es,0.0156,0.001293
530330054012,243,es,0.004,0.00033
530330054012,245,es,0.0733,0.00608
530330054012,246,es,0.044,0.003652
530330054012,247,es,1.6891,0.14003
530330054012,248,es,0.004,0.000333
530330054012,249,es,0.0132,0.001098
530330054012,250,es,0.0037,0.000307
530330054012,255,es,0.1114,0.009236
530330054012,261,es,0.0168,0.001397
530330054012,262,es,0.0102,0.000844
530330054012,266,es,0.0065,0.000536
530330054012,268,es,0.0107,0.000886
530330054012,269,es,0.0175,0.001454
530330054012,277,es,0.005,0.000417
530330054012,279,es,0.0369,0.003061
530330054012,281,es,0.0509,0.00422
530330054012,282,es,0.0267,0.002217
530330054012,287,es,0.0023,0.000193
530330054012,291,es,0.0414,0.003433
530330054012,292,es,0.1273,0.010556
530330054012,930,es,0.0903,0.007488
530330054012,935,es,0.1428,0.011841
530330054012,949,es,0.1699,0.014085
530330054012,971,es,0.7532,0.062442
530330054012,972,es,0.0521,0.004322
530330054012,974,es,0.3392,0.028121
530330054012,977,es,0.106,0.00879
530330056001,201,es,0.8855,0.005509
530330056001,204,es,3.4105,0.021219
530330056001,211,es,0.7214,0.004488
530330056001,229,es,0.7131,0.004436
530330056001,234,es,2.234,0.013899
530330056001,241,es,5.4157,0.033694
530330056001,243,es,69.5479,0.432691
530330056001,250,es,9.4246,0.058635
530330056001,281,es,0.3897,0.002424
530330056001,289,es,39.2983,0.244494
530330056001,949,es,0.8785,0.005466
530330056001,955,es,3.2283,0.020085
530330056001,971,es,24.5859,0.152961
530330056002,201,es,0.0529,0.004775
530330056002,204,es,0.2623,0.023688
530330056002,211,es,0.052,0.004696
530330056002,229,es,0.0627,0.005662
530330056002,234,es,0.1437,0.012976
530330056002,241,es,0.3234,0.029202
530330056002,243,es,4.1831,0.377756
530330056002,250,es,0.6701,0.060513
530330056002,281,es,0.0233,0.002101
530330056002,289,es,3.3785,0.305094
530330056002,949,es,0.0525,0.004737
530330056002,955,es,0.2116,0.019107
530330056002,971,es,1.6576,0.149693
530330056003,204,es,1.0728,0.031925
530330056003,211,es,0.2601,0.007739
530330056003,229,es,0.4115,0.012245
530330056003,234,es,0.3448,0.010259
530330056003,241,es,0.296,0.00881
530330056003,243,es,0.6106,0.01817
530330056003,247,es,0.0827,0.002462
530330056003,250,es,7.1057,0.21145
530330056003,289,es,19.0278,0.566222
530330056003,955,es,0.3441,0.01024
530330056003,971,es,3.9418,0.117298
530330056003,974,es,0.1068,0.003179
530330056004,204,es,8.371,0.039747
530330056004,211,es,1.2736,0.006047
530330056004,229,es,2.8702,0.013628
530330056004,234,es,1.4695,0.006977
530330056004,243,es,4.3357,0.020586
530330056004,250,es,15.3166,0.072725
530330056004,289,es,147.2359,0.699093
530330056004,955,es,2.685,0.012749
530330056004,971,es,27.0523,0.128447
530330056005,204,es,0.7892,0.010424
530330056005,211,es,0.9381,0.01239
530330056005,229,es,0.6393,0.008444
530330056005,234,es,1.4599,0.019282
530330056005,241,es,2.5005,0.033027
530330056005,243,es,0.8729,0.011529
530330056005,247,es,0.6987,0.009228
530330056005,250,es,44.8817,0.5928
530330056005,289,es,15.2153,0.200965
530330056005,955,es,0.2531,0.003343
530330056005,971,es,6.5602,0.086647
530330056005,974,es,0.9024,0.011919
530330057001,201,es,1.6649,0.010909
530330057001,204,es,1.8716,0.012264
530330057001,211,es,0.5702,0.003737
530330057001,215,es,0.0072,4.7e-05
530330057001,234,es,2.618,0.017154
530330057001,241,es,7.6033,0.049821
530330057001,243,es,95.9128,0.62847
530330057001,246,es,0.0238,0.000156
530330057001,247,es,0.008,5.2e-05
530330057001,250,es,7.8716,0.051579
530330057001,259,es,0.0073,4.8e-05
530330057001,281,es,0.5473,0.003586
530330057001,282,es,0.0032,2.1e-05
530330057001,289,es,3.8096,0.024962
530330057001,949,es,1.4169,0.009284
530330057001,955,es,3.6145,0.023684
530330057001,971,es,25.0629,0.164225
530330057002,201,es,0.0498,0.002686
530330057002,204,es,0.2466,0.013303
530330057002,211,es,0.1679,0.009054
530330057002,229,es,0.1125,0.006069
530330057002,234,es,0.3274,0.017658
530330057002,241,es,0.6681,0.036037
530330057002,243,es,4.0068,0.216114
530330057002,247,es,0.1016,0.00548
530330057002,250,es,6.9464,0.374665
530330057002,281,es,0.0219,0.001182
530330057002,289,es,3.3687,0.181694
530330057002,949,es,0.0494,0.002665
530330057002,955,es,0.1991,0.01074
530330057002,971,es,2.1428,0.115578
530330057002,974,es,0.1312,0.007077
530330057003,204,es,1.8429,0.01912
530330057003,211,es,1.0129,0.010509
530330057003,229,es,0.962,0.009981
530330057003,234,es,1.5067,0.015633
530330057003,241,es,2.2391,0.023232
530330057003,243,es,1.3701,0.014215
530330057003,247,es,0.6256,0.006491
530330057003,250,es,42.2689,0.438556
530330057003,289,es,33.6085,0.3487
530330057003,955,es,0.5911,0.006133
530330057003,971,es,9.5461,0.099045
530330057003,974,es,0.8081,0.008384
530330057004,201,es,0.2741,0.007588
530330057004,204,es,0.4119,0.011404
530330057004,211,es,0.1629,0.00451
530330057004,229,es,0.0169,0.000469
530330057004,234,es,0.6392,0.017695
530330057004,241,es,1.7911,0.049587
530330057004,243,es,21.2145,0.587326
530330057004,247,es,0.0321,0.000888
530330057004,250,es,3.7342,0.103382
530330057004,281,es,0.1206,0.003339
530330057004,289,es,0.903,0.025001
530330057004,949,es,0.2719,0.007528
530330057004,955,es,0.7927,0.021947
530330057004,971,es,5.7138,0.158187
530330057004,974,es,0.0414,0.001147
530330057005,201,es,0.6683,0.008168
530330057005,204,es,1.0045,0.012276
530330057005,211,es,0.3056,0.003735
530330057005,234,es,1.4106,0.01724
530330057005,241,es,4.0875,0.049956
530330057005,243,es,51.678,0.631589
530330057005,250,es,4.2412,0.051835
530330057005,281,es,0.2941,0.003595
530330057005,289,es,2.0526,0.025086
530330057005,949,es,0.663,0.008104
530330057005,955,es,1.9331,0.023625
530330057005,971,es,13.4836,0.164792
530330058011,201,es,0.1184,0.001616
530330058011,204,es,0.178,0.002428
530330058011,211,es,0.9154,0.012487
530330058011,229,es,0.3882,0.005295
530330058011,234,es,1.6411,0.022387
530330058011,241,es,3.357,0.045794
530330058011,243,es,9.6474,0.131603
530330058011,247,es,0.7356,0.010034
530330058011,250,es,46.4833,0.634098
530330058011,281,es,0.0521,0.000711
530330058011,289,es,1.7684,0.024124
530330058011,949,es,0.1175,0.001603
530330058011,955,es,0.3426,0.004673
530330058011,971,es,6.6112,0.090186
530330058011,974,es,0.95,0.01296
530330058012,201,es,0.0444,0.0014
530330058012,204,es,0.0667,0.002104
530330058012,211,es,0.4049,0.012775
530330058012,229,es,0.1734,0.00547
530330058012,234,es,0.7149,0.022557
530330058012,241,es,1.4471,0.045657
530330058012,243,es,3.6495,0.115146
530330058012,247,es,0.3285,0.010365
530330058012,250,es,20.7051,0.653263
530330058012,281,es,0.0195,0.000616
530330058012,289,es,0.7636,0.024092
530330058012,949,es,0.044,0.001389
530330058012,955,es,0.1284,0.00405
530330058012,971,es,2.7806,0.08773
530330058012,974,es,0.4243,0.013387
530330058013,201,es,0.4104,0.008168
530330058013,204,es,0.6168,0.012276
530330058013,211,es,0.1877,0.003736
530330058013,234,es,0.8662,0.01724
530330058013,241,es,2.51,0.049956
530330058013,243,es,31.7335,0.631584
530330058013,250,es,2.6047,0.051841
530330058013,281,es,0.1806,0.003595
530330058013,289,es,1.2604,0.025086
530330058013,949,es,0.4072,0.008103
530330058013,955,es,1.187,0.023625
530330058013,971,es,8.2798,0.164791
530330058014,201,es,0.1633,0.007824
530330058014,204,es,0.1915,0.009176
530330058014,211,es,1.3976,0.066978
530330058014,215,es,0.0005,2.4e-05
530330058014,229,es,0.0241,0.001157
530330058014,234,es,0.3976,0.019053
530330058014,241,es,0.9584,0.045931
530330058014,243,es,9.8549,0.472285
530330058014,245,es,0.0205,0.000984
530330058014,246,es,0.0017,8.1e-05
530330058014,247,es,0.0585,0.002805
530330058014,250,es,3.6538,0.175105
530330058014,259,es,0.0005,2.5e-05
530330058014,281,es,0.056,0.002684
530330058014,282,es,0.0002,1.1e-05
530330058014,289,es,0.479,0.022954
530330058014,291,es,0.044,0.00211
530330058014,935,es,0.0055,0.000265
530330058014,949,es,0.1516,0.007265
530330058014,955,es,0.3694,0.017702
530330058014,971,es,2.9313,0.140482
530330058014,974,es,0.1064,0.005098
530330058031,211,es,0.9195,0.014645
530330058031,229,es,0.4145,0.006601
530330058031,234,es,1.4853,0.023657
530330058031,241,es,2.8108,0.044768
530330058031,243,es,0.5217,0.00831
530330058031,247,es,0.7854,0.012509
530330058031,250,es,48.8274,0.777681
530330058031,289,es,1.4997,0.023886
530330058031,971,es,4.5073,0.071788
530330058031,974,es,1.0144,0.016156
530330058032,211,es,0.6731,0.014645
530330058032,229,es,0.3034,0.006601
530330058032,234,es,1.0873,0.023657
530330058032,241,es,2.0576,0.044768
530330058032,243,es,0.3819,0.00831
530330058032,247,es,0.5749,0.012509
530330058032,250,es,35.7435,0.777681
530330058032,289,es,1.0978,0.023886
530330058032,971,es,3.2995,0.071788
530330058032,974,es,0.7425,0.016156
530330058041,201,es,0.0384,0.0012
530330058041,202,es,0.0004,1.2e-05
530330058041,205,es,0.0005,1.5e-05
530330058041,207,es,0.0001,5e-06
530330058041,211,es,1.2196,0.038083
530330058041,212,es,0.0003,8e-06
530330058041,218,es,0.0448,0.001398
530330058041,226,es,0.3372,0.010531
530330058041,229,es,0.1518,0.004741
530330058041,234,es,4.6153,0.144121
530330058041,235,es,0.0002,5e-06
530330058041,241,es,1.2205,0.038113
530330058041,243,es,0.1911,0.005968
530330058041,245,es,0.2464,0.007695
530330058041,246,es,0.0716,0.002235
530330058041,247,es,0.4299,0.013424
530330058041,250,es,17.9178,0.55951
530330058041,272,es,0.0001,4e-06
530330058041,286,es,0.0001,4e-06
530330058041,289,es,0.5503,0.017183
530330058041,291,es,0.0287,0.000897
530330058041,935,es,0.0346,0.00108
530330058041,939,es,0.0002,7e-06
530330058041,949,es,0.0081,0.000252
530330058041,971,es,2.4112,0.075292
530330058041,972,es,0.0001,4e-06
530330058041,974,es,2.5045,0.078206
530330058042,201,es,0.0064,0.003886
530330058042,211,es,1.3231,0.799825
530330058042,234,es,0.0443,0.026771
530330058042,241,es,0.0172,0.010402
530330058042,245,es,0.0211,0.012776
530330058042,247,es,0.0127,0.00765
530330058042,250,es,0.0089,0.005394
530330058042,289,es,0.0016,0.000968
530330058042,291,es,0.0453,0.027392
530330058042,935,es,0.0057,0.003437
530330058042,949,es,0.0128,0.007711
530330058042,971,es,0.1063,0.064231
530330058042,974,es,0.0488,0.029486
530330059011,201,es,0.3066,0.003993
530330059011,204,es,0.0175,0.000227
530330059011,208,es,0.009,0.000118
530330059011,210,es,0.0131,0.000171
530330059011,211,es,58.3667,0.76016
530330059011,218,es,2.5665,0.033426
530330059011,229,es,0.0234,0.000305
530330059011,234,es,1.9458,0.025342
530330059011,241,es,1.3999,0.018231
530330059011,243,es,0.0234,0.000305
530330059011,245,es,0.951,0.012385
530330059011,246,es,0.0237,0.000308
530330059011,247,es,0.7202,0.00938
530330059011,249,es,0.0098,0.000127
530330059011,250,es,0.1217,0.001584
530330059011,255,es,0.0053,6.9e-05
530330059011,279,es,0.0127,0.000166
530330059011,281,es,0.0301,0.000392
530330059011,282,es,0.0112,0.000146
530330059011,289,es,0.063,0.000821
530330059011,291,es,1.9989,0.026034
530330059011,292,es,0.0109,0.000142
530330059011,935,es,0.281,0.003659
530330059011,949,es,0.6756,0.008799
530330059011,955,es,0.0008,1e-05
530330059011,971,es,4.9982,0.065096
530330059011,974,es,2.1961,0.028602
530330059012,201,es,0.106,0.003905
530330059012,211,es,21.8109,0.803629
530330059012,234,es,0.727,0.026786
530330059012,241,es,0.2778,0.010235
530330059012,245,es,0.3484,0.012838
530330059012,247,es,0.207,0.007627
530330059012,250,es,0.0448,0.001652
530330059012,289,es,0.0233,0.000857
530330059012,291,es,0.747,0.027525
530330059012,935,es,0.0937,0.003454
530330059012,949,es,0.2103,0.007748
530330059012,971,es,1.7423,0.064194
530330059012,974,es,0.802,0.02955
530330059013,201,es,0.0094,0.003905
530330059013,211,es,1.9387,0.803629
530330059013,234,es,0.0646,0.026786
530330059013,241,es,0.0247,0.010235
530330059013,245,es,0.031,0.012838
530330059013,247,es,0.0184,0.007627
530330059013,250,es,0.004,0.001652
530330059013,289,es,0.0021,0.000857
530330059013,291,es,0.0664,0.027525
530330059013,935,es,0.0083,0.003454
530330059013,949,es,0.0187,0.007748
530330059013,971,es,0.1549,0.064194
530330059013,974,es,0.0713,0.02955
530330059021,201,es,0.2392,0.003905
530330059021,211,es,49.2214,0.803629
530330059021,234,es,1.6406,0.026786
530330059021,241,es,0.6269,0.010235
530330059021,245,es,0.7863,0.012838
530330059021,247,es,0.4671,0.007627
530330059021,250,es,0.1012,0.001652
530330059021,289,es,0.0525,0.000857
530330059021,291,es,1.6859,0.027525
530330059021,935,es,0.2115,0.003454
530330059021,949,es,0.4746,0.007748
530330059021,971,es,3.9318,0.064194
530330059021,974,es,1.8099,0.02955
530330059022,201,es,0.3937,0.003905
530330059022,211,es,81.0356,0.803629
530330059022,234,es,2.7011,0.026786
530330059022,241,es,1.0321,0.010235
530330059022,245,es,1.2945,0.012838
530330059022,247,es,0.769,0.007627
530330059022,250,es,0.1666,0.001652
530330059022,289,es,0.0864,0.000857
530330059022,291,es,2.7755,0.027525
530330059022,935,es,0.3483,0.003454
530330059022,949,es,0.7813,0.007748
530330059022,971,es,6.4732,0.064194
530330059022,974,es,2.9798,0.02955
530330059023,201,es,0.1207,0.003905
530330059023,211,es,24.8428,0.803629
530330059023,234,es,0.8281,0.026786
530330059023,241,es,0.3164,0.010235
530330059023,245,es,0.3969,0.012838
530330059023,247,es,0.2358,0.007627
530330059023,250,es,0.0511,0.001652
530330059023,289,es,0.0265,0.000857
530330059023,291,es,0.8509,0.027525
530330059023,935,es,0.1068,0.003454
530330059023,949,es,0.2395,0.007748
530330059023,971,es,1.9844,0.064194
530330059023,974,es,0.9135,0.02955
530330060002,201,es,0.1114,0.004327
530330060002,204,es,0.0015,5.7e-05
530330060002,208,es,0.0008,3e-05
530330060002,210,es,0.0011,4.4e-05
530330060002,211,es,0.1506,0.005849
530330060002,218,es,0.3648,0.014163
530330060002,226,es,1.07,0.041548
530330060002,229,es,0.002,7.9e-05
530330060002,234,es,12.8813,0.500155
530330060002,241,es,0.6306,0.024484
530330060002,243,es,0.0003,1e-05
530330060002,245,es,0.7214,0.02801
530330060002,246,es,0.2301,0.008934
530330060002,247,es,0.442,0.017162
530330060002,249,es,0.0008,3.3e-05
530330060002,250,es,0.0926,0.003597
530330060002,255,es,0.0005,1.8e-05
530330060002,279,es,0.0011,4.3e-05
530330060002,281,es,0.0026,0.000101
530330060002,282,es,0.001,3.8e-05
530330060002,292,es,0.0009,3.7e-05
530330060002,935,es,0.0994,0.003861
530330060002,949,es,0.0098,0.000379
530330060002,971,es,2.2373,0.086869
530330060002,974,es,6.7007,0.260174
530330060003,201,es,0.3558,0.004076
530330060003,211,es,40.7307,0.466554
530330060003,218,es,0.2071,0.002372
530330060003,226,es,1.5542,0.017803
530330060003,234,es,20.0602,0.229782
530330060003,241,es,1.3495,0.015459
530330060003,245,es,1.6926,0.019389
530330060003,246,es,0.3312,0.003794
530330060003,247,es,1.0056,0.011518
530330060003,250,es,0.2178,0.002495
530330060003,289,es,0.0432,0.000495
530330060003,291,es,1.3876,0.015894
530330060003,935,es,0.3147,0.003605
530330060003,949,es,0.3906,0.004474
530330060003,971,es,6.4441,0.073815
530330060003,974,es,11.216,0.128475
530330060004,201,es,0.0327,0.004125
530330060004,204,es,0.0023,0.000296
530330060004,208,es,0.0012,0.000156
530330060004,210,es,0.0018,0.000227
530330060004,211,es,4.2729,0.538413
530330060004,218,es,0.3643,0.0459
530330060004,226,es,0.0871,0.010979
530330060004,229,es,0.0032,0.000405
530330060004,234,es,1.1909,0.150061
530330060004,241,es,0.191,0.024064
530330060004,243,es,0.0004,5.1e-05
530330060004,245,es,0.1292,0.016283
530330060004,246,es,0.0218,0.002749
530330060004,247,es,0.0981,0.012362
530330060004,249,es,0.0013,0.000169
530330060004,250,es,0.0163,0.002054
530330060004,255,es,0.0007,9.2e-05
530330060004,279,es,0.0017,0.00022
530330060004,281,es,0.0041,0.000519
530330060004,282,es,0.0015,0.000194
530330060004,289,es,0.0045,0.000572
530330060004,291,es,0.1459,0.018385
530330060004,292,es,0.0015,0.000188
530330060004,935,es,0.0303,0.003822
530330060004,949,es,0.0566,0.007126
530330060004,971,es,0.5656,0.07127
530330060004,974,es,0.7088,0.089314
530330061001,204,es,0.011,0.000316
530330061001,208,es,0.0008,2.4e-05
530330061001,209,es,0.0006,1.8e-05
530330061001,210,es,0.0012,3.5e-05
530330061001,212,es,3.8936,0.111526
530330061001,218,es,0.0034,9.8e-05
530330061001,229,es,0.3733,0.010691
530330061001,241,es,1.6398,0.046971
530330061001,242,es,0.0028,8e-05
530330061001,245,es,0.0035,9.9e-05
530330061001,246,es,0.4461,0.012777
530330061001,247,es,1.3028,0.037318
530330061001,248,es,0.0007,2.1e-05
530330061001,255,es,15.4355,0.442127
530330061001,261,es,0.003,8.6e-05
530330061001,262,es,0.0018,5.2e-05
530330061001,266,es,0.0012,3.3e-05
530330061001,268,es,0.0019,5.5e-05
530330061001,269,es,0.0031,9e-05
530330061001,277,es,0.0009,2.6e-05
530330061001,279,es,0.0035,0.000101
530330061001,281,es,0.0018,5.3e-05
530330061001,282,es,0.0021,5.9e-05
530330061001,287,es,0.3537,0.01013
530330061001,291,es,0.0074,0.000212
530330061001,292,es,0.0201,0.000576
530330061001,930,es,0.0161,0.000462
530330061001,935,es,10.9895,0.314778
530330061001,949,es,0.0031,8.9e-05
530330061001,971,es,0.3585,0.010267
530330061001,972,es,0.0093,0.000267
530330061001,974,es,0.0007,1.9e-05
530330061001,977,es,0.0189,0.000543
530330061002,212,es,15.6591,0.1146
530330061002,241,es,6.0196,0.044054
530330061002,246,es,1.794,0.013129
530330061002,247,es,4.2049,0.030774
530330061002,255,es,62.0758,0.454298
530330061002,287,es,1.4224,0.010409
530330061002,935,es,44.1783,0.323317
530330061002,971,es,1.287,0.009419
530330061003,201,es,0.0012,3.6e-05
530330061003,204,es,0.0527,0.001661
530330061003,208,es,0.0044,0.000138
530330061003,209,es,0.003,9.4e-05
530330061003,210,es,0.0064,0.000201
530330061003,211,es,0.0003,8e-06
530330061003,212,es,3.1081,0.097966
530330061003,218,es,0.1469,0.004629
530330061003,229,es,1.7529,0.055251
530330061003,241,es,1.8997,0.059877
530330061003,242,es,0.0131,0.000412
530330061003,243,es,0.0002,5e-06
530330061003,245,es,0.0171,0.00054
530330061003,246,es,0.3573,0.011262
530330061003,247,es,2.0506,0.064635
530330061003,248,es,0.0034,0.000106
530330061003,249,es,0.0005,1.6e-05
530330061003,255,es,12.3239,0.388441
530330061003,261,es,0.0141,0.000445
530330061003,262,es,0.0085,0.000269
530330061003,266,es,0.0054,0.000171
530330061003,268,es,0.009,0.000282
530330061003,269,es,0.0147,0.000464
530330061003,277,es,0.0042,0.000133
530330061003,279,es,0.0172,0.000542
530330061003,281,es,0.0102,0.000322
530330061003,282,es,0.0103,0.000324
530330061003,287,es,0.2823,0.008899
530330061003,291,es,0.0347,0.001095
530330061003,292,es,0.095,0.002994
530330061003,930,es,0.0757,0.002387
530330061003,935,es,8.7922,0.277124
530330061003,949,es,0.0204,0.000643
530330061003,971,es,0.4527,0.014269
530330061003,972,es,0.0437,0.001378
530330061003,974,es,0.0057,0.000178
530330061003,977,es,0.0889,0.002802
530330061004,204,es,0.0875,0.002836
530330061004,208,es,0.0066,0.000214
530330061004,209,es,0.005,0.000164
530330061004,210,es,0.0096,0.000312
530330061004,212,es,2.6849,0.087044
530330061004,218,es,0.0271,0.000878
530330061004,229,es,2.9565,0.09585
530330061004,241,es,2.1654,0.070203
530330061004,242,es,0.0221,0.000716
530330061004,245,es,0.0273,0.000886
530330061004,246,es,0.3076,0.009972
530330061004,247,es,2.759,0.089446
530330061004,248,es,0.0057,0.000184
530330061004,255,es,10.6474,0.345186
530330061004,261,es,0.0238,0.000773
530330061004,262,es,0.0144,0.000467
530330061004,266,es,0.0091,0.000297
530330061004,268,es,0.0151,0.00049
530330061004,269,es,0.0248,0.000805
530330061004,277,es,0.0071,0.000231
530330061004,279,es,0.0279,0.000905
530330061004,281,es,0.0146,0.000475
530330061004,282,es,0.0164,0.000532
530330061004,287,es,0.2439,0.007906
530330061004,291,es,0.0586,0.0019
530330061004,292,es,0.1594,0.005166
530330061004,930,es,0.1278,0.004144
530330061004,935,es,7.6115,0.246766
530330061004,949,es,0.0247,0.000802
530330061004,971,es,0.5251,0.017024
530330061004,972,es,0.0738,0.002392
530330061004,974,es,0.0052,0.00017
530330061004,977,es,0.1501,0.004865
530330061005,201,es,0.0006,0.000171
530330061005,204,es,0.0006,0.000154
530330061005,208,es,0.0002,5.4e-05
530330061005,210,es,0.0003,7.8e-05
530330061005,211,es,0.0003,9.3e-05
530330061005,212,es,0.3965,0.110179
530330061005,218,es,0.0503,0.013977
530330061005,226,es,0.0017,0.000465
530330061005,229,es,0.0079,0.002192
530330061005,234,es,0.0202,0.005603
530330061005,241,es,0.1689,0.046942
530330061005,245,es,0.0016,0.000433
530330061005,246,es,0.0462,0.01285
530330061005,247,es,0.1155,0.032096
530330061005,249,es,0.0002,5.3e-05
530330061005,250,es,0.0001,4e-05
530330061005,255,es,1.5718,0.436805
530330061005,279,es,0.0003,8.8e-05
530330061005,281,es,0.0006,0.000173
530330061005,282,es,0.0003,7.2e-05
530330061005,287,es,0.036,0.010008
530330061005,291,es,0.0001,4.1e-05
530330061005,292,es,0.0006,0.00017
530330061005,930,es,0.0003,8.9e-05
530330061005,935,es,1.1194,0.311076
530330061005,949,es,0.0023,0.000627
530330061005,971,es,0.0433,0.012021
530330061005,972,es,0.0002,5.2e-05
530330061005,974,es,0.0115,0.003188
530330061005,977,es,0.0004,0.000105
530330062001,205,es,0.0764,0.000998
530330062001,209,es,0.0013,1.7e-05
530330062001,212,es,12.2156,0.159432
530330062001,229,es,0.0022,2.9e-05
530330062001,241,es,2.3467,0.030628
530330062001,242,es,0.4686,0.006116
530330062001,245,es,0.5156,0.006729
530330062001,246,es,0.6155,0.008033
530330062001,247,es,1.4532,0.018966
530330062001,248,es,19.8097,0.258545
530330062001,255,es,21.5162,0.280818
530330062001,269,es,0.0032,4.2e-05
530330062001,272,es,0.1852,0.002417
530330062001,279,es,0.0024,3.2e-05
530330062001,287,es,0.5166,0.006743
530330062001,292,es,0.0042,5.4e-05
530330062001,935,es,16.4063,0.214126
530330062001,971,es,0.4415,0.005763
530330062001,977,es,0.0392,0.000511
530330062002,205,es,0.0512,0.000752
530330062002,209,es,0.0009,1.3e-05
530330062002,212,es,7.7542,0.113871
530330062002,229,es,0.0015,2.2e-05
530330062002,241,es,2.9859,0.043849
530330062002,242,es,0.3141,0.004612
530330062002,246,es,0.8884,0.013046
530330062002,247,es,2.0893,0.030682
530330062002,255,es,30.7393,0.451408
530330062002,269,es,0.0022,3.2e-05
530330062002,279,es,0.0016,2.4e-05
530330062002,287,es,0.7236,0.010625
530330062002,292,es,0.0028,4.1e-05
530330062002,935,es,21.8779,0.321279
530330062002,971,es,0.6373,0.009359
530330062002,977,es,0.0263,0.000386
530330062003,212,es,5.6615,0.14442
530330062003,221,es,1.2891,0.032884
530330062003,226,es,1.7356,0.044274
530330062003,241,es,1.3061,0.033318
530330062003,245,es,0.8759,0.022345
530330062003,246,es,0.2043,0.005211
530330062003,247,es,0.4788,0.012213
530330062003,248,es,0.0124,0.000315
530330062003,255,es,7.1511,0.182419
530330062003,272,es,12.2684,0.312958
530330062003,286,es,1.6226,0.041391
530330062003,287,es,0.1619,0.004131
530330062003,935,es,6.2872,0.160383
530330062003,971,es,0.1465,0.003738
530330063001,205,es,0.1328,0.004525
530330063001,209,es,0.0023,7.8e-05
530330063001,212,es,6.6371,0.226203
530330063001,229,es,0.0039,0.000132
530330063001,241,es,0.2789,0.009507
530330063001,242,es,0.8138,0.027737
530330063001,245,es,0.5,0.017041
530330063001,247,es,0.0184,0.000627
530330063001,248,es,19.2121,0.654777
530330063001,255,es,0.2136,0.007279
530330063001,269,es,0.0056,0.000192
530330063001,272,es,0.1796,0.006122
530330063001,279,es,0.0042,0.000144
530330063001,287,es,0.0498,0.001698
530330063001,292,es,0.0072,0.000246
530330063001,935,es,1.214,0.041375
530330063001,977,es,0.068,0.002319
530330063002,212,es,11.0062,0.229524
530330063002,241,es,0.5298,0.011049
530330063002,245,es,0.8097,0.016885
530330063002,246,es,0.0296,0.000618
530330063002,247,es,0.0695,0.001449
530330063002,248,es,31.1102,0.648777
530330063002,255,es,1.3713,0.028597
530330063002,272,es,0.2909,0.006066
530330063002,287,es,0.0235,0.00049
530330063002,935,es,2.6902,0.056103
530330063002,971,es,0.0213,0.000443
530330063003,205,es,0.0129,0.001822
530330063003,209,es,0.0002,3.1e-05
530330063003,212,es,1.6366,0.231578
530330063003,229,es,0.0004,5.3e-05
530330063003,241,es,0.0668,0.009454
530330063003,242,es,0.0789,0.011169
530330063003,245,es,0.1233,0.017446
530330063003,247,es,0.0018,0.000253
530330063003,248,es,4.7373,0.670336
530330063003,255,es,0.0527,0.007451
530330063003,269,es,0.0005,7.7e-05
530330063003,272,es,0.0443,0.006268
530330063003,279,es,0.0004,5.8e-05
530330063003,287,es,0.0048,0.000684
530330063003,292,es,0.0007,9.9e-05
530330063003,935,es,0.2988,0.042288
530330063003,977,es,0.0066,0.000934
530330063004,212,es,3.0476,0.235201
530330063004,241,es,0.122,0.009418
530330063004,245,es,0.2296,0.017719
530330063004,248,es,8.8219,0.680825
530330063004,255,es,0.0981,0.007568
530330063004,272,es,0.0825,0.006366
530330063004,935,es,0.5559,0.042903
530330064001,212,es,6.5585,0.228887
530330064001,221,es,0.1386,0.004838
530330064001,226,es,0.1867,0.006514
530330064001,241,es,0.3127,0.010912
530330064001,245,es,0.5569,0.019434
530330064001,248,es,17.7785,0.620455
530330064001,255,es,0.2066,0.007209
530330064001,272,es,1.4856,0.051846
530330064001,286,es,0.1745,0.00609
530330064001,935,es,1.2554,0.043814
530330064002,212,es,5.1225,0.16398
530330064002,221,es,1.7044,0.05456
530330064002,226,es,2.295,0.073466
530330064002,241,es,0.8205,0.026265
530330064002,245,es,1.1588,0.037094
530330064002,255,es,0.1099,0.003518
530330064002,272,es,16.2208,0.519253
530330064002,286,es,2.1454,0.068676
530330064002,935,es,1.6612,0.053178
530330064003,212,es,6.7046,0.164026
530330064003,221,es,2.2291,0.054534
530330064003,226,es,3.0012,0.073425
530330064003,241,es,1.0733,0.026258
530330064003,245,es,1.5145,0.037052
530330064003,248,es,0.0148,0.000362
530330064003,255,es,0.1439,0.00352
530330064003,272,es,21.2146,0.519008
530330064003,286,es,2.8058,0.068643
530330064003,935,es,2.1735,0.053173
530330065001,202,es,0.355,0.02828
530330065001,205,es,0.4521,0.036014
530330065001,207,es,0.1353,0.010781
530330065001,212,es,0.4228,0.03368
530330065001,218,es,0.0167,0.001332
530330065001,221,es,0.0006,4.4e-05
530330065001,226,es,1.2556,0.100022
530330065001,234,es,0.0271,0.002158
530330065001,235,es,0.1524,0.012143
530330065001,241,es,0.1509,0.012024
530330065001,243,es,0.0033,0.000265
530330065001,244,es,0.0745,0.005939
530330065001,245,es,6.5632,0.522831
530330065001,246,es,0.0215,0.001713
530330065001,247,es,0.088,0.007011
530330065001,249,es,0.0443,0.003525
530330065001,255,es,0.7742,0.06167
530330065001,261,es,0.0184,0.001466
530330065001,266,es,0.0141,0.001125
530330065001,272,es,0.1114,0.008876
530330065001,286,es,0.118,0.009401
530330065001,287,es,0.0277,0.002203
530330065001,291,es,0.0905,0.007208
530330065001,935,es,1.0865,0.086548
530330065001,939,es,0.1969,0.015682
530330065001,955,es,0.0124,0.000986
530330065001,971,es,0.0154,0.001229
530330065001,972,es,0.1139,0.009073
530330065001,974,es,0.2105,0.016768
530330065003,202,es,0.3,0.032554
530330065003,205,es,0.3821,0.041457
530330065003,207,es,0.1144,0.01241
530330065003,212,es,0.1973,0.021405
530330065003,218,es,0.0141,0.001533
530330065003,226,es,1.0606,0.115069
530330065003,234,es,0.0229,0.002485
530330065003,235,es,0.1288,0.013978
530330065003,241,es,0.0664,0.0072
530330065003,243,es,0.0028,0.000305
530330065003,244,es,0.063,0.006836
530330065003,245,es,5.5467,0.60181
530330065003,247,es,0.0318,0.003449
530330065003,249,es,0.0374,0.004058
530330065003,255,es,0.0254,0.002755
530330065003,261,es,0.0156,0.001688
530330065003,266,es,0.0119,0.001295
530330065003,272,es,0.0897,0.009733
530330065003,286,es,0.0991,0.010758
530330065003,287,es,0.009,0.000972
530330065003,291,es,0.0765,0.008298
530330065003,935,es,0.4702,0.051019
530330065003,939,es,0.1664,0.018052
530330065003,955,es,0.0105,0.001135
530330065003,972,es,0.0963,0.010445
530330065003,974,es,0.1779,0.019302
530330066002,201,es,0.0008,0.000531
530330066002,202,es,0.0027,0.001851
530330066002,205,es,0.0035,0.002357
530330066002,207,es,0.001,0.000705
530330066002,211,es,0.0011,0.000728
530330066002,212,es,0.1398,0.095194
530330066002,218,es,0.0011,0.000778
530330066002,226,es,0.0172,0.011728
530330066002,234,es,0.0919,0.062579
530330066002,235,es,0.0012,0.000795
530330066002,241,es,0.0577,0.039318
530330066002,244,es,0.0006,0.000389
530330066002,245,es,0.0554,0.037699
530330066002,246,es,0.0174,0.011872
530330066002,247,es,0.0404,0.027505
530330066002,249,es,0.0003,0.000231
530330066002,250,es,0.0007,0.000449
530330066002,255,es,0.5473,0.372703
530330066002,261,es,0.0001,9.6e-05
530330066002,266,es,0.0001,7.4e-05
530330066002,272,es,0.0008,0.000553
530330066002,286,es,0.0009,0.000612
530330066002,287,es,0.0126,0.008591
530330066002,291,es,0.0007,0.000472
530330066002,935,es,0.3943,0.268505
530330066002,939,es,0.0015,0.001026
530330066002,971,es,0.0271,0.01843
530330066002,972,es,0.0009,0.000594
530330066002,974,es,0.0493,0.033556
530330066003,202,es,0.6048,0.031015
530330066003,205,es,0.7703,0.039497
530330066003,207,es,0.2306,0.011824
530330066003,212,es,0.5034,0.025812
530330066003,218,es,0.0285,0.001461
530330066003,226,es,2.1379,0.109628
530330066003,234,es,0.0462,0.002367
530330066003,235,es,0.2597,0.013317
530330066003,241,es,0.1744,0.008943
530330066003,243,es,0.0057,0.000291
530330066003,244,es,0.127,0.006513
530330066003,245,es,11.1813,0.573353
530330066003,246,es,0.0121,0.000621
530330066003,247,es,0.0925,0.004741
530330066003,249,es,0.0754,0.003866
530330066003,255,es,0.4701,0.024107
530330066003,261,es,0.0314,0.001608
530330066003,266,es,0.0241,0.001234
530330066003,272,es,0.1808,0.009272
530330066003,286,es,0.1999,0.010249
530330066003,287,es,0.0277,0.001418
530330066003,291,es,0.1542,0.007906
530330066003,935,es,1.246,0.063894
530330066003,939,es,0.3354,0.017198
530330066003,955,es,0.0211,0.001081
530330066003,971,es,0.0087,0.000445
530330066003,972,es,0.1941,0.009951
530330066003,974,es,0.3586,0.018389
530330067012,201,es,0.0753,0.004273
530330067012,202,es,0.005,0.000284
530330067012,205,es,0.0064,0.000361
530330067012,207,es,0.0019,0.000108
530330067012,211,es,0.1033,0.005862
530330067012,212,es,0.0033,0.000187
530330067012,218,es,0.0984,0.005579
530330067012,226,es,0.754,0.042768
530330067012,234,es,8.8641,0.502793
530330067012,235,es,0.0021,0.000122
530330067012,241,es,0.396,0.022462
530330067012,244,es,0.0011,6e-05
530330067012,245,es,0.5878,0.033339
530330067012,246,es,0.1569,0.008901
530330067012,247,es,0.2948,0.01672
530330067012,249,es,0.0006,3.5e-05
530330067012,250,es,0.0637,0.003615
530330067012,255,es,0.0004,2.4e-05
530330067012,261,es,0.0003,1.5e-05
530330067012,266,es,0.0002,1.1e-05
530330067012,272,es,0.0015,8.5e-05
530330067012,286,es,0.0017,9.4e-05
530330067012,287,es,0.0001,8e-06
530330067012,291,es,0.0013,7.2e-05
530330067012,935,es,0.0745,0.004224
530330067012,939,es,0.0028,0.000157
530330067012,955,es,0.0002,1e-05
530330067012,971,es,1.5198,0.086205
530330067012,972,es,0.0016,9.1e-05
530330067012,974,es,4.6108,0.261534
530330067031,201,es,0.4359,0.00431
530330067031,211,es,0.5981,0.005914
530330067031,218,es,0.5678,0.005614
530330067031,226,es,4.2612,0.042132
530330067031,234,es,51.2968,0.507191
530330067031,241,es,2.2854,0.022596
530330067031,245,es,2.8664,0.028341
530330067031,246,es,0.9081,0.008979
530330067031,247,es,1.7028,0.016837
530330067031,250,es,0.3689,0.003647
530330067031,935,es,0.3856,0.003812
530330067031,971,es,8.7953,0.086963
530330067031,974,es,26.6666,0.263663
530330068001,201,es,0.1559,0.00431
530330068001,211,es,0.2139,0.005914
530330068001,218,es,0.2031,0.005614
530330068001,226,es,1.5243,0.042132
530330068001,234,es,18.3494,0.507191
530330068001,241,es,0.8175,0.022596
530330068001,245,es,1.0253,0.028341
530330068001,246,es,0.3248,0.008979
530330068001,247,es,0.6091,0.016837
530330068001,250,es,0.1319,0.003647
530330068001,935,es,0.1379,0.003812
530330068001,971,es,3.1462,0.086963
530330068001,974,es,9.5389,0.263663
530330068002,201,es,0.1562,0.004202
530330068002,211,es,8.1668,0.219659
530330068002,218,es,0.1528,0.00411
530330068002,226,es,1.1467,0.030843
530330068002,234,es,14.0713,0.378468
530330068002,241,es,0.717,0.019284
530330068002,245,es,0.8993,0.024187
530330068002,246,es,0.2444,0.006573
530330068002,247,es,0.5342,0.014369
530330068002,250,es,0.1157,0.003113
530330068002,289,es,0.0085,0.00023
530330068002,291,es,0.2742,0.007375
530330068002,935,es,0.1382,0.003716
530330068002,949,es,0.0772,0.002076
530330068002,971,es,3.0064,0.080862
530330068002,974,es,7.4706,0.200933
530330068003,201,es,0.1106,0.003987
530330068003,211,es,17.7948,0.641568
530330068003,218,es,0.0316,0.001141
530330068003,226,es,0.2374,0.008559
530330068003,234,es,3.45,0.124383
530330068003,241,es,0.3535,0.012747
530330068003,245,es,0.4434,0.015987
530330068003,246,es,0.0506,0.001824
530330068003,247,es,0.2634,0.009498
530330068003,250,es,0.0571,0.002057
530330068003,289,es,0.0189,0.000683
530330068003,291,es,0.6083,0.021933
530330068003,935,es,0.0978,0.003527
530330068003,949,es,0.1712,0.006174
530330068003,971,es,1.9088,0.06882
530330068003,974,es,2.1388,0.077112
530330069001,201,es,0.1589,0.003905
530330069001,211,es,32.7031,0.803629
530330069001,234,es,1.0901,0.026786
530330069001,241,es,0.4165,0.010235
530330069001,245,es,0.5224,0.012838
530330069001,247,es,0.3104,0.007627
530330069001,250,es,0.0672,0.001652
530330069001,289,es,0.0349,0.000857
530330069001,291,es,1.1201,0.027525
530330069001,935,es,0.1405,0.003454
530330069001,949,es,0.3153,0.007748
530330069001,971,es,2.6123,0.064194
530330069001,974,es,1.2025,0.02955
530330069002,201,es,0.5854,0.003947
530330069002,211,es,106.8106,0.720164
530330069002,218,es,0.0871,0.000587
530330069002,226,es,0.6538,0.004408
530330069002,234,es,11.4278,0.077051
530330069002,241,es,1.7099,0.011529
530330069002,245,es,2.1446,0.01446
530330069002,246,es,0.1393,0.000939
530330069002,247,es,1.274,0.00859
530330069002,250,es,0.276,0.001861
530330069002,289,es,0.1138,0.000767
530330069002,291,es,3.6552,0.024645
530330069002,935,es,0.5178,0.003491
530330069002,949,es,1.0289,0.006938
530330069002,971,es,9.8742,0.066576
530330069002,974,es,8.0157,0.054046
530330069003,201,es,0.3483,0.00431
530330069003,211,es,0.4913,0.006079
530330069003,218,es,0.4536,0.005613
530330069003,226,es,3.4044,0.042123
530330069003,234,es,40.9827,0.507092
530330069003,241,es,1.826,0.022594
530330069003,245,es,2.2902,0.028338
530330069003,246,es,0.7255,0.008977
530330069003,247,es,1.3606,0.016835
530330069003,250,es,0.2947,0.003647
530330069003,291,es,0.0005,6e-06
530330069003,935,es,0.3081,0.003812
530330069003,949,es,0.0001,2e-06
530330069003,971,es,7.0279,0.086958
530330069003,974,es,21.3051,0.263615
530330070021,201,es,0.0104,0.00431
530330070021,211,es,0.0143,0.005914
530330070021,218,es,0.0135,0.005614
530330070021,226,es,0.1016,0.042132
530330070021,234,es,1.2236,0.507191
530330070021,241,es,0.0545,0.022596
530330070021,245,es,0.0684,0.028341
530330070021,246,es,0.0217,0.008979
530330070021,247,es,0.0406,0.016837
530330070021,250,es,0.0088,0.003647
530330070021,935,es,0.0092,0.003812
530330070021,971,es,0.2098,0.086963
530330070021,974,es,0.6361,0.263663
530330070022,201,es,0.3079,0.00431
530330070022,211,es,0.4225,0.005914
530330070022,218,es,0.4011,0.005614
530330070022,226,es,3.0102,0.042132
530330070022,234,es,36.2372,0.507191
530330070022,241,es,1.6144,0.022596
530330070022,245,es,2.0249,0.028341
530330070022,246,es,0.6415,0.008979
530330070022,247,es,1.2029,0.016837
530330070022,250,es,0.2606,0.003647
530330070022,935,es,0.2724,0.003812
530330070022,971,es,6.2132,0.086963
530330070022,974,es,18.8379,0.263663
530330070023,201,es,0.012,0.00431
530330070023,211,es,0.0165,0.005914
530330070023,218,es,0.0156,0.005614
530330070023,226,es,0.1173,0.042132
530330070023,234,es,1.4118,0.507191
530330070023,241,es,0.0629,0.022596
530330070023,245,es,0.0789,0.028341
530330070023,246,es,0.025,0.008979
530330070023,247,es,0.0469,0.016837
530330070023,250,es,0.0102,0.003647
530330070023,935,es,0.0106,0.003812
530330070023,971,es,0.2421,0.086963
530330070023,974,es,0.7339,0.263663
530330072022,202,es,0.0725,0.032554
530330072022,205,es,0.0923,0.041457
530330072022,207,es,0.0276,0.01241
530330072022,212,es,0.0477,0.021405
530330072022,218,es,0.0034,0.001533
530330072022,226,es,0.2562,0.115069
530330072022,234,es,0.0055,0.002485
530330072022,235,es,0.0311,0.013978
530330072022,241,es,0.016,0.0072
530330072022,243,es,0.0007,0.000305
530330072022,244,es,0.0152,0.006836
530330072022,245,es,1.3402,0.60181
530330072022,247,es,0.0077,0.003449
530330072022,249,es,0.009,0.004058
530330072022,255,es,0.0061,0.002755
530330072022,261,es,0.0038,0.001688
530330072022,266,es,0.0029,0.001295
530330072022,272,es,0.0217,0.009733
530330072022,286,es,0.024,0.010758
530330072022,287,es,0.0022,0.000972
530330072022,291,es,0.0185,0.008298
530330072022,935,es,0.1136,0.051019
530330072022,939,es,0.0402,0.018052
530330072022,955,es,0.0025,0.001135
530330072022,972,es,0.0233,0.010445
530330072022,974,es,0.043,0.019302
530330072032,201,es,0.0157,0.001008
530330072032,202,es,0.3888,0.024939
530330072032,205,es,0.4951,0.03176
530330072032,207,es,0.1482,0.009507
530330072032,211,es,0.0216,0.001383
530330072032,212,es,0.2556,0.016398
530330072032,218,es,0.0388,0.002488
530330072032,226,es,1.5278,0.098008
530330072032,234,es,1.879,0.120541
530330072032,235,es,0.1669,0.010709
530330072032,241,es,0.1684,0.010801
530330072032,243,es,0.0036,0.000234
530330072032,244,es,0.0816,0.005237
530330072032,245,es,7.2902,0.467669
530330072032,246,es,0.0327,0.0021
530330072032,247,es,0.1026,0.00658
530330072032,249,es,0.0485,0.003109
530330072032,250,es,0.0133,0.000853
530330072032,255,es,0.0329,0.002111
530330072032,261,es,0.0202,0.001293
530330072032,266,es,0.0155,0.000992
530330072032,272,es,0.1162,0.007456
530330072032,286,es,0.1285,0.008241
530330072032,287,es,0.0116,0.000745
530330072032,291,es,0.0991,0.006357
530330072032,935,es,0.6232,0.039976
530330072032,939,es,0.2156,0.013829
530330072032,955,es,0.0136,0.00087
530330072032,971,es,0.3171,0.020342
530330072032,972,es,0.1247,0.008001
530330072032,974,es,1.1919,0.076461
530330073031,202,es,0.8458,0.032554
530330073031,205,es,1.0771,0.041457
530330073031,207,es,0.3224,0.01241
530330073031,212,es,0.5561,0.021405
530330073031,218,es,0.0398,0.001533
530330073031,226,es,2.9896,0.115069
530330073031,234,es,0.0646,0.002485
530330073031,235,es,0.3632,0.013978
530330073031,241,es,0.1871,0.0072
530330073031,243,es,0.0079,0.000305
530330073031,244,es,0.1776,0.006836
530330073031,245,es,15.6354,0.60181
530330073031,247,es,0.0896,0.003449
530330073031,249,es,0.1054,0.004058
530330073031,255,es,0.0716,0.002755
530330073031,261,es,0.0439,0.001688
530330073031,266,es,0.0337,0.001295
530330073031,272,es,0.2529,0.009733
530330073031,286,es,0.2795,0.010758
530330073031,287,es,0.0253,0.000972
530330073031,291,es,0.2156,0.008298
530330073031,935,es,1.3255,0.051019
530330073031,939,es,0.469,0.018052
530330073031,955,es,0.0295,0.001135
530330073031,972,es,0.2714,0.010445
530330073031,974,es,0.5015,0.019302
530330073032,202,es,1.0633,0.032554
530330073032,205,es,1.3541,0.041457
530330073032,207,es,0.4053,0.01241
530330073032,212,es,0.6991,0.021405
530330073032,218,es,0.0501,0.001533
530330073032,226,es,3.7583,0.115069
530330073032,234,es,0.0812,0.002485
530330073032,235,es,0.4565,0.013978
530330073032,241,es,0.2352,0.0072
530330073032,243,es,0.01,0.000305
530330073032,244,es,0.2233,0.006836
530330073032,245,es,19.656,0.60181
530330073032,247,es,0.1126,0.003449
530330073032,249,es,0.1325,0.004058
530330073032,255,es,0.09,0.002755
530330073032,261,es,0.0551,0.001688
530330073032,266,es,0.0423,0.001295
530330073032,272,es,0.3179,0.009733
530330073032,286,es,0.3514,0.010758
530330073032,287,es,0.0318,0.000972
530330073032,291,es,0.271,0.008298
530330073032,935,es,1.6663,0.051019
530330073032,939,es,0.5896,0.018052
530330073032,955,es,0.0371,0.001135
530330073032,972,es,0.3411,0.010445
530330073032,974,es,0.6304,0.019302
530330074041,202,es,0.3021,0.032554
530330074041,205,es,0.3847,0.041457
530330074041,207,es,0.1152,0.01241
530330074041,212,es,0.1986,0.021405
530330074041,218,es,0.0142,0.001533
530330074041,226,es,1.0677,0.115069
530330074041,234,es,0.0231,0.002485
530330074041,235,es,0.1297,0.013978
530330074041,241,es,0.0668,0.0072
530330074041,243,es,0.0028,0.000305
530330074041,244,es,0.0634,0.006836
530330074041,245,es,5.5841,0.60181
530330074041,247,es,0.032,0.003449
530330074041,249,es,0.0377,0.004058
530330074041,255,es,0.0256,0.002755
530330074041,261,es,0.0157,0.001688
530330074041,266,es,0.012,0.001295
530330074041,272,es,0.0903,0.009733
530330074041,286,es,0.0998,0.010758
530330074041,287,es,0.009,0.000972
530330074041,291,es,0.077,0.008298
530330074041,935,es,0.4734,0.051019
530330074041,939,es,0.1675,0.018052
530330074041,955,es,0.0105,0.001135
530330074041,972,es,0.0969,0.010445
530330074041,974,es,0.1791,0.019302
530330075011,202,es,0.6041,0.032554
530330075011,205,es,0.7693,0.041457
530330075011,207,es,0.2303,0.01241
530330075011,212,es,0.3972,0.021405
530330075011,218,es,0.0285,0.001533
530330075011,226,es,2.1354,0.115069
530330075011,234,es,0.0461,0.002485
530330075011,235,es,0.2594,0.013978
530330075011,241,es,0.1336,0.0072
530330075011,243,es,0.0057,0.000305
530330075011,244,es,0.1269,0.006836
530330075011,245,es,11.1682,0.60181
530330075011,247,es,0.064,0.003449
530330075011,249,es,0.0753,0.004058
530330075011,255,es,0.0511,0.002755
530330075011,261,es,0.0313,0.001688
530330075011,266,es,0.024,0.001295
530330075011,272,es,0.1806,0.009733
530330075011,286,es,0.1996,0.010758
530330075011,287,es,0.018,0.000972
530330075011,291,es,0.154,0.008298
530330075011,935,es,0.9468,0.051019
530330075011,939,es,0.335,0.018052
530330075011,955,es,0.0211,0.001135
530330075011,972,es,0.1938,0.010445
530330075011,974,es,0.3582,0.019302
530330075013,202,es,1.0594,0.017351
530330075013,205,es,1.3491,0.022096
530330075013,207,es,0.4039,0.006615
530330075013,212,es,5.3723,0.087992
530330075013,218,es,0.0499,0.000817
530330075013,221,es,1.5558,0.025481
530330075013,226,es,5.8392,0.095639
530330075013,234,es,0.0809,0.001324
530330075013,235,es,0.4549,0.00745
530330075013,241,es,0.9832,0.016104
530330075013,243,es,0.0099,0.000163
530330075013,244,es,0.2225,0.003644
530330075013,245,es,20.6406,0.338068
530330075013,247,es,0.1122,0.001838
530330075013,249,es,0.1321,0.002163
530330075013,255,es,0.19,0.003111
530330075013,261,es,0.0549,0.0009
530330075013,266,es,0.0422,0.00069
530330075013,272,es,15.123,0.247696
530330075013,286,es,2.3083,0.037807
530330075013,287,es,0.0316,0.000518
530330075013,291,es,0.27,0.004423
530330075013,935,es,3.1765,0.052027
530330075013,939,es,0.5874,0.009621
530330075013,955,es,0.0369,0.000605
530330075013,972,es,0.3399,0.005567
530330075013,974,es,0.6281,0.010288
530330075021,202,es,0.406,0.02515
530330075021,205,es,0.5171,0.032028
530330075021,207,es,0.1548,0.009588
530330075021,212,es,0.8692,0.053836
530330075021,218,es,0.0191,0.001185
530330075021,221,es,0.2004,0.01241
530330075021,226,es,1.705,0.105606
530330075021,234,es,0.031,0.00192
530330075021,235,es,0.1743,0.010799
530330075021,241,es,0.1863,0.011537
530330075021,243,es,0.0038,0.000236
530330075021,244,es,0.0853,0.005281
530330075021,245,es,7.6424,0.473358
530330075021,247,es,0.043,0.002664
530330075021,249,es,0.0506,0.003135
530330075021,255,es,0.0473,0.002928
530330075021,261,es,0.0211,0.001304
530330075021,266,es,0.0162,0.001001
530330075021,272,es,2.0283,0.12563
530330075021,286,es,0.3864,0.023932
530330075021,287,es,0.0121,0.000751
530330075021,291,es,0.1035,0.006411
530330075021,935,es,0.8316,0.05151
530330075021,939,es,0.2252,0.013946
530330075021,955,es,0.0142,0.000877
530330075021,972,es,0.1303,0.008069
530330075021,974,es,0.2407,0.014912
530330076001,212,es,10.3457,0.164071
530330076001,221,es,3.4365,0.054499
530330076001,226,es,4.6269,0.073378
530330076001,241,es,1.655,0.026247
530330076001,245,es,2.3356,0.03704
530330076001,248,es,0.0502,0.000796
530330076001,255,es,0.2221,0.003522
530330076001,272,es,32.7061,0.518682
530330076001,286,es,4.3256,0.068599
530330076001,935,es,3.3525,0.053166
530330076002,212,es,12.3489,0.164213
530330076002,220,es,0.0026,3.4e-05
530330076002,221,es,4.0844,0.054313
530330076002,222,es,0.0137,0.000182
530330076002,226,es,5.508,0.073244
530330076002,241,es,1.9687,0.026179
530330076002,244,es,0.0043,5.8e-05
530330076002,245,es,2.7812,0.036984
530330076002,248,es,0.123,0.001636
530330076002,249,es,0.0739,0.000983
530330076002,255,es,0.2647,0.00352
530330076002,272,es,38.8737,0.516934
530330076002,286,es,5.1452,0.068419
530330076002,291,es,0.0031,4.2e-05
530330076002,935,es,4.0051,0.053259
530330076003,212,es,0.8517,0.163988
530330076003,221,es,0.2834,0.054563
530330076003,226,es,0.3815,0.073464
530330076003,241,es,0.1364,0.026267
530330076003,245,es,0.1925,0.037062
530330076003,255,es,0.0183,0.003518
530330076003,272,es,2.697,0.519281
530330076003,286,es,0.3567,0.068679
530330076003,935,es,0.2762,0.053178
530330077001,212,es,18.2288,0.208476
530330077001,220,es,0.7931,0.00907
530330077001,222,es,4.217,0.048228
530330077001,226,es,2.6988,0.030865
530330077001,241,es,0.5892,0.006739
530330077001,244,es,1.3361,0.01528
530330077001,245,es,1.7893,0.020464
530330077001,248,es,25.1553,0.287691
530330077001,249,es,22.842,0.261235
530330077001,255,es,0.2796,0.003198
530330077001,272,es,0.5613,0.006419
530330077001,286,es,1.2615,0.014427
530330077001,291,es,0.9731,0.011129
530330077001,935,es,6.7133,0.076778
530330077002,212,es,10.1918,0.235201
530330077002,241,es,0.4081,0.009418
530330077002,245,es,0.7678,0.017719
530330077002,248,es,29.5017,0.680825
530330077002,255,es,0.3279,0.007568
530330077002,272,es,0.2758,0.006366
530330077002,935,es,1.8591,0.042903
530330077003,212,es,2.7762,0.188918
530330077003,220,es,0.2308,0.015708
530330077003,222,es,1.2274,0.083521
530330077003,226,es,0.7855,0.053452
530330077003,241,es,0.0702,0.004778
530330077003,244,es,0.3889,0.026463
530330077003,245,es,0.3302,0.022472
530330077003,249,es,6.6483,0.452405
530330077003,272,es,0.0949,0.006459
530330077003,286,es,0.3672,0.024985
530330077003,291,es,0.2832,0.019273
530330077003,935,es,1.4926,0.101567
530330078001,205,es,0.1122,0.031976
530330078001,212,es,0.5912,0.168444
530330078001,219,es,0.0602,0.017161
530330078001,220,es,0.0102,0.002896
530330078001,222,es,0.054,0.0154
530330078001,226,es,0.2838,0.080859
530330078001,241,es,0.0089,0.002529
530330078001,244,es,1.2878,0.366944
530330078001,245,es,0.0464,0.013214
530330078001,248,es,0.4246,0.120987
530330078001,249,es,0.3092,0.088112
530330078001,251,es,0.0385,0.01096
530330078001,255,es,0.0046,0.001324
530330078001,256,es,0.0564,0.016081
530330078001,272,es,0.01,0.002841
530330078001,286,es,0.0162,0.004607
530330078001,288,es,0.0345,0.009837
530330078001,291,es,0.0349,0.009954
530330078001,935,es,0.1259,0.035872
530330078002,205,es,3.9587,0.024957
530330078002,212,es,26.4294,0.166618
530330078002,219,es,2.1246,0.013394
530330078002,220,es,1.2458,0.007854
530330078002,222,es,6.6241,0.04176
530330078002,226,es,13.0296,0.082142
530330078002,241,es,0.3789,0.002389
530330078002,244,es,46.9231,0.295816
530330078002,245,es,2.5214,0.015896
530330078002,248,es,0.2303,0.001452
530330078002,249,es,36.4617,0.229864
530330078002,251,es,1.3569,0.008554
530330078002,256,es,1.9909,0.012551
530330078002,272,es,0.5786,0.003648
530330078002,286,es,1.9816,0.012493
530330078002,288,es,1.2178,0.007677
530330078002,291,es,2.3209,0.014631
530330078002,935,es,9.2484,0.058305
530330078003,212,es,10.5114,0.188918
530330078003,220,es,0.874,0.015708
530330078003,222,es,4.6471,0.083521
530330078003,226,es,2.974,0.053452
530330078003,241,es,0.2658,0.004778
530330078003,244,es,1.4724,0.026463
530330078003,245,es,1.2503,0.022472
530330078003,249,es,25.1718,0.452405
530330078003,272,es,0.3594,0.006459
530330078003,286,es,1.3902,0.024985
530330078003,291,es,1.0723,0.019273
530330078003,935,es,5.6512,0.101567
530330078004,212,es,18.7888,0.216449
530330078004,220,es,0.5524,0.006364
530330078004,222,es,2.9374,0.033839
530330078004,226,es,1.8799,0.021656
530330078004,241,es,0.6543,0.007538
530330078004,244,es,0.9307,0.010721
530330078004,245,es,1.7053,0.019645
530330078004,248,es,35.1547,0.404987
530330078004,249,es,15.9107,0.183293
530330078004,255,es,0.3908,0.004502
530330078004,272,es,0.5558,0.006403
530330078004,286,es,0.8787,0.010123
530330078004,291,es,0.6778,0.007808
530330078004,935,es,5.7873,0.066671
530330079011,212,es,0.3655,0.164131
530330079011,220,es,0.0002,9e-05
530330079011,221,es,0.1208,0.054249
530330079011,222,es,0.0011,0.00048
530330079011,226,es,0.1633,0.073349
530330079011,241,es,0.0582,0.026143
530330079011,244,es,0.0003,0.000152
530330079011,245,es,0.0823,0.036979
530330079011,249,es,0.0058,0.002601
530330079011,255,es,0.0078,0.003498
530330079011,272,es,1.1498,0.516332
530330079011,286,es,0.1524,0.068428
530330079011,291,es,0.0002,0.000111
530330079011,935,es,0.119,0.053457
530330079022,212,es,5.808,0.188918
530330079022,220,es,0.4829,0.015707
530330079022,222,es,2.5677,0.08352
530330079022,226,es,1.6433,0.053452
530330079022,241,es,0.1469,0.004778
530330079022,244,es,0.8135,0.026462
530330079022,245,es,0.6909,0.022472
530330079022,249,es,13.9084,0.452398
530330079022,272,es,0.1988,0.006466
530330079022,286,es,0.7682,0.024986
530330079022,291,es,0.5925,0.019272
530330079022,935,es,3.1225,0.101567
530330079023,212,es,4.2538,0.188918
530330079023,220,es,0.3537,0.015708
530330079023,222,es,1.8806,0.083521
530330079023,226,es,1.2036,0.053452
530330079023,241,es,0.1076,0.004778
530330079023,244,es,0.5958,0.026463
530330079023,245,es,0.506,0.022472
530330079023,249,es,10.1866,0.452405
530330079023,272,es,0.1454,0.006459
530330079023,286,es,0.5626,0.024985
530330079023,291,es,0.434,0.019273
530330079023,935,es,2.2869,0.101567
530330080023,202,es,0.8397,0.032554
530330080023,205,es,1.0694,0.041457
530330080023,207,es,0.3201,0.01241
530330080023,212,es,0.5521,0.021405
530330080023,218,es,0.0396,0.001533
530330080023,226,es,2.9682,0.115069
530330080023,234,es,0.0641,0.002485
530330080023,235,es,0.3606,0.013978
530330080023,241,es,0.1857,0.0072
530330080023,243,es,0.0079,0.000305
530330080023,244,es,0.1763,0.006836
530330080023,245,es,15.5237,0.60181
530330080023,247,es,0.089,0.003449
530330080023,249,es,0.1047,0.004058
530330080023,255,es,0.0711,0.002755
530330080023,261,es,0.0435,0.001688
530330080023,266,es,0.0334,0.001295
530330080023,272,es,0.2511,0.009733
530330080023,286,es,0.2775,0.010758
530330080023,287,es,0.0251,0.000972
530330080023,291,es,0.214,0.008298
530330080023,935,es,1.316,0.051019
530330080023,939,es,0.4656,0.018052
530330080023,955,es,0.0293,0.001135
530330080023,972,es,0.2694,0.010445
530330080023,974,es,0.4979,0.019302
530330080032,202,es,0.1692,0.032554
530330080032,205,es,0.2154,0.041457
530330080032,207,es,0.0645,0.01241
530330080032,212,es,0.1112,0.021405
530330080032,218,es,0.008,0.001533
530330080032,226,es,0.5979,0.115069
530330080032,234,es,0.0129,0.002485
530330080032,235,es,0.0726,0.013978
530330080032,241,es,0.0374,0.0072
530330080032,243,es,0.0016,0.000305
530330080032,244,es,0.0355,0.006836
530330080032,245,es,3.1271,0.60181
530330080032,247,es,0.0179,0.003449
530330080032,249,es,0.0211,0.004058
530330080032,255,es,0.0143,0.002755
530330080032,261,es,0.0088,0.001688
530330080032,266,es,0.0067,0.001295
530330080032,272,es,0.0506,0.009733
530330080032,286,es,0.0559,0.010758
530330080032,287,es,0.0051,0.000972
530330080032,291,es,0.0431,0.008298
530330080032,935,es,0.2651,0.051019
530330080032,939,es,0.0938,0.018052
530330080032,955,es,0.0059,0.001135
530330080032,972,es,0.0543,0.010445
530330080032,974,es,0.1003,0.019302
530330080041,202,es,0.096,0.032554
530330080041,205,es,0.1222,0.041457
530330080041,207,es,0.0366,0.01241
530330080041,212,es,0.0631,0.021405
530330080041,218,es,0.0045,0.001533
530330080041,226,es,0.3392,0.115069
530330080041,234,es,0.0073,0.002485
530330080041,235,es,0.0412,0.013978
530330080041,241,es,0.0212,0.0072
530330080041,243,es,0.0009,0.000305
530330080041,244,es,0.0201,0.006836
530330080041,245,es,1.7739,0.60181
530330080041,247,es,0.0102,0.003449
530330080041,249,es,0.012,0.004058
530330080041,255,es,0.0081,0.002755
530330080041,261,es,0.005,0.001688
530330080041,266,es,0.0038,0.001295
530330080041,272,es,0.0287,0.009733
530330080041,286,es,0.0317,0.010758
530330080041,287,es,0.0029,0.000972
530330080041,291,es,0.0245,0.008298
530330080041,935,es,0.1504,0.051019
530330080041,939,es,0.0532,0.018052
530330080041,955,es,0.0033,0.001135
530330080041,972,es,0.0308,0.010445
530330080041,974,es,0.0569,0.019302
530330080043,202,es,0.6194,0.032554
530330080043,205,es,0.7888,0.041457
530330080043,207,es,0.2361,0.01241
530330080043,212,es,0.4073,0.021405
530330080043,218,es,0.0292,0.001533
530330080043,226,es,2.1895,0.115069
530330080043,234,es,0.0473,0.002485
530330080043,235,es,0.266,0.013978
530330080043,241,es,0.137,0.0072
530330080043,243,es,0.0058,0.000305
530330080043,244,es,0.1301,0.006836
530330080043,245,es,11.451,0.60181
530330080043,247,es,0.0656,0.003449
530330080043,249,es,0.0772,0.004058
530330080043,255,es,0.0524,0.002755
530330080043,261,es,0.0321,0.001688
530330080043,266,es,0.0246,0.001295
530330080043,272,es,0.1852,0.009733
530330080043,286,es,0.2047,0.010758
530330080043,287,es,0.0185,0.000972
530330080043,291,es,0.1579,0.008298
530330080043,935,es,0.9708,0.051019
530330080043,939,es,0.3435,0.018052
530330080043,955,es,0.0216,0.001135
530330080043,972,es,0.1987,0.010445
530330080043,974,es,0.3673,0.019302
530330081021,202,es,1.2687,0.032554
530330081021,205,es,1.6156,0.041457
530330081021,207,es,0.4836,0.01241
530330081021,212,es,0.8342,0.021405
530330081021,218,es,0.0598,0.001533
530330081021,226,es,4.4844,0.115069
530330081021,234,es,0.0968,0.002485
530330081021,235,es,0.5447,0.013978
530330081021,241,es,0.2806,0.0072
530330081021,243,es,0.0119,0.000305
530330081021,244,es,0.2664,0.006836
530330081021,245,es,23.4531,0.60181
530330081021,247,es,0.1344,0.003449
530330081021,249,es,0.1581,0.004058
530330081021,255,es,0.1074,0.002755
530330081021,261,es,0.0658,0.001688
530330081021,266,es,0.0505,0.001295
530330081021,272,es,0.3793,0.009733
530330081021,286,es,0.4192,0.010758
530330081021,287,es,0.0379,0.000972
530330081021,291,es,0.3234,0.008298
530330081021,935,es,1.9882,0.051019
530330081021,939,es,0.7035,0.018052
530330081021,955,es,0.0442,0.001135
530330081021,972,es,0.407,0.010445
530330081021,974,es,0.7522,0.019302
530330081022,202,es,0.436,0.032554
530330081022,205,es,0.5553,0.041457
530330081022,207,es,0.1662,0.01241
530330081022,212,es,0.2867,0.021405
530330081022,218,es,0.0205,0.001533
530330081022,226,es,1.5412,0.115069
530330081022,234,es,0.0333,0.002485
530330081022,235,es,0.1872,0.013978
530330081022,241,es,0.0964,0.0072
530330081022,243,es,0.0041,0.000305
530330081022,244,es,0.0916,0.006836
530330081022,245,es,8.0603,0.60181
530330081022,247,es,0.0462,0.003449
530330081022,249,es,0.0544,0.004058
530330081022,255,es,0.0369,0.002755
530330081022,261,es,0.0226,0.001688
530330081022,266,es,0.0174,0.001295
530330081022,272,es,0.1304,0.009733
530330081022,286,es,0.1441,0.010758
530330081022,287,es,0.013,0.000972
530330081022,291,es,0.1111,0.008298
530330081022,935,es,0.6833,0.051019
530330081022,939,es,0.2418,0.018052
530330081022,955,es,0.0152,0.001135
530330081022,972,es,0.1399,0.010445
530330081022,974,es,0.2585,0.019302
530330082002,202,es,0.3323,0.032554
530330082002,205,es,0.4231,0.041457
530330082002,207,es,0.1267,0.01241
530330082002,212,es,0.2185,0.021405
530330082002,218,es,0.0157,0.001533
530330082002,226,es,1.1745,0.115069
530330082002,234,es,0.0254,0.002485
530330082002,235,es,0.1427,0.013978
530330082002,241,es,0.0735,0.0072
530330082002,243,es,0.0031,0.000305
530330082002,244,es,0.0698,0.006836
530330082002,245,es,6.1425,0.60181
530330082002,247,es,0.0352,0.003449
530330082002,249,es,0.0414,0.004058
530330082002,255,es,0.0281,0.002755
530330082002,261,es,0.0172,0.001688
530330082002,266,es,0.0132,0.001295
530330082002,272,es,0.0993,0.009733
530330082002,286,es,0.1098,0.010758
530330082002,287,es,0.0099,0.000972
530330082002,291,es,0.0847,0.008298
530330082002,935,es,0.5207,0.051019
530330082002,939,es,0.1842,0.018052
530330082002,955,es,0.0116,0.001135
530330082002,972,es,0.1066,0.010445
530330082002,974,es,0.197,0.019302
530330083001,202,es,0.6585,0.032554
530330083001,205,es,0.8386,0.041457
530330083001,207,es,0.251,0.01241
530330083001,212,es,0.433,0.021405
530330083001,218,es,0.031,0.001533
530330083001,226,es,2.3276,0.115069
530330083001,234,es,0.0503,0.002485
530330083001,235,es,0.2827,0.013978
530330083001,241,es,0.1456,0.0072
530330083001,243,es,0.0062,0.000305
530330083001,244,es,0.1383,0.006836
530330083001,245,es,12.1733,0.60181
530330083001,247,es,0.0698,0.003449
530330083001,249,es,0.0821,0.004058
530330083001,255,es,0.0557,0.002755
530330083001,261,es,0.0341,0.001688
530330083001,266,es,0.0262,0.001295
530330083001,272,es,0.1969,0.009733
530330083001,286,es,0.2176,0.010758
530330083001,287,es,0.0197,0.000972
530330083001,291,es,0.1678,0.008298
530330083001,935,es,1.032,0.051019
530330083001,939,es,0.3651,0.018052
530330083001,955,es,0.023,0.001135
530330083001,972,es,0.2113,0.010445
530330083001,974,es,0.3904,0.019302
530330084011,202,es,0.7008,0.032554
530330084011,205,es,0.8924,0.041457
530330084011,207,es,0.2672,0.01241
530330084011,212,es,0.4608,0.021405
530330084011,218,es,0.033,0.001533
530330084011,226,es,2.4771,0.115069
530330084011,234,es,0.0535,0.002485
530330084011,235,es,0.3009,0.013978
530330084011,241,es,0.155,0.0072
530330084011,243,es,0.0066,0.000305
530330084011,244,es,0.1472,0.006836
530330084011,245,es,12.9551,0.60181
530330084011,247,es,0.0742,0.003449
530330084011,249,es,0.0874,0.004058
530330084011,255,es,0.0593,0.002755
530330084011,261,es,0.0363,0.001688
530330084011,266,es,0.0279,0.001295
530330084011,272,es,0.2095,0.009733
530330084011,286,es,0.2316,0.010758
530330084011,287,es,0.0209,0.000972
530330084011,291,es,0.1786,0.008298
530330084011,935,es,1.0983,0.051019
530330084011,939,es,0.3886,0.018052
530330084011,955,es,0.0244,0.001135
530330084011,972,es,0.2248,0.010445
530330084011,974,es,0.4155,0.019302
530330084012,202,es,2.2655,0.032554
530330084012,205,es,2.8851,0.041457
530330084012,207,es,0.8637,0.01241
530330084012,212,es,1.4896,0.021405
530330084012,218,es,0.1067,0.001533
530330084012,226,es,8.0078,0.115069
530330084012,234,es,0.1729,0.002485
530330084012,235,es,0.9728,0.013978
530330084012,241,es,0.501,0.0072
530330084012,243,es,0.0213,0.000305
530330084012,244,es,0.4757,0.006836
530330084012,245,es,41.8806,0.60181
530330084012,247,es,0.24,0.003449
530330084012,249,es,0.2824,0.004058
530330084012,255,es,0.1917,0.002755
530330084012,261,es,0.1175,0.001688
530330084012,266,es,0.0902,0.001295
530330084012,272,es,0.6773,0.009733
530330084012,286,es,0.7486,0.010758
530330084012,287,es,0.0677,0.000972
530330084012,291,es,0.5775,0.008298
530330084012,935,es,3.5504,0.051019
530330084012,939,es,1.2562,0.018052
530330084012,955,es,0.079,0.001135
530330084012,972,es,0.7268,0.010445
530330084012,974,es,1.3432,0.019302
530330084013,202,es,0.7552,0.032554
530330084013,205,es,0.9617,0.041457
530330084013,207,es,0.2879,0.01241
530330084013,212,es,0.4965,0.021405
530330084013,218,es,0.0356,0.001533
530330084013,226,es,2.6693,0.115069
530330084013,234,es,0.0576,0.002485
530330084013,235,es,0.3243,0.013978
530330084013,241,es,0.167,0.0072
530330084013,243,es,0.0071,0.000305
530330084013,244,es,0.1586,0.006836
530330084013,245,es,13.9602,0.60181
530330084013,247,es,0.08,0.003449
530330084013,249,es,0.0941,0.004058
530330084013,255,es,0.0639,0.002755
530330084013,261,es,0.0392,0.001688
530330084013,266,es,0.0301,0.001295
530330084013,272,es,0.2258,0.009733
530330084013,286,es,0.2495,0.010758
530330084013,287,es,0.0226,0.000972
530330084013,291,es,0.1925,0.008298
530330084013,935,es,1.1835,0.051019
530330084013,939,es,0.4187,0.018052
530330084013,955,es,0.0263,0.001135
530330084013,972,es,0.2423,0.010445
530330084013,974,es,0.4477,0.019302
530330085002,202,es,0.2614,0.002683
530330085002,205,es,0.3329,0.003417
530330085002,207,es,0.6309,0.006476
530330085002,212,es,1.1798,0.01211
530330085002,215,es,0.1113,0.001142
530330085002,218,es,0.0287,0.000295
530330085002,226,es,83.4319,0.856348
530330085002,230,es,0.1158,0.001189
530330085002,234,es,0.0465,0.000478
530330085002,235,es,0.1123,0.001152
530330085002,236,es,0.1701,0.001746
530330085002,241,es,0.1899,0.001949
530330085002,243,es,0.0025,2.5e-05
530330085002,244,es,0.2988,0.003067
530330085002,245,es,5.206,0.053434
530330085002,247,es,0.0277,0.000284
530330085002,248,es,0.0172,0.000177
530330085002,249,es,0.1412,0.001449
530330085002,252,es,0.5299,0.005438
530330085002,255,es,0.0339,0.000348
530330085002,256,es,0.2231,0.00229
530330085002,261,es,0.0136,0.000139
530330085002,266,es,0.0104,0.000107
530330085002,272,es,0.1228,0.00126
530330085002,286,es,0.0864,0.000887
530330085002,287,es,0.0078,8e-05
530330085002,288,es,1.9107,0.019612
530330085002,291,es,0.2442,0.002507
530330085002,930,es,0.7747,0.007952
530330085002,935,es,0.6994,0.007179
530330085002,939,es,0.145,0.001488
530330085002,955,es,0.0577,0.000592
530330085002,972,es,0.0839,0.000861
530330085002,974,es,0.155,0.001591
530330085002,977,es,0.0239,0.000246
530330086002,207,es,0.0099,0.005943
530330086002,212,es,0.0188,0.011275
530330086002,215,es,0.0021,0.001245
530330086002,218,es,0.0003,0.000184
530330086002,226,es,1.5415,0.922943
530330086002,230,es,0.0022,0.001296
530330086002,234,es,0.0005,0.000297
530330086002,236,es,0.0032,0.001903
530330086002,241,es,0.0025,0.001478
530330086002,244,es,0.0046,0.002728
530330086002,245,es,0.007,0.00417
530330086002,248,es,0.0003,0.000192
530330086002,249,es,0.002,0.001214
530330086002,252,es,0.0099,0.005927
530330086002,255,es,0.0002,0.000132
530330086002,256,es,0.0042,0.002496
530330086002,272,es,0.0008,0.000499
530330086002,288,es,0.0357,0.021374
530330086002,291,es,0.0033,0.001987
530330086002,930,es,0.0145,0.008666
530330086002,935,es,0.0054,0.003241
530330086002,955,es,0.0009,0.000543
530330086002,977,es,0.0004,0.000268
530330086004,207,es,0.0176,0.005943
530330086004,212,es,0.0335,0.011275
530330086004,215,es,0.0037,0.001245
530330086004,218,es,0.0005,0.000184
530330086004,226,es,2.7404,0.922943
530330086004,230,es,0.0038,0.001296
530330086004,234,es,0.0009,0.000297
530330086004,236,es,0.0057,0.001903
530330086004,241,es,0.0044,0.001478
530330086004,244,es,0.0081,0.002728
530330086004,245,es,0.0124,0.00417
530330086004,248,es,0.0006,0.000192
530330086004,249,es,0.0036,0.001214
530330086004,252,es,0.0176,0.005927
530330086004,255,es,0.0004,0.000132
530330086004,256,es,0.0074,0.002496
530330086004,272,es,0.0015,0.000499
530330086004,288,es,0.0635,0.021374
530330086004,291,es,0.0059,0.001987
530330086004,930,es,0.0257,0.008666
530330086004,935,es,0.0096,0.003241
530330086004,955,es,0.0016,0.000543
530330086004,977,es,0.0008,0.000268
530330087002,201,es,0.0046,0.000308
530330087002,202,es,0.1284,0.00853
530330087002,205,es,0.8182,0.054374
530330087002,207,es,0.0561,0.00373
530330087002,212,es,3.941,0.261887
530330087002,215,es,0.0118,0.000781
530330087002,218,es,0.0017,0.000115
530330087002,219,es,0.0005,3.1e-05
530330087002,221,es,0.0674,0.004479
530330087002,226,es,8.8099,0.585438
530330087002,230,es,0.0122,0.000813
530330087002,233,es,0.0986,0.006553
530330087002,234,es,0.0028,0.000187
530330087002,236,es,0.018,0.001194
530330087002,241,es,0.014,0.000927
530330087002,244,es,0.1164,0.007737
530330087002,245,es,0.0395,0.002628
530330087002,248,es,0.0019,0.000124
530330087002,249,es,0.0156,0.001037
530330087002,251,es,0.0563,0.003743
530330087002,252,es,0.056,0.00372
530330087002,255,es,0.0012,8.3e-05
530330087002,256,es,0.1062,0.007059
530330087002,272,es,0.0157,0.001043
530330087002,275,es,0.031,0.002061
530330087002,286,es,0.0424,0.002819
530330087002,288,es,0.2524,0.016775
530330087002,291,es,0.0189,0.001258
530330087002,930,es,0.0819,0.005439
530330087002,935,es,0.0391,0.002597
530330087002,939,es,0.178,0.011825
530330087002,955,es,0.0051,0.000341
530330087002,974,es,0.0029,0.000195
530330087002,977,es,0.0025,0.000168
530330087003,202,es,0.0002,1.5e-05
530330087003,205,es,0.0012,9.8e-05
530330087003,207,es,0.0715,0.005939
530330087003,212,es,0.1413,0.011728
530330087003,215,es,0.015,0.001244
530330087003,218,es,0.0022,0.000183
530330087003,226,es,11.1102,0.922334
530330087003,230,es,0.0156,0.001295
530330087003,233,es,0.0001,1.2e-05
530330087003,234,es,0.0036,0.000297
530330087003,236,es,0.0229,0.001902
530330087003,241,es,0.0178,0.001477
530330087003,244,es,0.033,0.002736
530330087003,245,es,0.0502,0.004167
530330087003,248,es,0.0023,0.000192
530330087003,249,es,0.0146,0.001214
530330087003,252,es,0.0713,0.005923
530330087003,255,es,0.0016,0.000132
530330087003,256,es,0.0302,0.002504
530330087003,272,es,0.006,0.0005
530330087003,288,es,0.2574,0.021365
530330087003,291,es,0.0239,0.001985
530330087003,930,es,0.1043,0.008661
530330087003,935,es,0.039,0.00324
530330087003,939,es,0.0003,2.1e-05
530330087003,955,es,0.0065,0.000543
530330087003,977,es,0.0032,0.000268
530330088001,212,es,31.3147,0.188918
530330088001,220,es,2.6037,0.015708
530330088001,222,es,13.8443,0.083521
530330088001,226,es,8.8601,0.053452
530330088001,241,es,0.792,0.004778
530330088001,244,es,4.3864,0.026463
530330088001,245,es,3.7249,0.022472
530330088001,249,es,74.9898,0.452405
530330088001,272,es,1.0706,0.006459
530330088001,286,es,4.1415,0.024985
530330088001,291,es,3.1946,0.019273
530330088001,935,es,16.8356,0.101567
530330088002,205,es,1.7705,0.04359
530330088002,207,es,0.0001,3e-06
530330088002,212,es,6.087,0.149866
530330088002,219,es,0.9502,0.023394
530330088002,220,es,0.0805,0.001981
530330088002,222,es,0.4278,0.010533
530330088002,226,es,4.2268,0.104065
530330088002,241,es,0.0245,0.000603
530330088002,244,es,20.1824,0.496903
530330088002,245,es,0.4458,0.010975
530330088002,248,es,0.103,0.002536
530330088002,249,es,2.5773,0.063454
530330088002,251,es,0.6068,0.01494
530330088002,252,es,0.0001,3e-06
530330088002,256,es,0.8904,0.021923
530330088002,272,es,0.0628,0.001546
530330088002,286,es,0.128,0.003151
530330088002,288,es,0.5451,0.013421
530330088002,291,es,0.4531,0.011156
530330088002,930,es,0.0002,5e-06
530330088002,935,es,1.0539,0.025948
530330088003,205,es,2.0927,0.049913
530330088003,212,es,6.0508,0.144319
530330088003,219,es,1.1231,0.026787
530330088003,226,es,4.6468,0.110832
530330088003,244,es,23.6953,0.565163
530330088003,245,es,0.3907,0.009319
530330088003,248,es,0.1217,0.002903
530330088003,249,es,0.3073,0.007329
530330088003,251,es,0.7173,0.017108
530330088003,256,es,1.0524,0.025102
530330088003,272,es,0.0351,0.000837
530330088003,288,es,0.6438,0.015354
530330088003,291,es,0.4189,0.00999
530330088003,935,es,0.6307,0.015043
530330089001,205,es,1.8674,0.049913
530330089001,212,es,5.3993,0.144319
530330089001,219,es,1.0022,0.026787
530330089001,226,es,4.1465,0.110832
530330089001,244,es,21.1442,0.565163
530330089001,245,es,0.3487,0.009319
530330089001,248,es,0.1086,0.002903
530330089001,249,es,0.2742,0.007329
530330089001,251,es,0.64,0.017108
530330089001,256,es,0.9391,0.025102
530330089001,272,es,0.0313,0.000837
530330089001,288,es,0.5744,0.015354
530330089001,291,es,0.3738,0.00999
530330089001,935,es,0.5628,0.015043
530330089002,205,es,3.1984,0.049913
530330089002,212,es,9.2478,0.144319
530330089002,219,es,1.7165,0.026787
530330089002,226,es,7.102,0.110832
530330089002,244,es,36.215,0.565163
530330089002,245,es,0.5972,0.009319
530330089002,248,es,0.186,0.002903
530330089002,249,es,0.4696,0.007329
530330089002,251,es,1.0963,0.017108
530330089002,256,es,1.6085,0.025102
530330089002,272,es,0.0536,0.000837
530330089002,288,es,0.9839,0.015354
530330089002,291,es,0.6402,0.00999
530330089002,935,es,0.9639,0.015043
530330089003,202,es,0.0008,8e-06
530330089003,205,es,5.4671,0.049946
530330089003,212,es,15.8171,0.144501
530330089003,219,es,2.9312,0.026778
530330089003,221,es,0.0004,4e-06
530330089003,226,es,12.1283,0.110801
530330089003,233,es,0.0006,6e-06
530330089003,244,es,61.8426,0.564978
530330089003,245,es,1.0197,0.009316
530330089003,248,es,0.3177,0.002902
530330089003,249,es,0.8019,0.007326
530330089003,251,es,1.8724,0.017105
530330089003,256,es,2.7473,0.025098
530330089003,272,es,0.0917,0.000837
530330089003,275,es,0.0002,2e-06
530330089003,286,es,0.0003,3e-06
530330089003,288,es,1.6804,0.015352
530330089003,291,es,1.0932,0.009987
530330089003,935,es,1.6461,0.015038
530330089003,939,es,0.0012,1.1e-05
530330089004,201,es,0.0115,0.000586
530330089004,202,es,0.3168,0.016202
530330089004,205,es,2.3054,0.117887
530330089004,212,es,10.2906,0.526219
530330089004,219,es,0.1545,0.007901
530330089004,221,es,0.1664,0.008507
530330089004,226,es,0.8633,0.044146
530330089004,233,es,0.2434,0.012445
530330089004,244,es,3.4596,0.176911
530330089004,245,es,0.0538,0.002749
530330089004,248,es,0.0167,0.000856
530330089004,249,es,0.0521,0.002667
530330089004,251,es,0.237,0.012118
530330089004,256,es,0.3477,0.017781
530330089004,272,es,0.0319,0.001631
530330089004,275,es,0.0766,0.003915
530330089004,286,es,0.1047,0.005354
530330089004,288,es,0.2127,0.010876
530330089004,291,es,0.0576,0.002947
530330089004,935,es,0.107,0.005474
530330089004,939,es,0.4392,0.02246
530330089004,974,es,0.0072,0.000369
530330090001,202,es,0.0003,6e-06
530330090001,205,es,0.2227,0.004662
530330090001,207,es,0.2829,0.005922
530330090001,212,es,0.5446,0.011402
530330090001,215,es,0.0592,0.00124
530330090001,218,es,0.0087,0.000183
530330090001,220,es,0.0001,3e-06
530330090001,221,es,0.0001,3e-06
530330090001,226,es,43.8649,0.918304
530330090001,230,es,0.0616,0.001289
530330090001,233,es,0.0002,4e-06
530330090001,234,es,0.0141,0.000296
530330090001,236,es,0.0904,0.001893
530330090001,241,es,0.0702,0.001471
530330090001,244,es,0.1299,0.002719
530330090001,245,es,0.1982,0.00415
530330090001,248,es,0.0091,0.000191
530330090001,249,es,0.0577,0.001209
530330090001,251,es,0.0004,8e-06
530330090001,252,es,0.2858,0.005983
530330090001,255,es,0.0063,0.000131
530330090001,256,es,0.1188,0.002487
530330090001,272,es,0.0238,0.000497
530330090001,288,es,1.0164,0.021278
530330090001,291,es,0.0946,0.00198
530330090001,930,es,0.4125,0.008637
530330090001,935,es,0.1541,0.003226
530330090001,939,es,0.0007,1.5e-05
530330090001,955,es,0.0258,0.000541
530330090001,977,es,0.0127,0.000266
530330090002,201,es,0.0018,0.00013
530330090002,202,es,0.0509,0.00359
530330090002,205,es,0.3238,0.022857
530330090002,207,es,0.071,0.005014
530330090002,212,es,1.6528,0.116673
530330090002,215,es,0.0149,0.00105
530330090002,218,es,0.0022,0.000155
530330090002,221,es,0.0267,0.001885
530330090002,226,es,11.068,0.781308
530330090002,230,es,0.0155,0.001093
530330090002,233,es,0.0391,0.002757
530330090002,234,es,0.0036,0.000251
530330090002,236,es,0.0227,0.001606
530330090002,241,es,0.0177,0.001247
530330090002,244,es,0.0646,0.004563
530330090002,245,es,0.0498,0.003518
530330090002,248,es,0.0023,0.000162
530330090002,249,es,0.0161,0.001137
530330090002,251,es,0.0222,0.001567
530330090002,252,es,0.0708,0.005001
530330090002,255,es,0.0016,0.000111
530330090002,256,es,0.0624,0.004405
530330090002,272,es,0.0103,0.000728
530330090002,275,es,0.0123,0.000867
530330090002,286,es,0.0168,0.001186
530330090002,288,es,0.2754,0.019441
530330090002,291,es,0.0237,0.001676
530330090002,930,es,0.1036,0.007313
530330090002,935,es,0.042,0.002964
530330090002,939,es,0.0705,0.004976
530330090002,955,es,0.0065,0.000459
530330090002,974,es,0.0012,8.2e-05
530330090002,977,es,0.0032,0.000226
530330090003,201,es,0.0296,0.00083
530330090003,202,es,0.8189,0.022952
530330090003,205,es,5.2166,0.146207
530330090003,212,es,24.4524,0.685331
530330090003,219,es,0.0012,3.3e-05
530330090003,221,es,0.43,0.012051
530330090003,226,es,0.5838,0.016362
530330090003,233,es,0.6291,0.017631
530330090003,244,es,0.5406,0.015152
530330090003,245,es,0.0004,1.1e-05
530330090003,248,es,0.0001,4e-06
530330090003,249,es,0.0258,0.000724
530330090003,251,es,0.3582,0.010039
530330090003,256,es,0.5256,0.01473
530330090003,272,es,0.07,0.001962
530330090003,275,es,0.1979,0.005546
530330090003,286,es,0.2706,0.007585
530330090003,288,es,0.3215,0.00901
530330090003,291,es,0.0004,1.2e-05
530330090003,935,es,0.053,0.001487
530330090003,939,es,1.1353,0.031818
530330090003,974,es,0.0187,0.000523
530330091001,202,es,0.043,0.003089
530330091001,205,es,0.1235,0.00887
530330091001,207,es,0.091,0.006536
530330091001,212,es,0.1697,0.012191
530330091001,215,es,0.0156,0.001122
530330091001,218,es,0.0043,0.000311
530330091001,226,es,11.7132,0.841571
530330091001,230,es,0.0162,0.001166
530330091001,234,es,0.007,0.000503
530330091001,235,es,0.0185,0.001326
530330091001,236,es,0.0238,0.001713
530330091001,241,es,0.028,0.002013
530330091001,243,es,0.0004,2.9e-05
530330091001,244,es,0.0432,0.003105
530330091001,245,es,0.8471,0.060864
530330091001,247,es,0.0046,0.000328
530330091001,248,es,0.0024,0.000173
530330091001,249,es,0.0206,0.001479
530330091001,252,es,0.0755,0.005425
530330091001,255,es,0.0053,0.00038
530330091001,256,es,0.0313,0.002246
530330091001,261,es,0.0022,0.00016
530330091001,266,es,0.0017,0.000123
530330091001,272,es,0.0191,0.001373
530330091001,286,es,0.0142,0.001021
530330091001,287,es,0.0013,9.2e-05
530330091001,288,es,0.2679,0.019247
530330091001,291,es,0.0359,0.002579
530330091001,930,es,0.1088,0.007815
530330091001,935,es,0.108,0.007759
530330091001,939,es,0.0239,0.00172
530330091001,955,es,0.0083,0.000597
530330091001,972,es,0.0138,0.000991
530330091001,974,es,0.0255,0.001832
530330091001,977,es,0.0034,0.000241
530330091002,202,es,0.6915,0.031052
530330091002,205,es,1.873,0.084107
530330091002,207,es,0.2657,0.01193
530330091002,212,es,0.4571,0.020528
530330091002,215,es,0.0004,1.9e-05
530330091002,218,es,0.0326,0.001463
530330091002,220,es,0.0006,2.5e-05
530330091002,226,es,2.4462,0.109845
530330091002,234,es,0.0528,0.00237
530330091002,235,es,0.2969,0.013333
530330091002,241,es,0.153,0.006872
530330091002,243,es,0.0065,0.000291
530330091002,244,es,0.1454,0.006529
530330091002,245,es,12.7838,0.574058
530330091002,247,es,0.0734,0.003294
530330091002,249,es,0.0863,0.003875
530330091002,251,es,0.0012,5.2e-05
530330091002,252,es,0.0183,0.000823
530330091002,255,es,0.0585,0.002628
530330091002,261,es,0.0359,0.00161
530330091002,266,es,0.0275,0.001236
530330091002,272,es,0.2067,0.009284
530330091002,286,es,0.2285,0.010261
530330091002,287,es,0.0206,0.000927
530330091002,288,es,0.0021,9.4e-05
530330091002,291,es,0.1769,0.007946
530330091002,930,es,0.003,0.000134
530330091002,935,es,1.0839,0.048672
530330091002,939,es,0.3849,0.017285
530330091002,955,es,0.0241,0.001083
530330091002,972,es,0.2219,0.009963
530330091002,974,es,0.41,0.018411
530330092001,202,es,1.3375,0.032466
530330092001,205,es,1.7033,0.041345
530330092001,207,es,0.5106,0.012393
530330092001,212,es,0.8807,0.021378
530330092001,215,es,0.0001,3e-06
530330092001,218,es,0.063,0.00153
530330092001,226,es,4.8306,0.117254
530330092001,230,es,0.0001,4e-06
530330092001,234,es,0.1021,0.002479
530330092001,235,es,0.5743,0.01394
530330092001,236,es,0.0002,5e-06
530330092001,241,es,0.296,0.007184
530330092001,243,es,0.0126,0.000305
530330092001,244,es,0.2812,0.006825
530330092001,245,es,24.7267,0.600193
530330092001,247,es,0.1417,0.003439
530330092001,249,es,0.1669,0.00405
530330092001,252,es,0.0007,1.6e-05
530330092001,255,es,0.1132,0.002748
530330092001,256,es,0.0003,7e-06
530330092001,261,es,0.0694,0.001683
530330092001,266,es,0.0532,0.001292
530330092001,272,es,0.3999,0.009708
530330092001,286,es,0.442,0.010728
530330092001,287,es,0.0399,0.00097
530330092001,288,es,0.0024,5.8e-05
530330092001,291,es,0.3412,0.008281
530330092001,930,es,0.001,2.3e-05
530330092001,935,es,2.0965,0.050889
530330092001,939,es,0.7417,0.018003
530330092001,955,es,0.0467,0.001133
530330092001,972,es,0.4291,0.010416
530330092001,974,es,0.793,0.01925
530330093001,205,es,18.2828,0.965874
530330093001,207,es,0.0376,0.001987
530330093001,212,es,0.0454,0.002399
530330093001,215,es,0.0079,0.000416
530330093001,220,es,0.0102,0.000541
530330093001,226,es,0.0349,0.001843
530330093001,241,es,0.0016,8.2e-05
530330093001,244,es,0.0035,0.000182
530330093001,245,es,0.0059,0.00031
530330093001,247,es,0.0017,9.2e-05
530330093001,249,es,0.0015,8.1e-05
530330093001,251,es,0.0215,0.001138
530330093001,252,es,0.3376,0.017838
530330093001,288,es,0.0387,0.002042
530330093001,291,es,0.0126,0.000664
530330093001,930,es,0.0549,0.002898
530330093001,935,es,0.0032,0.000167
530330093001,939,es,0.0274,0.001445
530330093002,202,es,0.0004,0.000293
530330093002,205,es,1.3848,0.957561
530330093002,207,es,0.003,0.002081
530330093002,212,es,0.0037,0.00257
530330093002,215,es,0.0006,0.000412
530330093002,220,es,0.0008,0.000537
530330093002,226,es,0.0041,0.002861
530330093002,235,es,0.0002,0.000126
530330093002,241,es,0.0002,0.000146
530330093002,244,es,0.0004,0.000242
530330093002,245,es,0.0083,0.005719
530330093002,247,es,0.0002,0.000122
530330093002,249,es,0.0002,0.000117
530330093002,251,es,0.0016,0.001127
530330093002,252,es,0.0256,0.017677
530330093002,272,es,0.0001,8.8e-05
530330093002,286,es,0.0001,9.7e-05
530330093002,288,es,0.0029,0.002024
530330093002,291,es,0.0011,0.000733
530330093002,930,es,0.0042,0.002872
530330093002,935,es,0.0009,0.000624
530330093002,939,es,0.0023,0.001595
530330093002,972,es,0.0001,9.4e-05
530330093002,974,es,0.0003,0.000174
530330093003,205,es,5.2476,0.673268
530330093003,207,es,0.0332,0.004261
530330093003,212,es,0.0205,0.002636
530330093003,215,es,0.0086,0.001106
530330093003,219,es,0.0002,3.2e-05
530330093003,220,es,0.0114,0.001459
530330093003,226,es,0.0105,0.001343
530330093003,233,es,0.001,0.000134
530330093003,241,es,0.0006,8.3e-05
530330093003,244,es,0.0011,0.000136
530330093003,245,es,0.0041,0.000522
530330093003,247,es,0.0005,6.2e-05
530330093003,249,es,0.0004,5.5e-05
530330093003,251,es,0.0855,0.01097
530330093003,252,es,0.8824,0.11321
530330093003,256,es,0.026,0.00334
530330093003,264,es,0.0052,0.000662
530330093003,275,es,1.0696,0.137232
530330093003,279,es,0.0001,1.4e-05
530330093003,286,es,0.079,0.010132
530330093003,288,es,0.1352,0.017342
530330093003,291,es,0.0535,0.006869
530330093003,930,es,0.0387,0.004965
530330093003,935,es,0.0037,0.000474
530330093003,939,es,0.0743,0.009538
530330093003,972,es,0.0008,0.000108
530330094001,205,es,10.4938,0.965874
530330094001,207,es,0.0216,0.001987
530330094001,212,es,0.0261,0.002399
530330094001,215,es,0.0045,0.000416
530330094001,220,es,0.0059,0.000541
530330094001,226,es,0.02,0.001843
530330094001,241,es,0.0009,8.2e-05
530330094001,244,es,0.002,0.000182
530330094001,245,es,0.0034,0.00031
530330094001,247,es,0.001,9.2e-05
530330094001,249,es,0.0009,8.1e-05
530330094001,251,es,0.0124,0.001138
530330094001,252,es,0.1938,0.017838
530330094001,288,es,0.0222,0.002042
530330094001,291,es,0.0072,0.000664
530330094001,930,es,0.0315,0.002898
530330094001,935,es,0.0018,0.000167
530330094001,939,es,0.0157,0.001445
530330094002,201,es,0.0002,1e-05
530330094002,202,es,0.0043,0.000287
530330094002,205,es,14.3374,0.955218
530330094002,207,es,0.0295,0.001964
530330094002,212,es,0.1641,0.010935
530330094002,215,es,0.0062,0.000412
530330094002,220,es,0.0081,0.000536
530330094002,221,es,0.0023,0.000151
530330094002,226,es,0.0304,0.002025
530330094002,233,es,0.0033,0.000222
530330094002,241,es,0.0012,8.1e-05
530330094002,244,es,0.0054,0.000361
530330094002,245,es,0.0046,0.000306
530330094002,247,es,0.0014,9.1e-05
530330094002,249,es,0.0013,8.9e-05
530330094002,251,es,0.0188,0.001252
530330094002,252,es,0.2643,0.017611
530330094002,256,es,0.0028,0.000189
530330094002,272,es,0.0004,2.5e-05
530330094002,275,es,0.001,6.9e-05
530330094002,286,es,0.0014,9.6e-05
530330094002,288,es,0.038,0.002531
530330094002,291,es,0.0099,0.000658
530330094002,930,es,0.043,0.002862
530330094002,935,es,0.0027,0.000183
530330094002,939,es,0.0275,0.00183
530330094003,205,es,18.8144,0.965686
530330094003,207,es,0.0387,0.001988
530330094003,212,es,0.0468,0.002402
530330094003,215,es,0.0081,0.000417
530330094003,220,es,0.0106,0.000542
530330094003,226,es,0.0359,0.001844
530330094003,241,es,0.0016,8.2e-05
530330094003,244,es,0.0036,0.000183
530330094003,245,es,0.006,0.00031
530330094003,247,es,0.0018,9.2e-05
530330094003,249,es,0.0016,8.1e-05
530330094003,251,es,0.0222,0.001139
530330094003,252,es,0.3475,0.017836
530330094003,288,es,0.0432,0.002217
530330094003,291,es,0.013,0.000665
530330094003,930,es,0.0565,0.002898
530330094003,935,es,0.0032,0.000167
530330094003,939,es,0.0282,0.001448
530330094004,201,es,0.0009,0.000116
530330094004,202,es,0.0246,0.00322
530330094004,205,es,6.5007,0.851027
530330094004,207,es,0.0131,0.001709
530330094004,212,es,0.7501,0.098194
530330094004,215,es,0.0027,0.000358
530330094004,220,es,0.0036,0.000466
530330094004,221,es,0.0129,0.001691
530330094004,226,es,0.0295,0.003861
530330094004,233,es,0.0189,0.002474
530330094004,241,es,0.0005,7.1e-05
530330094004,244,es,0.0167,0.002186
530330094004,245,es,0.002,0.000266
530330094004,247,es,0.0006,7.9e-05
530330094004,249,es,0.0013,0.00017
530330094004,251,es,0.0182,0.002384
530330094004,252,es,0.1172,0.015338
530330094004,256,es,0.0158,0.002062
530330094004,272,es,0.0021,0.000275
530330094004,275,es,0.0059,0.000778
530330094004,286,es,0.0081,0.001064
530330094004,288,es,0.023,0.003017
530330094004,291,es,0.0044,0.000571
530330094004,930,es,0.019,0.002492
530330094004,935,es,0.0027,0.000349
530330094004,939,es,0.0436,0.005707
530330094004,974,es,0.0006,7.3e-05
530330094005,205,es,3.7131,0.965874
530330094005,207,es,0.0076,0.001987
530330094005,212,es,0.0092,0.002399
530330094005,215,es,0.0016,0.000416
530330094005,220,es,0.0021,0.000541
530330094005,226,es,0.0071,0.001843
530330094005,241,es,0.0003,8.2e-05
530330094005,244,es,0.0007,0.000182
530330094005,245,es,0.0012,0.00031
530330094005,247,es,0.0004,9.2e-05
530330094005,249,es,0.0003,8.1e-05
530330094005,251,es,0.0044,0.001138
530330094005,252,es,0.0686,0.017838
530330094005,288,es,0.0079,0.002042
530330094005,291,es,0.0026,0.000664
530330094005,930,es,0.0111,0.002898
530330094005,935,es,0.0006,0.000167
530330094005,939,es,0.0056,0.001445
530330095001,201,es,0.0013,5.2e-05
530330095001,202,es,0.1807,0.007289
530330095001,205,es,0.9495,0.038294
530330095001,207,es,0.1105,0.004458
530330095001,212,es,2.6778,0.107996
530330095001,219,es,0.3379,0.013626
530330095001,220,es,0.1506,0.006073
530330095001,221,es,0.0188,0.000757
530330095001,226,es,0.962,0.038797
530330095001,233,es,0.2131,0.008593
530330095001,241,es,0.0046,0.000185
530330095001,244,es,4.0456,0.163158
530330095001,245,es,0.0745,0.003003
530330095001,248,es,0.0205,0.000827
530330095001,249,es,0.0529,0.002133
530330095001,250,es,0.0044,0.000179
530330095001,251,es,0.3263,0.01316
530330095001,256,es,13.2453,0.534185
530330095001,272,es,0.0152,0.000611
530330095001,275,es,0.0086,0.000348
530330095001,286,es,0.0118,0.000476
530330095001,288,es,0.52,0.020973
530330095001,289,es,0.0012,4.6e-05
530330095001,291,es,0.2923,0.011788
530330095001,935,es,0.1178,0.004752
530330095001,939,es,0.4515,0.018209
530330095001,974,es,0.0008,3.3e-05
530330095002,201,es,0.0478,0.000737
530330095002,202,es,1.3228,0.020385
530330095002,205,es,8.8356,0.136168
530330095002,207,es,0.0001,2e-06
530330095002,212,es,40.5364,0.624722
530330095002,219,es,0.1949,0.003003
530330095002,221,es,0.6945,0.010704
530330095002,226,es,1.7415,0.026839
530330095002,233,es,1.0161,0.015659
530330095002,244,es,4.9447,0.076205
530330095002,245,es,0.0678,0.001045
530330095002,248,es,0.0211,0.000325
530330095002,249,es,0.0945,0.001457
530330095002,251,es,0.7019,0.010817
530330095002,252,es,0.0009,1.4e-05
530330095002,256,es,1.0298,0.01587
530330095002,272,es,0.1191,0.001835
530330095002,275,es,0.3196,0.004926
530330095002,286,es,0.4371,0.006736
530330095002,288,es,0.63,0.009709
530330095002,291,es,0.0727,0.001121
530330095002,930,es,0.0001,2e-06
530330095002,935,es,0.1941,0.002991
530330095002,939,es,1.8338,0.028261
530330095002,974,es,0.0302,0.000465
530330095003,202,es,0.0471,0.008638
530330095003,205,es,0.1298,0.023808
530330095003,207,es,0.0359,0.006586
530330095003,212,es,0.2205,0.040438
530330095003,219,es,0.0536,0.009825
530330095003,220,es,0.0489,0.008973
530330095003,226,es,0.0718,0.013171
530330095003,233,es,0.0603,0.011059
530330095003,241,es,0.0015,0.000273
530330095003,244,es,0.1214,0.022265
530330095003,245,es,0.0046,0.000851
530330095003,248,es,0.0006,0.000105
530330095003,249,es,0.0014,0.000265
530330095003,250,es,0.0014,0.000264
530330095003,251,es,0.0651,0.011931
530330095003,256,es,4.244,0.778215
530330095003,272,es,0.0022,0.000399
530330095003,288,es,0.1322,0.024244
530330095003,289,es,0.0004,6.9e-05
530330095003,291,es,0.074,0.013573
530330095003,935,es,0.006,0.001097
530330095003,939,es,0.1306,0.02395
530330095004,201,es,0.0407,0.000268
530330095004,202,es,2.0491,0.013477
530330095004,205,es,9.5178,0.062597
530330095004,207,es,0.7045,0.004633
530330095004,212,es,37.3553,0.245678
530330095004,219,es,0.9472,0.00623
530330095004,220,es,0.9597,0.006312
530330095004,221,es,0.5908,0.003886
530330095004,226,es,1.7752,0.011675
530330095004,233,es,2.0472,0.013464
530330095004,241,es,0.0292,0.000192
530330095004,244,es,0.9029,0.005938
530330095004,245,es,0.0549,0.000361
530330095004,249,es,0.0351,0.000231
530330095004,250,es,0.0283,0.000186
530330095004,251,es,1.701,0.011187
530330095004,256,es,83.8587,0.551522
530330095004,272,es,0.1356,0.000892
530330095004,275,es,0.2719,0.001788
530330095004,286,es,0.3718,0.002445
530330095004,288,es,2.9744,0.019562
530330095004,289,es,0.0073,4.8e-05
530330095004,291,es,1.413,0.009293
530330095004,935,es,0.1311,0.000862
530330095004,939,es,4.1215,0.027106
530330095004,974,es,0.0257,0.000169
530330096001,201,es,0.0022,4.2e-05
530330096001,202,es,0.0679,0.001306
530330096001,203,es,0.0642,0.001234
530330096001,205,es,0.0769,0.001478
530330096001,212,es,0.0238,0.000458
530330096001,215,es,0.0289,0.000556
530330096001,222,es,0.0667,0.001282
530330096001,225,es,0.0377,0.000724
530330096001,235,es,0.0518,0.000996
530330096001,239,es,47.0105,0.903952
530330096001,241,es,0.0057,0.00011
530330096001,252,es,0.0459,0.000882
530330096001,256,es,0.0193,0.000372
530330096001,270,es,1.4643,0.028156
530330096001,273,es,0.0194,0.000372
530330096001,930,es,2.8849,0.055472
530330096001,972,es,0.1355,0.002606
530330096002,202,es,3.0434,0.60168
530330096002,203,es,0.0085,0.001673
530330096002,205,es,0.0179,0.003535
530330096002,212,es,0.0039,0.000779
530330096002,215,es,0.0009,0.000178
530330096002,222,es,0.0155,0.003067
530330096002,225,es,0.0012,0.000231
530330096002,235,es,0.0016,0.000319
530330096002,236,es,0.0059,0.001174
530330096002,239,es,1.6006,0.316451
530330096002,241,es,0.0006,0.000111
530330096002,245,es,0.0007,0.000143
530330096002,249,es,0.0004,7.5e-05
530330096002,251,es,0.0159,0.00315
530330096002,252,es,0.0014,0.000282
530330096002,256,es,0.0006,0.000119
530330096002,270,es,0.1797,0.035527
530330096002,273,es,0.0006,0.000119
530330096002,930,es,0.1506,0.029769
530330096002,972,es,0.0081,0.001605
530330096003,201,es,0.0014,3.5e-05
530330096003,202,es,5.6397,0.139391
530330096003,203,es,0.054,0.001335
530330096003,205,es,0.079,0.001951
530330096003,212,es,0.0215,0.000532
530330096003,215,es,0.019,0.000469
530330096003,222,es,0.0685,0.001693
530330096003,225,es,0.0247,0.000611
530330096003,235,es,0.034,0.00084
530330096003,236,es,0.0109,0.00027
530330096003,239,es,31.1063,0.768829
530330096003,241,es,0.0045,0.00011
530330096003,245,es,0.0013,3.3e-05
530330096003,249,es,0.0007,1.7e-05
530330096003,251,es,0.0293,0.000725
530330096003,252,es,0.0301,0.000744
530330096003,256,es,0.0127,0.000313
530330096003,270,es,1.2078,0.029851
530330096003,273,es,0.0127,0.000314
530330096003,930,es,2.0052,0.049561
530330096003,972,es,0.0961,0.002376
530330096004,201,es,0.0011,4.2e-05
530330096004,202,es,0.0298,0.00116
530330096004,203,es,0.0317,0.001234
530330096004,205,es,0.0379,0.001478
530330096004,212,es,0.0118,0.000458
530330096004,215,es,0.0143,0.000556
530330096004,222,es,0.0329,0.001282
530330096004,225,es,0.0186,0.000724
530330096004,235,es,0.0256,0.000996
530330096004,239,es,23.2147,0.904095
530330096004,241,es,0.0028,0.00011
530330096004,252,es,0.0227,0.000882
530330096004,256,es,0.0095,0.000372
530330096004,270,es,0.7229,0.028154
530330096004,273,es,0.0096,0.000372
530330096004,930,es,1.4245,0.055479
530330096004,972,es,0.0669,0.002606
530330097011,202,es,8.4777,0.883842
530330097011,203,es,0.018,0.001879
530330097011,205,es,0.0432,0.004502
530330097011,212,es,0.0089,0.00093
530330097011,222,es,0.0375,0.003905
530330097011,236,es,0.0166,0.001726
530330097011,239,es,0.3869,0.040339
530330097011,241,es,0.0011,0.000112
530330097011,245,es,0.002,0.00021
530330097011,249,es,0.0011,0.00011
530330097011,251,es,0.0444,0.004629
530330097011,270,es,0.374,0.038991
530330097011,930,es,0.1697,0.017689
530330097011,972,es,0.0109,0.001134
530330097012,202,es,22.3924,0.594081
530330097012,203,es,0.0473,0.001254
530330097012,205,es,0.1133,0.003005
530330097012,212,es,0.0269,0.000714
530330097012,222,es,0.113,0.002997
530330097012,225,es,0.0666,0.001767
530330097012,236,es,0.0499,0.001325
530330097012,239,es,1.6237,0.043077
530330097012,241,es,0.0037,9.7e-05
530330097012,245,es,0.0053,0.00014
530330097012,249,es,0.0028,7.4e-05
530330097012,251,es,0.1164,0.003089
530330097012,270,es,12.43,0.329773
530330097012,930,es,0.6378,0.016922
530330097012,971,es,0.0007,1.9e-05
530330097012,972,es,0.0628,0.001666
530330097013,202,es,44.0555,0.883842
530330097013,203,es,0.0937,0.001879
530330097013,205,es,0.2244,0.004502
530330097013,212,es,0.0463,0.00093
530330097013,222,es,0.1947,0.003905
530330097013,236,es,0.0861,0.001726
530330097013,239,es,2.0107,0.040339
530330097013,241,es,0.0056,0.000112
530330097013,245,es,0.0105,0.00021
530330097013,249,es,0.0055,0.00011
530330097013,251,es,0.2308,0.004629
530330097013,270,es,1.9435,0.038991
530330097013,930,es,0.8817,0.017689
530330097013,972,es,0.0565,0.001134
530330097014,202,es,34.1701,0.883834
530330097014,203,es,0.0726,0.001879
530330097014,205,es,0.1741,0.004502
530330097014,212,es,0.0359,0.00093
530330097014,222,es,0.151,0.003905
530330097014,236,es,0.0667,0.001726
530330097014,239,es,1.5596,0.040339
530330097014,241,es,0.0043,0.000112
530330097014,245,es,0.0081,0.00021
530330097014,249,es,0.0043,0.00011
530330097014,251,es,0.179,0.004629
530330097014,270,es,1.5078,0.038999
530330097014,930,es,0.6839,0.017689
530330097014,972,es,0.0439,0.001134
530330097021,201,es,0.0023,3e-05
530330097021,202,es,2.2568,0.028761
530330097021,203,es,0.0723,0.000922
530330097021,205,es,0.0916,0.001167
530330097021,212,es,0.0332,0.000423
530330097021,215,es,0.0308,0.000392
530330097021,222,es,0.1041,0.001326
530330097021,225,es,0.1515,0.00193
530330097021,235,es,0.0551,0.000703
530330097021,236,es,0.0147,0.000187
530330097021,239,es,51.1202,0.651492
530330097021,241,es,0.0077,9.9e-05
530330097021,245,es,0.0005,6e-06
530330097021,249,es,0.0002,3e-06
530330097021,251,es,0.0101,0.000128
530330097021,252,es,0.0488,0.000622
530330097021,256,es,0.0206,0.000262
530330097021,270,es,20.7902,0.264956
530330097021,273,es,0.0206,0.000263
530330097021,930,es,3.4301,0.043715
530330097021,971,es,0.0012,1.5e-05
530330097021,972,es,0.2039,0.002599
530330097022,202,es,30.2184,0.553277
530330097022,203,es,0.0639,0.00117
530330097022,205,es,0.1529,0.002799
530330097022,212,es,0.0373,0.000684
530330097022,222,es,0.1567,0.00287
530330097022,225,es,0.1093,0.002001
530330097022,235,es,0.0002,3e-06
530330097022,236,es,0.0692,0.001267
530330097022,239,es,2.5237,0.046207
530330097022,241,es,0.0052,9.5e-05
530330097022,245,es,0.0071,0.00013
530330097022,249,es,0.0037,6.8e-05
530330097022,251,es,0.1569,0.002873
530330097022,252,es,0.0002,3e-06
530330097022,270,es,20.0906,0.367844
530330097022,930,es,0.9254,0.016943
530330097022,971,es,0.0012,2.2e-05
530330097022,972,es,0.095,0.00174
530330097023,202,es,0.5855,0.013027
530330097023,212,es,0.0126,0.00028
530330097023,222,es,0.0529,0.001176
530330097023,225,es,0.2387,0.005311
530330097023,236,es,0.0234,0.00052
530330097023,239,es,2.1827,0.048569
530330097023,241,es,0.003,6.7e-05
530330097023,270,es,41.0259,0.912874
530330097023,930,es,0.6914,0.015383
530330097023,971,es,0.0026,5.7e-05
530330097023,972,es,0.1227,0.002731
530330097024,202,es,5.6407,0.037037
530330097024,203,es,0.008,5.2e-05
530330097024,205,es,0.0191,0.000125
530330097024,212,es,0.0454,0.000298
530330097024,222,es,0.1906,0.001252
530330097024,225,es,0.7866,0.005165
530330097024,236,es,0.0843,0.000553
530330097024,239,es,7.3625,0.048342
530330097024,241,es,0.0104,6.8e-05
530330097024,245,es,0.0009,6e-06
530330097024,249,es,0.0005,3e-06
530330097024,251,es,0.0196,0.000129
530330097024,270,es,135.3619,0.88878
530330097024,930,es,2.3526,0.015447
530330097024,971,es,0.0085,5.6e-05
530330097024,972,es,0.4092,0.002687
530330098011,201,es,0.0012,4.2e-05
530330098011,202,es,0.0342,0.00116
530330098011,203,es,0.0364,0.001234
530330098011,205,es,0.0436,0.001478
530330098011,212,es,0.0135,0.000458
530330098011,215,es,0.0164,0.000556
530330098011,222,es,0.0378,0.001282
530330098011,225,es,0.0214,0.000724
530330098011,235,es,0.0294,0.000996
530330098011,239,es,26.6715,0.904095
530330098011,241,es,0.0032,0.00011
530330098011,252,es,0.026,0.000882
530330098011,256,es,0.011,0.000372
530330098011,270,es,0.8306,0.028154
530330098011,273,es,0.011,0.000372
530330098011,930,es,1.6367,0.055479
530330098011,972,es,0.0769,0.002606
530330098012,201,es,0.002,4.2e-05
530330098012,202,es,0.0565,0.00116
530330098012,203,es,0.0601,0.001234
530330098012,205,es,0.072,0.001478
530330098012,212,es,0.0223,0.000458
530330098012,215,es,0.0271,0.000556
530330098012,222,es,0.0624,0.001282
530330098012,225,es,0.0353,0.000724
530330098012,235,es,0.0485,0.000996
530330098012,239,es,44.0285,0.904095
530330098012,241,es,0.0054,0.00011
530330098012,252,es,0.043,0.000882
530330098012,256,es,0.0181,0.000372
530330098012,270,es,1.3711,0.028154
530330098012,273,es,0.0181,0.000372
530330098012,930,es,2.7017,0.055479
530330098012,972,es,0.1269,0.002606
530330098013,201,es,0.0005,3.7e-05
530330098013,202,es,0.0313,0.002504
530330098013,203,es,0.0137,0.001091
530330098013,205,es,0.0164,0.001307
530330098013,212,es,0.0055,0.000437
530330098013,215,es,0.0062,0.000492
530330098013,222,es,0.0159,0.001269
530330098013,225,es,0.0157,0.001255
530330098013,235,es,0.011,0.000881
530330098013,236,es,0.0008,6e-05
530330098013,239,es,10.0794,0.805117
530330098013,241,es,0.0013,0.000105
530330098013,252,es,0.0098,0.00078
530330098013,256,es,0.0041,0.000329
530330098013,270,es,1.6343,0.13054
530330098013,273,es,0.0041,0.000329
530330098013,930,es,0.6365,0.05084
530330098013,972,es,0.0328,0.002621
530330098021,201,es,0.0015,1.2e-05
530330098021,202,es,1.2228,0.009517
530330098021,203,es,0.0445,0.000346
530330098021,205,es,0.0531,0.000413
530330098021,212,es,0.0426,0.000331
530330098021,215,es,0.02,0.000156
530330098021,222,es,0.1895,0.001475
530330098021,225,es,0.5182,0.004033
530330098021,235,es,0.0361,0.000281
530330098021,236,es,0.0482,0.000375
530330098021,239,es,36.9978,0.287949
530330098021,241,es,0.0102,7.9e-05
530330098021,252,es,0.0317,0.000247
530330098021,256,es,0.0134,0.000104
530330098021,270,es,85.4696,0.6652
530330098021,273,es,0.0135,0.000105
530330098021,930,es,3.4207,0.026623
530330098021,971,es,0.0053,4.1e-05
530330098021,972,es,0.3483,0.002711
530330098022,202,es,0.2135,0.012769
530330098022,212,es,0.0047,0.00028
530330098022,222,es,0.0211,0.001264
530330098022,225,es,0.0889,0.005314
530330098022,236,es,0.0087,0.00052
530330098022,239,es,0.8121,0.048569
530330098022,241,es,0.0011,6.7e-05
530330098022,270,es,15.2672,0.913032
530330098022,930,es,0.2573,0.01539
530330098022,971,es,0.001,5.8e-05
530330098022,972,es,0.0458,0.002736
530330098023,201,es,0.0001,5e-06
530330098023,202,es,0.2517,0.011252
530330098023,203,es,0.0036,0.000161
530330098023,205,es,0.0043,0.000193
530330098023,212,es,0.0068,0.000303
530330098023,215,es,0.0016,7.3e-05
530330098023,222,es,0.0266,0.001189
530330098023,225,es,0.1054,0.004713
530330098023,235,es,0.0029,0.00013
530330098023,236,es,0.0101,0.000452
530330098023,239,es,3.5892,0.16047
530330098023,241,es,0.0016,7.3e-05
530330098023,252,es,0.0026,0.000115
530330098023,256,es,0.0011,4.9e-05
530330098023,270,es,17.8349,0.797381
530330098023,273,es,0.0011,4.9e-05
530330098023,930,es,0.4614,0.020627
530330098023,971,es,0.0011,5e-05
530330098023,972,es,0.0607,0.002715
530330099001,201,es,0.0016,4.2e-05
530330099001,202,es,0.0435,0.00116
530330099001,203,es,0.0462,0.001234
530330099001,205,es,0.0554,0.001478
530330099001,212,es,0.0172,0.000458
530330099001,215,es,0.0208,0.000556
530330099001,222,es,0.048,0.001282
530330099001,225,es,0.0271,0.000724
530330099001,235,es,0.0373,0.000996
530330099001,239,es,33.8858,0.904095
530330099001,241,es,0.0041,0.00011
530330099001,252,es,0.0331,0.000882
530330099001,256,es,0.0139,0.000372
530330099001,270,es,1.0552,0.028154
530330099001,273,es,0.014,0.000372
530330099001,930,es,2.0794,0.055479
530330099001,972,es,0.0977,0.002606
530330099003,201,es,0.0018,3.8e-05
530330099003,202,es,0.0495,0.00105
530330099003,203,es,0.063,0.001336
530330099003,205,es,0.0631,0.001337
530330099003,212,es,0.0427,0.000905
530330099003,215,es,0.03,0.000635
530330099003,222,es,3.3943,0.071953
530330099003,225,es,0.1042,0.002208
530330099003,235,es,0.0677,0.001436
530330099003,236,es,0.0143,0.000304
530330099003,239,es,38.7063,0.820513
530330099003,241,es,0.0047,9.9e-05
530330099003,245,es,0.0012,2.5e-05
530330099003,252,es,0.0377,0.000798
530330099003,256,es,0.0221,0.000469
530330099003,267,es,0.0088,0.000186
530330099003,270,es,1.5467,0.032787
530330099003,273,es,0.0222,0.00047
530330099003,930,es,2.6937,0.057102
530330099003,972,es,0.2995,0.00635
530330099004,201,es,0.0004,4.1e-05
530330099004,202,es,0.01,0.001146
530330099004,203,es,0.0106,0.001219
530330099004,205,es,0.1055,0.012146
530330099004,207,es,0.0003,3.6e-05
530330099004,212,es,0.0042,0.00048
530330099004,215,es,0.0048,0.000558
530330099004,222,es,0.0112,0.001284
530330099004,225,es,0.0062,0.000716
530330099004,226,es,0.0002,2e-05
530330099004,235,es,0.0086,0.000985
530330099004,239,es,7.7565,0.893146
530330099004,241,es,0.001,0.00011
530330099004,251,es,0.0005,6.1e-05
530330099004,252,es,0.0101,0.001162
530330099004,256,es,0.0033,0.000383
530330099004,270,es,0.2416,0.027815
530330099004,273,es,0.0032,0.000368
530330099004,275,es,0.0059,0.000685
530330099004,286,es,0.0004,4.9e-05
530330099004,288,es,0.0003,3.7e-05
530330099004,291,es,0.0003,3.9e-05
530330099004,930,es,0.4764,0.054854
530330099004,939,es,0.0005,5.7e-05
530330099004,972,es,0.0224,0.002575
530330100011,202,es,0.0013,1.9e-05
530330100011,205,es,7.168,0.101758
530330100011,207,es,0.3308,0.004696
530330100011,212,es,1.1474,0.016289
530330100011,215,es,0.1382,0.001962
530330100011,219,es,0.1491,0.002116
530330100011,220,es,0.2709,0.003846
530330100011,226,es,0.4602,0.006533
530330100011,233,es,0.2232,0.003169
530330100011,241,es,0.0274,0.000389
530330100011,244,es,0.0609,0.000865
530330100011,245,es,0.0772,0.001096
530330100011,251,es,0.5682,0.008067
530330100011,252,es,0.6581,0.009343
530330100011,256,es,0.798,0.011328
530330100011,272,es,0.0093,0.000132
530330100011,286,es,0.143,0.002031
530330100011,288,es,56.7931,0.806248
530330100011,291,es,0.3327,0.004723
530330100011,930,es,0.2406,0.003415
530330100011,939,es,0.8433,0.011972
530330100012,205,es,2.3342,0.044117
530330100012,207,es,0.0014,2.7e-05
530330100012,212,es,0.2692,0.005088
530330100012,215,es,0.0006,1.1e-05
530330100012,219,es,0.0006,1.2e-05
530330100012,220,es,0.0012,2.2e-05
530330100012,226,es,0.002,3.7e-05
530330100012,229,es,0.0075,0.000142
530330100012,233,es,0.0524,0.000991
530330100012,234,es,0.0038,7.2e-05
530330100012,241,es,0.0128,0.000242
530330100012,244,es,0.0003,5e-06
530330100012,245,es,0.0003,6e-06
530330100012,248,es,0.005,9.4e-05
530330100012,251,es,0.1779,0.003362
530330100012,252,es,48.9039,0.924309
530330100012,255,es,0.0068,0.000129
530330100012,256,es,0.003,5.6e-05
530330100012,279,es,0.0081,0.000154
530330100012,281,es,0.0032,6e-05
530330100012,286,es,0.1334,0.002522
530330100012,288,es,0.7173,0.013557
530330100012,291,es,0.0014,2.7e-05
530330100012,930,es,0.1128,0.002131
530330100012,935,es,0.0257,0.000486
530330100012,939,es,0.0593,0.001122
530330100012,972,es,0.0645,0.001219
530330100013,202,es,0.0131,0.000133
530330100013,205,es,9.9183,0.100395
530330100013,207,es,0.4659,0.004716
530330100013,212,es,1.6305,0.016505
530330100013,215,es,0.191,0.001933
530330100013,219,es,0.2194,0.00222
530330100013,220,es,0.3924,0.003972
530330100013,226,es,0.6463,0.006542
530330100013,233,es,0.6207,0.006283
530330100013,235,es,0.0013,1.4e-05
530330100013,241,es,0.0383,0.000388
530330100013,244,es,0.0862,0.000873
530330100013,245,es,0.1071,0.001084
530330100013,250,es,0.0004,4e-06
530330100013,251,es,0.813,0.00823
530330100013,252,es,0.9141,0.009253
530330100013,256,es,2.1369,0.02163
530330100013,272,es,0.0134,0.000136
530330100013,275,es,0.0023,2.3e-05
530330100013,276,es,0.0003,3e-06
530330100013,286,es,0.1971,0.001995
530330100013,288,es,78.3051,0.792621
530330100013,289,es,0.0001,1e-06
530330100013,291,es,0.4816,0.004875
530330100013,930,es,0.3315,0.003356
530330100013,935,es,0.0014,1.5e-05
530330100013,939,es,1.2636,0.01279
530330100013,972,es,0.001,1e-05
530330100021,205,es,7.2243,0.101607
530330100021,207,es,0.332,0.004669
530330100021,212,es,1.147,0.016132
530330100021,215,es,0.1391,0.001956
530330100021,219,es,0.1488,0.002093
530330100021,220,es,0.2714,0.003817
530330100021,226,es,0.4617,0.006494
530330100021,233,es,0.2233,0.003141
530330100021,241,es,0.0276,0.000388
530330100021,244,es,0.061,0.000857
530330100021,245,es,0.0776,0.001092
530330100021,251,es,0.5714,0.008036
530330100021,252,es,0.9955,0.014002
530330100021,256,es,0.6972,0.009805
530330100021,272,es,0.0093,0.000131
530330100021,286,es,0.1448,0.002036
530330100021,288,es,57.1464,0.803741
530330100021,291,es,0.333,0.004683
530330100021,930,es,0.2428,0.003415
530330100021,935,es,0.0002,2e-06
530330100021,939,es,0.8455,0.011891
530330100021,972,es,0.0004,6e-06
530330100022,205,es,17.0887,0.490269
530330100022,207,es,0.1212,0.003477
530330100022,212,es,0.3482,0.00999
530330100022,215,es,0.0442,0.001269
530330100022,219,es,0.0404,0.001158
530330100022,220,es,0.0821,0.002355
530330100022,226,es,0.1541,0.004421
530330100022,233,es,0.0605,0.001735
530330100022,241,es,0.0088,0.000251
530330100022,244,es,0.0194,0.000556
530330100022,245,es,0.0259,0.000744
530330100022,247,es,0.0014,4.1e-05
530330100022,249,es,0.0013,3.7e-05
530330100022,251,es,0.1725,0.004948
530330100022,252,es,0.4591,0.013171
530330100022,256,es,0.1891,0.005425
530330100022,272,es,0.0025,7.2e-05
530330100022,286,es,0.039,0.00112
530330100022,288,es,15.5312,0.445583
530330100022,291,es,0.1007,0.00289
530330100022,930,es,0.1111,0.003186
530330100022,935,es,0.0026,7.5e-05
530330100022,939,es,0.2519,0.007226
530330100023,205,es,6.0484,0.10615
530330100023,207,es,0.2666,0.00468
530330100023,212,es,0.9186,0.016121
530330100023,215,es,0.1116,0.001958
530330100023,219,es,0.1193,0.002093
530330100023,220,es,0.2177,0.00382
530330100023,226,es,0.3706,0.006504
530330100023,233,es,0.1787,0.003137
530330100023,241,es,0.0221,0.000387
530330100023,244,es,0.0489,0.000858
530330100023,245,es,0.0623,0.001094
530330100023,251,es,0.4573,0.008026
530330100023,252,es,0.5358,0.009403
530330100023,256,es,0.5588,0.009807
530330100023,272,es,0.0075,0.000131
530330100023,286,es,0.1153,0.002024
530330100023,288,es,45.8006,0.803807
530330100023,291,es,0.2671,0.004687
530330100023,930,es,0.1948,0.003419
530330100023,939,es,0.6777,0.011894
530330101011,202,es,0.2033,0.008963
530330101011,205,es,0.5178,0.022828
530330101011,207,es,0.155,0.006834
530330101011,212,es,0.8288,0.036538
530330101011,219,es,0.2084,0.009188
530330101011,220,es,0.2112,0.00931
530330101011,226,es,0.2156,0.009504
530330101011,233,es,0.2603,0.011474
530330101011,241,es,0.0064,0.000283
530330101011,244,es,0.0427,0.001882
530330101011,245,es,0.0121,0.000533
530330101011,250,es,0.0062,0.000274
530330101011,251,es,0.2662,0.011736
530330101011,256,es,18.2947,0.806491
530330101011,272,es,0.0087,0.000383
530330101011,288,es,0.5575,0.024578
530330101011,289,es,0.0016,7.1e-05
530330101011,291,es,0.3109,0.013707
530330101011,935,es,0.013,0.000573
530330101011,939,es,0.5637,0.02485
530330101012,202,es,1.0086,0.007211
530330101012,205,es,3.3064,0.023641
530330101012,207,es,0.8426,0.006025
530330101012,212,es,4.6448,0.03321
530330101012,215,es,0.0308,0.00022
530330101012,219,es,1.1659,0.008336
530330101012,220,es,1.4888,0.010645
530330101012,226,es,1.0695,0.007647
530330101012,233,es,19.8268,0.141762
530330101012,234,es,0.0037,2.6e-05
530330101012,235,es,0.0829,0.000593
530330101012,241,es,0.0441,0.000315
530330101012,244,es,0.2118,0.001514
530330101012,245,es,0.06,0.000429
530330101012,249,es,0.006,4.3e-05
530330101012,250,es,0.0309,0.000221
530330101012,251,es,2.2476,0.01607
530330101012,252,es,0.4404,0.003149
530330101012,256,es,90.8798,0.649795
530330101012,272,es,0.0513,0.000367
530330101012,275,es,0.1399,0.001001
530330101012,276,es,0.0184,0.000131
530330101012,288,es,3.0683,0.021938
530330101012,289,es,0.008,5.7e-05
530330101012,291,es,1.887,0.013492
530330101012,935,es,0.1016,0.000726
530330101012,939,es,7.1317,0.050992
530330101012,972,es,0.0619,0.000443
530330101013,202,es,0.3933,0.003935
530330101013,205,es,2.5147,0.025161
530330101013,207,es,0.4509,0.004511
530330101013,212,es,2.697,0.026986
530330101013,215,es,0.0632,0.000633
530330101013,219,es,0.6739,0.006743
530330101013,220,es,1.3135,0.013143
530330101013,226,es,0.4171,0.004173
530330101013,233,es,38.5269,0.385492
530330101013,234,es,0.0076,7.6e-05
530330101013,235,es,0.17,0.001701
530330101013,241,es,0.0375,0.000375
530330101013,244,es,0.0826,0.000826
530330101013,245,es,0.0234,0.000234
530330101013,249,es,0.0123,0.000123
530330101013,250,es,0.012,0.00012
530330101013,251,es,2.4164,0.024178
530330101013,252,es,0.9034,0.009039
530330101013,256,es,35.6458,0.356664
530330101013,272,es,0.0337,0.000337
530330101013,275,es,0.287,0.002872
530330101013,276,es,0.0377,0.000377
530330101013,288,es,1.6991,0.017001
530330101013,289,es,0.0031,3.1e-05
530330101013,291,es,1.3081,0.013089
530330101013,935,es,0.1012,0.001012
530330101013,939,es,9.9838,0.099896
530330101013,972,es,0.1271,0.001271
530330101021,202,es,0.0238,0.002078
530330101021,205,es,0.2981,0.025989
530330101021,207,es,0.0458,0.003994
530330101021,212,es,0.2682,0.023383
530330101021,215,es,0.0099,0.00086
530330101021,219,es,0.067,0.005844
530330101021,220,es,0.2121,0.018499
530330101021,221,es,0.0008,7.3e-05
530330101021,226,es,0.0253,0.002204
530330101021,233,es,5.962,0.519873
530330101021,234,es,0.0012,0.000105
530330101021,235,es,0.0265,0.002313
530330101021,241,es,0.0047,0.000406
530330101021,244,es,0.005,0.000436
530330101021,245,es,0.0014,0.000124
530330101021,249,es,0.0019,0.000168
530330101021,250,es,0.0007,6.4e-05
530330101021,251,es,0.3278,0.028582
530330101021,252,es,0.1409,0.012287
530330101021,256,es,2.1842,0.190454
530330101021,261,es,0.0001,1e-05
530330101021,272,es,0.0037,0.000325
530330101021,275,es,0.0453,0.003949
530330101021,276,es,0.0059,0.000512
530330101021,288,es,0.163,0.014212
530330101021,289,es,0.0002,1.6e-05
530330101021,291,es,0.1505,0.013122
530330101021,935,es,0.0134,0.001173
530330101021,939,es,1.4589,0.127213
530330101021,972,es,0.0198,0.001728
530330101022,202,es,0.1365,0.004355
530330101022,205,es,0.7824,0.024967
530330101022,207,es,0.1474,0.004705
530330101022,212,es,0.8707,0.027783
530330101022,215,es,0.0182,0.00058
530330101022,219,es,0.2177,0.006947
530330101022,220,es,0.4018,0.012823
530330101022,226,es,0.1447,0.004618
530330101022,233,es,11.103,0.354293
530330101022,234,es,0.0022,6.9e-05
530330101022,235,es,0.0489,0.001559
530330101022,241,es,0.0115,0.000367
530330101022,244,es,0.0287,0.000914
530330101022,245,es,0.0081,0.000259
530330101022,249,es,0.0035,0.000113
530330101022,250,es,0.0042,0.000133
530330101022,251,es,0.7252,0.02314
530330101022,252,es,0.2596,0.008285
530330101022,256,es,12.3532,0.394186
530330101022,272,es,0.0107,0.000341
530330101022,275,es,0.0825,0.002633
530330101022,276,es,0.0108,0.000345
530330101022,288,es,0.5526,0.017633
530330101022,289,es,0.0011,3.5e-05
530330101022,291,es,0.4118,0.01314
530330101022,935,es,0.0306,0.000976
530330101022,939,es,2.9344,0.093636
530330101022,972,es,0.0365,0.001165
530330101023,202,es,0.2057,0.008963
530330101023,205,es,0.5239,0.022828
530330101023,207,es,0.1568,0.006834
530330101023,212,es,0.8385,0.036538
530330101023,219,es,0.2109,0.009188
530330101023,220,es,0.2137,0.00931
530330101023,226,es,0.2181,0.009504
530330101023,233,es,0.2633,0.011474
530330101023,241,es,0.0065,0.000283
530330101023,244,es,0.0432,0.001882
530330101023,245,es,0.0122,0.000533
530330101023,250,es,0.0063,0.000274
530330101023,251,es,0.2693,0.011736
530330101023,256,es,18.509,0.806491
530330101023,272,es,0.0088,0.000383
530330101023,288,es,0.5641,0.024578
530330101023,289,es,0.0016,7.1e-05
530330101023,291,es,0.3146,0.013707
530330101023,935,es,0.0132,0.000573
530330101023,939,es,0.5703,0.02485
530330102001,205,es,2.308,0.026986
530330102001,207,es,0.2326,0.002719
530330102001,212,es,1.668,0.019503
530330102001,215,es,0.0964,0.001128
530330102001,219,es,0.413,0.004828
530330102001,220,es,1.4067,0.016448
530330102001,221,es,0.0005,6e-06
530330102001,233,es,57.9865,0.677992
530330102001,234,es,0.0115,0.000135
530330102001,235,es,0.2593,0.003032
530330102001,241,es,0.0382,0.000446
530330102001,249,es,0.0188,0.00022
530330102001,251,es,2.8996,0.033903
530330102001,252,es,1.3777,0.016108
530330102001,256,es,0.3868,0.004522
530330102001,272,es,0.0258,0.000302
530330102001,275,es,0.4381,0.005122
530330102001,276,es,0.0574,0.000672
530330102001,288,es,0.9468,0.01107
530330102001,291,es,1.0797,0.012625
530330102001,935,es,0.1159,0.001355
530330102001,939,es,13.5656,0.158613
530330102001,972,es,0.1938,0.002265
530330102002,205,es,0.405,0.021093
530330102002,207,es,1.1814,0.061519
530330102002,212,es,0.1299,0.006766
530330102002,215,es,0.0004,2.3e-05
530330102002,219,es,0.1077,0.00561
530330102002,220,es,13.3849,0.697013
530330102002,221,es,0.2438,0.012698
530330102002,233,es,0.4291,0.022347
530330102002,234,es,0.006,0.00031
530330102002,235,es,0.0012,6.3e-05
530330102002,241,es,0.0002,9e-06
530330102002,248,es,0.0153,0.000796
530330102002,251,es,0.0135,0.000705
530330102002,252,es,0.0064,0.000335
530330102002,256,es,0.0018,9.4e-05
530330102002,261,es,0.0321,0.001672
530330102002,272,es,0.02,0.001039
530330102002,275,es,0.1517,0.007898
530330102002,276,es,0.0003,1.4e-05
530330102002,288,es,0.247,0.012862
530330102002,291,es,1.1099,0.057796
530330102002,935,es,0.0203,0.001059
530330102002,939,es,1.6943,0.088227
530330102002,972,es,0.0009,4.7e-05
530330102003,205,es,1.1965,0.023092
530330102003,207,es,2.1541,0.041572
530330102003,212,es,0.5745,0.011087
530330102003,215,es,0.0206,0.000398
530330102003,219,es,0.2769,0.005345
530330102003,220,es,24.1536,0.466139
530330102003,221,es,0.4349,0.008392
530330102003,233,es,12.6829,0.244767
530330102003,234,es,0.013,0.000251
530330102003,235,es,0.0555,0.00107
530330102003,241,es,0.0082,0.000157
530330102003,248,es,0.0273,0.000526
530330102003,249,es,0.004,7.8e-05
530330102003,251,es,0.6201,0.011967
530330102003,252,es,0.2946,0.005686
530330102003,256,es,0.0827,0.001596
530330102003,261,es,0.0573,0.001105
530330102003,272,es,0.0409,0.000789
530330102003,275,es,0.3604,0.006956
530330102003,276,es,0.0123,0.000237
530330102003,288,es,0.635,0.012254
530330102003,291,es,2.2007,0.042472
530330102003,935,es,0.0601,0.00116
530330102003,939,es,5.8089,0.112105
530330102003,972,es,0.0414,0.0008
530330102004,205,es,1.2438,0.026988
530330102004,207,es,0.1241,0.002693
530330102004,212,es,0.8991,0.019508
530330102004,215,es,0.052,0.001128
530330102004,219,es,0.2225,0.004828
530330102004,220,es,0.744,0.016143
530330102004,233,es,31.2604,0.678286
530330102004,234,es,0.0062,0.000135
530330102004,235,es,0.1398,0.003033
530330102004,241,es,0.0206,0.000446
530330102004,249,es,0.0101,0.00022
530330102004,251,es,1.5632,0.033917
530330102004,252,es,0.7427,0.016115
530330102004,256,es,0.2085,0.004524
530330102004,272,es,0.0139,0.000302
530330102004,275,es,0.236,0.005121
530330102004,276,es,0.031,0.000672
530330102004,288,es,0.5102,0.011069
530330102004,291,es,0.5809,0.012604
530330102004,935,es,0.0625,0.001356
530330102004,939,es,7.3115,0.158644
530330102004,972,es,0.1045,0.002266
530330103011,205,es,2.8361,0.026988
530330103011,207,es,0.283,0.002693
530330103011,212,es,2.05,0.019508
530330103011,215,es,0.1185,0.001128
530330103011,219,es,0.5073,0.004828
530330103011,220,es,1.6964,0.016143
530330103011,233,es,71.2775,0.678286
530330103011,234,es,0.0142,0.000135
530330103011,235,es,0.3187,0.003033
530330103011,241,es,0.0469,0.000446
530330103011,249,es,0.0231,0.00022
530330103011,251,es,3.5642,0.033917
530330103011,252,es,1.6935,0.016115
530330103011,256,es,0.4754,0.004524
530330103011,272,es,0.0317,0.000302
530330103011,275,es,0.5381,0.005121
530330103011,276,es,0.0706,0.000672
530330103011,288,es,1.1632,0.011069
530330103011,291,es,1.3245,0.012604
530330103011,935,es,0.1425,0.001356
530330103011,939,es,16.6711,0.158644
530330103011,972,es,0.2382,0.002266
530330103012,205,es,3.3113,0.016028
530330103012,207,es,117.0993,0.566795
530330103012,212,es,2.1652,0.01048
530330103012,215,es,0.0577,0.000279
530330103012,219,es,2.2453,0.010868
530330103012,220,es,6.6891,0.032377
530330103012,221,es,0.8157,0.003948
530330103012,226,es,0.5103,0.00247
530330103012,233,es,35.0766,0.169781
530330103012,234,es,0.0083,4e-05
530330103012,235,es,0.155,0.00075
530330103012,241,es,0.0228,0.00011
530330103012,245,es,0.0858,0.000415
530330103012,248,es,0.0036,1.8e-05
530330103012,249,es,0.0113,5.4e-05
530330103012,251,es,2.3638,0.011442
530330103012,252,es,3.0194,0.014615
530330103012,256,es,0.2312,0.001119
530330103012,261,es,0.0076,3.7e-05
530330103012,272,es,0.0201,9.7e-05
530330103012,275,es,3.4367,0.016635
530330103012,276,es,0.0343,0.000166
530330103012,286,es,0.4771,0.002309
530330103012,288,es,4.5822,0.022179
530330103012,291,es,8.6336,0.041789
530330103012,935,es,0.1202,0.000582
530330103012,939,es,15.2995,0.074054
530330103012,972,es,0.1158,0.000561
530330103013,205,es,0.4787,0.020401
530330103013,207,es,8.0963,0.34501
530330103013,212,es,0.3329,0.014187
530330103013,215,es,0.0147,0.000626
530330103013,219,es,0.1993,0.008491
530330103013,220,es,0.3969,0.016912
530330103013,221,es,0.0524,0.002232
530330103013,226,es,0.0353,0.001502
530330103013,233,es,8.8651,0.37777
530330103013,234,es,0.0018,7.5e-05
530330103013,235,es,0.0395,0.001684
530330103013,241,es,0.0058,0.000248
530330103013,245,es,0.0059,0.000253
530330103013,249,es,0.0029,0.000122
530330103013,251,es,0.4856,0.020691
530330103013,252,es,0.3617,0.015414
530330103013,256,es,0.059,0.002512
530330103013,272,es,0.0039,0.000168
530330103013,275,es,0.2836,0.012087
530330103013,276,es,0.0088,0.000373
530330103013,286,es,0.033,0.001405
530330103013,288,es,0.4178,0.017803
530330103013,291,es,0.6982,0.029751
530330103013,935,es,0.0209,0.000889
530330103013,939,es,2.5376,0.108136
530330103013,972,es,0.0295,0.001259
530330103021,205,es,2.1882,0.026988
530330103021,207,es,0.2183,0.002693
530330103021,212,es,1.5817,0.019508
530330103021,215,es,0.0915,0.001128
530330103021,219,es,0.3915,0.004828
530330103021,220,es,1.3089,0.016143
530330103021,233,es,54.9953,0.678286
530330103021,234,es,0.0109,0.000135
530330103021,235,es,0.2459,0.003033
530330103021,241,es,0.0362,0.000446
530330103021,249,es,0.0178,0.00022
530330103021,251,es,2.75,0.033917
530330103021,252,es,1.3066,0.016115
530330103021,256,es,0.3668,0.004524
530330103021,272,es,0.0245,0.000302
530330103021,275,es,0.4152,0.005121
530330103021,276,es,0.0545,0.000672
530330103021,288,es,0.8975,0.011069
530330103021,291,es,1.022,0.012604
530330103021,935,es,0.1099,0.001356
530330103021,939,es,12.8629,0.158644
530330103021,972,es,0.1838,0.002266
530330103022,205,es,0.0883,0.026988
530330103022,207,es,0.0088,0.002693
530330103022,212,es,0.0638,0.019508
530330103022,215,es,0.0037,0.001128
530330103022,219,es,0.0158,0.004828
530330103022,220,es,0.0528,0.016143
530330103022,233,es,2.2196,0.678286
530330103022,234,es,0.0004,0.000135
530330103022,235,es,0.0099,0.003033
530330103022,241,es,0.0015,0.000446
530330103022,249,es,0.0007,0.00022
530330103022,251,es,0.111,0.033917
530330103022,252,es,0.0527,0.016115
530330103022,256,es,0.0148,0.004524
530330103022,272,es,0.001,0.000302
530330103022,275,es,0.0168,0.005121
530330103022,276,es,0.0022,0.000672
530330103022,288,es,0.0362,0.011069
530330103022,291,es,0.0412,0.012604
530330103022,935,es,0.0044,0.001356
530330103022,939,es,0.5191,0.158644
530330103022,972,es,0.0074,0.002266
530330103023,205,es,1.2043,0.026988
530330103023,207,es,0.1202,0.002693
530330103023,212,es,0.8705,0.019508
530330103023,215,es,0.0503,0.001128
530330103023,219,es,0.2154,0.004828
530330103023,220,es,0.7204,0.016143
530330103023,233,es,30.2673,0.678286
530330103023,234,es,0.006,0.000135
530330103023,235,es,0.1354,0.003033
530330103023,241,es,0.0199,0.000446
530330103023,249,es,0.0098,0.00022
530330103023,251,es,1.5135,0.033917
530330103023,252,es,0.7191,0.016115
530330103023,256,es,0.2019,0.004524
530330103023,272,es,0.0135,0.000302
530330103023,275,es,0.2285,0.005121
530330103023,276,es,0.03,0.000672
530330103023,288,es,0.494,0.011069
530330103023,291,es,0.5624,0.012604
530330103023,935,es,0.0605,0.001356
530330103023,939,es,7.0792,0.158644
530330103023,972,es,0.1011,0.002266
530330104011,205,es,6.948,0.082174
530330104011,207,es,0.4504,0.005327
530330104011,212,es,1.1336,0.013407
530330104011,215,es,0.1206,0.001427
530330104011,219,es,0.1809,0.00214
530330104011,220,es,0.2777,0.003285
530330104011,226,es,0.3971,0.004697
530330104011,233,es,0.8149,0.009637
530330104011,234,es,0.0001,1e-06
530330104011,235,es,0.0028,3.3e-05
530330104011,241,es,0.0241,0.000285
530330104011,244,es,0.0524,0.00062
530330104011,245,es,0.0668,0.00079
530330104011,249,es,0.0002,2e-06
530330104011,251,es,16.882,0.199664
530330104011,252,es,4.3631,0.051603
530330104011,256,es,0.6492,0.007679
530330104011,264,es,0.0377,0.000446
530330104011,272,es,0.0083,9.8e-05
530330104011,275,es,0.2105,0.00249
530330104011,276,es,0.0006,7e-06
530330104011,286,es,0.4991,0.005903
530330104011,288,es,49.4361,0.584682
530330104011,291,es,0.5875,0.006948
530330104011,930,es,0.2871,0.003396
530330104011,935,es,0.0103,0.000122
530330104011,939,es,1.1087,0.013113
530330104011,972,es,0.0021,2.5e-05
530330104012,205,es,4.503,0.0487
530330104012,207,es,0.603,0.006522
530330104012,212,es,0.7684,0.00831
530330104012,215,es,0.0443,0.000479
530330104012,219,es,0.1971,0.002132
530330104012,220,es,0.1811,0.001958
530330104012,226,es,0.1461,0.00158
530330104012,233,es,0.2777,0.003003
530330104012,235,es,0.0009,1e-05
530330104012,241,es,0.0088,9.6e-05
530330104012,244,es,0.0193,0.000209
530330104012,245,es,0.0246,0.000266
530330104012,251,es,50.2852,0.54384
530330104012,252,es,11.7846,0.127452
530330104012,256,es,0.3611,0.003906
530330104012,264,es,0.1156,0.00125
530330104012,272,es,0.003,3.3e-05
530330104012,275,es,0.6318,0.006833
530330104012,276,es,0.0002,2e-06
530330104012,286,es,1.1948,0.012921
530330104012,288,es,18.9307,0.204738
530330104012,291,es,0.9956,0.010768
530330104012,930,es,0.3183,0.003442
530330104012,935,es,0.0282,0.000305
530330104012,939,es,1.0389,0.011236
530330104012,972,es,0.0007,7e-06
530330104013,205,es,1.2398,0.031642
530330104013,207,es,0.4205,0.010731
530330104013,212,es,0.225,0.005744
530330104013,219,es,0.0854,0.002181
530330104013,220,es,0.0538,0.001373
530330104013,221,es,0.0009,2.4e-05
530330104013,226,es,0.0006,1.6e-05
530330104013,233,es,0.0014,3.7e-05
530330104013,245,es,0.0001,3e-06
530330104013,251,es,27.9948,0.7145
530330104013,252,es,6.4684,0.165091
530330104013,256,es,0.0778,0.001986
530330104013,264,es,0.0646,0.001648
530330104013,275,es,0.356,0.009087
530330104013,286,es,0.6428,0.016406
530330104013,288,es,0.4807,0.012269
530330104013,291,es,0.5048,0.012885
530330104013,930,es,0.1351,0.003447
530330104013,935,es,0.0156,0.000398
530330104013,939,es,0.4127,0.010533
530330104021,205,es,2.3601,0.045559
530330104021,207,es,0.1231,0.002377
530330104021,212,es,0.2433,0.004697
530330104021,215,es,0.0217,0.00042
530330104021,219,es,0.0135,0.000261
530330104021,220,es,0.0365,0.000705
530330104021,229,es,0.0056,0.000108
530330104021,233,es,0.0385,0.000744
530330104021,234,es,0.0029,5.5e-05
530330104021,241,es,0.0095,0.000184
530330104021,245,es,0.0081,0.000156
530330104021,248,es,0.0037,7.2e-05
530330104021,251,es,4.9591,0.09573
530330104021,252,es,38.1931,0.737267
530330104021,255,es,0.0051,9.8e-05
530330104021,256,es,0.0999,0.001928
530330104021,264,es,0.0286,0.000553
530330104021,275,es,3.8087,0.073522
530330104021,279,es,0.0061,0.000118
530330104021,281,es,0.0024,4.6e-05
530330104021,286,es,0.4741,0.009152
530330104021,288,es,0.5113,0.00987
530330104021,291,es,0.2543,0.004908
530330104021,930,es,0.1814,0.003501
530330104021,935,es,0.0305,0.000589
530330104021,939,es,0.3341,0.00645
530330104021,972,es,0.0483,0.000932
530330104022,205,es,1.8129,0.044401
530330104022,207,es,0.0028,7e-05
530330104022,212,es,0.2103,0.00515
530330104022,215,es,0.0009,2.2e-05
530330104022,219,es,0.0012,2.9e-05
530330104022,220,es,0.0019,4.6e-05
530330104022,226,es,0.003,7.3e-05
530330104022,229,es,0.0057,0.00014
530330104022,233,es,0.0408,0.001
530330104022,234,es,0.0029,7.2e-05
530330104022,241,es,0.0099,0.000242
530330104022,244,es,0.0004,1e-05
530330104022,245,es,0.0005,1.2e-05
530330104022,248,es,0.0038,9.3e-05
530330104022,251,es,0.2094,0.00513
530330104022,252,es,37.4608,0.917484
530330104022,255,es,0.0052,0.000128
530330104022,256,es,0.0047,0.000114
530330104022,264,es,0.0002,4e-06
530330104022,275,es,0.0009,2.2e-05
530330104022,279,es,0.0062,0.000153
530330104022,281,es,0.0024,6e-05
530330104022,286,es,0.1042,0.002553
530330104022,288,es,0.7297,0.017872
530330104022,291,es,0.0034,8.3e-05
530330104022,930,es,0.0874,0.002141
530330104022,935,es,0.0197,0.000483
530330104022,939,es,0.0491,0.001203
530330104022,972,es,0.0494,0.001209
530330104023,205,es,5.0182,0.037648
530330104023,207,es,0.4859,0.003646
530330104023,212,es,0.7177,0.005385
530330104023,215,es,0.0003,2e-06
530330104023,219,es,0.1449,0.001087
530330104023,220,es,0.0885,0.000664
530330104023,229,es,0.0093,7e-05
530330104023,233,es,0.0637,0.000478
530330104023,234,es,0.0047,3.6e-05
530330104023,241,es,0.0157,0.000118
530330104023,245,es,0.0001,1e-06
530330104023,248,es,0.0061,4.6e-05
530330104023,251,es,49.0806,0.368215
530330104023,252,es,71.8583,0.5391
530330104023,255,es,0.0084,6.3e-05
530330104023,256,es,0.1369,0.001027
530330104023,264,es,0.113,0.000847
530330104023,275,es,0.6631,0.004975
530330104023,279,es,0.0101,7.6e-05
530330104023,281,es,0.004,3e-05
530330104023,286,es,1.2889,0.00967
530330104023,288,es,1.4166,0.010628
530330104023,291,es,0.8669,0.006503
530330104023,930,es,0.3751,0.002814
530330104023,935,es,0.0591,0.000443
530330104023,939,es,0.7773,0.005831
530330104023,972,es,0.0799,0.000599
530330104024,205,es,3.3847,0.043784
530330104024,212,es,0.3884,0.005024
530330104024,229,es,0.011,0.000142
530330104024,233,es,0.0756,0.000978
530330104024,234,es,0.0056,7.3e-05
530330104024,241,es,0.0187,0.000241
530330104024,248,es,0.0073,9.4e-05
530330104024,251,es,0.2578,0.003335
530330104024,252,es,71.8612,0.929583
530330104024,255,es,0.01,0.000129
530330104024,279,es,0.012,0.000155
530330104024,281,es,0.0047,6.1e-05
530330104024,286,es,0.1952,0.002525
530330104024,288,es,0.6941,0.008979
530330104024,930,es,0.1642,0.002124
530330104024,935,es,0.0378,0.000489
530330104024,939,es,0.0819,0.001059
530330104024,972,es,0.0947,0.001226
530330105011,203,es,0.1012,0.00231
530330105011,212,es,0.2254,0.005144
530330105011,215,es,0.0608,0.001388
530330105011,222,es,32.5059,0.741756
530330105011,225,es,0.7131,0.016273
530330105011,235,es,0.2453,0.005599
530330105011,236,es,0.1395,0.003183
530330105011,239,es,1.2418,0.028338
530330105011,245,es,0.0113,0.000258
530330105011,256,es,0.061,0.001392
530330105011,267,es,0.0854,0.001949
530330105011,270,es,3.361,0.076694
530330105011,273,es,0.0611,0.001395
530330105011,930,es,3.1766,0.072488
530330105011,972,es,1.8333,0.041833
530330105012,203,es,0.1326,0.00231
530330105012,212,es,0.2952,0.005144
530330105012,215,es,0.0797,0.001388
530330105012,222,es,42.5718,0.741756
530330105012,225,es,0.934,0.016273
530330105012,235,es,0.3213,0.005599
530330105012,236,es,0.1827,0.003183
530330105012,239,es,1.6264,0.028338
530330105012,245,es,0.0148,0.000258
530330105012,256,es,0.0799,0.001392
530330105012,267,es,0.1118,0.001949
530330105012,270,es,4.4017,0.076694
530330105012,273,es,0.0801,0.001395
530330105012,930,es,4.1603,0.072488
530330105012,972,es,2.4009,0.041833
530330105013,202,es,0.0326,0.005386
530330105013,203,es,0.0081,0.001336
530330105013,212,es,0.0187,0.003092
530330105013,215,es,0.0049,0.000803
530330105013,222,es,2.5965,0.429397
530330105013,225,es,0.0704,0.01165
530330105013,235,es,0.0196,0.003237
530330105013,236,es,0.0125,0.00206
530330105013,239,es,0.223,0.036872
530330105013,241,es,0.0002,2.8e-05
530330105013,245,es,0.0009,0.000149
530330105013,256,es,0.0049,0.000805
530330105013,267,es,0.0068,0.001127
530330105013,270,es,2.597,0.429483
530330105013,273,es,0.0049,0.000807
530330105013,930,es,0.2927,0.048403
530330105013,971,es,0.0001,2.4e-05
530330105013,972,es,0.1532,0.025341
530330105021,202,es,0.0343,0.013484
530330105021,212,es,0.0007,0.000286
530330105021,222,es,0.005,0.00196
530330105021,225,es,0.0135,0.00532
530330105021,236,es,0.0013,0.000523
530330105021,239,es,0.1235,0.048543
530330105021,241,es,0.0002,6.7e-05
530330105021,270,es,2.3191,0.911519
530330105021,930,es,0.0393,0.015445
530330105021,971,es,0.0001,5.7e-05
530330105021,972,es,0.0071,0.002771
530330105022,202,es,38.4308,0.521343
530330105022,203,es,0.1515,0.002056
530330105022,205,es,0.1958,0.002656
530330105022,212,es,0.1959,0.002658
530330105022,215,es,0.042,0.000569
530330105022,222,es,22.5901,0.306453
530330105022,225,es,0.4919,0.006673
530330105022,235,es,0.1692,0.002296
530330105022,236,es,0.1713,0.002324
530330105022,239,es,2.6109,0.035419
530330105022,241,es,0.0049,6.6e-05
530330105022,245,es,0.0169,0.00023
530330105022,249,es,0.0048,6.5e-05
530330105022,251,es,0.2013,0.002731
530330105022,256,es,0.0421,0.000571
530330105022,267,es,0.0589,0.000799
530330105022,270,es,4.0204,0.05454
530330105022,273,es,0.0422,0.000572
530330105022,930,es,2.9603,0.040159
530330105022,972,es,1.3138,0.017823
530330105023,203,es,0.0197,0.00231
530330105023,212,es,0.044,0.005144
530330105023,215,es,0.0119,0.001388
530330105023,222,es,6.3409,0.741756
530330105023,225,es,0.1391,0.016273
530330105023,235,es,0.0479,0.005599
530330105023,236,es,0.0272,0.003183
530330105023,239,es,0.2422,0.028338
530330105023,245,es,0.0022,0.000258
530330105023,256,es,0.0119,0.001392
530330105023,267,es,0.0167,0.001949
530330105023,270,es,0.6556,0.076694
530330105023,273,es,0.0119,0.001395
530330105023,930,es,0.6197,0.072488
530330105023,972,es,0.3576,0.041833
530330105024,202,es,0.1169,0.007043
530330105024,203,es,0.0172,0.001036
530330105024,212,es,0.0409,0.002461
530330105024,215,es,0.0103,0.000622
530330105024,222,es,5.5325,0.333296
530330105024,225,es,0.1698,0.010228
530330105024,235,es,0.0417,0.002511
530330105024,236,es,0.0285,0.001714
530330105024,239,es,0.6556,0.039497
530330105024,241,es,0.0006,3.7e-05
530330105024,245,es,0.0019,0.000116
530330105024,256,es,0.0104,0.000624
530330105024,267,es,0.0145,0.000874
530330105024,270,es,8.9309,0.538023
530330105024,273,es,0.0104,0.000626
530330105024,930,es,0.6804,0.040992
530330105024,971,es,0.0005,3.2e-05
530330105024,972,es,0.3364,0.020267
530330106011,202,es,0.2093,0.003916
530330106011,203,es,0.5025,0.009403
530330106011,212,es,0.1563,0.002924
530330106011,215,es,0.0514,0.000962
530330106011,222,es,19.0771,0.356966
530330106011,225,es,24.746,0.463042
530330106011,235,es,0.1402,0.002624
530330106011,236,es,0.0894,0.001673
530330106011,239,es,1.3911,0.026031
530330106011,245,es,0.0065,0.000121
530330106011,247,es,0.0074,0.000138
530330106011,256,es,0.0683,0.001278
530330106011,267,es,0.1429,0.002673
530330106011,270,es,2.7261,0.05101
530330106011,273,es,0.0352,0.000659
530330106011,291,es,0.0267,0.000499
530330106011,292,es,0.0036,6.8e-05
530330106011,930,es,2.7441,0.051347
530330106011,972,es,1.3181,0.024664
530330106012,202,es,0.3214,0.007362
530330106012,203,es,0.6829,0.015644
530330106012,212,es,0.0424,0.000971
530330106012,215,es,0.0256,0.000587
530330106012,222,es,0.7988,0.018299
530330106012,225,es,37.3749,0.856173
530330106012,235,es,0.0003,7e-06
530330106012,236,es,0.0177,0.000405
530330106012,239,es,1.0477,0.024001
530330106012,247,es,0.0113,0.00026
530330106012,256,es,0.0514,0.001178
530330106012,267,es,0.1446,0.003313
530330106012,270,es,1.2399,0.028403
530330106012,273,es,0.0006,1.4e-05
530330106012,291,es,0.041,0.000939
530330106012,292,es,0.0056,0.000128
530330106012,930,es,1.4292,0.03274
530330106012,972,es,0.4179,0.009573
530330106013,202,es,0.4164,0.007362
530330106013,203,es,0.8848,0.015644
530330106013,212,es,0.0549,0.000971
530330106013,215,es,0.0332,0.000587
530330106013,222,es,1.035,0.018299
530330106013,225,es,48.4273,0.856191
530330106013,226,es,0.0001,2e-06
530330106013,235,es,0.0004,7e-06
530330106013,236,es,0.0222,0.000392
530330106013,239,es,1.3575,0.024001
530330106013,247,es,0.0147,0.00026
530330106013,256,es,0.0666,0.001178
530330106013,267,es,0.1874,0.003313
530330106013,270,es,1.6066,0.028404
530330106013,273,es,0.0008,1.3e-05
530330106013,291,es,0.0531,0.000939
530330106013,292,es,0.0072,0.000128
530330106013,930,es,1.8518,0.032741
530330106013,972,es,0.5412,0.009569
530330106021,202,es,0.4937,0.007361
530330106021,203,es,1.0496,0.015651
530330106021,212,es,0.0649,0.000968
530330106021,215,es,0.0394,0.000588
530330106021,222,es,1.2271,0.018296
530330106021,225,es,57.457,0.856728
530330106021,239,es,1.6095,0.023999
530330106021,247,es,0.0174,0.00026
530330106021,256,es,0.079,0.001179
530330106021,267,es,0.2214,0.003301
530330106021,270,es,1.9057,0.028416
530330106021,291,es,0.0629,0.000938
530330106021,292,es,0.0086,0.000128
530330106021,930,es,2.1958,0.032741
530330106021,972,es,0.6336,0.009447
530330106022,202,es,33.4034,0.707105
530330106022,203,es,0.2198,0.004653
530330106022,205,es,0.1698,0.003594
530330106022,212,es,0.0443,0.000938
530330106022,215,es,0.0056,0.000119
530330106022,222,es,0.3257,0.006895
530330106022,225,es,8.1533,0.172595
530330106022,236,es,0.0651,0.001379
530330106022,239,es,1.7501,0.037046
530330106022,241,es,0.0042,8.9e-05
530330106022,245,es,0.0079,0.000168
530330106022,247,es,0.0025,5.2e-05
530330106022,249,es,0.0042,8.8e-05
530330106022,251,es,0.1746,0.003696
530330106022,256,es,0.0112,0.000238
530330106022,267,es,0.0314,0.000665
530330106022,270,es,1.7442,0.036923
530330106022,291,es,0.0089,0.000189
530330106022,292,es,0.0012,2.6e-05
530330106022,930,es,0.9792,0.020728
530330106022,972,es,0.1329,0.002814
530330106023,202,es,0.1279,0.005082
530330106023,203,es,0.2898,0.01152
530330106023,212,es,0.0569,0.002261
530330106023,215,es,0.021,0.000836
530330106023,222,es,6.0969,0.242325
530330106023,225,es,15.0073,0.59647
530330106023,235,es,0.0436,0.001734
530330106023,236,es,0.0248,0.000986
530330106023,239,es,0.6376,0.025342
530330106023,245,es,0.002,8e-05
530330106023,247,es,0.0045,0.000179
530330106023,256,es,0.0313,0.001245
530330106023,267,es,0.0725,0.002882
530330106023,270,es,1.0911,0.043366
530330106023,273,es,0.0109,0.000432
530330106023,291,es,0.0163,0.000648
530330106023,292,es,0.0022,8.8e-05
530330106023,930,es,1.1334,0.045049
530330106023,972,es,0.49,0.019476
530330107011,202,es,0.101,0.00111
530330107011,203,es,0.0556,0.000611
530330107011,205,es,3.3708,0.037046
530330107011,207,es,0.2018,0.002217
530330107011,212,es,0.4841,0.00532
530330107011,215,es,0.6763,0.007433
530330107011,220,es,0.1099,0.001208
530330107011,222,es,0.8644,0.0095
530330107011,225,es,1.9815,0.021778
530330107011,226,es,0.0362,0.000398
530330107011,235,es,1.0422,0.011454
530330107011,236,es,8.4778,0.093174
530330107011,239,es,2.0546,0.022581
530330107011,247,es,0.0374,0.000411
530330107011,267,es,55.5635,0.610661
530330107011,270,es,0.6951,0.007639
530330107011,273,es,0.9658,0.010615
530330107011,275,es,0.1279,0.001405
530330107011,291,es,0.0263,0.000289
530330107011,292,es,0.0585,0.000643
530330107011,930,es,5.1117,0.056179
530330107011,935,es,0.017,0.000186
530330107011,972,es,8.9295,0.098139
530330107012,202,es,0.058,0.001357
530330107012,203,es,1.138,0.026636
530330107012,205,es,0.531,0.012428
530330107012,212,es,0.093,0.002176
530330107012,215,es,0.1331,0.003116
530330107012,222,es,0.6204,0.01452
530330107012,225,es,0.0003,6e-06
530330107012,226,es,0.315,0.007373
530330107012,235,es,1.8636,0.04362
530330107012,236,es,5.2606,0.123133
530330107012,239,es,0.1892,0.004429
530330107012,267,es,0.5368,0.012565
530330107012,270,es,0.064,0.001498
530330107012,273,es,15.658,0.366499
530330107012,291,es,0.3333,0.007802
530330107012,292,es,0.002,4.7e-05
530330107012,930,es,6.4796,0.151664
530330107012,935,es,0.0133,0.000312
530330107012,972,es,9.434,0.220816
530330107013,202,es,0.2961,0.00325
530330107013,203,es,0.289,0.003172
530330107013,205,es,0.0016,1.7e-05
530330107013,212,es,0.4806,0.005275
530330107013,215,es,0.0775,0.000851
530330107013,222,es,42.0237,0.46122
530330107013,225,es,0.904,0.009921
530330107013,226,es,0.1055,0.001158
530330107013,235,es,0.6978,0.007658
530330107013,236,es,22.3773,0.245596
530330107013,239,es,2.5396,0.027873
530330107013,245,es,0.0144,0.000158
530330107013,256,es,0.0773,0.000849
530330107013,267,es,0.9061,0.009945
530330107013,270,es,4.587,0.050343
530330107013,273,es,0.8837,0.009698
530330107013,291,es,0.0764,0.000839
530330107013,292,es,0.0103,0.000113
530330107013,930,es,5.1977,0.057046
530330107013,972,es,9.5687,0.105019
530330107021,202,es,0.1708,0.002059
530330107021,203,es,0.2351,0.002835
530330107021,212,es,0.4337,0.00523
530330107021,215,es,0.0867,0.001046
530330107021,222,es,46.8193,0.564566
530330107021,225,es,1.0168,0.012261
530330107021,226,es,0.0604,0.000728
530330107021,235,es,0.5698,0.006871
530330107021,236,es,12.9985,0.156741
530330107021,239,es,2.3273,0.028064
530330107021,245,es,0.0161,0.000195
530330107021,256,es,0.087,0.001049
530330107021,267,es,0.5812,0.007008
530330107021,270,es,4.9805,0.060056
530330107021,273,es,0.5256,0.006338
530330107021,291,es,0.0435,0.000525
530330107021,292,es,0.0059,7.1e-05
530330107021,930,es,5.1939,0.06263
530330107021,972,es,6.7777,0.081729
530330107022,202,es,2.7141,0.008352
530330107022,203,es,1.4426,0.004439
530330107022,212,es,1.7846,0.005492
530330107022,222,es,7.4953,0.023065
530330107022,226,es,0.9594,0.002952
530330107022,235,es,3.4962,0.010759
530330107022,236,es,203.4368,0.626019
530330107022,239,es,8.8481,0.027228
530330107022,267,es,7.3018,0.022469
530330107022,270,es,2.9933,0.009211
530330107022,273,es,6.9684,0.021443
530330107022,291,es,0.6918,0.002129
530330107022,292,es,0.0941,0.000289
530330107022,930,es,10.5623,0.032503
530330107022,972,es,66.1802,0.203651
530330107023,202,es,0.8943,0.008338
530330107023,203,es,0.4754,0.004432
530330107023,205,es,0.0077,7.2e-05
530330107023,207,es,0.0005,4e-06
530330107023,212,es,0.589,0.005491
530330107023,215,es,0.0015,1.4e-05
530330107023,220,es,0.0003,2e-06
530330107023,222,es,2.4711,0.023038
530330107023,225,es,0.0045,4.2e-05
530330107023,226,es,0.3161,0.002947
530330107023,235,es,1.1541,0.01076
530330107023,236,es,67.0365,0.624986
530330107023,239,es,2.9195,0.027219
530330107023,267,es,2.5325,0.023611
530330107023,270,es,0.9877,0.009208
530330107023,273,es,2.2977,0.021422
530330107023,275,es,0.0003,3e-06
530330107023,291,es,0.228,0.002125
530330107023,292,es,0.0311,0.00029
530330107023,930,es,3.4912,0.032548
530330107023,972,es,21.8218,0.203446
530330108001,201,es,0.001,2.8e-05
530330108001,202,es,0.0266,0.000783
530330108001,203,es,0.3675,0.010793
530330108001,205,es,0.2068,0.006074
530330108001,207,es,0.0021,6.1e-05
530330108001,212,es,0.0275,0.000807
530330108001,215,es,0.0623,0.00183
530330108001,220,es,0.0007,2.1e-05
530330108001,222,es,0.1701,0.004994
530330108001,225,es,0.0171,0.000503
530330108001,226,es,0.0899,0.00264
530330108001,235,es,0.5696,0.016727
530330108001,236,es,0.2798,0.008217
530330108001,239,es,20.7613,0.609691
530330108001,241,es,0.0025,7.4e-05
530330108001,245,es,0.0002,6e-06
530330108001,251,es,0.0069,0.000202
530330108001,252,es,0.0334,0.00098
530330108001,256,es,0.0107,0.000315
530330108001,264,es,0.0005,1.3e-05
530330108001,267,es,0.1142,0.003352
530330108001,270,es,0.6468,0.018995
530330108001,273,es,4.7434,0.139297
530330108001,275,es,0.0949,0.002786
530330108001,286,es,0.0069,0.000203
530330108001,288,es,0.002,5.9e-05
530330108001,291,es,0.1018,0.002989
530330108001,930,es,3.1865,0.093578
530330108001,935,es,0.0043,0.000126
530330108001,939,es,0.0057,0.000168
530330108001,972,es,2.5092,0.073686
530330108002,202,es,0.0825,0.000586
530330108002,203,es,4.0926,0.029087
530330108002,205,es,1.9401,0.013789
530330108002,212,es,0.2546,0.001809
530330108002,215,es,0.4865,0.003458
530330108002,222,es,1.9107,0.01358
530330108002,226,es,1.1062,0.007862
530330108002,235,es,6.6477,0.047246
530330108002,236,es,9.5316,0.067743
530330108002,239,es,0.2789,0.001982
530330108002,267,es,1.5881,0.011287
530330108002,270,es,0.0913,0.000649
530330108002,273,es,56.9267,0.404588
530330108002,291,es,1.186,0.008429
530330108002,292,es,0.0029,2e-05
530330108002,930,es,23.1895,0.164811
530330108002,935,es,0.0487,0.000346
530330108002,972,es,31.3385,0.222728
530330108003,201,es,0.003,2.8e-05
530330108003,202,es,0.0837,0.000765
530330108003,203,es,0.1761,0.00161
530330108003,205,es,0.1071,0.000979
530330108003,212,es,0.2247,0.002054
530330108003,215,es,0.0919,0.00084
530330108003,222,es,27.7303,0.253491
530330108003,225,es,0.6585,0.00602
530330108003,226,es,0.0003,3e-06
530330108003,235,es,0.2823,0.00258
530330108003,236,es,0.1195,0.001093
530330108003,239,es,66.239,0.605512
530330108003,241,es,0.0079,7.2e-05
530330108003,245,es,0.0096,8.8e-05
530330108003,252,es,0.0636,0.000582
530330108003,256,es,0.0786,0.000719
530330108003,267,es,0.073,0.000667
530330108003,270,es,4.8874,0.044678
530330108003,273,es,0.0945,0.000864
530330108003,291,es,0.0003,3e-06
530330108003,930,es,6.7071,0.061312
530330108003,972,es,1.7547,0.01604
530330109001,203,es,0.0013,0.000136
530330109001,205,es,0.6898,0.071484
530330109001,207,es,0.124,0.01285
530330109001,212,es,0.0143,0.00148
530330109001,215,es,0.0435,0.004505
530330109001,220,es,0.045,0.004665
530330109001,222,es,0.0002,1.6e-05
530330109001,225,es,0.0005,5.3e-05
530330109001,235,es,0.0007,7.3e-05
530330109001,236,es,0.0004,4.2e-05
530330109001,245,es,0.0129,0.001335
530330109001,251,es,0.4257,0.044114
530330109001,252,es,0.8238,0.08537
530330109001,256,es,0.1388,0.01438
530330109001,264,es,0.0288,0.002985
530330109001,267,es,0.0001,1.3e-05
530330109001,270,es,0.0003,3.1e-05
530330109001,273,es,0.0005,5.5e-05
530330109001,275,es,5.9682,0.618467
530330109001,286,es,0.4297,0.044527
530330109001,288,es,0.1273,0.013194
530330109001,291,es,0.2763,0.02863
530330109001,930,es,0.1223,0.012672
530330109001,935,es,0.0139,0.001436
530330109001,939,es,0.3604,0.037351
530330109001,972,es,0.0013,0.000137
530330109002,203,es,0.0004,0.00021
530330109002,205,es,0.1323,0.071284
530330109002,207,es,0.0237,0.012797
530330109002,212,es,0.0027,0.00148
530330109002,215,es,0.0075,0.004051
530330109002,220,es,0.0086,0.004647
530330109002,222,es,0.0001,6.7e-05
530330109002,235,es,0.0005,0.000266
530330109002,236,es,0.0003,0.000138
530330109002,245,es,0.0025,0.00133
530330109002,251,es,0.0815,0.043943
530330109002,252,es,0.1578,0.08505
530330109002,256,es,0.0266,0.014326
530330109002,264,es,0.0055,0.002974
530330109002,267,es,0.0001,5.4e-05
530330109002,273,es,0.0037,0.002019
530330109002,275,es,1.1434,0.61615
530330109002,286,es,0.0823,0.044355
530330109002,288,es,0.0244,0.013144
530330109002,291,es,0.053,0.028557
530330109002,930,es,0.0247,0.013334
530330109002,935,es,0.0027,0.001433
530330109002,939,es,0.0691,0.037211
530330109002,972,es,0.002,0.001098
530330110011,205,es,3.4326,0.020436
530330110011,207,es,2.2113,0.013165
530330110011,212,es,1.7414,0.010368
530330110011,219,es,23.8816,0.142181
530330110011,220,es,1.1199,0.006668
530330110011,221,es,3.3842,0.020148
530330110011,226,es,0.4764,0.002836
530330110011,233,es,0.09,0.000536
530330110011,243,es,0.0126,7.5e-05
530330110011,245,es,0.1602,0.000954
530330110011,246,es,0.203,0.001209
530330110011,247,es,0.0476,0.000283
530330110011,251,es,0.6137,0.003653
530330110011,252,es,1.8267,0.010875
530330110011,255,es,0.0228,0.000136
530330110011,256,es,1.4073,0.008378
530330110011,264,es,0.1869,0.001113
530330110011,270,es,2.9727,0.017699
530330110011,275,es,6.5409,0.038942
530330110011,279,es,0.0546,0.000325
530330110011,286,es,102.6833,0.611334
530330110011,288,es,0.528,0.003143
530330110011,291,es,12.3503,0.073529
530330110011,935,es,0.0543,0.000324
530330110011,939,es,1.7379,0.010347
530330110011,972,es,0.2255,0.001343
530330110012,205,es,3.3358,0.02925
530330110012,207,es,3.4038,0.029846
530330110012,212,es,0.8428,0.00739
530330110012,215,es,0.0002,1e-06
530330110012,219,es,0.5456,0.004784
530330110012,220,es,0.4621,0.004052
530330110012,221,es,0.8039,0.007049
530330110012,226,es,0.1424,0.001249
530330110012,233,es,0.0086,7.5e-05
530330110012,243,es,0.0035,3.1e-05
530330110012,245,es,0.0462,0.000405
530330110012,246,es,0.0562,0.000492
530330110012,247,es,0.0132,0.000115
530330110012,251,es,53.0645,0.465296
530330110012,252,es,12.592,0.110413
530330110012,255,es,0.0063,5.5e-05
530330110012,256,es,0.5072,0.004447
530330110012,264,es,0.1243,0.00109
530330110012,270,es,0.8222,0.007209
530330110012,275,es,2.3869,0.020929
530330110012,279,es,0.0151,0.000132
530330110012,286,es,29.4422,0.258164
530330110012,288,es,1.1312,0.009919
530330110012,291,es,2.9616,0.025969
530330110012,930,es,0.2564,0.002249
530330110012,935,es,0.0425,0.000373
530330110012,939,es,1.026,0.008997
530330110012,972,es,0.0021,1.9e-05
530330110013,205,es,2.4498,0.046772
530330110013,207,es,0.6386,0.012193
530330110013,212,es,0.3401,0.006492
530330110013,215,es,0.0858,0.001638
530330110013,219,es,0.099,0.00189
530330110013,220,es,0.3521,0.006722
530330110013,221,es,0.6075,0.011599
530330110013,226,es,0.1022,0.001952
530330110013,243,es,0.0027,5.2e-05
530330110013,245,es,0.0663,0.001266
530330110013,246,es,0.0436,0.000832
530330110013,247,es,0.0102,0.000195
530330110013,251,es,1.1049,0.021095
530330110013,252,es,2.2746,0.043426
530330110013,255,es,0.0049,9.3e-05
530330110013,256,es,0.6222,0.011879
530330110013,264,es,0.0715,0.001366
530330110013,270,es,0.6381,0.012182
530330110013,275,es,16.0606,0.306634
530330110013,279,es,0.0117,0.000224
530330110013,286,es,22.9566,0.438294
530330110013,288,es,0.4299,0.008208
530330110013,291,es,2.0867,0.039839
530330110013,930,es,0.299,0.005708
530330110013,935,es,0.0437,0.000833
530330110013,939,es,0.9749,0.018612
530330110021,205,es,3.9857,0.071141
530330110021,207,es,0.7085,0.012646
530330110021,212,es,0.0862,0.001538
530330110021,215,es,0.1979,0.003531
530330110021,220,es,0.2574,0.004594
530330110021,229,es,0.0001,2e-06
530330110021,233,es,0.0009,1.6e-05
530330110021,241,es,0.0002,4e-06
530330110021,245,es,0.0736,0.001315
530330110021,251,es,2.4376,0.043508
530330110021,252,es,5.5816,0.099625
530330110021,255,es,0.0001,2e-06
530330110021,256,es,0.7935,0.014164
530330110021,264,es,0.1647,0.00294
530330110021,275,es,34.1289,0.609164
530330110021,279,es,0.0001,3e-06
530330110021,286,es,2.459,0.04389
530330110021,288,es,0.7365,0.013146
530330110021,291,es,1.5791,0.028185
530330110021,930,es,0.6908,0.01233
530330110021,935,es,0.0797,0.001423
530330110021,939,es,2.0622,0.036807
530330110021,972,es,0.0011,2e-05
530330110022,205,es,2.3864,0.040512
530330110022,207,es,0.4941,0.008388
530330110022,212,es,0.2826,0.004798
530330110022,215,es,0.0466,0.000791
530330110022,219,es,0.0978,0.00166
530330110022,220,es,0.12,0.002038
530330110022,245,es,0.0173,0.000294
530330110022,251,es,33.5518,0.569584
530330110022,252,es,8.726,0.148135
530330110022,256,es,0.2784,0.004727
530330110022,264,es,0.1149,0.00195
530330110022,275,es,8.4483,0.143421
530330110022,286,es,1.3348,0.02266
530330110022,288,es,0.732,0.012426
530330110022,291,es,0.9553,0.016217
530330110022,930,es,0.3212,0.005454
530330110022,935,es,0.037,0.000627
530330110022,939,es,0.9613,0.016319
530330110023,205,es,15.0827,0.071605
530330110023,207,es,2.7091,0.012861
530330110023,212,es,0.3116,0.001479
530330110023,215,es,0.7565,0.003591
530330110023,220,es,0.9842,0.004673
530330110023,221,es,0.0002,1e-06
530330110023,245,es,0.2816,0.001337
530330110023,251,es,9.3054,0.044177
530330110023,252,es,18.0123,0.085514
530330110023,256,es,3.0341,0.014404
530330110023,264,es,0.6298,0.00299
530330110023,270,es,0.0002,1e-06
530330110023,275,es,130.4914,0.619507
530330110023,286,es,9.3989,0.044621
530330110023,288,es,2.7838,0.013216
530330110023,291,es,6.0381,0.028666
530330110023,930,es,2.6337,0.012504
530330110023,935,es,0.303,0.001439
530330110023,939,es,7.8808,0.037414
530330111011,205,es,0.4583,0.012179
530330111011,207,es,29.0323,0.771546
530330111011,212,es,0.2838,0.007542
530330111011,219,es,0.4989,0.013257
530330111011,220,es,0.7003,0.01861
530330111011,221,es,0.1893,0.005031
530330111011,226,es,0.127,0.003374
530330111011,233,es,0.0923,0.002454
530330111011,245,es,0.0214,0.000567
530330111011,251,es,0.157,0.004172
530330111011,252,es,0.5465,0.014525
530330111011,275,es,0.7816,0.020772
530330111011,286,es,0.1189,0.00316
530330111011,288,es,0.9855,0.02619
530330111011,291,es,1.9269,0.051209
530330111011,935,es,0.0115,0.000307
530330111011,939,es,1.6969,0.045097
530330111012,205,es,0.1879,0.005534
530330111012,207,es,12.2721,0.361487
530330111012,212,es,0.2848,0.008389
530330111012,219,es,12.3915,0.365004
530330111012,220,es,0.2758,0.008125
530330111012,221,es,0.3656,0.010769
530330111012,226,es,0.0521,0.001536
530330111012,233,es,0.0846,0.002492
530330111012,245,es,0.0088,0.000258
530330111012,251,es,0.3838,0.011305
530330111012,252,es,0.6417,0.018902
530330111012,256,es,0.0586,0.001725
530330111012,264,es,0.0973,0.002865
530330111012,275,es,0.6744,0.019866
530330111012,286,es,0.4114,0.01212
530330111012,288,es,0.4046,0.011917
530330111012,291,es,3.8205,0.112537
530330111012,935,es,0.0106,0.000311
530330111012,939,es,1.4054,0.041398
530330111012,972,es,0.1174,0.003458
530330111013,205,es,0.3599,0.003704
530330111013,207,es,10.4555,0.107592
530330111013,212,es,0.8387,0.008631
530330111013,219,es,49.8955,0.513445
530330111013,220,es,7.9418,0.081724
530330111013,221,es,1.3701,0.014099
530330111013,226,es,0.0365,0.000376
530330111013,233,es,0.3092,0.003182
530330111013,234,es,0.0034,3.5e-05
530330111013,245,es,0.0061,6.3e-05
530330111013,248,es,0.0089,9.1e-05
530330111013,251,es,1.3471,0.013862
530330111013,252,es,1.8584,0.019123
530330111013,256,es,0.2388,0.002457
530330111013,261,es,0.0186,0.000191
530330111013,264,es,0.3965,0.004081
530330111013,272,es,0.0115,0.000118
530330111013,275,es,1.7528,0.018037
530330111013,286,es,1.5127,0.015566
530330111013,288,es,0.4238,0.004361
530330111013,291,es,13.5484,0.139418
530330111013,935,es,0.0386,0.000397
530330111013,939,es,4.3262,0.044519
530330111013,972,es,0.4785,0.004924
530330111014,205,es,0.3315,0.012176
530330111014,207,es,21.0246,0.772327
530330111014,212,es,0.2053,0.007542
530330111014,219,es,0.3556,0.013064
530330111014,220,es,0.4922,0.01808
530330111014,221,es,0.1367,0.005021
530330111014,226,es,0.092,0.003378
530330111014,233,es,0.0667,0.002449
530330111014,245,es,0.0155,0.000568
530330111014,251,es,0.1135,0.004171
530330111014,252,es,0.3956,0.014533
530330111014,275,es,0.5658,0.020783
530330111014,286,es,0.086,0.003158
530330111014,288,es,0.7135,0.026208
530330111014,291,es,1.3929,0.051169
530330111014,935,es,0.0083,0.000306
530330111014,939,es,1.2268,0.045067
530330111021,203,es,0.0002,4e-06
530330111021,205,es,1.2039,0.020956
530330111021,207,es,3.6041,0.062739
530330111021,212,es,0.3731,0.006495
530330111021,219,es,0.3234,0.00563
530330111021,220,es,40.8491,0.711086
530330111021,221,es,0.7633,0.013287
530330111021,226,es,0.0001,3e-06
530330111021,233,es,0.4843,0.00843
530330111021,234,es,0.018,0.000314
530330111021,248,es,0.0467,0.000813
530330111021,251,es,0.0009,1.6e-05
530330111021,252,es,0.0008,1.4e-05
530330111021,261,es,0.098,0.001707
530330111021,264,es,0.0002,3e-06
530330111021,270,es,0.0002,4e-06
530330111021,272,es,0.0606,0.001054
530330111021,275,es,0.4572,0.007959
530330111021,286,es,0.0008,1.3e-05
530330111021,288,es,0.7407,0.012893
530330111021,291,es,3.3791,0.058823
530330111021,930,es,0.0001,2e-06
530330111021,935,es,0.0605,0.001053
530330111021,939,es,4.9805,0.086698
530330111021,972,es,0.0001,2e-06
530330111022,205,es,1.5152,0.020968
530330111022,207,es,4.5358,0.062767
530330111022,212,es,0.4694,0.006496
530330111022,219,es,0.4066,0.005626
530330111022,220,es,51.4125,0.711457
530330111022,221,es,0.9371,0.012967
530330111022,233,es,0.6093,0.008432
530330111022,234,es,0.0227,0.000314
530330111022,248,es,0.0588,0.000813
530330111022,261,es,0.1234,0.001707
530330111022,272,es,0.0762,0.001055
530330111022,275,es,0.575,0.007956
530330111022,288,es,0.9322,0.0129
530330111022,291,es,4.2458,0.058755
530330111022,935,es,0.0761,0.001053
530330111022,939,es,6.2677,0.086734
530330111023,205,es,1.051,0.020921
530330111023,207,es,3.1482,0.062669
530330111023,212,es,0.3266,0.006501
530330111023,219,es,0.3512,0.006991
530330111023,220,es,35.6613,0.709891
530330111023,221,es,0.6551,0.013041
530330111023,233,es,0.4229,0.008419
530330111023,234,es,0.0157,0.000313
530330111023,248,es,0.0408,0.000811
530330111023,251,es,0.002,3.9e-05
530330111023,252,es,0.0025,5e-05
530330111023,256,es,0.0003,7e-06
530330111023,261,es,0.0856,0.001704
530330111023,264,es,0.0006,1.2e-05
530330111023,272,es,0.0529,0.001052
530330111023,275,es,0.4009,0.00798
530330111023,286,es,0.0022,4.4e-05
530330111023,288,es,0.6466,0.012872
530330111023,291,es,2.9633,0.058989
530330111023,935,es,0.0528,0.001052
530330111023,939,es,4.3516,0.086625
530330111023,972,es,0.0007,1.4e-05
530330111024,203,es,0.0013,2.2e-05
530330111024,205,es,1.2305,0.020904
530330111024,207,es,3.6855,0.062609
530330111024,212,es,0.3823,0.006495
530330111024,219,es,0.3323,0.005645
530330111024,220,es,41.7561,0.70936
530330111024,221,es,0.8697,0.014775
530330111024,226,es,0.0009,1.5e-05
530330111024,233,es,0.4958,0.008422
530330111024,234,es,0.0184,0.000313
530330111024,244,es,0.0003,4e-06
530330111024,248,es,0.0477,0.000811
530330111024,251,es,0.0053,9e-05
530330111024,252,es,0.0046,7.9e-05
530330111024,261,es,0.1002,0.001702
530330111024,264,es,0.001,1.7e-05
530330111024,270,es,0.0013,2.3e-05
530330111024,272,es,0.0619,0.001052
530330111024,275,es,0.4693,0.007972
530330111024,286,es,0.0044,7.5e-05
530330111024,288,es,0.7571,0.012861
530330111024,291,es,3.4813,0.059141
530330111024,930,es,0.0007,1.2e-05
530330111024,935,es,0.0619,0.001051
530330111024,939,es,5.0938,0.086535
530330111024,972,es,0.0008,1.3e-05
530330112001,203,es,4.1403,0.07918
530330112001,207,es,0.3299,0.00631
530330112001,212,es,0.1138,0.002177
530330112001,215,es,28.0557,0.536549
530330112001,222,es,0.478,0.009142
530330112001,225,es,1.6203,0.030987
530330112001,235,es,2.2298,0.042643
530330112001,236,es,1.2679,0.024248
530330112001,251,es,0.3778,0.007225
530330112001,267,es,0.3881,0.007422
530330112001,270,es,0.9545,0.018255
530330112001,273,es,1.6666,0.031873
530330112001,286,es,0.286,0.00547
530330112001,291,es,0.4412,0.008438
530330112001,930,es,5.774,0.110425
530330112001,972,es,4.1653,0.079658
530330112002,203,es,5.6096,0.078898
530330112002,205,es,0.0182,0.000255
530330112002,207,es,0.4503,0.006333
530330112002,212,es,0.1546,0.002174
530330112002,215,es,38.0136,0.534648
530330112002,220,es,0.0012,1.7e-05
530330112002,222,es,0.6477,0.009109
530330112002,225,es,2.1953,0.030876
530330112002,235,es,3.0211,0.042491
530330112002,236,es,1.7179,0.024161
530330112002,245,es,0.0003,5e-06
530330112002,251,es,0.5231,0.007357
530330112002,252,es,0.0217,0.000305
530330112002,256,es,0.0037,5.1e-05
530330112002,264,es,0.0008,1.1e-05
530330112002,267,es,0.5258,0.007395
530330112002,270,es,1.2933,0.01819
530330112002,273,es,2.2581,0.031759
530330112002,275,es,0.1571,0.00221
530330112002,286,es,0.3988,0.005609
530330112002,288,es,0.0034,4.7e-05
530330112002,291,es,0.6051,0.00851
530330112002,930,es,7.8264,0.110076
530330112002,935,es,0.0004,5e-06
530330112002,939,es,0.0095,0.000133
530330112002,972,es,5.6435,0.079374
530330112003,203,es,5.2157,0.07918
530330112003,207,es,0.4157,0.00631
530330112003,212,es,0.1434,0.002177
530330112003,215,es,35.3431,0.536549
530330112003,222,es,0.6022,0.009142
530330112003,225,es,2.0411,0.030987
530330112003,235,es,2.809,0.042643
530330112003,236,es,1.5972,0.024248
530330112003,251,es,0.4759,0.007225
530330112003,267,es,0.4889,0.007422
530330112003,270,es,1.2025,0.018255
530330112003,273,es,2.0995,0.031873
530330112003,286,es,0.3603,0.00547
530330112003,291,es,0.5558,0.008438
530330112003,930,es,7.2738,0.110425
530330112003,972,es,5.2472,0.079658
530330113001,202,es,0.0226,0.000379
530330113001,203,es,4.5059,0.075764
530330113001,207,es,0.3658,0.00615
530330113001,212,es,0.1262,0.002122
530330113001,215,es,30.4035,0.511212
530330113001,222,es,0.5175,0.008701
530330113001,225,es,1.754,0.029492
530330113001,235,es,4.7099,0.079193
530330113001,236,es,1.4001,0.023541
530330113001,251,es,0.409,0.006876
530330113001,267,es,0.5112,0.008595
530330113001,270,es,1.0582,0.017793
530330113001,273,es,1.8186,0.030579
530330113001,286,es,0.3096,0.005206
530330113001,291,es,0.4776,0.008031
530330113001,930,es,6.4011,0.107629
530330113001,972,es,4.6827,0.078737
530330113002,202,es,0.7784,0.006818
530330113002,203,es,2.03,0.017782
530330113002,207,es,0.3926,0.003439
530330113002,212,es,0.1354,0.001186
530330113002,215,es,9.2674,0.081176
530330113002,222,es,0.1388,0.001216
530330113002,225,es,0.4706,0.004122
530330113002,235,es,79.8638,0.699553
530330113002,236,es,1.3185,0.011549
530330113002,251,es,0.1097,0.000961
530330113002,267,es,3.254,0.028503
530330113002,270,es,1.1358,0.009948
530330113002,273,es,0.9837,0.008617
530330113002,286,es,0.0831,0.000728
530330113002,291,es,0.1282,0.001123
530330113002,930,es,6.8702,0.060179
530330113002,972,es,7.2038,0.0631
530330113003,202,es,0.3132,0.007862
530330113003,203,es,0.3341,0.008387
530330113003,207,es,0.1195,0.002999
530330113003,212,es,0.0412,0.001035
530330113003,215,es,0.4581,0.011501
530330113003,222,es,0.0001,3e-06
530330113003,225,es,0.0005,1.2e-05
530330113003,235,es,31.8694,0.800065
530330113003,236,es,0.3827,0.009607
530330113003,251,es,0.0001,3e-06
530330113003,267,es,1.2639,0.031729
530330113003,270,es,0.3457,0.008677
530330113003,273,es,0.2015,0.005058
530330113003,291,es,0.0001,3e-06
530330113003,930,es,2.0909,0.052491
530330113003,972,es,2.4126,0.060567
530330113004,202,es,0.1811,0.00727
530330113004,203,es,0.2515,0.010096
530330113004,205,es,0.0278,0.001114
530330113004,207,es,0.0691,0.002775
530330113004,212,es,0.0267,0.001072
530330113004,215,es,0.2744,0.011014
530330113004,222,es,0.0242,0.000971
530330113004,225,es,0.0004,1.7e-05
530330113004,226,es,0.0154,0.000619
530330113004,235,es,18.5223,0.743569
530330113004,236,es,0.2693,0.01081
530330113004,267,es,0.7504,0.030125
530330113004,270,es,0.2,0.008027
530330113004,273,es,0.9281,0.037257
530330113004,291,es,0.0168,0.000674
530330113004,930,es,1.5367,0.061692
530330113004,935,es,0.0007,2.8e-05
530330113004,972,es,1.815,0.072864
530330113005,202,es,0.2939,0.005199
530330113005,203,es,0.9067,0.016037
530330113005,205,es,0.2839,0.005021
530330113005,207,es,0.1122,0.001985
530330113005,212,es,0.068,0.001203
530330113005,215,es,0.506,0.00895
530330113005,222,es,0.2464,0.004359
530330113005,225,es,0.0007,1.3e-05
530330113005,226,es,0.1576,0.002787
530330113005,235,es,30.8699,0.546012
530330113005,236,es,0.8492,0.01502
530330113005,251,es,0.0002,3e-06
530330113005,267,es,1.3862,0.024519
530330113005,270,es,0.3246,0.005741
530330113005,273,es,8.4879,0.150129
530330113005,286,es,0.0001,2e-06
530330113005,291,es,0.1707,0.003018
530330113005,930,es,5.3095,0.093911
530330113005,935,es,0.0071,0.000126
530330113005,972,es,6.5562,0.115963
530330114011,202,es,0.0002,8e-06
530330114011,203,es,0.0006,2.2e-05
530330114011,205,es,1.2543,0.042693
530330114011,207,es,0.0752,0.002559
530330114011,212,es,0.1555,0.005291
530330114011,215,es,0.252,0.008577
530330114011,220,es,0.0409,0.001393
530330114011,222,es,0.2177,0.007411
530330114011,225,es,0.7374,0.0251
530330114011,226,es,0.0001,4e-06
530330114011,235,es,0.3624,0.012335
530330114011,236,es,0.3372,0.011478
530330114011,239,es,0.6421,0.021855
530330114011,247,es,0.0139,0.000473
530330114011,267,es,20.5775,0.700412
530330114011,270,es,0.2175,0.007402
530330114011,273,es,0.2586,0.0088
530330114011,275,es,0.0476,0.00162
530330114011,291,es,0.0001,4e-06
530330114011,292,es,0.0205,0.000697
530330114011,930,es,1.7557,0.059761
530330114011,935,es,0.0063,0.000215
530330114011,972,es,2.4059,0.081891
530330114012,202,es,0.034,0.00085
530330114012,203,es,0.0362,0.000904
530330114012,205,es,1.5266,0.038126
530330114012,207,es,0.1044,0.002607
530330114012,212,es,0.1937,0.004836
530330114012,215,es,0.3552,0.008871
530330114012,220,es,0.0498,0.001244
530330114012,222,es,0.2648,0.006614
530330114012,225,es,0.8977,0.022419
530330114012,235,es,3.8767,0.096816
530330114012,236,es,0.4513,0.011271
530330114012,239,es,0.7816,0.01952
530330114012,247,es,0.0169,0.000423
530330114012,267,es,25.1854,0.628982
530330114012,270,es,0.302,0.007541
530330114012,273,es,0.3296,0.008232
530330114012,275,es,0.0579,0.001447
530330114012,292,es,0.0249,0.000622
530330114012,930,es,2.3598,0.058934
530330114012,935,es,0.0077,0.000192
530330114012,972,es,3.1852,0.079548
530330114013,202,es,0.3842,0.00476
530330114013,203,es,1.3945,0.017278
530330114013,205,es,0.4725,0.005855
530330114013,207,es,0.1465,0.001815
530330114013,212,es,0.0993,0.001231
530330114013,215,es,0.6706,0.008309
530330114013,222,es,0.4099,0.005078
530330114013,226,es,0.2623,0.00325
530330114013,235,es,40.6895,0.504142
530330114013,236,es,1.2844,0.015913
530330114013,267,es,1.8831,0.023332
530330114013,270,es,0.4237,0.00525
530330114013,273,es,14.0603,0.174206
530330114013,291,es,0.2837,0.003516
530330114013,930,es,8.1328,0.100765
530330114013,935,es,0.0119,0.000147
530330114013,972,es,10.1012,0.125154
530330114021,202,es,0.0336,0.001511
530330114021,203,es,0.0358,0.001606
530330114021,205,es,0.7691,0.034536
530330114021,207,es,0.0589,0.002644
530330114021,212,es,0.0997,0.004478
530330114021,215,es,0.2027,0.0091
530330114021,220,es,0.0251,0.001127
530330114021,222,es,0.1334,0.005991
530330114021,225,es,0.4522,0.020307
530330114021,235,es,3.6315,0.163071
530330114021,236,es,0.2475,0.011114
530330114021,239,es,0.3938,0.017682
530330114021,247,es,0.0085,0.000383
530330114021,267,es,12.7544,0.572736
530330114021,270,es,0.1703,0.007648
530330114021,273,es,0.1766,0.007932
530330114021,275,es,0.0292,0.001311
530330114021,292,es,0.0126,0.000564
530330114021,930,es,1.2988,0.058325
530330114021,935,es,0.0039,0.000173
530330114021,972,es,1.7316,0.07776
530330114022,202,es,0.1838,0.002651
530330114022,203,es,0.1954,0.002818
530330114022,205,es,1.9648,0.028339
530330114022,207,es,0.1877,0.002707
530330114022,212,es,0.2676,0.00386
530330114022,215,es,0.6583,0.009495
530330114022,220,es,0.0641,0.000925
530330114022,222,es,0.3409,0.004916
530330114022,225,es,1.1553,0.016664
530330114022,235,es,19.2332,0.277408
530330114022,236,es,0.7517,0.010843
530330114022,239,es,1.006,0.014509
530330114022,247,es,0.0218,0.000314
530330114022,267,es,32.9793,0.475674
530330114022,270,es,0.543,0.007832
530330114022,273,es,0.5141,0.007415
530330114022,275,es,0.0746,0.001075
530330114022,292,es,0.0321,0.000463
530330114022,930,es,3.9709,0.057274
530330114022,935,es,0.0099,0.000142
530330114022,972,es,5.1773,0.074674
530330114023,202,es,0.4002,0.004896
530330114023,203,es,30.9169,0.378228
530330114023,205,es,1.9856,0.024291
530330114023,207,es,0.1189,0.001454
530330114023,212,es,0.246,0.00301
530330114023,215,es,0.4197,0.005134
530330114023,220,es,0.0648,0.000793
530330114023,222,es,0.3445,0.004214
530330114023,225,es,1.6671,0.020394
530330114023,235,es,0.5356,0.006552
530330114023,236,es,0.5655,0.006918
530330114023,239,es,1.669,0.020418
530330114023,247,es,0.022,0.000269
530330114023,267,es,32.5784,0.398554
530330114023,270,es,1.0796,0.013207
530330114023,273,es,0.4003,0.004897
530330114023,275,es,0.0753,0.000922
530330114023,292,es,0.0324,0.000397
530330114023,930,es,4.2572,0.052081
530330114023,935,es,0.01,0.000122
530330114023,939,es,0.037,0.000453
530330114023,972,es,4.3155,0.052794
530330115001,202,es,0.1063,0.001516
530330115001,203,es,8.2134,0.117084
530330115001,205,es,2.598,0.037034
530330115001,207,es,0.1555,0.002217
530330115001,212,es,0.3219,0.004589
530330115001,215,es,0.5269,0.007511
530330115001,220,es,0.0848,0.001208
530330115001,222,es,0.4507,0.006425
530330115001,225,es,1.6603,0.023668
530330115001,235,es,0.7008,0.00999
530330115001,236,es,0.706,0.010064
530330115001,239,es,1.5034,0.021432
530330115001,247,es,0.0288,0.000411
530330115001,267,es,42.6257,0.607639
530330115001,270,es,0.6454,0.009201
530330115001,273,es,0.5238,0.007466
530330115001,275,es,0.0986,0.001405
530330115001,292,es,0.0424,0.000605
530330115001,930,es,4.0233,0.057354
530330115001,935,es,0.013,0.000186
530330115001,939,es,0.0098,0.00014
530330115001,972,es,5.1108,0.072856
530330115002,202,es,0.7713,0.010974
530330115002,203,es,59.5815,0.847702
530330115002,205,es,0.0971,0.001382
530330115002,207,es,0.0058,8.3e-05
530330115002,212,es,0.012,0.000171
530330115002,215,es,0.0605,0.000861
530330115002,220,es,0.0032,4.5e-05
530330115002,222,es,0.0168,0.00024
530330115002,225,es,1.0197,0.014508
530330115002,235,es,0.0262,0.000373
530330115002,236,es,0.0888,0.001264
530330115002,239,es,1.307,0.018595
530330115002,247,es,0.0011,1.5e-05
530330115002,267,es,1.5934,0.022671
530330115002,270,es,1.4346,0.020411
530330115002,273,es,0.0196,0.000279
530330115002,275,es,0.0037,5.2e-05
530330115002,292,es,0.0016,2.3e-05
530330115002,930,es,2.9944,0.042603
530330115002,935,es,0.0005,7e-06
530330115002,939,es,0.0713,0.001014
530330115002,972,es,1.1758,0.016729
530330115003,202,es,0.4818,0.00674
530330115003,203,es,11.6813,0.16341
530330115003,205,es,0.547,0.007652
530330115003,207,es,0.0328,0.000458
530330115003,212,es,0.1125,0.001574
530330115003,215,es,0.1444,0.002021
530330115003,220,es,0.0178,0.00025
530330115003,222,es,0.9398,0.013147
530330115003,225,es,40.061,0.560415
530330115003,235,es,0.1476,0.002064
530330115003,236,es,0.1584,0.002215
530330115003,239,es,1.6195,0.022656
530330115003,247,es,0.0181,0.000253
530330115003,256,es,0.0544,0.000761
530330115003,267,es,9.1277,0.127688
530330115003,270,es,1.6677,0.02333
530330115003,273,es,0.1103,0.001543
530330115003,275,es,0.0208,0.00029
530330115003,291,es,0.0433,0.000606
530330115003,292,es,0.0148,0.000207
530330115003,930,es,2.8019,0.039196
530330115003,935,es,0.0027,3.8e-05
530330115003,939,es,0.0131,0.000183
530330115003,972,es,1.6657,0.023302
530330116011,202,es,0.743,0.010367
530330116011,203,es,47.6998,0.665604
530330116011,212,es,0.017,0.000237
530330116011,215,es,0.043,0.0006
530330116011,222,es,0.3207,0.004475
530330116011,225,es,15.7815,0.220215
530330116011,236,es,0.05,0.000697
530330116011,239,es,1.4213,0.019833
530330116011,247,es,0.0046,6.4e-05
530330116011,256,es,0.0207,0.000288
530330116011,267,es,0.0578,0.000807
530330116011,270,es,1.6265,0.022697
530330116011,291,es,0.0164,0.000229
530330116011,292,es,0.0022,3.1e-05
530330116011,930,es,2.8493,0.039759
530330116011,939,es,0.0567,0.000792
530330116011,972,es,0.9535,0.013305
530330116012,202,es,0.5501,0.01134
530330116012,203,es,42.4913,0.876017
530330116012,215,es,0.0293,0.000604
530330116012,225,es,0.6865,0.014153
530330116012,236,es,0.0448,0.000923
530330116012,239,es,0.8966,0.018485
530330116012,270,es,1.0111,0.020845
530330116012,930,es,2.0387,0.042031
530330116012,939,es,0.0508,0.001048
530330116012,972,es,0.7059,0.014554
530330116021,202,es,0.2387,0.007361
530330116021,203,es,0.5074,0.015651
530330116021,212,es,0.0314,0.000968
530330116021,215,es,0.0191,0.000588
530330116021,222,es,0.5932,0.018296
530330116021,225,es,27.7755,0.856728
530330116021,239,es,0.778,0.023999
530330116021,247,es,0.0084,0.00026
530330116021,256,es,0.0382,0.001179
530330116021,267,es,0.107,0.003301
530330116021,270,es,0.9213,0.028416
530330116021,291,es,0.0304,0.000938
530330116021,292,es,0.0041,0.000128
530330116021,930,es,1.0615,0.032741
530330116021,972,es,0.3063,0.009447
530330116022,202,es,0.7172,0.007367
530330116022,203,es,1.631,0.016752
530330116022,212,es,0.0941,0.000967
530330116022,215,es,0.0572,0.000588
530330116022,222,es,1.7792,0.018273
530330116022,225,es,83.3107,0.85565
530330116022,236,es,0.0001,1e-06
530330116022,239,es,2.336,0.023992
530330116022,247,es,0.0253,0.00026
530330116022,256,es,0.1146,0.001177
530330116022,267,es,0.321,0.003297
530330116022,270,es,2.7658,0.028406
530330116022,291,es,0.0912,0.000937
530330116022,292,es,0.0124,0.000127
530330116022,930,es,3.189,0.032753
530330116022,939,es,0.0001,1e-06
530330116022,972,es,0.9205,0.009454
530330116023,202,es,0.0784,0.007902
530330116023,203,es,1.3151,0.132593
530330116023,212,es,0.0083,0.000836
530330116023,215,es,0.0059,0.00059
530330116023,222,es,0.1568,0.01581
530330116023,225,es,7.3613,0.742204
530330116023,236,es,0.0012,0.000125
530330116023,239,es,0.2306,0.023249
530330116023,247,es,0.0022,0.000225
530330116023,256,es,0.0101,0.001018
530330116023,267,es,0.0283,0.002852
530330116023,270,es,0.2716,0.027387
530330116023,291,es,0.008,0.000811
530330116023,292,es,0.0011,0.00011
530330116023,930,es,0.3373,0.034003
530330116023,939,es,0.0014,0.000142
530330116023,972,es,0.1006,0.010141
530330117001,205,es,0.296,0.00982
530330117001,207,es,0.4851,0.016096
530330117001,212,es,0.2925,0.009704
530330117001,215,es,0.0003,9e-06
530330117001,219,es,12.331,0.409128
530330117001,220,es,0.0969,0.003215
530330117001,221,es,0.5368,0.017809
530330117001,226,es,0.0411,0.001363
530330117001,233,es,0.0472,0.001567
530330117001,243,es,0.0011,3.6e-05
530330117001,245,es,0.0138,0.000458
530330117001,246,es,0.0175,0.000581
530330117001,247,es,0.0041,0.000136
530330117001,251,es,0.3235,0.010732
530330117001,252,es,0.5123,0.016996
530330117001,255,es,0.002,6.5e-05
530330117001,256,es,0.1707,0.005664
530330117001,264,es,0.1312,0.004354
530330117001,270,es,0.2563,0.008505
530330117001,275,es,0.8633,0.028645
530330117001,279,es,0.0047,0.000156
530330117001,286,es,9.1616,0.303972
530330117001,288,es,0.0455,0.00151
530330117001,291,es,3.6267,0.120331
530330117001,935,es,0.0096,0.00032
530330117001,939,es,0.7504,0.024899
530330117001,972,es,0.1184,0.003927
530330117002,205,es,4.8132,0.071251
530330117002,207,es,0.8683,0.012854
530330117002,212,es,0.1022,0.001513
530330117002,215,es,0.2429,0.003595
530330117002,219,es,0.0001,2e-06
530330117002,220,es,0.3162,0.004681
530330117002,221,es,0.013,0.000192
530330117002,226,es,0.0001,2e-06
530330117002,245,es,0.0899,0.001331
530330117002,251,es,2.9772,0.044073
530330117002,252,es,5.7653,0.085346
530330117002,256,es,0.9684,0.014335
530330117002,264,es,0.392,0.005803
530330117002,270,es,0.0007,1e-05
530330117002,275,es,41.6455,0.616494
530330117002,286,es,3.0306,0.044863
530330117002,288,es,0.8883,0.013151
530330117002,291,es,1.9734,0.029213
530330117002,930,es,0.8404,0.01244
530330117002,935,es,0.0969,0.001434
530330117002,939,es,2.5277,0.037418
530330117003,205,es,0.8477,0.03371
530330117003,207,es,0.298,0.01185
530330117003,212,es,0.2298,0.009137
530330117003,215,es,0.0154,0.000612
530330117003,219,es,0.0726,0.002886
530330117003,220,es,0.1965,0.007814
530330117003,221,es,0.446,0.017737
530330117003,226,es,0.0751,0.002985
530330117003,243,es,0.002,7.9e-05
530330117003,245,es,0.031,0.001232
530330117003,246,es,0.032,0.001272
530330117003,247,es,0.0075,0.000298
530330117003,251,es,0.1893,0.007527
530330117003,252,es,0.5279,0.020992
530330117003,255,es,0.0036,0.000143
530330117003,256,es,0.2657,0.010567
530330117003,264,es,0.0128,0.000509
530330117003,270,es,0.4684,0.018628
530330117003,275,es,3.5779,0.142283
530330117003,279,es,0.0086,0.000342
530330117003,286,es,16.2619,0.646687
530330117003,288,es,0.1398,0.00556
530330117003,291,es,1.1513,0.045785
530330117003,930,es,0.0536,0.00213
530330117003,935,es,0.013,0.000515
530330117003,939,es,0.2192,0.008716
530330117004,203,es,0.0002,6e-06
530330117004,205,es,0.2788,0.007514
530330117004,207,es,0.4268,0.011503
530330117004,212,es,0.2723,0.007337
530330117004,215,es,0.1647,0.004439
530330117004,219,es,0.1113,0.002998
530330117004,220,es,0.2262,0.006095
530330117004,221,es,1.3022,0.035092
530330117004,226,es,0.005,0.000134
530330117004,233,es,0.0006,1.5e-05
530330117004,243,es,0.0001,3e-06
530330117004,245,es,0.0062,0.000167
530330117004,246,es,0.0021,5.6e-05
530330117004,247,es,0.0005,1.3e-05
530330117004,251,es,0.9877,0.026616
530330117004,252,es,2.1213,0.057167
530330117004,255,es,0.0002,6e-06
530330117004,256,es,0.0627,0.001691
530330117004,264,es,19.4322,0.52367
530330117004,270,es,0.0305,0.000821
530330117004,275,es,2.9806,0.080324
530330117004,279,es,0.0006,1.5e-05
530330117004,286,es,2.2981,0.06193
530330117004,288,es,0.0504,0.001358
530330117004,291,es,4.8202,0.129898
530330117004,930,es,0.0427,0.001151
530330117004,935,es,0.0207,0.000557
530330117004,939,es,1.4617,0.039392
530330117004,972,es,0.0011,3.1e-05
530330118011,203,es,0.1214,0.007237
530330118011,205,es,0.0022,0.000131
530330118011,207,es,0.1808,0.010772
530330118011,212,es,0.1058,0.006307
530330118011,219,es,0.1958,0.011667
530330118011,220,es,0.3592,0.021405
530330118011,221,es,10.1981,0.607721
530330118011,226,es,0.0808,0.004813
530330118011,233,es,0.0886,0.005282
530330118011,244,es,0.024,0.00143
530330118011,245,es,0.0068,0.000405
530330118011,251,es,0.4986,0.029714
530330118011,252,es,0.4343,0.025883
530330118011,261,es,0.0002,1.1e-05
530330118011,264,es,0.0911,0.00543
530330118011,270,es,0.126,0.007508
530330118011,272,es,0.0001,7e-06
530330118011,275,es,0.2216,0.013208
530330118011,286,es,0.4152,0.024745
530330118011,288,es,0.0013,8e-05
530330118011,291,es,3.1218,0.186033
530330118011,930,es,0.0635,0.003785
530330118011,935,es,0.0074,0.000442
530330118011,939,es,0.3575,0.021302
530330118011,972,es,0.0733,0.004368
530330118011,974,es,0.0052,0.00031
530330118012,203,es,0.0001,8e-06
530330118012,207,es,0.235,0.018823
530330118012,212,es,0.1135,0.009092
530330118012,219,es,8.21,0.657631
530330118012,220,es,0.0002,2e-05
530330118012,221,es,0.2029,0.016254
530330118012,233,es,0.0316,0.002533
530330118012,251,es,0.2155,0.017265
530330118012,252,es,0.2814,0.022544
530330118012,256,es,0.0395,0.00316
530330118012,264,es,0.0656,0.005254
530330118012,270,es,0.0001,9e-06
530330118012,275,es,0.2383,0.019091
530330118012,286,es,0.2446,0.019596
530330118012,291,es,2.044,0.163723
530330118012,935,es,0.0039,0.000316
530330118012,939,es,0.4785,0.03833
530330118012,972,es,0.0791,0.006338
530330118013,203,es,0.0434,0.002514
530330118013,207,es,0.2751,0.015937
530330118013,212,es,0.1403,0.008132
530330118013,219,es,7.5096,0.435124
530330118013,220,es,0.1018,0.005896
530330118013,221,es,3.8191,0.221286
530330118013,226,es,0.0289,0.001672
530330118013,233,es,0.0599,0.003473
530330118013,244,es,0.0086,0.000497
530330118013,245,es,0.0024,0.000141
530330118013,251,es,0.3731,0.021618
530330118013,252,es,0.4099,0.02375
530330118013,256,es,0.0358,0.002072
530330118013,264,es,0.0919,0.005326
530330118013,270,es,0.045,0.002608
530330118013,275,es,0.2947,0.017076
530330118013,286,es,0.3697,0.021423
530330118013,291,es,2.963,0.171683
530330118013,930,es,0.0227,0.001315
530330118013,935,es,0.0062,0.000358
530330118013,939,es,0.5579,0.032323
530330118013,972,es,0.0978,0.005669
530330118013,974,es,0.0019,0.000108
530330118021,203,es,0.3487,0.007282
530330118021,207,es,0.5001,0.010446
530330118021,212,es,0.3019,0.006306
530330118021,219,es,0.5604,0.011704
530330118021,220,es,0.8176,0.017077
530330118021,221,es,29.2755,0.611451
530330118021,226,es,0.2319,0.004843
530330118021,233,es,0.2519,0.005262
530330118021,244,es,0.0689,0.001438
530330118021,245,es,0.0195,0.000407
530330118021,251,es,1.4316,0.0299
530330118021,252,es,1.247,0.026046
530330118021,264,es,0.2616,0.005464
530330118021,270,es,0.3617,0.007555
530330118021,275,es,0.634,0.013241
530330118021,286,es,1.1922,0.0249
530330118021,291,es,8.9452,0.186831
530330118021,930,es,0.1823,0.003808
530330118021,935,es,0.021,0.000438
530330118021,939,es,1.0003,0.020892
530330118021,972,es,0.2105,0.004396
530330118021,974,es,0.015,0.000312
530330118022,203,es,0.3666,0.007282
530330118022,207,es,0.5258,0.010446
530330118022,212,es,0.3174,0.006306
530330118022,219,es,0.5892,0.011704
530330118022,220,es,0.8597,0.017077
530330118022,221,es,30.7808,0.611451
530330118022,226,es,0.2438,0.004843
530330118022,233,es,0.2649,0.005262
530330118022,244,es,0.0724,0.001438
530330118022,245,es,0.0205,0.000407
530330118022,251,es,1.5052,0.0299
530330118022,252,es,1.3111,0.026046
530330118022,264,es,0.275,0.005464
530330118022,270,es,0.3803,0.007555
530330118022,275,es,0.6666,0.013241
530330118022,286,es,1.2535,0.0249
530330118022,291,es,9.4052,0.186831
530330118022,930,es,0.1917,0.003808
530330118022,935,es,0.0221,0.000438
530330118022,939,es,1.0517,0.020892
530330118022,972,es,0.2213,0.004396
530330118022,974,es,0.0157,0.000312
530330118023,203,es,1.9428,0.004885
530330118023,207,es,5.138,0.01292
530330118023,212,es,2.8533,0.007175
530330118023,215,es,0.0719,0.000181
530330118023,219,es,79.316,0.199442
530330118023,220,es,4.6496,0.011691
530330118023,221,es,165.5205,0.416205
530330118023,226,es,1.292,0.003249
530330118023,233,es,1.6966,0.004266
530330118023,244,es,0.3838,0.000965
530330118023,245,es,0.1086,0.000273
530330118023,251,es,10.3666,0.026067
530330118023,252,es,10.4134,0.026185
530330118023,256,es,0.3661,0.000921
530330118023,264,es,11.2271,0.028231
530330118023,270,es,2.0156,0.005068
530330118023,275,es,6.1238,0.015398
530330118023,286,es,9.4311,0.023715
530330118023,291,es,70.9701,0.178456
530330118023,930,es,1.016,0.002555
530330118023,935,es,0.1607,0.000404
530330118023,939,es,10.6364,0.026745
530330118023,972,es,1.9064,0.004794
530330118023,974,es,0.0834,0.00021
530330119011,203,es,0.159,0.004349
530330119011,207,es,0.3947,0.010797
530330119011,212,es,0.2526,0.006911
530330119011,215,es,0.0698,0.001909
530330119011,219,es,0.2556,0.006991
530330119011,220,es,0.4637,0.012684
530330119011,221,es,13.9244,0.380897
530330119011,226,es,0.1057,0.002892
530330119011,233,es,0.1149,0.003143
530330119011,244,es,0.0314,0.000859
530330119011,245,es,0.0089,0.000243
530330119011,251,es,1.0344,0.028296
530330119011,252,es,1.3996,0.038285
530330119011,264,es,9.0088,0.246431
530330119011,270,es,0.165,0.004512
530330119011,275,es,0.6587,0.018019
530330119011,286,es,1.0492,0.0287
530330119011,291,es,6.1961,0.169491
530330119011,930,es,0.0832,0.002275
530330119011,935,es,0.0166,0.000453
530330119011,939,es,1.0621,0.029052
530330119011,972,es,0.096,0.002625
530330119011,974,es,0.0068,0.000187
530330119012,203,es,0.1229,0.001075
530330119012,207,es,1.2789,0.011189
530330119012,212,es,0.8671,0.007586
530330119012,215,es,0.4618,0.00404
530330119012,219,es,0.1976,0.001728
530330119012,220,es,0.8891,0.007778
530330119012,221,es,14.118,0.123511
530330119012,226,es,0.0817,0.000715
530330119012,233,es,0.0888,0.000777
530330119012,244,es,0.0243,0.000212
530330119012,245,es,0.0069,6e-05
530330119012,251,es,3.0296,0.026504
530330119012,252,es,5.9381,0.051949
530330119012,264,es,58.9178,0.515441
530330119012,270,es,0.1275,0.001116
530330119012,275,es,2.6694,0.023354
530330119012,286,es,3.7654,0.032942
530330119012,291,es,17.161,0.150132
530330119012,930,es,0.0643,0.000562
530330119012,935,es,0.0536,0.000469
530330119012,939,es,4.3621,0.038162
530330119012,972,es,0.0742,0.000649
530330119012,974,es,0.0053,4.6e-05
530330119013,207,es,0.5904,0.011317
530330119013,212,es,0.4074,0.007808
530330119013,215,es,0.2473,0.004741
530330119013,220,es,0.3218,0.006167
530330119013,221,es,2.033,0.038969
530330119013,251,es,1.3521,0.025916
530330119013,252,es,2.9444,0.056437
530330119013,264,es,31.5012,0.603802
530330119013,275,es,1.3098,0.025106
530330119013,286,es,1.7913,0.034335
530330119013,291,es,7.5009,0.143774
530330119013,935,es,0.0248,0.000475
530330119013,939,es,2.1471,0.041154
530330119021,203,es,0.677,0.007276
530330119021,207,es,0.972,0.010447
530330119021,212,es,0.5868,0.006307
530330119021,215,es,0.0003,4e-06
530330119021,219,es,1.0882,0.011695
530330119021,220,es,1.5881,0.017069
530330119021,221,es,56.8494,0.611
530330119021,226,es,0.4502,0.004839
530330119021,233,es,0.4892,0.005258
530330119021,244,es,0.1337,0.001437
530330119021,245,es,0.0379,0.000407
530330119021,251,es,2.7817,0.029897
530330119021,252,es,2.4256,0.026069
530330119021,264,es,0.5522,0.005935
530330119021,270,es,0.7024,0.007549
530330119021,275,es,1.2329,0.013251
530330119021,286,es,2.3175,0.024908
530330119021,291,es,17.3802,0.186797
530330119021,930,es,0.3541,0.003805
530330119021,935,es,0.0408,0.000438
530330119021,939,es,1.9453,0.020908
530330119021,972,es,0.4087,0.004392
530330119021,974,es,0.029,0.000312
530330119022,203,es,0.0785,0.004935
530330119022,207,es,0.1707,0.010727
530330119022,212,es,0.108,0.00679
530330119022,215,es,0.0243,0.001528
530330119022,219,es,0.1262,0.007932
530330119022,220,es,0.2157,0.013561
530330119022,221,es,6.7925,0.426942
530330119022,226,es,0.0522,0.003282
530330119022,233,es,0.0567,0.003566
530330119022,244,es,0.0155,0.000975
530330119022,245,es,0.0044,0.000276
530330119022,251,es,0.4553,0.028616
530330119022,252,es,0.5702,0.035841
530330119022,264,es,3.155,0.198306
530330119022,270,es,0.0815,0.00512
530330119022,275,es,0.2715,0.017065
530330119022,286,es,0.4445,0.027941
530330119022,291,es,2.7516,0.172954
530330119022,930,es,0.0411,0.002581
530330119022,935,es,0.0072,0.00045
530330119022,939,es,0.4363,0.027422
530330119022,972,es,0.0474,0.002979
530330119022,974,es,0.0034,0.000212
530330119023,203,es,0.1363,0.001987
530330119023,207,es,0.76,0.01108
530330119023,212,es,0.5075,0.007398
530330119023,215,es,0.2364,0.003447
530330119023,219,es,0.2191,0.003194
530330119023,220,es,0.6272,0.009144
530330119023,221,es,13.3881,0.195181
530330119023,226,es,0.0906,0.001321
530330119023,233,es,0.0985,0.001436
530330119023,244,es,0.0269,0.000393
530330119023,245,es,0.0076,0.000111
530330119023,251,es,1.8522,0.027003
530330119023,252,es,3.3024,0.048144
530330119023,264,es,30.2175,0.440534
530330119023,270,es,0.1414,0.002062
530330119023,275,es,1.5,0.021868
530330119023,286,es,2.1786,0.031761
530330119023,291,es,10.6678,0.155523
530330119023,930,es,0.0713,0.001039
530330119023,935,es,0.0319,0.000465
530330119023,939,es,2.4436,0.035625
530330119023,972,es,0.0823,0.001199
530330119023,974,es,0.0058,8.5e-05
530330120001,202,es,0.9535,0.01134
530330120001,203,es,73.6591,0.876017
530330120001,215,es,0.0508,0.000604
530330120001,225,es,1.1901,0.014153
530330120001,236,es,0.0776,0.000923
530330120001,239,es,1.5543,0.018485
530330120001,270,es,1.7527,0.020845
530330120001,930,es,3.5341,0.042031
530330120001,939,es,0.0881,0.001048
530330120001,972,es,1.2237,0.014554
530330120002,202,es,0.3771,0.01134
530330120002,203,es,29.1281,0.876017
530330120002,215,es,0.0201,0.000604
530330120002,225,es,0.4706,0.014153
530330120002,236,es,0.0307,0.000923
530330120002,239,es,0.6146,0.018485
530330120002,270,es,0.6931,0.020845
530330120002,930,es,1.3976,0.042031
530330120002,939,es,0.0348,0.001048
530330120002,972,es,0.4839,0.014554
530330120003,202,es,0.4457,0.01134
530330120003,203,es,34.4313,0.876017
530330120003,215,es,0.0237,0.000604
530330120003,225,es,0.5563,0.014153
530330120003,236,es,0.0363,0.000923
530330120003,239,es,0.7265,0.018485
530330120003,270,es,0.8193,0.020845
530330120003,930,es,1.652,0.042031
530330120003,939,es,0.0412,0.001048
530330120003,972,es,0.572,0.014554
530330121001,202,es,0.2103,0.01134
530330121001,203,es,16.2446,0.876017
530330121001,215,es,0.0112,0.000604
530330121001,225,es,0.2625,0.014153
530330121001,236,es,0.0171,0.000923
530330121001,239,es,0.3428,0.018485
530330121001,270,es,0.3865,0.020845
530330121001,930,es,0.7794,0.042031
530330121001,939,es,0.0194,0.001048
530330121001,972,es,0.2699,0.014554
530330121002,202,es,0.7653,0.01134
530330121002,203,es,59.1145,0.876017
530330121002,215,es,0.0407,0.000604
530330121002,225,es,0.9551,0.014153
530330121002,236,es,0.0623,0.000923
530330121002,239,es,1.2474,0.018485
530330121002,270,es,1.4066,0.020845
530330121002,930,es,2.8363,0.042031
530330121002,939,es,0.0707,0.001048
530330121002,972,es,0.9821,0.014554
530330209002,201,es,0.0001,0.002128
530330209002,204,es,0.0015,0.028784
530330209002,208,es,0.0353,0.675022
530330209002,210,es,0.0003,0.004923
530330209002,229,es,0.0001,0.002193
530330209002,230,es,0.001,0.019565
530330209002,241,es,0.0004,0.007437
530330209002,246,es,0.0009,0.017731
530330209002,247,es,0.0015,0.029092
530330209002,257,es,0.0012,0.023842
530330209002,259,es,0.002,0.037966
530330209002,261,es,0.0003,0.006103
530330209002,262,es,0.0002,0.003688
530330209002,276,es,0.0004,0.008395
530330209002,282,es,0.0002,0.004197
530330209002,292,es,0.0025,0.046901
530330209002,935,es,0.0006,0.011292
530330209002,949,es,0.0011,0.021112
530330209002,955,es,0.0005,0.010258
530330209002,971,es,0.0016,0.030212
530330209002,974,es,0.0003,0.005368
530330209003,204,es,0.0009,0.028784
530330209003,208,es,0.0212,0.675022
530330209003,210,es,0.0002,0.004923
530330209003,230,es,0.0006,0.019565
530330209003,241,es,0.0002,0.007437
530330209003,246,es,0.0006,0.017731
530330209003,247,es,0.0009,0.029092
530330209003,257,es,0.0007,0.023842
530330209003,259,es,0.0012,0.037966
530330209003,261,es,0.0002,0.006103
530330209003,262,es,0.0001,0.003688
530330209003,276,es,0.0003,0.008395
530330209003,282,es,0.0001,0.004197
530330209003,292,es,0.0015,0.046901
530330209003,935,es,0.0004,0.011292
530330209003,949,es,0.0007,0.021112
530330209003,955,es,0.0003,0.010258
530330209003,971,es,0.0009,0.030212
530330209003,974,es,0.0002,0.005368
530330210001,261,es,0.0002,0.750022
530330210002,201,es,0.0005,0.013669
530330210002,204,es,0.0002,0.005136
530330210002,208,es,0.001,0.029886
530330210002,210,es,0.0007,0.019764
530330210002,222,es,0.0018,0.052196
530330210002,229,es,0.0001,0.003522
530330210002,241,es,0.0003,0.008958
530330210002,246,es,0.0007,0.021357
530330210002,247,es,0.0007,0.020023
530330210002,257,es,0.0215,0.631781
530330210002,259,es,0.0005,0.015243
530330210002,261,es,0.0005,0.014701
530330210002,262,es,0.0005,0.014806
530330210002,266,es,0.0001,0.003761
530330210002,292,es,0.0034,0.10152
530330210002,955,es,0.0001,0.003295
530330210002,971,es,0.001,0.030644
530330210002,977,es,0.0003,0.009738
530330210003,201,es,0.0011,0.013561
530330210003,204,es,0.0004,0.005359
530330210003,208,es,0.0029,0.035955
530330210003,210,es,0.0016,0.019624
530330210003,222,es,0.0041,0.051705
530330210003,229,es,0.0003,0.00351
530330210003,241,es,0.0007,0.008943
530330210003,246,es,0.0017,0.021323
530330210003,247,es,0.0016,0.020109
530330210003,257,es,0.0497,0.626063
530330210003,259,es,0.0012,0.015457
530330210003,261,es,0.0012,0.01462
530330210003,262,es,0.0012,0.014701
530330210003,266,es,0.0003,0.003725
530330210003,292,es,0.008,0.101006
530330210003,955,es,0.0003,0.00336
530330210003,971,es,0.0024,0.030639
530330210003,977,es,0.0008,0.009646
530330211002,204,es,0.0001,0.002157
530330211002,208,es,0.0002,0.002282
530330211002,210,es,0.0067,0.099604
530330211002,230,es,0.0004,0.006598
530330211002,241,es,0.0004,0.00627
530330211002,247,es,0.0003,0.004205
530330211002,257,es,0.0002,0.00268
530330211002,261,es,0.0521,0.769678
530330211002,262,es,0.0003,0.003731
530330211002,266,es,0.0002,0.003159
530330211002,268,es,0.0004,0.006524
530330211002,291,es,0.0007,0.010117
530330211002,292,es,0.0036,0.053638
530330211002,971,es,0.0015,0.021449
530330211002,977,es,0.0004,0.005453
530330211003,210,es,0.0035,0.099604
530330211003,230,es,0.0002,0.006598
530330211003,241,es,0.0002,0.00627
530330211003,247,es,0.0001,0.004205
530330211003,261,es,0.0273,0.769678
530330211003,262,es,0.0001,0.003731
530330211003,266,es,0.0001,0.003159
530330211003,268,es,0.0002,0.006524
530330211003,291,es,0.0004,0.010117
530330211003,292,es,0.0019,0.053638
530330211003,971,es,0.0008,0.021449
530330211003,977,es,0.0002,0.005453
530330213001,210,es,0.0023,0.099604
530330213001,230,es,0.0002,0.006598
530330213001,241,es,0.0001,0.00627
530330213001,261,es,0.0181,0.769678
530330213001,268,es,0.0002,0.006524
530330213001,291,es,0.0002,0.010117
530330213001,292,es,0.0013,0.053638
530330213001,971,es,0.0005,0.021449
530330213001,977,es,0.0001,0.005453
530330213002,204,es,0.0001,0.002157
530330213002,208,es,0.0001,0.002282
530330213002,210,es,0.0064,0.099604
530330213002,230,es,0.0004,0.006598
530330213002,241,es,0.0004,0.00627
530330213002,247,es,0.0003,0.004205
530330213002,257,es,0.0002,0.00268
530330213002,261,es,0.0498,0.769678
530330213002,262,es,0.0002,0.003731
530330213002,266,es,0.0002,0.003159
530330213002,268,es,0.0004,0.006524
530330213002,291,es,0.0007,0.010117
530330213002,292,es,0.0035,0.053638
530330213002,971,es,0.0014,0.021449
530330213002,977,es,0.0004,0.005453
530330260011,203,es,0.001,0.005806
530330260011,207,es,0.0018,0.010622
530330260011,212,es,0.0011,0.00661
530330260011,215,es,0.0002,0.000961
530330260011,219,es,0.0016,0.009332
530330260011,220,es,0.0026,0.014866
530330260011,221,es,0.0857,0.495417
530330260011,226,es,0.0007,0.003861
530330260011,233,es,0.0007,0.004195
530330260011,244,es,0.0002,0.001147
530330260011,251,es,0.005,0.029093
530330260011,252,es,0.0056,0.032205
530330260011,264,es,0.0219,0.126738
530330260011,270,es,0.001,0.006024
530330260011,275,es,0.0027,0.015646
530330260011,286,es,0.0046,0.026812
530330260011,291,es,0.0308,0.178104
530330260011,930,es,0.0005,0.003036
530330260011,939,es,0.0043,0.024999
530330260011,972,es,0.0006,0.003505
530330261011,264,es,0.0007,0.603802
530330261011,291,es,0.0002,0.143774
530330261012,264,es,0.001,0.603802
530330261012,291,es,0.0002,0.143774
530330263001,203,es,0.0006,0.000225
530330263001,205,es,0.1308,0.050875
530330263001,207,es,0.0319,0.0124
530330263001,212,es,0.0085,0.003295
530330263001,215,es,0.014,0.005437
530330263001,220,es,0.0131,0.005088
530330263001,221,es,0.0287,0.011171
530330263001,225,es,0.0002,8.8e-05
530330263001,235,es,0.0003,0.000121
530330263001,236,es,0.0002,6.9e-05
530330263001,245,es,0.0024,0.00095
530330263001,251,es,0.0998,0.038837
530330263001,252,es,0.1978,0.076937
530330263001,256,es,0.0263,0.010234
530330263001,264,es,0.4504,0.175219
530330263001,270,es,0.0001,5.2e-05
530330263001,273,es,0.0002,9.1e-05
530330263001,275,es,1.15,0.447361
530330263001,286,es,0.1068,0.041542
530330263001,288,es,0.0241,0.00939
530330263001,291,es,0.1584,0.061606
530330263001,930,es,0.0236,0.009198
530330263001,935,es,0.003,0.001158
530330263001,939,es,0.0987,0.038381
530330263001,972,es,0.0006,0.000227
530330264001,203,es,2.6303,0.075542
530330264001,205,es,0.1145,0.00329
530330264001,207,es,0.2302,0.006611
530330264001,212,es,0.0747,0.002145
530330264001,215,es,17.8293,0.512063
530330264001,220,es,0.0075,0.000215
530330264001,222,es,0.3037,0.008722
530330264001,225,es,1.0293,0.029563
530330264001,235,es,1.4166,0.040684
530330264001,236,es,0.8055,0.023133
530330264001,245,es,0.0021,6.1e-05
530330264001,251,es,0.3107,0.008923
530330264001,252,es,0.1368,0.003929
530330264001,256,es,0.023,0.000662
530330264001,264,es,0.0048,0.000137
530330264001,267,es,0.2465,0.007081
530330264001,270,es,0.6064,0.017416
530330264001,273,es,1.0588,0.030408
530330264001,275,es,0.9911,0.028463
530330264001,286,es,0.253,0.007267
530330264001,288,es,0.0211,0.000607
530330264001,291,es,0.3262,0.009367
530330264001,930,es,3.6882,0.105926
530330264001,935,es,0.0023,6.6e-05
530330264001,939,es,0.0599,0.001719
530330264001,972,es,2.6462,0.075998
530330264003,203,es,8.3654,0.07918
530330264003,207,es,0.6667,0.00631
530330264003,212,es,0.23,0.002177
530330264003,215,es,56.6866,0.536549
530330264003,222,es,0.9659,0.009142
530330264003,225,es,3.2737,0.030987
530330264003,235,es,4.5053,0.042643
530330264003,236,es,2.5618,0.024248
530330264003,251,es,0.7633,0.007225
530330264003,267,es,0.7841,0.007422
530330264003,270,es,1.9286,0.018255
530330264003,273,es,3.3673,0.031873
530330264003,286,es,0.5779,0.00547
530330264003,291,es,0.8915,0.008438
530330264003,930,es,11.6664,0.110425
530330264003,972,es,8.4159,0.079658
530330264004,203,es,0.5349,0.07918
530330264004,207,es,0.0426,0.00631
530330264004,212,es,0.0147,0.002177
530330264004,215,es,3.6246,0.536549
530330264004,222,es,0.0618,0.009142
530330264004,225,es,0.2093,0.030987
530330264004,235,es,0.2881,0.042643
530330264004,236,es,0.1638,0.024248
530330264004,251,es,0.0488,0.007225
530330264004,267,es,0.0501,0.007422
530330264004,270,es,0.1233,0.018255
530330264004,273,es,0.2153,0.031873
530330264004,286,es,0.0369,0.00547
530330264004,291,es,0.057,0.008438
530330264004,930,es,0.746,0.110425
530330264004,972,es,0.5381,0.079658
530330265001,203,es,1.9053,0.07918
530330265001,207,es,0.1518,0.00631
530330265001,212,es,0.0524,0.002177
530330265001,215,es,12.9111,0.536549
530330265001,222,es,0.22,0.009142
530330265001,225,es,0.7456,0.030987
530330265001,235,es,1.0261,0.042643
530330265001,236,es,0.5835,0.024248
530330265001,251,es,0.1739,0.007225
530330265001,267,es,0.1786,0.007422
530330265001,270,es,0.4393,0.018255
530330265001,273,es,0.767,0.031873
530330265001,286,es,0.1316,0.00547
530330265001,291,es,0.203,0.008438
530330265001,930,es,2.6572,0.110425
530330265001,972,es,1.9168,0.079658
530330265002,202,es,0.0013,0.007865
530330265002,203,es,0.0013,0.008361
530330265002,207,es,0.0005,0.002998
530330265002,212,es,0.0002,0.001034
530330265002,215,es,0.0018,0.011303
530330265002,235,es,0.1283,0.80035
530330265002,236,es,0.0015,0.009601
530330265002,267,es,0.0051,0.031738
530330265002,270,es,0.0014,0.008674
530330265002,273,es,0.0008,0.005048
530330265002,930,es,0.0084,0.052469
530330265002,972,es,0.0097,0.06056
530330266001,205,es,0.0023,0.0426
530330266001,207,es,0.0001,0.002561
530330266001,212,es,0.0003,0.005282
530330266001,215,es,0.0005,0.008586
530330266001,222,es,0.0004,0.00739
530330266001,225,es,0.0013,0.025049
530330266001,235,es,0.0008,0.014263
530330266001,236,es,0.0006,0.011467
530330266001,239,es,0.0012,0.02181
530330266001,267,es,0.0373,0.699063
530330266001,270,es,0.0004,0.007409
530330266001,273,es,0.0005,0.008606
530330266001,930,es,0.0032,0.059693
530330266001,972,es,0.0044,0.081776
530330266002,202,es,0.0047,0.010964
530330266002,203,es,0.3647,0.846978
530330266002,205,es,0.0006,0.001417
530330266002,215,es,0.0004,0.000868
530330266002,222,es,0.0001,0.000246
530330266002,225,es,0.0063,0.014517
530330266002,235,es,0.0002,0.000382
530330266002,236,es,0.0005,0.001273
530330266002,239,es,0.008,0.018598
530330266002,267,es,0.01,0.02325
530330266002,270,es,0.0088,0.0204
530330266002,273,es,0.0001,0.000286
530330266002,930,es,0.0183,0.042617
530330266002,939,es,0.0004,0.001013
530330266002,972,es,0.0072,0.016784
530330267004,202,es,0.0101,0.01134
530330267004,203,es,0.7808,0.876017
530330267004,215,es,0.0005,0.000604
530330267004,225,es,0.0126,0.014153
530330267004,236,es,0.0008,0.000923
530330267004,239,es,0.0165,0.018485
530330267004,270,es,0.0186,0.020845
530330267004,930,es,0.0375,0.042031
530330267004,939,es,0.0009,0.001048
530330267004,972,es,0.013,0.014554
530330001012,13,hs,0.0127,0.003167
530330001012,14,hs,0.0039,0.000964
530330001012,15,hs,0.4893,0.122196
530330001012,17,hs,0.1408,0.035158
530330001012,20,hs,0.1452,0.036262
530330001012,22,hs,3.1175,0.778539
530330001012,23,hs,0.0474,0.011843
530330001012,24,hs,0.0475,0.01187
530330001013,13,hs,0.1154,0.003167
530330001013,14,hs,0.0351,0.000964
530330001013,15,hs,4.4504,0.122196
530330001013,17,hs,1.2805,0.035158
530330001013,20,hs,1.3207,0.036262
530330001013,22,hs,28.3546,0.778539
530330001013,23,hs,0.4313,0.011843
530330001013,24,hs,0.4323,0.01187
530330001021,13,hs,0.1067,0.003167
530330001021,14,hs,0.0325,0.000964
530330001021,15,hs,4.1179,0.122196
530330001021,17,hs,1.1848,0.035158
530330001021,20,hs,1.222,0.036262
530330001021,22,hs,26.2359,0.778539
530330001021,23,hs,0.3991,0.011843
530330001021,24,hs,0.4,0.01187
530330001022,13,hs,0.0453,0.003167
530330001022,14,hs,0.0138,0.000964
530330001022,15,hs,1.7462,0.122196
530330001022,17,hs,0.5024,0.035158
530330001022,20,hs,0.5182,0.036262
530330001022,22,hs,11.1257,0.778539
530330001022,23,hs,0.1692,0.011843
530330001022,24,hs,0.1696,0.01187
530330001023,13,hs,0.006,0.003167
530330001023,14,hs,0.0018,0.000964
530330001023,15,hs,0.2317,0.122196
530330001023,17,hs,0.0667,0.035158
530330001023,20,hs,0.0688,0.036262
530330001023,22,hs,1.4762,0.778539
530330001023,23,hs,0.0225,0.011843
530330001023,24,hs,0.0225,0.01187
530330002011,11,hs,1.3449,0.023662
530330002011,12,hs,0.1346,0.002369
530330002011,13,hs,0.0005,8e-06
530330002011,14,hs,0.0001,2e-06
530330002011,15,hs,3.555,0.062545
530330002011,17,hs,0.4902,0.008625
530330002011,18,hs,0.0328,0.000577
530330002011,20,hs,47.4916,0.83556
530330002011,21,hs,0.1821,0.003203
530330002011,22,hs,1.2263,0.021576
530330002011,23,hs,1.0476,0.018432
530330002011,24,hs,1.3323,0.02344
530330002012,13,hs,0.2467,0.003167
530330002012,14,hs,0.0751,0.000964
530330002012,15,hs,9.5174,0.122196
530330002012,17,hs,2.7383,0.035158
530330002012,20,hs,2.8243,0.036262
530330002012,22,hs,60.6375,0.778539
530330002012,23,hs,0.9224,0.011843
530330002012,24,hs,0.9245,0.01187
530330002013,11,hs,1.138,0.023546
530330002013,12,hs,0.1139,0.002357
530330002013,13,hs,0.0011,2.4e-05
530330002013,14,hs,0.0003,7e-06
530330002013,15,hs,3.037,0.062839
530330002013,17,hs,0.4232,0.008756
530330002013,18,hs,0.0277,0.000574
530330002013,20,hs,40.1931,0.831628
530330002013,21,hs,0.1541,0.003188
530330002013,22,hs,1.2228,0.0253
530330002013,23,hs,0.8893,0.018399
530330002013,24,hs,1.1301,0.023383
530330002021,13,hs,0.0335,0.003167
530330002021,14,hs,0.0102,0.000964
530330002021,15,hs,1.2924,0.122196
530330002021,17,hs,0.3718,0.035158
530330002021,20,hs,0.3835,0.036262
530330002021,22,hs,8.2339,0.778539
530330002021,23,hs,0.1253,0.011843
530330002021,24,hs,0.1255,0.01187
530330002022,13,hs,0.0381,0.003167
530330002022,14,hs,0.0116,0.000964
530330002022,15,hs,1.4706,0.122196
530330002022,17,hs,0.4231,0.035158
530330002022,20,hs,0.4364,0.036262
530330002022,22,hs,9.3696,0.778539
530330002022,23,hs,0.1425,0.011843
530330002022,24,hs,0.1429,0.01187
530330002023,13,hs,0.2485,0.003167
530330002023,14,hs,0.0756,0.000964
530330002023,15,hs,9.5864,0.122196
530330002023,17,hs,2.7582,0.035158
530330002023,20,hs,2.8448,0.036262
530330002023,22,hs,61.0768,0.778539
530330002023,23,hs,0.9291,0.011843
530330002023,24,hs,0.9312,0.01187
530330003001,11,hs,0.6943,0.023722
530330003001,12,hs,0.0695,0.002375
530330003001,15,hs,1.8262,0.062393
530330003001,17,hs,0.2505,0.008557
530330003001,18,hs,0.0169,0.000578
530330003001,20,hs,24.5155,0.837598
530330003001,21,hs,0.094,0.003212
530330003001,22,hs,0.575,0.019645
530330003001,23,hs,0.54,0.018449
530330003001,24,hs,0.6869,0.02347
530330003002,11,hs,1.7076,0.023722
530330003002,12,hs,0.1709,0.002375
530330003002,15,hs,4.4913,0.062393
530330003002,17,hs,0.616,0.008557
530330003002,18,hs,0.0416,0.000578
530330003002,20,hs,60.2933,0.837598
530330003002,21,hs,0.2312,0.003212
530330003002,22,hs,1.4141,0.019645
530330003002,23,hs,1.328,0.018449
530330003002,24,hs,1.6894,0.02347
530330004021,11,hs,0.4828,0.023722
530330004021,12,hs,0.0483,0.002375
530330004021,15,hs,1.2698,0.062393
530330004021,17,hs,0.1742,0.008557
530330004021,18,hs,0.0118,0.000578
530330004021,20,hs,17.0463,0.837598
530330004021,21,hs,0.0654,0.003212
530330004021,22,hs,0.3998,0.019645
530330004021,23,hs,0.3755,0.018449
530330004021,24,hs,0.4776,0.02347
530330004022,11,hs,0.9276,0.023722
530330004022,12,hs,0.0929,0.002375
530330004022,15,hs,2.4397,0.062393
530330004022,17,hs,0.3346,0.008557
530330004022,18,hs,0.0226,0.000578
530330004022,20,hs,32.7512,0.837598
530330004022,21,hs,0.1256,0.003212
530330004022,22,hs,0.7682,0.019645
530330004022,23,hs,0.7214,0.018449
530330004022,24,hs,0.9177,0.02347
530330004023,11,hs,0.8973,0.023722
530330004023,12,hs,0.0898,0.002375
530330004023,15,hs,2.36,0.062393
530330004023,17,hs,0.3237,0.008557
530330004023,18,hs,0.0219,0.000578
530330004023,20,hs,31.6815,0.837598
530330004023,21,hs,0.1215,0.003212
530330004023,22,hs,0.7431,0.019645
530330004023,23,hs,0.6978,0.018449
530330004023,24,hs,0.8877,0.02347
530330004024,11,hs,0.0717,0.023722
530330004024,12,hs,0.0072,0.002375
530330004024,15,hs,0.1886,0.062393
530330004024,17,hs,0.0259,0.008557
530330004024,18,hs,0.0017,0.000578
530330004024,20,hs,2.5313,0.837598
530330004024,21,hs,0.0097,0.003212
530330004024,22,hs,0.0594,0.019645
530330004024,23,hs,0.0558,0.018449
530330004024,24,hs,0.0709,0.02347
530330004031,11,hs,0.8368,0.023722
530330004031,12,hs,0.0838,0.002375
530330004031,15,hs,2.201,0.062393
530330004031,17,hs,0.3019,0.008557
530330004031,18,hs,0.0204,0.000578
530330004031,20,hs,29.5473,0.837598
530330004031,21,hs,0.1133,0.003212
530330004031,22,hs,0.693,0.019645
530330004031,23,hs,0.6508,0.018449
530330004031,24,hs,0.8279,0.02347
530330004032,11,hs,0.0543,0.023722
530330004032,12,hs,0.0054,0.002375
530330004032,15,hs,0.1428,0.062393
530330004032,17,hs,0.0196,0.008557
530330004032,18,hs,0.0013,0.000578
530330004032,20,hs,1.9166,0.837598
530330004032,21,hs,0.0073,0.003212
530330004032,22,hs,0.045,0.019645
530330004032,23,hs,0.0422,0.018449
530330004032,24,hs,0.0537,0.02347
530330004041,11,hs,2.9357,0.023722
530330004041,12,hs,0.2939,0.002375
530330004041,15,hs,7.7213,0.062393
530330004041,17,hs,1.059,0.008557
530330004041,18,hs,0.0716,0.000578
530330004041,20,hs,103.6551,0.837598
530330004041,21,hs,0.3974,0.003212
530330004041,22,hs,2.4312,0.019645
530330004041,23,hs,2.2831,0.018449
530330004041,24,hs,2.9044,0.02347
530330004042,11,hs,1.8818,0.023722
530330004042,12,hs,0.1884,0.002375
530330004042,15,hs,4.9493,0.062393
530330004042,17,hs,0.6788,0.008557
530330004042,18,hs,0.0459,0.000578
530330004042,20,hs,66.4415,0.837598
530330004042,21,hs,0.2548,0.003212
530330004042,22,hs,1.5583,0.019645
530330004042,23,hs,1.4634,0.018449
530330004042,24,hs,1.8617,0.02347
530330004043,11,hs,0.9906,0.023722
530330004043,12,hs,0.0992,0.002375
530330004043,15,hs,2.6055,0.062393
530330004043,17,hs,0.3574,0.008557
530330004043,18,hs,0.0242,0.000578
530330004043,20,hs,34.9776,0.837598
530330004043,21,hs,0.1341,0.003212
530330004043,22,hs,0.8204,0.019645
530330004043,23,hs,0.7704,0.018449
530330004043,24,hs,0.9801,0.02347
530330005001,11,hs,0.9071,0.023722
530330005001,12,hs,0.0908,0.002375
530330005001,15,hs,2.3858,0.062393
530330005001,17,hs,0.3272,0.008557
530330005001,18,hs,0.0221,0.000578
530330005001,20,hs,32.0286,0.837598
530330005001,21,hs,0.1228,0.003212
530330005001,22,hs,0.7512,0.019645
530330005001,23,hs,0.7055,0.018449
530330005001,24,hs,0.8974,0.02347
530330005002,11,hs,2.034,0.023722
530330005002,12,hs,0.2036,0.002375
530330005002,15,hs,5.3496,0.062393
530330005002,17,hs,0.7337,0.008557
530330005002,18,hs,0.0496,0.000578
530330005002,20,hs,71.8154,0.837598
530330005002,21,hs,0.2754,0.003212
530330005002,22,hs,1.6844,0.019645
530330005002,23,hs,1.5818,0.018449
530330005002,24,hs,2.0123,0.02347
530330006011,13,hs,0.012,0.003164
530330006011,14,hs,0.0037,0.000963
530330006011,15,hs,0.4636,0.12213
530330006011,17,hs,0.1333,0.035129
530330006011,20,hs,0.141,0.037144
530330006011,22,hs,2.9522,0.777704
530330006011,23,hs,0.045,0.01185
530330006011,24,hs,0.0451,0.011883
530330006012,11,hs,0.1517,0.018507
530330006012,12,hs,0.0152,0.001853
530330006012,13,hs,0.0057,0.000696
530330006012,14,hs,0.0017,0.000212
530330006012,15,hs,0.6194,0.075541
530330006012,17,hs,0.1181,0.014405
530330006012,18,hs,0.0037,0.000451
530330006012,20,hs,5.4233,0.661428
530330006012,21,hs,0.0205,0.002505
530330006012,22,hs,1.5291,0.186485
530330006012,23,hs,0.1394,0.016996
530330006012,24,hs,0.1715,0.02092
530330006013,13,hs,0.0139,0.003167
530330006013,14,hs,0.0042,0.000964
530330006013,15,hs,0.5381,0.122196
530330006013,17,hs,0.1548,0.035158
530330006013,20,hs,0.1597,0.036262
530330006013,22,hs,3.4282,0.778539
530330006013,23,hs,0.0521,0.011843
530330006013,24,hs,0.0523,0.01187
530330006021,11,hs,0.7279,0.023722
530330006021,12,hs,0.0729,0.002375
530330006021,15,hs,1.9145,0.062393
530330006021,17,hs,0.2626,0.008557
530330006021,18,hs,0.0177,0.000578
530330006021,20,hs,25.7012,0.837598
530330006021,21,hs,0.0985,0.003212
530330006021,22,hs,0.6028,0.019645
530330006021,23,hs,0.5661,0.018449
530330006021,24,hs,0.7202,0.02347
530330006022,11,hs,0.8064,0.023722
530330006022,12,hs,0.0807,0.002375
530330006022,15,hs,2.1208,0.062393
530330006022,17,hs,0.2909,0.008557
530330006022,18,hs,0.0197,0.000578
530330006022,20,hs,28.4712,0.837598
530330006022,21,hs,0.1092,0.003212
530330006022,22,hs,0.6678,0.019645
530330006022,23,hs,0.6271,0.018449
530330006022,24,hs,0.7978,0.02347
530330006023,11,hs,0.7636,0.023722
530330006023,12,hs,0.0764,0.002375
530330006023,15,hs,2.0085,0.062393
530330006023,17,hs,0.2755,0.008557
530330006023,18,hs,0.0186,0.000578
530330006023,20,hs,26.9629,0.837598
530330006023,21,hs,0.1034,0.003212
530330006023,22,hs,0.6324,0.019645
530330006023,23,hs,0.5939,0.018449
530330006023,24,hs,0.7555,0.02347
530330007002,13,hs,0.0634,0.003167
530330007002,14,hs,0.0193,0.000964
530330007002,15,hs,2.4466,0.122196
530330007002,17,hs,0.7039,0.035158
530330007002,20,hs,0.726,0.036262
530330007002,22,hs,15.5876,0.778539
530330007002,23,hs,0.2371,0.011843
530330007002,24,hs,0.2377,0.01187
530330007003,13,hs,0.0894,0.003167
530330007003,14,hs,0.0272,0.000964
530330007003,15,hs,3.4485,0.122196
530330007003,17,hs,0.9922,0.035158
530330007003,20,hs,1.0234,0.036262
530330007003,22,hs,21.9711,0.778539
530330007003,23,hs,0.3342,0.011843
530330007003,24,hs,0.335,0.01187
530330007004,13,hs,0.0495,0.003167
530330007004,14,hs,0.0151,0.000964
530330007004,15,hs,1.9107,0.122196
530330007004,17,hs,0.5497,0.035158
530330007004,20,hs,0.567,0.036262
530330007004,22,hs,12.1732,0.778539
530330007004,23,hs,0.1852,0.011843
530330007004,24,hs,0.1856,0.01187
530330008001,13,hs,0.1217,0.003167
530330008001,14,hs,0.0371,0.000964
530330008001,15,hs,4.6957,0.122196
530330008001,17,hs,1.351,0.035158
530330008001,20,hs,1.3935,0.036262
530330008001,22,hs,29.9172,0.778539
530330008001,23,hs,0.4551,0.011843
530330008001,24,hs,0.4561,0.01187
530330008002,13,hs,0.1237,0.003167
530330008002,14,hs,0.0377,0.000964
530330008002,15,hs,4.7719,0.122196
530330008002,17,hs,1.373,0.035158
530330008002,20,hs,1.4161,0.036262
530330008002,22,hs,30.4028,0.778539
530330008002,23,hs,0.4625,0.011843
530330008002,24,hs,0.4636,0.01187
530330009001,13,hs,0.0853,0.003167
530330009001,14,hs,0.026,0.000964
530330009001,15,hs,3.291,0.122196
530330009001,17,hs,0.9469,0.035158
530330009001,20,hs,0.9766,0.036262
530330009001,22,hs,20.9674,0.778539
530330009001,23,hs,0.319,0.011843
530330009001,24,hs,0.3197,0.01187
530330009002,13,hs,0.0144,0.003167
530330009002,14,hs,0.0044,0.000964
530330009002,15,hs,0.5561,0.122196
530330009002,17,hs,0.16,0.035158
530330009002,20,hs,0.165,0.036262
530330009002,22,hs,3.543,0.778539
530330009002,23,hs,0.0539,0.011843
530330009002,24,hs,0.054,0.01187
530330010001,13,hs,0.2254,0.003167
530330010001,14,hs,0.0686,0.000964
530330010001,15,hs,8.6958,0.122196
530330010001,17,hs,2.5019,0.035158
530330010001,20,hs,2.5805,0.036262
530330010001,22,hs,55.4027,0.778539
530330010001,23,hs,0.8428,0.011843
530330010001,24,hs,0.8447,0.01187
530330010002,13,hs,0.1176,0.003167
530330010002,14,hs,0.0358,0.000964
530330010002,15,hs,4.539,0.122196
530330010002,17,hs,1.3059,0.035158
530330010002,20,hs,1.347,0.036262
530330010002,22,hs,28.9189,0.778539
530330010002,23,hs,0.4399,0.011843
530330010002,24,hs,0.4409,0.01187
530330011001,13,hs,0.1602,0.003167
530330011001,14,hs,0.0488,0.000964
530330011001,15,hs,6.1822,0.122196
530330011001,17,hs,1.7787,0.035158
530330011001,20,hs,1.8346,0.036262
530330011001,22,hs,39.3879,0.778539
530330011001,23,hs,0.5992,0.011843
530330011001,24,hs,0.6005,0.01187
530330011002,13,hs,0.0723,0.003167
530330011002,14,hs,0.022,0.000964
530330011002,15,hs,2.7886,0.122196
530330011002,17,hs,0.8023,0.035158
530330011002,20,hs,0.8275,0.036262
530330011002,22,hs,17.7667,0.778539
530330011002,23,hs,0.2703,0.011843
530330011002,24,hs,0.2709,0.01187
530330012011,13,hs,0.0604,0.003167
530330012011,14,hs,0.0184,0.000964
530330012011,15,hs,2.3301,0.122196
530330012011,17,hs,0.6704,0.035158
530330012011,20,hs,0.6915,0.036262
530330012011,22,hs,14.8453,0.778539
530330012011,23,hs,0.2258,0.011843
530330012011,24,hs,0.2263,0.01187
530330012012,11,hs,0.5932,0.012962
530330012012,12,hs,0.0594,0.001297
530330012012,13,hs,0.0658,0.001437
530330012012,14,hs,0.02,0.000437
530330012012,15,hs,4.0968,0.089521
530330012012,17,hs,0.9438,0.020624
530330012012,18,hs,0.0145,0.000316
530330012012,20,hs,21.6966,0.4741
530330012012,21,hs,0.0803,0.001755
530330012012,22,hs,16.653,0.363892
530330012012,23,hs,0.7072,0.015452
530330012012,24,hs,0.8333,0.018208
530330012013,11,hs,0.0312,0.008609
530330012013,12,hs,0.0031,0.000862
530330012013,13,hs,0.0073,0.002018
530330012013,14,hs,0.0022,0.000614
530330012013,15,hs,0.3641,0.100493
530330012013,17,hs,0.0924,0.025504
530330012013,18,hs,0.0008,0.00021
530330012013,20,hs,1.185,0.327083
530330012013,21,hs,0.0042,0.001166
530330012013,22,hs,1.8228,0.503121
530330012013,23,hs,0.0516,0.01424
530330012013,24,hs,0.0583,0.01608
530330012021,13,hs,0.0417,0.003167
530330012021,14,hs,0.0127,0.000964
530330012021,15,hs,1.6077,0.122196
530330012021,17,hs,0.4626,0.035158
530330012021,20,hs,0.4771,0.036262
530330012021,22,hs,10.2433,0.778539
530330012021,23,hs,0.1558,0.011843
530330012021,24,hs,0.1562,0.01187
530330012022,13,hs,0.0534,0.003167
530330012022,14,hs,0.0162,0.000964
530330012022,15,hs,2.0587,0.122196
530330012022,17,hs,0.5923,0.035158
530330012022,20,hs,0.6109,0.036262
530330012022,22,hs,13.1163,0.778539
530330012022,23,hs,0.1995,0.011843
530330012022,24,hs,0.2,0.01187
530330012023,13,hs,0.0523,0.003167
530330012023,14,hs,0.0159,0.000964
530330012023,15,hs,2.0189,0.122196
530330012023,17,hs,0.5809,0.035158
530330012023,20,hs,0.5991,0.036262
530330012023,22,hs,12.8631,0.778539
530330012023,23,hs,0.1957,0.011843
530330012023,24,hs,0.1961,0.01187
530330013001,11,hs,0.9409,0.023722
530330013001,12,hs,0.0942,0.002375
530330013001,15,hs,2.4746,0.062393
530330013001,17,hs,0.3394,0.008557
530330013001,18,hs,0.0229,0.000578
530330013001,20,hs,33.2208,0.837598
530330013001,21,hs,0.1274,0.003212
530330013001,22,hs,0.7792,0.019645
530330013001,23,hs,0.7317,0.018449
530330013001,24,hs,0.9309,0.02347
530330013002,11,hs,0.095,0.023722
530330013002,12,hs,0.0095,0.002375
530330013002,15,hs,0.2498,0.062393
530330013002,17,hs,0.0343,0.008557
530330013002,18,hs,0.0023,0.000578
530330013002,20,hs,3.354,0.837598
530330013002,21,hs,0.0129,0.003212
530330013002,22,hs,0.0787,0.019645
530330013002,23,hs,0.0739,0.018449
530330013002,24,hs,0.094,0.02347
530330013003,11,hs,0.9002,0.023722
530330013003,12,hs,0.0901,0.002375
530330013003,15,hs,2.3676,0.062393
530330013003,17,hs,0.3247,0.008557
530330013003,18,hs,0.0219,0.000578
530330013003,20,hs,31.7833,0.837598
530330013003,21,hs,0.1219,0.003212
530330013003,22,hs,0.7455,0.019645
530330013003,23,hs,0.7,0.018449
530330013003,24,hs,0.8906,0.02347
530330014001,11,hs,0.0284,0.023722
530330014001,12,hs,0.0028,0.002375
530330014001,15,hs,0.0747,0.062393
530330014001,17,hs,0.0102,0.008557
530330014001,18,hs,0.0007,0.000578
530330014001,20,hs,1.0026,0.837598
530330014001,21,hs,0.0038,0.003212
530330014001,22,hs,0.0235,0.019645
530330014001,23,hs,0.0221,0.018449
530330014001,24,hs,0.0281,0.02347
530330014002,11,hs,1.0023,0.023722
530330014002,12,hs,0.1003,0.002375
530330014002,15,hs,2.6361,0.062393
530330014002,17,hs,0.3615,0.008557
530330014002,18,hs,0.0244,0.000578
530330014002,20,hs,35.3882,0.837598
530330014002,21,hs,0.1357,0.003212
530330014002,22,hs,0.83,0.019645
530330014002,23,hs,0.7794,0.018449
530330014002,24,hs,0.9916,0.02347
530330014004,11,hs,1.2003,0.023722
530330014004,12,hs,0.1201,0.002375
530330014004,15,hs,3.1569,0.062393
530330014004,17,hs,0.433,0.008557
530330014004,18,hs,0.0293,0.000578
530330014004,20,hs,42.3798,0.837598
530330014004,21,hs,0.1625,0.003212
530330014004,22,hs,0.994,0.019645
530330014004,23,hs,0.9334,0.018449
530330014004,24,hs,1.1875,0.02347
530330015001,11,hs,0.0299,0.024841
530330015001,12,hs,0.0029,0.002372
530330015001,15,hs,0.0752,0.062389
530330015001,17,hs,0.0103,0.008552
530330015001,18,hs,0.0007,0.000578
530330015001,20,hs,1.008,0.836541
530330015001,21,hs,0.0039,0.003208
530330015001,22,hs,0.0236,0.019623
530330015001,23,hs,0.0222,0.018438
530330015001,24,hs,0.0283,0.023457
530330015002,11,hs,18.5057,0.55049
530330015002,12,hs,0.0316,0.000941
530330015002,13,hs,0.0345,0.001026
530330015002,14,hs,0.0105,0.000312
530330015002,15,hs,2.034,0.060505
530330015002,17,hs,0.1938,0.005765
530330015002,18,hs,0.0077,0.000229
530330015002,20,hs,11.4116,0.339462
530330015002,21,hs,0.0578,0.001718
530330015002,22,hs,0.2984,0.008875
530330015002,23,hs,0.45,0.013387
530330015002,24,hs,0.5812,0.017289
530330016001,11,hs,1.1061,0.023722
530330016001,12,hs,0.1107,0.002375
530330016001,15,hs,2.9092,0.062393
530330016001,17,hs,0.399,0.008557
530330016001,18,hs,0.027,0.000578
530330016001,20,hs,39.0543,0.837598
530330016001,21,hs,0.1497,0.003212
530330016001,22,hs,0.916,0.019645
530330016001,23,hs,0.8602,0.018449
530330016001,24,hs,1.0943,0.02347
530330016002,11,hs,1.7901,0.024409
530330016002,12,hs,0.174,0.002373
530330016002,15,hs,4.5755,0.062391
530330016002,17,hs,0.6273,0.008554
530330016002,18,hs,0.0424,0.000578
530330016002,20,hs,61.3782,0.836949
530330016002,21,hs,0.2354,0.00321
530330016002,22,hs,1.4397,0.019631
530330016002,23,hs,1.3525,0.018442
530330016002,24,hs,1.7206,0.023462
530330016003,11,hs,0.5983,0.026358
530330016003,12,hs,0.0537,0.002367
530330016003,13,hs,0.0001,5e-06
530330016003,15,hs,1.4161,0.062384
530330016003,17,hs,0.1939,0.008543
530330016003,18,hs,0.0131,0.000577
530330016003,20,hs,18.9563,0.835106
530330016003,21,hs,0.0727,0.003204
530330016003,22,hs,0.4447,0.019592
530330016003,23,hs,0.4182,0.018423
530330016003,24,hs,0.532,0.023439
530330017012,11,hs,0.1713,0.023722
530330017012,12,hs,0.0171,0.002375
530330017012,15,hs,0.4506,0.062393
530330017012,17,hs,0.0618,0.008557
530330017012,18,hs,0.0042,0.000578
530330017012,20,hs,6.0486,0.837598
530330017012,21,hs,0.0232,0.003212
530330017012,22,hs,0.1419,0.019645
530330017012,23,hs,0.1332,0.018449
530330017012,24,hs,0.1695,0.02347
530330017013,11,hs,0.3489,0.023722
530330017013,12,hs,0.0349,0.002375
530330017013,15,hs,0.9176,0.062393
530330017013,17,hs,0.1259,0.008557
530330017013,18,hs,0.0085,0.000578
530330017013,20,hs,12.3186,0.837598
530330017013,21,hs,0.0472,0.003212
530330017013,22,hs,0.2889,0.019645
530330017013,23,hs,0.2713,0.018449
530330017013,24,hs,0.3452,0.02347
530330017021,11,hs,0.1176,0.023722
530330017021,12,hs,0.0118,0.002375
530330017021,15,hs,0.3093,0.062393
530330017021,17,hs,0.0424,0.008557
530330017021,18,hs,0.0029,0.000578
530330017021,20,hs,4.1526,0.837598
530330017021,21,hs,0.0159,0.003212
530330017021,22,hs,0.0974,0.019645
530330017021,23,hs,0.0915,0.018449
530330017021,24,hs,0.1164,0.02347
530330017022,11,hs,1.3668,0.028332
530330017022,12,hs,0.114,0.002362
530330017022,13,hs,0.0004,9e-06
530330017022,14,hs,0.0001,3e-06
530330017022,15,hs,3.0092,0.062377
530330017022,17,hs,0.4117,0.008533
530330017022,18,hs,0.0278,0.000575
530330017022,20,hs,40.1976,0.83324
530330017022,21,hs,0.1543,0.003198
530330017022,22,hs,0.9432,0.019551
530330017022,23,hs,0.8879,0.018404
530330017022,24,hs,1.1296,0.023416
530330017023,11,hs,0.8187,0.023722
530330017023,12,hs,0.082,0.002375
530330017023,15,hs,2.1534,0.062393
530330017023,17,hs,0.2953,0.008557
530330017023,18,hs,0.02,0.000578
530330017023,20,hs,28.9084,0.837598
530330017023,21,hs,0.1108,0.003212
530330017023,22,hs,0.678,0.019645
530330017023,23,hs,0.6367,0.018449
530330017023,24,hs,0.81,0.02347
530330017024,11,hs,0.769,0.023722
530330017024,12,hs,0.077,0.002375
530330017024,15,hs,2.0225,0.062393
530330017024,17,hs,0.2774,0.008557
530330017024,18,hs,0.0188,0.000578
530330017024,20,hs,27.1516,0.837598
530330017024,21,hs,0.1041,0.003212
530330017024,22,hs,0.6368,0.019645
530330017024,23,hs,0.598,0.018449
530330017024,24,hs,0.7608,0.02347
530330018001,11,hs,0.471,0.023722
530330018001,12,hs,0.0471,0.002375
530330018001,15,hs,1.2388,0.062393
530330018001,17,hs,0.1699,0.008557
530330018001,18,hs,0.0115,0.000578
530330018001,20,hs,16.6297,0.837598
530330018001,21,hs,0.0638,0.003212
530330018001,22,hs,0.39,0.019645
530330018001,23,hs,0.3663,0.018449
530330018001,24,hs,0.466,0.02347
530330018003,11,hs,0.2437,0.023722
530330018003,12,hs,0.0244,0.002375
530330018003,15,hs,0.641,0.062393
530330018003,17,hs,0.0879,0.008557
530330018003,18,hs,0.0059,0.000578
530330018003,20,hs,8.6053,0.837598
530330018003,21,hs,0.033,0.003212
530330018003,22,hs,0.2018,0.019645
530330018003,23,hs,0.1895,0.018449
530330018003,24,hs,0.2411,0.02347
530330019001,13,hs,0.1707,0.003165
530330019001,14,hs,0.0519,0.000963
530330019001,15,hs,6.5862,0.122135
530330019001,17,hs,1.9545,0.036244
530330019001,20,hs,1.9532,0.03622
530330019001,22,hs,41.9312,0.777575
530330019001,23,hs,0.6385,0.01184
530330019001,24,hs,0.6395,0.011858
530330019002,11,hs,0.3981,0.008811
530330019002,12,hs,0.0399,0.000882
530330019002,13,hs,0.0898,0.001988
530330019002,14,hs,0.0273,0.000605
530330019002,15,hs,4.5146,0.099919
530330019002,17,hs,1.1945,0.026436
530330019002,18,hs,0.0097,0.000215
530330019002,20,hs,15.0846,0.333857
530330019002,21,hs,0.0539,0.001193
530330019002,22,hs,22.3942,0.495635
530330019002,23,hs,0.6458,0.014293
530330019002,24,hs,0.7304,0.016166
530330019004,11,hs,0.2158,0.009573
530330019004,12,hs,0.0216,0.000958
530330019004,13,hs,0.0426,0.001889
530330019004,14,hs,0.013,0.000575
530330019004,15,hs,2.211,0.098062
530330019004,17,hs,0.5507,0.024423
530330019004,18,hs,0.0053,0.000233
530330019004,20,hs,8.1089,0.359648
530330019004,21,hs,0.0292,0.001296
530330019004,22,hs,10.6484,0.472281
530330019004,23,hs,0.3271,0.014509
530330019004,24,hs,0.3732,0.016551
530330020001,13,hs,0.1159,0.003165
530330020001,14,hs,0.0353,0.000963
530330020001,15,hs,4.4744,0.12214
530330020001,17,hs,1.3247,0.036163
530330020001,20,hs,1.327,0.036223
530330020001,22,hs,28.4875,0.777647
530330020001,23,hs,0.4337,0.01184
530330020001,24,hs,0.4344,0.011859
530330020002,13,hs,0.182,0.003167
530330020002,14,hs,0.0554,0.000964
530330020002,15,hs,7.021,0.122196
530330020002,17,hs,2.0201,0.035158
530330020002,20,hs,2.0835,0.036262
530330020002,22,hs,44.7324,0.778539
530330020002,23,hs,0.6805,0.011843
530330020002,24,hs,0.682,0.01187
530330020003,13,hs,0.1088,0.002749
530330020003,14,hs,0.0295,0.000746
530330020003,15,hs,4.4035,0.111261
530330020003,17,hs,9.1271,0.230608
530330020003,20,hs,1.1324,0.028612
530330020003,22,hs,23.9458,0.605022
530330020003,23,hs,0.4473,0.011303
530330020003,24,hs,0.3839,0.009699
530330021001,13,hs,0.1552,0.003167
530330021001,14,hs,0.0473,0.000964
530330021001,15,hs,5.989,0.122196
530330021001,17,hs,1.7231,0.035158
530330021001,20,hs,1.7773,0.036262
530330021001,22,hs,38.1571,0.778539
530330021001,23,hs,0.5804,0.011843
530330021001,24,hs,0.5818,0.01187
530330021002,13,hs,0.3366,0.003167
530330021002,14,hs,0.1025,0.000964
530330021002,15,hs,12.985,0.122196
530330021002,17,hs,3.736,0.035158
530330021002,20,hs,3.8534,0.036262
530330021002,22,hs,82.73,0.778539
530330021002,23,hs,1.2585,0.011843
530330021002,24,hs,1.2614,0.01187
530330021003,13,hs,0.12,0.002945
530330021003,14,hs,0.0346,0.000848
530330021003,15,hs,4.7422,0.116381
530330021003,17,hs,5.6679,0.139099
530330021003,20,hs,1.3118,0.032194
530330021003,22,hs,27.9631,0.686262
530330021003,23,hs,0.4709,0.011556
530330021003,24,hs,0.4366,0.010716
530330022001,13,hs,0.3365,0.003167
530330022001,14,hs,0.1024,0.000964
530330022001,15,hs,12.9824,0.122196
530330022001,17,hs,3.7352,0.035158
530330022001,20,hs,3.8526,0.036262
530330022001,22,hs,82.7135,0.778539
530330022001,23,hs,1.2582,0.011843
530330022001,24,hs,1.2611,0.01187
530330022002,13,hs,0.0999,0.003167
530330022002,14,hs,0.0304,0.000964
530330022002,15,hs,3.8558,0.122196
530330022002,17,hs,1.1094,0.035158
530330022002,20,hs,1.1442,0.036262
530330022002,22,hs,24.5664,0.778539
530330022002,23,hs,0.3737,0.011843
530330022002,24,hs,0.3746,0.01187
530330022003,13,hs,0.0317,0.003158
530330022003,14,hs,0.0096,0.000959
530330022003,15,hs,1.2223,0.121959
530330022003,17,hs,0.3948,0.039393
530330022003,20,hs,0.3618,0.036097
530330022003,22,hs,7.7651,0.774778
530330022003,23,hs,0.1186,0.011831
530330022003,24,hs,0.1185,0.011823
530330022004,13,hs,0.023,0.001506
530330022004,14,hs,0.0015,9.8e-05
530330022004,15,hs,1.2037,0.078792
530330022004,17,hs,12.3888,0.810979
530330022004,20,hs,0.09,0.005894
530330022004,22,hs,1.3715,0.089781
530330022004,23,hs,0.1481,0.009698
530330022004,24,hs,0.0497,0.003252
530330024001,13,hs,0.0682,0.001319
530330024001,15,hs,3.8196,0.073906
530330024001,17,hs,46.4259,0.898301
530330024001,20,hs,0.128,0.002476
530330024001,22,hs,0.6335,0.012259
530330024001,23,hs,0.4887,0.009456
530330024001,24,hs,0.118,0.002282
530330024002,13,hs,0.0706,0.001319
530330024002,15,hs,3.9533,0.073906
530330024002,17,hs,48.0501,0.898301
530330024002,20,hs,0.1325,0.002476
530330024002,22,hs,0.6557,0.012259
530330024002,23,hs,0.5058,0.009456
530330024002,24,hs,0.1221,0.002282
530330025001,13,hs,0.0534,0.001319
530330025001,15,hs,2.9895,0.073906
530330025001,17,hs,36.3356,0.898301
530330025001,20,hs,0.1002,0.002476
530330025001,22,hs,0.4959,0.012259
530330025001,23,hs,0.3825,0.009456
530330025001,24,hs,0.0923,0.002282
530330025002,13,hs,0.0463,0.001319
530330025002,15,hs,2.5912,0.073906
530330025002,17,hs,31.4952,0.898301
530330025002,20,hs,0.0868,0.002476
530330025002,22,hs,0.4298,0.012259
530330025002,23,hs,0.3315,0.009456
530330025002,24,hs,0.08,0.002282
530330026001,13,hs,0.0173,0.001319
530330026001,15,hs,0.9675,0.073906
530330026001,17,hs,11.7601,0.898301
530330026001,20,hs,0.0324,0.002476
530330026001,22,hs,0.1605,0.012259
530330026001,23,hs,0.1238,0.009456
530330026001,24,hs,0.0299,0.002282
530330026002,13,hs,0.0975,0.001319
530330026002,15,hs,5.4602,0.073906
530330026002,17,hs,66.3667,0.898301
530330026002,20,hs,0.183,0.002476
530330026002,22,hs,0.9057,0.012259
530330026002,23,hs,0.6986,0.009456
530330026002,24,hs,0.1686,0.002282
530330026003,13,hs,0.0222,0.001319
530330026003,15,hs,1.2456,0.073906
530330026003,17,hs,15.1403,0.898301
530330026003,20,hs,0.0417,0.002476
530330026003,22,hs,0.2066,0.012259
530330026003,23,hs,0.1594,0.009456
530330026003,24,hs,0.0385,0.002282
530330026004,13,hs,0.1098,0.001319
530330026004,15,hs,6.1515,0.073906
530330026004,17,hs,74.7683,0.898301
530330026004,20,hs,0.2061,0.002476
530330026004,22,hs,1.0203,0.012259
530330026004,23,hs,0.7871,0.009456
530330026004,24,hs,0.19,0.002282
530330027002,11,hs,0.1577,0.009221
530330027002,12,hs,0.0158,0.000923
530330027002,13,hs,0.0138,0.000807
530330027002,15,hs,1.1877,0.069434
530330027002,17,hs,9.4486,0.55238
530330027002,18,hs,0.0038,0.000225
530330027002,20,hs,5.5953,0.327107
530330027002,21,hs,0.0214,0.001248
530330027002,22,hs,0.2597,0.015184
530330027002,23,hs,0.2215,0.012952
530330027002,24,hs,0.1799,0.010519
530330027003,11,hs,0.5907,0.023722
530330027003,12,hs,0.0591,0.002375
530330027003,15,hs,1.5536,0.062393
530330027003,17,hs,0.2131,0.008557
530330027003,18,hs,0.0144,0.000578
530330027003,20,hs,20.8569,0.837598
530330027003,21,hs,0.08,0.003212
530330027003,22,hs,0.4892,0.019645
530330027003,23,hs,0.4594,0.018449
530330027003,24,hs,0.5844,0.02347
530330027004,11,hs,1.0617,0.023722
530330027004,12,hs,0.1063,0.002375
530330027004,15,hs,2.7924,0.062393
530330027004,17,hs,0.383,0.008557
530330027004,18,hs,0.0259,0.000578
530330027004,20,hs,37.4861,0.837598
530330027004,21,hs,0.1437,0.003212
530330027004,22,hs,0.8792,0.019645
530330027004,23,hs,0.8257,0.018449
530330027004,24,hs,1.0504,0.02347
530330028001,11,hs,0.4373,0.023722
530330028001,12,hs,0.0438,0.002375
530330028001,15,hs,1.1502,0.062393
530330028001,17,hs,0.1578,0.008557
530330028001,18,hs,0.0107,0.000578
530330028001,20,hs,15.4414,0.837598
530330028001,21,hs,0.0592,0.003212
530330028001,22,hs,0.3622,0.019645
530330028001,23,hs,0.3401,0.018449
530330028001,24,hs,0.4327,0.02347
530330028002,11,hs,0.8452,0.023722
530330028002,12,hs,0.0846,0.002375
530330028002,15,hs,2.2231,0.062393
530330028002,17,hs,0.3049,0.008557
530330028002,18,hs,0.0206,0.000578
530330028002,20,hs,29.8434,0.837598
530330028002,21,hs,0.1144,0.003212
530330028002,22,hs,0.7,0.019645
530330028002,23,hs,0.6573,0.018449
530330028002,24,hs,0.8362,0.02347
530330028003,11,hs,0.4269,0.023638
530330028003,12,hs,0.0428,0.00237
530330028003,14,hs,0.0004,2e-05
530330028003,15,hs,1.2521,0.069336
530330028003,17,hs,0.1551,0.008589
530330028003,18,hs,0.0104,0.000574
530330028003,20,hs,15.0069,0.83102
530330028003,21,hs,0.0577,0.003195
530330028003,22,hs,0.3522,0.019501
530330028003,23,hs,0.3315,0.018356
530330028003,24,hs,0.4226,0.023401
530330028004,11,hs,0.9398,0.023722
530330028004,12,hs,0.0941,0.002375
530330028004,15,hs,2.4718,0.062393
530330028004,17,hs,0.339,0.008557
530330028004,18,hs,0.0229,0.000578
530330028004,20,hs,33.1825,0.837598
530330028004,21,hs,0.1272,0.003212
530330028004,22,hs,0.7783,0.019645
530330028004,23,hs,0.7309,0.018449
530330028004,24,hs,0.9298,0.02347
530330029001,11,hs,12.4453,0.895348
530330029001,13,hs,0.0236,0.001698
530330029001,14,hs,0.0072,0.000517
530330029001,15,hs,0.8238,0.059269
530330029001,17,hs,0.0547,0.003936
530330029001,20,hs,0.1855,0.013348
530330029001,21,hs,0.0103,0.00074
530330029001,22,hs,0.0254,0.001824
530330029001,23,hs,0.14,0.010073
530330029001,24,hs,0.1841,0.013243
530330029002,11,hs,71.5371,0.894423
530330029002,12,hs,0.0004,5e-06
530330029002,13,hs,0.1357,0.001696
530330029002,14,hs,0.0413,0.000516
530330029002,15,hs,4.7415,0.059282
530330029002,17,hs,0.3152,0.003941
530330029002,20,hs,1.1368,0.014214
530330029002,21,hs,0.0594,0.000743
530330029002,22,hs,0.1474,0.001843
530330029002,23,hs,0.8063,0.010082
530330029002,24,hs,1.06,0.013253
530330029003,11,hs,41.1304,0.896305
530330029003,13,hs,0.078,0.0017
530330029003,14,hs,0.0237,0.000517
530330029003,15,hs,2.7196,0.059266
530330029003,17,hs,0.1804,0.003931
530330029003,20,hs,0.571,0.012443
530330029003,21,hs,0.0338,0.000738
530330029003,22,hs,0.0828,0.001805
530330029003,23,hs,0.4618,0.010064
530330029003,24,hs,0.6072,0.013231
530330030001,11,hs,97.789,0.896305
530330030001,13,hs,0.1855,0.0017
530330030001,14,hs,0.0565,0.000517
530330030001,15,hs,6.4661,0.059266
530330030001,17,hs,0.4289,0.003931
530330030001,20,hs,1.3575,0.012443
530330030001,21,hs,0.0805,0.000738
530330030001,22,hs,0.1969,0.001805
530330030001,23,hs,1.098,0.010064
530330030001,24,hs,1.4436,0.013231
530330030002,11,hs,23.4486,0.896305
530330030002,13,hs,0.0445,0.0017
530330030002,14,hs,0.0135,0.000517
530330030002,15,hs,1.5505,0.059266
530330030002,17,hs,0.1028,0.003931
530330030002,20,hs,0.3255,0.012443
530330030002,21,hs,0.0193,0.000738
530330030002,22,hs,0.0472,0.001805
530330030002,23,hs,0.2633,0.010064
530330030002,24,hs,0.3462,0.013231
530330030003,11,hs,17.6635,0.896305
530330030003,13,hs,0.0335,0.0017
530330030003,14,hs,0.0102,0.000517
530330030003,15,hs,1.168,0.059266
530330030003,17,hs,0.0775,0.003931
530330030003,20,hs,0.2452,0.012443
530330030003,21,hs,0.0145,0.000738
530330030003,22,hs,0.0356,0.001805
530330030003,23,hs,0.1983,0.010064
530330030003,24,hs,0.2608,0.013231
530330030004,11,hs,54.2267,0.896305
530330030004,13,hs,0.1028,0.0017
530330030004,14,hs,0.0313,0.000517
530330030004,15,hs,3.5856,0.059266
530330030004,17,hs,0.2378,0.003931
530330030004,20,hs,0.7528,0.012443
530330030004,21,hs,0.0446,0.000738
530330030004,22,hs,0.1092,0.001805
530330030004,23,hs,0.6089,0.010064
530330030004,24,hs,0.8005,0.013231
530330031001,11,hs,22.9242,0.896305
530330031001,13,hs,0.0435,0.0017
530330031001,14,hs,0.0132,0.000517
530330031001,15,hs,1.5158,0.059266
530330031001,17,hs,0.1005,0.003931
530330031001,20,hs,0.3182,0.012443
530330031001,21,hs,0.0189,0.000738
530330031001,22,hs,0.0462,0.001805
530330031001,23,hs,0.2574,0.010064
530330031001,24,hs,0.3384,0.013231
530330031002,11,hs,138.4979,0.896305
530330031002,13,hs,0.2627,0.0017
530330031002,14,hs,0.08,0.000517
530330031002,15,hs,9.1578,0.059266
530330031002,17,hs,0.6074,0.003931
530330031002,20,hs,1.9227,0.012443
530330031002,21,hs,0.114,0.000738
530330031002,22,hs,0.2789,0.001805
530330031002,23,hs,1.5551,0.010064
530330031002,24,hs,2.0445,0.013231
530330031003,11,hs,65.616,0.896305
530330031003,13,hs,0.1244,0.0017
530330031003,14,hs,0.0379,0.000517
530330031003,15,hs,4.3387,0.059266
530330031003,17,hs,0.2878,0.003931
530330031003,20,hs,0.9109,0.012443
530330031003,21,hs,0.054,0.000738
530330031003,22,hs,0.1321,0.001805
530330031003,23,hs,0.7367,0.010064
530330031003,24,hs,0.9686,0.013231
530330031004,11,hs,40.7486,0.896305
530330031004,13,hs,0.0773,0.0017
530330031004,14,hs,0.0235,0.000517
530330031004,15,hs,2.6944,0.059266
530330031004,17,hs,0.1787,0.003931
530330031004,20,hs,0.5657,0.012443
530330031004,21,hs,0.0335,0.000738
530330031004,22,hs,0.0821,0.001805
530330031004,23,hs,0.4575,0.010064
530330031004,24,hs,0.6015,0.013231
530330031005,11,hs,43.9497,0.894568
530330031005,12,hs,0.0002,5e-06
530330031005,13,hs,0.0833,0.001696
530330031005,14,hs,0.0254,0.000516
530330031005,15,hs,2.912,0.059272
530330031005,17,hs,0.1936,0.00394
530330031005,20,hs,0.692,0.014085
530330031005,21,hs,0.0365,0.000743
530330031005,22,hs,0.0904,0.00184
530330031005,23,hs,0.4952,0.01008
530330031005,24,hs,0.6511,0.013252
530330032011,11,hs,17.1828,0.896305
530330032011,13,hs,0.0326,0.0017
530330032011,14,hs,0.0099,0.000517
530330032011,15,hs,1.1362,0.059266
530330032011,17,hs,0.0754,0.003931
530330032011,20,hs,0.2385,0.012443
530330032011,21,hs,0.0141,0.000738
530330032011,22,hs,0.0346,0.001805
530330032011,23,hs,0.1929,0.010064
530330032011,24,hs,0.2537,0.013231
530330032012,11,hs,39.8549,0.896305
530330032012,13,hs,0.0756,0.0017
530330032012,14,hs,0.023,0.000517
530330032012,15,hs,2.6353,0.059266
530330032012,17,hs,0.1748,0.003931
530330032012,20,hs,0.5533,0.012443
530330032012,21,hs,0.0328,0.000738
530330032012,22,hs,0.0803,0.001805
530330032012,23,hs,0.4475,0.010064
530330032012,24,hs,0.5883,0.013231
530330032021,11,hs,5.9818,0.896305
530330032021,13,hs,0.0113,0.0017
530330032021,14,hs,0.0035,0.000517
530330032021,15,hs,0.3955,0.059266
530330032021,17,hs,0.0262,0.003931
530330032021,20,hs,0.083,0.012443
530330032021,21,hs,0.0049,0.000738
530330032021,22,hs,0.012,0.001805
530330032021,23,hs,0.0672,0.010064
530330032021,24,hs,0.0883,0.013231
530330032022,11,hs,54.1783,0.896305
530330032022,13,hs,0.1028,0.0017
530330032022,14,hs,0.0313,0.000517
530330032022,15,hs,3.5824,0.059266
530330032022,17,hs,0.2376,0.003931
530330032022,20,hs,0.7521,0.012443
530330032022,21,hs,0.0446,0.000738
530330032022,22,hs,0.1091,0.001805
530330032022,23,hs,0.6083,0.010064
530330032022,24,hs,0.7998,0.013231
530330032023,11,hs,86.3093,0.896305
530330032023,13,hs,0.1637,0.0017
530330032023,14,hs,0.0498,0.000517
530330032023,15,hs,5.707,0.059266
530330032023,17,hs,0.3785,0.003931
530330032023,20,hs,1.1982,0.012443
530330032023,21,hs,0.071,0.000738
530330032023,22,hs,0.1738,0.001805
530330032023,23,hs,0.9691,0.010064
530330032023,24,hs,1.2741,0.013231
530330033011,11,hs,31.1098,0.896305
530330033011,13,hs,0.059,0.0017
530330033011,14,hs,0.018,0.000517
530330033011,15,hs,2.0571,0.059266
530330033011,17,hs,0.1364,0.003931
530330033011,20,hs,0.4319,0.012443
530330033011,21,hs,0.0256,0.000738
530330033011,22,hs,0.0626,0.001805
530330033011,23,hs,0.3493,0.010064
530330033011,24,hs,0.4592,0.013231
530330033012,11,hs,96.795,0.896305
530330033012,13,hs,0.1836,0.0017
530330033012,14,hs,0.0559,0.000517
530330033012,15,hs,6.4003,0.059266
530330033012,17,hs,0.4245,0.003931
530330033012,20,hs,1.3437,0.012443
530330033012,21,hs,0.0797,0.000738
530330033012,22,hs,0.1949,0.001805
530330033012,23,hs,1.0868,0.010064
530330033012,24,hs,1.4289,0.013231
530330033013,11,hs,13.2664,0.896305
530330033013,13,hs,0.0252,0.0017
530330033013,14,hs,0.0077,0.000517
530330033013,15,hs,0.8772,0.059266
530330033013,17,hs,0.0582,0.003931
530330033013,20,hs,0.1842,0.012443
530330033013,21,hs,0.0109,0.000738
530330033013,22,hs,0.0267,0.001805
530330033013,23,hs,0.149,0.010064
530330033013,24,hs,0.1958,0.013231
530330033021,11,hs,35.2074,0.896305
530330033021,13,hs,0.0668,0.0017
530330033021,14,hs,0.0203,0.000517
530330033021,15,hs,2.328,0.059266
530330033021,17,hs,0.1544,0.003931
530330033021,20,hs,0.4888,0.012443
530330033021,21,hs,0.029,0.000738
530330033021,22,hs,0.0709,0.001805
530330033021,23,hs,0.3953,0.010064
530330033021,24,hs,0.5197,0.013231
530330033022,11,hs,17.0909,0.896305
530330033022,13,hs,0.0324,0.0017
530330033022,14,hs,0.0099,0.000517
530330033022,15,hs,1.1301,0.059266
530330033022,17,hs,0.075,0.003931
530330033022,20,hs,0.2373,0.012443
530330033022,21,hs,0.0141,0.000738
530330033022,22,hs,0.0344,0.001805
530330033022,23,hs,0.1919,0.010064
530330033022,24,hs,0.2523,0.013231
530330033023,11,hs,18.8,0.896305
530330033023,13,hs,0.0357,0.0017
530330033023,14,hs,0.0109,0.000517
530330033023,15,hs,1.2431,0.059266
530330033023,17,hs,0.0825,0.003931
530330033023,20,hs,0.261,0.012443
530330033023,21,hs,0.0155,0.000738
530330033023,22,hs,0.0379,0.001805
530330033023,23,hs,0.2111,0.010064
530330033023,24,hs,0.2775,0.013231
530330034001,11,hs,12.9219,0.896305
530330034001,13,hs,0.0245,0.0017
530330034001,14,hs,0.0075,0.000517
530330034001,15,hs,0.8544,0.059266
530330034001,17,hs,0.0567,0.003931
530330034001,20,hs,0.1794,0.012443
530330034001,21,hs,0.0106,0.000738
530330034001,22,hs,0.026,0.001805
530330034001,23,hs,0.1451,0.010064
530330034001,24,hs,0.1908,0.013231
530330034002,11,hs,31.0397,0.896305
530330034002,13,hs,0.0589,0.0017
530330034002,14,hs,0.0179,0.000517
530330034002,15,hs,2.0524,0.059266
530330034002,17,hs,0.1361,0.003931
530330034002,20,hs,0.4309,0.012443
530330034002,21,hs,0.0255,0.000738
530330034002,22,hs,0.0625,0.001805
530330034002,23,hs,0.3485,0.010064
530330034002,24,hs,0.4582,0.013231
530330034003,11,hs,13.5763,0.896305
530330034003,13,hs,0.0257,0.0017
530330034003,14,hs,0.0078,0.000517
530330034003,15,hs,0.8977,0.059266
530330034003,17,hs,0.0595,0.003931
530330034003,20,hs,0.1885,0.012443
530330034003,21,hs,0.0112,0.000738
530330034003,22,hs,0.0273,0.001805
530330034003,23,hs,0.1524,0.010064
530330034003,24,hs,0.2004,0.013231
530330035001,11,hs,7.2115,0.228676
530330035001,12,hs,0.0414,0.001313
530330035001,13,hs,0.0131,0.000415
530330035001,14,hs,0.0629,0.001995
530330035001,15,hs,22.8617,0.72494
530330035001,17,hs,0.3287,0.010423
530330035001,20,hs,0.2411,0.007646
530330035001,21,hs,0.0337,0.001068
530330035001,22,hs,0.0482,0.001527
530330035001,23,hs,0.2383,0.007558
530330035001,24,hs,0.4553,0.014438
530330035002,11,hs,16.5182,0.26452
530330035002,12,hs,0.0776,0.001243
530330035002,13,hs,0.0302,0.000484
530330035002,14,hs,0.1196,0.001916
530330035002,15,hs,43.038,0.689202
530330035002,17,hs,0.6291,0.010075
530330035002,20,hs,0.4936,0.007904
530330035002,21,hs,0.0656,0.00105
530330035002,22,hs,0.0963,0.001542
530330035002,23,hs,0.4803,0.007692
530330035002,24,hs,0.8976,0.014374
530330035003,11,hs,6.7388,0.294191
530330035003,12,hs,0.0271,0.001184
530330035003,13,hs,0.0124,0.000541
530330035003,14,hs,0.0424,0.00185
530330035003,15,hs,15.1092,0.659617
530330035003,17,hs,0.2242,0.009786
530330035003,20,hs,0.1859,0.008117
530330035003,21,hs,0.0237,0.001036
530330035003,22,hs,0.0356,0.001554
530330035003,23,hs,0.1787,0.007804
530330035003,24,hs,0.328,0.01432
530330036011,11,hs,0.043,0.000995
530330036011,12,hs,0.0057,0.000133
530330036011,13,hs,0.0527,0.001219
530330036011,14,hs,0.0082,0.000189
530330036011,15,hs,6.0552,0.140136
530330036011,17,hs,35.8883,0.830564
530330036011,20,hs,0.119,0.002753
530330036011,21,hs,0.0039,9e-05
530330036011,22,hs,0.4939,0.011431
530330036011,23,hs,0.3996,0.009249
530330036011,24,hs,0.1401,0.003242
530330036012,11,hs,0.0259,0.00112
530330036012,12,hs,0.0035,0.00015
530330036012,13,hs,0.0279,0.001206
530330036012,14,hs,0.0049,0.000213
530330036012,15,hs,3.4305,0.148446
530330036012,17,hs,18.9974,0.822065
530330036012,20,hs,0.0644,0.002788
530330036012,21,hs,0.0023,0.000101
530330036012,22,hs,0.2618,0.011327
530330036012,23,hs,0.2131,0.009223
530330036012,24,hs,0.0777,0.003362
530330036013,13,hs,0.0514,0.001319
530330036013,15,hs,2.8777,0.073906
530330036013,17,hs,34.9777,0.898301
530330036013,20,hs,0.0964,0.002476
530330036013,22,hs,0.4773,0.012259
530330036013,23,hs,0.3682,0.009456
530330036013,24,hs,0.0889,0.002282
530330036021,13,hs,0.0323,0.001319
530330036021,15,hs,1.8102,0.073906
530330036021,17,hs,22.0016,0.898301
530330036021,20,hs,0.0607,0.002476
530330036021,22,hs,0.3002,0.012259
530330036021,23,hs,0.2316,0.009456
530330036021,24,hs,0.0559,0.002282
530330036022,13,hs,0.0356,0.001319
530330036022,15,hs,1.9949,0.073906
530330036022,17,hs,24.2467,0.898301
530330036022,20,hs,0.0668,0.002476
530330036022,22,hs,0.3309,0.012259
530330036022,23,hs,0.2552,0.009456
530330036022,24,hs,0.0616,0.002282
530330036023,13,hs,0.0035,0.001319
530330036023,15,hs,0.1973,0.073906
530330036023,17,hs,2.3981,0.898301
530330036023,20,hs,0.0066,0.002476
530330036023,22,hs,0.0327,0.012259
530330036023,23,hs,0.0252,0.009456
530330036023,24,hs,0.0061,0.002282
530330038001,13,hs,0.118,0.001319
530330038001,15,hs,6.6115,0.073906
530330038001,17,hs,80.3602,0.898301
530330038001,20,hs,0.2215,0.002476
530330038001,22,hs,1.0966,0.012259
530330038001,23,hs,0.8459,0.009456
530330038001,24,hs,0.2042,0.002282
530330038002,13,hs,0.0427,0.001319
530330038002,15,hs,2.3937,0.073906
530330038002,17,hs,29.0941,0.898301
530330038002,20,hs,0.0802,0.002476
530330038002,22,hs,0.397,0.012259
530330038002,23,hs,0.3063,0.009456
530330038002,24,hs,0.0739,0.002282
530330039001,13,hs,0.1595,0.001319
530330039001,15,hs,8.9353,0.073906
530330039001,17,hs,108.6052,0.898301
530330039001,20,hs,0.2994,0.002476
530330039001,22,hs,1.4821,0.012259
530330039001,23,hs,1.1432,0.009456
530330039001,24,hs,0.2759,0.002282
530330039002,13,hs,0.0536,0.001319
530330039002,15,hs,3.0011,0.073906
530330039002,17,hs,36.4774,0.898301
530330039002,20,hs,0.1006,0.002476
530330039002,22,hs,0.4978,0.012259
530330039002,23,hs,0.384,0.009456
530330039002,24,hs,0.0927,0.002282
530330040001,13,hs,0.0611,0.001322
530330040001,15,hs,3.4202,0.073985
530330040001,17,hs,41.4628,0.896904
530330040001,20,hs,0.117,0.002531
530330040001,22,hs,0.624,0.013498
530330040001,23,hs,0.4373,0.00946
530330040001,24,hs,0.1062,0.002298
530330040002,13,hs,0.0599,0.001319
530330040002,15,hs,3.3541,0.073906
530330040002,17,hs,40.7676,0.898301
530330040002,20,hs,0.1124,0.002476
530330040002,22,hs,0.5563,0.012259
530330040002,23,hs,0.4291,0.009456
530330040002,24,hs,0.1036,0.002282
530330041011,13,hs,0.0139,0.001319
530330041011,15,hs,0.7764,0.073906
530330041011,17,hs,9.4364,0.898301
530330041011,20,hs,0.026,0.002476
530330041011,22,hs,0.1288,0.012259
530330041011,23,hs,0.0993,0.009456
530330041011,24,hs,0.024,0.002282
530330041012,13,hs,0.0441,0.001319
530330041012,15,hs,2.4706,0.073906
530330041012,17,hs,30.0285,0.898301
530330041012,20,hs,0.0828,0.002476
530330041012,22,hs,0.4098,0.012259
530330041012,23,hs,0.3161,0.009456
530330041012,24,hs,0.0763,0.002282
530330041013,13,hs,0.0556,0.001319
530330041013,15,hs,3.1123,0.073906
530330041013,17,hs,37.8293,0.898301
530330041013,20,hs,0.1043,0.002476
530330041013,22,hs,0.5162,0.012259
530330041013,23,hs,0.3982,0.009456
530330041013,24,hs,0.0961,0.002282
530330041021,13,hs,0.0094,0.001319
530330041021,15,hs,0.5245,0.073906
530330041021,17,hs,6.3756,0.898301
530330041021,20,hs,0.0176,0.002476
530330041021,22,hs,0.087,0.012259
530330041021,23,hs,0.0671,0.009456
530330041021,24,hs,0.0162,0.002282
530330041022,13,hs,0.0226,0.001319
530330041022,15,hs,1.2632,0.073906
530330041022,17,hs,15.3542,0.898301
530330041022,20,hs,0.0423,0.002476
530330041022,22,hs,0.2095,0.012259
530330041022,23,hs,0.1616,0.009456
530330041022,24,hs,0.039,0.002282
530330041023,13,hs,0.0213,0.001319
530330041023,15,hs,1.1943,0.073906
530330041023,17,hs,14.5166,0.898301
530330041023,20,hs,0.04,0.002476
530330041023,22,hs,0.1981,0.012259
530330041023,23,hs,0.1528,0.009456
530330041023,24,hs,0.0369,0.002282
530330042011,13,hs,0.0824,0.001319
530330042011,15,hs,4.6133,0.073906
530330042011,17,hs,56.0727,0.898301
530330042011,20,hs,0.1546,0.002476
530330042011,22,hs,0.7652,0.012259
530330042011,23,hs,0.5903,0.009456
530330042011,24,hs,0.1425,0.002282
530330042012,13,hs,0.0333,0.001319
530330042012,15,hs,1.8625,0.073906
530330042012,17,hs,22.6384,0.898301
530330042012,20,hs,0.0624,0.002476
530330042012,22,hs,0.3089,0.012259
530330042012,23,hs,0.2383,0.009456
530330042012,24,hs,0.0575,0.002282
530330042013,13,hs,0.0459,0.001319
530330042013,15,hs,2.5716,0.073906
530330042013,17,hs,31.2571,0.898301
530330042013,20,hs,0.0862,0.002476
530330042013,22,hs,0.4265,0.012259
530330042013,23,hs,0.329,0.009456
530330042013,24,hs,0.0794,0.002282
530330042021,13,hs,0.038,0.001319
530330042021,15,hs,2.1311,0.073906
530330042021,17,hs,25.9023,0.898301
530330042021,20,hs,0.0714,0.002476
530330042021,22,hs,0.3535,0.012259
530330042021,23,hs,0.2727,0.009456
530330042021,24,hs,0.0658,0.002282
530330042022,13,hs,0.0837,0.001319
530330042022,15,hs,4.69,0.073906
530330042022,17,hs,57.0055,0.898301
530330042022,20,hs,0.1572,0.002476
530330042022,22,hs,0.7779,0.012259
530330042022,23,hs,0.6001,0.009456
530330042022,24,hs,0.1448,0.002282
530330042023,13,hs,0.0785,0.001319
530330042023,15,hs,4.3966,0.073906
530330042023,17,hs,53.439,0.898301
530330042023,20,hs,0.1473,0.002476
530330042023,22,hs,0.7292,0.012259
530330042023,23,hs,0.5625,0.009456
530330042023,24,hs,0.1358,0.002282
530330043011,13,hs,0.0182,0.001319
530330043011,15,hs,1.0213,0.073906
530330043011,17,hs,12.414,0.898301
530330043011,20,hs,0.0342,0.002476
530330043011,22,hs,0.1694,0.012259
530330043011,23,hs,0.1307,0.009456
530330043011,24,hs,0.0315,0.002282
530330043012,13,hs,0.0755,0.001319
530330043012,15,hs,4.2312,0.073906
530330043012,17,hs,51.4285,0.898301
530330043012,20,hs,0.1418,0.002476
530330043012,22,hs,0.7018,0.012259
530330043012,23,hs,0.5414,0.009456
530330043012,24,hs,0.1307,0.002282
530330043013,13,hs,0.0516,0.001319
530330043013,15,hs,2.893,0.073906
530330043013,17,hs,35.1631,0.898301
530330043013,20,hs,0.0969,0.002476
530330043013,22,hs,0.4798,0.012259
530330043013,23,hs,0.3702,0.009456
530330043013,24,hs,0.0893,0.002282
530330043021,13,hs,0.043,0.001319
530330043021,15,hs,2.4098,0.073906
530330043021,17,hs,29.2906,0.898301
530330043021,20,hs,0.0807,0.002476
530330043021,22,hs,0.3997,0.012259
530330043021,23,hs,0.3083,0.009456
530330043021,24,hs,0.0744,0.002282
530330043022,13,hs,0.0161,0.001319
530330043022,15,hs,0.9019,0.073906
530330043022,17,hs,10.9626,0.898301
530330043022,20,hs,0.0302,0.002476
530330043022,22,hs,0.1496,0.012259
530330043022,23,hs,0.1154,0.009456
530330043022,24,hs,0.0279,0.002282
530330044011,13,hs,0.0099,0.001319
530330044011,15,hs,0.5527,0.073946
530330044011,17,hs,6.7143,0.89826
530330044011,20,hs,0.0185,0.002477
530330044011,22,hs,0.0916,0.012258
530330044011,23,hs,0.0707,0.009456
530330044011,24,hs,0.0171,0.002283
530330044012,11,hs,0.0002,4e-06
530330044012,13,hs,0.0735,0.001319
530330044012,15,hs,4.1331,0.07414
530330044012,17,hs,50.0649,0.898062
530330044012,20,hs,0.1381,0.002477
530330044012,22,hs,0.6832,0.012256
530330044012,23,hs,0.5271,0.009455
530330044012,24,hs,0.1274,0.002286
530330044013,13,hs,0.0298,0.001319
530330044013,15,hs,1.6691,0.073906
530330044013,17,hs,20.2877,0.898301
530330044013,20,hs,0.0559,0.002476
530330044013,22,hs,0.2769,0.012259
530330044013,23,hs,0.2136,0.009456
530330044013,24,hs,0.0515,0.002282
530330044021,11,hs,0.5334,0.012984
530330044021,12,hs,0.0712,0.001733
530330044021,13,hs,0.0001,3e-06
530330044021,14,hs,0.1013,0.002466
530330044021,15,hs,38.525,0.937882
530330044021,17,hs,0.602,0.014655
530330044021,20,hs,0.2501,0.006088
530330044021,21,hs,0.0481,0.001172
530330044021,22,hs,0.0601,0.001463
530330044021,23,hs,0.2775,0.006755
530330044021,24,hs,0.6079,0.014798
530330044022,11,hs,0.0096,0.012977
530330044022,12,hs,0.0013,0.001732
530330044022,14,hs,0.0018,0.002465
530330044022,15,hs,0.6919,0.937361
530330044022,17,hs,0.0112,0.015187
530330044022,20,hs,0.0045,0.006086
530330044022,21,hs,0.0009,0.001171
530330044022,22,hs,0.0011,0.00147
530330044022,23,hs,0.005,0.006756
530330044022,24,hs,0.0109,0.01479
530330044023,11,hs,0.0363,0.012936
530330044023,12,hs,0.0048,0.001726
530330044023,14,hs,0.0069,0.002457
530330044023,15,hs,2.6215,0.934625
530330044023,17,hs,0.0504,0.017986
530330044023,20,hs,0.017,0.006075
530330044023,21,hs,0.0033,0.001167
530330044023,22,hs,0.0042,0.001504
530330044023,23,hs,0.019,0.006765
530330044023,24,hs,0.0414,0.014751
530330045002,11,hs,0.5499,0.013016
530330045002,12,hs,0.0734,0.001737
530330045002,14,hs,0.1044,0.002472
530330045002,15,hs,39.7095,0.93995
530330045002,17,hs,0.5298,0.01254
530330045002,20,hs,0.2576,0.006097
530330045002,21,hs,0.0496,0.001175
530330045002,22,hs,0.0607,0.001437
530330045002,23,hs,0.2851,0.006748
530330045002,24,hs,0.6264,0.014828
530330046001,11,hs,0.4264,0.012172
530330046001,12,hs,0.0528,0.001507
530330046001,13,hs,0.0087,0.000247
530330046001,14,hs,0.0575,0.001641
530330046001,15,hs,22.662,0.646879
530330046001,17,hs,6.2339,0.177944
530330046001,18,hs,0.003,8.6e-05
530330046001,20,hs,4.5306,0.129324
530330046001,21,hs,0.0441,0.001258
530330046001,22,hs,0.2165,0.006179
530330046001,23,hs,0.3153,0.008999
530330046001,24,hs,0.4822,0.013765
530330046002,11,hs,0.555,0.013014
530330046002,12,hs,0.0741,0.001737
530330046002,14,hs,0.1054,0.002472
530330046002,15,hs,40.0806,0.939839
530330046002,17,hs,0.5396,0.012653
530330046002,20,hs,0.26,0.006097
530330046002,21,hs,0.0501,0.001175
530330046002,22,hs,0.0614,0.001439
530330046002,23,hs,0.2878,0.006749
530330046002,24,hs,0.6323,0.014826
530330046003,11,hs,0.3242,0.013016
530330046003,12,hs,0.0433,0.001737
530330046003,14,hs,0.0616,0.002472
530330046003,15,hs,23.4126,0.939969
530330046003,17,hs,0.3119,0.012521
530330046003,20,hs,0.1519,0.006097
530330046003,21,hs,0.0293,0.001175
530330046003,22,hs,0.0358,0.001437
530330046003,23,hs,0.1681,0.006748
530330046003,24,hs,0.3693,0.014828
530330047013,11,hs,15.3819,0.896305
530330047013,13,hs,0.0292,0.0017
530330047013,14,hs,0.0089,0.000517
530330047013,15,hs,1.0171,0.059266
530330047013,17,hs,0.0675,0.003931
530330047013,20,hs,0.2135,0.012443
530330047013,21,hs,0.0127,0.000738
530330047013,22,hs,0.031,0.001805
530330047013,23,hs,0.1727,0.010064
530330047013,24,hs,0.2271,0.013231
530330047021,11,hs,0.5127,0.896305
530330047021,13,hs,0.001,0.0017
530330047021,14,hs,0.0003,0.000517
530330047021,15,hs,0.0339,0.059266
530330047021,17,hs,0.0022,0.003931
530330047021,20,hs,0.0071,0.012443
530330047021,21,hs,0.0004,0.000738
530330047021,22,hs,0.001,0.001805
530330047021,23,hs,0.0058,0.010064
530330047021,24,hs,0.0076,0.013231
530330047023,11,hs,11.1091,0.896305
530330047023,13,hs,0.0211,0.0017
530330047023,14,hs,0.0064,0.000517
530330047023,15,hs,0.7346,0.059266
530330047023,17,hs,0.0487,0.003931
530330047023,20,hs,0.1542,0.012443
530330047023,21,hs,0.0091,0.000738
530330047023,22,hs,0.0224,0.001805
530330047023,23,hs,0.1247,0.010064
530330047023,24,hs,0.164,0.013231
530330047031,11,hs,41.2426,0.896305
530330047031,13,hs,0.0782,0.0017
530330047031,14,hs,0.0238,0.000517
530330047031,15,hs,2.7271,0.059266
530330047031,17,hs,0.1809,0.003931
530330047031,20,hs,0.5725,0.012443
530330047031,21,hs,0.0339,0.000738
530330047031,22,hs,0.0831,0.001805
530330047031,23,hs,0.4631,0.010064
530330047031,24,hs,0.6088,0.013231
530330047033,11,hs,3.8288,0.261834
530330047033,12,hs,0.0182,0.001248
530330047033,13,hs,0.007,0.000479
530330047033,14,hs,0.0281,0.001922
530330047033,15,hs,10.1173,0.69188
530330047033,17,hs,0.1477,0.010101
530330047033,20,hs,0.1153,0.007885
530330047033,21,hs,0.0154,0.001052
530330047033,22,hs,0.0225,0.001541
530330047033,23,hs,0.1123,0.007682
530330047033,24,hs,0.2103,0.014378
530330048001,11,hs,36.6148,0.797073
530330048001,12,hs,0.009,0.000195
530330048001,13,hs,0.0693,0.001509
530330048001,14,hs,0.0339,0.000737
530330048001,15,hs,7.2675,0.158208
530330048001,17,hs,0.2249,0.004896
530330048001,20,hs,0.5388,0.01173
530330048001,21,hs,0.0361,0.000787
530330048001,22,hs,0.081,0.001764
530330048001,23,hs,0.4452,0.009691
530330048001,24,hs,0.616,0.013411
530330048002,11,hs,0.8569,0.013143
530330048002,12,hs,0.1132,0.001737
530330048002,14,hs,0.1612,0.002472
530330048002,15,hs,61.2756,0.939842
530330048002,17,hs,0.8162,0.012519
530330048002,20,hs,0.3976,0.006098
530330048002,21,hs,0.0766,0.001175
530330048002,22,hs,0.0937,0.001437
530330048002,23,hs,0.44,0.006749
530330048002,24,hs,0.9668,0.014828
530330048004,11,hs,2.0808,0.301649
530330048004,12,hs,0.0081,0.00117
530330048004,13,hs,0.0038,0.000555
530330048004,14,hs,0.0126,0.001834
530330048004,15,hs,4.4987,0.65218
530330048004,17,hs,0.067,0.009714
530330048004,20,hs,0.0564,0.008171
530330048004,21,hs,0.0071,0.001032
530330048004,22,hs,0.0107,0.001557
530330048004,23,hs,0.054,0.007832
530330048004,24,hs,0.0987,0.014306
530330049013,11,hs,0.5708,0.013016
530330049013,12,hs,0.0762,0.001737
530330049013,14,hs,0.1084,0.002472
530330049013,15,hs,41.2241,0.939969
530330049013,17,hs,0.5491,0.012521
530330049013,20,hs,0.2674,0.006097
530330049013,21,hs,0.0515,0.001175
530330049013,22,hs,0.063,0.001437
530330049013,23,hs,0.296,0.006748
530330049013,24,hs,0.6503,0.014828
530330049021,11,hs,0.4021,0.013016
530330049021,12,hs,0.0537,0.001737
530330049021,14,hs,0.0764,0.002472
530330049021,15,hs,29.0361,0.939969
530330049021,17,hs,0.3868,0.012521
530330049021,20,hs,0.1883,0.006097
530330049021,21,hs,0.0363,0.001175
530330049021,22,hs,0.0444,0.001437
530330049021,23,hs,0.2085,0.006748
530330049021,24,hs,0.4581,0.014828
530330050001,11,hs,0.6081,0.013016
530330050001,12,hs,0.0812,0.001737
530330050001,14,hs,0.1155,0.002472
530330050001,15,hs,43.9127,0.939969
530330050001,17,hs,0.5849,0.012521
530330050001,20,hs,0.2848,0.006097
530330050001,21,hs,0.0549,0.001175
530330050001,22,hs,0.0671,0.001437
530330050001,23,hs,0.3153,0.006748
530330050001,24,hs,0.6927,0.014828
530330050002,11,hs,0.0604,0.013016
530330050002,12,hs,0.0081,0.001737
530330050002,14,hs,0.0115,0.002472
530330050002,15,hs,4.3595,0.939969
530330050002,17,hs,0.0581,0.012521
530330050002,20,hs,0.0283,0.006097
530330050002,21,hs,0.0054,0.001175
530330050002,22,hs,0.0067,0.001437
530330050002,23,hs,0.0313,0.006748
530330050002,24,hs,0.0688,0.014828
530330050003,11,hs,0.158,0.013016
530330050003,12,hs,0.0211,0.001737
530330050003,14,hs,0.03,0.002472
530330050003,15,hs,11.4132,0.939969
530330050003,17,hs,0.152,0.012521
530330050003,20,hs,0.074,0.006097
530330050003,21,hs,0.0143,0.001175
530330050003,22,hs,0.0175,0.001437
530330050003,23,hs,0.0819,0.006748
530330050003,24,hs,0.18,0.014828
530330051001,11,hs,1.0016,0.013016
530330051001,12,hs,0.1337,0.001737
530330051001,14,hs,0.1903,0.002472
530330051001,15,hs,72.3326,0.939969
530330051001,17,hs,0.9635,0.012521
530330051001,20,hs,0.4692,0.006097
530330051001,21,hs,0.0904,0.001175
530330051001,22,hs,0.1106,0.001437
530330051001,23,hs,0.5193,0.006748
530330051001,24,hs,1.1411,0.014828
530330051002,11,hs,1.2903,0.013016
530330051002,12,hs,0.1722,0.001737
530330051002,14,hs,0.2451,0.002472
530330051002,15,hs,93.1815,0.939969
530330051002,17,hs,1.2412,0.012521
530330051002,20,hs,0.6044,0.006097
530330051002,21,hs,0.1165,0.001175
530330051002,22,hs,0.1425,0.001437
530330051002,23,hs,0.669,0.006748
530330051002,24,hs,1.47,0.014828
530330051003,11,hs,0.0758,0.013016
530330051003,12,hs,0.0101,0.001737
530330051003,14,hs,0.0144,0.002472
530330051003,15,hs,5.4764,0.939969
530330051003,17,hs,0.0729,0.012521
530330051003,20,hs,0.0355,0.006097
530330051003,21,hs,0.0068,0.001175
530330051003,22,hs,0.0084,0.001437
530330051003,23,hs,0.0393,0.006748
530330051003,24,hs,0.0864,0.014828
530330052011,11,hs,0.5638,0.012998
530330052011,12,hs,0.077,0.001775
530330052011,13,hs,0.0016,3.7e-05
530330052011,14,hs,0.1666,0.00384
530330052011,15,hs,40.7097,0.938501
530330052011,17,hs,0.5427,0.012511
530330052011,19,hs,0.0004,8e-06
530330052011,20,hs,0.2642,0.00609
530330052011,21,hs,0.0512,0.001181
530330052011,22,hs,0.0624,0.001439
530330052011,23,hs,0.2951,0.006803
530330052011,24,hs,0.6427,0.014817
530330052012,11,hs,0.9004,0.013016
530330052012,12,hs,0.1202,0.001737
530330052012,14,hs,0.171,0.002472
530330052012,15,hs,65.0252,0.939969
530330052012,17,hs,0.8662,0.012521
530330052012,20,hs,0.4218,0.006097
530330052012,21,hs,0.0813,0.001175
530330052012,22,hs,0.0994,0.001437
530330052012,23,hs,0.4668,0.006748
530330052012,24,hs,1.0258,0.014828
530330053031,11,hs,0.0032,0.004202
530330053031,12,hs,0.0013,0.001649
530330053031,13,hs,0.0014,0.001849
530330053031,14,hs,0.0291,0.038213
530330053031,15,hs,0.2642,0.346347
530330053031,17,hs,0.4412,0.578419
530330053031,19,hs,0.0002,0.000222
530330053031,20,hs,0.0027,0.003597
530330053031,21,hs,0.0005,0.000592
530330053031,22,hs,0.0064,0.008399
530330053031,23,hs,0.0076,0.009975
530330053031,24,hs,0.005,0.006492
530330053032,11,hs,0.0003,1.8e-05
530330053032,12,hs,0.0059,0.000313
530330053032,13,hs,0.0302,0.00159
530330053032,14,hs,0.2026,0.010668
530330053032,15,hs,1.3883,0.073084
530330053032,17,hs,16.8574,0.887388
530330053032,18,hs,0.0003,1.3e-05
530330053032,19,hs,0.0012,6.3e-05
530330053032,20,hs,0.0469,0.002468
530330053032,21,hs,0.0012,6.2e-05
530330053032,22,hs,0.2306,0.012139
530330053032,23,hs,0.1871,0.009849
530330053032,24,hs,0.0446,0.002345
530330053041,11,hs,0.1117,0.013016
530330053041,12,hs,0.0149,0.001737
530330053041,14,hs,0.0212,0.002472
530330053041,15,hs,8.0656,0.939969
530330053041,17,hs,0.1074,0.012521
530330053041,20,hs,0.0523,0.006097
530330053041,21,hs,0.0101,0.001175
530330053041,22,hs,0.0123,0.001437
530330053041,23,hs,0.0579,0.006748
530330053041,24,hs,0.1272,0.014828
530330053042,11,hs,0.8392,0.012944
530330053042,12,hs,0.112,0.001728
530330053042,13,hs,0.0005,7e-06
530330053042,14,hs,0.1594,0.002459
530330053042,15,hs,60.6281,0.935158
530330053042,17,hs,1.1307,0.017441
530330053042,20,hs,0.394,0.006077
530330053042,21,hs,0.0757,0.001168
530330053042,22,hs,0.0971,0.001497
530330053042,23,hs,0.4385,0.006763
530330053042,24,hs,0.9568,0.014759
530330053061,11,hs,0.334,0.008544
530330053061,12,hs,0.0446,0.00114
530330053061,13,hs,0.0177,0.000453
530330053061,14,hs,0.0634,0.001623
530330053061,15,hs,25.1107,0.642384
530330053061,17,hs,12.3868,0.316881
530330053061,20,hs,0.1897,0.004853
530330053061,21,hs,0.0301,0.000771
530330053061,22,hs,0.2015,0.005155
530330053061,23,hs,0.3002,0.007679
530330053061,24,hs,0.4111,0.010517
530330053072,13,hs,0.0025,0.001319
530330053072,15,hs,0.1409,0.073906
530330053072,17,hs,1.7129,0.898301
530330053072,20,hs,0.0047,0.002476
530330053072,22,hs,0.0234,0.012259
530330053072,23,hs,0.018,0.009456
530330053072,24,hs,0.0044,0.002282
530330054012,11,hs,0.1579,0.012738
530330054012,12,hs,0.0286,0.002311
530330054012,13,hs,0.007,0.000565
530330054012,14,hs,0.2904,0.02343
530330054012,15,hs,11.3714,0.917468
530330054012,17,hs,0.1534,0.012375
530330054012,18,hs,0.0003,2.6e-05
530330054012,19,hs,0.0015,0.000124
530330054012,20,hs,0.0743,0.005992
530330054012,21,hs,0.0157,0.001269
530330054012,22,hs,0.0181,0.001462
530330054012,23,hs,0.094,0.007588
530330054012,24,hs,0.1816,0.01465
530330054022,11,hs,0.1365,0.013016
530330054022,12,hs,0.0182,0.001737
530330054022,14,hs,0.0259,0.002472
530330054022,15,hs,9.8579,0.939969
530330054022,17,hs,0.1313,0.012521
530330054022,20,hs,0.0639,0.006097
530330054022,21,hs,0.0123,0.001175
530330054022,22,hs,0.0151,0.001437
530330054022,23,hs,0.0708,0.006748
530330054022,24,hs,0.1555,0.014828
530330056001,11,hs,23.2524,0.896305
530330056001,13,hs,0.0441,0.0017
530330056001,14,hs,0.0134,0.000517
530330056001,15,hs,1.5375,0.059266
530330056001,17,hs,0.102,0.003931
530330056001,20,hs,0.3228,0.012443
530330056001,21,hs,0.0191,0.000738
530330056001,22,hs,0.0468,0.001805
530330056001,23,hs,0.2611,0.010064
530330056001,24,hs,0.3433,0.013231
530330056002,11,hs,23.2881,0.896305
530330056002,13,hs,0.0442,0.0017
530330056002,14,hs,0.0134,0.000517
530330056002,15,hs,1.5399,0.059266
530330056002,17,hs,0.1021,0.003931
530330056002,20,hs,0.3233,0.012443
530330056002,21,hs,0.0192,0.000738
530330056002,22,hs,0.0469,0.001805
530330056002,23,hs,0.2615,0.010064
530330056002,24,hs,0.3438,0.013231
530330056003,11,hs,13.0678,0.896305
530330056003,13,hs,0.0248,0.0017
530330056003,14,hs,0.0075,0.000517
530330056003,15,hs,0.8641,0.059266
530330056003,17,hs,0.0573,0.003931
530330056003,20,hs,0.1814,0.012443
530330056003,21,hs,0.0108,0.000738
530330056003,22,hs,0.0263,0.001805
530330056003,23,hs,0.1467,0.010064
530330056003,24,hs,0.1929,0.013231
530330056004,11,hs,17.5158,0.896305
530330056004,13,hs,0.0332,0.0017
530330056004,14,hs,0.0101,0.000517
530330056004,15,hs,1.1582,0.059266
530330056004,17,hs,0.0768,0.003931
530330056004,20,hs,0.2432,0.012443
530330056004,21,hs,0.0144,0.000738
530330056004,22,hs,0.0353,0.001805
530330056004,23,hs,0.1967,0.010064
530330056004,24,hs,0.2586,0.013231
530330056005,11,hs,28.1941,0.896305
530330056005,13,hs,0.0535,0.0017
530330056005,14,hs,0.0163,0.000517
530330056005,15,hs,1.8643,0.059266
530330056005,17,hs,0.1237,0.003931
530330056005,20,hs,0.3914,0.012443
530330056005,21,hs,0.0232,0.000738
530330056005,22,hs,0.0568,0.001805
530330056005,23,hs,0.3166,0.010064
530330056005,24,hs,0.4162,0.013231
530330057001,11,hs,52.9087,0.896305
530330057001,13,hs,0.1003,0.0017
530330057001,14,hs,0.0305,0.000517
530330057001,15,hs,3.4985,0.059266
530330057001,17,hs,0.232,0.003931
530330057001,20,hs,0.7345,0.012443
530330057001,21,hs,0.0435,0.000738
530330057001,22,hs,0.1065,0.001805
530330057001,23,hs,0.5941,0.010064
530330057001,24,hs,0.7811,0.013231
530330057002,11,hs,50.7121,0.896305
530330057002,13,hs,0.0962,0.0017
530330057002,14,hs,0.0293,0.000517
530330057002,15,hs,3.3532,0.059266
530330057002,17,hs,0.2224,0.003931
530330057002,20,hs,0.704,0.012443
530330057002,21,hs,0.0417,0.000738
530330057002,22,hs,0.1021,0.001805
530330057002,23,hs,0.5694,0.010064
530330057002,24,hs,0.7486,0.013231
530330057003,11,hs,29.6931,0.896305
530330057003,13,hs,0.0563,0.0017
530330057003,14,hs,0.0171,0.000517
530330057003,15,hs,1.9634,0.059266
530330057003,17,hs,0.1302,0.003931
530330057003,20,hs,0.4122,0.012443
530330057003,21,hs,0.0244,0.000738
530330057003,22,hs,0.0598,0.001805
530330057003,23,hs,0.3334,0.010064
530330057003,24,hs,0.4383,0.013231
530330057004,11,hs,22.1392,0.896305
530330057004,13,hs,0.042,0.0017
530330057004,14,hs,0.0128,0.000517
530330057004,15,hs,1.4639,0.059266
530330057004,17,hs,0.0971,0.003931
530330057004,20,hs,0.3073,0.012443
530330057004,21,hs,0.0182,0.000738
530330057004,22,hs,0.0446,0.001805
530330057004,23,hs,0.2486,0.010064
530330057004,24,hs,0.3268,0.013231
530330057005,11,hs,20.5366,0.896305
530330057005,13,hs,0.0389,0.0017
530330057005,14,hs,0.0119,0.000517
530330057005,15,hs,1.3579,0.059266
530330057005,17,hs,0.0901,0.003931
530330057005,20,hs,0.2851,0.012443
530330057005,21,hs,0.0169,0.000738
530330057005,22,hs,0.0414,0.001805
530330057005,23,hs,0.2306,0.010064
530330057005,24,hs,0.3032,0.013231
530330058011,11,hs,28.2275,0.896305
530330058011,13,hs,0.0535,0.0017
530330058011,14,hs,0.0163,0.000517
530330058011,15,hs,1.8665,0.059266
530330058011,17,hs,0.1238,0.003931
530330058011,20,hs,0.3919,0.012443
530330058011,21,hs,0.0232,0.000738
530330058011,22,hs,0.0568,0.001805
530330058011,23,hs,0.3169,0.010064
530330058011,24,hs,0.4167,0.013231
530330058012,11,hs,17.6354,0.896305
530330058012,13,hs,0.0334,0.0017
530330058012,14,hs,0.0102,0.000517
530330058012,15,hs,1.1661,0.059266
530330058012,17,hs,0.0773,0.003931
530330058012,20,hs,0.2448,0.012443
530330058012,21,hs,0.0145,0.000738
530330058012,22,hs,0.0355,0.001805
530330058012,23,hs,0.198,0.010064
530330058012,24,hs,0.2603,0.013231
530330058013,11,hs,27.016,0.896305
530330058013,13,hs,0.0512,0.0017
530330058013,14,hs,0.0156,0.000517
530330058013,15,hs,1.7864,0.059266
530330058013,17,hs,0.1185,0.003931
530330058013,20,hs,0.375,0.012443
530330058013,21,hs,0.0222,0.000738
530330058013,22,hs,0.0544,0.001805
530330058013,23,hs,0.3033,0.010064
530330058013,24,hs,0.3988,0.013231
530330058014,11,hs,6.9212,0.85241
530330058014,12,hs,0.0007,8.6e-05
530330058014,13,hs,0.0131,0.001615
530330058014,14,hs,0.005,0.000615
530330058014,15,hs,0.8366,0.103032
530330058014,17,hs,0.0354,0.004358
530330058014,20,hs,0.0985,0.012127
530330058014,21,hs,0.0062,0.000759
530330058014,22,hs,0.0145,0.001787
530330058014,23,hs,0.0804,0.009899
530330058014,24,hs,0.1081,0.013311
530330058031,11,hs,10.7287,0.896305
530330058031,13,hs,0.0203,0.0017
530330058031,14,hs,0.0062,0.000517
530330058031,15,hs,0.7094,0.059266
530330058031,17,hs,0.0471,0.003931
530330058031,20,hs,0.1489,0.012443
530330058031,21,hs,0.0088,0.000738
530330058031,22,hs,0.0216,0.001805
530330058031,23,hs,0.1205,0.010064
530330058031,24,hs,0.1584,0.013231
530330058032,11,hs,9.9513,0.896305
530330058032,13,hs,0.0189,0.0017
530330058032,14,hs,0.0057,0.000517
530330058032,15,hs,0.658,0.059266
530330058032,17,hs,0.0436,0.003931
530330058032,20,hs,0.1381,0.012443
530330058032,21,hs,0.0082,0.000738
530330058032,22,hs,0.02,0.001805
530330058032,23,hs,0.1117,0.010064
530330058032,24,hs,0.1469,0.013231
530330058041,11,hs,5.1605,0.713381
530330058041,12,hs,0.0026,0.00036
530330058041,13,hs,0.0097,0.001348
530330058041,14,hs,0.0067,0.000922
530330058041,15,hs,1.7481,0.241654
530330058041,17,hs,0.0413,0.00571
530330058041,20,hs,0.0805,0.011129
530330058041,21,hs,0.006,0.000828
530330058041,22,hs,0.0125,0.001729
530330058041,23,hs,0.0678,0.009377
530330058041,24,hs,0.0981,0.013562
530330058042,11,hs,0.1814,0.024444
530330058042,12,hs,0.0127,0.001715
530330058042,13,hs,0.0002,2.2e-05
530330058042,14,hs,0.0182,0.002447
530330058042,15,hs,6.8903,0.928574
530330058042,17,hs,0.0921,0.012409
530330058042,20,hs,0.0459,0.006179
530330058042,21,hs,0.0087,0.001169
530330058042,22,hs,0.0107,0.001442
530330058042,23,hs,0.0504,0.006791
530330058042,24,hs,0.1099,0.014808
530330059011,11,hs,0.0869,0.013016
530330059011,12,hs,0.0116,0.001737
530330059011,14,hs,0.0165,0.002472
530330059011,15,hs,6.2732,0.939969
530330059011,17,hs,0.0836,0.012521
530330059011,20,hs,0.0407,0.006097
530330059011,21,hs,0.0078,0.001175
530330059011,22,hs,0.0096,0.001437
530330059011,23,hs,0.045,0.006748
530330059011,24,hs,0.099,0.014828
530330059012,11,hs,0.1117,0.013016
530330059012,12,hs,0.0149,0.001737
530330059012,14,hs,0.0212,0.002472
530330059012,15,hs,8.0656,0.939969
530330059012,17,hs,0.1074,0.012521
530330059012,20,hs,0.0523,0.006097
530330059012,21,hs,0.0101,0.001175
530330059012,22,hs,0.0123,0.001437
530330059012,23,hs,0.0579,0.006748
530330059012,24,hs,0.1272,0.014828
530330059013,11,hs,0.0323,0.013016
530330059013,12,hs,0.0043,0.001737
530330059013,14,hs,0.0061,0.002472
530330059013,15,hs,2.3301,0.939969
530330059013,17,hs,0.031,0.012521
530330059013,20,hs,0.0151,0.006097
530330059013,21,hs,0.0029,0.001175
530330059013,22,hs,0.0036,0.001437
530330059013,23,hs,0.0167,0.006748
530330059013,24,hs,0.0368,0.014828
530330059021,11,hs,0.4206,0.013016
530330059021,12,hs,0.0561,0.001737
530330059021,14,hs,0.0799,0.002472
530330059021,15,hs,30.3739,0.939969
530330059021,17,hs,0.4046,0.012521
530330059021,20,hs,0.197,0.006097
530330059021,21,hs,0.038,0.001175
530330059021,22,hs,0.0464,0.001437
530330059021,23,hs,0.2181,0.006748
530330059021,24,hs,0.4792,0.014828
530330059022,11,hs,0.4485,0.013016
530330059022,12,hs,0.0599,0.001737
530330059022,14,hs,0.0852,0.002472
530330059022,15,hs,32.3918,0.939969
530330059022,17,hs,0.4315,0.012521
530330059022,20,hs,0.2101,0.006097
530330059022,21,hs,0.0405,0.001175
530330059022,22,hs,0.0495,0.001437
530330059022,23,hs,0.2325,0.006748
530330059022,24,hs,0.511,0.014828
530330059023,11,hs,0.2974,0.013016
530330059023,12,hs,0.0397,0.001737
530330059023,14,hs,0.0565,0.002472
530330059023,15,hs,21.4749,0.939969
530330059023,17,hs,0.2861,0.012521
530330059023,20,hs,0.1393,0.006097
530330059023,21,hs,0.0268,0.001175
530330059023,22,hs,0.0328,0.001437
530330059023,23,hs,0.1542,0.006748
530330059023,24,hs,0.3388,0.014828
530330060002,11,hs,0.5173,0.013016
530330060002,12,hs,0.069,0.001737
530330060002,14,hs,0.0983,0.002472
530330060002,15,hs,37.3593,0.939969
530330060002,17,hs,0.4976,0.012521
530330060002,20,hs,0.2423,0.006097
530330060002,21,hs,0.0467,0.001175
530330060002,22,hs,0.0571,0.001437
530330060002,23,hs,0.2682,0.006748
530330060002,24,hs,0.5894,0.014828
530330060003,11,hs,0.2245,0.013016
530330060003,12,hs,0.03,0.001737
530330060003,14,hs,0.0426,0.002472
530330060003,15,hs,16.2093,0.939969
530330060003,17,hs,0.2159,0.012521
530330060003,20,hs,0.1051,0.006097
530330060003,21,hs,0.0203,0.001175
530330060003,22,hs,0.0248,0.001437
530330060003,23,hs,0.1164,0.006748
530330060003,24,hs,0.2557,0.014828
530330061001,11,hs,0.0894,0.001693
530330061001,12,hs,1.3273,0.025146
530330061001,13,hs,1.2153,0.023024
530330061001,14,hs,45.2483,0.857246
530330061001,15,hs,1.1755,0.022271
530330061001,17,hs,0.3483,0.006598
530330061001,18,hs,0.057,0.00108
530330061001,19,hs,0.2679,0.005076
530330061001,20,hs,0.0966,0.00183
530330061001,21,hs,0.2647,0.005015
530330061001,22,hs,0.1303,0.002469
530330061001,23,hs,2.1644,0.041005
530330061001,24,hs,0.3984,0.007549
530330061002,11,hs,0.0251,0.001501
530330061002,12,hs,0.4267,0.025543
530330061002,13,hs,0.3911,0.023414
530330061002,14,hs,14.5618,0.871757
530330061002,15,hs,0.1118,0.006691
530330061002,17,hs,0.1085,0.006498
530330061002,18,hs,0.0183,0.001098
530330061002,19,hs,0.0862,0.005162
530330061002,20,hs,0.0294,0.001758
530330061002,21,hs,0.0849,0.00508
530330061002,22,hs,0.0415,0.002486
530330061002,23,hs,0.6947,0.041586
530330061002,24,hs,0.124,0.007425
530330061004,11,hs,0.0212,0.00338
530330061004,12,hs,0.136,0.021658
530330061004,13,hs,0.123,0.019594
530330061004,14,hs,4.5827,0.729904
530330061004,15,hs,0.9982,0.158986
530330061004,17,hs,0.047,0.00748
530330061004,18,hs,0.0058,0.000919
530330061004,19,hs,0.0271,0.00432
530330061004,20,hs,0.0155,0.002466
530330061004,21,hs,0.0279,0.004443
530330061004,22,hs,0.0145,0.002315
530330061004,23,hs,0.2254,0.035901
530330061004,24,hs,0.0542,0.008633
530330061005,11,hs,0.0175,0.001887
530330061005,12,hs,0.2296,0.024745
530330061005,13,hs,0.21,0.022629
530330061005,14,hs,7.8181,0.842615
530330061005,15,hs,0.3524,0.037978
530330061005,17,hs,0.0622,0.0067
530330061005,18,hs,0.0098,0.001061
530330061005,19,hs,0.0463,0.004989
530330061005,20,hs,0.0177,0.001903
530330061005,21,hs,0.0459,0.004949
530330061005,22,hs,0.0227,0.002451
530330061005,23,hs,0.375,0.040418
530330061005,24,hs,0.0712,0.007673
530330062001,11,hs,0.0314,0.001488
530330062001,12,hs,0.5344,0.025328
530330062001,13,hs,0.4901,0.023228
530330062001,14,hs,18.2376,0.864409
530330062001,15,hs,0.1531,0.007258
530330062001,17,hs,0.2957,0.014014
530330062001,18,hs,0.023,0.001089
530330062001,19,hs,0.108,0.005118
530330062001,20,hs,0.0372,0.001764
530330062001,21,hs,0.1063,0.005037
530330062001,22,hs,0.0542,0.002568
530330062001,23,hs,0.8717,0.041315
530330062001,24,hs,0.1557,0.007382
530330062002,11,hs,0.0605,0.001492
530330062002,12,hs,1.0296,0.025393
530330062002,13,hs,0.9441,0.023284
530330062002,14,hs,35.1401,0.86662
530330062002,15,hs,0.2874,0.007087
530330062002,17,hs,0.4766,0.011753
530330062002,18,hs,0.0443,0.001092
530330062002,19,hs,0.2081,0.005132
530330062002,20,hs,0.0714,0.001762
530330062002,21,hs,0.2048,0.00505
530330062002,22,hs,0.1031,0.002544
530330062002,23,hs,1.6786,0.041397
530330062002,24,hs,0.2999,0.007395
530330062003,11,hs,0.0129,0.001501
530330062003,12,hs,0.219,0.025543
530330062003,13,hs,0.2007,0.023414
530330062003,14,hs,7.4735,0.871757
530330062003,15,hs,0.0574,0.006691
530330062003,17,hs,0.0557,0.006498
530330062003,18,hs,0.0094,0.001098
530330062003,19,hs,0.0443,0.005162
530330062003,20,hs,0.0151,0.001758
530330062003,21,hs,0.0436,0.00508
530330062003,22,hs,0.0213,0.002486
530330062003,23,hs,0.3565,0.041586
530330062003,24,hs,0.0637,0.007425
530330063001,11,hs,0.0633,0.001434
530330063001,12,hs,1.0775,0.024395
530330063001,13,hs,0.9903,0.022421
530330063001,14,hs,36.7721,0.832564
530330063001,15,hs,0.429,0.009713
530330063001,17,hs,2.0578,0.046592
530330063001,18,hs,0.0463,0.001049
530330063001,19,hs,0.2177,0.00493
530330063001,20,hs,0.0791,0.00179
530330063001,21,hs,0.2143,0.004852
530330063001,22,hs,0.1292,0.002925
530330063001,23,hs,1.773,0.040142
530330063001,24,hs,0.3177,0.007194
530330063002,11,hs,0.0206,0.001501
530330063002,12,hs,0.3507,0.025543
530330063002,13,hs,0.3214,0.023414
530330063002,14,hs,11.9672,0.871757
530330063002,15,hs,0.0919,0.006691
530330063002,17,hs,0.0892,0.006498
530330063002,18,hs,0.0151,0.001098
530330063002,19,hs,0.0709,0.005162
530330063002,20,hs,0.0241,0.001758
530330063002,21,hs,0.0697,0.00508
530330063002,22,hs,0.0341,0.002486
530330063002,23,hs,0.5709,0.041586
530330063002,24,hs,0.1019,0.007425
530330063003,11,hs,0.0009,0.001474
530330063003,12,hs,0.0147,0.025079
530330063003,13,hs,0.0135,0.023013
530330063003,14,hs,0.5022,0.855909
530330063003,15,hs,0.0046,0.007913
530330063003,17,hs,0.0133,0.02271
530330063003,18,hs,0.0006,0.001078
530330063003,19,hs,0.003,0.005068
530330063003,20,hs,0.001,0.001771
530330063003,21,hs,0.0029,0.004988
530330063003,22,hs,0.0016,0.002664
530330063003,23,hs,0.0241,0.041002
530330063003,24,hs,0.0043,0.007332
530330063004,11,hs,0.0157,0.001501
530330063004,12,hs,0.2672,0.025543
530330063004,13,hs,0.2449,0.023414
530330063004,14,hs,9.1183,0.871757
530330063004,15,hs,0.07,0.006691
530330063004,17,hs,0.068,0.006498
530330063004,18,hs,0.0115,0.001098
530330063004,19,hs,0.054,0.005162
530330063004,20,hs,0.0184,0.001758
530330063004,21,hs,0.0531,0.00508
530330063004,22,hs,0.026,0.002486
530330063004,23,hs,0.435,0.041586
530330063004,24,hs,0.0777,0.007425
530330064001,11,hs,0.0218,0.001501
530330064001,12,hs,0.3712,0.025543
530330064001,13,hs,0.3403,0.023414
530330064001,14,hs,12.6686,0.871757
530330064001,15,hs,0.0972,0.006691
530330064001,17,hs,0.0944,0.006498
530330064001,18,hs,0.016,0.001098
530330064001,19,hs,0.075,0.005162
530330064001,20,hs,0.0255,0.001758
530330064001,21,hs,0.0738,0.00508
530330064001,22,hs,0.0361,0.002486
530330064001,23,hs,0.6043,0.041586
530330064001,24,hs,0.1079,0.007425
530330064002,11,hs,0.0447,0.001501
530330064002,12,hs,0.761,0.025543
530330064002,13,hs,0.6975,0.023414
530330064002,14,hs,25.9703,0.871757
530330064002,15,hs,0.1993,0.006691
530330064002,17,hs,0.1936,0.006498
530330064002,18,hs,0.0327,0.001098
530330064002,19,hs,0.1538,0.005162
530330064002,20,hs,0.0524,0.001758
530330064002,21,hs,0.1513,0.00508
530330064002,22,hs,0.0741,0.002486
530330064002,23,hs,1.2389,0.041586
530330064002,24,hs,0.2212,0.007425
530330064003,11,hs,0.0502,0.001501
530330064003,12,hs,0.8551,0.025543
530330064003,13,hs,0.7838,0.023414
530330064003,14,hs,29.1824,0.871757
530330064003,15,hs,0.224,0.006691
530330064003,17,hs,0.2175,0.006498
530330064003,18,hs,0.0368,0.001098
530330064003,19,hs,0.1728,0.005162
530330064003,20,hs,0.0588,0.001758
530330064003,21,hs,0.1701,0.00508
530330064003,22,hs,0.0832,0.002486
530330064003,23,hs,1.3921,0.041586
530330064003,24,hs,0.2486,0.007425
530330065001,11,hs,0.0249,0.001501
530330065001,12,hs,0.4241,0.025543
530330065001,13,hs,0.3888,0.023414
530330065001,14,hs,14.4752,0.871757
530330065001,15,hs,0.1111,0.006691
530330065001,17,hs,0.1079,0.006498
530330065001,18,hs,0.0182,0.001098
530330065001,19,hs,0.0857,0.005162
530330065001,20,hs,0.0292,0.001758
530330065001,21,hs,0.0844,0.00508
530330065001,22,hs,0.0413,0.002486
530330065001,23,hs,0.6905,0.041586
530330065001,24,hs,0.1233,0.007425
530330065002,11,hs,0.0225,0.001501
530330065002,12,hs,0.3836,0.025543
530330065002,13,hs,0.3516,0.023414
530330065002,14,hs,13.0905,0.871757
530330065002,15,hs,0.1005,0.006691
530330065002,17,hs,0.0976,0.006498
530330065002,18,hs,0.0165,0.001098
530330065002,19,hs,0.0775,0.005162
530330065002,20,hs,0.0264,0.001758
530330065002,21,hs,0.0763,0.00508
530330065002,22,hs,0.0373,0.002486
530330065002,23,hs,0.6245,0.041586
530330065002,24,hs,0.1115,0.007425
530330065003,11,hs,0.0032,0.001501
530330065003,12,hs,0.0544,0.025543
530330065003,13,hs,0.0499,0.023414
530330065003,14,hs,1.8567,0.871757
530330065003,15,hs,0.0143,0.006691
530330065003,17,hs,0.0138,0.006498
530330065003,18,hs,0.0023,0.001098
530330065003,19,hs,0.011,0.005162
530330065003,20,hs,0.0037,0.001758
530330065003,21,hs,0.0108,0.00508
530330065003,22,hs,0.0053,0.002486
530330065003,23,hs,0.0886,0.041586
530330065003,24,hs,0.0158,0.007425
530330066002,11,hs,0.0045,0.002955
530330066002,12,hs,0.034,0.022538
530330066002,13,hs,0.0309,0.020459
530330066002,14,hs,1.1498,0.762024
530330066002,15,hs,0.1879,0.124502
530330066002,17,hs,0.011,0.007258
530330066002,18,hs,0.0014,0.000959
530330066002,19,hs,0.0068,0.00451
530330066002,20,hs,0.0035,0.002306
530330066002,21,hs,0.0069,0.004587
530330066002,22,hs,0.0036,0.002354
530330066002,23,hs,0.0561,0.037189
530330066002,24,hs,0.0126,0.00836
530330066003,11,hs,0.043,0.001501
530330066003,12,hs,0.731,0.025543
530330066003,13,hs,0.6701,0.023414
530330066003,14,hs,24.9487,0.871757
530330066003,15,hs,0.1915,0.006691
530330066003,17,hs,0.186,0.006498
530330066003,18,hs,0.0314,0.001098
530330066003,19,hs,0.1477,0.005162
530330066003,20,hs,0.0503,0.001758
530330066003,21,hs,0.1454,0.00508
530330066003,22,hs,0.0712,0.002486
530330066003,23,hs,1.1902,0.041586
530330066003,24,hs,0.2125,0.007425
530330067031,11,hs,0.2921,0.013016
530330067031,12,hs,0.039,0.001737
530330067031,14,hs,0.0555,0.002472
530330067031,15,hs,21.0932,0.939969
530330067031,17,hs,0.281,0.012521
530330067031,20,hs,0.1368,0.006097
530330067031,21,hs,0.0264,0.001175
530330067031,22,hs,0.0323,0.001437
530330067031,23,hs,0.1514,0.006748
530330067031,24,hs,0.3327,0.014828
530330067032,11,hs,0.0562,0.013016
530330067032,12,hs,0.0075,0.001737
530330067032,14,hs,0.0107,0.002472
530330067032,15,hs,4.0564,0.939969
530330067032,17,hs,0.054,0.012521
530330067032,20,hs,0.0263,0.006097
530330067032,21,hs,0.0051,0.001175
530330067032,22,hs,0.0062,0.001437
530330067032,23,hs,0.0291,0.006748
530330067032,24,hs,0.064,0.014828
530330067033,11,hs,0.1854,0.013016
530330067033,12,hs,0.0247,0.001737
530330067033,14,hs,0.0352,0.002472
530330067033,15,hs,13.386,0.939969
530330067033,17,hs,0.1783,0.012521
530330067033,20,hs,0.0868,0.006097
530330067033,21,hs,0.0167,0.001175
530330067033,22,hs,0.0205,0.001437
530330067033,23,hs,0.0961,0.006748
530330067033,24,hs,0.2112,0.014828
530330068001,11,hs,0.1463,0.013016
530330068001,12,hs,0.0195,0.001737
530330068001,14,hs,0.0278,0.002472
530330068001,15,hs,10.5627,0.939969
530330068001,17,hs,0.1407,0.012521
530330068001,20,hs,0.0685,0.006097
530330068001,21,hs,0.0132,0.001175
530330068001,22,hs,0.0162,0.001437
530330068001,23,hs,0.0758,0.006748
530330068001,24,hs,0.1666,0.014828
530330068002,11,hs,0.0342,0.013016
530330068002,12,hs,0.0046,0.001737
530330068002,14,hs,0.0065,0.002472
530330068002,15,hs,2.4702,0.939969
530330068002,17,hs,0.0329,0.012521
530330068002,20,hs,0.016,0.006097
530330068002,21,hs,0.0031,0.001175
530330068002,22,hs,0.0038,0.001437
530330068002,23,hs,0.0177,0.006748
530330068002,24,hs,0.039,0.014828
530330068003,11,hs,0.0727,0.013016
530330068003,12,hs,0.0097,0.001737
530330068003,14,hs,0.0138,0.002472
530330068003,15,hs,5.2491,0.939969
530330068003,17,hs,0.0699,0.012521
530330068003,20,hs,0.034,0.006097
530330068003,21,hs,0.0066,0.001175
530330068003,22,hs,0.008,0.001437
530330068003,23,hs,0.0377,0.006748
530330068003,24,hs,0.0828,0.014828
530330069001,11,hs,1.0694,0.013016
530330069001,12,hs,0.1427,0.001737
530330069001,14,hs,0.2031,0.002472
530330069001,15,hs,77.2284,0.939969
530330069001,17,hs,1.0287,0.012521
530330069001,20,hs,0.5009,0.006097
530330069001,21,hs,0.0965,0.001175
530330069001,22,hs,0.1181,0.001437
530330069001,23,hs,0.5544,0.006748
530330069001,24,hs,1.2183,0.014828
530330069002,11,hs,0.5924,0.013016
530330069002,12,hs,0.0791,0.001737
530330069002,14,hs,0.1125,0.002472
530330069002,15,hs,42.7808,0.939969
530330069002,17,hs,0.5698,0.012521
530330069002,20,hs,0.2775,0.006097
530330069002,21,hs,0.0535,0.001175
530330069002,22,hs,0.0654,0.001437
530330069002,23,hs,0.3071,0.006748
530330069002,24,hs,0.6749,0.014828
530330069003,11,hs,0.7829,0.013016
530330069003,12,hs,0.1045,0.001737
530330069003,14,hs,0.1487,0.002472
530330069003,15,hs,56.5419,0.939969
530330069003,17,hs,0.7532,0.012521
530330069003,20,hs,0.3668,0.006097
530330069003,21,hs,0.0707,0.001175
530330069003,22,hs,0.0865,0.001437
530330069003,23,hs,0.4059,0.006748
530330069003,24,hs,0.892,0.014828
530330070021,11,hs,0.0323,0.013016
530330070021,12,hs,0.0043,0.001737
530330070021,14,hs,0.0061,0.002472
530330070021,15,hs,2.3301,0.939969
530330070021,17,hs,0.031,0.012521
530330070021,20,hs,0.0151,0.006097
530330070021,21,hs,0.0029,0.001175
530330070021,22,hs,0.0036,0.001437
530330070021,23,hs,0.0167,0.006748
530330070021,24,hs,0.0368,0.014828
530330070023,11,hs,0.2482,0.013016
530330070023,12,hs,0.0331,0.001737
530330070023,14,hs,0.0471,0.002472
530330070023,15,hs,17.9235,0.939969
530330070023,17,hs,0.2387,0.012521
530330070023,20,hs,0.1163,0.006097
530330070023,21,hs,0.0224,0.001175
530330070023,22,hs,0.0274,0.001437
530330070023,23,hs,0.1287,0.006748
530330070023,24,hs,0.2827,0.014828
530330072022,11,hs,0.0034,0.001501
530330072022,12,hs,0.0584,0.025543
530330072022,13,hs,0.0536,0.023414
530330072022,14,hs,1.9947,0.871757
530330072022,15,hs,0.0153,0.006691
530330072022,17,hs,0.0149,0.006498
530330072022,18,hs,0.0025,0.001098
530330072022,19,hs,0.0118,0.005162
530330072022,20,hs,0.004,0.001758
530330072022,21,hs,0.0116,0.00508
530330072022,22,hs,0.0057,0.002486
530330072022,23,hs,0.0952,0.041586
530330072022,24,hs,0.017,0.007425
530330072032,11,hs,0.1077,0.006721
530330072032,12,hs,0.2363,0.014751
530330072032,13,hs,0.205,0.012799
530330072032,14,hs,7.6509,0.477662
530330072032,15,hs,6.8842,0.429797
530330072032,17,hs,0.1478,0.009228
530330072032,18,hs,0.0096,0.0006
530330072032,19,hs,0.0452,0.002822
530330072032,20,hs,0.0597,0.003725
530330072032,21,hs,0.053,0.00331
530330072032,22,hs,0.0322,0.002011
530330072032,23,hs,0.4131,0.025792
530330072032,24,hs,0.1727,0.010781
530330073032,11,hs,0.0404,0.001501
530330073032,12,hs,0.6868,0.025543
530330073032,13,hs,0.6295,0.023414
530330073032,14,hs,23.4382,0.871757
530330073032,15,hs,0.1799,0.006691
530330073032,17,hs,0.1747,0.006498
530330073032,18,hs,0.0295,0.001098
530330073032,19,hs,0.1388,0.005162
530330073032,20,hs,0.0473,0.001758
530330073032,21,hs,0.1366,0.00508
530330073032,22,hs,0.0668,0.002486
530330073032,23,hs,1.1181,0.041586
530330073032,24,hs,0.1996,0.007425
530330075013,11,hs,0.024,0.001501
530330075013,12,hs,0.4091,0.025543
530330075013,13,hs,0.375,0.023414
530330075013,14,hs,13.9632,0.871757
530330075013,15,hs,0.1072,0.006691
530330075013,17,hs,0.1041,0.006498
530330075013,18,hs,0.0176,0.001098
530330075013,19,hs,0.0827,0.005162
530330075013,20,hs,0.0282,0.001758
530330075013,21,hs,0.0814,0.00508
530330075013,22,hs,0.0398,0.002486
530330075013,23,hs,0.6661,0.041586
530330075013,24,hs,0.1189,0.007425
530330075021,11,hs,0.0249,0.001501
530330075021,12,hs,0.4237,0.025543
530330075021,13,hs,0.3884,0.023414
530330075021,14,hs,14.4619,0.871757
530330075021,15,hs,0.111,0.006691
530330075021,17,hs,0.1078,0.006498
530330075021,18,hs,0.0182,0.001098
530330075021,19,hs,0.0856,0.005162
530330075021,20,hs,0.0292,0.001758
530330075021,21,hs,0.0843,0.00508
530330075021,22,hs,0.0412,0.002486
530330075021,23,hs,0.6899,0.041586
530330075021,24,hs,0.1232,0.007425
530330076001,11,hs,0.0038,0.001501
530330076001,12,hs,0.0647,0.025543
530330076001,13,hs,0.0593,0.023414
530330076001,14,hs,2.2069,0.871757
530330076001,15,hs,0.0169,0.006691
530330076001,17,hs,0.0164,0.006498
530330076001,18,hs,0.0028,0.001098
530330076001,19,hs,0.0131,0.005162
530330076001,20,hs,0.0045,0.001758
530330076001,21,hs,0.0129,0.00508
530330076001,22,hs,0.0063,0.002486
530330076001,23,hs,0.1053,0.041586
530330076001,24,hs,0.0188,0.007425
530330076002,11,hs,0.2017,0.001501
530330076002,12,hs,3.4324,0.025543
530330076002,13,hs,3.1464,0.023414
530330076002,14,hs,117.1452,0.871757
530330076002,15,hs,0.8992,0.006691
530330076002,17,hs,0.8731,0.006498
530330076002,18,hs,0.1476,0.001098
530330076002,19,hs,0.6937,0.005162
530330076002,20,hs,0.2362,0.001758
530330076002,21,hs,0.6827,0.00508
530330076002,22,hs,0.3341,0.002486
530330076002,23,hs,5.5883,0.041586
530330076002,24,hs,0.9978,0.007425
530330077001,11,hs,0.0948,0.001501
530330077001,12,hs,1.613,0.025543
530330077001,13,hs,1.4786,0.023414
530330077001,14,hs,55.0505,0.871757
530330077001,15,hs,0.4226,0.006691
530330077001,17,hs,0.4103,0.006498
530330077001,18,hs,0.0693,0.001098
530330077001,19,hs,0.326,0.005162
530330077001,20,hs,0.111,0.001758
530330077001,21,hs,0.3208,0.00508
530330077001,22,hs,0.157,0.002486
530330077001,23,hs,2.6261,0.041586
530330077001,24,hs,0.4689,0.007425
530330077002,11,hs,0.0053,0.001501
530330077002,12,hs,0.0901,0.025543
530330077002,13,hs,0.0826,0.023414
530330077002,14,hs,3.0755,0.871757
530330077002,15,hs,0.0236,0.006691
530330077002,17,hs,0.0229,0.006498
530330077002,18,hs,0.0039,0.001098
530330077002,19,hs,0.0182,0.005162
530330077002,20,hs,0.0062,0.001758
530330077002,21,hs,0.0179,0.00508
530330077002,22,hs,0.0088,0.002486
530330077002,23,hs,0.1467,0.041586
530330077002,24,hs,0.0262,0.007425
530330077003,11,hs,0.0227,0.001501
530330077003,12,hs,0.3857,0.025543
530330077003,13,hs,0.3536,0.023414
530330077003,14,hs,13.1633,0.871757
530330077003,15,hs,0.101,0.006691
530330077003,17,hs,0.0981,0.006498
530330077003,18,hs,0.0166,0.001098
530330077003,19,hs,0.0779,0.005162
530330077003,20,hs,0.0265,0.001758
530330077003,21,hs,0.0767,0.00508
530330077003,22,hs,0.0375,0.002486
530330077003,23,hs,0.6279,0.041586
530330077003,24,hs,0.1121,0.007425
530330078001,11,hs,0.0042,0.001501
530330078001,12,hs,0.072,0.025543
530330078001,13,hs,0.066,0.023414
530330078001,14,hs,2.457,0.871757
530330078001,15,hs,0.0189,0.006691
530330078001,17,hs,0.0183,0.006498
530330078001,18,hs,0.0031,0.001098
530330078001,19,hs,0.0145,0.005162
530330078001,20,hs,0.005,0.001758
530330078001,21,hs,0.0143,0.00508
530330078001,22,hs,0.007,0.002486
530330078001,23,hs,0.1172,0.041586
530330078001,24,hs,0.0209,0.007425
530330078002,11,hs,0.084,0.001501
530330078002,12,hs,1.43,0.025543
530330078002,13,hs,1.3108,0.023414
530330078002,14,hs,48.8038,0.871757
530330078002,15,hs,0.3746,0.006691
530330078002,17,hs,0.3638,0.006498
530330078002,18,hs,0.0615,0.001098
530330078002,19,hs,0.289,0.005162
530330078002,20,hs,0.0984,0.001758
530330078002,21,hs,0.2844,0.00508
530330078002,22,hs,0.1392,0.002486
530330078002,23,hs,2.3281,0.041586
530330078002,24,hs,0.4157,0.007425
530330078003,11,hs,0.0605,0.001501
530330078003,12,hs,1.0287,0.025543
530330078003,13,hs,0.943,0.023414
530330078003,14,hs,35.1079,0.871757
530330078003,15,hs,0.2695,0.006691
530330078003,17,hs,0.2617,0.006498
530330078003,18,hs,0.0442,0.001098
530330078003,19,hs,0.2079,0.005162
530330078003,20,hs,0.0708,0.001758
530330078003,21,hs,0.2046,0.00508
530330078003,22,hs,0.1001,0.002486
530330078003,23,hs,1.6748,0.041586
530330078003,24,hs,0.299,0.007425
530330078004,11,hs,0.0655,0.001501
530330078004,12,hs,1.1139,0.025543
530330078004,13,hs,1.0211,0.023414
530330078004,14,hs,38.0169,0.871757
530330078004,15,hs,0.2918,0.006691
530330078004,17,hs,0.2834,0.006498
530330078004,18,hs,0.0479,0.001098
530330078004,19,hs,0.2251,0.005162
530330078004,20,hs,0.0767,0.001758
530330078004,21,hs,0.2215,0.00508
530330078004,22,hs,0.1084,0.002486
530330078004,23,hs,1.8136,0.041586
530330078004,24,hs,0.3238,0.007425
530330079011,11,hs,0.0406,0.001501
530330079011,12,hs,0.6916,0.025543
530330079011,13,hs,0.634,0.023414
530330079011,14,hs,23.6045,0.871757
530330079011,15,hs,0.1812,0.006691
530330079011,17,hs,0.1759,0.006498
530330079011,18,hs,0.0297,0.001098
530330079011,19,hs,0.1398,0.005162
530330079011,20,hs,0.0476,0.001758
530330079011,21,hs,0.1376,0.00508
530330079011,22,hs,0.0673,0.002486
530330079011,23,hs,1.126,0.041586
530330079011,24,hs,0.2011,0.007425
530330079021,11,hs,0.0245,0.001501
530330079021,12,hs,0.4175,0.025543
530330079021,13,hs,0.3827,0.023414
530330079021,14,hs,14.2482,0.871757
530330079021,15,hs,0.1094,0.006691
530330079021,17,hs,0.1062,0.006498
530330079021,18,hs,0.0179,0.001098
530330079021,19,hs,0.0844,0.005162
530330079021,20,hs,0.0287,0.001758
530330079021,21,hs,0.083,0.00508
530330079021,22,hs,0.0406,0.002486
530330079021,23,hs,0.6797,0.041586
530330079021,24,hs,0.1214,0.007425
530330079022,11,hs,0.01,0.001501
530330079022,12,hs,0.1697,0.025543
530330079022,13,hs,0.1556,0.023414
530330079022,14,hs,5.7931,0.871757
530330079022,15,hs,0.0445,0.006691
530330079022,17,hs,0.0432,0.006498
530330079022,18,hs,0.0073,0.001098
530330079022,19,hs,0.0343,0.005162
530330079022,20,hs,0.0117,0.001758
530330079022,21,hs,0.0338,0.00508
530330079022,22,hs,0.0165,0.002486
530330079022,23,hs,0.2764,0.041586
530330079022,24,hs,0.0493,0.007425
530330079023,11,hs,0.0734,0.001501
530330079023,12,hs,1.249,0.025543
530330079023,13,hs,1.1449,0.023414
530330079023,14,hs,42.6269,0.871757
530330079023,15,hs,0.3272,0.006691
530330079023,17,hs,0.3177,0.006498
530330079023,18,hs,0.0537,0.001098
530330079023,19,hs,0.2524,0.005162
530330079023,20,hs,0.086,0.001758
530330079023,21,hs,0.2484,0.00508
530330079023,22,hs,0.1216,0.002486
530330079023,23,hs,2.0335,0.041586
530330079023,24,hs,0.3631,0.007425
530330080023,11,hs,0.0827,0.001501
530330080023,12,hs,1.4076,0.025543
530330080023,13,hs,1.2903,0.023414
530330080023,14,hs,48.0401,0.871757
530330080023,15,hs,0.3687,0.006691
530330080023,17,hs,0.3581,0.006498
530330080023,18,hs,0.0605,0.001098
530330080023,19,hs,0.2845,0.005162
530330080023,20,hs,0.0969,0.001758
530330080023,21,hs,0.28,0.00508
530330080023,22,hs,0.137,0.002486
530330080023,23,hs,2.2917,0.041586
530330080023,24,hs,0.4092,0.007425
530330080032,11,hs,0.008,0.001501
530330080032,12,hs,0.1364,0.025543
530330080032,13,hs,0.125,0.023414
530330080032,14,hs,4.6544,0.871757
530330080032,15,hs,0.0357,0.006691
530330080032,17,hs,0.0347,0.006498
530330080032,18,hs,0.0059,0.001098
530330080032,19,hs,0.0276,0.005162
530330080032,20,hs,0.0094,0.001758
530330080032,21,hs,0.0271,0.00508
530330080032,22,hs,0.0133,0.002486
530330080032,23,hs,0.222,0.041586
530330080032,24,hs,0.0396,0.007425
530330080041,11,hs,0.0045,0.001501
530330080041,12,hs,0.0774,0.025543
530330080041,13,hs,0.0709,0.023414
530330080041,14,hs,2.6402,0.871757
530330080041,15,hs,0.0203,0.006691
530330080041,17,hs,0.0197,0.006498
530330080041,18,hs,0.0033,0.001098
530330080041,19,hs,0.0156,0.005162
530330080041,20,hs,0.0053,0.001758
530330080041,21,hs,0.0154,0.00508
530330080041,22,hs,0.0075,0.002486
530330080041,23,hs,0.126,0.041586
530330080041,24,hs,0.0225,0.007425
530330083001,11,hs,0.0026,0.001501
530330083001,12,hs,0.0438,0.025543
530330083001,13,hs,0.0402,0.023414
530330083001,14,hs,1.4961,0.871757
530330083001,15,hs,0.0115,0.006691
530330083001,17,hs,0.0112,0.006498
530330083001,18,hs,0.0019,0.001098
530330083001,19,hs,0.0089,0.005162
530330083001,20,hs,0.003,0.001758
530330083001,21,hs,0.0087,0.00508
530330083001,22,hs,0.0043,0.002486
530330083001,23,hs,0.0714,0.041586
530330083001,24,hs,0.0127,0.007425
530330083002,11,hs,0.02,0.001501
530330083002,12,hs,0.3409,0.025543
530330083002,13,hs,0.3125,0.023414
530330083002,14,hs,11.636,0.871757
530330083002,15,hs,0.0893,0.006691
530330083002,17,hs,0.0867,0.006498
530330083002,18,hs,0.0147,0.001098
530330083002,19,hs,0.0689,0.005162
530330083002,20,hs,0.0235,0.001758
530330083002,21,hs,0.0678,0.00508
530330083002,22,hs,0.0332,0.002486
530330083002,23,hs,0.5551,0.041586
530330083002,24,hs,0.0991,0.007425
530330084011,11,hs,0.0089,0.001501
530330084011,12,hs,0.151,0.025543
530330084011,13,hs,0.1384,0.023414
530330084011,14,hs,5.1531,0.871757
530330084011,15,hs,0.0396,0.006691
530330084011,17,hs,0.0384,0.006498
530330084011,18,hs,0.0065,0.001098
530330084011,19,hs,0.0305,0.005162
530330084011,20,hs,0.0104,0.001758
530330084011,21,hs,0.03,0.00508
530330084011,22,hs,0.0147,0.002486
530330084011,23,hs,0.2458,0.041586
530330084011,24,hs,0.0439,0.007425
530330084013,11,hs,0.0444,0.001501
530330084013,12,hs,0.7549,0.025543
530330084013,13,hs,0.692,0.023414
530330084013,14,hs,25.7654,0.871757
530330084013,15,hs,0.1978,0.006691
530330084013,17,hs,0.192,0.006498
530330084013,18,hs,0.0325,0.001098
530330084013,19,hs,0.1526,0.005162
530330084013,20,hs,0.052,0.001758
530330084013,21,hs,0.1501,0.00508
530330084013,22,hs,0.0735,0.002486
530330084013,23,hs,1.2291,0.041586
530330084013,24,hs,0.2195,0.007425
530330085002,11,hs,0.0558,0.001501
530330085002,12,hs,0.9498,0.025543
530330085002,13,hs,0.8706,0.023414
530330085002,14,hs,32.4146,0.871757
530330085002,15,hs,0.2488,0.006691
530330085002,17,hs,0.2416,0.006498
530330085002,18,hs,0.0408,0.001098
530330085002,19,hs,0.1919,0.005162
530330085002,20,hs,0.0654,0.001758
530330085002,21,hs,0.1889,0.00508
530330085002,22,hs,0.0924,0.002486
530330085002,23,hs,1.5463,0.041586
530330085002,24,hs,0.2761,0.007425
530330086002,11,hs,0.0616,0.001501
530330086002,12,hs,1.0484,0.025543
530330086002,13,hs,0.961,0.023414
530330086002,14,hs,35.7807,0.871757
530330086002,15,hs,0.2746,0.006691
530330086002,17,hs,0.2667,0.006498
530330086002,18,hs,0.0451,0.001098
530330086002,19,hs,0.2119,0.005162
530330086002,20,hs,0.0721,0.001758
530330086002,21,hs,0.2085,0.00508
530330086002,22,hs,0.102,0.002486
530330086002,23,hs,1.7069,0.041586
530330086002,24,hs,0.3048,0.007425
530330086003,11,hs,0.0182,0.001501
530330086003,12,hs,0.3105,0.025543
530330086003,13,hs,0.2846,0.023414
530330086003,14,hs,10.5971,0.871757
530330086003,15,hs,0.0813,0.006691
530330086003,17,hs,0.079,0.006498
530330086003,18,hs,0.0133,0.001098
530330086003,19,hs,0.0627,0.005162
530330086003,20,hs,0.0214,0.001758
530330086003,21,hs,0.0618,0.00508
530330086003,22,hs,0.0302,0.002486
530330086003,23,hs,0.5055,0.041586
530330086003,24,hs,0.0903,0.007425
530330086004,11,hs,0.0046,0.001501
530330086004,12,hs,0.0779,0.025543
530330086004,13,hs,0.0714,0.023414
530330086004,14,hs,2.6597,0.871757
530330086004,15,hs,0.0204,0.006691
530330086004,17,hs,0.0198,0.006498
530330086004,18,hs,0.0033,0.001098
530330086004,19,hs,0.0157,0.005162
530330086004,20,hs,0.0054,0.001758
530330086004,21,hs,0.0155,0.00508
530330086004,22,hs,0.0076,0.002486
530330086004,23,hs,0.1269,0.041586
530330086004,24,hs,0.0227,0.007425
530330087001,11,hs,0.0615,0.001501
530330087001,12,hs,1.0472,0.025543
530330087001,13,hs,0.9599,0.023414
530330087001,14,hs,35.7391,0.871757
530330087001,15,hs,0.2743,0.006691
530330087001,17,hs,0.2664,0.006498
530330087001,18,hs,0.045,0.001098
530330087001,19,hs,0.2116,0.005162
530330087001,20,hs,0.0721,0.001758
530330087001,21,hs,0.2083,0.00508
530330087001,22,hs,0.1019,0.002486
530330087001,23,hs,1.7049,0.041586
530330087001,24,hs,0.3044,0.007425
530330087002,11,hs,0.0415,0.001501
530330087002,12,hs,0.7062,0.025543
530330087002,13,hs,0.6474,0.023414
530330087002,14,hs,24.1031,0.871757
530330087002,15,hs,0.185,0.006691
530330087002,17,hs,0.1797,0.006498
530330087002,18,hs,0.0304,0.001098
530330087002,19,hs,0.1427,0.005162
530330087002,20,hs,0.0486,0.001758
530330087002,21,hs,0.1405,0.00508
530330087002,22,hs,0.0687,0.002486
530330087002,23,hs,1.1498,0.041586
530330087002,24,hs,0.2053,0.007425
530330087003,11,hs,0.0132,0.001501
530330087003,12,hs,0.224,0.025543
530330087003,13,hs,0.2054,0.023414
530330087003,14,hs,7.6465,0.871757
530330087003,15,hs,0.0587,0.006691
530330087003,17,hs,0.057,0.006498
530330087003,18,hs,0.0096,0.001098
530330087003,19,hs,0.0453,0.005162
530330087003,20,hs,0.0154,0.001758
530330087003,21,hs,0.0446,0.00508
530330087003,22,hs,0.0218,0.002486
530330087003,23,hs,0.3648,0.041586
530330087003,24,hs,0.0651,0.007425
530330088001,11,hs,0.0318,0.001501
530330088001,12,hs,0.5406,0.025543
530330088001,13,hs,0.4956,0.023414
530330088001,14,hs,18.4516,0.871757
530330088001,15,hs,0.1416,0.006691
530330088001,17,hs,0.1375,0.006498
530330088001,18,hs,0.0232,0.001098
530330088001,19,hs,0.1093,0.005162
530330088001,20,hs,0.0372,0.001758
530330088001,21,hs,0.1075,0.00508
530330088001,22,hs,0.0526,0.002486
530330088001,23,hs,0.8802,0.041586
530330088001,24,hs,0.1572,0.007425
530330088002,11,hs,0.0226,0.001501
530330088002,12,hs,0.3841,0.025543
530330088002,13,hs,0.3521,0.023414
530330088002,14,hs,13.11,0.871757
530330088002,15,hs,0.1006,0.006691
530330088002,17,hs,0.0977,0.006498
530330088002,18,hs,0.0165,0.001098
530330088002,19,hs,0.0776,0.005162
530330088002,20,hs,0.0264,0.001758
530330088002,21,hs,0.0764,0.00508
530330088002,22,hs,0.0374,0.002486
530330088002,23,hs,0.6254,0.041586
530330088002,24,hs,0.1117,0.007425
530330088003,11,hs,0.0081,0.001501
530330088003,12,hs,0.137,0.025543
530330088003,13,hs,0.1256,0.023414
530330088003,14,hs,4.6761,0.871757
530330088003,15,hs,0.0359,0.006691
530330088003,17,hs,0.0349,0.006498
530330088003,18,hs,0.0059,0.001098
530330088003,19,hs,0.0277,0.005162
530330088003,20,hs,0.0094,0.001758
530330088003,21,hs,0.0273,0.00508
530330088003,22,hs,0.0133,0.002486
530330088003,23,hs,0.2231,0.041586
530330088003,24,hs,0.0398,0.007425
530330089001,11,hs,0.0283,0.001501
530330089001,12,hs,0.4819,0.025543
530330089001,13,hs,0.4417,0.023414
530330089001,14,hs,16.446,0.871757
530330089001,15,hs,0.1262,0.006691
530330089001,17,hs,0.1226,0.006498
530330089001,18,hs,0.0207,0.001098
530330089001,19,hs,0.0974,0.005162
530330089001,20,hs,0.0332,0.001758
530330089001,21,hs,0.0958,0.00508
530330089001,22,hs,0.0469,0.002486
530330089001,23,hs,0.7845,0.041586
530330089001,24,hs,0.1401,0.007425
530330089002,11,hs,0.1122,0.001501
530330089002,12,hs,1.9096,0.025543
530330089002,13,hs,1.7504,0.023414
530330089002,14,hs,65.1717,0.871757
530330089002,15,hs,0.5002,0.006691
530330089002,17,hs,0.4858,0.006498
530330089002,18,hs,0.0821,0.001098
530330089002,19,hs,0.3859,0.005162
530330089002,20,hs,0.1314,0.001758
530330089002,21,hs,0.3798,0.00508
530330089002,22,hs,0.1859,0.002486
530330089002,23,hs,3.109,0.041586
530330089002,24,hs,0.5551,0.007425
530330089003,11,hs,0.0173,0.001501
530330089003,12,hs,0.2943,0.025543
530330089003,13,hs,0.2697,0.023414
530330089003,14,hs,10.0432,0.871757
530330089003,15,hs,0.0771,0.006691
530330089003,17,hs,0.0749,0.006498
530330089003,18,hs,0.0126,0.001098
530330089003,19,hs,0.0595,0.005162
530330089003,20,hs,0.0203,0.001758
530330089003,21,hs,0.0585,0.00508
530330089003,22,hs,0.0286,0.002486
530330089003,23,hs,0.4791,0.041586
530330089003,24,hs,0.0855,0.007425
530330089004,11,hs,0.1286,0.001501
530330089004,12,hs,2.1891,0.025543
530330089004,13,hs,2.0066,0.023414
530330089004,14,hs,74.7101,0.871757
530330089004,15,hs,0.5735,0.006691
530330089004,17,hs,0.5569,0.006498
530330089004,18,hs,0.0941,0.001098
530330089004,19,hs,0.4424,0.005162
530330089004,20,hs,0.1506,0.001758
530330089004,21,hs,0.4354,0.00508
530330089004,22,hs,0.2131,0.002486
530330089004,23,hs,3.564,0.041586
530330089004,24,hs,0.6363,0.007425
530330090001,11,hs,0.0271,0.001496
530330090001,12,hs,0.4735,0.02614
530330090001,13,hs,0.4697,0.025928
530330090001,14,hs,15.7391,0.86885
530330090001,15,hs,0.1209,0.006672
530330090001,17,hs,0.1174,0.006479
530330090001,18,hs,0.0198,0.001095
530330090001,19,hs,0.0932,0.005148
530330090001,20,hs,0.0317,0.001752
530330090001,21,hs,0.0921,0.005086
530330090001,22,hs,0.0449,0.002479
530330090001,23,hs,0.7512,0.041471
530330090001,24,hs,0.1342,0.007406
530330090002,11,hs,0.0691,0.001501
530330090002,12,hs,1.1755,0.025543
530330090002,13,hs,1.0775,0.023414
530330090002,14,hs,40.1169,0.871757
530330090002,15,hs,0.3079,0.006691
530330090002,17,hs,0.299,0.006498
530330090002,18,hs,0.0505,0.001098
530330090002,19,hs,0.2375,0.005162
530330090002,20,hs,0.0809,0.001758
530330090002,21,hs,0.2338,0.00508
530330090002,22,hs,0.1144,0.002486
530330090002,23,hs,1.9137,0.041586
530330090002,24,hs,0.3417,0.007425
530330090003,11,hs,0.0171,0.001501
530330090003,12,hs,0.2906,0.025543
530330090003,13,hs,0.2664,0.023414
530330090003,14,hs,9.9179,0.871757
530330090003,15,hs,0.0761,0.006691
530330090003,17,hs,0.0739,0.006498
530330090003,18,hs,0.0125,0.001098
530330090003,19,hs,0.0587,0.005162
530330090003,20,hs,0.02,0.001758
530330090003,21,hs,0.0578,0.00508
530330090003,22,hs,0.0283,0.002486
530330090003,23,hs,0.4731,0.041586
530330090003,24,hs,0.0845,0.007425
530330091001,11,hs,0.0571,0.001497
530330091001,12,hs,0.9935,0.026052
530330091001,13,hs,0.9748,0.02556
530330091001,14,hs,33.1511,0.869276
530330091001,15,hs,0.2545,0.006675
530330091001,17,hs,0.2472,0.006481
530330091001,18,hs,0.0418,0.001095
530330091001,19,hs,0.1964,0.00515
530330091001,20,hs,0.0668,0.001753
530330091001,21,hs,0.1939,0.005085
530330091001,22,hs,0.0946,0.00248
530330091001,23,hs,1.5822,0.041488
530330091001,24,hs,0.2825,0.007409
530330091002,11,hs,0.0326,0.001487
530330091002,12,hs,0.5951,0.027139
530330091002,13,hs,0.6609,0.030141
530330091002,14,hs,18.9458,0.863981
530330091002,15,hs,0.1456,0.006639
530330091002,17,hs,0.1414,0.006447
530330091002,18,hs,0.0239,0.00109
530330091002,19,hs,0.1124,0.005124
530330091002,20,hs,0.0382,0.001742
530330091002,21,hs,0.1117,0.005095
530330091002,22,hs,0.0541,0.002467
530330091002,23,hs,0.9051,0.041277
530330091002,24,hs,0.1617,0.007373
530330092001,11,hs,0.0993,0.001501
530330092001,12,hs,1.6901,0.025543
530330092001,13,hs,1.5493,0.023414
530330092001,14,hs,57.6813,0.871757
530330092001,15,hs,0.4427,0.006691
530330092001,17,hs,0.4299,0.006498
530330092001,18,hs,0.0727,0.001098
530330092001,19,hs,0.3415,0.005162
530330092001,20,hs,0.1163,0.001758
530330092001,21,hs,0.3361,0.00508
530330092001,22,hs,0.1645,0.002486
530330092001,23,hs,2.7516,0.041586
530330092001,24,hs,0.4913,0.007425
530330093001,12,hs,7.8712,0.199416
530330093001,13,hs,29.8452,0.756126
530330093001,14,hs,0.9738,0.02467
530330093001,15,hs,0.0378,0.000957
530330093001,17,hs,0.0367,0.000929
530330093001,18,hs,0.0083,0.000209
530330093001,19,hs,0.0389,0.000984
530330093001,21,hs,0.2638,0.006684
530330093001,22,hs,0.014,0.000356
530330093001,23,hs,0.313,0.00793
530330093001,24,hs,0.0686,0.001738
530330093002,11,hs,0.0001,8.5e-05
530330093002,12,hs,0.2818,0.189618
530330093002,13,hs,1.0622,0.714833
530330093002,14,hs,0.1076,0.072408
530330093002,15,hs,0.0019,0.00128
530330093002,17,hs,0.0018,0.001243
530330093002,18,hs,0.0004,0.000259
530330093002,19,hs,0.0018,0.00122
530330093002,20,hs,0.0001,9.9e-05
530330093002,21,hs,0.0098,0.006594
530330093002,22,hs,0.0007,0.000476
530330093002,23,hs,0.0146,0.009827
530330093002,24,hs,0.0031,0.002058
530330093003,12,hs,11.8639,0.199416
530330093003,13,hs,44.9841,0.756126
530330093003,14,hs,1.4677,0.02467
530330093003,15,hs,0.0569,0.000957
530330093003,17,hs,0.0553,0.000929
530330093003,18,hs,0.0125,0.000209
530330093003,19,hs,0.0586,0.000984
530330093003,21,hs,0.3977,0.006684
530330093003,22,hs,0.0212,0.000356
530330093003,23,hs,0.4718,0.00793
530330093003,24,hs,0.1034,0.001738
530330094001,12,hs,0.4084,0.199416
530330094001,13,hs,1.5487,0.756126
530330094001,14,hs,0.0505,0.02467
530330094001,15,hs,0.002,0.000957
530330094001,17,hs,0.0019,0.000929
530330094001,18,hs,0.0004,0.000209
530330094001,19,hs,0.002,0.000984
530330094001,21,hs,0.0137,0.006684
530330094001,22,hs,0.0007,0.000356
530330094001,23,hs,0.0162,0.00793
530330094001,24,hs,0.0036,0.001738
530330094002,12,hs,18.2341,0.199416
530330094002,13,hs,69.1379,0.756126
530330094002,14,hs,2.2558,0.02467
530330094002,15,hs,0.0875,0.000957
530330094002,17,hs,0.085,0.000929
530330094002,18,hs,0.0191,0.000209
530330094002,19,hs,0.09,0.000984
530330094002,21,hs,0.6112,0.006684
530330094002,22,hs,0.0325,0.000356
530330094002,23,hs,0.7251,0.00793
530330094002,24,hs,0.1589,0.001738
530330094003,12,hs,0.4668,0.199416
530330094003,13,hs,1.7699,0.756126
530330094003,14,hs,0.0577,0.02467
530330094003,15,hs,0.0022,0.000957
530330094003,17,hs,0.0022,0.000929
530330094003,18,hs,0.0005,0.000209
530330094003,19,hs,0.0023,0.000984
530330094003,21,hs,0.0156,0.006684
530330094003,22,hs,0.0008,0.000356
530330094003,23,hs,0.0186,0.00793
530330094003,24,hs,0.0041,0.001738
530330094004,11,hs,0.0048,0.00033
530330094004,12,hs,2.3287,0.16124
530330094004,13,hs,8.5969,0.595249
530330094004,14,hs,3.0425,0.21066
530330094004,15,hs,0.032,0.002216
530330094004,17,hs,0.0311,0.002152
530330094004,18,hs,0.0058,0.000404
530330094004,19,hs,0.0275,0.001902
530330094004,20,hs,0.0056,0.000386
530330094004,21,hs,0.0915,0.006332
530330094004,22,hs,0.0119,0.000823
530330094004,23,hs,0.2213,0.01532
530330094004,24,hs,0.0431,0.002986
530330094005,12,hs,4.0199,0.199416
530330094005,13,hs,15.242,0.756126
530330094005,14,hs,0.4973,0.02467
530330094005,15,hs,0.0193,0.000957
530330094005,17,hs,0.0187,0.000929
530330094005,18,hs,0.0042,0.000209
530330094005,19,hs,0.0198,0.000984
530330094005,21,hs,0.1347,0.006684
530330094005,22,hs,0.0072,0.000356
530330094005,23,hs,0.1599,0.00793
530330094005,24,hs,0.035,0.001738
530330095001,11,hs,0.0012,0.0001
530330095001,12,hs,2.1852,0.187863
530330095001,13,hs,8.2289,0.707439
530330095001,14,hs,0.9417,0.080957
530330095001,15,hs,0.0156,0.001338
530330095001,17,hs,0.0151,0.001299
530330095001,18,hs,0.0031,0.000268
530330095001,19,hs,0.0147,0.001262
530330095001,20,hs,0.0014,0.000117
530330095001,21,hs,0.0765,0.006578
530330095001,22,hs,0.0058,0.000497
530330095001,23,hs,0.1183,0.010166
530330095001,24,hs,0.0246,0.002116
530330095002,11,hs,0.0022,0.00013
530330095002,12,hs,3.0729,0.184369
530330095002,13,hs,11.5456,0.692716
530330095002,14,hs,1.633,0.097978
530330095002,15,hs,0.0242,0.001453
530330095002,17,hs,0.0235,0.001411
530330095002,18,hs,0.0048,0.000286
530330095002,19,hs,0.0224,0.001346
530330095002,20,hs,0.0025,0.000152
530330095002,21,hs,0.1091,0.006545
530330095002,22,hs,0.009,0.00054
530330095002,23,hs,0.1807,0.010843
530330095002,24,hs,0.0372,0.00223
530330095003,12,hs,2.413,0.198911
530330095003,13,hs,9.1467,0.753998
530330095003,14,hs,0.3291,0.027131
530330095003,15,hs,0.0118,0.000974
530330095003,17,hs,0.0115,0.000945
530330095003,18,hs,0.0026,0.000212
530330095003,19,hs,0.0121,0.000996
530330095003,21,hs,0.081,0.00668
530330095003,22,hs,0.0044,0.000362
530330095003,23,hs,0.0974,0.008028
530330095003,24,hs,0.0213,0.001754
530330095004,12,hs,19.4467,0.199416
530330095004,13,hs,73.7358,0.756126
530330095004,14,hs,2.4058,0.02467
530330095004,15,hs,0.0933,0.000957
530330095004,17,hs,0.0906,0.000929
530330095004,18,hs,0.0204,0.000209
530330095004,19,hs,0.096,0.000984
530330095004,21,hs,0.6518,0.006684
530330095004,22,hs,0.0347,0.000356
530330095004,23,hs,0.7733,0.00793
530330095004,24,hs,0.1695,0.001738
530330096001,12,hs,0.3157,0.007993
530330096001,14,hs,0.023,0.000583
530330096001,15,hs,0.0108,0.000274
530330096001,18,hs,0.2603,0.00659
530330096001,19,hs,38.4593,0.973803
530330096001,23,hs,0.283,0.007165
530330096001,24,hs,0.1418,0.003591
530330096002,12,hs,0.007,0.007993
530330096002,14,hs,0.0005,0.000583
530330096002,15,hs,0.0002,0.000274
530330096002,18,hs,0.0057,0.00659
530330096002,19,hs,0.8477,0.973803
530330096002,23,hs,0.0062,0.007165
530330096002,24,hs,0.0031,0.003591
530330096003,12,hs,0.5559,0.007993
530330096003,14,hs,0.0406,0.000583
530330096003,15,hs,0.019,0.000274
530330096003,18,hs,0.4583,0.00659
530330096003,19,hs,67.7216,0.973803
530330096003,23,hs,0.4983,0.007165
530330096003,24,hs,0.2497,0.003591
530330096004,12,hs,0.265,0.007993
530330096004,14,hs,0.0193,0.000583
530330096004,15,hs,0.0091,0.000274
530330096004,18,hs,0.2185,0.00659
530330096004,19,hs,32.2804,0.973803
530330096004,23,hs,0.2375,0.007165
530330096004,24,hs,0.119,0.003591
530330097011,12,hs,0.0181,0.007993
530330097011,14,hs,0.0013,0.000583
530330097011,15,hs,0.0006,0.000274
530330097011,18,hs,0.0149,0.00659
530330097011,19,hs,2.2042,0.973803
530330097011,23,hs,0.0162,0.007165
530330097011,24,hs,0.0081,0.003591
530330097012,12,hs,0.3445,0.007993
530330097012,14,hs,0.0251,0.000583
530330097012,15,hs,0.0118,0.000274
530330097012,18,hs,0.2841,0.00659
530330097012,19,hs,41.9741,0.973803
530330097012,23,hs,0.3089,0.007165
530330097012,24,hs,0.1548,0.003591
530330097013,12,hs,0.0641,0.007993
530330097013,14,hs,0.0047,0.000583
530330097013,15,hs,0.0022,0.000274
530330097013,18,hs,0.0529,0.00659
530330097013,19,hs,7.8135,0.973803
530330097013,23,hs,0.0575,0.007165
530330097013,24,hs,0.0288,0.003591
530330097014,12,hs,0.2276,0.007993
530330097014,14,hs,0.0166,0.000583
530330097014,15,hs,0.0078,0.000274
530330097014,18,hs,0.1877,0.00659
530330097014,19,hs,27.7324,0.973803
530330097014,23,hs,0.2041,0.007165
530330097014,24,hs,0.1023,0.003591
530330097021,12,hs,0.2114,0.007993
530330097021,14,hs,0.0154,0.000583
530330097021,15,hs,0.0072,0.000274
530330097021,18,hs,0.1743,0.00659
530330097021,19,hs,25.7537,0.973803
530330097021,23,hs,0.1895,0.007165
530330097021,24,hs,0.095,0.003591
530330097022,12,hs,0.3493,0.007993
530330097022,14,hs,0.0255,0.000583
530330097022,15,hs,0.012,0.000274
530330097022,18,hs,0.288,0.00659
530330097022,19,hs,42.5515,0.973803
530330097022,23,hs,0.3131,0.007165
530330097022,24,hs,0.1569,0.003591
530330097023,12,hs,0.2932,0.007993
530330097023,14,hs,0.0214,0.000583
530330097023,15,hs,0.01,0.000274
530330097023,18,hs,0.2417,0.00659
530330097023,19,hs,35.7174,0.973803
530330097023,23,hs,0.2628,0.007165
530330097023,24,hs,0.1317,0.003591
530330097024,12,hs,0.8075,0.007993
530330097024,14,hs,0.0589,0.000583
530330097024,15,hs,0.0277,0.000274
530330097024,18,hs,0.6658,0.00659
530330097024,19,hs,98.3762,0.973803
530330097024,23,hs,0.7239,0.007165
530330097024,24,hs,0.3628,0.003591
530330098011,12,hs,0.1878,0.007993
530330098011,14,hs,0.0137,0.000583
530330098011,15,hs,0.0064,0.000274
530330098011,18,hs,0.1548,0.00659
530330098011,19,hs,22.8749,0.973803
530330098011,23,hs,0.1683,0.007165
530330098011,24,hs,0.0844,0.003591
530330098012,12,hs,0.5682,0.007993
530330098012,14,hs,0.0415,0.000583
530330098012,15,hs,0.0195,0.000274
530330098012,18,hs,0.4685,0.00659
530330098012,19,hs,69.2258,0.973803
530330098012,23,hs,0.5094,0.007165
530330098012,24,hs,0.2553,0.003591
530330098021,12,hs,0.2627,0.007993
530330098021,14,hs,0.0192,0.000583
530330098021,15,hs,0.009,0.000274
530330098021,18,hs,0.2166,0.00659
530330098021,19,hs,32.0066,0.973803
530330098021,23,hs,0.2355,0.007165
530330098021,24,hs,0.118,0.003591
530330098022,12,hs,0.1297,0.007993
530330098022,14,hs,0.0095,0.000583
530330098022,15,hs,0.0044,0.000274
530330098022,18,hs,0.1069,0.00659
530330098022,19,hs,15.8029,0.973803
530330098022,23,hs,0.1163,0.007165
530330098022,24,hs,0.0583,0.003591
530330098023,12,hs,0.2675,0.007993
530330098023,14,hs,0.0195,0.000583
530330098023,15,hs,0.0092,0.000274
530330098023,18,hs,0.2206,0.00659
530330098023,19,hs,32.5929,0.973803
530330098023,23,hs,0.2398,0.007165
530330098023,24,hs,0.1202,0.003591
530330099001,12,hs,0.007,0.007993
530330099001,14,hs,0.0005,0.000583
530330099001,15,hs,0.0002,0.000274
530330099001,18,hs,0.0057,0.00659
530330099001,19,hs,0.8471,0.973803
530330099001,23,hs,0.0062,0.007165
530330099001,24,hs,0.0031,0.003591
530330099003,12,hs,0.2102,0.007993
530330099003,14,hs,0.0153,0.000583
530330099003,15,hs,0.0072,0.000274
530330099003,18,hs,0.1733,0.00659
530330099003,19,hs,25.611,0.973803
530330099003,23,hs,0.1885,0.007165
530330099003,24,hs,0.0944,0.003591
530330099004,12,hs,0.501,0.012144
530330099004,13,hs,0.6765,0.016397
530330099004,14,hs,0.0456,0.001106
530330099004,15,hs,0.0119,0.000289
530330099004,17,hs,0.0008,2e-05
530330099004,18,hs,0.2662,0.006452
530330099004,19,hs,39.3048,0.952707
530330099004,21,hs,0.006,0.000145
530330099004,22,hs,0.0003,8e-06
530330099004,23,hs,0.2963,0.007182
530330099004,24,hs,0.1465,0.003551
530330100011,12,hs,3.9652,0.199416
530330100011,13,hs,15.0348,0.756126
530330100011,14,hs,0.4905,0.02467
530330100011,15,hs,0.019,0.000957
530330100011,17,hs,0.0185,0.000929
530330100011,18,hs,0.0042,0.000209
530330100011,19,hs,0.0196,0.000984
530330100011,21,hs,0.1329,0.006684
530330100011,22,hs,0.0071,0.000356
530330100011,23,hs,0.1577,0.00793
530330100011,24,hs,0.0346,0.001738
530330100012,12,hs,9.372,0.199416
530330100012,13,hs,35.5358,0.756126
530330100012,14,hs,1.1594,0.02467
530330100012,15,hs,0.045,0.000957
530330100012,17,hs,0.0437,0.000929
530330100012,18,hs,0.0098,0.000209
530330100012,19,hs,0.0463,0.000984
530330100012,21,hs,0.3141,0.006684
530330100012,22,hs,0.0167,0.000356
530330100012,23,hs,0.3727,0.00793
530330100012,24,hs,0.0817,0.001738
530330100013,12,hs,21.9627,0.199416
530330100013,13,hs,83.2758,0.756126
530330100013,14,hs,2.717,0.02467
530330100013,15,hs,0.1054,0.000957
530330100013,17,hs,0.1023,0.000929
530330100013,18,hs,0.0231,0.000209
530330100013,19,hs,0.1084,0.000984
530330100013,21,hs,0.7362,0.006684
530330100013,22,hs,0.0392,0.000356
530330100013,23,hs,0.8734,0.00793
530330100013,24,hs,0.1914,0.001738
530330100021,12,hs,10.574,0.199416
530330100021,13,hs,40.0933,0.756126
530330100021,14,hs,1.3081,0.02467
530330100021,15,hs,0.0507,0.000957
530330100021,17,hs,0.0493,0.000929
530330100021,18,hs,0.0111,0.000209
530330100021,19,hs,0.0522,0.000984
530330100021,21,hs,0.3544,0.006684
530330100021,22,hs,0.0189,0.000356
530330100021,23,hs,0.4205,0.00793
530330100021,24,hs,0.0921,0.001738
530330100022,12,hs,3.8399,0.199416
530330100022,13,hs,14.5599,0.756126
530330100022,14,hs,0.475,0.02467
530330100022,15,hs,0.0184,0.000957
530330100022,17,hs,0.0179,0.000929
530330100022,18,hs,0.004,0.000209
530330100022,19,hs,0.019,0.000984
530330100022,21,hs,0.1287,0.006684
530330100022,22,hs,0.0068,0.000356
530330100022,23,hs,0.1527,0.00793
530330100022,24,hs,0.0335,0.001738
530330100023,12,hs,6.2337,0.199416
530330100023,13,hs,23.6364,0.756126
530330100023,14,hs,0.7712,0.02467
530330100023,15,hs,0.0299,0.000957
530330100023,17,hs,0.029,0.000929
530330100023,18,hs,0.0065,0.000209
530330100023,19,hs,0.0308,0.000984
530330100023,21,hs,0.209,0.006684
530330100023,22,hs,0.0111,0.000356
530330100023,23,hs,0.2479,0.00793
530330100023,24,hs,0.0543,0.001738
530330101011,12,hs,1.4806,0.199416
530330101011,13,hs,5.6139,0.756126
530330101011,14,hs,0.1832,0.02467
530330101011,15,hs,0.0071,0.000957
530330101011,17,hs,0.0069,0.000929
530330101011,18,hs,0.0016,0.000209
530330101011,19,hs,0.0073,0.000984
530330101011,21,hs,0.0496,0.006684
530330101011,22,hs,0.0026,0.000356
530330101011,23,hs,0.0589,0.00793
530330101011,24,hs,0.0129,0.001738
530330101012,12,hs,11.7013,0.199416
530330101012,13,hs,44.3679,0.756126
530330101012,14,hs,1.4476,0.02467
530330101012,15,hs,0.0562,0.000957
530330101012,17,hs,0.0545,0.000929
530330101012,18,hs,0.0123,0.000209
530330101012,19,hs,0.0578,0.000984
530330101012,21,hs,0.3922,0.006684
530330101012,22,hs,0.0209,0.000356
530330101012,23,hs,0.4653,0.00793
530330101012,24,hs,0.102,0.001738
530330101013,12,hs,5.7927,0.199416
530330101013,13,hs,21.9639,0.756126
530330101013,14,hs,0.7166,0.02467
530330101013,15,hs,0.0278,0.000957
530330101013,17,hs,0.027,0.000929
530330101013,18,hs,0.0061,0.000209
530330101013,19,hs,0.0286,0.000984
530330101013,21,hs,0.1942,0.006684
530330101013,22,hs,0.0103,0.000356
530330101013,23,hs,0.2304,0.00793
530330101013,24,hs,0.0505,0.001738
530330101021,12,hs,0.9792,0.19977
530330101021,13,hs,3.6926,0.753335
530330101021,14,hs,0.1212,0.024719
530330101021,15,hs,0.0047,0.000957
530330101021,17,hs,0.0046,0.000936
530330101021,18,hs,0.001,0.00021
530330101021,19,hs,0.0048,0.00098
530330101021,21,hs,0.0443,0.009034
530330101021,22,hs,0.0017,0.000354
530330101021,23,hs,0.039,0.007961
530330101021,24,hs,0.0085,0.001744
530330101022,12,hs,9.1732,0.199416
530330101022,13,hs,34.7818,0.756126
530330101022,14,hs,1.1348,0.02467
530330101022,15,hs,0.044,0.000957
530330101022,17,hs,0.0427,0.000929
530330101022,18,hs,0.0096,0.000209
530330101022,19,hs,0.0453,0.000984
530330101022,21,hs,0.3075,0.006684
530330101022,22,hs,0.0164,0.000356
530330101022,23,hs,0.3648,0.00793
530330101022,24,hs,0.0799,0.001738
530330101023,12,hs,8.0688,0.199416
530330101023,13,hs,30.5943,0.756126
530330101023,14,hs,0.9982,0.02467
530330101023,15,hs,0.0387,0.000957
530330101023,17,hs,0.0376,0.000929
530330101023,18,hs,0.0085,0.000209
530330101023,19,hs,0.0398,0.000984
530330101023,21,hs,0.2705,0.006684
530330101023,22,hs,0.0144,0.000356
530330101023,23,hs,0.3209,0.00793
530330101023,24,hs,0.0703,0.001738
530330102001,12,hs,19.8861,0.199443
530330102001,13,hs,75.3709,0.755917
530330102001,14,hs,2.4602,0.024674
530330102001,15,hs,0.0954,0.000957
530330102001,17,hs,0.0927,0.00093
530330102001,18,hs,0.0209,0.000209
530330102001,19,hs,0.0981,0.000984
530330102001,21,hs,0.684,0.00686
530330102001,22,hs,0.0354,0.000355
530330102001,23,hs,0.7909,0.007932
530330102001,24,hs,0.1733,0.001738
530330102002,12,hs,2.9304,0.284016
530330102002,13,hs,0.918,0.088975
530330102002,14,hs,0.3747,0.036315
530330102002,15,hs,0.0109,0.001056
530330102002,17,hs,0.026,0.002523
530330102002,18,hs,0.003,0.000287
530330102002,19,hs,0.0003,2.9e-05
530330102002,21,hs,5.8632,0.568262
530330102002,22,hs,0.0001,1.1e-05
530330102002,23,hs,0.1585,0.015364
530330102002,24,hs,0.0326,0.003162
530330102003,12,hs,5.687,0.248232
530330102003,13,hs,8.5033,0.371164
530330102003,14,hs,0.7191,0.031389
530330102003,15,hs,0.0232,0.001014
530330102003,17,hs,0.0424,0.001849
530330102003,18,hs,0.0058,0.000254
530330102003,19,hs,0.0099,0.000433
530330102003,21,hs,7.5769,0.330728
530330102003,22,hs,0.0036,0.000156
530330102003,23,hs,0.2799,0.012219
530330102003,24,hs,0.0586,0.00256
530330102004,12,hs,9.2456,0.199416
530330102004,13,hs,35.0566,0.756126
530330102004,14,hs,1.1438,0.02467
530330102004,15,hs,0.0444,0.000957
530330102004,17,hs,0.0431,0.000929
530330102004,18,hs,0.0097,0.000209
530330102004,19,hs,0.0456,0.000984
530330102004,21,hs,0.3099,0.006684
530330102004,22,hs,0.0165,0.000356
530330102004,23,hs,0.3677,0.00793
530330102004,24,hs,0.0806,0.001738
530330103011,12,hs,11.2654,0.199416
530330103011,13,hs,42.7151,0.756126
530330103011,14,hs,1.3937,0.02467
530330103011,15,hs,0.0541,0.000957
530330103011,17,hs,0.0525,0.000929
530330103011,18,hs,0.0118,0.000209
530330103011,19,hs,0.0556,0.000984
530330103011,21,hs,0.3776,0.006684
530330103011,22,hs,0.0201,0.000356
530330103011,23,hs,0.448,0.00793
530330103011,24,hs,0.0982,0.001738
530330103012,12,hs,6.0677,0.201037
530330103012,13,hs,22.4357,0.74335
530330103012,14,hs,0.7513,0.024893
530330103012,15,hs,0.0289,0.000959
530330103012,17,hs,0.029,0.00096
530330103012,18,hs,0.0064,0.000211
530330103012,19,hs,0.0292,0.000966
530330103012,21,hs,0.5263,0.017438
530330103012,22,hs,0.0105,0.000349
530330103012,23,hs,0.2436,0.008072
530330103012,24,hs,0.0533,0.001765
530330103013,12,hs,1.9565,0.199416
530330103013,13,hs,7.4186,0.756126
530330103013,14,hs,0.242,0.02467
530330103013,15,hs,0.0094,0.000957
530330103013,17,hs,0.0091,0.000929
530330103013,18,hs,0.0021,0.000209
530330103013,19,hs,0.0097,0.000984
530330103013,21,hs,0.0656,0.006684
530330103013,22,hs,0.0035,0.000356
530330103013,23,hs,0.0778,0.00793
530330103013,24,hs,0.017,0.001738
530330103021,12,hs,1.2133,0.199416
530330103021,13,hs,4.6005,0.756126
530330103021,14,hs,0.1501,0.02467
530330103021,15,hs,0.0058,0.000957
530330103021,17,hs,0.0057,0.000929
530330103021,18,hs,0.0013,0.000209
530330103021,19,hs,0.006,0.000984
530330103021,21,hs,0.0407,0.006684
530330103021,22,hs,0.0022,0.000356
530330103021,23,hs,0.0482,0.00793
530330103021,24,hs,0.0106,0.001738
530330103022,12,hs,9.2262,0.199416
530330103022,13,hs,34.9829,0.756126
530330103022,14,hs,1.1414,0.02467
530330103022,15,hs,0.0443,0.000957
530330103022,17,hs,0.043,0.000929
530330103022,18,hs,0.0097,0.000209
530330103022,19,hs,0.0455,0.000984
530330103022,21,hs,0.3093,0.006684
530330103022,22,hs,0.0165,0.000356
530330103022,23,hs,0.3669,0.00793
530330103022,24,hs,0.0804,0.001738
530330103023,12,hs,0.2075,0.199416
530330103023,13,hs,0.7869,0.756126
530330103023,14,hs,0.0257,0.02467
530330103023,15,hs,0.001,0.000957
530330103023,17,hs,0.001,0.000929
530330103023,18,hs,0.0002,0.000209
530330103023,19,hs,0.001,0.000984
530330103023,21,hs,0.007,0.006684
530330103023,22,hs,0.0004,0.000356
530330103023,23,hs,0.0083,0.00793
530330103023,24,hs,0.0018,0.001738
530330104011,12,hs,4.185,0.199416
530330104011,13,hs,15.8682,0.756126
530330104011,14,hs,0.5177,0.02467
530330104011,15,hs,0.0201,0.000957
530330104011,17,hs,0.0195,0.000929
530330104011,18,hs,0.0044,0.000209
530330104011,19,hs,0.0207,0.000984
530330104011,21,hs,0.1403,0.006684
530330104011,22,hs,0.0075,0.000356
530330104011,23,hs,0.1664,0.00793
530330104011,24,hs,0.0365,0.001738
530330104012,12,hs,21.2934,0.199416
530330104012,13,hs,80.7379,0.756126
530330104012,14,hs,2.6342,0.02467
530330104012,15,hs,0.1022,0.000957
530330104012,17,hs,0.0992,0.000929
530330104012,18,hs,0.0224,0.000209
530330104012,19,hs,0.1051,0.000984
530330104012,21,hs,0.7137,0.006684
530330104012,22,hs,0.038,0.000356
530330104012,23,hs,0.8468,0.00793
530330104012,24,hs,0.1855,0.001738
530330104013,12,hs,7.7937,0.199416
530330104013,13,hs,29.5512,0.756126
530330104013,14,hs,0.9642,0.02467
530330104013,15,hs,0.0374,0.000957
530330104013,17,hs,0.0363,0.000929
530330104013,18,hs,0.0082,0.000209
530330104013,19,hs,0.0385,0.000984
530330104013,21,hs,0.2612,0.006684
530330104013,22,hs,0.0139,0.000356
530330104013,23,hs,0.3099,0.00793
530330104013,24,hs,0.0679,0.001738
530330104021,12,hs,1.1085,0.199424
530330104021,13,hs,4.2025,0.756064
530330104021,14,hs,0.1371,0.024671
530330104021,15,hs,0.0053,0.000957
530330104021,17,hs,0.0052,0.000929
530330104021,18,hs,0.0012,0.000209
530330104021,19,hs,0.0055,0.000984
530330104021,21,hs,0.0374,0.006737
530330104021,22,hs,0.002,0.000356
530330104021,23,hs,0.0441,0.007931
530330104021,24,hs,0.0097,0.001738
530330104022,12,hs,2.7977,0.199416
530330104022,13,hs,10.6081,0.756126
530330104022,14,hs,0.3461,0.02467
530330104022,15,hs,0.0134,0.000957
530330104022,17,hs,0.013,0.000929
530330104022,18,hs,0.0029,0.000209
530330104022,19,hs,0.0138,0.000984
530330104022,21,hs,0.0938,0.006684
530330104022,22,hs,0.005,0.000356
530330104022,23,hs,0.1113,0.00793
530330104022,24,hs,0.0244,0.001738
530330104023,12,hs,2.1032,0.199474
530330104023,13,hs,7.9675,0.755674
530330104023,14,hs,0.2602,0.024678
530330104023,15,hs,0.0101,0.000957
530330104023,17,hs,0.0098,0.00093
530330104023,18,hs,0.0022,0.000209
530330104023,19,hs,0.0104,0.000984
530330104023,21,hs,0.0745,0.007064
530330104023,22,hs,0.0037,0.000355
530330104023,23,hs,0.0837,0.007935
530330104023,24,hs,0.0183,0.001739
530330104024,12,hs,19.0499,0.199416
530330104024,13,hs,72.2314,0.756126
530330104024,14,hs,2.3567,0.02467
530330104024,15,hs,0.0914,0.000957
530330104024,17,hs,0.0888,0.000929
530330104024,18,hs,0.02,0.000209
530330104024,19,hs,0.094,0.000984
530330104024,21,hs,0.6385,0.006684
530330104024,22,hs,0.034,0.000356
530330104024,23,hs,0.7575,0.00793
530330104024,24,hs,0.166,0.001738
530330105011,12,hs,0.0207,0.007993
530330105011,14,hs,0.0015,0.000583
530330105011,15,hs,0.0007,0.000274
530330105011,18,hs,0.0171,0.00659
530330105011,19,hs,2.521,0.973803
530330105011,23,hs,0.0186,0.007165
530330105011,24,hs,0.0093,0.003591
530330105012,12,hs,0.2238,0.007993
530330105012,14,hs,0.0163,0.000583
530330105012,15,hs,0.0077,0.000274
530330105012,18,hs,0.1845,0.00659
530330105012,19,hs,27.2662,0.973803
530330105012,23,hs,0.2006,0.007165
530330105012,24,hs,0.1005,0.003591
530330105013,12,hs,0.0497,0.007993
530330105013,14,hs,0.0036,0.000583
530330105013,15,hs,0.0017,0.000274
530330105013,18,hs,0.0409,0.00659
530330105013,19,hs,6.0504,0.973803
530330105013,23,hs,0.0445,0.007165
530330105013,24,hs,0.0223,0.003591
530330105021,12,hs,0.0209,0.007993
530330105021,14,hs,0.0015,0.000583
530330105021,15,hs,0.0007,0.000274
530330105021,18,hs,0.0172,0.00659
530330105021,19,hs,2.5457,0.973803
530330105021,23,hs,0.0187,0.007165
530330105021,24,hs,0.0094,0.003591
530330105022,12,hs,0.0743,0.007993
530330105022,14,hs,0.0054,0.000583
530330105022,15,hs,0.0025,0.000274
530330105022,18,hs,0.0613,0.00659
530330105022,19,hs,9.0522,0.973803
530330105022,23,hs,0.0666,0.007165
530330105022,24,hs,0.0334,0.003591
530330105023,12,hs,0.0702,0.007993
530330105023,14,hs,0.0051,0.000583
530330105023,15,hs,0.0024,0.000274
530330105023,18,hs,0.0579,0.00659
530330105023,19,hs,8.5536,0.973803
530330105023,23,hs,0.0629,0.007165
530330105023,24,hs,0.0315,0.003591
530330105024,12,hs,0.0815,0.007993
530330105024,14,hs,0.0059,0.000583
530330105024,15,hs,0.0028,0.000274
530330105024,18,hs,0.0672,0.00659
530330105024,19,hs,9.9298,0.973803
530330105024,23,hs,0.0731,0.007165
530330105024,24,hs,0.0366,0.003591
530330106011,12,hs,0.0243,0.008004
530330106011,14,hs,0.0018,0.000584
530330106011,15,hs,0.0008,0.000274
530330106011,18,hs,0.0204,0.006708
530330106011,19,hs,2.9563,0.973664
530330106011,23,hs,0.0218,0.00717
530330106011,24,hs,0.0109,0.003595
530330106012,12,hs,0.1366,0.008018
530330106012,14,hs,0.01,0.000584
530330106012,15,hs,0.0047,0.000275
530330106012,18,hs,0.117,0.006867
530330106012,19,hs,16.5849,0.973477
530330106012,23,hs,0.1223,0.007177
530330106012,24,hs,0.0613,0.003599
530330106013,12,hs,0.05,0.008017
530330106013,14,hs,0.0036,0.000584
530330106013,15,hs,0.0017,0.000275
530330106013,18,hs,0.0428,0.006858
530330106013,19,hs,6.0757,0.973487
530330106013,23,hs,0.0448,0.007177
530330106013,24,hs,0.0225,0.003599
530330106021,12,hs,0.2955,0.007993
530330106021,14,hs,0.0216,0.000583
530330106021,15,hs,0.0101,0.000274
530330106021,18,hs,0.2437,0.00659
530330106021,19,hs,36.0055,0.973803
530330106021,23,hs,0.2649,0.007165
530330106021,24,hs,0.1328,0.003591
530330106022,12,hs,0.2386,0.007993
530330106022,14,hs,0.0174,0.000583
530330106022,15,hs,0.0082,0.000274
530330106022,18,hs,0.1967,0.00659
530330106022,19,hs,29.0665,0.973803
530330106022,23,hs,0.2139,0.007165
530330106022,24,hs,0.1072,0.003591
530330106023,12,hs,0.4657,0.007993
530330106023,14,hs,0.034,0.000583
530330106023,15,hs,0.016,0.000274
530330106023,18,hs,0.384,0.00659
530330106023,19,hs,56.7371,0.973803
530330106023,23,hs,0.4175,0.007165
530330106023,24,hs,0.2092,0.003591
530330107011,12,hs,5.3735,0.067386
530330107011,14,hs,0.2124,0.002664
530330107011,15,hs,0.1994,0.002501
530330107011,17,hs,0.3227,0.004047
530330107011,18,hs,54.321,0.681212
530330107011,19,hs,14.358,0.180057
530330107011,20,hs,0.0655,0.000821
530330107011,21,hs,0.1514,0.001899
530330107011,23,hs,2.8266,0.035447
530330107011,24,hs,1.9111,0.023966
530330107012,12,hs,0.4225,0.067386
530330107012,14,hs,0.0167,0.002664
530330107012,15,hs,0.0157,0.002501
530330107012,17,hs,0.0254,0.004047
530330107012,18,hs,4.2713,0.681212
530330107012,19,hs,1.129,0.180057
530330107012,20,hs,0.0051,0.000821
530330107012,21,hs,0.0119,0.001899
530330107012,23,hs,0.2223,0.035447
530330107012,24,hs,0.1503,0.023966
530330107013,12,hs,0.9975,0.023706
530330107013,14,hs,0.0477,0.001134
530330107013,15,hs,0.0363,0.000863
530330107013,17,hs,0.0451,0.001071
530330107013,18,hs,7.7876,0.185069
530330107013,19,hs,32.1403,0.763808
530330107013,20,hs,0.0091,0.000217
530330107013,21,hs,0.0211,0.000502
530330107013,23,hs,0.6164,0.014648
530330107013,24,hs,0.3779,0.008982
530330107021,12,hs,0.5996,0.017222
530330107021,14,hs,0.0316,0.000907
530330107021,15,hs,0.0216,0.00062
530330107021,17,hs,0.0219,0.000629
530330107021,18,hs,3.8788,0.111419
530330107021,19,hs,29.6069,0.850464
530330107021,20,hs,0.0044,0.000128
530330107021,21,hs,0.0103,0.000295
530330107021,23,hs,0.4024,0.01156
530330107021,24,hs,0.2352,0.006757
530330107022,12,hs,2.9057,0.067386
530330107022,14,hs,0.1149,0.002664
530330107022,15,hs,0.1078,0.002501
530330107022,17,hs,0.1745,0.004047
530330107022,18,hs,29.3738,0.681212
530330107022,19,hs,7.764,0.180057
530330107022,20,hs,0.0354,0.000821
530330107022,21,hs,0.0819,0.001899
530330107022,23,hs,1.5285,0.035447
530330107022,24,hs,1.0334,0.023966
530330107023,12,hs,4.0167,0.067386
530330107023,14,hs,0.1588,0.002664
530330107023,15,hs,0.1491,0.002501
530330107023,17,hs,0.2413,0.004047
530330107023,18,hs,40.6057,0.681212
530330107023,19,hs,10.7328,0.180057
530330107023,20,hs,0.049,0.000821
530330107023,21,hs,0.1132,0.001899
530330107023,23,hs,2.1129,0.035447
530330107023,24,hs,1.4286,0.023966
530330108001,12,hs,0.6024,0.032924
530330108001,13,hs,0.3366,0.018398
530330108001,14,hs,0.0344,0.00188
530330108001,15,hs,0.0192,0.001051
530330108001,17,hs,0.0257,0.001404
530330108001,18,hs,4.3309,0.236711
530330108001,19,hs,12.4267,0.679194
530330108001,20,hs,0.0051,0.00028
530330108001,21,hs,0.0148,0.000811
530330108001,22,hs,0.0002,9e-06
530330108001,23,hs,0.3081,0.016838
530330108001,24,hs,0.1921,0.010501
530330108002,12,hs,3.8249,0.067382
530330108002,14,hs,0.1512,0.002664
530330108002,15,hs,0.1419,0.002501
530330108002,17,hs,0.2297,0.004047
530330108002,18,hs,38.6658,0.681166
530330108002,19,hs,10.2238,0.180111
530330108002,20,hs,0.0466,0.000821
530330108002,21,hs,0.1078,0.001899
530330108002,23,hs,2.012,0.035445
530330108002,24,hs,1.3603,0.023965
530330108003,12,hs,0.5274,0.008008
530330108003,14,hs,0.0385,0.000584
530330108003,15,hs,0.0181,0.000274
530330108003,18,hs,0.4449,0.006756
530330108003,19,hs,64.1158,0.973608
530330108003,23,hs,0.4723,0.007172
530330108003,24,hs,0.2368,0.003596
530330109001,12,hs,0.852,0.262828
530330109001,13,hs,0.825,0.254517
530330109001,14,hs,0.1083,0.033395
530330109001,15,hs,0.0033,0.001033
530330109001,17,hs,0.0069,0.002128
530330109001,18,hs,0.0028,0.000856
530330109001,19,hs,0.0014,0.000422
530330109001,21,hs,1.3886,0.428363
530330109001,22,hs,0.0003,9.6e-05
530330109001,23,hs,0.0439,0.013536
530330109001,24,hs,0.0092,0.002826
530330109002,12,hs,0.38,0.199259
530330109002,13,hs,1.4401,0.755226
530330109002,14,hs,0.047,0.024644
530330109002,15,hs,0.0018,0.000959
530330109002,17,hs,0.0018,0.000933
530330109002,18,hs,0.0019,0.00102
530330109002,19,hs,0.0023,0.001198
530330109002,21,hs,0.0127,0.006679
530330109002,22,hs,0.0007,0.000355
530330109002,23,hs,0.0152,0.007963
530330109002,24,hs,0.0034,0.001764
530330110011,12,hs,39.0652,0.286604
530330110011,13,hs,9.3461,0.068568
530330110011,14,hs,4.9984,0.036671
530330110011,15,hs,0.1444,0.001059
530330110011,17,hs,0.3505,0.002571
530330110011,18,hs,0.0395,0.00029
530330110011,21,hs,79.7978,0.58544
530330110011,23,hs,2.1251,0.015591
530330110011,24,hs,0.4369,0.003206
530330110012,12,hs,0.9793,0.224285
530330110012,13,hs,2.4451,0.560016
530330110012,14,hs,0.1227,0.028093
530330110012,15,hs,0.0043,0.000986
530330110012,17,hs,0.0061,0.001398
530330110012,18,hs,0.001,0.000232
530330110012,19,hs,0.0031,0.000704
530330110012,21,hs,0.7499,0.171761
530330110012,22,hs,0.0011,0.000254
530330110012,23,hs,0.0442,0.010115
530330110012,24,hs,0.0094,0.002156
530330110013,12,hs,2.6919,0.28647
530330110013,13,hs,0.6543,0.069625
530330110013,14,hs,0.3444,0.036652
530330110013,15,hs,0.01,0.001059
530330110013,17,hs,0.0241,0.002569
530330110013,18,hs,0.0027,0.00029
530330110013,21,hs,5.4929,0.58455
530330110013,23,hs,0.1464,0.015579
530330110013,24,hs,0.0301,0.003203
530330110021,12,hs,14.7711,0.274793
530330110021,13,hs,8.6926,0.161711
530330110021,14,hs,1.8838,0.035045
530330110021,15,hs,0.0562,0.001045
530330110021,17,hs,0.1263,0.002349
530330110021,18,hs,0.015,0.000279
530330110021,19,hs,0.0072,0.000133
530330110021,21,hs,27.2551,0.507037
530330110021,22,hs,0.0026,4.8e-05
530330110021,23,hs,0.7823,0.014553
530330110021,24,hs,0.1616,0.003007
530330110022,12,hs,12.1325,0.217586
530330110022,13,hs,34.1716,0.612838
530330110022,14,hs,1.515,0.027171
530330110022,15,hs,0.0545,0.000978
530330110022,17,hs,0.0709,0.001271
530330110022,18,hs,0.0126,0.000226
530330110022,19,hs,0.0434,0.000779
530330110022,21,hs,7.098,0.127297
530330110022,22,hs,0.0157,0.000281
530330110022,23,hs,0.5312,0.009527
530330110022,24,hs,0.114,0.002044
530330110023,12,hs,55.1992,0.286604
530330110023,13,hs,13.2064,0.06857
530330110023,14,hs,7.0627,0.036671
530330110023,15,hs,0.204,0.001059
530330110023,17,hs,0.4952,0.002571
530330110023,18,hs,0.0558,0.00029
530330110023,21,hs,112.7542,0.585439
530330110023,23,hs,3.0028,0.015591
530330110023,24,hs,0.6174,0.003206
530330111011,12,hs,1.338,0.199522
530330111011,13,hs,5.065,0.755297
530330111011,14,hs,0.1655,0.024685
530330111011,15,hs,0.0064,0.000957
530330111011,17,hs,0.0062,0.000931
530330111011,18,hs,0.0014,0.000209
530330111011,19,hs,0.0066,0.000983
530330111011,21,hs,0.0495,0.007382
530330111011,22,hs,0.0024,0.000355
530330111011,23,hs,0.0532,0.007939
530330111011,24,hs,0.0117,0.001739
530330111013,12,hs,2.9387,0.273214
530330111013,13,hs,1.8733,0.174159
530330111013,14,hs,0.3746,0.034828
530330111013,15,hs,0.0112,0.001044
530330111013,17,hs,0.0249,0.002319
530330111013,18,hs,0.003,0.000277
530330111013,19,hs,0.0016,0.000151
530330111013,21,hs,5.341,0.496558
530330111013,22,hs,0.0006,5.5e-05
530330111013,23,hs,0.155,0.014415
530330111013,24,hs,0.0321,0.00298
530330111014,12,hs,1.119,0.199441
530330111014,13,hs,4.2412,0.755933
530330111014,14,hs,0.1384,0.024673
530330111014,15,hs,0.0054,0.000957
530330111014,17,hs,0.0052,0.00093
530330111014,18,hs,0.0012,0.000209
530330111014,19,hs,0.0055,0.000984
530330111014,21,hs,0.0384,0.006846
530330111014,22,hs,0.002,0.000355
530330111014,23,hs,0.0445,0.007932
530330111014,24,hs,0.0098,0.001738
530330111021,12,hs,15.1597,0.286604
530330111021,13,hs,3.6269,0.068568
530330111021,14,hs,1.9397,0.036671
530330111021,15,hs,0.056,0.001059
530330111021,17,hs,0.136,0.002571
530330111021,18,hs,0.0153,0.00029
530330111021,21,hs,30.9664,0.58544
530330111021,23,hs,0.8247,0.015591
530330111021,24,hs,0.1696,0.003206
530330111022,12,hs,31.1746,0.286604
530330111022,13,hs,7.4583,0.068568
530330111022,14,hs,3.9888,0.036671
530330111022,15,hs,0.1152,0.001059
530330111022,17,hs,0.2797,0.002571
530330111022,18,hs,0.0315,0.00029
530330111022,21,hs,63.6797,0.58544
530330111022,23,hs,1.6959,0.015591
530330111022,24,hs,0.3487,0.003206
530330111023,12,hs,7.4134,0.286604
530330111023,13,hs,1.7736,0.068568
530330111023,14,hs,0.9485,0.036671
530330111023,15,hs,0.0274,0.001059
530330111023,17,hs,0.0665,0.002571
530330111023,18,hs,0.0075,0.00029
530330111023,21,hs,15.1431,0.58544
530330111023,23,hs,0.4033,0.015591
530330111023,24,hs,0.0829,0.003206
530330111024,12,hs,10.558,0.286604
530330111024,13,hs,2.5259,0.068568
530330111024,14,hs,1.3509,0.036671
530330111024,15,hs,0.039,0.001059
530330111024,17,hs,0.0947,0.002571
530330111024,18,hs,0.0107,0.00029
530330111024,21,hs,21.5665,0.58544
530330111024,23,hs,0.5743,0.015591
530330111024,24,hs,0.1181,0.003206
530330112001,12,hs,6.3238,0.067386
530330112001,14,hs,0.25,0.002664
530330112001,15,hs,0.2347,0.002501
530330112001,17,hs,0.3798,0.004047
530330112001,18,hs,63.9279,0.681212
530330112001,19,hs,16.8973,0.180057
530330112001,20,hs,0.0771,0.000821
530330112001,21,hs,0.1782,0.001899
530330112001,23,hs,3.3265,0.035447
530330112001,24,hs,2.2491,0.023966
530330112002,12,hs,6.593,0.068829
530330112002,13,hs,0.717,0.007486
530330112002,14,hs,0.2781,0.002903
530330112002,15,hs,0.238,0.002485
530330112002,17,hs,0.3846,0.004016
530330112002,18,hs,64.5664,0.674062
530330112002,19,hs,17.067,0.178176
530330112002,20,hs,0.0778,0.000813
530330112002,21,hs,0.2232,0.00233
530330112002,22,hs,0.0003,3e-06
530330112002,23,hs,3.3682,0.035163
530330112002,24,hs,2.2734,0.023734
530330112003,12,hs,7.2003,0.067386
530330112003,14,hs,0.2847,0.002664
530330112003,15,hs,0.2672,0.002501
530330112003,17,hs,0.4325,0.004047
530330112003,18,hs,72.7886,0.681212
530330112003,19,hs,19.2394,0.180057
530330112003,20,hs,0.0877,0.000821
530330112003,21,hs,0.2029,0.001899
530330112003,23,hs,3.7876,0.035447
530330112003,24,hs,2.5608,0.023966
530330113001,12,hs,6.9905,0.067386
530330113001,14,hs,0.2764,0.002664
530330113001,15,hs,0.2594,0.002501
530330113001,17,hs,0.4199,0.004047
530330113001,18,hs,70.6675,0.681212
530330113001,19,hs,18.6787,0.180057
530330113001,20,hs,0.0852,0.000821
530330113001,21,hs,0.197,0.001899
530330113001,23,hs,3.6772,0.035447
530330113001,24,hs,2.4862,0.023966
530330113002,12,hs,10.9724,0.067386
530330113002,14,hs,0.4338,0.002664
530330113002,15,hs,0.4072,0.002501
530330113002,17,hs,0.659,0.004047
530330113002,18,hs,110.9214,0.681212
530330113002,19,hs,29.3186,0.180057
530330113002,20,hs,0.1337,0.000821
530330113002,21,hs,0.3092,0.001899
530330113002,23,hs,5.7718,0.035447
530330113002,24,hs,3.9024,0.023966
530330113003,12,hs,3.0018,0.067386
530330113003,14,hs,0.1187,0.002664
530330113003,15,hs,0.1114,0.002501
530330113003,17,hs,0.1803,0.004047
530330113003,18,hs,30.3457,0.681212
530330113003,19,hs,8.0209,0.180057
530330113003,20,hs,0.0366,0.000821
530330113003,21,hs,0.0846,0.001899
530330113003,23,hs,1.579,0.035447
530330113003,24,hs,1.0676,0.023966
530330113004,12,hs,0.8982,0.067386
530330113004,14,hs,0.0355,0.002664
530330113004,15,hs,0.0333,0.002501
530330113004,17,hs,0.0539,0.004047
530330113004,18,hs,9.0798,0.681212
530330113004,19,hs,2.3999,0.180057
530330113004,20,hs,0.0109,0.000821
530330113004,21,hs,0.0253,0.001899
530330113004,23,hs,0.4725,0.035447
530330113004,24,hs,0.3194,0.023966
530330113005,12,hs,0.3499,0.067386
530330113005,14,hs,0.0138,0.002664
530330113005,15,hs,0.013,0.002501
530330113005,17,hs,0.021,0.004047
530330113005,18,hs,3.5376,0.681212
530330113005,19,hs,0.935,0.180057
530330113005,20,hs,0.0043,0.000821
530330113005,21,hs,0.0099,0.001899
530330113005,23,hs,0.1841,0.035447
530330113005,24,hs,0.1245,0.023966
530330114011,12,hs,0.8569,0.067386
530330114011,14,hs,0.0339,0.002664
530330114011,15,hs,0.0318,0.002501
530330114011,17,hs,0.0515,0.004047
530330114011,18,hs,8.6627,0.681212
530330114011,19,hs,2.2897,0.180057
530330114011,20,hs,0.0104,0.000821
530330114011,21,hs,0.0241,0.001899
530330114011,23,hs,0.4508,0.035447
530330114011,24,hs,0.3048,0.023966
530330114012,12,hs,5.7226,0.067386
530330114012,14,hs,0.2262,0.002664
530330114012,15,hs,0.2124,0.002501
530330114012,17,hs,0.3437,0.004047
530330114012,18,hs,57.8503,0.681212
530330114012,19,hs,15.2909,0.180057
530330114012,20,hs,0.0697,0.000821
530330114012,21,hs,0.1612,0.001899
530330114012,23,hs,3.0103,0.035447
530330114012,24,hs,2.0353,0.023966
530330114013,12,hs,6.6424,0.067386
530330114013,14,hs,0.2626,0.002664
530330114013,15,hs,0.2465,0.002501
530330114013,17,hs,0.399,0.004047
530330114013,18,hs,67.149,0.681212
530330114013,19,hs,17.7487,0.180057
530330114013,20,hs,0.0809,0.000821
530330114013,21,hs,0.1872,0.001899
530330114013,23,hs,3.4941,0.035447
530330114013,24,hs,2.3624,0.023966
530330114021,12,hs,3.0379,0.067386
530330114021,14,hs,0.1201,0.002664
530330114021,15,hs,0.1127,0.002501
530330114021,17,hs,0.1825,0.004047
530330114021,18,hs,30.7109,0.681212
530330114021,19,hs,8.1175,0.180057
530330114021,20,hs,0.037,0.000821
530330114021,21,hs,0.0856,0.001899
530330114021,23,hs,1.5981,0.035447
530330114021,24,hs,1.0805,0.023966
530330114022,12,hs,5.9614,0.067386
530330114022,14,hs,0.2357,0.002664
530330114022,15,hs,0.2212,0.002501
530330114022,17,hs,0.3581,0.004047
530330114022,18,hs,60.2643,0.681212
530330114022,19,hs,15.929,0.180057
530330114022,20,hs,0.0726,0.000821
530330114022,21,hs,0.168,0.001899
530330114022,23,hs,3.1359,0.035447
530330114022,24,hs,2.1202,0.023966
530330114023,12,hs,3.7107,0.067386
530330114023,14,hs,0.1467,0.002664
530330114023,15,hs,0.1377,0.002501
530330114023,17,hs,0.2229,0.004047
530330114023,18,hs,37.512,0.681212
530330114023,19,hs,9.9151,0.180057
530330114023,20,hs,0.0452,0.000821
530330114023,21,hs,0.1046,0.001899
530330114023,23,hs,1.9519,0.035447
530330114023,24,hs,1.3197,0.023966
530330115001,12,hs,3.8445,0.067386
530330115001,14,hs,0.152,0.002664
530330115001,15,hs,0.1427,0.002501
530330115001,17,hs,0.2309,0.004047
530330115001,18,hs,38.864,0.681212
530330115001,19,hs,10.2725,0.180057
530330115001,20,hs,0.0469,0.000821
530330115001,21,hs,0.1083,0.001899
530330115001,23,hs,2.0223,0.035447
530330115001,24,hs,1.3673,0.023966
530330115002,12,hs,1.5997,0.067386
530330115002,14,hs,0.0632,0.002664
530330115002,15,hs,0.0594,0.002501
530330115002,17,hs,0.0961,0.004047
530330115002,18,hs,16.1711,0.681212
530330115002,19,hs,4.2743,0.180057
530330115002,20,hs,0.0195,0.000821
530330115002,21,hs,0.0451,0.001899
530330115002,23,hs,0.8415,0.035447
530330115002,24,hs,0.5689,0.023966
530330115003,12,hs,0.574,0.017991
530330115003,14,hs,0.0298,0.000934
530330115003,15,hs,0.0207,0.000649
530330115003,17,hs,0.0217,0.000681
530330115003,18,hs,3.8333,0.120155
530330115003,19,hs,26.8046,0.840185
530330115003,20,hs,0.0044,0.000138
530330115003,21,hs,0.0102,0.00032
530330115003,23,hs,0.3805,0.011926
530330115003,24,hs,0.224,0.007021
530330116011,12,hs,3.0214,0.03794
530330116011,14,hs,0.13,0.001632
530330116011,15,hs,0.1112,0.001397
530330116011,17,hs,0.1625,0.002041
530330116011,18,hs,27.6131,0.346741
530330116011,19,hs,45.6782,0.573588
530330116011,20,hs,0.033,0.000414
530330116011,21,hs,0.0762,0.000957
530330116011,23,hs,1.7062,0.021425
530330116011,24,hs,1.1041,0.013864
530330116012,12,hs,1.3709,0.067386
530330116012,14,hs,0.0542,0.002664
530330116012,15,hs,0.0509,0.002501
530330116012,17,hs,0.0823,0.004047
530330116012,18,hs,13.8589,0.681212
530330116012,19,hs,3.6632,0.180057
530330116012,20,hs,0.0167,0.000821
530330116012,21,hs,0.0386,0.001899
530330116012,23,hs,0.7212,0.035447
530330116012,24,hs,0.4876,0.023966
530330116021,12,hs,0.2946,0.007993
530330116021,14,hs,0.0215,0.000583
530330116021,15,hs,0.0101,0.000274
530330116021,18,hs,0.2429,0.00659
530330116021,19,hs,35.8907,0.973803
530330116021,23,hs,0.2641,0.007165
530330116021,24,hs,0.1324,0.003591
530330116022,12,hs,0.4507,0.008018
530330116022,14,hs,0.0328,0.000584
530330116022,15,hs,0.0154,0.000275
530330116022,18,hs,0.3864,0.006875
530330116022,19,hs,54.7151,0.973468
530330116022,23,hs,0.4034,0.007177
530330116022,24,hs,0.2023,0.0036
530330116023,12,hs,0.0389,0.010918
530330116023,14,hs,0.0024,0.000686
530330116023,15,hs,0.0014,0.000383
530330116023,17,hs,0.0007,0.000199
530330116023,18,hs,0.1419,0.039808
530330116023,19,hs,3.331,0.934719
530330116023,20,hs,0.0001,4e-05
530330116023,21,hs,0.0003,9.3e-05
530330116023,23,hs,0.0305,0.008558
530330116023,24,hs,0.0164,0.004594
530330117001,12,hs,8.9703,0.286604
530330117001,13,hs,2.1461,0.068568
530330117001,14,hs,1.1477,0.036671
530330117001,15,hs,0.0332,0.001059
530330117001,17,hs,0.0805,0.002571
530330117001,18,hs,0.0091,0.00029
530330117001,21,hs,18.3234,0.58544
530330117001,23,hs,0.488,0.015591
530330117001,24,hs,0.1003,0.003206
530330117002,12,hs,20.6727,0.286604
530330117002,13,hs,4.9458,0.068568
530330117002,14,hs,2.6451,0.036671
530330117002,15,hs,0.0764,0.001059
530330117002,17,hs,0.1855,0.002571
530330117002,18,hs,0.0209,0.00029
530330117002,21,hs,42.2278,0.58544
530330117002,23,hs,1.1246,0.015591
530330117002,24,hs,0.2312,0.003206
530330117003,12,hs,19.4425,0.286604
530330117003,13,hs,4.6515,0.068568
530330117003,14,hs,2.4877,0.036671
530330117003,15,hs,0.0719,0.001059
530330117003,17,hs,0.1744,0.002571
530330117003,18,hs,0.0197,0.00029
530330117003,21,hs,39.7148,0.58544
530330117003,23,hs,1.0577,0.015591
530330117003,24,hs,0.2175,0.003206
530330117004,12,hs,35.9986,0.286604
530330117004,13,hs,8.6125,0.068568
530330117004,14,hs,4.606,0.036671
530330117004,15,hs,0.133,0.001059
530330117004,17,hs,0.323,0.002571
530330117004,18,hs,0.0364,0.00029
530330117004,21,hs,73.5337,0.58544
530330117004,23,hs,1.9583,0.015591
530330117004,24,hs,0.4026,0.003206
530330118011,12,hs,13.7321,0.286604
530330118011,13,hs,3.2853,0.068568
530330118011,14,hs,1.757,0.036671
530330118011,15,hs,0.0508,0.001059
530330118011,17,hs,0.1232,0.002571
530330118011,18,hs,0.0139,0.00029
530330118011,21,hs,28.0502,0.58544
530330118011,23,hs,0.747,0.015591
530330118011,24,hs,0.1536,0.003206
530330118012,12,hs,8.3841,0.286604
530330118012,13,hs,2.0059,0.068568
530330118012,14,hs,1.0727,0.036671
530330118012,15,hs,0.031,0.001059
530330118012,17,hs,0.0752,0.002571
530330118012,18,hs,0.0085,0.00029
530330118012,21,hs,17.1261,0.58544
530330118012,23,hs,0.4561,0.015591
530330118012,24,hs,0.0938,0.003206
530330118013,12,hs,23.589,0.286604
530330118013,13,hs,5.6435,0.068568
530330118013,14,hs,3.0182,0.036671
530330118013,15,hs,0.0872,0.001059
530330118013,17,hs,0.2116,0.002571
530330118013,18,hs,0.0238,0.00029
530330118013,21,hs,48.1848,0.58544
530330118013,23,hs,1.2832,0.015591
530330118013,24,hs,0.2638,0.003206
530330118021,12,hs,2.35,0.286604
530330118021,13,hs,0.5622,0.068568
530330118021,14,hs,0.3007,0.036671
530330118021,15,hs,0.0087,0.001059
530330118021,17,hs,0.0211,0.002571
530330118021,18,hs,0.0024,0.00029
530330118021,21,hs,4.8002,0.58544
530330118021,23,hs,0.1278,0.015591
530330118021,24,hs,0.0263,0.003206
530330118022,12,hs,4.2528,0.286604
530330118022,13,hs,1.0175,0.068568
530330118022,14,hs,0.5441,0.036671
530330118022,15,hs,0.0157,0.001059
530330118022,17,hs,0.0382,0.002571
530330118022,18,hs,0.0043,0.00029
530330118022,21,hs,8.6871,0.58544
530330118022,23,hs,0.2314,0.015591
530330118022,24,hs,0.0476,0.003206
530330118023,12,hs,39.7854,0.286604
530330118023,13,hs,9.5184,0.068568
530330118023,14,hs,5.0905,0.036671
530330118023,15,hs,0.147,0.001059
530330118023,17,hs,0.3569,0.002571
530330118023,18,hs,0.0402,0.00029
530330118023,21,hs,81.2688,0.58544
530330118023,23,hs,2.1643,0.015591
530330118023,24,hs,0.445,0.003206
530330119011,12,hs,14.537,0.286604
530330119011,13,hs,3.4779,0.068568
530330119011,14,hs,1.86,0.036671
530330119011,15,hs,0.0537,0.001059
530330119011,17,hs,0.1304,0.002571
530330119011,18,hs,0.0147,0.00029
530330119011,21,hs,29.6944,0.58544
530330119011,23,hs,0.7908,0.015591
530330119011,24,hs,0.1626,0.003206
530330119012,12,hs,4.5897,0.286604
530330119012,13,hs,1.0981,0.068568
530330119012,14,hs,0.5873,0.036671
530330119012,15,hs,0.017,0.001059
530330119012,17,hs,0.0412,0.002571
530330119012,18,hs,0.0046,0.00029
530330119012,21,hs,9.3754,0.58544
530330119012,23,hs,0.2497,0.015591
530330119012,24,hs,0.0513,0.003206
530330119013,12,hs,1.9548,0.286604
530330119013,13,hs,0.4677,0.068568
530330119013,14,hs,0.2501,0.036671
530330119013,15,hs,0.0072,0.001059
530330119013,17,hs,0.0175,0.002571
530330119013,18,hs,0.002,0.00029
530330119013,21,hs,3.9931,0.58544
530330119013,23,hs,0.1063,0.015591
530330119013,24,hs,0.0219,0.003206
530330119021,12,hs,9.3778,0.286604
530330119021,13,hs,2.2436,0.068568
530330119021,14,hs,1.1999,0.036671
530330119021,15,hs,0.0347,0.001059
530330119021,17,hs,0.0841,0.002571
530330119021,18,hs,0.0095,0.00029
530330119021,21,hs,19.1559,0.58544
530330119021,23,hs,0.5102,0.015591
530330119021,24,hs,0.1049,0.003206
530330119022,12,hs,0.9059,0.286604
530330119022,13,hs,0.2167,0.068568
530330119022,14,hs,0.1159,0.036671
530330119022,15,hs,0.0033,0.001059
530330119022,17,hs,0.0081,0.002571
530330119022,18,hs,0.0009,0.00029
530330119022,21,hs,1.8505,0.58544
530330119022,23,hs,0.0493,0.015591
530330119022,24,hs,0.0101,0.003206
530330119023,12,hs,6.5885,0.286604
530330119023,13,hs,1.5763,0.068568
530330119023,14,hs,0.843,0.036671
530330119023,15,hs,0.0243,0.001059
530330119023,17,hs,0.0591,0.002571
530330119023,18,hs,0.0067,0.00029
530330119023,21,hs,13.4581,0.58544
530330119023,23,hs,0.3584,0.015591
530330119023,24,hs,0.0737,0.003206
530330120001,12,hs,4.0622,0.067386
530330120001,14,hs,0.1606,0.002664
530330120001,15,hs,0.1508,0.002501
530330120001,17,hs,0.244,0.004047
530330120001,18,hs,41.0651,0.681212
530330120001,19,hs,10.8543,0.180057
530330120001,20,hs,0.0495,0.000821
530330120001,21,hs,0.1145,0.001899
530330120001,23,hs,2.1368,0.035447
530330120001,24,hs,1.4447,0.023966
530330120002,12,hs,1.2673,0.067386
530330120002,14,hs,0.0501,0.002664
530330120002,15,hs,0.047,0.002501
530330120002,17,hs,0.0761,0.004047
530330120002,18,hs,12.8117,0.681212
530330120002,19,hs,3.3864,0.180057
530330120002,20,hs,0.0154,0.000821
530330120002,21,hs,0.0357,0.001899
530330120002,23,hs,0.6667,0.035447
530330120002,24,hs,0.4507,0.023966
530330120003,12,hs,6.2326,0.067386
530330120003,14,hs,0.2464,0.002664
530330120003,15,hs,0.2313,0.002501
530330120003,17,hs,0.3743,0.004047
530330120003,18,hs,63.0065,0.681212
530330120003,19,hs,16.6538,0.180057
530330120003,20,hs,0.076,0.000821
530330120003,21,hs,0.1756,0.001899
530330120003,23,hs,3.2786,0.035447
530330120003,24,hs,2.2167,0.023966
530330121001,12,hs,0.6046,0.067386
530330121001,14,hs,0.0239,0.002664
530330121001,15,hs,0.0224,0.002501
530330121001,17,hs,0.0363,0.004047
530330121001,18,hs,6.1119,0.681212
530330121001,19,hs,1.6155,0.180057
530330121001,20,hs,0.0074,0.000821
530330121001,21,hs,0.017,0.001899
530330121001,23,hs,0.318,0.035447
530330121001,24,hs,0.215,0.023966
530330121002,12,hs,1.8329,0.067386
530330121002,14,hs,0.0725,0.002664
530330121002,15,hs,0.068,0.002501
530330121002,17,hs,0.1101,0.004047
530330121002,18,hs,18.5291,0.681212
530330121002,19,hs,4.8976,0.180057
530330121002,20,hs,0.0223,0.000821
530330121002,21,hs,0.0516,0.001899
530330121002,23,hs,0.9642,0.035447
530330121002,24,hs,0.6519,0.023966
530330209002,11,hs,0.0021,0.023722
530330209002,12,hs,0.0002,0.002375
530330209002,15,hs,0.0055,0.062393
530330209002,17,hs,0.0007,0.008557
530330209002,20,hs,0.0733,0.837598
530330209002,21,hs,0.0003,0.003212
530330209002,22,hs,0.0017,0.019645
530330209002,23,hs,0.0016,0.018449
530330209002,24,hs,0.0021,0.02347
530330209003,11,hs,0.0002,0.023722
530330209003,15,hs,0.0005,0.062393
530330209003,20,hs,0.0065,0.837598
530330209003,22,hs,0.0002,0.019645
530330209003,23,hs,0.0001,0.018449
530330209003,24,hs,0.0002,0.02347
530330210001,20,hs,0.0002,0.837598
530330210002,11,hs,0.001,0.023722
530330210002,15,hs,0.0026,0.062393
530330210002,17,hs,0.0004,0.008557
530330210002,20,hs,0.0348,0.837598
530330210002,21,hs,0.0001,0.003212
530330210002,22,hs,0.0008,0.019645
530330210002,23,hs,0.0008,0.018449
530330210002,24,hs,0.001,0.02347
530330210003,11,hs,0.0019,0.023722
530330210003,12,hs,0.0002,0.002375
530330210003,15,hs,0.0051,0.062393
530330210003,17,hs,0.0007,0.008557
530330210003,20,hs,0.068,0.837598
530330210003,21,hs,0.0003,0.003212
530330210003,22,hs,0.0016,0.019645
530330210003,23,hs,0.0015,0.018449
530330210003,24,hs,0.0019,0.02347
530330211002,11,hs,0.0009,0.023722
530330211002,15,hs,0.0023,0.062393
530330211002,17,hs,0.0003,0.008557
530330211002,20,hs,0.0313,0.837598
530330211002,21,hs,0.0001,0.003212
530330211002,22,hs,0.0007,0.019645
530330211002,23,hs,0.0007,0.018449
530330211002,24,hs,0.0009,0.02347
530330211003,15,hs,0.0021,0.11273
530330211003,17,hs,0.0006,0.030947
530330211003,20,hs,0.003,0.163111
530330211003,22,hs,0.0122,0.658409
530330211003,23,hs,0.0002,0.012889
530330211003,24,hs,0.0003,0.013707
530330213001,15,hs,0.0024,0.122196
530330213001,17,hs,0.0007,0.035158
530330213001,20,hs,0.0007,0.036262
530330213001,22,hs,0.0156,0.778539
530330213001,23,hs,0.0002,0.011843
530330213001,24,hs,0.0002,0.01187
530330213002,15,hs,0.0035,0.122196
530330213002,17,hs,0.001,0.035158
530330213002,20,hs,0.001,0.036262
530330213002,22,hs,0.022,0.778539
530330213002,23,hs,0.0003,0.011843
530330213002,24,hs,0.0003,0.01187
530330260011,12,hs,0.0103,0.286604
530330260011,13,hs,0.0025,0.068568
530330260011,14,hs,0.0013,0.036671
530330260011,21,hs,0.021,0.58544
530330260011,23,hs,0.0006,0.015591
530330260011,24,hs,0.0001,0.003206
530330261012,12,hs,0.0003,0.286604
530330261012,21,hs,0.0007,0.58544
530330263001,12,hs,0.0998,0.286276
530330263001,13,hs,0.0239,0.068466
530330263001,14,hs,0.0128,0.03662
530330263001,15,hs,0.0004,0.001061
530330263001,17,hs,0.0009,0.002574
530330263001,18,hs,0.0005,0.001309
530330263001,21,hs,0.2038,0.584567
530330263001,23,hs,0.0054,0.015621
530330263001,24,hs,0.0011,0.003237
530330264001,12,hs,2.0859,0.085587
530330264001,13,hs,0.1388,0.005693
530330264001,14,hs,0.1337,0.005487
530330264001,15,hs,0.058,0.002381
530330264001,17,hs,0.0957,0.003925
530330264001,18,hs,15.2248,0.624677
530330264001,19,hs,4.024,0.165107
530330264001,20,hs,0.0184,0.000753
530330264001,21,hs,1.2271,0.050348
530330264001,23,hs,0.8237,0.033798
530330264001,24,hs,0.5421,0.022243
530330264003,12,hs,3.7238,0.067386
530330264003,14,hs,0.1472,0.002664
530330264003,15,hs,0.1382,0.002501
530330264003,17,hs,0.2237,0.004047
530330264003,18,hs,37.6445,0.681212
530330264003,19,hs,9.9501,0.180057
530330264003,20,hs,0.0454,0.000821
530330264003,21,hs,0.1049,0.001899
530330264003,23,hs,1.9588,0.035447
530330264003,24,hs,1.3244,0.023966
530330264004,12,hs,0.3868,0.067386
530330264004,14,hs,0.0153,0.002664
530330264004,15,hs,0.0144,0.002501
530330264004,17,hs,0.0232,0.004047
530330264004,18,hs,3.9104,0.681212
530330264004,19,hs,1.0336,0.180057
530330264004,20,hs,0.0047,0.000821
530330264004,21,hs,0.0109,0.001899
530330264004,23,hs,0.2035,0.035447
530330264004,24,hs,0.1376,0.023966
530330265001,12,hs,0.5977,0.067386
530330265001,14,hs,0.0236,0.002664
530330265001,15,hs,0.0222,0.002501
530330265001,17,hs,0.0359,0.004047
530330265001,18,hs,6.0423,0.681212
530330265001,19,hs,1.5971,0.180057
530330265001,20,hs,0.0073,0.000821
530330265001,21,hs,0.0168,0.001899
530330265001,23,hs,0.3144,0.035447
530330265001,24,hs,0.2126,0.023966
530330265002,12,hs,0.0044,0.067386
530330265002,14,hs,0.0002,0.002664
530330265002,15,hs,0.0002,0.002501
530330265002,17,hs,0.0003,0.004047
530330265002,18,hs,0.0441,0.681212
530330265002,19,hs,0.0117,0.180057
530330265002,21,hs,0.0001,0.001899
530330265002,23,hs,0.0023,0.035447
530330265002,24,hs,0.0016,0.023966
530330266001,12,hs,0.0018,0.067386
530330266001,17,hs,0.0001,0.004047
530330266001,18,hs,0.018,0.681212
530330266001,19,hs,0.0048,0.180057
530330266001,23,hs,0.0009,0.035447
530330266001,24,hs,0.0006,0.023966
530330266002,12,hs,0.027,0.067386
530330266002,14,hs,0.0011,0.002664
530330266002,15,hs,0.001,0.002501
530330266002,17,hs,0.0016,0.004047
530330266002,18,hs,0.2725,0.681212
530330266002,19,hs,0.072,0.180057
530330266002,20,hs,0.0003,0.000821
530330266002,21,hs,0.0008,0.001899
530330266002,23,hs,0.0142,0.035447
530330266002,24,hs,0.0096,0.023966
530330267004,12,hs,0.0219,0.067386
530330267004,14,hs,0.0009,0.002664
530330267004,15,hs,0.0008,0.002501
530330267004,17,hs,0.0013,0.004047
530330267004,18,hs,0.2211,0.681212
530330267004,19,hs,0.0584,0.180057
530330267004,20,hs,0.0003,0.000821
530330267004,21,hs,0.0006,0.001899
530330267004,23,hs,0.0115,0.035447
530330267004,24,hs,0.0078,0.023966
530330001012,103,ms,0.0017,0.000155
530330001012,104,ms,0.0492,0.004504
530330001012,105,ms,0.2671,0.024478
530330001012,106,ms,8.7714,0.803768
530330001012,109,ms,0.0024,0.000217
530330001012,113,ms,0.0218,0.001997
530330001012,115,ms,0.0099,0.000904
530330001012,208,ms,0.0113,0.001037
530330001012,292,ms,1.7498,0.160344
530330001012,935,ms,0.0122,0.00112
530330001012,949,ms,0.0107,0.000978
530330001012,955,ms,0.0054,0.000499
530330001013,103,ms,0.0077,0.000155
530330001013,104,ms,0.2247,0.004504
530330001013,105,ms,1.2211,0.024478
530330001013,106,ms,40.0976,0.803768
530330001013,109,ms,0.0108,0.000217
530330001013,113,ms,0.0996,0.001997
530330001013,115,ms,0.0451,0.000904
530330001013,208,ms,0.0517,0.001037
530330001013,292,ms,7.9991,0.160344
530330001013,935,ms,0.0559,0.00112
530330001013,949,ms,0.0488,0.000978
530330001013,955,ms,0.0249,0.000499
530330001021,103,ms,0.0047,0.000155
530330001021,104,ms,0.136,0.004504
530330001021,105,ms,0.7393,0.024478
530330001021,106,ms,24.2773,0.803768
530330001021,109,ms,0.0065,0.000217
530330001021,113,ms,0.0603,0.001997
530330001021,115,ms,0.0273,0.000904
530330001021,208,ms,0.0313,0.001037
530330001021,292,ms,4.8431,0.160344
530330001021,935,ms,0.0338,0.00112
530330001021,949,ms,0.0296,0.000978
530330001021,955,ms,0.0151,0.000499
530330001022,103,ms,0.0008,0.000155
530330001022,104,ms,0.0233,0.004504
530330001022,105,ms,0.1265,0.024478
530330001022,106,ms,4.1534,0.803768
530330001022,109,ms,0.0011,0.000217
530330001022,113,ms,0.0103,0.001997
530330001022,115,ms,0.0047,0.000904
530330001022,208,ms,0.0054,0.001037
530330001022,292,ms,0.8286,0.160344
530330001022,935,ms,0.0058,0.00112
530330001022,949,ms,0.0051,0.000978
530330001022,955,ms,0.0026,0.000499
530330001023,103,ms,0.0008,0.000155
530330001023,104,ms,0.0233,0.004504
530330001023,105,ms,0.1265,0.024478
530330001023,106,ms,4.1534,0.803768
530330001023,109,ms,0.0011,0.000217
530330001023,113,ms,0.0103,0.001997
530330001023,115,ms,0.0047,0.000904
530330001023,208,ms,0.0054,0.001037
530330001023,292,ms,0.8286,0.160344
530330001023,935,ms,0.0058,0.00112
530330001023,949,ms,0.0051,0.000978
530330001023,955,ms,0.0026,0.000499
530330002011,103,ms,0.0059,0.000155
530330002011,104,ms,0.171,0.004504
530330002011,105,ms,0.9295,0.024478
530330002011,106,ms,30.523,0.803768
530330002011,109,ms,0.0082,0.000217
530330002011,113,ms,0.0758,0.001997
530330002011,115,ms,0.0343,0.000904
530330002011,208,ms,0.0394,0.001037
530330002011,292,ms,6.0891,0.160344
530330002011,935,ms,0.0425,0.00112
530330002011,949,ms,0.0372,0.000978
530330002011,955,ms,0.0189,0.000499
530330002012,103,ms,0.0088,0.000155
530330002012,104,ms,0.2539,0.004504
530330002012,105,ms,1.3796,0.024478
530330002012,106,ms,45.3026,0.803768
530330002012,109,ms,0.0122,0.000217
530330002012,113,ms,0.1126,0.001997
530330002012,115,ms,0.051,0.000904
530330002012,208,ms,0.0584,0.001037
530330002012,292,ms,9.0374,0.160344
530330002012,935,ms,0.0631,0.00112
530330002012,949,ms,0.0551,0.000978
530330002012,955,ms,0.0281,0.000499
530330002013,103,ms,0.0031,0.000155
530330002013,104,ms,0.09,0.004504
530330002013,105,ms,0.4892,0.024478
530330002013,106,ms,16.0648,0.803768
530330002013,109,ms,0.0043,0.000217
530330002013,113,ms,0.0399,0.001997
530330002013,115,ms,0.0181,0.000904
530330002013,208,ms,0.0207,0.001037
530330002013,292,ms,3.2048,0.160344
530330002013,935,ms,0.0224,0.00112
530330002013,949,ms,0.0196,0.000978
530330002013,955,ms,0.01,0.000499
530330002021,103,ms,0.0045,0.000155
530330002021,104,ms,0.1298,0.004504
530330002021,105,ms,0.7055,0.024478
530330002021,106,ms,23.1666,0.803768
530330002021,109,ms,0.0062,0.000217
530330002021,113,ms,0.0576,0.001997
530330002021,115,ms,0.0261,0.000904
530330002021,208,ms,0.0299,0.001037
530330002021,292,ms,4.6215,0.160344
530330002021,935,ms,0.0323,0.00112
530330002021,949,ms,0.0282,0.000978
530330002021,955,ms,0.0144,0.000499
530330002022,103,ms,0.0051,0.000155
530330002022,104,ms,0.1477,0.004504
530330002022,105,ms,0.8028,0.024478
530330002022,106,ms,26.362,0.803768
530330002022,109,ms,0.0071,0.000217
530330002022,113,ms,0.0655,0.001997
530330002022,115,ms,0.0297,0.000904
530330002022,208,ms,0.034,0.001037
530330002022,292,ms,5.259,0.160344
530330002022,935,ms,0.0367,0.00112
530330002022,949,ms,0.0321,0.000978
530330002022,955,ms,0.0164,0.000499
530330002023,103,ms,0.0046,0.000155
530330002023,104,ms,0.1321,0.004504
530330002023,105,ms,0.7177,0.024478
530330002023,106,ms,23.566,0.803768
530330002023,109,ms,0.0063,0.000217
530330002023,113,ms,0.0585,0.001997
530330002023,115,ms,0.0265,0.000904
530330002023,208,ms,0.0304,0.001037
530330002023,292,ms,4.7012,0.160344
530330002023,935,ms,0.0328,0.00112
530330002023,949,ms,0.0287,0.000978
530330002023,955,ms,0.0146,0.000499
530330003001,103,ms,0.0048,0.000235
530330003001,104,ms,0.1649,0.008069
530330003001,105,ms,0.9552,0.046751
530330003001,106,ms,2.2926,0.112213
530330003001,109,ms,0.0006,2.9e-05
530330003001,113,ms,12.4326,0.608523
530330003001,115,ms,0.1556,0.007614
530330003001,118,ms,0.0725,0.003547
530330003001,208,ms,2.1094,0.103244
530330003001,292,ms,1.6156,0.079079
530330003001,935,ms,0.0623,0.003051
530330003001,949,ms,0.479,0.023445
530330003001,955,ms,0.0858,0.0042
530330003002,103,ms,0.0054,0.000248
530330003002,104,ms,0.1867,0.00862
530330003002,105,ms,1.0873,0.050194
530330003002,106,ms,0.1155,0.005334
530330003002,113,ms,15.212,0.702261
530330003002,115,ms,0.1874,0.008651
530330003002,118,ms,0.0887,0.004095
530330003002,208,ms,2.5786,0.119041
530330003002,292,ms,1.4409,0.06652
530330003002,935,ms,0.0725,0.003349
530330003002,949,ms,0.5831,0.026917
530330003002,955,ms,0.1034,0.004772
530330004021,103,ms,0.0022,0.000248
530330004021,104,ms,0.0749,0.00862
530330004021,105,ms,0.4364,0.050194
530330004021,106,ms,0.0464,0.005334
530330004021,113,ms,6.105,0.702261
530330004021,115,ms,0.0752,0.008651
530330004021,118,ms,0.0356,0.004095
530330004021,208,ms,1.0349,0.119041
530330004021,292,ms,0.5783,0.06652
530330004021,935,ms,0.0291,0.003349
530330004021,949,ms,0.234,0.026917
530330004021,955,ms,0.0415,0.004772
530330004022,103,ms,0.0102,0.000179
530330004022,104,ms,0.3558,0.006221
530330004022,105,ms,2.5391,0.044394
530330004022,106,ms,0.2202,0.003849
530330004022,113,ms,30.9874,0.5418
530330004022,115,ms,9.7351,0.170214
530330004022,118,ms,0.2548,0.004455
530330004022,208,ms,5.0346,0.088028
530330004022,292,ms,2.8385,0.04963
530330004022,935,ms,0.1476,0.00258
530330004022,949,ms,4.7066,0.082292
530330004022,955,ms,0.3636,0.006357
530330004023,103,ms,0.0101,0.000247
530330004023,104,ms,0.3502,0.008599
530330004023,105,ms,2.0419,0.050142
530330004023,106,ms,0.2167,0.005321
530330004023,113,ms,28.5393,0.700838
530330004023,115,ms,0.4106,0.010083
530330004023,118,ms,0.1669,0.004098
530330004023,208,ms,4.8363,0.118766
530330004023,292,ms,2.7027,0.06637
530330004023,935,ms,0.1361,0.003342
530330004023,949,ms,1.1161,0.027408
530330004023,955,ms,0.1949,0.004786
530330004024,103,ms,0.002,0.000248
530330004024,104,ms,0.071,0.00862
530330004024,105,ms,0.4134,0.050194
530330004024,106,ms,0.0439,0.005334
530330004024,113,ms,5.7837,0.702261
530330004024,115,ms,0.0712,0.008651
530330004024,118,ms,0.0337,0.004095
530330004024,208,ms,0.9804,0.119041
530330004024,292,ms,0.5478,0.06652
530330004024,935,ms,0.0276,0.003349
530330004024,949,ms,0.2217,0.026917
530330004024,955,ms,0.0393,0.004772
530330004031,103,ms,0.0032,0.000248
530330004031,104,ms,0.112,0.00862
530330004031,105,ms,0.6521,0.050194
530330004031,106,ms,0.0693,0.005334
530330004031,113,ms,9.1234,0.702261
530330004031,115,ms,0.1124,0.008651
530330004031,118,ms,0.0532,0.004095
530330004031,208,ms,1.5465,0.119041
530330004031,292,ms,0.8642,0.06652
530330004031,935,ms,0.0435,0.003349
530330004031,949,ms,0.3497,0.026917
530330004031,955,ms,0.062,0.004772
530330004032,103,ms,0.0015,0.000248
530330004032,104,ms,0.0538,0.00862
530330004032,105,ms,0.313,0.050194
530330004032,106,ms,0.0333,0.005334
530330004032,113,ms,4.3792,0.702261
530330004032,115,ms,0.0539,0.008651
530330004032,118,ms,0.0255,0.004095
530330004032,208,ms,0.7423,0.119041
530330004032,292,ms,0.4148,0.06652
530330004032,935,ms,0.0209,0.003349
530330004032,949,ms,0.1679,0.026917
530330004032,955,ms,0.0298,0.004772
530330004041,103,ms,0.0153,0.000248
530330004041,104,ms,0.5331,0.00862
530330004041,105,ms,3.1039,0.050194
530330004041,106,ms,0.3298,0.005334
530330004041,113,ms,43.4273,0.702261
530330004041,115,ms,0.535,0.008651
530330004041,118,ms,0.2532,0.004095
530330004041,208,ms,7.3614,0.119041
530330004041,292,ms,4.1135,0.06652
530330004041,935,ms,0.2071,0.003349
530330004041,949,ms,1.6645,0.026917
530330004041,955,ms,0.2951,0.004772
530330004042,103,ms,0.0239,0.000248
530330004042,104,ms,0.8332,0.00862
530330004042,105,ms,4.8515,0.050194
530330004042,106,ms,0.5156,0.005334
530330004042,113,ms,67.8779,0.702261
530330004042,115,ms,0.8362,0.008651
530330004042,118,ms,0.3958,0.004095
530330004042,208,ms,11.506,0.119041
530330004042,292,ms,6.4296,0.06652
530330004042,935,ms,0.3237,0.003349
530330004042,949,ms,2.6017,0.026917
530330004042,955,ms,0.4612,0.004772
530330004043,103,ms,0.0044,0.000248
530330004043,104,ms,0.1523,0.00862
530330004043,105,ms,0.8868,0.050194
530330004043,106,ms,0.0942,0.005334
530330004043,113,ms,12.4078,0.702261
530330004043,115,ms,0.1528,0.008651
530330004043,118,ms,0.0723,0.004095
530330004043,208,ms,2.1032,0.119041
530330004043,292,ms,1.1753,0.06652
530330004043,935,ms,0.0592,0.003349
530330004043,949,ms,0.4756,0.026917
530330004043,955,ms,0.0843,0.004772
530330005001,103,ms,0.0065,0.000248
530330005001,104,ms,0.2273,0.008617
530330005001,105,ms,1.324,0.050187
530330005001,106,ms,0.1407,0.005332
530330005001,113,ms,18.522,0.702062
530330005001,115,ms,0.2335,0.008851
530330005001,118,ms,0.108,0.004095
530330005001,208,ms,3.1396,0.119002
530330005001,292,ms,1.7544,0.066499
530330005001,935,ms,0.0883,0.003348
530330005001,949,ms,0.7119,0.026985
530330005001,955,ms,0.1259,0.004774
530330005002,103,ms,0.004,0.00022
530330005002,104,ms,0.1406,0.007655
530330005002,105,ms,0.8793,0.04786
530330005002,106,ms,0.087,0.004737
530330005002,113,ms,11.7156,0.637695
530330005002,115,ms,1.3533,0.07366
530330005002,118,ms,0.0779,0.004239
530330005002,208,ms,1.9577,0.106562
530330005002,292,ms,1.0972,0.059724
530330005002,935,ms,0.0558,0.00304
530330005002,949,ms,0.9039,0.049199
530330005002,955,ms,0.0994,0.00541
530330006011,103,ms,0.0016,0.000155
530330006011,104,ms,0.0466,0.004504
530330006011,105,ms,0.2532,0.024478
530330006011,106,ms,8.315,0.803768
530330006011,109,ms,0.0022,0.000217
530330006011,113,ms,0.0207,0.001997
530330006011,115,ms,0.0094,0.000904
530330006011,208,ms,0.0107,0.001037
530330006011,292,ms,1.6588,0.160344
530330006011,935,ms,0.0116,0.00112
530330006011,949,ms,0.0101,0.000978
530330006011,955,ms,0.0052,0.000499
530330006012,103,ms,0.0049,0.000218
530330006012,104,ms,0.1627,0.007279
530330006012,105,ms,0.9344,0.041817
530330006012,106,ms,5.9308,0.265417
530330006012,109,ms,0.0016,7.1e-05
530330006012,113,ms,10.5951,0.474156
530330006012,115,ms,0.1369,0.006127
530330006012,118,ms,0.0617,0.002761
530330006012,208,ms,1.8011,0.080602
530330006012,292,ms,2.1693,0.097082
530330006012,935,ms,0.0586,0.002623
530330006012,949,ms,0.4127,0.018468
530330006012,955,ms,0.0755,0.00338
530330006013,103,ms,0.0019,0.000155
530330006013,104,ms,0.054,0.004504
530330006013,105,ms,0.2937,0.024478
530330006013,106,ms,9.6454,0.803768
530330006013,109,ms,0.0026,0.000217
530330006013,113,ms,0.024,0.001997
530330006013,115,ms,0.0108,0.000904
530330006013,208,ms,0.0124,0.001037
530330006013,292,ms,1.9242,0.160344
530330006013,935,ms,0.0134,0.00112
530330006013,949,ms,0.0117,0.000978
530330006013,955,ms,0.006,0.000499
530330006021,103,ms,0.0033,0.000248
530330006021,104,ms,0.1161,0.00862
530330006021,105,ms,0.6761,0.050194
530330006021,106,ms,0.0718,0.005334
530330006021,113,ms,9.4587,0.702261
530330006021,115,ms,0.1165,0.008651
530330006021,118,ms,0.0551,0.004095
530330006021,208,ms,1.6033,0.119041
530330006021,292,ms,0.8959,0.06652
530330006021,935,ms,0.0451,0.003349
530330006021,949,ms,0.3625,0.026917
530330006021,955,ms,0.0643,0.004772
530330006022,103,ms,0.0062,0.000248
530330006022,104,ms,0.2162,0.00862
530330006022,105,ms,1.2589,0.050194
530330006022,106,ms,0.1338,0.005334
530330006022,113,ms,17.6127,0.702261
530330006022,115,ms,0.217,0.008651
530330006022,118,ms,0.1027,0.004095
530330006022,208,ms,2.9855,0.119041
530330006022,292,ms,1.6683,0.06652
530330006022,935,ms,0.084,0.003349
530330006022,949,ms,0.6751,0.026917
530330006022,955,ms,0.1197,0.004772
530330006023,103,ms,0.0089,0.000248
530330006023,104,ms,0.3083,0.00862
530330006023,105,ms,1.795,0.050194
530330006023,106,ms,0.1908,0.005334
530330006023,113,ms,25.1144,0.702261
530330006023,115,ms,0.3094,0.008651
530330006023,118,ms,0.1464,0.004095
530330006023,208,ms,4.2571,0.119041
530330006023,292,ms,2.3789,0.06652
530330006023,935,ms,0.1198,0.003349
530330006023,949,ms,0.9626,0.026917
530330006023,955,ms,0.1707,0.004772
530330007003,103,ms,0.0015,0.000155
530330007003,104,ms,0.0421,0.004504
530330007003,105,ms,0.229,0.024478
530330007003,106,ms,7.5183,0.803768
530330007003,109,ms,0.002,0.000217
530330007003,113,ms,0.0187,0.001997
530330007003,115,ms,0.0085,0.000904
530330007003,208,ms,0.0097,0.001037
530330007003,292,ms,1.4998,0.160344
530330007003,935,ms,0.0105,0.00112
530330007003,949,ms,0.0092,0.000978
530330007003,955,ms,0.0047,0.000499
530330007004,103,ms,0.0022,0.000155
530330007004,104,ms,0.0632,0.004504
530330007004,105,ms,0.3434,0.024478
530330007004,106,ms,11.2775,0.803768
530330007004,109,ms,0.003,0.000217
530330007004,113,ms,0.028,0.001997
530330007004,115,ms,0.0127,0.000904
530330007004,208,ms,0.0145,0.001037
530330007004,292,ms,2.2497,0.160344
530330007004,935,ms,0.0157,0.00112
530330007004,949,ms,0.0137,0.000978
530330007004,955,ms,0.007,0.000499
530330008001,103,ms,0.0016,0.000155
530330008001,104,ms,0.0468,0.004504
530330008001,105,ms,0.2544,0.024478
530330008001,106,ms,8.3537,0.803768
530330008001,109,ms,0.0023,0.000217
530330008001,113,ms,0.0208,0.001997
530330008001,115,ms,0.0094,0.000904
530330008001,208,ms,0.0108,0.001037
530330008001,292,ms,1.6665,0.160344
530330008001,935,ms,0.0116,0.00112
530330008001,949,ms,0.0102,0.000978
530330008001,955,ms,0.0052,0.000499
530330008002,103,ms,0.0102,0.000155
530330008002,104,ms,0.2972,0.004504
530330008002,105,ms,1.6155,0.024478
530330008002,106,ms,53.0458,0.803768
530330008002,109,ms,0.0143,0.000217
530330008002,113,ms,0.1318,0.001997
530330008002,115,ms,0.0597,0.000904
530330008002,208,ms,0.0684,0.001037
530330008002,292,ms,10.5821,0.160344
530330008002,935,ms,0.0739,0.00112
530330008002,949,ms,0.0646,0.000978
530330008002,955,ms,0.0329,0.000499
530330009001,103,ms,0.0023,0.000155
530330009001,104,ms,0.0653,0.004504
530330009001,105,ms,0.355,0.024478
530330009001,106,ms,11.6556,0.803768
530330009001,109,ms,0.0031,0.000217
530330009001,113,ms,0.029,0.001997
530330009001,115,ms,0.0131,0.000904
530330009001,208,ms,0.015,0.001037
530330009001,292,ms,2.3252,0.160344
530330009001,935,ms,0.0162,0.00112
530330009001,949,ms,0.0142,0.000978
530330009001,955,ms,0.0072,0.000499
530330009002,103,ms,0.0008,0.000143
530330009002,104,ms,0.3928,0.069019
530330009002,105,ms,0.1409,0.024764
530330009002,106,ms,4.2681,0.749944
530330009002,109,ms,0.0011,0.0002
530330009002,113,ms,0.0109,0.001916
530330009002,115,ms,0.0048,0.000835
530330009002,118,ms,0.0003,6.1e-05
530330009002,208,ms,0.0055,0.000958
530330009002,292,ms,0.8507,0.149469
530330009002,935,ms,0.0063,0.001115
530330009002,949,ms,0.0061,0.001079
530330009002,955,ms,0.0028,0.000496
530330010001,103,ms,0.0033,0.000155
530330010001,104,ms,0.0961,0.004504
530330010001,105,ms,0.5222,0.024478
530330010001,106,ms,17.1484,0.803768
530330010001,109,ms,0.0046,0.000217
530330010001,113,ms,0.0426,0.001997
530330010001,115,ms,0.0193,0.000904
530330010001,208,ms,0.0221,0.001037
530330010001,292,ms,3.4209,0.160344
530330010001,935,ms,0.0239,0.00112
530330010001,949,ms,0.0209,0.000978
530330010001,955,ms,0.0106,0.000499
530330010002,103,ms,0.0033,0.000103
530330010002,104,ms,9.2881,0.288544
530330010002,105,ms,0.8284,0.025736
530330010002,106,ms,18.2451,0.566799
530330010002,109,ms,0.0046,0.000144
530330010002,113,ms,0.0529,0.001642
530330010002,115,ms,0.0194,0.000601
530330010002,118,ms,0.0087,0.000269
530330010002,208,ms,0.0222,0.000689
530330010002,292,ms,3.6203,0.112466
530330010002,935,ms,0.0353,0.001097
530330010002,949,ms,0.0457,0.00142
530330010002,955,ms,0.0157,0.000488
530330011001,103,ms,0.0076,0.000155
530330011001,104,ms,0.2236,0.004567
530330011001,105,ms,1.1983,0.024478
530330011001,106,ms,39.3445,0.803715
530330011001,109,ms,0.0106,0.000217
530330011001,113,ms,0.0978,0.001997
530330011001,115,ms,0.0443,0.000904
530330011001,208,ms,0.0507,0.001037
530330011001,292,ms,7.8488,0.160333
530330011001,935,ms,0.0548,0.00112
530330011001,949,ms,0.0479,0.000978
530330011001,955,ms,0.0244,0.000499
530330011002,103,ms,0.0029,0.000155
530330011002,104,ms,0.1013,0.005443
530330011002,105,ms,0.4554,0.024482
530330011002,106,ms,14.9373,0.802984
530330011002,109,ms,0.004,0.000216
530330011002,113,ms,0.0371,0.001996
530330011002,115,ms,0.0168,0.000903
530330011002,208,ms,0.0193,0.001035
530330011002,292,ms,2.9798,0.160186
530330011002,935,ms,0.0208,0.00112
530330011002,949,ms,0.0182,0.00098
530330011002,955,ms,0.0093,0.000499
530330012011,103,ms,0.0016,0.000155
530330012011,104,ms,0.0468,0.004504
530330012011,105,ms,0.2544,0.024478
530330012011,106,ms,8.3537,0.803768
530330012011,109,ms,0.0023,0.000217
530330012011,113,ms,0.0208,0.001997
530330012011,115,ms,0.0094,0.000904
530330012011,208,ms,0.0108,0.001037
530330012011,292,ms,1.6665,0.160344
530330012011,935,ms,0.0116,0.00112
530330012011,949,ms,0.0102,0.000978
530330012011,955,ms,0.0052,0.000499
530330012012,103,ms,0.0077,0.000197
530330012012,104,ms,0.2472,0.006344
530330012012,105,ms,1.4019,0.035971
530330012012,106,ms,17.4184,0.446921
530330012012,109,ms,0.0047,0.00012
530330012012,113,ms,12.2757,0.314968
530330012012,115,ms,0.1702,0.004366
530330012012,118,ms,0.0713,0.00183
530330012012,208,ms,2.0959,0.053777
530330012012,292,ms,4.615,0.118411
530330012012,935,ms,0.0825,0.002116
530330012012,949,ms,0.49,0.012571
530330012012,955,ms,0.0939,0.002409
530330012013,103,ms,0.0018,0.00018
530330012013,104,ms,0.0555,0.005625
530330012013,105,ms,0.3108,0.031481
530330012013,106,ms,5.789,0.586319
530330012013,109,ms,0.0016,0.000158
530330012013,113,ms,1.9027,0.19271
530330012013,115,ms,0.0298,0.003014
530330012013,118,ms,0.011,0.001115
530330012013,208,ms,0.3275,0.033174
530330012013,292,ms,1.3309,0.134792
530330012013,935,ms,0.0171,0.001727
530330012013,949,ms,0.0794,0.008043
530330012013,955,ms,0.0164,0.001663
530330012021,103,ms,0.0056,0.000155
530330012021,104,ms,0.1615,0.004504
530330012021,105,ms,0.8777,0.024478
530330012021,106,ms,28.8202,0.803768
530330012021,109,ms,0.0078,0.000217
530330012021,113,ms,0.0716,0.001997
530330012021,115,ms,0.0324,0.000904
530330012021,208,ms,0.0372,0.001037
530330012021,292,ms,5.7494,0.160344
530330012021,935,ms,0.0402,0.00112
530330012021,949,ms,0.0351,0.000978
530330012021,955,ms,0.0179,0.000499
530330012022,103,ms,0.0005,0.000155
530330012022,104,ms,0.014,0.004504
530330012022,105,ms,0.0763,0.024478
530330012022,106,ms,2.5061,0.803768
530330012022,109,ms,0.0007,0.000217
530330012022,113,ms,0.0062,0.001997
530330012022,115,ms,0.0028,0.000904
530330012022,208,ms,0.0032,0.001037
530330012022,292,ms,0.4999,0.160344
530330012022,935,ms,0.0035,0.00112
530330012022,949,ms,0.0031,0.000978
530330012022,955,ms,0.0016,0.000499
530330012023,103,ms,0.0023,0.000155
530330012023,104,ms,0.0679,0.004504
530330012023,105,ms,0.3689,0.024478
530330012023,106,ms,12.1128,0.803768
530330012023,109,ms,0.0033,0.000217
530330012023,113,ms,0.0301,0.001997
530330012023,115,ms,0.0136,0.000904
530330012023,208,ms,0.0156,0.001037
530330012023,292,ms,2.4164,0.160344
530330012023,935,ms,0.0169,0.00112
530330012023,949,ms,0.0147,0.000978
530330012023,955,ms,0.0075,0.000499
530330013001,103,ms,0.0094,0.000248
530330013001,104,ms,0.327,0.00862
530330013001,105,ms,1.9041,0.050194
530330013001,106,ms,0.2023,0.005334
530330013001,113,ms,26.6403,0.702261
530330013001,115,ms,0.3282,0.008651
530330013001,118,ms,0.1553,0.004095
530330013001,208,ms,4.5158,0.119041
530330013001,292,ms,2.5234,0.06652
530330013001,935,ms,0.127,0.003349
530330013001,949,ms,1.0211,0.026917
530330013001,955,ms,0.181,0.004772
530330013002,103,ms,0.002,0.000187
530330013002,104,ms,0.0708,0.006491
530330013002,105,ms,0.4916,0.045047
530330013002,106,ms,0.0438,0.004016
530330013002,113,ms,6.1095,0.559845
530330013002,115,ms,1.6592,0.152045
530330013002,118,ms,0.0482,0.004414
530330013002,208,ms,0.9987,0.091516
530330013002,292,ms,0.5623,0.05153
530330013002,935,ms,0.0291,0.002667
530330013002,949,ms,0.8301,0.076065
530330013002,955,ms,0.0674,0.006179
530330013003,103,ms,0.0018,0.000248
530330013003,104,ms,0.0627,0.00862
530330013003,105,ms,0.3652,0.050194
530330013003,106,ms,0.0388,0.005334
530330013003,113,ms,5.1091,0.702261
530330013003,115,ms,0.0629,0.008651
530330013003,118,ms,0.0298,0.004095
530330013003,208,ms,0.866,0.119041
530330013003,292,ms,0.4839,0.06652
530330013003,935,ms,0.0244,0.003349
530330013003,949,ms,0.1958,0.026917
530330013003,955,ms,0.0347,0.004772
530330014001,105,ms,0.0958,0.029357
530330014001,113,ms,0.4101,0.125735
530330014001,115,ms,1.9218,0.589138
530330014001,118,ms,0.0176,0.005388
530330014001,208,ms,0.0248,0.007615
530330014001,292,ms,0.019,0.005836
530330014001,935,ms,0.0019,0.000588
530330014001,949,ms,0.7368,0.225877
530330014001,955,ms,0.0341,0.010466
530330014002,105,ms,0.5398,0.029359
530330014002,113,ms,2.3128,0.125792
530330014002,115,ms,10.8307,0.58908
530330014002,118,ms,0.0991,0.005388
530330014002,208,ms,0.1402,0.007626
530330014002,292,ms,0.1074,0.005842
530330014002,935,ms,0.0108,0.000588
530330014002,949,ms,4.1525,0.225857
530330014002,955,ms,0.1924,0.010466
530330014004,105,ms,0.8487,0.029359
530330014004,113,ms,3.6361,0.125787
530330014004,115,ms,17.0285,0.589086
530330014004,118,ms,0.1558,0.005388
530330014004,208,ms,0.2204,0.007625
530330014004,292,ms,0.1689,0.005841
530330014004,935,ms,0.017,0.000588
530330014004,949,ms,6.5288,0.225859
530330014004,955,ms,0.3025,0.010466
530330015001,105,ms,0.0964,0.029357
530330015001,113,ms,0.4129,0.125735
530330015001,115,ms,1.9347,0.589138
530330015001,118,ms,0.0177,0.005388
530330015001,208,ms,0.025,0.007615
530330015001,292,ms,0.0192,0.005836
530330015001,935,ms,0.0019,0.000588
530330015001,949,ms,0.7418,0.225877
530330015001,955,ms,0.0344,0.010466
530330015002,105,ms,0.6666,0.029357
530330015002,113,ms,2.855,0.125735
530330015002,115,ms,13.3771,0.589138
530330015002,118,ms,0.1223,0.005388
530330015002,208,ms,0.1729,0.007615
530330015002,292,ms,0.1325,0.005836
530330015002,935,ms,0.0133,0.000588
530330015002,949,ms,5.1288,0.225877
530330015002,955,ms,0.2377,0.010466
530330016001,105,ms,0.7421,0.029357
530330016001,113,ms,3.1782,0.125735
530330016001,115,ms,14.8919,0.589138
530330016001,118,ms,0.1362,0.005388
530330016001,208,ms,0.1925,0.007615
530330016001,292,ms,0.1475,0.005836
530330016001,935,ms,0.0149,0.000588
530330016001,949,ms,5.7096,0.225877
530330016001,955,ms,0.2646,0.010466
530330016002,105,ms,1.9945,0.029357
530330016002,113,ms,8.5424,0.125735
530330016002,115,ms,40.026,0.589138
530330016002,118,ms,0.3661,0.005388
530330016002,208,ms,0.5174,0.007615
530330016002,292,ms,0.3965,0.005836
530330016002,935,ms,0.0399,0.000588
530330016002,949,ms,15.3461,0.225877
530330016002,955,ms,0.7111,0.010466
530330016003,105,ms,0.9048,0.029357
530330016003,113,ms,3.8753,0.125735
530330016003,115,ms,18.1581,0.589138
530330016003,118,ms,0.1661,0.005388
530330016003,208,ms,0.2347,0.007615
530330016003,292,ms,0.1799,0.005836
530330016003,935,ms,0.0181,0.000588
530330016003,949,ms,6.9619,0.225877
530330016003,955,ms,0.3226,0.010466
530330017012,103,ms,0.003,0.000154
530330017012,104,ms,0.1056,0.005366
530330017012,105,ms,0.833,0.042329
530330017012,106,ms,0.0653,0.003321
530330017012,113,ms,9.5379,0.484646
530330017012,115,ms,4.4824,0.227761
530330017012,118,ms,0.0902,0.004583
530330017012,208,ms,1.515,0.076982
530330017012,292,ms,0.8583,0.043614
530330017012,935,ms,0.0454,0.002307
530330017012,949,ms,2.0077,0.102016
530330017012,955,ms,0.1362,0.006921
530330017013,103,ms,0.0002,4.6e-05
530330017013,104,ms,0.0059,0.001591
530330017013,105,ms,0.123,0.033203
530330017013,106,ms,0.0036,0.000985
530330017013,113,ms,0.86,0.232164
530330017013,115,ms,1.7855,0.481977
530330017013,118,ms,0.0191,0.00515
530330017013,208,ms,0.1044,0.028185
530330017013,292,ms,0.0631,0.017038
530330017013,935,ms,0.0041,0.001097
530330017013,949,ms,0.7007,0.189148
530330017013,955,ms,0.0349,0.009415
530330017021,105,ms,0.3966,0.029357
530330017021,113,ms,1.6988,0.125735
530330017021,115,ms,7.9599,0.589138
530330017021,118,ms,0.0728,0.005388
530330017021,208,ms,0.1029,0.007615
530330017021,292,ms,0.0788,0.005836
530330017021,935,ms,0.0079,0.000588
530330017021,949,ms,3.0518,0.225877
530330017021,955,ms,0.1414,0.010466
530330017022,104,ms,0.0002,1.2e-05
530330017022,105,ms,0.4276,0.029385
530330017022,106,ms,0.0001,7e-06
530330017022,113,ms,1.8409,0.126518
530330017022,115,ms,8.5607,0.58835
530330017022,118,ms,0.0784,0.005387
530330017022,208,ms,0.113,0.007766
530330017022,292,ms,0.0861,0.005918
530330017022,935,ms,0.0086,0.000591
530330017022,949,ms,3.2827,0.225607
530330017022,955,ms,0.1522,0.010459
530330017023,105,ms,0.6255,0.029357
530330017023,113,ms,2.6789,0.125735
530330017023,115,ms,12.5522,0.589138
530330017023,118,ms,0.1148,0.005388
530330017023,208,ms,0.1622,0.007615
530330017023,292,ms,0.1243,0.005836
530330017023,935,ms,0.0125,0.000588
530330017023,949,ms,4.8125,0.225877
530330017023,955,ms,0.223,0.010466
530330017024,103,ms,0.0033,7.4e-05
530330017024,104,ms,0.1136,0.002572
530330017024,105,ms,1.5714,0.035575
530330017024,106,ms,0.0703,0.001592
530330017024,113,ms,13.1536,0.297789
530330017024,115,ms,18.3708,0.415902
530330017024,118,ms,0.221,0.005002
530330017024,208,ms,1.8052,0.040868
530330017024,292,ms,1.0577,0.023946
530330017024,935,ms,0.0624,0.001412
530330017024,949,ms,7.3545,0.166501
530330017024,955,ms,0.3872,0.008767
530330018001,103,ms,0.0042,0.000248
530330018001,104,ms,0.1478,0.00862
530330018001,105,ms,0.8608,0.050194
530330018001,106,ms,0.0915,0.005334
530330018001,113,ms,12.0429,0.702261
530330018001,115,ms,0.1484,0.008651
530330018001,118,ms,0.0702,0.004095
530330018001,208,ms,2.0414,0.119041
530330018001,292,ms,1.1407,0.06652
530330018001,935,ms,0.0574,0.003349
530330018001,949,ms,0.4616,0.026917
530330018001,955,ms,0.0818,0.004772
530330019001,103,ms,0.0012,0.000155
530330019001,104,ms,0.0351,0.004504
530330019001,105,ms,0.1908,0.024478
530330019001,106,ms,6.2653,0.803768
530330019001,109,ms,0.0017,0.000217
530330019001,113,ms,0.0156,0.001997
530330019001,115,ms,0.007,0.000904
530330019001,208,ms,0.0081,0.001037
530330019001,292,ms,1.2499,0.160344
530330019001,935,ms,0.0087,0.00112
530330019001,949,ms,0.0076,0.000978
530330019001,955,ms,0.0039,0.000499
530330019002,103,ms,0.0039,0.000182
530330019002,104,ms,0.121,0.005681
530330019002,105,ms,0.6782,0.031832
530330019002,106,ms,12.26,0.575426
530330019002,109,ms,0.0033,0.000155
530330019002,113,ms,4.3094,0.202263
530330019002,115,ms,0.0665,0.00312
530330019002,118,ms,0.0249,0.001171
530330019002,208,ms,0.7411,0.034784
530330019002,292,ms,2.8446,0.133512
530330019002,935,ms,0.0374,0.001757
530330019002,949,ms,0.1789,0.008396
530330019002,955,ms,0.0367,0.001721
530330019004,103,ms,0.0016,0.000184
530330019004,104,ms,0.0512,0.005795
530330019004,105,ms,0.2875,0.032546
530330019004,106,ms,4.8877,0.553277
530330019004,109,ms,0.0013,0.000149
530330019004,113,ms,1.9584,0.221689
530330019004,115,ms,0.0295,0.003334
530330019004,118,ms,0.0113,0.001285
530330019004,208,ms,0.3362,0.038058
530330019004,292,ms,1.1565,0.130909
530330019004,935,ms,0.0161,0.001819
530330019004,949,ms,0.0805,0.009116
530330019004,955,ms,0.0162,0.001839
530330020001,103,ms,0.0043,0.000155
530330020001,104,ms,0.1911,0.006823
530330020001,105,ms,0.686,0.024488
530330020001,106,ms,22.462,0.801833
530330020001,109,ms,0.006,0.000216
530330020001,113,ms,0.0559,0.001994
530330020001,115,ms,0.0253,0.000902
530330020001,208,ms,0.029,0.001034
530330020001,292,ms,4.4808,0.159953
530330020001,935,ms,0.0314,0.00112
530330020001,949,ms,0.0275,0.000982
530330020001,955,ms,0.014,0.000499
530330020002,103,ms,0.0052,0.000155
530330020002,104,ms,0.1522,0.004504
530330020002,105,ms,0.8272,0.024478
530330020002,106,ms,27.1624,0.803768
530330020002,109,ms,0.0073,0.000217
530330020002,113,ms,0.0675,0.001997
530330020002,115,ms,0.0306,0.000904
530330020002,208,ms,0.035,0.001037
530330020002,292,ms,5.4186,0.160344
530330020002,935,ms,0.0378,0.00112
530330020002,949,ms,0.0331,0.000978
530330020002,955,ms,0.0169,0.000499
530330020003,103,ms,0.0038,0.000155
530330020003,104,ms,0.1172,0.004793
530330020003,105,ms,0.5987,0.024479
530330020003,106,ms,19.6511,0.803527
530330020003,109,ms,0.0053,0.000216
530330020003,113,ms,0.0488,0.001997
530330020003,115,ms,0.0221,0.000904
530330020003,208,ms,0.0253,0.001036
530330020003,292,ms,3.9202,0.160295
530330020003,935,ms,0.0274,0.00112
530330020003,949,ms,0.0239,0.000979
530330020003,955,ms,0.0122,0.000499
530330021001,104,ms,23.0617,0.852511
530330021001,105,ms,0.7638,0.028235
530330021001,106,ms,2.6049,0.096293
530330021001,113,ms,0.0254,0.000937
530330021001,118,ms,0.0217,0.000803
530330021001,292,ms,0.4708,0.017404
530330021001,935,ms,0.0284,0.001051
530330021001,949,ms,0.0621,0.002296
530330021001,955,ms,0.0127,0.000468
530330021002,104,ms,41.5699,0.852286
530330021002,105,ms,1.3771,0.028234
530330021002,106,ms,4.7058,0.096481
530330021002,113,ms,0.0457,0.000938
530330021002,118,ms,0.0392,0.000803
530330021002,292,ms,0.8507,0.017442
530330021002,935,ms,0.0513,0.001051
530330021002,949,ms,0.112,0.002296
530330021002,955,ms,0.0228,0.000468
530330021003,104,ms,9.7837,0.852511
530330021003,105,ms,0.324,0.028235
530330021003,106,ms,1.1051,0.096293
530330021003,113,ms,0.0108,0.000937
530330021003,118,ms,0.0092,0.000803
530330021003,292,ms,0.1997,0.017404
530330021003,935,ms,0.0121,0.001051
530330021003,949,ms,0.0264,0.002296
530330021003,955,ms,0.0054,0.000468
530330022001,103,ms,0.0094,0.000146
530330022001,104,ms,3.4524,0.053745
530330022001,105,ms,1.5864,0.024696
530330022001,106,ms,48.9925,0.762687
530330022001,109,ms,0.0131,0.000204
530330022001,113,ms,0.1243,0.001935
530330022001,115,ms,0.0547,0.000852
530330022001,118,ms,0.003,4.7e-05
530330022001,208,ms,0.0627,0.000976
530330022001,292,ms,9.7668,0.152044
530330022001,935,ms,0.0717,0.001116
530330022001,949,ms,0.0678,0.001055
530330022001,955,ms,0.0319,0.000497
530330022002,103,ms,0.0008,1.9e-05
530330022002,104,ms,31.4992,0.750867
530330022002,105,ms,1.1656,0.027785
530330022002,106,ms,7.5969,0.181093
530330022002,109,ms,0.0011,2.6e-05
530330022002,113,ms,0.0447,0.001064
530330022002,115,ms,0.0045,0.000108
530330022002,118,ms,0.0297,0.000707
530330022002,208,ms,0.0052,0.000124
530330022002,292,ms,1.4489,0.034537
530330022002,935,ms,0.0445,0.00106
530330022002,949,ms,0.0897,0.002138
530330022002,955,ms,0.0198,0.000472
530330022003,104,ms,3.8758,0.852424
530330022003,105,ms,0.1284,0.028235
530330022003,106,ms,0.4382,0.096366
530330022003,113,ms,0.0043,0.000938
530330022003,118,ms,0.0037,0.000803
530330022003,292,ms,0.0792,0.017419
530330022003,935,ms,0.0048,0.001051
530330022003,949,ms,0.0104,0.002296
530330022003,955,ms,0.0021,0.000468
530330022004,104,ms,15.2739,0.852511
530330022004,105,ms,0.5059,0.028235
530330022004,106,ms,1.7252,0.096293
530330022004,113,ms,0.0168,0.000937
530330022004,118,ms,0.0144,0.000803
530330022004,292,ms,0.3118,0.017404
530330022004,935,ms,0.0188,0.001051
530330022004,949,ms,0.0411,0.002296
530330022004,955,ms,0.0084,0.000468
530330024001,104,ms,26.9125,0.852511
530330024001,105,ms,0.8913,0.028235
530330024001,106,ms,3.0398,0.096293
530330024001,113,ms,0.0296,0.000937
530330024001,118,ms,0.0254,0.000803
530330024001,292,ms,0.5494,0.017404
530330024001,935,ms,0.0332,0.001051
530330024001,949,ms,0.0725,0.002296
530330024001,955,ms,0.0148,0.000468
530330024002,104,ms,38.0139,0.852511
530330024002,105,ms,1.259,0.028235
530330024002,106,ms,4.2938,0.096293
530330024002,113,ms,0.0418,0.000937
530330024002,118,ms,0.0358,0.000803
530330024002,292,ms,0.7761,0.017404
530330024002,935,ms,0.0469,0.001051
530330024002,949,ms,0.1024,0.002296
530330024002,955,ms,0.0209,0.000468
530330025001,104,ms,38.5995,0.852511
530330025001,105,ms,1.2784,0.028235
530330025001,106,ms,4.3599,0.096293
530330025001,113,ms,0.0424,0.000937
530330025001,118,ms,0.0364,0.000803
530330025001,292,ms,0.788,0.017404
530330025001,935,ms,0.0476,0.001051
530330025001,949,ms,0.104,0.002296
530330025001,955,ms,0.0212,0.000468
530330025002,104,ms,32.7257,0.852511
530330025002,105,ms,1.0839,0.028235
530330025002,106,ms,3.6965,0.096293
530330025002,113,ms,0.036,0.000937
530330025002,118,ms,0.0308,0.000803
530330025002,292,ms,0.6681,0.017404
530330025002,935,ms,0.0404,0.001051
530330025002,949,ms,0.0882,0.002296
530330025002,955,ms,0.018,0.000468
530330026001,103,ms,0.0012,3.4e-05
530330026001,104,ms,23.856,0.66865
530330026001,105,ms,0.9783,0.02742
530330026001,106,ms,8.9082,0.249684
530330026001,109,ms,0.0017,4.7e-05
530330026001,113,ms,0.0416,0.001167
530330026001,115,ms,0.007,0.000196
530330026001,118,ms,0.0225,0.000629
530330026001,208,ms,0.008,0.000225
530330026001,292,ms,1.7266,0.048396
530330026001,935,ms,0.038,0.001066
530330026001,949,ms,0.0717,0.002011
530330026001,955,ms,0.0169,0.000475
530330026002,104,ms,43.4057,0.852511
530330026002,105,ms,1.4376,0.028235
530330026002,106,ms,4.9028,0.096293
530330026002,113,ms,0.0477,0.000937
530330026002,118,ms,0.0409,0.000803
530330026002,292,ms,0.8861,0.017404
530330026002,935,ms,0.0535,0.001051
530330026002,949,ms,0.1169,0.002296
530330026002,955,ms,0.0238,0.000468
530330026003,104,ms,15.8415,0.852511
530330026003,105,ms,0.5247,0.028235
530330026003,106,ms,1.7893,0.096293
530330026003,113,ms,0.0174,0.000937
530330026003,118,ms,0.0149,0.000803
530330026003,292,ms,0.3234,0.017404
530330026003,935,ms,0.0195,0.001051
530330026003,949,ms,0.0427,0.002296
530330026003,955,ms,0.0087,0.000468
530330026004,103,ms,0.0006,3.7e-05
530330026004,104,ms,9.6427,0.648656
530330026004,105,ms,0.4063,0.027332
530330026004,106,ms,3.9597,0.266365
530330026004,109,ms,0.0008,5.2e-05
530330026004,113,ms,0.0177,0.001192
530330026004,115,ms,0.0032,0.000217
530330026004,118,ms,0.0091,0.00061
530330026004,208,ms,0.0037,0.000249
530330026004,292,ms,0.7695,0.051766
530330026004,935,ms,0.0159,0.001068
530330026004,949,ms,0.0294,0.00198
530330026004,955,ms,0.0071,0.000476
530330027002,103,ms,0.0007,0.000136
530330027002,104,ms,1.6715,0.331392
530330027002,105,ms,0.1873,0.037132
530330027002,106,ms,0.93,0.184388
530330027002,109,ms,0.0002,3.9e-05
530330027002,113,ms,1.5481,0.306945
530330027002,115,ms,0.0198,0.003936
530330027002,118,ms,0.0106,0.002093
530330027002,208,ms,0.2628,0.052096
530330027002,292,ms,0.326,0.064634
530330027002,935,ms,0.0104,0.002066
530330027002,949,ms,0.0645,0.012794
530330027002,955,ms,0.0119,0.00235
530330027003,103,ms,0.0091,0.000248
530330027003,104,ms,0.3162,0.00862
530330027003,105,ms,1.8412,0.050194
530330027003,106,ms,0.1957,0.005334
530330027003,113,ms,25.7601,0.702261
530330027003,115,ms,0.3173,0.008651
530330027003,118,ms,0.1502,0.004095
530330027003,208,ms,4.3666,0.119041
530330027003,292,ms,2.4401,0.06652
530330027003,935,ms,0.1228,0.003349
530330027003,949,ms,0.9874,0.026917
530330027003,955,ms,0.175,0.004772
530330027004,103,ms,0.0109,0.000248
530330027004,104,ms,0.3794,0.00862
530330027004,105,ms,2.2094,0.050194
530330027004,106,ms,0.2348,0.005334
530330027004,113,ms,30.9121,0.702261
530330027004,115,ms,0.3808,0.008651
530330027004,118,ms,0.1802,0.004095
530330027004,208,ms,5.2399,0.119041
530330027004,292,ms,2.9281,0.06652
530330027004,935,ms,0.1474,0.003349
530330027004,949,ms,1.1848,0.026917
530330027004,955,ms,0.2101,0.004772
530330028001,103,ms,0.0026,0.000248
530330028001,104,ms,0.0892,0.00862
530330028001,105,ms,0.5195,0.050194
530330028001,106,ms,0.0552,0.005334
530330028001,113,ms,7.2682,0.702261
530330028001,115,ms,0.0895,0.008651
530330028001,118,ms,0.0424,0.004095
530330028001,208,ms,1.232,0.119041
530330028001,292,ms,0.6885,0.06652
530330028001,935,ms,0.0347,0.003349
530330028001,949,ms,0.2786,0.026917
530330028001,955,ms,0.0494,0.004772
530330028002,103,ms,0.0019,0.000248
530330028002,104,ms,0.0663,0.00862
530330028002,105,ms,0.3859,0.050194
530330028002,106,ms,0.041,0.005334
530330028002,113,ms,5.3992,0.702261
530330028002,115,ms,0.0665,0.008651
530330028002,118,ms,0.0315,0.004095
530330028002,208,ms,0.9152,0.119041
530330028002,292,ms,0.5114,0.06652
530330028002,935,ms,0.0257,0.003349
530330028002,949,ms,0.2069,0.026917
530330028002,955,ms,0.0367,0.004772
530330028003,103,ms,0.0067,0.000246
530330028003,104,ms,0.2338,0.008595
530330028003,105,ms,1.5397,0.056597
530330028003,106,ms,0.1449,0.005326
530330028003,113,ms,18.9685,0.697249
530330028003,115,ms,0.2337,0.008589
530330028003,117,ms,0.0002,6e-06
530330028003,118,ms,0.1116,0.004101
530330028003,208,ms,3.2152,0.118185
530330028003,289,ms,0.0003,1.2e-05
530330028003,291,ms,0.0002,8e-06
530330028003,292,ms,1.798,0.066093
530330028003,935,ms,0.0908,0.003336
530330028003,949,ms,0.7323,0.026919
530330028003,955,ms,0.1289,0.004738
530330028004,103,ms,0.0063,0.000248
530330028004,104,ms,0.2192,0.00862
530330028004,105,ms,1.2765,0.050194
530330028004,106,ms,0.1356,0.005334
530330028004,113,ms,17.8589,0.702261
530330028004,115,ms,0.22,0.008651
530330028004,118,ms,0.1041,0.004095
530330028004,208,ms,3.0273,0.119041
530330028004,292,ms,1.6916,0.06652
530330028004,935,ms,0.0852,0.003349
530330028004,949,ms,0.6845,0.026917
530330028004,955,ms,0.1214,0.004772
530330029001,103,ms,0.0033,0.000196
530330029001,104,ms,0.1157,0.006832
530330029001,105,ms,0.7768,0.045872
530330029001,106,ms,0.0716,0.004228
530330029001,113,ms,9.8668,0.582683
530330029001,115,ms,2.1853,0.12905
530330029001,118,ms,0.0739,0.004363
530330029001,208,ms,1.6244,0.09593
530330029001,292,ms,0.9133,0.053933
530330029001,935,ms,0.047,0.002776
530330029001,949,ms,1.1546,0.068183
530330029001,955,ms,0.1008,0.005953
530330029002,103,ms,0.0052,0.000247
530330029002,104,ms,0.1814,0.008612
530330029002,105,ms,1.0893,0.051714
530330029002,106,ms,0.1123,0.005331
530330029002,113,ms,14.7638,0.700918
530330029002,115,ms,0.1851,0.008785
530330029002,118,ms,0.0863,0.004096
530330029002,208,ms,2.5025,0.118808
530330029002,292,ms,1.3987,0.066403
530330029002,935,ms,0.0705,0.003345
530330029002,949,ms,0.5681,0.026968
530330029002,955,ms,0.1004,0.004765
530330029003,103,ms,0.0085,0.000117
530330029003,104,ms,0.297,0.004086
530330029003,105,ms,2.8519,0.039234
530330029003,106,ms,0.1838,0.002528
530330029003,113,ms,29.0044,0.399015
530330029003,115,ms,22.8232,0.31398
530330029003,118,ms,0.3471,0.004775
530330029003,208,ms,4.3928,0.060432
530330029003,292,ms,2.5151,0.034601
530330029003,935,ms,0.1379,0.001897
530330029003,949,ms,9.5636,0.131568
530330029003,955,ms,0.5646,0.007767
530330030001,105,ms,1.1589,0.029357
530330030001,113,ms,4.9636,0.125735
530330030001,115,ms,23.2572,0.589138
530330030001,118,ms,0.2127,0.005388
530330030001,208,ms,0.3006,0.007615
530330030001,292,ms,0.2304,0.005836
530330030001,935,ms,0.0232,0.000588
530330030001,949,ms,8.9169,0.225877
530330030001,955,ms,0.4132,0.010466
530330030002,105,ms,1.1724,0.029357
530330030002,113,ms,5.0213,0.125735
530330030002,115,ms,23.5276,0.589138
530330030002,118,ms,0.2152,0.005388
530330030002,208,ms,0.3041,0.007615
530330030002,292,ms,0.2331,0.005836
530330030002,935,ms,0.0235,0.000588
530330030002,949,ms,9.0205,0.225877
530330030002,955,ms,0.418,0.010466
530330030003,105,ms,1.5767,0.029357
530330030003,113,ms,6.7528,0.125735
530330030003,115,ms,31.6406,0.589138
530330030003,118,ms,0.2894,0.005388
530330030003,208,ms,0.409,0.007615
530330030003,292,ms,0.3134,0.005836
530330030003,935,ms,0.0316,0.000588
530330030003,949,ms,12.1311,0.225877
530330030003,955,ms,0.5621,0.010466
530330030004,105,ms,0.1348,0.029357
530330030004,113,ms,0.5772,0.125735
530330030004,115,ms,2.7043,0.589138
530330030004,118,ms,0.0247,0.005388
530330030004,208,ms,0.035,0.007615
530330030004,292,ms,0.0268,0.005836
530330030004,935,ms,0.0027,0.000588
530330030004,949,ms,1.0368,0.225877
530330030004,955,ms,0.048,0.010466
530330031001,105,ms,0.7798,0.029357
530330031001,113,ms,3.3398,0.125735
530330031001,115,ms,15.6489,0.589138
530330031001,118,ms,0.1431,0.005388
530330031001,208,ms,0.2023,0.007615
530330031001,292,ms,0.155,0.005836
530330031001,935,ms,0.0156,0.000588
530330031001,949,ms,5.9998,0.225877
530330031001,955,ms,0.278,0.010466
530330031002,105,ms,1.4977,0.029357
530330031002,113,ms,6.4146,0.125735
530330031002,115,ms,30.0559,0.589138
530330031002,118,ms,0.2749,0.005388
530330031002,208,ms,0.3885,0.007615
530330031002,292,ms,0.2977,0.005836
530330031002,935,ms,0.03,0.000588
530330031002,949,ms,11.5235,0.225877
530330031002,955,ms,0.534,0.010466
530330031003,105,ms,1.3244,0.029357
530330031003,113,ms,5.6724,0.125735
530330031003,115,ms,26.5783,0.589138
530330031003,118,ms,0.2431,0.005388
530330031003,208,ms,0.3435,0.007615
530330031003,292,ms,0.2633,0.005836
530330031003,935,ms,0.0265,0.000588
530330031003,949,ms,10.1902,0.225877
530330031003,955,ms,0.4722,0.010466
530330031004,105,ms,2.1042,0.029357
530330031004,113,ms,9.0122,0.125735
530330031004,115,ms,42.2272,0.589138
530330031004,118,ms,0.3862,0.005388
530330031004,208,ms,0.5458,0.007615
530330031004,292,ms,0.4183,0.005836
530330031004,935,ms,0.0421,0.000588
530330031004,949,ms,16.19,0.225877
530330031004,955,ms,0.7502,0.010466
530330031005,105,ms,1.2976,0.029357
530330031005,113,ms,5.5575,0.125735
530330031005,115,ms,26.0401,0.589138
530330031005,118,ms,0.2382,0.005388
530330031005,208,ms,0.3366,0.007615
530330031005,292,ms,0.2579,0.005836
530330031005,935,ms,0.026,0.000588
530330031005,949,ms,9.9838,0.225877
530330031005,955,ms,0.4626,0.010466
530330032011,105,ms,0.34,0.042108
530330032011,107,ms,0.0002,2.8e-05
530330032011,109,ms,0.0003,3.5e-05
530330032011,113,ms,0.9096,0.112661
530330032011,115,ms,4.2579,0.527342
530330032011,117,ms,0.0005,6.6e-05
530330032011,118,ms,0.5476,0.067818
530330032011,130,ms,0.0011,0.000132
530330032011,208,ms,0.055,0.006813
530330032011,289,ms,0.1897,0.023494
530330032011,292,ms,0.0434,0.005371
530330032011,935,ms,0.0042,0.000526
530330032011,949,ms,1.6471,0.203999
530330032011,955,ms,0.0776,0.009607
530330032012,105,ms,0.9366,0.032708
530330032012,107,ms,0.0002,7e-06
530330032012,109,ms,0.0003,9e-06
530330032012,113,ms,3.5019,0.122299
530330032012,115,ms,16.4045,0.572898
530330032012,117,ms,0.0005,1.7e-05
530330032012,118,ms,0.6241,0.021796
530330032012,130,ms,0.001,3.5e-05
530330032012,208,ms,0.212,0.007404
530330032012,289,ms,0.1768,0.006174
530330032012,292,ms,0.1636,0.005714
530330032012,935,ms,0.0164,0.000571
530330032012,949,ms,6.3032,0.220127
530330032012,955,ms,0.2932,0.01024
530330032021,105,ms,0.5339,0.029357
530330032021,113,ms,2.2869,0.125735
530330032021,115,ms,10.7153,0.589138
530330032021,118,ms,0.098,0.005388
530330032021,208,ms,0.1385,0.007615
530330032021,292,ms,0.1061,0.005836
530330032021,935,ms,0.0107,0.000588
530330032021,949,ms,4.1083,0.225877
530330032021,955,ms,0.1904,0.010466
530330032022,105,ms,2.3951,0.029357
530330032022,113,ms,10.2582,0.125735
530330032022,115,ms,48.0656,0.589138
530330032022,118,ms,0.4396,0.005388
530330032022,208,ms,0.6213,0.007615
530330032022,292,ms,0.4761,0.005836
530330032022,935,ms,0.0479,0.000588
530330032022,949,ms,18.4284,0.225877
530330032022,955,ms,0.8539,0.010466
530330032023,105,ms,1.7544,0.029357
530330032023,113,ms,7.514,0.125735
530330032023,115,ms,35.2073,0.589138
530330032023,118,ms,0.322,0.005388
530330032023,208,ms,0.4551,0.007615
530330032023,292,ms,0.3488,0.005836
530330032023,935,ms,0.0351,0.000588
530330032023,949,ms,13.4985,0.225877
530330032023,955,ms,0.6255,0.010466
530330033011,104,ms,0.0002,1.9e-05
530330033011,105,ms,0.3155,0.03263
530330033011,106,ms,0.0001,1.5e-05
530330033011,113,ms,1.2114,0.1253
530330033011,115,ms,5.6751,0.587024
530330033011,118,ms,0.0521,0.005387
530330033011,208,ms,0.0734,0.007588
530330033011,292,ms,0.0565,0.00584
530330033011,935,ms,0.0057,0.000591
530330033011,949,ms,2.1768,0.225164
530330033011,955,ms,0.1008,0.010429
530330033012,104,ms,0.0002,9e-06
530330033012,105,ms,0.6399,0.030961
530330033012,106,ms,0.0002,8e-06
530330033012,113,ms,2.5944,0.125522
530330033012,115,ms,12.1553,0.588102
530330033012,118,ms,0.1114,0.005388
530330033012,208,ms,0.1571,0.007602
530330033012,292,ms,0.1207,0.005838
530330033012,935,ms,0.0122,0.000589
530330033012,949,ms,4.6613,0.225528
530330033012,955,ms,0.2159,0.010448
530330033013,105,ms,1.1842,0.029357
530330033013,113,ms,5.0718,0.125735
530330033013,115,ms,23.7642,0.589138
530330033013,118,ms,0.2174,0.005388
530330033013,208,ms,0.3072,0.007615
530330033013,292,ms,0.2354,0.005836
530330033013,935,ms,0.0237,0.000588
530330033013,949,ms,9.1112,0.225877
530330033013,955,ms,0.4222,0.010466
530330033021,104,ms,0.0918,0.002182
530330033021,105,ms,17.4218,0.413895
530330033021,106,ms,0.0758,0.0018
530330033021,113,ms,3.1457,0.074734
530330033021,115,ms,14.342,0.340728
530330033021,117,ms,0.0138,0.000328
530330033021,118,ms,0.2184,0.005189
530330033021,208,ms,0.1854,0.004404
530330033021,289,ms,0.0301,0.000715
530330033021,291,ms,0.021,0.000498
530330033021,292,ms,0.268,0.006368
530330033021,935,ms,0.0428,0.001018
530330033021,949,ms,5.9808,0.142089
530330033021,955,ms,0.2548,0.006053
530330033023,104,ms,0.0577,0.001709
530330033023,105,ms,11.1637,0.330504
530330033023,106,ms,0.0476,0.00141
530330033023,113,ms,2.8979,0.085794
530330033023,115,ms,13.3286,0.394598
530330033023,117,ms,0.0087,0.000257
530330033023,118,ms,0.1767,0.005232
530330033023,208,ms,0.1723,0.0051
530330033023,289,ms,0.0189,0.00056
530330033023,291,ms,0.0132,0.00039
530330033023,292,ms,0.2112,0.006253
530330033023,935,ms,0.0312,0.000925
530330033023,949,ms,5.4132,0.160259
530330033023,955,ms,0.2368,0.00701
530330034001,104,ms,0.1047,0.005174
530330034001,105,ms,19.0405,0.94134
530330034001,106,ms,0.0863,0.004269
530330034001,113,ms,0.0967,0.004779
530330034001,117,ms,0.0157,0.000778
530330034001,118,ms,0.0994,0.004915
530330034001,289,ms,0.0343,0.001695
530330034001,291,ms,0.0239,0.001181
530330034001,292,ms,0.1436,0.007098
530330034001,935,ms,0.0325,0.001608
530330034001,949,ms,0.5494,0.027162
530330034002,104,ms,0.0733,0.002351
530330034002,105,ms,13.8297,0.443691
530330034002,106,ms,0.0605,0.001939
530330034002,113,ms,2.2062,0.070782
530330034002,115,ms,10.0204,0.321479
530330034002,117,ms,0.011,0.000354
530330034002,118,ms,0.1613,0.005174
530330034002,208,ms,0.1295,0.004155
530330034002,289,ms,0.024,0.00077
530330034002,291,ms,0.0167,0.000537
530330034002,292,ms,0.1998,0.006409
530330034002,935,ms,0.0328,0.001051
530330034002,949,ms,4.2265,0.135596
530330034002,955,ms,0.178,0.005711
530330034003,104,ms,0.115,0.005174
530330034003,105,ms,20.9134,0.94134
530330034003,106,ms,0.0948,0.004269
530330034003,113,ms,0.1062,0.004779
530330034003,117,ms,0.0173,0.000778
530330034003,118,ms,0.1092,0.004915
530330034003,289,ms,0.0377,0.001695
530330034003,291,ms,0.0262,0.001181
530330034003,292,ms,0.1577,0.007098
530330034003,935,ms,0.0357,0.001608
530330034003,949,ms,0.6034,0.027162
530330035001,104,ms,0.2716,0.005174
530330035001,105,ms,49.4017,0.941296
530330035001,106,ms,0.224,0.004269
530330035001,113,ms,0.2526,0.004813
530330035001,117,ms,0.0409,0.000778
530330035001,118,ms,0.258,0.004915
530330035001,208,ms,0.0003,6e-06
530330035001,289,ms,0.089,0.001695
530330035001,291,ms,0.062,0.001181
530330035001,292,ms,0.3727,0.007101
530330035001,935,ms,0.0844,0.001608
530330035001,949,ms,1.4255,0.027162
530330035002,104,ms,0.1207,0.005174
530330035002,105,ms,21.9573,0.94134
530330035002,106,ms,0.0996,0.004269
530330035002,113,ms,0.1115,0.004779
530330035002,117,ms,0.0182,0.000778
530330035002,118,ms,0.1147,0.004915
530330035002,289,ms,0.0395,0.001695
530330035002,291,ms,0.0275,0.001181
530330035002,292,ms,0.1656,0.007098
530330035002,935,ms,0.0375,0.001608
530330035002,949,ms,0.6336,0.027162
530330035003,104,ms,0.0729,0.005174
530330035003,105,ms,13.2659,0.94134
530330035003,106,ms,0.0602,0.004269
530330035003,113,ms,0.0674,0.004779
530330035003,117,ms,0.011,0.000778
530330035003,118,ms,0.0693,0.004915
530330035003,289,ms,0.0239,0.001695
530330035003,291,ms,0.0166,0.001181
530330035003,292,ms,0.1,0.007098
530330035003,935,ms,0.0227,0.001608
530330035003,949,ms,0.3828,0.027162
530330036011,104,ms,25.8906,0.778475
530330036011,105,ms,3.5924,0.108017
530330036011,106,ms,2.9351,0.088253
530330036011,113,ms,0.0423,0.001273
530330036011,117,ms,0.0023,6.8e-05
530330036011,118,ms,0.0387,0.001163
530330036011,289,ms,0.0049,0.000148
530330036011,291,ms,0.0034,0.000103
530330036011,292,ms,0.5489,0.016504
530330036011,935,ms,0.0366,0.0011
530330036011,949,ms,0.1486,0.004469
530330036011,955,ms,0.0142,0.000427
530330036012,104,ms,15.1915,0.769309
530330036012,105,ms,2.3281,0.117895
530330036012,106,ms,1.7231,0.087257
530330036012,113,ms,0.026,0.001315
530330036012,117,ms,0.0015,7.6e-05
530330036012,118,ms,0.0238,0.001207
530330036012,289,ms,0.0033,0.000166
530330036012,291,ms,0.0023,0.000116
530330036012,292,ms,0.3237,0.016392
530330036012,935,ms,0.0218,0.001106
530330036012,949,ms,0.0936,0.004738
530330036012,955,ms,0.0083,0.000422
530330036023,104,ms,6.2022,0.852511
530330036023,105,ms,0.2054,0.028235
530330036023,106,ms,0.7006,0.096293
530330036023,113,ms,0.0068,0.000937
530330036023,118,ms,0.0058,0.000803
530330036023,292,ms,0.1266,0.017404
530330036023,935,ms,0.0076,0.001051
530330036023,949,ms,0.0167,0.002296
530330036023,955,ms,0.0034,0.000468
530330038001,104,ms,52.1816,0.852511
530330038001,105,ms,1.7282,0.028235
530330038001,106,ms,5.8941,0.096293
530330038001,113,ms,0.0574,0.000937
530330038001,118,ms,0.0492,0.000803
530330038001,292,ms,1.0653,0.017404
530330038001,935,ms,0.0644,0.001051
530330038001,949,ms,0.1406,0.002296
530330038001,955,ms,0.0287,0.000468
530330038002,104,ms,22.6877,0.852511
530330038002,105,ms,0.7514,0.028235
530330038002,106,ms,2.5626,0.096293
530330038002,113,ms,0.0249,0.000937
530330038002,118,ms,0.0214,0.000803
530330038002,292,ms,0.4632,0.017404
530330038002,935,ms,0.028,0.001051
530330038002,949,ms,0.0611,0.002296
530330038002,955,ms,0.0125,0.000468
530330039001,104,ms,60.287,0.852511
530330039001,105,ms,1.9967,0.028235
530330039001,106,ms,6.8096,0.096293
530330039001,113,ms,0.0663,0.000937
530330039001,118,ms,0.0568,0.000803
530330039001,292,ms,1.2308,0.017404
530330039001,935,ms,0.0744,0.001051
530330039001,949,ms,0.1624,0.002296
530330039001,955,ms,0.0331,0.000468
530330039002,104,ms,44.7072,0.852511
530330039002,105,ms,1.4807,0.028235
530330039002,106,ms,5.0498,0.096293
530330039002,113,ms,0.0492,0.000937
530330039002,118,ms,0.0421,0.000803
530330039002,292,ms,0.9127,0.017404
530330039002,935,ms,0.0551,0.001051
530330039002,949,ms,0.1204,0.002296
530330039002,955,ms,0.0246,0.000468
530330040001,104,ms,25.8751,0.852511
530330040001,105,ms,0.857,0.028235
530330040001,106,ms,2.9227,0.096293
530330040001,113,ms,0.0285,0.000937
530330040001,118,ms,0.0244,0.000803
530330040001,292,ms,0.5282,0.017404
530330040001,935,ms,0.0319,0.001051
530330040001,949,ms,0.0697,0.002296
530330040001,955,ms,0.0142,0.000468
530330040002,104,ms,65.5027,0.852511
530330040002,105,ms,2.1694,0.028235
530330040002,106,ms,7.3987,0.096293
530330040002,113,ms,0.072,0.000937
530330040002,118,ms,0.0617,0.000803
530330040002,292,ms,1.3372,0.017404
530330040002,935,ms,0.0808,0.001051
530330040002,949,ms,0.1764,0.002296
530330040002,955,ms,0.036,0.000468
530330041011,104,ms,8.678,0.852511
530330041011,105,ms,0.2874,0.028235
530330041011,106,ms,0.9802,0.096293
530330041011,113,ms,0.0095,0.000937
530330041011,118,ms,0.0082,0.000803
530330041011,292,ms,0.1772,0.017404
530330041011,935,ms,0.0107,0.001051
530330041011,949,ms,0.0234,0.002296
530330041011,955,ms,0.0048,0.000468
530330041012,104,ms,6.7806,0.852511
530330041012,105,ms,0.2246,0.028235
530330041012,106,ms,0.7659,0.096293
530330041012,113,ms,0.0075,0.000937
530330041012,118,ms,0.0064,0.000803
530330041012,292,ms,0.1384,0.017404
530330041012,935,ms,0.0084,0.001051
530330041012,949,ms,0.0183,0.002296
530330041012,955,ms,0.0037,0.000468
530330041013,104,ms,8.4847,0.852511
530330041013,105,ms,0.281,0.028235
530330041013,106,ms,0.9584,0.096293
530330041013,113,ms,0.0093,0.000937
530330041013,118,ms,0.008,0.000803
530330041013,292,ms,0.1732,0.017404
530330041013,935,ms,0.0105,0.001051
530330041013,949,ms,0.0229,0.002296
530330041013,955,ms,0.0047,0.000468
530330041021,104,ms,2.7618,0.852511
530330041021,105,ms,0.0915,0.028235
530330041021,106,ms,0.312,0.096293
530330041021,113,ms,0.003,0.000937
530330041021,118,ms,0.0026,0.000803
530330041021,292,ms,0.0564,0.017404
530330041021,935,ms,0.0034,0.001051
530330041021,949,ms,0.0074,0.002296
530330041021,955,ms,0.0015,0.000468
530330041022,104,ms,11.6381,0.852511
530330041022,105,ms,0.3855,0.028235
530330041022,106,ms,1.3146,0.096293
530330041022,113,ms,0.0128,0.000937
530330041022,118,ms,0.011,0.000803
530330041022,292,ms,0.2376,0.017404
530330041022,935,ms,0.0144,0.001051
530330041022,949,ms,0.0314,0.002296
530330041022,955,ms,0.0064,0.000468
530330041023,104,ms,14.4848,0.852511
530330041023,105,ms,0.4797,0.028235
530330041023,106,ms,1.6361,0.096293
530330041023,113,ms,0.0159,0.000937
530330041023,118,ms,0.0137,0.000803
530330041023,292,ms,0.2957,0.017404
530330041023,935,ms,0.0179,0.001051
530330041023,949,ms,0.039,0.002296
530330041023,955,ms,0.008,0.000468
530330042011,104,ms,20.6438,0.852511
530330042011,105,ms,0.6837,0.028235
530330042011,106,ms,2.3318,0.096293
530330042011,113,ms,0.0227,0.000937
530330042011,118,ms,0.0195,0.000803
530330042011,292,ms,0.4214,0.017404
530330042011,935,ms,0.0255,0.001051
530330042011,949,ms,0.0556,0.002296
530330042011,955,ms,0.0113,0.000468
530330042012,104,ms,10.3219,0.852511
530330042012,105,ms,0.3419,0.028235
530330042012,106,ms,1.1659,0.096293
530330042012,113,ms,0.0114,0.000937
530330042012,118,ms,0.0097,0.000803
530330042012,292,ms,0.2107,0.017404
530330042012,935,ms,0.0127,0.001051
530330042012,949,ms,0.0278,0.002296
530330042012,955,ms,0.0057,0.000468
530330042013,104,ms,18.6518,0.852511
530330042013,105,ms,0.6177,0.028235
530330042013,106,ms,2.1068,0.096293
530330042013,113,ms,0.0205,0.000937
530330042013,118,ms,0.0176,0.000803
530330042013,292,ms,0.3808,0.017404
530330042013,935,ms,0.023,0.001051
530330042013,949,ms,0.0502,0.002296
530330042013,955,ms,0.0102,0.000468
530330042021,104,ms,3.5441,0.852511
530330042021,105,ms,0.1174,0.028235
530330042021,106,ms,0.4003,0.096293
530330042021,113,ms,0.0039,0.000937
530330042021,118,ms,0.0033,0.000803
530330042021,292,ms,0.0724,0.017404
530330042021,935,ms,0.0044,0.001051
530330042021,949,ms,0.0095,0.002296
530330042021,955,ms,0.0019,0.000468
530330042022,104,ms,26.1378,0.852511
530330042022,105,ms,0.8657,0.028235
530330042022,106,ms,2.9523,0.096293
530330042022,113,ms,0.0287,0.000937
530330042022,118,ms,0.0246,0.000803
530330042022,292,ms,0.5336,0.017404
530330042022,935,ms,0.0322,0.001051
530330042022,949,ms,0.0704,0.002296
530330042022,955,ms,0.0144,0.000468
530330042023,104,ms,50.5035,0.852511
530330042023,105,ms,1.6727,0.028235
530330042023,106,ms,5.7045,0.096293
530330042023,113,ms,0.0555,0.000937
530330042023,118,ms,0.0476,0.000803
530330042023,292,ms,1.031,0.017404
530330042023,935,ms,0.0623,0.001051
530330042023,949,ms,0.136,0.002296
530330042023,955,ms,0.0277,0.000468
530330043011,104,ms,7.7411,0.852511
530330043011,105,ms,0.2564,0.028235
530330043011,106,ms,0.8744,0.096293
530330043011,113,ms,0.0085,0.000937
530330043011,118,ms,0.0073,0.000803
530330043011,292,ms,0.158,0.017404
530330043011,935,ms,0.0095,0.001051
530330043011,949,ms,0.0209,0.002296
530330043011,955,ms,0.0043,0.000468
530330043012,104,ms,2.3223,0.852511
530330043012,105,ms,0.0769,0.028235
530330043012,106,ms,0.2623,0.096293
530330043012,113,ms,0.0026,0.000937
530330043012,118,ms,0.0022,0.000803
530330043012,292,ms,0.0474,0.017404
530330043012,935,ms,0.0029,0.001051
530330043012,949,ms,0.0063,0.002296
530330043012,955,ms,0.0013,0.000468
530330043013,104,ms,26.7067,0.852511
530330043013,105,ms,0.8845,0.028235
530330043013,106,ms,3.0166,0.096293
530330043013,113,ms,0.0294,0.000937
530330043013,118,ms,0.0252,0.000803
530330043013,292,ms,0.5452,0.017404
530330043013,935,ms,0.0329,0.001051
530330043013,949,ms,0.0719,0.002296
530330043013,955,ms,0.0147,0.000468
530330043021,104,ms,7.0882,0.852511
530330043021,105,ms,0.2348,0.028235
530330043021,106,ms,0.8006,0.096293
530330043021,113,ms,0.0078,0.000937
530330043021,118,ms,0.0067,0.000803
530330043021,292,ms,0.1447,0.017404
530330043021,935,ms,0.0087,0.001051
530330043021,949,ms,0.0191,0.002296
530330043021,955,ms,0.0039,0.000468
530330043022,104,ms,19.4926,0.852511
530330043022,105,ms,0.6456,0.028235
530330043022,106,ms,2.2017,0.096293
530330043022,113,ms,0.0214,0.000937
530330043022,118,ms,0.0184,0.000803
530330043022,292,ms,0.3979,0.017404
530330043022,935,ms,0.024,0.001051
530330043022,949,ms,0.0525,0.002296
530330043022,955,ms,0.0107,0.000468
530330044011,104,ms,17.3652,0.852465
530330044011,105,ms,0.5762,0.028283
530330044011,106,ms,1.9615,0.096289
530330044011,113,ms,0.0191,0.000938
530330044011,118,ms,0.0164,0.000804
530330044011,292,ms,0.3545,0.017404
530330044011,935,ms,0.0214,0.001051
530330044011,949,ms,0.0468,0.002298
530330044011,955,ms,0.0095,0.000468
530330044012,104,ms,25.7311,0.852247
530330044012,105,ms,0.8611,0.028519
530330044012,106,ms,2.9064,0.096265
530330044012,113,ms,0.0283,0.000939
530330044012,118,ms,0.0243,0.000805
530330044012,292,ms,0.5254,0.017401
530330044012,935,ms,0.0318,0.001052
530330044012,949,ms,0.0696,0.002304
530330044012,955,ms,0.0141,0.000468
530330044013,104,ms,3.4112,0.852511
530330044013,105,ms,0.113,0.028235
530330044013,106,ms,0.3853,0.096293
530330044013,113,ms,0.0038,0.000937
530330044013,118,ms,0.0032,0.000803
530330044013,292,ms,0.0696,0.017404
530330044013,935,ms,0.0042,0.001051
530330044013,949,ms,0.0092,0.002296
530330044013,955,ms,0.0019,0.000468
530330044021,104,ms,0.0195,0.006941
530330044021,105,ms,2.6456,0.939436
530330044021,106,ms,0.0126,0.004461
530330044021,113,ms,0.0134,0.004771
530330044021,117,ms,0.0022,0.000777
530330044021,118,ms,0.0138,0.004907
530330044021,289,ms,0.0048,0.001692
530330044021,291,ms,0.0033,0.001178
530330044021,292,ms,0.0201,0.00712
530330044021,935,ms,0.0045,0.001607
530330044021,949,ms,0.0763,0.02711
530330044022,104,ms,0.0148,0.007381
530330044022,105,ms,1.8888,0.938961
530330044022,106,ms,0.0091,0.004509
530330044022,113,ms,0.0096,0.004769
530330044022,117,ms,0.0016,0.000776
530330044022,118,ms,0.0099,0.004905
530330044022,289,ms,0.0034,0.001691
530330044022,291,ms,0.0024,0.001178
530330044022,292,ms,0.0143,0.007125
530330044022,935,ms,0.0032,0.001607
530330044022,949,ms,0.0545,0.027097
530330044023,104,ms,0.0741,0.0097
530330044023,105,ms,7.1583,0.936463
530330044023,106,ms,0.0364,0.00476
530330044023,113,ms,0.0364,0.004759
530330044023,117,ms,0.0059,0.000774
530330044023,118,ms,0.0374,0.004894
530330044023,289,ms,0.0129,0.001686
530330044023,291,ms,0.009,0.001175
530330044023,292,ms,0.0547,0.007153
530330044023,935,ms,0.0123,0.001605
530330044023,949,ms,0.2066,0.027029
530330045002,104,ms,0.3953,0.00519
530330045002,105,ms,71.6892,0.941322
530330045002,106,ms,0.3252,0.004271
530330045002,113,ms,0.364,0.004779
530330045002,117,ms,0.0593,0.000778
530330045002,118,ms,0.3743,0.004915
530330045002,289,ms,0.1291,0.001695
530330045002,291,ms,0.0899,0.001181
530330045002,292,ms,0.5406,0.007098
530330045002,935,ms,0.1225,0.001608
530330045002,949,ms,2.0685,0.027161
530330046001,103,ms,0.0012,4.1e-05
530330046001,104,ms,4.2027,0.145028
530330046001,105,ms,18.6751,0.644447
530330046001,106,ms,0.5672,0.019571
530330046001,113,ms,3.4496,0.119041
530330046001,115,ms,0.0413,0.001425
530330046001,117,ms,0.0151,0.000522
530330046001,118,ms,0.1189,0.004104
530330046001,208,ms,0.5682,0.019609
530330046001,289,ms,0.033,0.001137
530330046001,291,ms,0.023,0.000792
530330046001,292,ms,0.5384,0.018581
530330046001,935,ms,0.0523,0.001803
530330046001,949,ms,0.6675,0.023034
530330046001,955,ms,0.025,0.000863
530330046002,104,ms,0.2414,0.005284
530330046002,105,ms,43.0109,0.941222
530330046002,106,ms,0.1956,0.004281
530330046002,113,ms,0.2184,0.004779
530330046002,117,ms,0.0356,0.000778
530330046002,118,ms,0.2246,0.004915
530330046002,289,ms,0.0775,0.001695
530330046002,291,ms,0.054,0.001181
530330046002,292,ms,0.3244,0.0071
530330046002,935,ms,0.0735,0.001608
530330046002,949,ms,1.2411,0.027159
530330046003,104,ms,0.0384,0.005174
530330046003,105,ms,6.9945,0.94134
530330046003,106,ms,0.0317,0.004269
530330046003,113,ms,0.0355,0.004779
530330046003,117,ms,0.0058,0.000778
530330046003,118,ms,0.0365,0.004915
530330046003,289,ms,0.0126,0.001695
530330046003,291,ms,0.0088,0.001181
530330046003,292,ms,0.0527,0.007098
530330046003,935,ms,0.0119,0.001608
530330046003,949,ms,0.2018,0.027162
530330047021,104,ms,0.0037,0.002346
530330047021,105,ms,0.6905,0.442934
530330047021,106,ms,0.003,0.001936
530330047021,113,ms,0.1105,0.070882
530330047021,115,ms,0.5019,0.321968
530330047021,117,ms,0.0006,0.000353
530330047021,118,ms,0.0081,0.005174
530330047021,208,ms,0.0065,0.004162
530330047021,289,ms,0.0012,0.000769
530330047021,291,ms,0.0008,0.000536
530330047021,292,ms,0.01,0.006408
530330047021,935,ms,0.0016,0.00105
530330047021,949,ms,0.2116,0.135761
530330047021,955,ms,0.0089,0.00572
530330047031,104,ms,0.2724,0.005174
530330047031,105,ms,49.5593,0.94134
530330047031,106,ms,0.2247,0.004269
530330047031,113,ms,0.2516,0.004779
530330047031,117,ms,0.041,0.000778
530330047031,118,ms,0.2588,0.004915
530330047031,289,ms,0.0893,0.001695
530330047031,291,ms,0.0622,0.001181
530330047031,292,ms,0.3737,0.007098
530330047031,935,ms,0.0847,0.001608
530330047031,949,ms,1.43,0.027162
530330047033,104,ms,0.1983,0.004975
530330047033,105,ms,36.3015,0.910923
530330047033,106,ms,0.1636,0.004105
530330047033,107,ms,0.0004,1e-05
530330047033,109,ms,0.0005,1.3e-05
530330047033,113,ms,0.1866,0.004683
530330047033,115,ms,0.0085,0.000214
530330047033,117,ms,0.0308,0.000772
530330047033,118,ms,1.0994,0.027587
530330047033,130,ms,0.0019,4.8e-05
530330047033,289,ms,0.4047,0.010155
530330047033,291,ms,0.0453,0.001136
530330047033,292,ms,0.2742,0.006881
530330047033,935,ms,0.0616,0.001546
530330047033,949,ms,1.0704,0.026859
530330047033,955,ms,0.0036,9e-05
530330048001,104,ms,0.0033,0.005174
530330048001,105,ms,0.5999,0.94134
530330048001,106,ms,0.0027,0.004269
530330048001,113,ms,0.003,0.004779
530330048001,117,ms,0.0005,0.000778
530330048001,118,ms,0.0031,0.004915
530330048001,289,ms,0.0011,0.001695
530330048001,291,ms,0.0008,0.001181
530330048001,292,ms,0.0045,0.007098
530330048001,935,ms,0.001,0.001608
530330048001,949,ms,0.0173,0.027162
530330048002,104,ms,0.1253,0.005174
530330048002,105,ms,22.7948,0.94134
530330048002,106,ms,0.1034,0.004269
530330048002,113,ms,0.1157,0.004779
530330048002,117,ms,0.0188,0.000778
530330048002,118,ms,0.119,0.004915
530330048002,289,ms,0.0411,0.001695
530330048002,291,ms,0.0286,0.001181
530330048002,292,ms,0.1719,0.007098
530330048002,935,ms,0.0389,0.001608
530330048002,949,ms,0.6577,0.027162
530330048004,104,ms,0.0973,0.005174
530330048004,105,ms,17.696,0.94134
530330048004,106,ms,0.0802,0.004269
530330048004,113,ms,0.0898,0.004779
530330048004,117,ms,0.0146,0.000778
530330048004,118,ms,0.0924,0.004915
530330048004,289,ms,0.0319,0.001695
530330048004,291,ms,0.0222,0.001181
530330048004,292,ms,0.1334,0.007098
530330048004,935,ms,0.0302,0.001608
530330048004,949,ms,0.5106,0.027162
530330049021,104,ms,0.1533,0.005174
530330049021,105,ms,27.8829,0.94134
530330049021,106,ms,0.1264,0.004269
530330049021,113,ms,0.1416,0.004779
530330049021,117,ms,0.0231,0.000778
530330049021,118,ms,0.1456,0.004915
530330049021,289,ms,0.0502,0.001695
530330049021,291,ms,0.035,0.001181
530330049021,292,ms,0.2103,0.007098
530330049021,935,ms,0.0476,0.001608
530330049021,949,ms,0.8045,0.027162
530330050001,104,ms,0.3899,0.005174
530330050001,105,ms,70.9302,0.94134
530330050001,106,ms,0.3217,0.004269
530330050001,113,ms,0.3601,0.004779
530330050001,117,ms,0.0587,0.000778
530330050001,118,ms,0.3704,0.004915
530330050001,289,ms,0.1277,0.001695
530330050001,291,ms,0.089,0.001181
530330050001,292,ms,0.5349,0.007098
530330050001,935,ms,0.1212,0.001608
530330050001,949,ms,2.0466,0.027162
530330050002,104,ms,0.0654,0.005174
530330050002,105,ms,11.898,0.94134
530330050002,106,ms,0.054,0.004269
530330050002,113,ms,0.0604,0.004779
530330050002,117,ms,0.0098,0.000778
530330050002,118,ms,0.0621,0.004915
530330050002,289,ms,0.0214,0.001695
530330050002,291,ms,0.0149,0.001181
530330050002,292,ms,0.0897,0.007098
530330050002,935,ms,0.0203,0.001608
530330050002,949,ms,0.3433,0.027162
530330050003,104,ms,0.0906,0.005174
530330050003,105,ms,16.4741,0.94134
530330050003,106,ms,0.0747,0.004269
530330050003,113,ms,0.0836,0.004779
530330050003,117,ms,0.0136,0.000778
530330050003,118,ms,0.086,0.004915
530330050003,289,ms,0.0297,0.001695
530330050003,291,ms,0.0207,0.001181
530330050003,292,ms,0.1242,0.007098
530330050003,935,ms,0.0281,0.001608
530330050003,949,ms,0.4754,0.027162
530330051001,104,ms,0.1297,0.005174
530330051001,105,ms,23.5993,0.94134
530330051001,106,ms,0.107,0.004269
530330051001,113,ms,0.1198,0.004779
530330051001,117,ms,0.0195,0.000778
530330051001,118,ms,0.1232,0.004915
530330051001,289,ms,0.0425,0.001695
530330051001,291,ms,0.0296,0.001181
530330051001,292,ms,0.178,0.007098
530330051001,935,ms,0.0403,0.001608
530330051001,949,ms,0.6809,0.027162
530330051002,104,ms,0.1081,0.005174
530330051002,105,ms,19.6661,0.94134
530330051002,106,ms,0.0892,0.004269
530330051002,113,ms,0.0998,0.004779
530330051002,117,ms,0.0163,0.000778
530330051002,118,ms,0.1027,0.004915
530330051002,289,ms,0.0354,0.001695
530330051002,291,ms,0.0247,0.001181
530330051002,292,ms,0.1483,0.007098
530330051002,935,ms,0.0336,0.001608
530330051002,949,ms,0.5675,0.027162
530330051003,104,ms,0.0822,0.005174
530330051003,105,ms,14.9463,0.94134
530330051003,106,ms,0.0678,0.004269
530330051003,113,ms,0.0759,0.004779
530330051003,117,ms,0.0124,0.000778
530330051003,118,ms,0.078,0.004915
530330051003,289,ms,0.0269,0.001695
530330051003,291,ms,0.0187,0.001181
530330051003,292,ms,0.1127,0.007098
530330051003,935,ms,0.0255,0.001608
530330051003,949,ms,0.4313,0.027162
530330052011,104,ms,0.043,0.005177
530330052011,105,ms,7.8227,0.940843
530330052011,106,ms,0.0356,0.00428
530330052011,109,ms,0.0027,0.000321
530330052011,113,ms,0.0397,0.004777
530330052011,117,ms,0.0068,0.000823
530330052011,118,ms,0.041,0.004926
530330052011,289,ms,0.0141,0.001694
530330052011,291,ms,0.0098,0.001182
530330052011,292,ms,0.059,0.0071
530330052011,935,ms,0.0142,0.001704
530330052011,949,ms,0.2258,0.027153
530330052012,104,ms,0.1936,0.005174
530330052012,105,ms,35.2205,0.94134
530330052012,106,ms,0.1597,0.004269
530330052012,113,ms,0.1788,0.004779
530330052012,117,ms,0.0291,0.000778
530330052012,118,ms,0.1839,0.004915
530330052012,289,ms,0.0634,0.001695
530330052012,291,ms,0.0442,0.001181
530330052012,292,ms,0.2656,0.007098
530330052012,935,ms,0.0602,0.001608
530330052012,949,ms,1.0163,0.027162
530330053031,104,ms,1.11,0.533991
530330053031,105,ms,0.7406,0.356286
530330053031,106,ms,0.129,0.062045
530330053031,109,ms,0.0205,0.009871
530330053031,110,ms,0.0006,0.000291
530330053031,113,ms,0.0048,0.0023
530330053031,117,ms,0.0035,0.001678
530330053031,118,ms,0.0056,0.002674
530330053031,130,ms,0.0003,0.000156
530330053031,289,ms,0.0013,0.000608
530330053031,291,ms,0.001,0.000483
530330053031,292,ms,0.0282,0.013584
530330053031,935,ms,0.0087,0.004203
530330053031,939,ms,0.0002,9.5e-05
530330053031,949,ms,0.0236,0.011367
530330053031,955,ms,0.0007,0.00034
530330054012,104,ms,0.1539,0.004557
530330054012,105,ms,28.1418,0.833147
530330054012,106,ms,0.1318,0.003901
530330054012,107,ms,0.0014,4.2e-05
530330054012,109,ms,0.1666,0.004933
530330054012,110,ms,0.0049,0.000144
530330054012,113,ms,0.1461,0.004326
530330054012,115,ms,0.009,0.000265
530330054012,117,ms,0.0488,0.001445
530330054012,118,ms,2.7223,0.080594
530330054012,130,ms,0.008,0.000237
530330054012,289,ms,1.0086,0.029861
530330054012,291,ms,0.0355,0.00105
530330054012,292,ms,0.2163,0.006404
530330054012,935,ms,0.0967,0.002862
530330054012,939,ms,0.0016,4.7e-05
530330054012,949,ms,0.8736,0.025864
530330054012,955,ms,0.0107,0.000316
530330056001,105,ms,4.2284,0.150487
530330056001,107,ms,0.0075,0.000268
530330056001,109,ms,0.0094,0.000333
530330056001,113,ms,0.0431,0.001535
530330056001,115,ms,0.0586,0.002084
530330056001,117,ms,0.0176,0.000625
530330056001,118,ms,16.8155,0.598463
530330056001,130,ms,0.0352,0.001253
530330056001,289,ms,6.271,0.223184
530330056001,292,ms,0.04,0.001425
530330056001,949,ms,0.507,0.018045
530330056001,955,ms,0.0646,0.002299
530330056002,105,ms,2.2568,0.150487
530330056002,107,ms,0.004,0.000268
530330056002,109,ms,0.005,0.000333
530330056002,113,ms,0.023,0.001535
530330056002,115,ms,0.0313,0.002084
530330056002,117,ms,0.0094,0.000625
530330056002,118,ms,8.975,0.598463
530330056002,130,ms,0.0188,0.001253
530330056002,289,ms,3.347,0.223184
530330056002,292,ms,0.0214,0.001425
530330056002,949,ms,0.2706,0.018045
530330056002,955,ms,0.0345,0.002299
530330056003,105,ms,5.2446,0.150487
530330056003,107,ms,0.0093,0.000268
530330056003,109,ms,0.0116,0.000333
530330056003,113,ms,0.0535,0.001535
530330056003,115,ms,0.0726,0.002084
530330056003,117,ms,0.0218,0.000625
530330056003,118,ms,20.8569,0.598463
530330056003,130,ms,0.0437,0.001253
530330056003,289,ms,7.7781,0.223184
530330056003,292,ms,0.0496,0.001425
530330056003,949,ms,0.6289,0.018045
530330056003,955,ms,0.0801,0.002299
530330056004,105,ms,5.6833,0.150487
530330056004,107,ms,0.0101,0.000268
530330056004,109,ms,0.0126,0.000333
530330056004,113,ms,0.058,0.001535
530330056004,115,ms,0.0787,0.002084
530330056004,117,ms,0.0236,0.000625
530330056004,118,ms,22.6014,0.598463
530330056004,130,ms,0.0473,0.001253
530330056004,289,ms,8.4287,0.223184
530330056004,292,ms,0.0538,0.001425
530330056004,949,ms,0.6815,0.018045
530330056004,955,ms,0.0868,0.002299
530330056005,105,ms,2.4097,0.150487
530330056005,107,ms,0.0043,0.000268
530330056005,109,ms,0.0053,0.000333
530330056005,113,ms,0.0246,0.001535
530330056005,115,ms,0.0334,0.002084
530330056005,117,ms,0.01,0.000625
530330056005,118,ms,9.583,0.598463
530330056005,130,ms,0.0201,0.001253
530330056005,289,ms,3.5738,0.223184
530330056005,292,ms,0.0228,0.001425
530330056005,949,ms,0.2889,0.018045
530330056005,955,ms,0.0368,0.002299
530330057001,105,ms,3.7694,0.150373
530330057001,107,ms,0.0067,0.000268
530330057001,109,ms,0.0083,0.000332
530330057001,113,ms,0.0414,0.001652
530330057001,115,ms,0.0661,0.002639
530330057001,117,ms,0.0156,0.000624
530330057001,118,ms,14.9875,0.597902
530330057001,130,ms,0.0314,0.001252
530330057001,208,ms,0.0002,7e-06
530330057001,289,ms,5.5892,0.222973
530330057001,292,ms,0.0358,0.001429
530330057001,949,ms,0.4572,0.018241
530330057001,955,ms,0.0578,0.002307
530330057002,105,ms,1.9264,0.150487
530330057002,107,ms,0.0034,0.000268
530330057002,109,ms,0.0043,0.000333
530330057002,113,ms,0.0196,0.001535
530330057002,115,ms,0.0267,0.002084
530330057002,117,ms,0.008,0.000625
530330057002,118,ms,7.6609,0.598463
530330057002,130,ms,0.016,0.001253
530330057002,289,ms,2.857,0.223184
530330057002,292,ms,0.0182,0.001425
530330057002,949,ms,0.231,0.018045
530330057002,955,ms,0.0294,0.002299
530330057003,105,ms,6.6047,0.150487
530330057003,107,ms,0.0118,0.000268
530330057003,109,ms,0.0146,0.000333
530330057003,113,ms,0.0674,0.001535
530330057003,115,ms,0.0915,0.002084
530330057003,117,ms,0.0274,0.000625
530330057003,118,ms,26.2659,0.598463
530330057003,130,ms,0.055,0.001253
530330057003,289,ms,9.7953,0.223184
530330057003,292,ms,0.0625,0.001425
530330057003,949,ms,0.792,0.018045
530330057003,955,ms,0.1009,0.002299
530330057004,105,ms,1.4861,0.150487
530330057004,107,ms,0.0026,0.000268
530330057004,109,ms,0.0033,0.000333
530330057004,113,ms,0.0152,0.001535
530330057004,115,ms,0.0206,0.002084
530330057004,117,ms,0.0062,0.000625
530330057004,118,ms,5.9098,0.598463
530330057004,130,ms,0.0124,0.001253
530330057004,289,ms,2.2039,0.223184
530330057004,292,ms,0.0141,0.001425
530330057004,949,ms,0.1782,0.018045
530330057004,955,ms,0.0227,0.002299
530330057005,105,ms,3.4124,0.150487
530330057005,107,ms,0.0061,0.000268
530330057005,109,ms,0.0075,0.000333
530330057005,113,ms,0.0348,0.001535
530330057005,115,ms,0.0473,0.002084
530330057005,117,ms,0.0142,0.000625
530330057005,118,ms,13.5707,0.598463
530330057005,130,ms,0.0284,0.001253
530330057005,289,ms,5.0609,0.223184
530330057005,292,ms,0.0323,0.001425
530330057005,949,ms,0.4092,0.018045
530330057005,955,ms,0.0521,0.002299
530330058011,105,ms,2.2099,0.150487
530330058011,107,ms,0.0039,0.000268
530330058011,109,ms,0.0049,0.000333
530330058011,113,ms,0.0225,0.001535
530330058011,115,ms,0.0306,0.002084
530330058011,117,ms,0.0092,0.000625
530330058011,118,ms,8.7885,0.598463
530330058011,130,ms,0.0184,0.001253
530330058011,289,ms,3.2775,0.223184
530330058011,292,ms,0.0209,0.001425
530330058011,949,ms,0.265,0.018045
530330058011,955,ms,0.0338,0.002299
530330058012,105,ms,4.1041,0.150487
530330058012,107,ms,0.0073,0.000268
530330058012,109,ms,0.0091,0.000333
530330058012,113,ms,0.0419,0.001535
530330058012,115,ms,0.0568,0.002084
530330058012,117,ms,0.017,0.000625
530330058012,118,ms,16.3215,0.598463
530330058012,130,ms,0.0342,0.001253
530330058012,289,ms,6.0868,0.223184
530330058012,292,ms,0.0389,0.001425
530330058012,949,ms,0.4921,0.018045
530330058012,955,ms,0.0627,0.002299
530330058013,105,ms,2.0521,0.150487
530330058013,107,ms,0.0037,0.000268
530330058013,109,ms,0.0045,0.000333
530330058013,113,ms,0.0209,0.001535
530330058013,115,ms,0.0284,0.002084
530330058013,117,ms,0.0085,0.000625
530330058013,118,ms,8.1608,0.598463
530330058013,130,ms,0.0171,0.001253
530330058013,289,ms,3.0434,0.223184
530330058013,292,ms,0.0194,0.001425
530330058013,949,ms,0.2461,0.018045
530330058013,955,ms,0.0314,0.002299
530330058014,105,ms,0.1578,0.150424
530330058014,107,ms,0.0003,0.000268
530330058014,109,ms,0.0003,0.000333
530330058014,113,ms,0.0017,0.0016
530330058014,115,ms,0.0025,0.002392
530330058014,117,ms,0.0007,0.000625
530330058014,118,ms,0.6274,0.598151
530330058014,130,ms,0.0013,0.001252
530330058014,289,ms,0.234,0.223067
530330058014,292,ms,0.0015,0.001427
530330058014,949,ms,0.019,0.018154
530330058014,955,ms,0.0024,0.002304
530330058031,105,ms,4.9091,0.150487
530330058031,107,ms,0.0087,0.000268
530330058031,109,ms,0.0109,0.000333
530330058031,113,ms,0.0501,0.001535
530330058031,115,ms,0.068,0.002084
530330058031,117,ms,0.0204,0.000625
530330058031,118,ms,19.5226,0.598463
530330058031,130,ms,0.0409,0.001253
530330058031,289,ms,7.2805,0.223184
530330058031,292,ms,0.0465,0.001425
530330058031,949,ms,0.5886,0.018045
530330058031,955,ms,0.075,0.002299
530330058032,105,ms,4.5533,0.150487
530330058032,107,ms,0.0081,0.000268
530330058032,109,ms,0.0101,0.000333
530330058032,113,ms,0.0464,0.001535
530330058032,115,ms,0.0631,0.002084
530330058032,117,ms,0.0189,0.000625
530330058032,118,ms,18.1079,0.598463
530330058032,130,ms,0.0379,0.001253
530330058032,289,ms,6.753,0.223184
530330058032,292,ms,0.0431,0.001425
530330058032,949,ms,0.546,0.018045
530330058032,955,ms,0.0696,0.002299
530330058041,105,ms,0.9926,0.150484
530330058041,107,ms,0.0018,0.000268
530330058041,109,ms,0.0023,0.000351
530330058041,113,ms,0.0101,0.001535
530330058041,115,ms,0.0137,0.002084
530330058041,117,ms,0.0041,0.000627
530330058041,118,ms,3.9475,0.598445
530330058041,130,ms,0.0083,0.001253
530330058041,289,ms,1.4721,0.223177
530330058041,292,ms,0.0094,0.001425
530330058041,949,ms,0.119,0.018045
530330058041,955,ms,0.0152,0.002299
530330058042,105,ms,0.6971,0.150487
530330058042,107,ms,0.0012,0.000268
530330058042,109,ms,0.0015,0.000333
530330058042,113,ms,0.0071,0.001535
530330058042,115,ms,0.0097,0.002084
530330058042,117,ms,0.0029,0.000625
530330058042,118,ms,2.7723,0.598463
530330058042,130,ms,0.0058,0.001253
530330058042,289,ms,1.0339,0.223184
530330058042,292,ms,0.0066,0.001425
530330058042,949,ms,0.0836,0.018045
530330058042,955,ms,0.0107,0.002299
530330059011,104,ms,0.0031,0.000169
530330059011,105,ms,3.2065,0.176299
530330059011,106,ms,0.0025,0.000139
530330059011,107,ms,0.0047,0.000259
530330059011,109,ms,0.0059,0.000322
530330059011,113,ms,0.0298,0.00164
530330059011,115,ms,0.0367,0.002016
530330059011,117,ms,0.0115,0.00063
530330059011,118,ms,10.5325,0.579091
530330059011,130,ms,0.022,0.001212
530330059011,289,ms,3.9278,0.215956
530330059011,291,ms,0.0007,3.9e-05
530330059011,292,ms,0.0293,0.00161
530330059011,935,ms,0.001,5.2e-05
530330059011,949,ms,0.3336,0.018342
530330059011,955,ms,0.0405,0.002224
530330059012,105,ms,1.564,0.150487
530330059012,107,ms,0.0028,0.000268
530330059012,109,ms,0.0035,0.000333
530330059012,113,ms,0.0159,0.001535
530330059012,115,ms,0.0217,0.002084
530330059012,117,ms,0.0065,0.000625
530330059012,118,ms,6.2199,0.598463
530330059012,130,ms,0.013,0.001253
530330059012,289,ms,2.3196,0.223184
530330059012,292,ms,0.0148,0.001425
530330059012,949,ms,0.1875,0.018045
530330059012,955,ms,0.0239,0.002299
530330059013,105,ms,1.0166,0.150487
530330059013,107,ms,0.0018,0.000268
530330059013,109,ms,0.0022,0.000333
530330059013,113,ms,0.0104,0.001535
530330059013,115,ms,0.0141,0.002084
530330059013,117,ms,0.0042,0.000625
530330059013,118,ms,4.0429,0.598463
530330059013,130,ms,0.0085,0.001253
530330059013,289,ms,1.5077,0.223184
530330059013,292,ms,0.0096,0.001425
530330059013,949,ms,0.1219,0.018045
530330059013,955,ms,0.0155,0.002299
530330059021,105,ms,2.0261,0.150487
530330059021,107,ms,0.0036,0.000268
530330059021,109,ms,0.0045,0.000333
530330059021,113,ms,0.0207,0.001535
530330059021,115,ms,0.0281,0.002084
530330059021,117,ms,0.0084,0.000625
530330059021,118,ms,8.0576,0.598463
530330059021,130,ms,0.0169,0.001253
530330059021,289,ms,3.0049,0.223184
530330059021,292,ms,0.0192,0.001425
530330059021,949,ms,0.243,0.018045
530330059021,955,ms,0.031,0.002299
530330059022,105,ms,3.1357,0.150487
530330059022,107,ms,0.0056,0.000268
530330059022,109,ms,0.0069,0.000333
530330059022,113,ms,0.032,0.001535
530330059022,115,ms,0.0434,0.002084
530330059022,117,ms,0.013,0.000625
530330059022,118,ms,12.4701,0.598463
530330059022,130,ms,0.0261,0.001253
530330059022,289,ms,4.6505,0.223184
530330059022,292,ms,0.0297,0.001425
530330059022,949,ms,0.376,0.018045
530330059022,955,ms,0.0479,0.002299
530330059023,105,ms,2.2673,0.150487
530330059023,107,ms,0.004,0.000268
530330059023,109,ms,0.005,0.000333
530330059023,113,ms,0.0231,0.001535
530330059023,115,ms,0.0314,0.002084
530330059023,117,ms,0.0094,0.000625
530330059023,118,ms,9.0169,0.598463
530330059023,130,ms,0.0189,0.001253
530330059023,289,ms,3.3626,0.223184
530330059023,292,ms,0.0215,0.001425
530330059023,949,ms,0.2719,0.018045
530330059023,955,ms,0.0346,0.002299
530330060002,104,ms,0.0013,5.3e-05
530330060002,105,ms,3.7287,0.158628
530330060002,106,ms,0.001,4.4e-05
530330060002,107,ms,0.0062,0.000265
530330060002,109,ms,0.0077,0.000329
530330060002,113,ms,0.0369,0.001568
530330060002,115,ms,0.0485,0.002063
530330060002,117,ms,0.0147,0.000626
530330060002,118,ms,13.9238,0.592353
530330060002,130,ms,0.0291,0.00124
530330060002,289,ms,5.1925,0.220905
530330060002,291,ms,0.0003,1.2e-05
530330060002,292,ms,0.0349,0.001483
530330060002,935,ms,0.0004,1.7e-05
530330060002,949,ms,0.4264,0.018139
530330060002,955,ms,0.0535,0.002276
530330060003,105,ms,2.0916,0.150487
530330060003,107,ms,0.0037,0.000268
530330060003,109,ms,0.0046,0.000333
530330060003,113,ms,0.0213,0.001535
530330060003,115,ms,0.029,0.002084
530330060003,117,ms,0.0087,0.000625
530330060003,118,ms,8.3181,0.598463
530330060003,130,ms,0.0174,0.001253
530330060003,289,ms,3.1021,0.223184
530330060003,292,ms,0.0198,0.001425
530330060003,949,ms,0.2508,0.018045
530330060003,955,ms,0.032,0.002299
530330061001,103,ms,0.0126,0.000275
530330061001,104,ms,0.4508,0.009814
530330061001,105,ms,4.1989,0.091405
530330061001,106,ms,1.0979,0.0239
530330061001,107,ms,0.0425,0.000926
530330061001,109,ms,25.2206,0.549028
530330061001,110,ms,0.7434,0.016183
530330061001,113,ms,0.01,0.000219
530330061001,117,ms,3.5757,0.07784
530330061001,118,ms,1.0552,0.022971
530330061001,130,ms,0.398,0.008665
530330061001,289,ms,0.0036,7.8e-05
530330061001,291,ms,0.1531,0.003333
530330061001,292,ms,0.4676,0.010179
530330061001,935,ms,7.5922,0.165274
530330061001,939,ms,0.2438,0.005308
530330061001,949,ms,0.5349,0.011645
530330061001,955,ms,0.1218,0.002651
530330061001,972,ms,0.0142,0.000309
530330061002,103,ms,0.0057,0.000288
530330061002,104,ms,0.1993,0.010036
530330061002,105,ms,1.0057,0.050648
530330061002,106,ms,0.4933,0.024841
530330061002,107,ms,0.0193,0.00097
530330061002,109,ms,11.4246,0.575356
530330061002,110,ms,0.3367,0.016959
530330061002,117,ms,1.619,0.081536
530330061002,118,ms,0.4733,0.023836
530330061002,130,ms,0.1803,0.009081
530330061002,291,ms,0.0682,0.003436
530330061002,292,ms,0.205,0.010326
530330061002,935,ms,3.4376,0.173122
530330061002,939,ms,0.1104,0.005562
530330061002,949,ms,0.2164,0.0109
530330061002,955,ms,0.0552,0.002778
530330061002,972,ms,0.0064,0.000323
530330061005,103,ms,0.0026,0.000261
530330061005,104,ms,0.0947,0.009402
530330061005,105,ms,1.0811,0.107293
530330061005,106,ms,0.2293,0.02276
530330061005,107,ms,0.009,0.000888
530330061005,109,ms,5.2525,0.521265
530330061005,110,ms,0.1548,0.015364
530330061005,113,ms,0.0034,0.000338
530330061005,115,ms,0.0007,7.1e-05
530330061005,117,ms,0.745,0.073937
530330061005,118,ms,0.4273,0.042404
530330061005,130,ms,0.0833,0.00827
530330061005,289,ms,0.0781,0.007752
530330061005,291,ms,0.0321,0.003183
530330061005,292,ms,0.099,0.009828
530330061005,935,ms,1.5814,0.156939
530330061005,939,ms,0.0508,0.005039
530330061005,949,ms,0.1221,0.012117
530330061005,955,ms,0.0262,0.002596
530330061005,972,ms,0.003,0.000293
530330062001,103,ms,0.0061,0.000282
530330062001,104,ms,0.5884,0.027359
530330062001,105,ms,1.0793,0.050187
530330062001,106,ms,0.5658,0.02631
530330062001,107,ms,0.0204,0.000951
530330062001,109,ms,12.1187,0.563526
530330062001,110,ms,0.3572,0.01661
530330062001,113,ms,0.0004,1.9e-05
530330062001,117,ms,1.7174,0.079859
530330062001,118,ms,0.5024,0.023363
530330062001,130,ms,0.1913,0.008894
530330062001,291,ms,0.0724,0.003365
530330062001,292,ms,0.2252,0.010472
530330062001,935,ms,3.6469,0.169584
530330062001,939,ms,0.1172,0.005448
530330062001,949,ms,0.2306,0.010724
530330062001,955,ms,0.0587,0.002731
530330062001,972,ms,0.0068,0.000317
530330062002,103,ms,0.0125,0.000284
530330062002,104,ms,0.9723,0.022062
530330062002,105,ms,2.2181,0.050328
530330062002,106,ms,1.1398,0.025861
530330062002,107,ms,0.0422,0.000957
530330062002,109,ms,24.9957,0.567143
530330062002,110,ms,0.7368,0.016717
530330062002,113,ms,0.0006,1.3e-05
530330062002,117,ms,3.5422,0.080372
530330062002,118,ms,1.0361,0.023508
530330062002,130,ms,0.3945,0.008951
530330062002,291,ms,0.1493,0.003387
530330062002,292,ms,0.4596,0.010427
530330062002,935,ms,7.5218,0.170666
530330062002,939,ms,0.2416,0.005483
530330062002,949,ms,0.475,0.010778
530330062002,955,ms,0.121,0.002745
530330062002,972,ms,0.014,0.000319
530330062003,103,ms,0.0041,0.000288
530330062003,104,ms,0.1436,0.010036
530330062003,105,ms,0.7245,0.050648
530330062003,106,ms,0.3553,0.024841
530330062003,107,ms,0.0139,0.00097
530330062003,109,ms,8.2301,0.575356
530330062003,110,ms,0.2426,0.016959
530330062003,117,ms,1.1663,0.081536
530330062003,118,ms,0.341,0.023836
530330062003,130,ms,0.1299,0.009081
530330062003,291,ms,0.0491,0.003436
530330062003,292,ms,0.1477,0.010326
530330062003,935,ms,2.4764,0.173122
530330062003,939,ms,0.0796,0.005562
530330062003,949,ms,0.1559,0.0109
530330062003,955,ms,0.0397,0.002778
530330062003,972,ms,0.0046,0.000323
530330063001,103,ms,0.0019,0.000259
530330063001,104,ms,0.7132,0.096933
530330063001,105,ms,0.3556,0.048336
530330063001,106,ms,0.237,0.032211
530330063001,107,ms,0.0064,0.00087
530330063001,109,ms,3.7967,0.516011
530330063001,110,ms,0.1119,0.01521
530330063001,113,ms,0.0007,9.7e-05
530330063001,117,ms,0.538,0.073126
530330063001,118,ms,0.1579,0.021461
530330063001,130,ms,0.0599,0.008144
530330063001,291,ms,0.0227,0.003082
530330063001,292,ms,0.0814,0.011056
530330063001,935,ms,1.1432,0.155374
530330063001,939,ms,0.0367,0.004989
530330063001,949,ms,0.0737,0.010013
530330063001,955,ms,0.0187,0.00254
530330063001,972,ms,0.0021,0.00029
530330063002,103,ms,0.0059,0.000288
530330063002,104,ms,0.2045,0.010036
530330063002,105,ms,1.0318,0.050648
530330063002,106,ms,0.5061,0.024841
530330063002,107,ms,0.0198,0.00097
530330063002,109,ms,11.7211,0.575356
530330063002,110,ms,0.3455,0.016959
530330063002,117,ms,1.661,0.081536
530330063002,118,ms,0.4856,0.023836
530330063002,130,ms,0.185,0.009081
530330063002,291,ms,0.07,0.003436
530330063002,292,ms,0.2104,0.010326
530330063002,935,ms,3.5268,0.173122
530330063002,939,ms,0.1133,0.005562
530330063002,949,ms,0.2221,0.0109
530330063002,955,ms,0.0566,0.002778
530330063002,972,ms,0.0066,0.000323
530330063003,103,ms,0.0002,0.000276
530330063003,104,ms,0.0275,0.046497
530330063003,105,ms,0.0294,0.049678
530330063003,106,ms,0.0165,0.027933
530330063003,107,ms,0.0005,0.000928
530330063003,109,ms,0.3259,0.550456
530330063003,110,ms,0.0096,0.016225
530330063003,117,ms,0.0462,0.078007
530330063003,118,ms,0.0135,0.02284
530330063003,130,ms,0.0051,0.008688
530330063003,291,ms,0.0019,0.003287
530330063003,292,ms,0.0063,0.010633
530330063003,935,ms,0.0981,0.165675
530330063003,939,ms,0.0032,0.005322
530330063003,949,ms,0.0062,0.010528
530330063003,955,ms,0.0016,0.002678
530330063003,972,ms,0.0002,0.000309
530330063004,103,ms,0.0021,0.000288
530330063004,104,ms,0.0735,0.010036
530330063004,105,ms,0.371,0.050648
530330063004,106,ms,0.182,0.024841
530330063004,107,ms,0.0071,0.00097
530330063004,109,ms,4.2143,0.575356
530330063004,110,ms,0.1242,0.016959
530330063004,117,ms,0.5972,0.081536
530330063004,118,ms,0.1746,0.023836
530330063004,130,ms,0.0665,0.009081
530330063004,291,ms,0.0252,0.003436
530330063004,292,ms,0.0756,0.010326
530330063004,935,ms,1.2681,0.173122
530330063004,939,ms,0.0407,0.005562
530330063004,949,ms,0.0798,0.0109
530330063004,955,ms,0.0203,0.002778
530330063004,972,ms,0.0024,0.000323
530330064001,103,ms,0.0018,0.000288
530330064001,104,ms,0.0627,0.010036
530330064001,105,ms,0.3164,0.050648
530330064001,106,ms,0.1552,0.024841
530330064001,107,ms,0.0061,0.00097
530330064001,109,ms,3.5946,0.575356
530330064001,110,ms,0.106,0.016959
530330064001,117,ms,0.5094,0.081536
530330064001,118,ms,0.1489,0.023836
530330064001,130,ms,0.0567,0.009081
530330064001,291,ms,0.0215,0.003436
530330064001,292,ms,0.0645,0.010326
530330064001,935,ms,1.0816,0.173122
530330064001,939,ms,0.0348,0.005562
530330064001,949,ms,0.0681,0.0109
530330064001,955,ms,0.0174,0.002778
530330064001,972,ms,0.002,0.000323
530330064002,103,ms,0.0007,0.000288
530330064002,104,ms,0.0248,0.010036
530330064002,105,ms,0.1249,0.050648
530330064002,106,ms,0.0613,0.024841
530330064002,107,ms,0.0024,0.00097
530330064002,109,ms,1.4189,0.575356
530330064002,110,ms,0.0418,0.016959
530330064002,117,ms,0.2011,0.081536
530330064002,118,ms,0.0588,0.023836
530330064002,130,ms,0.0224,0.009081
530330064002,291,ms,0.0085,0.003436
530330064002,292,ms,0.0255,0.010326
530330064002,935,ms,0.4269,0.173122
530330064002,939,ms,0.0137,0.005562
530330064002,949,ms,0.0269,0.0109
530330064002,955,ms,0.0069,0.002778
530330064002,972,ms,0.0008,0.000323
530330064003,103,ms,0.0017,0.000288
530330064003,104,ms,0.0586,0.010036
530330064003,105,ms,0.2956,0.050648
530330064003,106,ms,0.145,0.024841
530330064003,107,ms,0.0057,0.00097
530330064003,109,ms,3.3581,0.575356
530330064003,110,ms,0.099,0.016959
530330064003,117,ms,0.4759,0.081536
530330064003,118,ms,0.1391,0.023836
530330064003,130,ms,0.053,0.009081
530330064003,291,ms,0.0201,0.003436
530330064003,292,ms,0.0603,0.010326
530330064003,935,ms,1.0104,0.173122
530330064003,939,ms,0.0325,0.005562
530330064003,949,ms,0.0636,0.0109
530330064003,955,ms,0.0162,0.002778
530330064003,972,ms,0.0019,0.000323
530330065001,103,ms,0.0039,0.000288
530330065001,104,ms,0.1347,0.010036
530330065001,105,ms,0.6798,0.050648
530330065001,106,ms,0.3334,0.024841
530330065001,107,ms,0.013,0.00097
530330065001,109,ms,7.7229,0.575356
530330065001,110,ms,0.2276,0.016959
530330065001,117,ms,1.0944,0.081536
530330065001,118,ms,0.32,0.023836
530330065001,130,ms,0.1219,0.009081
530330065001,291,ms,0.0461,0.003436
530330065001,292,ms,0.1386,0.010326
530330065001,935,ms,2.3238,0.173122
530330065001,939,ms,0.0747,0.005562
530330065001,949,ms,0.1463,0.0109
530330065001,955,ms,0.0373,0.002778
530330065001,972,ms,0.0043,0.000323
530330065003,103,ms,0.0017,0.000288
530330065003,104,ms,0.0583,0.010036
530330065003,105,ms,0.294,0.050648
530330065003,106,ms,0.1442,0.024841
530330065003,107,ms,0.0056,0.00097
530330065003,109,ms,3.3396,0.575356
530330065003,110,ms,0.0984,0.016959
530330065003,117,ms,0.4733,0.081536
530330065003,118,ms,0.1384,0.023836
530330065003,130,ms,0.0527,0.009081
530330065003,291,ms,0.0199,0.003436
530330065003,292,ms,0.0599,0.010326
530330065003,935,ms,1.0049,0.173122
530330065003,939,ms,0.0323,0.005562
530330065003,949,ms,0.0633,0.0109
530330065003,955,ms,0.0161,0.002778
530330065003,972,ms,0.0019,0.000323
530330066002,103,ms,0.0008,0.000195
530330066002,104,ms,0.0278,0.006771
530330066002,105,ms,0.3418,0.083127
530330066002,106,ms,0.0689,0.01676
530330066002,107,ms,0.0031,0.000742
530330066002,109,ms,1.5967,0.388291
530330066002,110,ms,0.047,0.011442
530330066002,113,ms,0.0021,0.000499
530330066002,115,ms,0.0028,0.000678
530330066002,117,ms,0.227,0.055214
530330066002,118,ms,0.8667,0.210772
530330066002,130,ms,0.0269,0.006534
530330066002,289,ms,0.2986,0.072606
530330066002,291,ms,0.0095,0.002318
530330066002,292,ms,0.0306,0.00743
530330066002,935,ms,0.4803,0.116803
530330066002,939,ms,0.0154,0.003753
530330066002,949,ms,0.0544,0.013225
530330066002,955,ms,0.0108,0.002622
530330066002,972,ms,0.0009,0.000218
530330066003,103,ms,0.003,0.000288
530330066003,104,ms,0.1048,0.010036
530330066003,105,ms,0.5287,0.050648
530330066003,106,ms,0.2593,0.024841
530330066003,107,ms,0.0101,0.00097
530330066003,109,ms,6.0058,0.575356
530330066003,110,ms,0.177,0.016959
530330066003,117,ms,0.8511,0.081536
530330066003,118,ms,0.2488,0.023836
530330066003,130,ms,0.0948,0.009081
530330066003,291,ms,0.0359,0.003436
530330066003,292,ms,0.1078,0.010326
530330066003,935,ms,1.8071,0.173122
530330066003,939,ms,0.0581,0.005562
530330066003,949,ms,0.1138,0.0109
530330066003,955,ms,0.029,0.002778
530330066003,972,ms,0.0034,0.000323
530330068001,105,ms,2.6536,0.150487
530330068001,107,ms,0.0047,0.000268
530330068001,109,ms,0.0059,0.000333
530330068001,113,ms,0.0271,0.001535
530330068001,115,ms,0.0368,0.002084
530330068001,117,ms,0.011,0.000625
530330068001,118,ms,10.5528,0.598463
530330068001,130,ms,0.0221,0.001253
530330068001,289,ms,3.9354,0.223184
530330068001,292,ms,0.0251,0.001425
530330068001,949,ms,0.3182,0.018045
530330068001,955,ms,0.0405,0.002299
530330068002,105,ms,0.3446,0.150487
530330068002,107,ms,0.0006,0.000268
530330068002,109,ms,0.0008,0.000333
530330068002,113,ms,0.0035,0.001535
530330068002,115,ms,0.0048,0.002084
530330068002,117,ms,0.0014,0.000625
530330068002,118,ms,1.3705,0.598463
530330068002,130,ms,0.0029,0.001253
530330068002,289,ms,0.5111,0.223184
530330068002,292,ms,0.0033,0.001425
530330068002,949,ms,0.0413,0.018045
530330068002,955,ms,0.0053,0.002299
530330068003,105,ms,1.0683,0.150487
530330068003,107,ms,0.0019,0.000268
530330068003,109,ms,0.0024,0.000333
530330068003,113,ms,0.0109,0.001535
530330068003,115,ms,0.0148,0.002084
530330068003,117,ms,0.0044,0.000625
530330068003,118,ms,4.2485,0.598463
530330068003,130,ms,0.0089,0.001253
530330068003,289,ms,1.5844,0.223184
530330068003,292,ms,0.0101,0.001425
530330068003,949,ms,0.1281,0.018045
530330068003,955,ms,0.0163,0.002299
530330069001,105,ms,10.827,0.150487
530330069001,107,ms,0.0193,0.000268
530330069001,109,ms,0.0239,0.000333
530330069001,113,ms,0.1104,0.001535
530330069001,115,ms,0.15,0.002084
530330069001,117,ms,0.045,0.000625
530330069001,118,ms,43.0573,0.598463
530330069001,130,ms,0.0901,0.001253
530330069001,289,ms,16.0573,0.223184
530330069001,292,ms,0.1025,0.001425
530330069001,949,ms,1.2983,0.018045
530330069001,955,ms,0.1654,0.002299
530330069002,105,ms,3.9422,0.150487
530330069002,107,ms,0.007,0.000268
530330069002,109,ms,0.0087,0.000333
530330069002,113,ms,0.0402,0.001535
530330069002,115,ms,0.0546,0.002084
530330069002,117,ms,0.0164,0.000625
530330069002,118,ms,15.6773,0.598463
530330069002,130,ms,0.0328,0.001253
530330069002,289,ms,5.8465,0.223184
530330069002,292,ms,0.0373,0.001425
530330069002,949,ms,0.4727,0.018045
530330069002,955,ms,0.0602,0.002299
530330069003,105,ms,7.4401,0.150487
530330069003,107,ms,0.0132,0.000268
530330069003,109,ms,0.0165,0.000333
530330069003,113,ms,0.0759,0.001535
530330069003,115,ms,0.103,0.002084
530330069003,117,ms,0.0309,0.000625
530330069003,118,ms,29.5881,0.598463
530330069003,130,ms,0.0619,0.001253
530330069003,289,ms,11.0343,0.223184
530330069003,292,ms,0.0704,0.001425
530330069003,949,ms,0.8921,0.018045
530330069003,955,ms,0.1137,0.002299
530330070021,105,ms,1.0166,0.150487
530330070021,107,ms,0.0018,0.000268
530330070021,109,ms,0.0022,0.000333
530330070021,113,ms,0.0104,0.001535
530330070021,115,ms,0.0141,0.002084
530330070021,117,ms,0.0042,0.000625
530330070021,118,ms,4.0429,0.598463
530330070021,130,ms,0.0085,0.001253
530330070021,289,ms,1.5077,0.223184
530330070021,292,ms,0.0096,0.001425
530330070021,949,ms,0.1219,0.018045
530330070021,955,ms,0.0155,0.002299
530330070023,105,ms,1.173,0.150487
530330070023,107,ms,0.0021,0.000268
530330070023,109,ms,0.0026,0.000333
530330070023,113,ms,0.012,0.001535
530330070023,115,ms,0.0162,0.002084
530330070023,117,ms,0.0049,0.000625
530330070023,118,ms,4.6649,0.598463
530330070023,130,ms,0.0098,0.001253
530330070023,289,ms,1.7397,0.223184
530330070023,292,ms,0.0111,0.001425
530330070023,949,ms,0.1407,0.018045
530330070023,955,ms,0.0179,0.002299
530330072022,103,ms,0.0018,0.000288
530330072022,104,ms,0.0626,0.010036
530330072022,105,ms,0.3158,0.050648
530330072022,106,ms,0.1549,0.024841
530330072022,107,ms,0.0061,0.00097
530330072022,109,ms,3.5879,0.575356
530330072022,110,ms,0.1058,0.016959
530330072022,117,ms,0.5084,0.081536
530330072022,118,ms,0.1486,0.023836
530330072022,130,ms,0.0566,0.009081
530330072022,291,ms,0.0214,0.003436
530330072022,292,ms,0.0644,0.010326
530330072022,935,ms,1.0796,0.173122
530330072022,939,ms,0.0347,0.005562
530330072022,949,ms,0.068,0.0109
530330072022,955,ms,0.0173,0.002778
530330072022,972,ms,0.002,0.000323
530330072032,103,ms,0.0033,7.7e-05
530330072032,104,ms,0.1163,0.002664
530330072032,105,ms,5.4123,0.12399
530330072032,106,ms,0.2878,0.006593
530330072032,107,ms,0.0198,0.000454
530330072032,109,ms,6.676,0.152941
530330072032,110,ms,0.1965,0.004501
530330072032,113,ms,0.0492,0.001127
530330072032,115,ms,0.0668,0.001531
530330072032,117,ms,0.9646,0.022098
530330072032,118,ms,19.4667,0.44596
530330072032,130,ms,0.1454,0.00333
530330072032,289,ms,7.1567,0.163953
530330072032,291,ms,0.0398,0.000912
530330072032,292,ms,0.1653,0.003787
530330072032,935,ms,2.0056,0.045946
530330072032,939,ms,0.0644,0.001476
530330072032,949,ms,0.7049,0.016149
530330072032,955,ms,0.1059,0.002426
530330072032,972,ms,0.0037,8.6e-05
530330073032,103,ms,0.0009,0.000288
530330073032,104,ms,0.0313,0.010036
530330073032,105,ms,0.1579,0.050648
530330073032,106,ms,0.0775,0.024841
530330073032,107,ms,0.003,0.00097
530330073032,109,ms,1.7939,0.575356
530330073032,110,ms,0.0529,0.016959
530330073032,117,ms,0.2542,0.081536
530330073032,118,ms,0.0743,0.023836
530330073032,130,ms,0.0283,0.009081
530330073032,291,ms,0.0107,0.003436
530330073032,292,ms,0.0322,0.010326
530330073032,935,ms,0.5398,0.173122
530330073032,939,ms,0.0173,0.005562
530330073032,949,ms,0.034,0.0109
530330073032,955,ms,0.0087,0.002778
530330073032,972,ms,0.001,0.000323
530330075013,103,ms,0.0126,0.000288
530330075013,104,ms,0.4381,0.010036
530330075013,105,ms,2.2108,0.050648
530330075013,106,ms,1.0843,0.024841
530330075013,107,ms,0.0424,0.00097
530330075013,109,ms,25.115,0.575356
530330075013,110,ms,0.7403,0.016959
530330075013,117,ms,3.5591,0.081536
530330075013,118,ms,1.0405,0.023836
530330075013,130,ms,0.3964,0.009081
530330075013,291,ms,0.15,0.003436
530330075013,292,ms,0.4508,0.010326
530330075013,935,ms,7.557,0.173122
530330075013,939,ms,0.2428,0.005562
530330075013,949,ms,0.4758,0.0109
530330075013,955,ms,0.1213,0.002778
530330075013,972,ms,0.0141,0.000323
530330075021,103,ms,0.013,0.000288
530330075021,104,ms,0.4537,0.010036
530330075021,105,ms,2.2898,0.050648
530330075021,106,ms,1.1231,0.024841
530330075021,107,ms,0.0439,0.00097
530330075021,109,ms,26.0119,0.575356
530330075021,110,ms,0.7667,0.016959
530330075021,117,ms,3.6862,0.081536
530330075021,118,ms,1.0776,0.023836
530330075021,130,ms,0.4105,0.009081
530330075021,291,ms,0.1553,0.003436
530330075021,292,ms,0.4669,0.010326
530330075021,935,ms,7.8269,0.173122
530330075021,939,ms,0.2515,0.005562
530330075021,949,ms,0.4928,0.0109
530330075021,955,ms,0.1256,0.002778
530330075021,972,ms,0.0146,0.000323
530330076001,103,ms,0.002,0.000288
530330076001,104,ms,0.0692,0.010036
530330076001,105,ms,0.3494,0.050648
530330076001,106,ms,0.1714,0.024841
530330076001,107,ms,0.0067,0.00097
530330076001,109,ms,3.9695,0.575356
530330076001,110,ms,0.117,0.016959
530330076001,117,ms,0.5625,0.081536
530330076001,118,ms,0.1645,0.023836
530330076001,130,ms,0.0626,0.009081
530330076001,291,ms,0.0237,0.003436
530330076001,292,ms,0.0712,0.010326
530330076001,935,ms,1.1944,0.173122
530330076001,939,ms,0.0384,0.005562
530330076001,949,ms,0.0752,0.0109
530330076001,955,ms,0.0192,0.002778
530330076001,972,ms,0.0022,0.000323
530330076002,103,ms,0.0097,0.000288
530330076002,104,ms,0.3376,0.010036
530330076002,105,ms,1.7035,0.050648
530330076002,106,ms,0.8355,0.024841
530330076002,107,ms,0.0326,0.00097
530330076002,109,ms,19.3515,0.575356
530330076002,110,ms,0.5704,0.016959
530330076002,117,ms,2.7424,0.081536
530330076002,118,ms,0.8017,0.023836
530330076002,130,ms,0.3054,0.009081
530330076002,291,ms,0.1156,0.003436
530330076002,292,ms,0.3473,0.010326
530330076002,935,ms,5.8228,0.173122
530330076002,939,ms,0.1871,0.005562
530330076002,949,ms,0.3666,0.0109
530330076002,955,ms,0.0934,0.002778
530330076002,972,ms,0.0109,0.000323
530330077001,103,ms,0.0204,0.000288
530330077001,104,ms,0.7102,0.010036
530330077001,105,ms,3.584,0.050648
530330077001,106,ms,1.7578,0.024841
530330077001,107,ms,0.0687,0.00097
530330077001,109,ms,40.7142,0.575356
530330077001,110,ms,1.2001,0.016959
530330077001,117,ms,5.7698,0.081536
530330077001,118,ms,1.6867,0.023836
530330077001,130,ms,0.6426,0.009081
530330077001,291,ms,0.2431,0.003436
530330077001,292,ms,0.7307,0.010326
530330077001,935,ms,12.2507,0.173122
530330077001,939,ms,0.3936,0.005562
530330077001,949,ms,0.7714,0.0109
530330077001,955,ms,0.1966,0.002778
530330077001,972,ms,0.0229,0.000323
530330077002,103,ms,0.0028,0.000288
530330077002,104,ms,0.0965,0.010036
530330077002,105,ms,0.487,0.050648
530330077002,106,ms,0.2388,0.024841
530330077002,107,ms,0.0093,0.00097
530330077002,109,ms,5.5318,0.575356
530330077002,110,ms,0.1631,0.016959
530330077002,117,ms,0.7839,0.081536
530330077002,118,ms,0.2292,0.023836
530330077002,130,ms,0.0873,0.009081
530330077002,291,ms,0.033,0.003436
530330077002,292,ms,0.0993,0.010326
530330077002,935,ms,1.6645,0.173122
530330077002,939,ms,0.0535,0.005562
530330077002,949,ms,0.1048,0.0109
530330077002,955,ms,0.0267,0.002778
530330077002,972,ms,0.0031,0.000323
530330077003,103,ms,0.0119,0.000288
530330077003,104,ms,0.413,0.010036
530330077003,105,ms,2.0842,0.050648
530330077003,106,ms,1.0222,0.024841
530330077003,107,ms,0.0399,0.00097
530330077003,109,ms,23.6762,0.575356
530330077003,110,ms,0.6979,0.016959
530330077003,117,ms,3.3552,0.081536
530330077003,118,ms,0.9809,0.023836
530330077003,130,ms,0.3737,0.009081
530330077003,291,ms,0.1414,0.003436
530330077003,292,ms,0.4249,0.010326
530330077003,935,ms,7.1241,0.173122
530330077003,939,ms,0.2289,0.005562
530330077003,949,ms,0.4486,0.0109
530330077003,955,ms,0.1143,0.002778
530330077003,972,ms,0.0133,0.000323
530330078002,103,ms,0.0058,0.000288
530330078002,104,ms,0.2013,0.010036
530330078002,105,ms,1.0158,0.050648
530330078002,106,ms,0.4982,0.024841
530330078002,107,ms,0.0195,0.00097
530330078002,109,ms,11.5394,0.575356
530330078002,110,ms,0.3401,0.016959
530330078002,117,ms,1.6353,0.081536
530330078002,118,ms,0.4781,0.023836
530330078002,130,ms,0.1821,0.009081
530330078002,291,ms,0.0689,0.003436
530330078002,292,ms,0.2071,0.010326
530330078002,935,ms,3.4722,0.173122
530330078002,939,ms,0.1116,0.005562
530330078002,949,ms,0.2186,0.0109
530330078002,955,ms,0.0557,0.002778
530330078002,972,ms,0.0065,0.000323
530330078003,103,ms,0.0062,0.000288
530330078003,104,ms,0.2149,0.010036
530330078003,105,ms,1.0844,0.050648
530330078003,106,ms,0.5319,0.024841
530330078003,107,ms,0.0208,0.00097
530330078003,109,ms,12.3191,0.575356
530330078003,110,ms,0.3631,0.016959
530330078003,117,ms,1.7458,0.081536
530330078003,118,ms,0.5104,0.023836
530330078003,130,ms,0.1944,0.009081
530330078003,291,ms,0.0736,0.003436
530330078003,292,ms,0.2211,0.010326
530330078003,935,ms,3.7068,0.173122
530330078003,939,ms,0.1191,0.005562
530330078003,949,ms,0.2334,0.0109
530330078003,955,ms,0.0595,0.002778
530330078003,972,ms,0.0069,0.000323
530330078004,103,ms,0.0062,0.000288
530330078004,104,ms,0.2149,0.010036
530330078004,105,ms,1.0844,0.050648
530330078004,106,ms,0.5319,0.024841
530330078004,107,ms,0.0208,0.00097
530330078004,109,ms,12.3191,0.575356
530330078004,110,ms,0.3631,0.016959
530330078004,117,ms,1.7458,0.081536
530330078004,118,ms,0.5104,0.023836
530330078004,130,ms,0.1944,0.009081
530330078004,291,ms,0.0736,0.003436
530330078004,292,ms,0.2211,0.010326
530330078004,935,ms,3.7068,0.173122
530330078004,939,ms,0.1191,0.005562
530330078004,949,ms,0.2334,0.0109
530330078004,955,ms,0.0595,0.002778
530330078004,972,ms,0.0069,0.000323
530330079011,103,ms,0.0018,0.000288
530330079011,104,ms,0.0626,0.010036
530330079011,105,ms,0.3158,0.050648
530330079011,106,ms,0.1549,0.024841
530330079011,107,ms,0.0061,0.00097
530330079011,109,ms,3.5879,0.575356
530330079011,110,ms,0.1058,0.016959
530330079011,117,ms,0.5084,0.081536
530330079011,118,ms,0.1486,0.023836
530330079011,130,ms,0.0566,0.009081
530330079011,291,ms,0.0214,0.003436
530330079011,292,ms,0.0644,0.010326
530330079011,935,ms,1.0796,0.173122
530330079011,939,ms,0.0347,0.005562
530330079011,949,ms,0.068,0.0109
530330079011,955,ms,0.0173,0.002778
530330079011,972,ms,0.002,0.000323
530330079022,103,ms,0.0038,0.000288
530330079022,104,ms,0.1339,0.010036
530330079022,105,ms,0.6755,0.050648
530330079022,106,ms,0.3313,0.024841
530330079022,107,ms,0.0129,0.00097
530330079022,109,ms,7.674,0.575356
530330079022,110,ms,0.2262,0.016959
530330079022,117,ms,1.0875,0.081536
530330079022,118,ms,0.3179,0.023836
530330079022,130,ms,0.1211,0.009081
530330079022,291,ms,0.0458,0.003436
530330079022,292,ms,0.1377,0.010326
530330079022,935,ms,2.3091,0.173122
530330079022,939,ms,0.0742,0.005562
530330079022,949,ms,0.1454,0.0109
530330079022,955,ms,0.0371,0.002778
530330079022,972,ms,0.0043,0.000323
530330079023,103,ms,0.0077,0.000288
530330079023,104,ms,0.2677,0.010036
530330079023,105,ms,1.3511,0.050648
530330079023,106,ms,0.6626,0.024841
530330079023,107,ms,0.0259,0.00097
530330079023,109,ms,15.348,0.575356
530330079023,110,ms,0.4524,0.016959
530330079023,117,ms,2.175,0.081536
530330079023,118,ms,0.6359,0.023836
530330079023,130,ms,0.2422,0.009081
530330079023,291,ms,0.0917,0.003436
530330079023,292,ms,0.2755,0.010326
530330079023,935,ms,4.6182,0.173122
530330079023,939,ms,0.1484,0.005562
530330079023,949,ms,0.2908,0.0109
530330079023,955,ms,0.0741,0.002778
530330079023,972,ms,0.0086,0.000323
530330080023,103,ms,0.0043,0.000288
530330080023,104,ms,0.1512,0.010036
530330080023,105,ms,0.7633,0.050648
530330080023,106,ms,0.3744,0.024841
530330080023,107,ms,0.0146,0.00097
530330080023,109,ms,8.6706,0.575356
530330080023,110,ms,0.2556,0.016959
530330080023,117,ms,1.2287,0.081536
530330080023,118,ms,0.3592,0.023836
530330080023,130,ms,0.1368,0.009081
530330080023,291,ms,0.0518,0.003436
530330080023,292,ms,0.1556,0.010326
530330080023,935,ms,2.609,0.173122
530330080023,939,ms,0.0838,0.005562
530330080023,949,ms,0.1643,0.0109
530330080023,955,ms,0.0419,0.002778
530330080023,972,ms,0.0049,0.000323
530330080032,103,ms,0.0042,0.000288
530330080032,104,ms,0.146,0.010036
530330080032,105,ms,0.7369,0.050648
530330080032,106,ms,0.3614,0.024841
530330080032,107,ms,0.0141,0.00097
530330080032,109,ms,8.3717,0.575356
530330080032,110,ms,0.2468,0.016959
530330080032,117,ms,1.1864,0.081536
530330080032,118,ms,0.3468,0.023836
530330080032,130,ms,0.1321,0.009081
530330080032,291,ms,0.05,0.003436
530330080032,292,ms,0.1503,0.010326
530330080032,935,ms,2.519,0.173122
530330080032,939,ms,0.0809,0.005562
530330080032,949,ms,0.1586,0.0109
530330080032,955,ms,0.0404,0.002778
530330080032,972,ms,0.0047,0.000323
530330080041,103,ms,0.0024,0.000288
530330080041,104,ms,0.0828,0.010036
530330080041,105,ms,0.418,0.050648
530330080041,106,ms,0.205,0.024841
530330080041,107,ms,0.008,0.00097
530330080041,109,ms,4.7489,0.575356
530330080041,110,ms,0.14,0.016959
530330080041,117,ms,0.673,0.081536
530330080041,118,ms,0.1967,0.023836
530330080041,130,ms,0.075,0.009081
530330080041,291,ms,0.0284,0.003436
530330080041,292,ms,0.0852,0.010326
530330080041,935,ms,1.4289,0.173122
530330080041,939,ms,0.0459,0.005562
530330080041,949,ms,0.09,0.0109
530330080041,955,ms,0.0229,0.002778
530330080041,972,ms,0.0027,0.000323
530330083001,103,ms,0.0013,0.000288
530330083001,104,ms,0.0469,0.010036
530330083001,105,ms,0.2369,0.050648
530330083001,106,ms,0.1162,0.024841
530330083001,107,ms,0.0045,0.00097
530330083001,109,ms,2.6909,0.575356
530330083001,110,ms,0.0793,0.016959
530330083001,117,ms,0.3813,0.081536
530330083001,118,ms,0.1115,0.023836
530330083001,130,ms,0.0425,0.009081
530330083001,291,ms,0.0161,0.003436
530330083001,292,ms,0.0483,0.010326
530330083001,935,ms,0.8097,0.173122
530330083001,939,ms,0.026,0.005562
530330083001,949,ms,0.051,0.0109
530330083001,955,ms,0.013,0.002778
530330083001,972,ms,0.0015,0.000323
530330084011,103,ms,0.0046,0.000288
530330084011,104,ms,0.1617,0.010036
530330084011,105,ms,0.8159,0.050648
530330084011,106,ms,0.4002,0.024841
530330084011,107,ms,0.0156,0.00097
530330084011,109,ms,9.2686,0.575356
530330084011,110,ms,0.2732,0.016959
530330084011,117,ms,1.3135,0.081536
530330084011,118,ms,0.384,0.023836
530330084011,130,ms,0.1463,0.009081
530330084011,291,ms,0.0554,0.003436
530330084011,292,ms,0.1664,0.010326
530330084011,935,ms,2.7889,0.173122
530330084011,939,ms,0.0896,0.005562
530330084011,949,ms,0.1756,0.0109
530330084011,955,ms,0.0448,0.002778
530330084011,972,ms,0.0052,0.000323
530330085002,103,ms,0.0215,0.000212
530330085002,104,ms,0.2101,0.002074
530330085002,105,ms,1.0604,0.010464
530330085002,106,ms,0.8524,0.008412
530330085002,107,ms,0.1242,0.001225
530330085002,109,ms,12.9494,0.12779
530330085002,110,ms,11.0626,0.10917
530330085002,117,ms,59.3924,0.58611
530330085002,118,ms,1.0092,0.009959
530330085002,130,ms,3.5913,0.03544
530330085002,289,ms,0.2639,0.002605
530330085002,291,ms,0.6235,0.006153
530330085002,292,ms,0.2162,0.002134
530330085002,930,ms,0.0989,0.000976
530330085002,935,ms,5.544,0.05471
530330085002,939,ms,3.9856,0.039331
530330085002,949,ms,0.2282,0.002252
530330085002,955,ms,0.0582,0.000574
530330085002,972,ms,0.0414,0.000408
530330086002,103,ms,0.0009,0.000192
530330086002,106,ms,0.0193,0.004133
530330086002,107,ms,0.006,0.001292
530330086002,109,ms,0.0526,0.011239
530330086002,110,ms,0.6229,0.133183
530330086002,117,ms,3.3557,0.717508
530330086002,118,ms,0.0297,0.006346
530330086002,130,ms,0.1979,0.042305
530330086002,289,ms,0.0154,0.003283
530330086002,291,ms,0.0321,0.00686
530330086002,930,ms,0.0058,0.00123
530330086002,935,ms,0.1117,0.023874
530330086002,939,ms,0.2251,0.048125
530330086002,972,ms,0.002,0.00043
530330086004,103,ms,0.0016,0.000192
530330086004,106,ms,0.0344,0.004133
530330086004,107,ms,0.0107,0.001292
530330086004,109,ms,0.0934,0.011239
530330086004,110,ms,1.1074,0.133183
530330086004,117,ms,5.9657,0.717508
530330086004,118,ms,0.0528,0.006346
530330086004,130,ms,0.3517,0.042305
530330086004,289,ms,0.0273,0.003283
530330086004,291,ms,0.057,0.00686
530330086004,930,ms,0.0102,0.00123
530330086004,935,ms,0.1985,0.023874
530330086004,939,ms,0.4001,0.048125
530330086004,972,ms,0.0036,0.00043
530330087003,103,ms,0.0031,0.000192
530330087003,106,ms,0.0666,0.004133
530330087003,107,ms,0.0208,0.001292
530330087003,109,ms,0.1811,0.011239
530330087003,110,ms,2.1455,0.133183
530330087003,117,ms,11.5586,0.717508
530330087003,118,ms,0.1022,0.006346
530330087003,130,ms,0.6815,0.042305
530330087003,289,ms,0.0529,0.003283
530330087003,291,ms,0.1105,0.00686
530330087003,930,ms,0.0198,0.00123
530330087003,935,ms,0.3846,0.023874
530330087003,939,ms,0.7753,0.048125
530330087003,972,ms,0.0069,0.00043
530330088001,103,ms,0.0019,0.000288
530330088001,104,ms,0.065,0.010036
530330088001,105,ms,0.3279,0.050648
530330088001,106,ms,0.1608,0.024841
530330088001,107,ms,0.0063,0.00097
530330088001,109,ms,3.7248,0.575356
530330088001,110,ms,0.1098,0.016959
530330088001,117,ms,0.5279,0.081536
530330088001,118,ms,0.1543,0.023836
530330088001,130,ms,0.0588,0.009081
530330088001,291,ms,0.0222,0.003436
530330088001,292,ms,0.0669,0.010326
530330088001,935,ms,1.1208,0.173122
530330088001,939,ms,0.036,0.005562
530330088001,949,ms,0.0706,0.0109
530330088001,955,ms,0.018,0.002778
530330088001,972,ms,0.0021,0.000323
530330088002,103,ms,0.0004,0.000288
530330088002,104,ms,0.0126,0.010034
530330088002,105,ms,0.0634,0.050635
530330088002,106,ms,0.0311,0.024836
530330088002,107,ms,0.0012,0.000971
530330088002,109,ms,0.7208,0.575218
530330088002,110,ms,0.0213,0.016987
530330088002,117,ms,0.1024,0.081692
530330088002,118,ms,0.0299,0.023832
530330088002,130,ms,0.0114,0.009089
530330088002,291,ms,0.0043,0.003437
530330088002,292,ms,0.0129,0.010324
530330088002,935,ms,0.2169,0.173086
530330088002,939,ms,0.007,0.005573
530330088002,949,ms,0.0137,0.010898
530330088002,955,ms,0.0035,0.002777
530330088002,972,ms,0.0004,0.000323
530330088003,103,ms,0.0042,0.000288
530330088003,104,ms,0.1467,0.010036
530330088003,105,ms,0.7404,0.050648
530330088003,106,ms,0.3631,0.024841
530330088003,107,ms,0.0142,0.00097
530330088003,109,ms,8.4108,0.575356
530330088003,110,ms,0.2479,0.016959
530330088003,117,ms,1.1919,0.081536
530330088003,118,ms,0.3485,0.023836
530330088003,130,ms,0.1327,0.009081
530330088003,291,ms,0.0502,0.003436
530330088003,292,ms,0.151,0.010326
530330088003,935,ms,2.5308,0.173122
530330088003,939,ms,0.0813,0.005562
530330088003,949,ms,0.1593,0.0109
530330088003,955,ms,0.0406,0.002778
530330088003,972,ms,0.0047,0.000323
530330089001,103,ms,0.0002,0.000288
530330089001,104,ms,0.0065,0.010036
530330089001,105,ms,0.0327,0.050648
530330089001,106,ms,0.016,0.024841
530330089001,107,ms,0.0006,0.00097
530330089001,109,ms,0.3712,0.575356
530330089001,110,ms,0.0109,0.016959
530330089001,117,ms,0.0526,0.081536
530330089001,118,ms,0.0154,0.023836
530330089001,130,ms,0.0059,0.009081
530330089001,291,ms,0.0022,0.003436
530330089001,292,ms,0.0067,0.010326
530330089001,935,ms,0.1117,0.173122
530330089001,939,ms,0.0036,0.005562
530330089001,949,ms,0.007,0.0109
530330089001,955,ms,0.0018,0.002778
530330089001,972,ms,0.0002,0.000323
530330089002,103,ms,0.0164,0.000288
530330089002,104,ms,0.5709,0.010036
530330089002,105,ms,2.881,0.050648
530330089002,106,ms,1.413,0.024841
530330089002,107,ms,0.0552,0.00097
530330089002,109,ms,32.7282,0.575356
530330089002,110,ms,0.9647,0.016959
530330089002,117,ms,4.638,0.081536
530330089002,118,ms,1.3559,0.023836
530330089002,130,ms,0.5165,0.009081
530330089002,291,ms,0.1954,0.003436
530330089002,292,ms,0.5874,0.010326
530330089002,935,ms,9.8478,0.173122
530330089002,939,ms,0.3164,0.005562
530330089002,949,ms,0.6201,0.0109
530330089002,955,ms,0.158,0.002778
530330089002,972,ms,0.0184,0.000323
530330089003,103,ms,0.0091,0.000288
530330089003,104,ms,0.315,0.010033
530330089003,105,ms,1.5897,0.050632
530330089003,106,ms,0.7797,0.024835
530330089003,107,ms,0.0305,0.000971
530330089003,109,ms,18.0588,0.575183
530330089003,110,ms,0.5336,0.016994
530330089003,117,ms,2.5661,0.081731
530330089003,118,ms,0.7482,0.023831
530330089003,130,ms,0.2854,0.009091
530330089003,291,ms,0.1079,0.003437
530330089003,292,ms,0.3241,0.010323
530330089003,935,ms,5.434,0.173076
530330089003,939,ms,0.175,0.005575
530330089003,949,ms,0.3421,0.010897
530330089003,955,ms,0.0872,0.002777
530330089003,972,ms,0.0102,0.000323
530330089004,103,ms,0.0055,0.000222
530330089004,104,ms,0.078,0.003153
530330089004,105,ms,0.3938,0.015912
530330089004,106,ms,0.2633,0.010639
530330089004,107,ms,0.0295,0.001191
530330089004,109,ms,4.6642,0.188466
530330089004,110,ms,2.3924,0.096669
530330089004,117,ms,12.8122,0.517706
530330089004,118,ms,0.293,0.011841
530330089004,130,ms,0.7886,0.031867
530330089004,289,ms,0.0557,0.002251
530330089004,291,ms,0.1432,0.005784
530330089004,292,ms,0.0803,0.003244
530330089004,930,ms,0.0209,0.000844
530330089004,935,ms,1.7512,0.070763
530330089004,939,ms,0.8601,0.034753
530330089004,949,ms,0.0848,0.003425
530330089004,955,ms,0.0216,0.000873
530330089004,972,ms,0.0098,0.000397
530330090002,103,ms,0.0076,0.000192
530330090002,106,ms,0.164,0.004133
530330090002,107,ms,0.0512,0.001292
530330090002,109,ms,0.4458,0.011239
530330090002,110,ms,5.2832,0.133183
530330090002,117,ms,28.4623,0.717508
530330090002,118,ms,0.2517,0.006346
530330090002,130,ms,1.6782,0.042305
530330090002,289,ms,0.1302,0.003283
530330090002,291,ms,0.2721,0.00686
530330090002,930,ms,0.0488,0.00123
530330090002,935,ms,0.9471,0.023874
530330090002,939,ms,1.909,0.048125
530330090002,972,ms,0.0171,0.00043
530330090003,103,ms,0.006,0.000192
530330090003,104,ms,0.0004,1.3e-05
530330090003,105,ms,0.0021,6.8e-05
530330090003,106,ms,0.129,0.004161
530330090003,107,ms,0.04,0.001291
530330090003,109,ms,0.3719,0.011996
530330090003,110,ms,4.1245,0.133027
530330090003,117,ms,22.2199,0.716654
530330090003,118,ms,0.1975,0.006369
530330090003,130,ms,1.3103,0.04226
530330090003,289,ms,0.1016,0.003278
530330090003,291,ms,0.2126,0.006856
530330090003,292,ms,0.0004,1.4e-05
530330090003,930,ms,0.0381,0.001228
530330090003,935,ms,0.7464,0.024075
530330090003,939,ms,1.4903,0.048068
530330090003,949,ms,0.0005,1.5e-05
530330090003,955,ms,0.0001,4e-06
530330090003,972,ms,0.0133,0.00043
530330091001,103,ms,0.0045,0.000214
530330091001,104,ms,0.0488,0.002346
530330091001,105,ms,0.2461,0.011837
530330091001,106,ms,0.1864,0.008966
530330091001,107,ms,0.0253,0.001217
530330091001,109,ms,2.9738,0.143064
530330091001,110,ms,2.2309,0.107327
530330091001,117,ms,11.8009,0.567727
530330091001,118,ms,0.2167,0.010423
530330091001,130,ms,0.7173,0.034506
530330091001,289,ms,0.0522,0.00251
530330091001,291,ms,0.1262,0.00607
530330091001,292,ms,0.0502,0.002413
530330091001,930,ms,0.0196,0.000941
530330091001,935,ms,1.2207,0.058727
530330091001,939,ms,0.7921,0.038109
530330091001,949,ms,0.053,0.002548
530330091001,955,ms,0.0135,0.000649
530330091001,972,ms,0.0084,0.000405
530330091002,103,ms,0.003,0.000287
530330091002,104,ms,0.1037,0.009974
530330091002,105,ms,0.5231,0.050334
530330091002,106,ms,0.2566,0.024687
530330091002,107,ms,0.0101,0.000972
530330091002,109,ms,5.9428,0.571797
530330091002,110,ms,0.2356,0.02267
530330091002,117,ms,0.8429,0.081104
530330091002,118,ms,0.2462,0.023689
530330091002,130,ms,0.0952,0.009158
530330091002,291,ms,0.0363,0.003497
530330091002,292,ms,0.1067,0.010262
530330091002,935,ms,1.7885,0.172088
530330091002,939,ms,0.0578,0.005565
530330091002,949,ms,0.1126,0.010833
530330091002,955,ms,0.0287,0.002761
530330091002,972,ms,0.0033,0.000321
530330092001,103,ms,0.0033,0.000288
530330092001,104,ms,0.1146,0.010027
530330092001,105,ms,0.5785,0.0506
530330092001,106,ms,0.2838,0.024822
530330092001,107,ms,0.0111,0.000971
530330092001,109,ms,6.5717,0.574829
530330092001,110,ms,0.1951,0.017067
530330092001,117,ms,0.939,0.08213
530330092001,118,ms,0.2723,0.02382
530330092001,130,ms,0.1042,0.009112
530330092001,291,ms,0.0393,0.003439
530330092001,292,ms,0.1179,0.010317
530330092001,935,ms,1.9776,0.172983
530330092001,939,ms,0.064,0.005602
530330092001,949,ms,0.1245,0.01089
530330092001,955,ms,0.0317,0.002775
530330092001,972,ms,0.0037,0.000323
530330093001,107,ms,0.0241,0.001254
530330093001,109,ms,0.01,0.00052
530330093001,110,ms,18.0631,0.939449
530330093001,117,ms,0.2251,0.011708
530330093001,130,ms,0.4137,0.021514
530330093001,291,ms,0.2561,0.013321
530330093001,930,ms,0.0038,0.000199
530330093001,935,ms,0.1163,0.006047
530330093001,939,ms,0.1152,0.00599
530330093002,104,ms,0.0027,0.000661
530330093002,105,ms,0.0135,0.003334
530330093002,106,ms,0.0066,0.001635
530330093002,107,ms,0.005,0.001235
530330093002,109,ms,0.1553,0.038354
530330093002,110,ms,3.5586,0.878733
530330093002,117,ms,0.066,0.016303
530330093002,118,ms,0.0064,0.001569
530330093002,130,ms,0.0838,0.020696
530330093002,291,ms,0.0513,0.01267
530330093002,292,ms,0.0028,0.00068
530330093002,930,ms,0.0008,0.000186
530330093002,935,ms,0.069,0.017043
530330093002,939,ms,0.0241,0.005962
530330093002,949,ms,0.0029,0.000717
530330093002,955,ms,0.0007,0.000183
530330093003,106,ms,0.0016,7.5e-05
530330093003,107,ms,0.0274,0.001255
530330093003,109,ms,0.0156,0.000715
530330093003,110,ms,20.1827,0.924728
530330093003,117,ms,0.5368,0.024594
530330093003,118,ms,0.0025,0.000116
530330093003,130,ms,0.4778,0.021893
530330093003,289,ms,0.0013,6e-05
530330093003,291,ms,0.2882,0.013203
530330093003,930,ms,0.0048,0.000218
530330093003,935,ms,0.1391,0.006372
530330093003,939,ms,0.1475,0.006759
530330093003,972,ms,0.0002,8e-06
530330094001,107,ms,0.007,0.001254
530330094001,109,ms,0.0029,0.00052
530330094001,110,ms,5.2438,0.939449
530330094001,117,ms,0.0653,0.011708
530330094001,130,ms,0.1201,0.021514
530330094001,291,ms,0.0744,0.013321
530330094001,930,ms,0.0011,0.000199
530330094001,935,ms,0.0338,0.006047
530330094001,939,ms,0.0334,0.00599
530330094002,103,ms,0.0002,1.2e-05
530330094002,106,ms,0.0046,0.000257
530330094002,107,ms,0.0225,0.001256
530330094002,109,ms,0.0213,0.001186
530330094002,110,ms,15.9565,0.889357
530330094002,117,ms,0.9968,0.055558
530330094002,118,ms,0.0071,0.000394
530330094002,130,ms,0.4092,0.022806
530330094002,289,ms,0.0037,0.000204
530330094002,291,ms,0.2318,0.012919
530330094002,930,ms,0.0047,0.000263
530330094002,935,ms,0.1284,0.007154
530330094002,939,ms,0.1544,0.008608
530330094002,972,ms,0.0005,2.7e-05
530330094003,107,ms,0.008,0.001254
530330094003,109,ms,0.0033,0.000525
530330094003,110,ms,5.9906,0.939078
530330094003,117,ms,0.0768,0.012032
530330094003,130,ms,0.1373,0.021523
530330094003,291,ms,0.085,0.013318
530330094003,930,ms,0.0013,0.000199
530330094003,935,ms,0.0386,0.006055
530330094003,939,ms,0.0383,0.006009
530330094004,103,ms,0.0005,8.8e-05
530330094004,106,ms,0.0105,0.001887
530330094004,107,ms,0.0071,0.001271
530330094004,109,ms,0.0302,0.005414
530330094004,110,ms,3.1888,0.57129
530330094004,117,ms,1.8643,0.333992
530330094004,118,ms,0.0162,0.002898
530330094004,130,ms,0.1731,0.031007
530330094004,289,ms,0.0084,0.001499
530330094004,291,ms,0.0579,0.010371
530330094004,930,ms,0.0037,0.00067
530330094004,935,ms,0.0792,0.014187
530330094004,939,ms,0.1408,0.02523
530330094004,972,ms,0.0011,0.000197
530330094005,107,ms,0.0135,0.001254
530330094005,109,ms,0.0056,0.00052
530330094005,110,ms,10.1131,0.939449
530330094005,117,ms,0.126,0.011708
530330094005,130,ms,0.2316,0.021514
530330094005,291,ms,0.1434,0.013321
530330094005,930,ms,0.0021,0.000199
530330094005,935,ms,0.0651,0.006047
530330094005,939,ms,0.0645,0.00599
530330095001,103,ms,0.0029,0.000233
530330095001,104,ms,0.0536,0.004315
530330095001,105,ms,0.2705,0.021775
530330095001,106,ms,0.162,0.013036
530330095001,107,ms,0.0143,0.001154
530330095001,109,ms,3.153,0.253768
530330095001,110,ms,1.0339,0.083215
530330095001,117,ms,5.5177,0.444086
530330095001,118,ms,0.1723,0.013865
530330095001,130,ms,0.3482,0.028021
530330095001,289,ms,0.0233,0.001871
530330095001,291,ms,0.0669,0.005388
530330095001,292,ms,0.0552,0.00444
530330095001,930,ms,0.0087,0.000701
530330095001,935,ms,1.0939,0.08804
530330095001,939,ms,0.3706,0.029826
530330095001,949,ms,0.0582,0.004686
530330095001,955,ms,0.0148,0.001194
530330095001,972,ms,0.0048,0.000384
530330095002,103,ms,0.0028,0.000204
530330095002,104,ms,0.0166,0.00122
530330095002,105,ms,0.0839,0.006156
530330095002,106,ms,0.0906,0.006649
530330095002,107,ms,0.0171,0.001253
530330095002,109,ms,1.0878,0.0798
530330095002,110,ms,1.6246,0.119181
530330095002,117,ms,8.7256,0.640104
530330095002,118,ms,0.1155,0.00847
530330095002,130,ms,0.5216,0.038263
530330095002,289,ms,0.0393,0.002883
530330095002,291,ms,0.0879,0.006445
530330095002,292,ms,0.0171,0.001255
530330095002,930,ms,0.0147,0.00108
530330095002,935,ms,0.5727,0.042011
530330095002,939,ms,0.5854,0.042945
530330095002,949,ms,0.0181,0.001325
530330095002,955,ms,0.0046,0.000338
530330095002,972,ms,0.0057,0.000417
530330095003,103,ms,0.0008,0.000199
530330095003,104,ms,0.0027,0.000713
530330095003,105,ms,0.0137,0.003596
530330095003,106,ms,0.0214,0.005603
530330095003,107,ms,0.0048,0.001269
530330095003,109,ms,0.196,0.05129
530330095003,110,ms,0.4774,0.124932
530330095003,117,ms,2.569,0.672356
530330095003,118,ms,0.029,0.007587
530330095003,130,ms,0.1526,0.039946
530330095003,289,ms,0.0117,0.00305
530330095003,291,ms,0.0253,0.006617
530330095003,292,ms,0.0028,0.000733
530330095003,930,ms,0.0044,0.001143
530330095003,935,ms,0.1317,0.034471
530330095003,939,ms,0.1723,0.045103
530330095003,949,ms,0.003,0.000774
530330095003,955,ms,0.0008,0.000197
530330095003,972,ms,0.0016,0.000423
530330095004,103,ms,0.028,0.000192
530330095004,106,ms,0.602,0.004133
530330095004,107,ms,0.1882,0.001292
530330095004,109,ms,1.6371,0.011239
530330095004,110,ms,19.3998,0.133183
530330095004,117,ms,104.5139,0.717508
530330095004,118,ms,0.9243,0.006346
530330095004,130,ms,6.1622,0.042305
530330095004,289,ms,0.4782,0.003283
530330095004,291,ms,0.9993,0.00686
530330095004,930,ms,0.1792,0.00123
530330095004,935,ms,3.4776,0.023874
530330095004,939,ms,7.01,0.048125
530330095004,972,ms,0.0627,0.00043
530330096002,103,ms,0.0131,0.005536
530330096002,107,ms,2.245,0.946281
530330096002,109,ms,0.0058,0.002438
530330096002,113,ms,0.0067,0.00281
530330096002,930,ms,0.0753,0.031744
530330096002,935,ms,0.0037,0.001576
530330096002,949,ms,0.0065,0.002754
530330096002,972,ms,0.0163,0.006861
530330096003,103,ms,0.0959,0.005536
530330096003,107,ms,16.3837,0.946281
530330096003,109,ms,0.0422,0.002438
530330096003,113,ms,0.0487,0.00281
530330096003,930,ms,0.5496,0.031744
530330096003,935,ms,0.0273,0.001576
530330096003,949,ms,0.0477,0.002754
530330096003,972,ms,0.1188,0.006861
530330096004,103,ms,0.0499,0.005536
530330096004,107,ms,8.5332,0.946281
530330096004,109,ms,0.022,0.002438
530330096004,113,ms,0.0253,0.00281
530330096004,930,ms,0.2863,0.031744
530330096004,935,ms,0.0142,0.001576
530330096004,949,ms,0.0248,0.002754
530330096004,972,ms,0.0619,0.006861
530330097011,103,ms,0.0342,0.005536
530330097011,107,ms,5.8372,0.946281
530330097011,109,ms,0.015,0.002438
530330097011,113,ms,0.0173,0.00281
530330097011,930,ms,0.1958,0.031744
530330097011,935,ms,0.0097,0.001576
530330097011,949,ms,0.017,0.002754
530330097011,972,ms,0.0423,0.006861
530330097012,103,ms,0.1135,0.005536
530330097012,107,ms,19.4,0.946281
530330097012,109,ms,0.05,0.002438
530330097012,113,ms,0.0576,0.00281
530330097012,930,ms,0.6508,0.031744
530330097012,935,ms,0.0323,0.001576
530330097012,949,ms,0.0565,0.002754
530330097012,972,ms,0.1407,0.006861
530330097014,103,ms,0.0471,0.005536
530330097014,107,ms,8.0495,0.946281
530330097014,109,ms,0.0207,0.002438
530330097014,113,ms,0.0239,0.00281
530330097014,930,ms,0.27,0.031744
530330097014,935,ms,0.0134,0.001576
530330097014,949,ms,0.0234,0.002754
530330097014,972,ms,0.0584,0.006861
530330097021,103,ms,0.2318,0.005536
530330097021,107,ms,39.6251,0.946281
530330097021,109,ms,0.1021,0.002438
530330097021,113,ms,0.1177,0.00281
530330097021,930,ms,1.3293,0.031744
530330097021,935,ms,0.066,0.001576
530330097021,949,ms,0.1153,0.002754
530330097021,972,ms,0.2873,0.006861
530330097022,103,ms,0.2497,0.005536
530330097022,107,ms,42.6732,0.946281
530330097022,109,ms,0.1099,0.002438
530330097022,113,ms,0.1267,0.00281
530330097022,930,ms,1.4315,0.031744
530330097022,935,ms,0.0711,0.001576
530330097022,949,ms,0.1242,0.002754
530330097022,972,ms,0.3094,0.006861
530330097023,103,ms,0.1939,0.005536
530330097023,107,ms,33.1479,0.946281
530330097023,109,ms,0.0854,0.002438
530330097023,113,ms,0.0984,0.00281
530330097023,930,ms,1.112,0.031744
530330097023,935,ms,0.0552,0.001576
530330097023,949,ms,0.0965,0.002754
530330097023,972,ms,0.2403,0.006861
530330097024,103,ms,0.2452,0.005536
530330097024,107,ms,41.9112,0.946281
530330097024,109,ms,0.108,0.002438
530330097024,113,ms,0.1245,0.00281
530330097024,930,ms,1.406,0.031744
530330097024,935,ms,0.0698,0.001576
530330097024,949,ms,0.122,0.002754
530330097024,972,ms,0.3039,0.006861
530330098011,103,ms,0.2309,0.005536
530330098011,107,ms,39.469,0.946281
530330098011,109,ms,0.1017,0.002438
530330098011,113,ms,0.1172,0.00281
530330098011,930,ms,1.3241,0.031744
530330098011,935,ms,0.0657,0.001576
530330098011,949,ms,0.1148,0.002754
530330098011,972,ms,0.2862,0.006861
530330098012,103,ms,0.2467,0.005536
530330098012,107,ms,42.1601,0.946281
530330098012,109,ms,0.1086,0.002438
530330098012,113,ms,0.1252,0.00281
530330098012,930,ms,1.4143,0.031744
530330098012,935,ms,0.0702,0.001576
530330098012,949,ms,0.1227,0.002754
530330098012,972,ms,0.3057,0.006861
530330098021,103,ms,0.1938,0.005536
530330098021,107,ms,33.1279,0.946281
530330098021,109,ms,0.0853,0.002438
530330098021,113,ms,0.0984,0.00281
530330098021,930,ms,1.1113,0.031744
530330098021,935,ms,0.0552,0.001576
530330098021,949,ms,0.0964,0.002754
530330098021,972,ms,0.2402,0.006861
530330098022,103,ms,0.0291,0.005536
530330098022,107,ms,4.9692,0.946281
530330098022,109,ms,0.0128,0.002438
530330098022,113,ms,0.0148,0.00281
530330098022,930,ms,0.1667,0.031744
530330098022,935,ms,0.0083,0.001576
530330098022,949,ms,0.0145,0.002754
530330098022,972,ms,0.036,0.006861
530330098023,103,ms,0.1454,0.005536
530330098023,107,ms,24.8459,0.946281
530330098023,109,ms,0.064,0.002438
530330098023,113,ms,0.0738,0.00281
530330098023,930,ms,0.8335,0.031744
530330098023,935,ms,0.0414,0.001576
530330098023,949,ms,0.0723,0.002754
530330098023,972,ms,0.1801,0.006861
530330099001,103,ms,0.0131,0.005536
530330099001,107,ms,2.2433,0.946281
530330099001,109,ms,0.0058,0.002438
530330099001,113,ms,0.0067,0.00281
530330099001,930,ms,0.0753,0.031744
530330099001,935,ms,0.0037,0.001576
530330099001,949,ms,0.0065,0.002754
530330099001,972,ms,0.0163,0.006861
530330099003,103,ms,0.0372,0.005536
530330099003,107,ms,6.3561,0.946281
530330099003,109,ms,0.0164,0.002438
530330099003,113,ms,0.0189,0.00281
530330099003,930,ms,0.2132,0.031744
530330099003,935,ms,0.0106,0.001576
530330099003,949,ms,0.0185,0.002754
530330099003,972,ms,0.0461,0.006861
530330099004,103,ms,0.0655,0.005181
530330099004,107,ms,11.199,0.885631
530330099004,109,ms,0.0293,0.002314
530330099004,110,ms,0.7624,0.060292
530330099004,113,ms,0.0333,0.00263
530330099004,117,ms,0.0095,0.000751
530330099004,130,ms,0.0175,0.001381
530330099004,291,ms,0.0108,0.000855
530330099004,930,ms,0.3758,0.02972
530330099004,935,ms,0.0236,0.001863
530330099004,939,ms,0.0049,0.000384
530330099004,949,ms,0.0326,0.002577
530330099004,972,ms,0.0812,0.006421
530330100011,103,ms,0.0039,0.000192
530330100011,106,ms,0.085,0.004133
530330100011,107,ms,0.0266,0.001292
530330100011,109,ms,0.2312,0.011239
530330100011,110,ms,2.7394,0.133183
530330100011,117,ms,14.7582,0.717508
530330100011,118,ms,0.1305,0.006346
530330100011,130,ms,0.8702,0.042305
530330100011,289,ms,0.0675,0.003283
530330100011,291,ms,0.1411,0.00686
530330100011,930,ms,0.0253,0.00123
530330100011,935,ms,0.4911,0.023874
530330100011,939,ms,0.9899,0.048125
530330100011,972,ms,0.0089,0.00043
530330100012,106,ms,0.0013,3.1e-05
530330100012,107,ms,0.0522,0.001254
530330100012,109,ms,0.0249,0.000599
530330100012,110,ms,38.8579,0.933479
530330100012,117,ms,0.7049,0.016933
530330100012,118,ms,0.002,4.7e-05
530330100012,130,ms,0.902,0.021668
530330100012,289,ms,0.001,2.4e-05
530330100012,291,ms,0.5525,0.013273
530330100012,930,ms,0.0086,0.000207
530330100012,935,ms,0.2572,0.006179
530330100012,939,ms,0.2623,0.006302
530330100012,972,ms,0.0001,3e-06
530330100013,103,ms,0.0091,0.00019
530330100013,105,ms,0.001,2e-05
530330100013,106,ms,0.1961,0.004086
530330100013,107,ms,0.0614,0.001279
530330100013,109,ms,0.5338,0.011122
530330100013,110,ms,6.3381,0.132062
530330100013,113,ms,0.0003,7e-06
530330100013,117,ms,34.0513,0.709498
530330100013,118,ms,0.3017,0.006285
530330100013,130,ms,2.4479,0.051005
530330100013,208,ms,0.0004,8e-06
530330100013,289,ms,0.1557,0.003245
530330100013,291,ms,0.3868,0.008059
530330100013,930,ms,0.0584,0.001217
530330100013,935,ms,1.136,0.02367
530330100013,939,ms,2.2947,0.047812
530330100013,949,ms,0.0003,7e-06
530330100013,972,ms,0.0205,0.000428
530330100021,103,ms,0.0038,0.000191
530330100021,106,ms,0.0815,0.004117
530330100021,107,ms,0.0256,0.001292
530330100021,109,ms,0.2216,0.011197
530330100021,110,ms,2.6977,0.136329
530330100021,117,ms,14.1435,0.714754
530330100021,118,ms,0.1251,0.006321
530330100021,130,ms,0.8355,0.042224
530330100021,289,ms,0.0647,0.00327
530330100021,291,ms,0.1362,0.006885
530330100021,930,ms,0.0243,0.001226
530330100021,935,ms,0.471,0.023805
530330100021,939,ms,0.949,0.047961
530330100021,972,ms,0.0085,0.000429
530330100022,103,ms,0.0008,0.000138
530330100022,106,ms,0.017,0.00298
530330100022,107,ms,0.0073,0.001281
530330100022,109,ms,0.0471,0.008248
530330100022,110,ms,2.0443,0.358137
530330100022,117,ms,2.9715,0.520585
530330100022,118,ms,0.0261,0.004575
530330100022,130,ms,0.2084,0.036504
530330100022,289,ms,0.0135,0.002367
530330100022,291,ms,0.0494,0.008663
530330100022,930,ms,0.0054,0.000942
530330100022,935,ms,0.1079,0.0189
530330100022,939,ms,0.2076,0.036369
530330100022,972,ms,0.0018,0.00031
530330100023,103,ms,0.0044,0.000191
530330100023,106,ms,0.0941,0.004123
530330100023,107,ms,0.0295,0.001292
530330100023,109,ms,0.256,0.011214
530330100023,110,ms,3.0839,0.135068
530330100023,117,ms,16.3446,0.715859
530330100023,118,ms,0.1445,0.006331
530330100023,130,ms,0.9648,0.042256
530330100023,289,ms,0.0748,0.003275
530330100023,291,ms,0.157,0.006875
530330100023,930,ms,0.028,0.001228
530330100023,935,ms,0.5442,0.023833
530330100023,939,ms,1.0966,0.048027
530330100023,972,ms,0.0098,0.000429
530330101011,103,ms,0.0039,0.000192
530330101011,106,ms,0.0836,0.004133
530330101011,107,ms,0.0261,0.001292
530330101011,109,ms,0.2274,0.011239
530330101011,110,ms,2.6948,0.133183
530330101011,117,ms,14.5178,0.717508
530330101011,118,ms,0.1284,0.006346
530330101011,130,ms,0.856,0.042305
530330101011,289,ms,0.0664,0.003283
530330101011,291,ms,0.1388,0.00686
530330101011,930,ms,0.0249,0.00123
530330101011,935,ms,0.4831,0.023874
530330101011,939,ms,0.9737,0.048125
530330101011,972,ms,0.0087,0.00043
530330101012,103,ms,0.0106,0.00013
530330101012,105,ms,0.047,0.000574
530330101012,106,ms,0.2287,0.00279
530330101012,107,ms,0.0773,0.000944
530330101012,109,ms,0.651,0.007943
530330101012,110,ms,8.3118,0.101408
530330101012,113,ms,0.0168,0.000205
530330101012,117,ms,40.2092,0.490574
530330101012,118,ms,0.3799,0.004635
530330101012,130,ms,23.6703,0.288791
530330101012,208,ms,0.0174,0.000213
530330101012,289,ms,0.1817,0.002216
530330101012,291,ms,3.3464,0.040828
530330101012,930,ms,0.0708,0.000864
530330101012,935,ms,1.4812,0.018071
530330101012,939,ms,3.2172,0.039251
530330101012,949,ms,0.0165,0.000201
530330101012,972,ms,0.0297,0.000362
530330101013,103,ms,0.0009,5.4e-05
530330101013,105,ms,0.0213,0.001267
530330101013,106,ms,0.0197,0.00117
530330101013,107,ms,0.0088,0.000524
530330101013,109,ms,0.0667,0.003967
530330101013,110,ms,1.0599,0.063074
530330101013,113,ms,0.0076,0.000452
530330101013,117,ms,3.6431,0.216799
530330101013,118,ms,0.0432,0.002572
530330101013,130,ms,9.8499,0.586153
530330101013,208,ms,0.0079,0.000469
530330101013,289,ms,0.0156,0.00093
530330101013,291,ms,1.3747,0.081807
530330101013,930,ms,0.0071,0.000423
530330101013,935,ms,0.186,0.01107
530330101013,939,ms,0.4797,0.028546
530330101013,949,ms,0.0074,0.000443
530330101013,972,ms,0.0047,0.00028
530330101021,103,ms,0.0003,2.5e-05
530330101021,105,ms,0.0205,0.001534
530330101021,106,ms,0.0073,0.000546
530330101021,107,ms,0.0048,0.000362
530330101021,109,ms,0.0325,0.002434
530330101021,110,ms,0.6451,0.048293
530330101021,113,ms,0.0073,0.000547
530330101021,117,ms,1.4859,0.111231
530330101021,118,ms,0.0237,0.001776
530330101021,130,ms,9.3618,0.700817
530330101021,208,ms,0.0076,0.000568
530330101021,289,ms,0.0058,0.000433
530330101021,291,ms,1.3039,0.097609
530330101021,930,ms,0.0034,0.000253
530330101021,935,ms,0.1118,0.008371
530330101021,939,ms,0.3262,0.024418
530330101021,949,ms,0.0072,0.000536
530330101021,972,ms,0.0033,0.000248
530330101022,103,ms,0.0023,6.2e-05
530330101022,105,ms,0.0443,0.001196
530330101022,106,ms,0.0494,0.001335
530330101022,107,ms,0.021,0.000566
530330101022,109,ms,0.1618,0.00437
530330101022,110,ms,2.4789,0.066961
530330101022,113,ms,0.0158,0.000427
530330101022,117,ms,9.0534,0.244556
530330101022,118,ms,0.103,0.002781
530330101022,130,ms,20.5833,0.556005
530330101022,208,ms,0.0164,0.000443
530330101022,289,ms,0.0392,0.00106
530330101022,291,ms,2.8747,0.077652
530330101022,930,ms,0.0173,0.000468
530330101022,935,ms,0.4361,0.01178
530330101022,939,ms,1.0969,0.029631
530330101022,949,ms,0.0155,0.000418
530330101022,972,ms,0.0107,0.000288
530330101023,103,ms,0.0037,0.000192
530330101023,106,ms,0.0799,0.004133
530330101023,107,ms,0.025,0.001292
530330101023,109,ms,0.2172,0.011239
530330101023,110,ms,2.5743,0.133183
530330101023,117,ms,13.8687,0.717508
530330101023,118,ms,0.1227,0.006346
530330101023,130,ms,0.8177,0.042305
530330101023,289,ms,0.0635,0.003283
530330101023,291,ms,0.1326,0.00686
530330101023,930,ms,0.0238,0.00123
530330101023,935,ms,0.4615,0.023874
530330101023,939,ms,0.9302,0.048125
530330101023,972,ms,0.0083,0.00043
530330102001,105,ms,0.1638,0.001767
530330102001,107,ms,0.0204,0.00022
530330102001,109,ms,0.1014,0.001094
530330102001,110,ms,3.2804,0.035379
530330102001,113,ms,0.0585,0.000631
530330102001,117,ms,1.7619,0.019002
530330102001,118,ms,0.1002,0.001081
530330102001,130,ms,74.2687,0.800992
530330102001,208,ms,0.0607,0.000655
530330102001,291,ms,10.3304,0.111414
530330102001,930,ms,0.0097,0.000105
530330102001,935,ms,0.5575,0.006012
530330102001,939,ms,1.9296,0.020811
530330102001,949,ms,0.0573,0.000618
530330102001,972,ms,0.0204,0.00022
530330102002,105,ms,0.0077,0.001767
530330102002,107,ms,0.001,0.00022
530330102002,109,ms,0.0048,0.001094
530330102002,110,ms,0.1536,0.035379
530330102002,113,ms,0.0027,0.000631
530330102002,117,ms,0.0825,0.019002
530330102002,118,ms,0.0047,0.001081
530330102002,130,ms,3.4779,0.800992
530330102002,208,ms,0.0028,0.000655
530330102002,291,ms,0.4838,0.111414
530330102002,930,ms,0.0005,0.000105
530330102002,935,ms,0.0261,0.006012
530330102002,939,ms,0.0904,0.020811
530330102002,949,ms,0.0027,0.000618
530330102002,972,ms,0.001,0.00022
530330102003,105,ms,0.0528,0.001767
530330102003,107,ms,0.0066,0.00022
530330102003,109,ms,0.0327,0.001094
530330102003,110,ms,1.0574,0.035379
530330102003,113,ms,0.0188,0.000631
530330102003,117,ms,0.5679,0.019002
530330102003,118,ms,0.0323,0.001081
530330102003,130,ms,23.9401,0.800992
530330102003,208,ms,0.0196,0.000655
530330102003,291,ms,3.3299,0.111414
530330102003,930,ms,0.0031,0.000105
530330102003,935,ms,0.1797,0.006012
530330102003,939,ms,0.622,0.020811
530330102003,949,ms,0.0185,0.000618
530330102003,972,ms,0.0066,0.00022
530330102004,105,ms,0.0384,0.001767
530330102004,107,ms,0.0048,0.00022
530330102004,109,ms,0.0238,0.001094
530330102004,110,ms,0.769,0.035379
530330102004,113,ms,0.0137,0.000631
530330102004,117,ms,0.4131,0.019002
530330102004,118,ms,0.0235,0.001081
530330102004,130,ms,17.411,0.800992
530330102004,208,ms,0.0142,0.000655
530330102004,291,ms,2.4218,0.111414
530330102004,930,ms,0.0023,0.000105
530330102004,935,ms,0.1307,0.006012
530330102004,939,ms,0.4524,0.020811
530330102004,949,ms,0.0134,0.000618
530330102004,972,ms,0.0048,0.00022
530330103011,105,ms,0.0287,0.001767
530330103011,107,ms,0.0036,0.00022
530330103011,109,ms,0.0178,0.001094
530330103011,110,ms,0.5748,0.035379
530330103011,113,ms,0.0102,0.000631
530330103011,117,ms,0.3087,0.019002
530330103011,118,ms,0.0176,0.001081
530330103011,130,ms,13.0127,0.800992
530330103011,208,ms,0.0106,0.000655
530330103011,291,ms,1.81,0.111414
530330103011,930,ms,0.0017,0.000105
530330103011,935,ms,0.0977,0.006012
530330103011,939,ms,0.3381,0.020811
530330103011,949,ms,0.01,0.000618
530330103011,972,ms,0.0036,0.00022
530330103012,105,ms,0.0627,0.001767
530330103012,107,ms,0.0078,0.00022
530330103012,109,ms,0.0388,0.001094
530330103012,110,ms,1.2554,0.035379
530330103012,113,ms,0.0224,0.000631
530330103012,117,ms,0.6743,0.019002
530330103012,118,ms,0.0384,0.001081
530330103012,130,ms,28.4225,0.800992
530330103012,208,ms,0.0232,0.000655
530330103012,291,ms,3.9534,0.111414
530330103012,930,ms,0.0037,0.000105
530330103012,935,ms,0.2133,0.006012
530330103012,939,ms,0.7385,0.020811
530330103012,949,ms,0.0219,0.000618
530330103012,972,ms,0.0078,0.00022
530330103013,105,ms,0.0151,0.001767
530330103013,107,ms,0.0019,0.00022
530330103013,109,ms,0.0094,0.001094
530330103013,110,ms,0.3025,0.035379
530330103013,113,ms,0.0054,0.000631
530330103013,117,ms,0.1625,0.019002
530330103013,118,ms,0.0092,0.001081
530330103013,130,ms,6.8488,0.800992
530330103013,208,ms,0.0056,0.000655
530330103013,291,ms,0.9526,0.111414
530330103013,930,ms,0.0009,0.000105
530330103013,935,ms,0.0514,0.006012
530330103013,939,ms,0.1779,0.020811
530330103013,949,ms,0.0053,0.000618
530330103013,972,ms,0.0019,0.00022
530330103021,105,ms,0.0293,0.001767
530330103021,107,ms,0.0036,0.00022
530330103021,109,ms,0.0181,0.001094
530330103021,110,ms,0.5866,0.035379
530330103021,113,ms,0.0105,0.000631
530330103021,117,ms,0.3151,0.019002
530330103021,118,ms,0.0179,0.001081
530330103021,130,ms,13.2816,0.800992
530330103021,208,ms,0.0109,0.000655
530330103021,291,ms,1.8474,0.111414
530330103021,930,ms,0.0017,0.000105
530330103021,935,ms,0.0997,0.006012
530330103021,939,ms,0.3451,0.020811
530330103021,949,ms,0.0102,0.000618
530330103021,972,ms,0.0036,0.00022
530330103022,105,ms,0.0162,0.001767
530330103022,107,ms,0.002,0.00022
530330103022,109,ms,0.01,0.001094
530330103022,110,ms,0.3242,0.035379
530330103022,113,ms,0.0058,0.000631
530330103022,117,ms,0.1741,0.019002
530330103022,118,ms,0.0099,0.001081
530330103022,130,ms,7.3398,0.800992
530330103022,208,ms,0.006,0.000655
530330103022,291,ms,1.0209,0.111414
530330103022,930,ms,0.001,0.000105
530330103022,935,ms,0.0551,0.006012
530330103022,939,ms,0.1907,0.020811
530330103022,949,ms,0.0057,0.000618
530330103022,972,ms,0.002,0.00022
530330103023,105,ms,0.005,0.001767
530330103023,107,ms,0.0006,0.00022
530330103023,109,ms,0.0031,0.001094
530330103023,110,ms,0.1003,0.035379
530330103023,113,ms,0.0018,0.000631
530330103023,117,ms,0.0539,0.019002
530330103023,118,ms,0.0031,0.001081
530330103023,130,ms,2.2718,0.800992
530330103023,208,ms,0.0019,0.000655
530330103023,291,ms,0.316,0.111414
530330103023,930,ms,0.0003,0.000105
530330103023,935,ms,0.0171,0.006012
530330103023,939,ms,0.059,0.020811
530330103023,949,ms,0.0018,0.000618
530330103023,972,ms,0.0006,0.00022
530330104011,103,ms,0.0073,0.000128
530330104011,105,ms,0.0027,4.6e-05
530330104011,106,ms,0.1582,0.002765
530330104011,107,ms,0.0716,0.001252
530330104011,109,ms,0.4408,0.007707
530330104011,110,ms,21.5155,0.376193
530330104011,113,ms,0.0009,1.7e-05
530330104011,117,ms,27.6896,0.484146
530330104011,118,ms,0.2445,0.004274
530330104011,130,ms,3.1991,0.055935
530330104011,208,ms,0.001,1.7e-05
530330104011,289,ms,0.1256,0.002196
530330104011,291,ms,0.6622,0.011579
530330104011,930,ms,0.0507,0.000886
530330104011,935,ms,1.028,0.017974
530330104011,939,ms,1.9773,0.034572
530330104011,949,ms,0.0009,1.6e-05
530330104011,972,ms,0.0168,0.000294
530330104012,103,ms,0.0009,4e-05
530330104012,105,ms,0.0003,1.3e-05
530330104012,106,ms,0.02,0.000857
530330104012,107,ms,0.0293,0.001254
530330104012,109,ms,0.0642,0.002745
530330104012,110,ms,17.8979,0.765705
530330104012,113,ms,0.0001,5e-06
530330104012,117,ms,3.6937,0.158025
530330104012,118,ms,0.0309,0.001323
530330104012,130,ms,0.7378,0.031565
530330104012,208,ms,0.0001,5e-06
530330104012,289,ms,0.0159,0.00068
530330104012,291,ms,0.297,0.012704
530330104012,930,ms,0.0096,0.000412
530330104012,935,ms,0.2277,0.009741
530330104012,939,ms,0.3467,0.014831
530330104012,949,ms,0.0001,5e-06
530330104012,972,ms,0.0021,9.1e-05
530330104013,105,ms,0.0006,1.3e-05
530330104013,107,ms,0.0583,0.001246
530330104013,109,ms,0.0245,0.000524
530330104013,110,ms,43.5997,0.932637
530330104013,113,ms,0.0002,5e-06
530330104013,117,ms,0.5499,0.011762
530330104013,118,ms,0.0004,8e-06
530330104013,130,ms,1.2803,0.027387
530330104013,208,ms,0.0002,5e-06
530330104013,291,ms,0.6573,0.01406
530330104013,930,ms,0.0093,0.000198
530330104013,935,ms,0.2827,0.006046
530330104013,939,ms,0.2852,0.006102
530330104013,949,ms,0.0002,5e-06
530330104021,107,ms,0.019,0.001254
530330104021,109,ms,0.0079,0.00052
530330104021,110,ms,14.2308,0.939449
530330104021,117,ms,0.1773,0.011708
530330104021,130,ms,0.3259,0.021514
530330104021,291,ms,0.2018,0.013321
530330104021,930,ms,0.003,0.000199
530330104021,935,ms,0.0916,0.006047
530330104021,939,ms,0.0907,0.00599
530330104022,106,ms,0.0005,5.9e-05
530330104022,107,ms,0.0098,0.001255
530330104022,109,ms,0.0053,0.000673
530330104022,110,ms,7.2409,0.927896
530330104022,117,ms,0.1703,0.02182
530330104022,118,ms,0.0007,9.1e-05
530330104022,130,ms,0.1702,0.021812
530330104022,289,ms,0.0004,4.7e-05
530330104022,291,ms,0.1032,0.013228
530330104022,930,ms,0.0017,0.000214
530330104022,935,ms,0.0492,0.006302
530330104022,939,ms,0.0515,0.006594
530330104023,107,ms,0.0184,0.001254
530330104023,109,ms,0.0076,0.00052
530330104023,110,ms,13.7995,0.939449
530330104023,117,ms,0.172,0.011708
530330104023,130,ms,0.316,0.021514
530330104023,291,ms,0.1957,0.013321
530330104023,930,ms,0.0029,0.000199
530330104023,935,ms,0.0888,0.006047
530330104023,939,ms,0.088,0.00599
530330104024,107,ms,0.0564,0.001254
530330104024,109,ms,0.0234,0.00052
530330104024,110,ms,42.2611,0.939449
530330104024,117,ms,0.5267,0.011708
530330104024,130,ms,0.9678,0.021514
530330104024,291,ms,0.5992,0.013321
530330104024,930,ms,0.009,0.000199
530330104024,935,ms,0.272,0.006047
530330104024,939,ms,0.2695,0.00599
530330105011,103,ms,0.0391,0.005536
530330105011,107,ms,6.6762,0.946281
530330105011,109,ms,0.0172,0.002438
530330105011,113,ms,0.0198,0.00281
530330105011,930,ms,0.224,0.031744
530330105011,935,ms,0.0111,0.001576
530330105011,949,ms,0.0194,0.002754
530330105011,972,ms,0.0484,0.006861
530330105012,103,ms,0.1348,0.005536
530330105012,107,ms,23.0329,0.946281
530330105012,109,ms,0.0593,0.002438
530330105012,113,ms,0.0684,0.00281
530330105012,930,ms,0.7727,0.031744
530330105012,935,ms,0.0384,0.001576
530330105012,949,ms,0.067,0.002754
530330105012,972,ms,0.167,0.006861
530330105013,103,ms,0.0937,0.005536
530330105013,107,ms,16.0229,0.946281
530330105013,109,ms,0.0413,0.002438
530330105013,113,ms,0.0476,0.00281
530330105013,930,ms,0.5375,0.031744
530330105013,935,ms,0.0267,0.001576
530330105013,949,ms,0.0466,0.002754
530330105013,972,ms,0.1162,0.006861
530330105021,103,ms,0.0394,0.005536
530330105021,107,ms,6.7416,0.946281
530330105021,109,ms,0.0174,0.002438
530330105021,113,ms,0.02,0.00281
530330105021,930,ms,0.2262,0.031744
530330105021,935,ms,0.0112,0.001576
530330105021,949,ms,0.0196,0.002754
530330105021,972,ms,0.0489,0.006861
530330105023,103,ms,0.1325,0.005536
530330105023,107,ms,22.6518,0.946281
530330105023,109,ms,0.0583,0.002438
530330105023,113,ms,0.0673,0.00281
530330105023,930,ms,0.7599,0.031744
530330105023,935,ms,0.0377,0.001576
530330105023,949,ms,0.0659,0.002754
530330105023,972,ms,0.1642,0.006861
530330105024,103,ms,0.1215,0.005536
530330105024,107,ms,20.7642,0.946281
530330105024,109,ms,0.0535,0.002438
530330105024,113,ms,0.0617,0.00281
530330105024,930,ms,0.6966,0.031744
530330105024,935,ms,0.0346,0.001576
530330105024,949,ms,0.0604,0.002754
530330105024,972,ms,0.1506,0.006861
530330106011,103,ms,0.047,0.005678
530330106011,107,ms,7.8284,0.946078
530330106011,109,ms,0.0202,0.002439
530330106011,113,ms,0.0233,0.002811
530330106011,930,ms,0.2628,0.031759
530330106011,935,ms,0.013,0.001577
530330106011,949,ms,0.0228,0.002753
530330106011,972,ms,0.057,0.006886
530330106012,103,ms,0.2726,0.005871
530330106012,104,ms,0.0004,9e-06
530330106012,107,ms,43.9131,0.945804
530330106012,109,ms,0.1133,0.00244
530330106012,113,ms,0.1306,0.002813
530330106012,130,ms,0.0004,8e-06
530330106012,291,ms,0.0011,2.4e-05
530330106012,930,ms,1.4754,0.031778
530330106012,935,ms,0.0733,0.001578
530330106012,939,ms,0.0002,5e-06
530330106012,949,ms,0.1278,0.002752
530330106012,972,ms,0.3213,0.006919
530330106013,103,ms,0.0997,0.00586
530330106013,104,ms,0.0001,8e-06
530330106013,107,ms,16.0872,0.945819
530330106013,109,ms,0.0415,0.00244
530330106013,113,ms,0.0478,0.002813
530330106013,130,ms,0.0001,8e-06
530330106013,291,ms,0.0004,2.3e-05
530330106013,930,ms,0.5405,0.031777
530330106013,935,ms,0.0268,0.001578
530330106013,949,ms,0.0468,0.002752
530330106013,972,ms,0.1177,0.006917
530330106021,103,ms,0.1695,0.005536
530330106021,107,ms,28.9656,0.946281
530330106021,109,ms,0.0746,0.002438
530330106021,113,ms,0.086,0.00281
530330106021,930,ms,0.9717,0.031744
530330106021,935,ms,0.0482,0.001576
530330106021,949,ms,0.0843,0.002754
530330106021,972,ms,0.21,0.006861
530330106022,103,ms,0.1337,0.005536
530330106022,107,ms,22.849,0.946281
530330106022,109,ms,0.0589,0.002438
530330106022,113,ms,0.0679,0.00281
530330106022,930,ms,0.7665,0.031744
530330106022,935,ms,0.0381,0.001576
530330106022,949,ms,0.0665,0.002754
530330106022,972,ms,0.1657,0.006861
530330106023,103,ms,0.1311,0.005536
530330106023,107,ms,22.4001,0.946281
530330106023,109,ms,0.0577,0.002438
530330106023,113,ms,0.0665,0.00281
530330106023,930,ms,0.7514,0.031744
530330106023,935,ms,0.0373,0.001576
530330106023,949,ms,0.0652,0.002754
530330106023,972,ms,0.1624,0.006861
530330107011,103,ms,19.0602,0.592149
530330107011,104,ms,0.4892,0.015198
530330107011,107,ms,3.5005,0.108751
530330107011,109,ms,0.2352,0.007306
530330107011,113,ms,0.2711,0.008423
530330107011,130,ms,0.4426,0.013751
530330107011,291,ms,1.3398,0.041624
530330107011,930,ms,2.9276,0.090951
530330107011,935,ms,0.152,0.004724
530330107011,939,ms,0.2711,0.008423
530330107011,972,ms,3.4989,0.108701
530330107012,103,ms,10.1184,0.592149
530330107012,104,ms,0.2597,0.015198
530330107012,107,ms,1.8583,0.108751
530330107012,109,ms,0.1248,0.007306
530330107012,113,ms,0.1439,0.008423
530330107012,130,ms,0.235,0.013751
530330107012,291,ms,0.7113,0.041624
530330107012,930,ms,1.5541,0.090951
530330107012,935,ms,0.0807,0.004724
530330107012,939,ms,0.1439,0.008423
530330107012,972,ms,1.8574,0.108701
530330107013,103,ms,5.0316,0.200981
530330107013,104,ms,0.1268,0.005064
530330107013,107,ms,16.7044,0.667236
530330107013,109,ms,0.1016,0.00406
530330107013,113,ms,0.1172,0.00468
530330107013,130,ms,0.1147,0.004581
530330107013,291,ms,0.3472,0.013868
530330107013,930,ms,1.2886,0.051471
530330107013,935,ms,0.0657,0.002625
530330107013,939,ms,0.0703,0.002806
530330107013,949,ms,0.046,0.001836
530330107013,972,ms,1.0212,0.040792
530330107021,103,ms,1.7448,0.124926
530330107021,104,ms,0.0432,0.003093
530330107021,107,ms,10.8357,0.775824
530330107021,109,ms,0.0479,0.003428
530330107021,113,ms,0.0552,0.003952
530330107021,130,ms,0.0391,0.002799
530330107021,291,ms,0.1183,0.008471
530330107021,930,ms,0.6117,0.043794
530330107021,935,ms,0.031,0.002217
530330107021,939,ms,0.0239,0.001714
530330107021,949,ms,0.0306,0.002193
530330107021,972,ms,0.3853,0.027588
530330107022,103,ms,69.5849,0.592149
530330107022,104,ms,1.7859,0.015198
530330107022,107,ms,12.7796,0.108751
530330107022,109,ms,0.8586,0.007306
530330107022,113,ms,0.9898,0.008423
530330107022,130,ms,1.6159,0.013751
530330107022,291,ms,4.8913,0.041624
530330107022,930,ms,10.6879,0.090951
530330107022,935,ms,0.5551,0.004724
530330107022,939,ms,0.9898,0.008423
530330107022,972,ms,12.7738,0.108701
530330107023,103,ms,70.1553,0.592149
530330107023,104,ms,1.8006,0.015198
530330107023,107,ms,12.8843,0.108751
530330107023,109,ms,0.8656,0.007306
530330107023,113,ms,0.9979,0.008423
530330107023,130,ms,1.6291,0.013751
530330107023,291,ms,4.9314,0.041624
530330107023,930,ms,10.7755,0.090951
530330107023,935,ms,0.5596,0.004724
530330107023,939,ms,0.9979,0.008423
530330107023,972,ms,12.8785,0.108701
530330108001,103,ms,9.5978,0.240134
530330108001,104,ms,0.2433,0.006087
530330108001,107,ms,22.0119,0.550731
530330108001,109,ms,0.1705,0.004266
530330108001,110,ms,2.388,0.059748
530330108001,113,ms,0.195,0.004879
530330108001,117,ms,0.0298,0.000745
530330108001,130,ms,0.2748,0.006876
530330108001,291,ms,0.7002,0.017518
530330108001,930,ms,2.1364,0.053452
530330108001,935,ms,0.1247,0.003121
530330108001,939,ms,0.1501,0.003755
530330108001,949,ms,0.059,0.001476
530330108001,972,ms,1.8871,0.047214
530330108002,103,ms,20.1298,0.59212
530330108002,104,ms,0.5166,0.015197
530330108002,107,ms,3.6985,0.108791
530330108002,109,ms,0.2484,0.007306
530330108002,113,ms,0.2863,0.008422
530330108002,130,ms,0.4675,0.01375
530330108002,291,ms,1.415,0.041622
530330108002,930,ms,3.0919,0.090949
530330108002,935,ms,0.1606,0.004723
530330108002,939,ms,0.2863,0.008423
530330108002,972,ms,3.6952,0.108696
530330108003,103,ms,0.3031,0.005736
530330108003,104,ms,0.0003,5e-06
530330108003,107,ms,49.9787,0.945995
530330108003,109,ms,0.1289,0.002439
530330108003,113,ms,0.1486,0.002812
530330108003,130,ms,0.0002,5e-06
530330108003,291,ms,0.0007,1.4e-05
530330108003,930,ms,1.6782,0.031765
530330108003,935,ms,0.0833,0.001577
530330108003,939,ms,0.0002,3e-06
530330108003,949,ms,0.1454,0.002753
530330108003,972,ms,0.3643,0.006896
530330109001,103,ms,0.0013,0.000142
530330109001,107,ms,0.0113,0.00128
530330109001,109,ms,0.0046,0.000521
530330109001,110,ms,8.2973,0.939223
530330109001,117,ms,0.1034,0.011705
530330109001,130,ms,0.19,0.021512
530330109001,291,ms,0.1177,0.013327
530330109001,930,ms,0.002,0.000221
530330109001,935,ms,0.0534,0.006046
530330109001,939,ms,0.0529,0.005991
530330109001,972,ms,0.0002,2.6e-05
530330109002,103,ms,0.0016,0.000312
530330109002,107,ms,0.0068,0.001311
530330109002,109,ms,0.0027,0.000523
530330109002,110,ms,4.8793,0.938953
530330109002,117,ms,0.0608,0.011701
530330109002,130,ms,0.1118,0.02151
530330109002,291,ms,0.0693,0.013335
530330109002,930,ms,0.0013,0.000247
530330109002,935,ms,0.0314,0.006046
530330109002,939,ms,0.0311,0.005991
530330109002,972,ms,0.0003,5.7e-05
530330110011,105,ms,0.0366,0.001767
530330110011,107,ms,0.0046,0.00022
530330110011,109,ms,0.0226,0.001094
530330110011,110,ms,0.7321,0.035379
530330110011,113,ms,0.0131,0.000631
530330110011,117,ms,0.3932,0.019002
530330110011,118,ms,0.0224,0.001081
530330110011,130,ms,16.5756,0.800992
530330110011,208,ms,0.0135,0.000655
530330110011,291,ms,2.3056,0.111414
530330110011,930,ms,0.0022,0.000105
530330110011,935,ms,0.1244,0.006012
530330110011,939,ms,0.4307,0.020811
530330110011,949,ms,0.0128,0.000618
530330110011,972,ms,0.0046,0.00022
530330110012,105,ms,0.0103,0.000862
530330110012,107,ms,0.0089,0.00075
530330110012,109,ms,0.0095,0.0008
530330110012,110,ms,5.9323,0.498555
530330110012,113,ms,0.0037,0.000308
530330110012,117,ms,0.1816,0.015265
530330110012,118,ms,0.0063,0.000527
530330110012,130,ms,4.7792,0.401646
530330110012,208,ms,0.0038,0.000319
530330110012,291,ms,0.7277,0.061158
530330110012,930,ms,0.0018,0.000153
530330110012,935,ms,0.0717,0.00603
530330110012,939,ms,0.1573,0.013218
530330110012,949,ms,0.0036,0.000301
530330110012,972,ms,0.0013,0.000107
530330110013,105,ms,0.0259,0.001012
530330110013,107,ms,0.0169,0.000662
530330110013,109,ms,0.0217,0.000849
530330110013,110,ms,10.7956,0.42156
530330110013,113,ms,0.0093,0.000361
530330110013,117,ms,0.4068,0.015886
530330110013,118,ms,0.0159,0.000619
530330110013,130,ms,11.9857,0.468031
530330110013,208,ms,0.0096,0.000375
530330110013,291,ms,1.7801,0.069512
530330110013,930,ms,0.0037,0.000145
530330110013,935,ms,0.1543,0.006027
530330110013,939,ms,0.3708,0.01448
530330110013,949,ms,0.0091,0.000354
530330110013,972,ms,0.0032,0.000126
530330110021,107,ms,0.0729,0.001254
530330110021,109,ms,0.0302,0.00052
530330110021,110,ms,54.6226,0.939327
530330110021,117,ms,0.6809,0.011709
530330110021,130,ms,1.2572,0.021619
530330110021,291,ms,0.7754,0.013334
530330110021,930,ms,0.0116,0.000199
530330110021,935,ms,0.3516,0.006047
530330110021,939,ms,0.3484,0.005992
530330110022,107,ms,0.0928,0.001254
530330110022,109,ms,0.0385,0.00052
530330110022,110,ms,69.5287,0.939449
530330110022,117,ms,0.8665,0.011708
530330110022,130,ms,1.5922,0.021514
530330110022,291,ms,0.9859,0.013321
530330110022,930,ms,0.0147,0.000199
530330110022,935,ms,0.4475,0.006047
530330110022,939,ms,0.4433,0.00599
530330110023,107,ms,0.176,0.001254
530330110023,109,ms,0.0729,0.00052
530330110023,110,ms,131.8062,0.939253
530330110023,117,ms,1.6432,0.011709
530330110023,130,ms,3.0428,0.021683
530330110023,291,ms,1.8723,0.013342
530330110023,930,ms,0.0279,0.000199
530330110023,935,ms,0.8485,0.006047
530330110023,939,ms,0.841,0.005993
530330111011,105,ms,0.0053,0.001767
530330111011,107,ms,0.0007,0.00022
530330111011,109,ms,0.0033,0.001094
530330111011,110,ms,0.1058,0.035379
530330111011,113,ms,0.0019,0.000631
530330111011,117,ms,0.0568,0.019002
530330111011,118,ms,0.0032,0.001081
530330111011,130,ms,2.3962,0.800992
530330111011,208,ms,0.002,0.000655
530330111011,291,ms,0.3333,0.111414
530330111011,930,ms,0.0003,0.000105
530330111011,935,ms,0.018,0.006012
530330111011,939,ms,0.0623,0.020811
530330111011,949,ms,0.0018,0.000618
530330111011,972,ms,0.0007,0.00022
530330111013,105,ms,0.0329,0.001767
530330111013,107,ms,0.0041,0.00022
530330111013,109,ms,0.0204,0.001094
530330111013,110,ms,0.6585,0.035379
530330111013,113,ms,0.0117,0.000631
530330111013,117,ms,0.3537,0.019002
530330111013,118,ms,0.0201,0.001081
530330111013,130,ms,14.9097,0.800992
530330111013,208,ms,0.0122,0.000655
530330111013,291,ms,2.0739,0.111414
530330111013,930,ms,0.002,0.000105
530330111013,935,ms,0.1119,0.006012
530330111013,939,ms,0.3874,0.020811
530330111013,949,ms,0.0115,0.000618
530330111013,972,ms,0.0041,0.00022
530330111014,105,ms,0.027,0.001767
530330111014,107,ms,0.0034,0.00022
530330111014,109,ms,0.0167,0.001094
530330111014,110,ms,0.5409,0.035379
530330111014,113,ms,0.0096,0.000631
530330111014,117,ms,0.2905,0.019002
530330111014,118,ms,0.0165,0.001081
530330111014,130,ms,12.2472,0.800992
530330111014,208,ms,0.01,0.000655
530330111014,291,ms,1.7035,0.111414
530330111014,930,ms,0.0016,0.000105
530330111014,935,ms,0.0919,0.006012
530330111014,939,ms,0.3182,0.020811
530330111014,949,ms,0.0094,0.000618
530330111014,972,ms,0.0034,0.00022
530330111021,105,ms,0.0253,0.001767
530330111021,107,ms,0.0032,0.00022
530330111021,109,ms,0.0157,0.001094
530330111021,110,ms,0.5066,0.035379
530330111021,113,ms,0.009,0.000631
530330111021,117,ms,0.2721,0.019002
530330111021,118,ms,0.0155,0.001081
530330111021,130,ms,11.4686,0.800992
530330111021,208,ms,0.0094,0.000655
530330111021,291,ms,1.5952,0.111414
530330111021,930,ms,0.0015,0.000105
530330111021,935,ms,0.0861,0.006012
530330111021,939,ms,0.298,0.020811
530330111021,949,ms,0.0088,0.000618
530330111021,972,ms,0.0031,0.00022
530330111022,105,ms,0.0537,0.001767
530330111022,107,ms,0.0067,0.00022
530330111022,109,ms,0.0333,0.001094
530330111022,110,ms,1.0754,0.035379
530330111022,113,ms,0.0192,0.000631
530330111022,117,ms,0.5776,0.019002
530330111022,118,ms,0.0329,0.001081
530330111022,130,ms,24.347,0.800992
530330111022,208,ms,0.0199,0.000655
530330111022,291,ms,3.3865,0.111414
530330111022,930,ms,0.0032,0.000105
530330111022,935,ms,0.1827,0.006012
530330111022,939,ms,0.6326,0.020811
530330111022,949,ms,0.0188,0.000618
530330111022,972,ms,0.0067,0.00022
530330111023,105,ms,0.0501,0.001767
530330111023,107,ms,0.0062,0.00022
530330111023,109,ms,0.031,0.001094
530330111023,110,ms,1.0037,0.035379
530330111023,113,ms,0.0179,0.000631
530330111023,117,ms,0.5391,0.019002
530330111023,118,ms,0.0307,0.001081
530330111023,130,ms,22.7238,0.800992
530330111023,208,ms,0.0186,0.000655
530330111023,291,ms,3.1608,0.111414
530330111023,930,ms,0.003,0.000105
530330111023,935,ms,0.1706,0.006012
530330111023,939,ms,0.5904,0.020811
530330111023,949,ms,0.0175,0.000618
530330111023,972,ms,0.0062,0.00022
530330111024,105,ms,0.0246,0.001767
530330111024,107,ms,0.0031,0.00022
530330111024,109,ms,0.0152,0.001094
530330111024,110,ms,0.4929,0.035379
530330111024,113,ms,0.0088,0.000631
530330111024,117,ms,0.2647,0.019002
530330111024,118,ms,0.0151,0.001081
530330111024,130,ms,11.159,0.800992
530330111024,208,ms,0.0091,0.000655
530330111024,291,ms,1.5522,0.111414
530330111024,930,ms,0.0015,0.000105
530330111024,935,ms,0.0838,0.006012
530330111024,939,ms,0.2899,0.020811
530330111024,949,ms,0.0086,0.000618
530330111024,972,ms,0.0031,0.00022
530330112001,103,ms,51.335,0.592149
530330112001,104,ms,1.3175,0.015198
530330112001,107,ms,9.4279,0.108751
530330112001,109,ms,0.6334,0.007306
530330112001,113,ms,0.7302,0.008423
530330112001,130,ms,1.1921,0.013751
530330112001,291,ms,3.6085,0.041624
530330112001,930,ms,7.8848,0.090951
530330112001,935,ms,0.4095,0.004724
530330112001,939,ms,0.7302,0.008423
530330112001,972,ms,9.4236,0.108701
530330112003,103,ms,17.8556,0.592149
530330112003,104,ms,0.4583,0.015198
530330112003,107,ms,3.2793,0.108751
530330112003,109,ms,0.2203,0.007306
530330112003,113,ms,0.254,0.008423
530330112003,130,ms,0.4146,0.013751
530330112003,291,ms,1.2551,0.041624
530330112003,930,ms,2.7425,0.090951
530330112003,935,ms,0.1424,0.004724
530330112003,939,ms,0.254,0.008423
530330112003,972,ms,3.2778,0.108701
530330113001,103,ms,12.0118,0.592149
530330113001,104,ms,0.3083,0.015198
530330113001,107,ms,2.206,0.108751
530330113001,109,ms,0.1482,0.007306
530330113001,113,ms,0.1709,0.008423
530330113001,130,ms,0.2789,0.013751
530330113001,291,ms,0.8443,0.041624
530330113001,930,ms,1.845,0.090951
530330113001,935,ms,0.0958,0.004724
530330113001,939,ms,0.1709,0.008423
530330113001,972,ms,2.205,0.108701
530330113002,103,ms,32.5961,0.592149
530330113002,104,ms,0.8366,0.015198
530330113002,107,ms,5.9864,0.108751
530330113002,109,ms,0.4022,0.007306
530330113002,113,ms,0.4636,0.008423
530330113002,130,ms,0.7569,0.013751
530330113002,291,ms,2.2913,0.041624
530330113002,930,ms,5.0066,0.090951
530330113002,935,ms,0.26,0.004724
530330113002,939,ms,0.4637,0.008423
530330113002,972,ms,5.9837,0.108701
530330113003,103,ms,4.1902,0.592149
530330113003,104,ms,0.1075,0.015198
530330113003,107,ms,0.7695,0.108751
530330113003,109,ms,0.0517,0.007306
530330113003,113,ms,0.0596,0.008423
530330113003,130,ms,0.0973,0.013751
530330113003,291,ms,0.2945,0.041624
530330113003,930,ms,0.6436,0.090951
530330113003,935,ms,0.0334,0.004724
530330113003,939,ms,0.0596,0.008423
530330113003,972,ms,0.7692,0.108701
530330113004,103,ms,21.5094,0.592149
530330113004,104,ms,0.5521,0.015198
530330113004,107,ms,3.9503,0.108751
530330113004,109,ms,0.2654,0.007306
530330113004,113,ms,0.306,0.008423
530330113004,130,ms,0.4995,0.013751
530330113004,291,ms,1.512,0.041624
530330113004,930,ms,3.3038,0.090951
530330113004,935,ms,0.1716,0.004724
530330113004,939,ms,0.306,0.008423
530330113004,972,ms,3.9485,0.108701
530330113005,103,ms,8.3803,0.592149
530330113005,104,ms,0.2151,0.015198
530330113005,107,ms,1.5391,0.108751
530330113005,109,ms,0.1034,0.007306
530330113005,113,ms,0.1192,0.008423
530330113005,130,ms,0.1946,0.013751
530330113005,291,ms,0.5891,0.041624
530330113005,930,ms,1.2872,0.090951
530330113005,935,ms,0.0669,0.004724
530330113005,939,ms,0.1192,0.008423
530330113005,972,ms,1.5384,0.108701
530330114011,103,ms,6.462,0.592149
530330114011,104,ms,0.1659,0.015198
530330114011,107,ms,1.1868,0.108751
530330114011,109,ms,0.0797,0.007306
530330114011,113,ms,0.0919,0.008423
530330114011,130,ms,0.1501,0.013751
530330114011,291,ms,0.4542,0.041624
530330114011,930,ms,0.9925,0.090951
530330114011,935,ms,0.0515,0.004724
530330114011,939,ms,0.0919,0.008423
530330114011,972,ms,1.1862,0.108701
530330114012,103,ms,17.5397,0.592149
530330114012,104,ms,0.4502,0.015198
530330114012,107,ms,3.2212,0.108751
530330114012,109,ms,0.2164,0.007306
530330114012,113,ms,0.2495,0.008423
530330114012,130,ms,0.4073,0.013751
530330114012,291,ms,1.2329,0.041624
530330114012,930,ms,2.694,0.090951
530330114012,935,ms,0.1399,0.004724
530330114012,939,ms,0.2495,0.008423
530330114012,972,ms,3.2198,0.108701
530330114013,103,ms,48.0034,0.592149
530330114013,104,ms,1.232,0.015198
530330114013,107,ms,8.816,0.108751
530330114013,109,ms,0.5923,0.007306
530330114013,113,ms,0.6828,0.008423
530330114013,130,ms,1.1147,0.013751
530330114013,291,ms,3.3743,0.041624
530330114013,930,ms,7.3731,0.090951
530330114013,935,ms,0.3829,0.004724
530330114013,939,ms,0.6828,0.008423
530330114013,972,ms,8.812,0.108701
530330114021,103,ms,20.0014,0.592149
530330114021,104,ms,0.5133,0.015198
530330114021,107,ms,3.6733,0.108751
530330114021,109,ms,0.2468,0.007306
530330114021,113,ms,0.2845,0.008423
530330114021,130,ms,0.4645,0.013751
530330114021,291,ms,1.406,0.041624
530330114021,930,ms,3.0721,0.090951
530330114021,935,ms,0.1596,0.004724
530330114021,939,ms,0.2845,0.008423
530330114021,972,ms,3.6717,0.108701
530330114022,103,ms,31.9683,0.592149
530330114022,104,ms,0.8205,0.015198
530330114022,107,ms,5.8711,0.108751
530330114022,109,ms,0.3944,0.007306
530330114022,113,ms,0.4547,0.008423
530330114022,130,ms,0.7424,0.013751
530330114022,291,ms,2.2472,0.041624
530330114022,930,ms,4.9102,0.090951
530330114022,935,ms,0.255,0.004724
530330114022,939,ms,0.4547,0.008423
530330114022,972,ms,5.8684,0.108701
530330114023,103,ms,6.4543,0.592149
530330114023,104,ms,0.1657,0.015198
530330114023,107,ms,1.1854,0.108751
530330114023,109,ms,0.0796,0.007306
530330114023,113,ms,0.0918,0.008423
530330114023,130,ms,0.1499,0.013751
530330114023,291,ms,0.4537,0.041624
530330114023,930,ms,0.9914,0.090951
530330114023,935,ms,0.0515,0.004724
530330114023,939,ms,0.0918,0.008423
530330114023,972,ms,1.1848,0.108701
530330115001,103,ms,40.0972,0.592149
530330115001,104,ms,1.0291,0.015198
530330115001,107,ms,7.364,0.108751
530330115001,109,ms,0.4947,0.007306
530330115001,113,ms,0.5703,0.008423
530330115001,130,ms,0.9311,0.013751
530330115001,291,ms,2.8186,0.041624
530330115001,930,ms,6.1588,0.090951
530330115001,935,ms,0.3199,0.004724
530330115001,939,ms,0.5704,0.008423
530330115001,972,ms,7.3607,0.108701
530330115002,103,ms,9.5885,0.592149
530330115002,104,ms,0.2461,0.015198
530330115002,107,ms,1.761,0.108751
530330115002,109,ms,0.1183,0.007306
530330115002,113,ms,0.1364,0.008423
530330115002,130,ms,0.2227,0.013751
530330115002,291,ms,0.674,0.041624
530330115002,930,ms,1.4727,0.090951
530330115002,935,ms,0.0765,0.004724
530330115002,939,ms,0.1364,0.008423
530330115002,972,ms,1.7602,0.108701
530330115003,103,ms,7.6423,0.134264
530330115003,104,ms,0.1898,0.003335
530330115003,107,ms,43.4007,0.762491
530330115003,109,ms,0.1996,0.003506
530330115003,113,ms,0.2301,0.004042
530330115003,130,ms,0.1718,0.003018
530330115003,291,ms,0.5199,0.009134
530330115003,930,ms,2.5464,0.044737
530330115003,935,ms,0.129,0.002267
530330115003,939,ms,0.1052,0.001848
530330115003,949,ms,0.1223,0.002149
530330115003,972,ms,1.6626,0.029209
530330116011,103,ms,10.8485,0.348995
530330116011,104,ms,0.2766,0.008898
530330116011,107,ms,14.172,0.45591
530330116011,109,ms,0.1644,0.005288
530330116011,113,ms,0.1895,0.006096
530330116011,130,ms,0.2503,0.008051
530330116011,291,ms,0.7576,0.024371
530330116011,930,ms,2.0643,0.06641
530330116011,935,ms,0.1063,0.003419
530330116011,939,ms,0.1533,0.004932
530330116011,949,ms,0.0355,0.001141
530330116011,972,ms,2.0668,0.066488
530330116012,103,ms,18.3572,0.592149
530330116012,104,ms,0.4711,0.015198
530330116012,107,ms,3.3714,0.108751
530330116012,109,ms,0.2265,0.007306
530330116012,113,ms,0.2611,0.008423
530330116012,130,ms,0.4263,0.013751
530330116012,291,ms,1.2904,0.041624
530330116012,930,ms,2.8196,0.090951
530330116012,935,ms,0.1464,0.004724
530330116012,939,ms,0.2611,0.008423
530330116012,972,ms,3.3698,0.108701
530330116021,103,ms,0.2694,0.005536
530330116021,107,ms,46.0509,0.946281
530330116021,109,ms,0.1186,0.002438
530330116021,113,ms,0.1368,0.00281
530330116021,930,ms,1.5449,0.031744
530330116021,935,ms,0.0767,0.001576
530330116021,949,ms,0.134,0.002754
530330116021,972,ms,0.3339,0.006861
530330116022,103,ms,0.3648,0.00588
530330116022,104,ms,0.0006,9e-06
530330116022,107,ms,58.6845,0.945791
530330116022,109,ms,0.1514,0.00244
530330116022,113,ms,0.1746,0.002813
530330116022,130,ms,0.0005,8e-06
530330116022,291,ms,0.0015,2.4e-05
530330116022,930,ms,1.9718,0.031779
530330116022,935,ms,0.0979,0.001578
530330116022,939,ms,0.0003,5e-06
530330116022,949,ms,0.1708,0.002752
530330116022,972,ms,0.4294,0.006921
530330116023,103,ms,0.4361,0.044901
530330116023,104,ms,0.0099,0.00102
530330116023,107,ms,8.6442,0.890079
530330116023,109,ms,0.0268,0.002764
530330116023,113,ms,0.0309,0.003187
530330116023,130,ms,0.009,0.000923
530330116023,291,ms,0.0271,0.002793
530330116023,930,ms,0.3469,0.035718
530330116023,935,ms,0.0174,0.001787
530330116023,939,ms,0.0055,0.000565
530330116023,949,ms,0.0249,0.002569
530330116023,972,ms,0.133,0.013695
530330117001,105,ms,0.0268,0.001767
530330117001,107,ms,0.0033,0.00022
530330117001,109,ms,0.0166,0.001094
530330117001,110,ms,0.5357,0.035379
530330117001,113,ms,0.0095,0.000631
530330117001,117,ms,0.2877,0.019002
530330117001,118,ms,0.0164,0.001081
530330117001,130,ms,12.129,0.800992
530330117001,208,ms,0.0099,0.000655
530330117001,291,ms,1.6871,0.111414
530330117001,930,ms,0.0016,0.000105
530330117001,935,ms,0.091,0.006012
530330117001,939,ms,0.3151,0.020811
530330117001,949,ms,0.0094,0.000618
530330117001,972,ms,0.0033,0.00022
530330117002,105,ms,0.0005,1.2e-05
530330117002,107,ms,0.0573,0.001247
530330117002,109,ms,0.024,0.000523
530330117002,110,ms,42.8613,0.933429
530330117002,113,ms,0.0002,4e-06
530330117002,117,ms,0.5398,0.011756
530330117002,118,ms,0.0003,7e-06
530330117002,130,ms,1.2262,0.026704
530330117002,208,ms,0.0002,4e-06
530330117002,291,ms,0.6416,0.013974
530330117002,930,ms,0.0091,0.000198
530330117002,935,ms,0.2776,0.006046
530330117002,939,ms,0.2796,0.006089
530330117002,949,ms,0.0002,4e-06
530330117003,105,ms,0.0588,0.001493
530330117003,107,ms,0.015,0.00038
530330117003,109,ms,0.0396,0.001005
530330117003,110,ms,6.915,0.17564
530330117003,113,ms,0.021,0.000533
530330117003,117,ms,0.7036,0.017871
530330117003,118,ms,0.036,0.000913
530330117003,130,ms,26.7743,0.68006
530330117003,208,ms,0.0218,0.000553
530330117003,291,ms,3.7872,0.096195
530330117003,930,ms,0.0047,0.000119
530330117003,935,ms,0.2369,0.006018
530330117003,939,ms,0.7288,0.018512
530330117003,949,ms,0.0206,0.000522
530330117003,972,ms,0.0073,0.000186
530330117004,105,ms,0.0372,0.001637
530330117004,107,ms,0.0067,0.000296
530330117004,109,ms,0.0239,0.001052
530330117004,110,ms,2.3074,0.101586
530330117004,113,ms,0.0133,0.000584
530330117004,117,ms,0.4195,0.018468
530330117004,118,ms,0.0228,0.001002
530330117004,130,ms,16.8969,0.743909
530330117004,208,ms,0.0138,0.000607
530330117004,291,ms,2.3675,0.10423
530330117004,930,ms,0.0025,0.000112
530330117004,935,ms,0.1366,0.006015
530330117004,939,ms,0.448,0.019726
530330117004,949,ms,0.013,0.000573
530330117004,972,ms,0.0046,0.000204
530330118011,105,ms,0.0515,0.001767
530330118011,107,ms,0.0064,0.00022
530330118011,109,ms,0.0319,0.001094
530330118011,110,ms,1.0315,0.035379
530330118011,113,ms,0.0184,0.000631
530330118011,117,ms,0.554,0.019002
530330118011,118,ms,0.0315,0.001081
530330118011,130,ms,23.353,0.800992
530330118011,208,ms,0.0191,0.000655
530330118011,291,ms,3.2483,0.111414
530330118011,930,ms,0.0031,0.000105
530330118011,935,ms,0.1753,0.006012
530330118011,939,ms,0.6068,0.020811
530330118011,949,ms,0.018,0.000618
530330118011,972,ms,0.0064,0.00022
530330118012,105,ms,0.0533,0.001767
530330118012,107,ms,0.0066,0.00022
530330118012,109,ms,0.033,0.001094
530330118012,110,ms,1.0663,0.035379
530330118012,113,ms,0.019,0.000631
530330118012,117,ms,0.5727,0.019002
530330118012,118,ms,0.0326,0.001081
530330118012,130,ms,24.142,0.800992
530330118012,208,ms,0.0197,0.000655
530330118012,291,ms,3.358,0.111414
530330118012,930,ms,0.0032,0.000105
530330118012,935,ms,0.1812,0.006012
530330118012,939,ms,0.6273,0.020811
530330118012,949,ms,0.0186,0.000618
530330118012,972,ms,0.0066,0.00022
530330118013,105,ms,0.0698,0.001767
530330118013,107,ms,0.0087,0.00022
530330118013,109,ms,0.0432,0.001094
530330118013,110,ms,1.3972,0.035379
530330118013,113,ms,0.0249,0.000631
530330118013,117,ms,0.7505,0.019002
530330118013,118,ms,0.0427,0.001081
530330118013,130,ms,31.6343,0.800992
530330118013,208,ms,0.0259,0.000655
530330118013,291,ms,4.4002,0.111414
530330118013,930,ms,0.0041,0.000105
530330118013,935,ms,0.2374,0.006012
530330118013,939,ms,0.8219,0.020811
530330118013,949,ms,0.0244,0.000618
530330118013,972,ms,0.0087,0.00022
530330118021,105,ms,0.0395,0.001767
530330118021,107,ms,0.0049,0.00022
530330118021,109,ms,0.0244,0.001094
530330118021,110,ms,0.7905,0.035379
530330118021,113,ms,0.0141,0.000631
530330118021,117,ms,0.4246,0.019002
530330118021,118,ms,0.0242,0.001081
530330118021,130,ms,17.8984,0.800992
530330118021,208,ms,0.0146,0.000655
530330118021,291,ms,2.4896,0.111414
530330118021,930,ms,0.0023,0.000105
530330118021,935,ms,0.1343,0.006012
530330118021,939,ms,0.465,0.020811
530330118021,949,ms,0.0138,0.000618
530330118021,972,ms,0.0049,0.00022
530330118022,105,ms,0.0452,0.001767
530330118022,107,ms,0.0056,0.00022
530330118022,109,ms,0.028,0.001094
530330118022,110,ms,0.9053,0.035379
530330118022,113,ms,0.0161,0.000631
530330118022,117,ms,0.4862,0.019002
530330118022,118,ms,0.0277,0.001081
530330118022,130,ms,20.4962,0.800992
530330118022,208,ms,0.0168,0.000655
530330118022,291,ms,2.8509,0.111414
530330118022,930,ms,0.0027,0.000105
530330118022,935,ms,0.1538,0.006012
530330118022,939,ms,0.5325,0.020811
530330118022,949,ms,0.0158,0.000618
530330118022,972,ms,0.0056,0.00022
530330118023,105,ms,0.2093,0.001767
530330118023,107,ms,0.0261,0.00022
530330118023,109,ms,0.1296,0.001094
530330118023,110,ms,4.1917,0.035379
530330118023,113,ms,0.0747,0.000631
530330118023,117,ms,2.2514,0.019002
530330118023,118,ms,0.1281,0.001081
530330118023,130,ms,94.903,0.800992
530330118023,208,ms,0.0776,0.000655
530330118023,291,ms,13.2005,0.111414
530330118023,930,ms,0.0124,0.000105
530330118023,935,ms,0.7123,0.006012
530330118023,939,ms,2.4658,0.020811
530330118023,949,ms,0.0732,0.000618
530330118023,972,ms,0.0261,0.00022
530330119011,105,ms,0.0193,0.001767
530330119011,107,ms,0.0024,0.00022
530330119011,109,ms,0.0119,0.001094
530330119011,110,ms,0.3861,0.035379
530330119011,113,ms,0.0069,0.000631
530330119011,117,ms,0.2074,0.019002
530330119011,118,ms,0.0118,0.001081
530330119011,130,ms,8.7411,0.800992
530330119011,208,ms,0.0071,0.000655
530330119011,291,ms,1.2158,0.111414
530330119011,930,ms,0.0011,0.000105
530330119011,935,ms,0.0656,0.006012
530330119011,939,ms,0.2271,0.020811
530330119011,949,ms,0.0067,0.000618
530330119011,972,ms,0.0024,0.00022
530330119012,105,ms,0.0771,0.001767
530330119012,107,ms,0.0096,0.00022
530330119012,109,ms,0.0477,0.001094
530330119012,110,ms,1.544,0.035379
530330119012,113,ms,0.0275,0.000631
530330119012,117,ms,0.8293,0.019002
530330119012,118,ms,0.0472,0.001081
530330119012,130,ms,34.9576,0.800992
530330119012,208,ms,0.0286,0.000655
530330119012,291,ms,4.8624,0.111414
530330119012,930,ms,0.0046,0.000105
530330119012,935,ms,0.2624,0.006012
530330119012,939,ms,0.9083,0.020811
530330119012,949,ms,0.027,0.000618
530330119012,972,ms,0.0096,0.00022
530330119013,105,ms,0.0192,0.001767
530330119013,107,ms,0.0024,0.00022
530330119013,109,ms,0.0119,0.001094
530330119013,110,ms,0.3836,0.035379
530330119013,113,ms,0.0068,0.000631
530330119013,117,ms,0.206,0.019002
530330119013,118,ms,0.0117,0.001081
530330119013,130,ms,8.6852,0.800992
530330119013,208,ms,0.0071,0.000655
530330119013,291,ms,1.2081,0.111414
530330119013,930,ms,0.0011,0.000105
530330119013,935,ms,0.0652,0.006012
530330119013,939,ms,0.2257,0.020811
530330119013,949,ms,0.0067,0.000618
530330119013,972,ms,0.0024,0.00022
530330119021,105,ms,0.078,0.001767
530330119021,107,ms,0.0097,0.00022
530330119021,109,ms,0.0483,0.001094
530330119021,110,ms,1.5627,0.035379
530330119021,113,ms,0.0279,0.000631
530330119021,117,ms,0.8394,0.019002
530330119021,118,ms,0.0477,0.001081
530330119021,130,ms,35.3805,0.800992
530330119021,208,ms,0.0289,0.000655
530330119021,291,ms,4.9212,0.111414
530330119021,930,ms,0.0046,0.000105
530330119021,935,ms,0.2656,0.006012
530330119021,939,ms,0.9193,0.020811
530330119021,949,ms,0.0273,0.000618
530330119021,972,ms,0.0097,0.00022
530330119022,105,ms,0.0054,0.001767
530330119022,107,ms,0.0007,0.00022
530330119022,109,ms,0.0033,0.001094
530330119022,110,ms,0.1074,0.035379
530330119022,113,ms,0.0019,0.000631
530330119022,117,ms,0.0577,0.019002
530330119022,118,ms,0.0033,0.001081
530330119022,130,ms,2.4316,0.800992
530330119022,208,ms,0.002,0.000655
530330119022,291,ms,0.3382,0.111414
530330119022,930,ms,0.0003,0.000105
530330119022,935,ms,0.0183,0.006012
530330119022,939,ms,0.0632,0.020811
530330119022,949,ms,0.0019,0.000618
530330119022,972,ms,0.0007,0.00022
530330119023,105,ms,0.0155,0.001767
530330119023,107,ms,0.0019,0.00022
530330119023,109,ms,0.0096,0.001094
530330119023,110,ms,0.3101,0.035379
530330119023,113,ms,0.0055,0.000631
530330119023,117,ms,0.1665,0.019002
530330119023,118,ms,0.0095,0.001081
530330119023,130,ms,7.0204,0.800992
530330119023,208,ms,0.0057,0.000655
530330119023,291,ms,0.9765,0.111414
530330119023,930,ms,0.0009,0.000105
530330119023,935,ms,0.0527,0.006012
530330119023,939,ms,0.1824,0.020811
530330119023,949,ms,0.0054,0.000618
530330119023,972,ms,0.0019,0.00022
530330120001,103,ms,28.0453,0.592149
530330120001,104,ms,0.7198,0.015198
530330120001,107,ms,5.1506,0.108751
530330120001,109,ms,0.346,0.007306
530330120001,113,ms,0.3989,0.008423
530330120001,130,ms,0.6513,0.013751
530330120001,291,ms,1.9714,0.041624
530330120001,930,ms,4.3076,0.090951
530330120001,935,ms,0.2237,0.004724
530330120001,939,ms,0.3989,0.008423
530330120001,972,ms,5.1483,0.108701
530330120002,103,ms,24.1959,0.592149
530330120002,104,ms,0.621,0.015198
530330120002,107,ms,4.4437,0.108751
530330120002,109,ms,0.2985,0.007306
530330120002,113,ms,0.3442,0.008423
530330120002,130,ms,0.5619,0.013751
530330120002,291,ms,1.7008,0.041624
530330120002,930,ms,3.7164,0.090951
530330120002,935,ms,0.193,0.004724
530330120002,939,ms,0.3442,0.008423
530330120002,972,ms,4.4417,0.108701
530330120003,103,ms,23.0961,0.592149
530330120003,104,ms,0.5928,0.015198
530330120003,107,ms,4.2417,0.108751
530330120003,109,ms,0.285,0.007306
530330120003,113,ms,0.3285,0.008423
530330120003,130,ms,0.5363,0.013751
530330120003,291,ms,1.6235,0.041624
530330120003,930,ms,3.5475,0.090951
530330120003,935,ms,0.1842,0.004724
530330120003,939,ms,0.3285,0.008423
530330120003,972,ms,4.2398,0.108701
530330121001,103,ms,7.5133,0.592149
530330121001,104,ms,0.1928,0.015198
530330121001,107,ms,1.3799,0.108751
530330121001,109,ms,0.0927,0.007306
530330121001,113,ms,0.1069,0.008423
530330121001,130,ms,0.1745,0.013751
530330121001,291,ms,0.5281,0.041624
530330121001,930,ms,1.154,0.090951
530330121001,935,ms,0.0599,0.004724
530330121001,939,ms,0.1069,0.008423
530330121001,972,ms,1.3792,0.108701
530330121002,103,ms,17.8723,0.592149
530330121002,104,ms,0.4587,0.015198
530330121002,107,ms,3.2823,0.108751
530330121002,109,ms,0.2205,0.007306
530330121002,113,ms,0.2542,0.008423
530330121002,130,ms,0.415,0.013751
530330121002,291,ms,1.2563,0.041624
530330121002,930,ms,2.7451,0.090951
530330121002,935,ms,0.1426,0.004724
530330121002,939,ms,0.2542,0.008423
530330121002,972,ms,3.2808,0.108701
530330209003,105,ms,0.0005,0.050194
530330209003,113,ms,0.0072,0.702261
530330209003,208,ms,0.0012,0.119041
530330209003,292,ms,0.0007,0.06652
530330209003,949,ms,0.0003,0.026917
530330210001,106,ms,0.0005,0.789855
530330210001,292,ms,0.0001,0.158709
530330210002,104,ms,0.0003,0.00862
530330210002,105,ms,0.0018,0.050194
530330210002,106,ms,0.0002,0.005334
530330210002,113,ms,0.0257,0.702261
530330210002,115,ms,0.0003,0.008651
530330210002,118,ms,0.0001,0.004095
530330210002,208,ms,0.0044,0.119041
530330210002,292,ms,0.0024,0.06652
530330210002,935,ms,0.0001,0.003349
530330210002,949,ms,0.001,0.026917
530330210002,955,ms,0.0002,0.004772
530330211002,104,ms,0.0002,0.004504
530330211002,105,ms,0.0009,0.024478
530330211002,106,ms,0.0296,0.803768
530330211002,292,ms,0.0059,0.160344
530330211003,105,ms,0.0002,0.024478
530330211003,106,ms,0.008,0.803768
530330211003,292,ms,0.0016,0.160344
530330213002,105,ms,0.0005,0.024478
530330213002,106,ms,0.017,0.803768
530330213002,292,ms,0.0034,0.160344
530330253023,130,ms,0.0001,0.800992
530330260011,110,ms,0.0003,0.035379
530330260011,117,ms,0.0001,0.019002
530330260011,130,ms,0.0062,0.800992
530330260011,291,ms,0.0009,0.111414
530330260011,939,ms,0.0002,0.020811
530330261011,130,ms,0.0001,0.800992
530330263001,103,ms,0.0002,0.000218
530330263001,105,ms,0.0006,0.000604
530330263001,107,ms,0.0009,0.00094
530330263001,109,ms,0.0007,0.000718
530330263001,110,ms,0.5989,0.630283
530330263001,113,ms,0.0002,0.000219
530330263001,117,ms,0.0135,0.014195
530330263001,118,ms,0.0004,0.000369
530330263001,130,ms,0.2734,0.287771
530330263001,208,ms,0.0002,0.000224
530330263001,291,ms,0.0445,0.046838
530330263001,930,ms,0.0002,0.0002
530330263001,935,ms,0.0057,0.006034
530330263001,939,ms,0.0105,0.011054
530330263001,949,ms,0.0002,0.000211
530330263001,972,ms,0.0001,0.000115
530330264001,103,ms,7.2419,0.440408
530330264001,104,ms,0.1859,0.011303
530330264001,107,ms,1.3353,0.081204
530330264001,109,ms,0.0915,0.005567
530330264001,110,ms,3.9586,0.240738
530330264001,113,ms,0.103,0.006264
530330264001,117,ms,0.0493,0.003
530330264001,130,ms,0.2588,0.01574
530330264001,291,ms,0.5652,0.034371
530330264001,930,ms,1.1132,0.067696
530330264001,935,ms,0.0832,0.005063
530330264001,939,ms,0.1283,0.0078
530330264001,972,ms,1.3294,0.080846
530330264003,103,ms,34.0586,0.592149
530330264003,104,ms,0.8741,0.015198
530330264003,107,ms,6.255,0.108751
530330264003,109,ms,0.4202,0.007306
530330264003,113,ms,0.4845,0.008423
530330264003,130,ms,0.7909,0.013751
530330264003,291,ms,2.3941,0.041624
530330264003,930,ms,5.2313,0.090951
530330264003,935,ms,0.2717,0.004724
530330264003,939,ms,0.4845,0.008423
530330264003,972,ms,6.2522,0.108701
530330264004,103,ms,3.0818,0.592149
530330264004,104,ms,0.0791,0.015198
530330264004,107,ms,0.566,0.108751
530330264004,109,ms,0.038,0.007306
530330264004,113,ms,0.0438,0.008423
530330264004,130,ms,0.0716,0.013751
530330264004,291,ms,0.2166,0.041624
530330264004,930,ms,0.4734,0.090951
530330264004,935,ms,0.0246,0.004724
530330264004,939,ms,0.0438,0.008423
530330264004,972,ms,0.5657,0.108701
530330265001,103,ms,2.5378,0.592149
530330265001,104,ms,0.0651,0.015198
530330265001,107,ms,0.4661,0.108751
530330265001,109,ms,0.0313,0.007306
530330265001,113,ms,0.0361,0.008423
530330265001,130,ms,0.0589,0.013751
530330265001,291,ms,0.1784,0.041624
530330265001,930,ms,0.3898,0.090951
530330265001,935,ms,0.0202,0.004724
530330265001,939,ms,0.0361,0.008423
530330265001,972,ms,0.4659,0.108701
530330265002,103,ms,0.0298,0.592149
530330265002,104,ms,0.0008,0.015198
530330265002,107,ms,0.0055,0.108751
530330265002,109,ms,0.0004,0.007306
530330265002,113,ms,0.0004,0.008423
530330265002,130,ms,0.0007,0.013751
530330265002,291,ms,0.0021,0.041624
530330265002,930,ms,0.0046,0.090951
530330265002,935,ms,0.0002,0.004724
530330265002,939,ms,0.0004,0.008423
530330265002,972,ms,0.0055,0.108701
530330266001,103,ms,0.0038,0.592149
530330266001,107,ms,0.0007,0.108751
530330266001,291,ms,0.0003,0.041624
530330266001,930,ms,0.0006,0.090951
530330266001,972,ms,0.0007,0.108701
530330266002,103,ms,0.1328,0.592149
530330266002,104,ms,0.0034,0.015198
530330266002,107,ms,0.0244,0.108751
530330266002,109,ms,0.0016,0.007306
530330266002,113,ms,0.0019,0.008423
530330266002,130,ms,0.0031,0.013751
530330266002,291,ms,0.0093,0.041624
530330266002,930,ms,0.0204,0.090951
530330266002,935,ms,0.0011,0.004724
530330266002,939,ms,0.0019,0.008423
530330266002,972,ms,0.0244,0.108701
530330267004,103,ms,0.1937,0.592149
530330267004,104,ms,0.005,0.015198
530330267004,107,ms,0.0356,0.108751
530330267004,109,ms,0.0024,0.007306
530330267004,113,ms,0.0028,0.008423
530330267004,130,ms,0.0045,0.013751
530330267004,291,ms,0.0136,0.041624
530330267004,930,ms,0.0298,0.090951
530330267004,935,ms,0.0015,0.004724
530330267004,939,ms,0.0028,0.008423
530330267004,972,ms,0.0356,0.108701
