draw,school_id,program,base_eligible,base_riders,scen_eligible,scen_riders,base_dist_mean,scen_dist_mean
0,103,basic,276.05,247.241,314.824,281.833,1.654,1.656
0,104,basic,134.143,56.917,147.682,64.079,2.33,2.222
0,105,basic,442.21,217.439,316.488,151.718,2.323,2.476
0,105,gifted,178.326,163.838,0.0,0.0,,
0,106,basic,459.741,286.163,341.076,214.455,1.811,1.734
0,106,gifted,116.637,107.16,0.0,0.0,,
0,107,basic,510.193,264.259,531.588,274.258,2.483,2.507
0,109,basic,145.653,101.179,149.848,104.172,2.073,2.068
0,110,basic,401.941,214.953,415.928,222.135,2.123,2.131
0,113,basic,395.266,250.836,318.059,201.477,2.318,2.32
0,113,gifted,135.408,124.407,0.0,0.0,,
0,115,basic,145.982,88.047,171.774,103.451,1.732,1.741
0,117,basic,252.432,160.006,228.451,146.902,2.318,2.232
0,117,gifted,89.139,81.897,0.0,0.0,,
0,118,basic,268.46,145.473,440.377,239.257,2.15,2.135
0,130,basic,674.712,403.882,718.398,428.58,1.73,1.749
0,201,basic,73.657,48.158,98.428,62.523,1.071,1.238
0,202,basic,170.243,87.912,182.391,90.834,1.706,1.911
0,203,basic,267.342,182.229,291.446,196.249,1.336,1.409
0,204,basic,178.428,125.642,185.889,105.18,1.415,2.813
0,208,basic,212.874,172.612,0.0,0.0,1.26,
0,209,basic,155.802,53.274,177.311,60.533,0.789,0.798
0,210,basic,192.177,80.179,0.0,0.0,1.379,
0,211,basic,71.541,44.573,103.252,62.505,1.11,1.278
0,212,gifted,205.947,189.215,0.0,0.0,,
0,215,basic,115.777,67.204,131.387,76.151,0.877,0.891
0,218,basic,152.456,92.207,171.431,103.299,0.767,0.788
0,220,basic,87.059,70.947,0.0,0.0,1.379,
0,221,basic,165.022,107.966,242.287,140.675,1.024,1.636
0,222,basic,137.878,79.689,164.25,94.895,2.135,2.162
0,225,basic,78.806,39.162,84.39,41.638,1.248,1.29
0,226,basic,249.525,156.352,299.131,186.167,1.291,1.359
0,229,basic,250.822,202.196,0.0,0.0,1.143,
0,230,basic,105.291,69.894,138.521,87.896,1.062,1.346
0,233,basic,280.933,170.468,389.887,233.881,0.828,0.896
0,234,basic,80.297,64.463,0.0,0.0,1.19,
0,235,basic,78.099,48.89,110.988,68.752,1.16,1.231
0,236,basic,55.993,48.833,81.54,71.826,1.106,1.055
0,239,basic,279.063,161.595,286.094,165.493,1.744,1.751
0,241,basic,385.319,129.961,621.126,207.453,1.922,1.983
0,242,basic,155.706,105.865,0.0,0.0,1.232,
0,243,basic,213.989,111.045,306.08,158.065,0.987,1.019
0,244,basic,38.044,35.496,60.104,56.551,1.133,1.091
0,245,basic,320.496,271.868,390.023,330.639,1.23,1.24
0,246,basic,232.05,118.137,334.127,166.594,1.21,1.337
0,247,basic,369.289,122.682,669.63,216.302,1.623,1.782
0,248,basic,148.604,93.277,0.0,0.0,0.887,
0,249,basic,29.416,22.018,34.091,25.686,0.887,0.853
0,250,basic,82.786,60.661,148.053,109.685,0.959,0.892
0,251,basic,134.686,63.415,160.081,73.357,1.382,1.542
0,252,basic,244.661,168.068,271.68,180.146,1.456,1.654
0,255,basic,85.625,55.842,123.705,79.704,0.851,0.926
0,257,basic,119.073,100.408,176.784,146.426,1.056,1.168
0,259,basic,158.922,116.309,0.0,0.0,1.278,
0,261,basic,167.25,152.297,223.51,198.972,1.049,1.183
0,262,basic,189.128,141.837,161.794,119.33,1.09,1.187
0,264,basic,81.92,36.07,0.0,0.0,0.942,
0,266,basic,105.509,81.741,136.272,105.973,0.915,0.891
0,267,basic,122.534,105.731,148.082,127.779,1.037,1.037
0,268,basic,106.98,101.631,116.761,110.923,1.071,1.085
0,269,basic,100.892,94.489,126.388,118.167,1.052,1.099
0,270,basic,165.122,111.634,172.205,115.549,1.539,1.58
0,272,basic,42.053,39.616,0.0,0.0,1.044,
0,275,basic,92.98,87.229,126.48,117.47,1.155,1.298
0,276,basic,150.921,71.656,123.188,58.251,1.143,1.167
0,277,basic,121.988,78.322,139.956,89.66,1.017,1.03
0,279,basic,96.358,41.594,121.661,51.924,0.998,1.065
0,281,basic,67.976,45.088,76.802,50.393,0.807,0.865
0,282,basic,76.178,56.495,85.85,62.356,0.891,1.006
0,286,basic,182.019,108.736,230.315,128.062,2.011,2.484
0,287,gifted,190.0,174.563,0.0,0.0,,
0,288,basic,180.469,154.063,211.873,182.518,1.42,1.412
0,289,basic,155.366,137.255,0.0,0.0,1.396,
0,291,basic,377.892,259.505,566.397,400.051,2.369,2.122
0,292,basic,563.868,326.591,798.239,450.533,1.518,1.678
0,930,basic,399.332,361.278,500.411,454.782,2.363,2.267
0,935,basic,438.408,309.445,713.688,491.299,1.862,1.911
0,939,basic,221.311,107.979,0.0,0.0,1.749,
0,949,basic,375.32,319.028,629.642,519.553,1.519,1.687
0,955,basic,43.342,41.175,0.0,0.0,2.779,
0,971,basic,0.0,0.0,588.945,258.288,,1.139
0,971,gifted,516.372,474.419,0.0,0.0,,
0,972,basic,263.633,195.326,0.0,0.0,1.874,
0,974,basic,87.725,79.411,205.302,182.571,1.249,1.288
0,977,basic,238.172,177.386,421.938,308.753,1.321,1.436
1,103,basic,278.781,253.82,318.013,289.384,1.669,1.672
1,104,basic,119.165,52.796,131.854,59.643,2.33,2.233
1,105,basic,439.227,228.288,314.906,159.561,2.255,2.403
1,105,gifted,180.724,165.693,0.0,0.0,,
1,106,basic,460.069,297.645,341.9,223.452,1.805,1.73
1,106,gifted,116.319,106.645,0.0,0.0,,
1,107,basic,524.79,281.763,546.974,292.475,2.542,2.567
1,109,basic,158.26,113.957,163.151,117.487,2.073,2.072
1,110,basic,400.823,220.418,414.796,227.851,2.093,2.1
1,113,basic,394.108,259.216,316.779,207.793,2.332,2.341
1,113,gifted,136.316,124.979,0.0,0.0,,
1,115,basic,148.205,93.816,174.82,110.469,1.721,1.731
1,117,basic,260.201,168.911,234.681,154.875,2.344,2.248
1,117,gifted,89.697,82.237,0.0,0.0,,
1,118,basic,267.166,152.469,437.012,250.067,2.093,2.078
1,130,basic,662.075,410.975,704.836,436.33,1.69,1.704
1,201,basic,80.781,52.081,107.889,67.476,1.065,1.238
1,202,basic,169.896,87.373,181.849,90.231,1.643,1.84
1,203,basic,266.384,179.726,290.184,193.333,1.295,1.369
1,204,basic,176.111,121.962,186.797,103.192,1.418,2.841
1,208,basic,207.905,166.611,0.0,0.0,1.277,
1,209,basic,144.056,48.654,162.229,54.697,0.783,0.792
1,210,basic,193.148,78.172,0.0,0.0,1.402,
1,211,basic,78.268,48.275,112.526,67.413,1.104,1.271
1,212,gifted,206.118,188.975,0.0,0.0,,
1,215,basic,119.43,67.251,135.868,76.31,0.903,0.923
1,218,basic,155.638,92.786,175.331,104.087,0.768,0.792
1,220,basic,87.328,69.418,0.0,0.0,1.388,
1,221,basic,162.3,102.591,238.761,133.454,0.999,1.612
1,222,basic,145.167,82.187,172.062,97.309,2.142,2.173
1,225,basic,89.683,44.16,95.698,46.817,1.222,1.259
1,226,basic,259.935,155.649,309.247,183.71,1.317,1.389
1,229,basic,249.216,197.07,0.0,0.0,1.137,
1,230,basic,98.015,64.578,133.012,83.47,1.047,1.345
1,233,basic,278.514,165.781,387.151,227.817,0.841,0.907
1,234,basic,73.659,58.364,0.0,0.0,1.17,
1,235,basic,77.329,46.621,110.695,66.013,1.214,1.287
1,236,basic,51.134,43.518,73.016,62.719,1.069,1.018
1,239,basic,270.296,155.656,277.235,159.493,1.689,1.695
1,241,basic,385.606,127.997,622.189,204.315,1.914,1.981
1,242,basic,154.476,103.304,0.0,0.0,1.234,
1,243,basic,212.687,108.865,303.05,154.363,0.98,1.011
1,244,basic,36.578,34.033,58.097,54.586,1.158,1.111
1,245,basic,317.485,260.386,387.822,317.474,1.225,1.241
1,246,basic,228.878,115.522,328.896,162.271,1.188,1.321
1,247,basic,366.785,120.032,666.016,211.638,1.616,1.78
1,248,basic,146.462,91.125,0.0,0.0,0.888,
1,249,basic,31.524,23.165,36.581,27.046,0.881,0.85
1,250,basic,89.164,64.532,155.892,114.082,0.967,0.901
1,251,basic,135.579,61.152,161.256,70.755,1.438,1.599
1,252,basic,235.609,156.613,262.36,168.134,1.46,1.66
1,255,basic,87.661,56.797,126.143,80.715,0.834,0.91
1,257,basic,122.431,100.254,180.134,144.947,1.059,1.165
1,259,basic,163.064,117.418,0.0,0.0,1.307,
1,261,basic,167.88,149.854,228.177,198.126,1.095,1.247
1,262,basic,190.389,140.065,163.037,117.645,1.079,1.19
1,264,basic,80.871,34.478,0.0,0.0,0.939,
1,266,basic,104.789,78.803,135.096,101.995,0.906,0.881
1,267,basic,123.442,103.868,149.599,125.88,1.034,1.033
1,268,basic,113.502,107.827,124.115,117.909,1.073,1.088
1,269,basic,102.508,95.727,128.46,119.626,1.012,1.06
1,270,basic,148.362,100.491,155.018,104.216,1.46,1.499
1,272,basic,38.326,36.067,0.0,0.0,1.061,
1,275,basic,95.384,88.651,130.749,119.982,1.176,1.32
1,276,basic,156.125,72.254,127.217,58.525,1.128,1.163
1,277,basic,125.35,79.702,143.794,91.213,1.007,1.02
1,279,basic,102.613,43.519,130.197,54.538,1.011,1.082
1,281,basic,73.145,48.142,82.535,53.749,0.804,0.86
1,282,basic,74.294,54.82,83.65,60.444,0.871,0.984
1,286,basic,179.998,102.798,228.761,120.988,2.034,2.529
1,287,gifted,190.0,174.198,0.0,0.0,,
1,288,basic,177.951,150.001,209.123,177.135,1.39,1.399
1,289,basic,154.215,139.672,0.0,0.0,1.387,
1,291,basic,369.22,254.156,556.742,389.452,2.263,2.055
1,292,basic,566.141,329.361,801.771,453.773,1.536,1.703
1,930,basic,399.391,360.643,500.421,453.852,2.369,2.273
1,935,basic,438.336,310.173,713.602,489.241,1.869,1.911
1,939,basic,219.387,106.38,0.0,0.0,1.756,
1,949,basic,378.848,323.079,635.997,527.992,1.571,1.723
1,955,basic,45.24,42.978,0.0,0.0,2.793,
1,971,basic,0.0,0.0,587.143,253.639,,1.141
1,971,gifted,515.66,472.773,0.0,0.0,,
1,972,basic,262.547,194.816,0.0,0.0,1.876,
1,974,basic,87.316,79.097,206.956,184.793,1.212,1.238
1,977,basic,240.741,177.322,427.217,308.883,1.322,1.441
2,103,basic,266.55,224.115,303.863,255.448,1.602,1.602
2,104,basic,149.079,53.72,168.288,62.042,2.49,2.398
2,105,basic,459.071,201.548,331.562,140.651,2.22,2.376
2,105,gifted,183.658,168.591,0.0,0.0,,
2,106,basic,439.569,249.182,328.053,189.162,1.754,1.664
2,106,gifted,114.966,105.535,0.0,0.0,,
2,107,basic,515.674,234.989,536.44,243.362,2.434,2.456
2,109,basic,149.458,91.329,154.096,94.159,2.131,2.131
2,110,basic,390.673,188.905,404.396,195.307,2.081,2.086
2,113,basic,390.01,215.476,321.251,176.685,2.356,2.373
2,113,gifted,132.414,121.551,0.0,0.0,,
2,115,basic,142.825,77.534,169.525,91.708,1.738,1.754
2,117,basic,262.674,147.653,236.017,135.619,2.312,2.211
2,117,gifted,89.972,82.591,0.0,0.0,,
2,118,basic,260.867,126.363,426.845,207.558,2.101,2.084
2,130,basic,663.761,367.934,706.517,390.369,1.656,1.67
2,201,basic,73.37,52.159,99.256,67.783,0.956,1.129
2,202,basic,163.684,89.262,176.22,91.608,1.57,1.77
2,203,basic,266.774,190.571,291.169,204.442,1.334,1.412
2,204,basic,177.484,128.725,191.329,103.094,1.461,2.958
2,208,basic,206.423,171.629,0.0,0.0,1.195,
2,209,basic,143.363,53.636,160.247,59.858,0.777,0.784
2,210,basic,193.317,85.052,0.0,0.0,1.396,
2,211,basic,74.139,48.937,113.127,71.668,1.116,1.301
2,212,gifted,206.143,189.231,0.0,0.0,,
2,215,basic,115.509,72.081,131.616,81.867,0.923,0.942
2,218,basic,162.251,106.396,182.45,119.017,0.768,0.79
2,220,basic,86.862,71.39,0.0,0.0,1.382,
2,221,basic,161.816,117.16,238.146,149.912,0.931,1.463
2,222,basic,148.366,88.225,176.021,103.377,2.015,2.081
2,225,basic,84.8,44.765,90.709,47.489,1.218,1.254
2,226,basic,249.842,169.109,299.433,200.308,1.243,1.322
2,229,basic,247.219,211.526,0.0,0.0,1.137,
2,230,basic,115.959,81.989,149.73,99.839,1.041,1.32
2,233,basic,284.293,186.761,393.64,255.256,0.831,0.889
2,234,basic,75.449,63.669,0.0,0.0,1.189,
2,235,basic,81.226,53.065,116.168,74.846,1.246,1.32
2,236,basic,52.195,46.129,74.516,66.624,1.083,1.03
2,239,basic,270.826,164.015,277.974,168.197,1.659,1.663
2,241,basic,385.577,134.586,622.761,213.807,1.87,1.949
2,242,basic,162.996,117.762,0.0,0.0,1.219,
2,243,basic,215.503,120.068,306.387,169.627,0.983,1.014
2,244,basic,37.974,35.244,60.816,57.061,1.144,1.111
2,245,basic,321.148,284.172,391.184,346.479,1.232,1.244
2,246,basic,223.928,123.156,323.859,172.826,1.114,1.247
2,247,basic,364.476,127.825,663.865,224.456,1.55,1.705
2,248,basic,150.196,101.156,0.0,0.0,0.894,
2,249,basic,33.385,27.208,38.411,31.534,0.859,0.831
2,250,basic,81.728,63.907,148.707,118.02,0.96,0.892
2,251,basic,127.097,63.892,151.807,73.739,1.348,1.5
2,252,basic,238.028,174.128,264.333,185.443,1.376,1.549
2,255,basic,88.546,62.199,126.604,87.65,0.839,0.908
2,257,basic,126.577,112.436,188.365,164.19,1.076,1.185
2,259,basic,157.361,122.347,0.0,0.0,1.21,
2,261,basic,177.76,162.337,239.983,213.404,1.084,1.234
2,262,basic,190.617,153.451,162.754,128.031,1.065,1.166
2,264,basic,79.585,38.646,0.0,0.0,0.902,
2,266,basic,102.782,85.808,131.92,110.706,0.938,0.913
2,267,basic,123.424,113.531,150.276,138.269,1.038,1.039
2,268,basic,111.509,105.933,121.795,115.705,1.067,1.082
2,269,basic,103.221,96.789,129.399,121.128,1.05,1.1
2,270,basic,151.656,107.926,158.495,111.761,1.428,1.464
2,272,basic,44.651,41.972,0.0,0.0,1.044,
2,275,basic,94.16,88.446,128.853,119.745,1.165,1.314
2,276,basic,157.853,81.153,127.816,65.246,1.112,1.144
2,277,basic,130.237,89.47,149.325,102.297,0.998,1.01
2,279,basic,104.877,48.71,132.721,60.699,0.995,1.062
2,281,basic,65.741,46.739,75.2,52.568,0.826,0.893
2,282,basic,78.18,61.644,88.207,67.631,0.908,1.022
2,286,basic,176.411,114.137,224.976,132.015,1.756,2.221
2,287,gifted,190.0,174.413,0.0,0.0,,
2,288,basic,184.366,161.924,215.014,190.026,1.348,1.358
2,289,basic,156.435,130.295,0.0,0.0,1.348,
2,291,basic,375.318,255.907,564.696,404.436,2.186,1.961
2,292,basic,559.236,322.406,793.951,442.729,1.473,1.633
2,930,basic,398.977,346.833,500.028,437.831,2.334,2.248
2,935,basic,437.802,300.029,713.092,484.155,1.791,1.85
2,939,basic,219.338,108.409,0.0,0.0,1.646,
2,949,basic,377.361,305.954,636.203,500.412,1.553,1.705
2,955,basic,45.939,43.642,0.0,0.0,2.771,
2,971,basic,0.0,0.0,588.38,276.014,,1.122
2,971,gifted,515.913,473.589,0.0,0.0,,
2,972,basic,262.172,186.439,0.0,0.0,1.874,
2,974,basic,85.335,77.601,203.251,181.52,1.199,1.213
2,977,basic,239.505,187.286,425.948,325.086,1.303,1.425
3,103,basic,258.558,215.204,294.813,245.294,1.637,1.639
3,104,basic,135.931,54.539,149.507,61.562,2.407,2.285
3,105,basic,422.593,196.945,306.069,138.67,2.241,2.402
3,105,gifted,176.201,162.147,0.0,0.0,,
3,106,basic,463.523,268.891,345.17,202.507,1.826,1.747
3,106,gifted,117.115,107.774,0.0,0.0,,
3,107,basic,518.371,249.387,539.948,258.701,2.511,2.536
3,109,basic,150.586,96.517,154.978,99.304,2.102,2.103
3,110,basic,401.104,206.45,415.086,213.474,2.135,2.139
3,113,basic,393.777,227.748,319.347,184.012,2.34,2.354
3,113,gifted,135.559,124.747,0.0,0.0,,
3,115,basic,145.069,81.488,171.244,96.009,1.729,1.74
3,117,basic,258.483,152.963,231.044,139.603,2.345,2.226
3,117,gifted,89.857,82.689,0.0,0.0,,
3,118,basic,250.662,127.377,412.376,210.034,2.152,2.139
3,130,basic,655.237,381.136,697.319,404.659,1.691,1.703
3,201,basic,76.847,52.335,102.825,67.893,1.045,1.216
3,202,basic,167.816,92.886,179.773,95.882,1.609,1.806
3,203,basic,258.571,181.937,282.244,196.014,1.312,1.387
3,204,basic,176.563,127.387,186.482,105.885,1.41,2.881
3,208,basic,209.711,169.228,0.0,0.0,1.234,
3,209,basic,143.526,56.732,161.204,63.642,0.764,0.771
3,210,basic,192.204,89.392,0.0,0.0,1.378,
3,211,basic,79.586,51.375,121.173,75.57,1.137,1.332
3,212,gifted,205.804,189.389,0.0,0.0,,
3,215,basic,114.816,73.462,130.371,83.297,0.89,0.903
3,218,basic,151.728,97.562,170.481,109.234,0.767,0.787
3,220,basic,87.515,71.538,0.0,0.0,1.421,
3,221,basic,164.679,116.764,242.725,151.859,1.036,1.649
3,222,basic,144.372,86.531,170.596,102.163,2.044,2.072
3,225,basic,86.699,46.212,92.876,49.146,1.259,1.299
3,226,basic,251.689,170.816,302.005,204.32,1.334,1.384
3,229,basic,259.236,212.596,0.0,0.0,1.158,
3,230,basic,118.379,81.375,147.006,96.398,1.031,1.311
3,233,basic,283.85,183.841,394.192,252.199,0.835,0.904
3,234,basic,73.402,58.996,0.0,0.0,1.277,
3,235,basic,78.213,52.047,112.839,74.271,1.218,1.29
3,236,basic,50.008,44.177,70.313,62.744,1.104,1.051
3,239,basic,269.874,162.605,276.946,166.683,1.723,1.729
3,241,basic,384.985,143.778,620.028,229.317,1.945,2.003
3,242,basic,164.009,116.534,0.0,0.0,1.224,
3,243,basic,217.53,121.308,310.047,172.05,0.991,1.021
3,244,basic,35.705,33.142,56.341,52.895,1.127,1.082
3,245,basic,316.945,277.784,386.657,339.003,1.244,1.254
3,246,basic,237.57,129.994,339.018,181.22,1.189,1.323
3,247,basic,376.481,140.301,681.006,246.907,1.626,1.774
3,248,basic,142.766,94.346,0.0,0.0,0.871,
3,249,basic,27.883,21.82,31.901,25.169,0.926,0.885
3,250,basic,81.199,60.885,147.131,111.503,0.951,0.89
3,251,basic,128.422,66.884,153.404,77.636,1.399,1.56
3,252,basic,231.772,166.388,258.105,178.592,1.419,1.614
3,255,basic,87.477,59.699,125.108,84.457,0.829,0.894
3,257,basic,121.836,104.939,180.1,152.441,1.076,1.182
3,259,basic,165.806,121.523,0.0,0.0,1.333,
3,261,basic,163.69,149.402,220.44,196.848,1.063,1.193
3,262,basic,186.554,145.261,159.536,122.12,1.077,1.172
3,264,basic,75.929,38.437,0.0,0.0,0.936,
3,266,basic,105.003,85.786,135.341,111.029,0.901,0.876
3,267,basic,114.533,103.062,138.882,124.985,1.025,1.025
3,268,basic,107.955,102.557,118.034,112.132,1.071,1.085
3,269,basic,107.946,101.004,134.92,126.016,1.075,1.124
3,270,basic,160.811,110.854,167.965,114.857,1.482,1.524
3,272,basic,42.641,40.093,0.0,0.0,1.021,
3,275,basic,93.79,87.613,128.778,118.89,1.181,1.333
3,276,basic,151.302,79.8,121.953,64.06,1.151,1.173
3,277,basic,125.053,83.166,143.644,95.307,1.022,1.035
3,279,basic,104.717,50.052,132.133,62.476,0.994,1.054
3,281,basic,71.352,49.127,81.339,55.254,0.816,0.885
3,282,basic,81.336,61.136,91.688,67.311,0.908,1.032
3,286,basic,179.204,114.569,227.253,134.961,1.971,2.433
3,287,gifted,190.0,174.845,0.0,0.0,,
3,288,basic,184.821,158.652,214.612,186.407,1.376,1.353
3,289,basic,159.18,127.588,0.0,0.0,1.382,
3,291,basic,375.098,255.518,563.841,401.101,2.268,2.024
3,292,basic,566.037,329.765,800.164,453.749,1.502,1.665
3,930,basic,399.128,344.488,500.164,435.377,2.332,2.241
3,935,basic,437.369,297.057,712.494,479.527,1.827,1.883
3,939,basic,220.421,113.639,0.0,0.0,1.705,
3,949,basic,376.022,296.188,635.219,486.428,1.558,1.724
3,955,basic,45.902,43.607,0.0,0.0,2.801,
3,971,basic,0.0,0.0,579.669,279.723,,1.118
3,971,gifted,514.986,473.909,0.0,0.0,,
3,972,basic,263.045,187.124,0.0,0.0,1.856,
3,974,basic,84.971,75.75,199.773,175.092,1.267,1.305
3,977,basic,237.542,179.439,420.906,312.008,1.299,1.417
4,103,basic,257.817,230.31,293.962,262.514,1.642,1.643
4,104,basic,124.861,51.066,139.057,58.167,2.39,2.292
4,105,basic,470.596,225.081,340.905,158.521,2.287,2.438
4,105,gifted,184.702,169.194,0.0,0.0,,
4,106,basic,461.369,287.69,345.504,218.784,1.746,1.652
4,106,gifted,116.848,107.037,0.0,0.0,,
4,107,basic,507.966,254.679,529.276,264.274,2.514,2.537
4,109,basic,157.01,107.657,161.627,110.871,2.118,2.116
4,110,basic,375.937,201.687,389.59,208.736,2.105,2.112
4,113,basic,384.032,235.99,312.685,191.446,2.342,2.355
4,113,gifted,133.25,122.062,0.0,0.0,,
4,115,basic,135.763,80.613,160.937,95.299,1.716,1.731
4,117,basic,261.883,166.142,237.553,153.213,2.297,2.209
4,117,gifted,89.455,81.944,0.0,0.0,,
4,118,basic,256.611,136.037,421.276,223.915,2.158,2.144
4,130,basic,663.861,401.8,707.127,426.412,1.745,1.763
4,201,basic,73.919,49.337,99.209,63.975,0.991,1.165
4,202,basic,166.1,87.009,178.546,89.566,1.618,1.832
4,203,basic,269.683,184.612,294.044,198.479,1.329,1.404
4,204,basic,176.4,124.008,188.226,103.036,1.448,2.894
4,208,basic,202.375,166.894,0.0,0.0,1.255,
4,209,basic,154.096,54.389,176.023,61.992,0.78,0.791
4,210,basic,192.111,81.563,0.0,0.0,1.411,
4,211,basic,84.503,52.824,123.65,74.783,1.117,1.29
4,212,gifted,205.703,188.431,0.0,0.0,,
4,215,basic,119.274,72.471,135.996,82.312,0.912,0.936
4,218,basic,155.048,95.753,173.748,106.881,0.754,0.774
4,220,basic,88.194,72.24,0.0,0.0,1.394,
4,221,basic,164.919,114.101,240.934,147.113,0.988,1.551
4,222,basic,143.755,83.961,170.161,98.691,2.019,2.071
4,225,basic,81.908,41.252,87.63,43.852,1.231,1.264
4,226,basic,251.017,166.465,301.451,197.938,1.257,1.334
4,229,basic,258.048,210.685,0.0,0.0,1.149,
4,230,basic,109.786,73.516,141.195,89.73,1.021,1.31
4,233,basic,279.815,174.248,388.086,238.718,0.819,0.883
4,234,basic,80.658,65.206,0.0,0.0,1.211,
4,235,basic,84.632,54.291,120.391,76.33,1.206,1.279
4,236,basic,49.644,43.922,70.039,62.656,1.065,1.011
4,239,basic,263.046,153.875,269.746,157.671,1.669,1.674
4,241,basic,382.249,129.5,617.325,206.355,1.906,1.982
4,242,basic,154.009,107.101,0.0,0.0,1.21,
4,243,basic,218.608,115.06,310.413,162.495,0.979,1.01
4,244,basic,36.59,34.076,58.99,55.431,1.118,1.089
4,245,basic,314.531,275.817,384.514,336.954,1.229,1.244
4,246,basic,229.657,117.664,330.537,165.471,1.224,1.348
4,247,basic,374.317,126.297,679.334,222.369,1.577,1.729
4,248,basic,143.91,91.634,0.0,0.0,0.882,
4,249,basic,30.075,23.462,35.015,27.469,0.863,0.838
4,250,basic,83.599,61.436,150.512,112.005,0.965,0.898
4,251,basic,140.142,68.088,165.989,78.326,1.386,1.538
4,252,basic,243.349,168.576,270.207,180.259,1.469,1.656
4,255,basic,85.537,56.644,123.732,80.755,0.821,0.902
4,257,basic,123.23,105.438,184.34,154.743,1.084,1.194
4,259,basic,158.588,114.504,0.0,0.0,1.328,
4,261,basic,171.731,155.899,233.818,206.739,1.106,1.256
4,262,basic,184.621,141.461,158.745,119.196,1.082,1.187
4,264,basic,82.162,38.299,0.0,0.0,0.938,
4,266,basic,100.603,80.919,129.325,104.507,0.902,0.876
4,267,basic,115.695,104.153,140.659,126.657,1.028,1.028
4,268,basic,107.293,101.928,117.316,111.45,1.08,1.094
4,269,basic,100.393,94.143,126.083,118.008,1.036,1.088
4,270,basic,149.938,101.514,156.573,105.251,1.46,1.494
4,272,basic,41.642,39.177,0.0,0.0,1.033,
4,275,basic,95.783,89.746,129.08,119.612,1.143,1.287
4,276,basic,154.436,76.176,125.279,61.373,1.125,1.16
4,277,basic,120.22,77.564,137.749,88.647,1.004,1.018
4,279,basic,105.757,46.47,133.606,57.901,1.006,1.078
4,281,basic,67.923,45.346,77.312,50.904,0.82,0.886
4,282,basic,75.505,55.634,85.794,61.601,0.925,1.052
4,286,basic,176.115,111.116,224.172,130.18,1.867,2.338
4,287,gifted,190.0,174.047,0.0,0.0,,
4,288,basic,187.82,162.523,219.661,190.93,1.341,1.355
4,289,basic,159.84,137.43,0.0,0.0,1.38,
4,291,basic,375.954,260.364,564.341,403.003,2.288,2.059
4,292,basic,564.199,327.884,798.404,450.591,1.477,1.639
4,930,basic,398.668,353.713,499.713,445.822,2.314,2.226
4,935,basic,438.365,303.619,713.625,483.055,1.836,1.889
4,939,basic,221.484,109.787,0.0,0.0,1.734,
4,949,basic,378.266,311.327,635.237,508.039,1.587,1.735
4,955,basic,45.902,43.607,0.0,0.0,2.824,
4,971,basic,0.0,0.0,591.978,263.713,,1.127
4,971,gifted,516.12,472.785,0.0,0.0,,
4,972,basic,259.561,189.98,0.0,0.0,1.842,
4,974,basic,89.108,79.876,209.63,185.067,1.246,1.262
4,977,basic,231.031,172.174,414.557,302.187,1.308,1.437
5,103,basic,265.542,234.526,302.883,267.31,1.639,1.642
5,104,basic,129.283,58.111,147.286,66.918,2.216,2.174
5,105,basic,440.0,220.881,318.014,155.05,2.311,2.481
5,105,gifted,179.201,164.822,0.0,0.0,,
5,106,basic,450.162,288.36,335.636,218.026,1.725,1.633
5,106,gifted,116.611,107.254,0.0,0.0,,
5,107,basic,517.458,270.375,538.814,280.466,2.479,2.502
5,109,basic,154.383,106.092,158.739,109.079,2.111,2.111
5,110,basic,398.12,221.607,412.07,229.099,2.12,2.127
5,113,basic,389.444,246.896,317.806,201.114,2.309,2.315
5,113,gifted,134.0,123.248,0.0,0.0,,
5,115,basic,134.982,82.299,159.915,97.256,1.719,1.734
5,117,basic,259.602,165.639,235.301,152.451,2.33,2.241
5,117,gifted,89.617,82.426,0.0,0.0,,
5,118,basic,267.512,147.884,440.931,244.005,2.119,2.113
5,130,basic,652.912,403.305,695.221,428.23,1.719,1.734
5,201,basic,75.441,48.4,103.18,63.964,1.157,1.351
5,202,basic,166.726,87.131,178.856,89.936,1.667,1.877
5,203,basic,250.297,170.184,273.293,183.541,1.278,1.35
5,204,basic,166.571,114.521,182.388,99.782,1.432,2.855
5,208,basic,210.443,169.852,0.0,0.0,1.258,
5,209,basic,146.709,54.579,164.768,61.204,0.774,0.782
5,210,basic,192.775,84.449,0.0,0.0,1.424,
5,211,basic,79.317,49.344,117.257,70.628,1.111,1.295
5,212,gifted,205.809,189.294,0.0,0.0,,
5,215,basic,113.589,68.032,129.24,77.146,0.871,0.892
5,218,basic,163.186,100.079,182.561,111.528,0.777,0.799
5,220,basic,88.228,70.783,0.0,0.0,1.328,
5,221,basic,159.731,107.426,236.642,141.086,1.014,1.612
5,222,basic,148.396,86.912,175.464,102.391,1.961,1.999
5,225,basic,84.575,42.888,90.66,45.669,1.272,1.31
5,226,basic,249.457,161.628,299.603,192.077,1.259,1.343
5,229,basic,249.209,196.465,0.0,0.0,1.142,
5,230,basic,117.457,77.989,146.445,92.74,1.011,1.295
5,233,basic,285.638,175.966,395.69,241.021,0.838,0.902
5,234,basic,72.436,56.476,0.0,0.0,1.191,
5,235,basic,80.632,51.01,114.707,71.873,1.174,1.24
5,236,basic,53.096,46.317,75.747,66.742,1.065,1.014
5,239,basic,268.759,155.398,275.791,159.243,1.706,1.714
5,241,basic,382.932,137.68,618.413,219.509,1.867,1.945
5,242,basic,152.599,103.061,0.0,0.0,1.221,
5,243,basic,212.857,113.706,303.068,161.092,0.984,1.015
5,244,basic,37.798,35.199,60.476,56.801,1.087,1.072
5,245,basic,319.077,267.749,388.375,325.151,1.212,1.231
5,246,basic,234.824,121.901,337.449,171.457,1.215,1.341
5,247,basic,363.983,130.288,662.404,230.373,1.558,1.715
5,248,basic,144.171,90.596,0.0,0.0,0.887,
5,249,basic,33.304,24.931,39.041,29.346,0.848,0.828
5,250,basic,86.613,62.354,154.968,112.894,0.966,0.897
5,251,basic,126.132,62.541,150.736,72.687,1.366,1.525
5,252,basic,245.689,169.327,272.71,181.423,1.438,1.629
5,255,basic,89.01,58.093,127.969,82.438,0.839,0.917
5,257,basic,115.73,96.074,174.373,142.045,1.063,1.178
5,259,basic,161.818,115.396,0.0,0.0,1.28,
5,261,basic,176.269,156.414,239.985,206.454,1.107,1.272
5,262,basic,184.691,137.56,157.536,115.397,1.064,1.157
5,264,basic,78.532,37.032,0.0,0.0,0.948,
5,266,basic,104.253,80.966,134.183,104.642,0.907,0.881
5,267,basic,117.013,99.258,141.484,120.014,1.015,1.015
5,268,basic,107.869,102.476,117.776,111.888,1.066,1.08
5,269,basic,107.463,99.727,134.725,124.537,1.048,1.102
5,270,basic,153.511,101.589,160.299,105.343,1.517,1.554
5,272,basic,42.261,39.646,0.0,0.0,1.069,
5,275,basic,96.237,89.349,131.247,120.198,1.167,1.314
5,276,basic,149.592,74.536,120.79,59.975,1.153,1.172
5,277,basic,131.017,84.086,150.097,96.115,1.011,1.023
5,279,basic,108.073,49.057,136.29,61.092,1.0,1.071
5,281,basic,67.735,44.616,77.092,50.124,0.826,0.893
5,282,basic,75.604,54.896,85.028,60.403,0.899,1.016
5,286,basic,174.869,108.917,222.722,128.211,1.819,2.3
5,287,gifted,190.0,174.754,0.0,0.0,,
5,288,basic,184.708,157.072,216.067,184.1,1.324,1.341
5,289,basic,155.095,132.651,0.0,0.0,1.364,
5,291,basic,375.031,260.895,563.746,400.677,2.244,2.04
5,292,basic,560.112,329.928,793.289,454.748,1.487,1.648
5,930,basic,399.197,348.508,500.284,440.292,2.316,2.219
5,935,basic,437.518,303.316,712.807,481.866,1.86,1.911
5,939,basic,219.575,110.849,0.0,0.0,1.734,
5,949,basic,377.814,308.655,639.228,505.197,1.541,1.715
5,955,basic,46.478,44.154,0.0,0.0,2.743,
5,971,basic,0.0,0.0,586.027,269.458,,1.119
5,971,gifted,515.03,473.703,0.0,0.0,,
5,972,basic,262.073,192.106,0.0,0.0,1.831,
5,974,basic,84.627,74.748,198.376,173.427,1.22,1.236
5,977,basic,241.649,174.793,429.979,304.959,1.322,1.446
6,103,basic,273.977,250.775,312.425,285.87,1.623,1.624
6,104,basic,124.832,49.624,138.579,56.219,2.323,2.236
6,105,basic,462.876,219.367,328.972,151.359,2.301,2.459
6,105,gifted,184.097,169.017,0.0,0.0,,
6,106,basic,448.04,278.106,332.8,209.66,1.757,1.663
6,106,gifted,114.67,105.276,0.0,0.0,,
6,107,basic,519.293,259.619,540.501,269.114,2.462,2.485
6,109,basic,150.896,103.735,155.776,107.168,2.108,2.105
6,110,basic,393.012,203.674,406.533,210.414,2.104,2.111
6,113,basic,386.451,241.929,314.572,195.942,2.355,2.376
6,113,gifted,133.087,122.185,0.0,0.0,,
6,115,basic,141.746,84.063,167.993,99.341,1.728,1.743
6,117,basic,258.946,162.169,233.926,149.024,2.306,2.215
6,117,gifted,89.713,82.364,0.0,0.0,,
6,118,basic,265.594,140.559,431.986,229.699,2.101,2.077
6,130,basic,664.664,389.025,707.826,412.839,1.699,1.716
6,201,basic,76.139,50.617,102.589,65.807,1.021,1.202
6,202,basic,167.632,84.531,180.014,87.081,1.67,1.878
6,203,basic,263.919,183.691,287.654,197.537,1.288,1.36
6,204,basic,178.142,127.837,188.016,104.774,1.383,2.833
6,208,basic,199.385,166.918,0.0,0.0,1.274,
6,209,basic,153.011,47.67,173.896,54.083,0.781,0.79
6,210,basic,193.709,75.498,0.0,0.0,1.409,
6,211,basic,68.374,42.615,99.785,60.246,1.105,1.27
6,212,gifted,205.798,188.94,0.0,0.0,,
6,215,basic,118.708,66.283,135.12,75.205,0.915,0.936
6,218,basic,152.825,91.867,171.019,102.407,0.761,0.781
6,220,basic,86.573,72.653,0.0,0.0,1.342,
6,221,basic,163.015,107.28,237.454,138.48,0.982,1.523
6,222,basic,142.636,82.575,169.434,97.414,2.09,2.142
6,225,basic,85.663,41.136,91.679,43.727,1.239,1.274
6,226,basic,255.767,159.43,306.414,188.852,1.264,1.347
6,229,basic,253.197,211.342,0.0,0.0,1.14,
6,230,basic,108.672,73.212,141.348,90.277,1.039,1.335
6,233,basic,280.297,168.072,389.731,230.671,0.841,0.909
6,234,basic,77.746,64.708,0.0,0.0,1.162,
6,235,basic,77.295,47.428,109.2,66.333,1.197,1.261
6,236,basic,51.48,45.55,73.448,65.733,1.084,1.029
6,239,basic,279.142,160.738,286.733,164.88,1.708,1.715
6,241,basic,384.143,119.49,620.244,190.171,1.867,1.948
6,242,basic,151.472,103.432,0.0,0.0,1.234,
6,243,basic,218.656,110.643,310.468,156.294,0.978,1.007
6,244,basic,36.474,34.062,57.708,54.309,1.135,1.094
6,245,basic,319.556,277.856,388.023,337.301,1.241,1.253
6,246,basic,232.552,114.899,334.281,161.172,1.194,1.325
6,247,basic,371.142,113.348,674.34,199.56,1.569,1.727
6,248,basic,149.44,93.355,0.0,0.0,0.893,
6,249,basic,33.157,25.339,38.631,29.682,0.846,0.822
6,250,basic,85.436,63.986,151.787,115.13,0.971,0.903
6,251,basic,133.633,59.758,159.204,69.042,1.403,1.564
6,252,basic,237.82,165.649,264.682,177.362,1.465,1.657
6,255,basic,88.549,58.132,127.262,82.374,0.84,0.918
6,257,basic,125.483,109.228,186.569,159.628,1.094,1.199
6,259,basic,157.566,118.324,0.0,0.0,1.272,
6,261,basic,174.629,159.85,236.119,210.166,1.09,1.259
6,262,basic,186.551,143.595,159.638,120.367,1.066,1.172
6,264,basic,83.755,34.607,0.0,0.0,0.93,
6,266,basic,112.227,88.851,145.105,115.342,0.932,0.908
6,267,basic,117.665,104.719,142.321,126.676,1.021,1.021
6,268,basic,110.588,105.059,120.568,114.54,1.072,1.086
6,269,basic,106.178,99.709,133.415,125.119,1.09,1.154
6,270,basic,163.566,112.183,170.59,116.189,1.532,1.565
6,272,basic,38.932,36.737,0.0,0.0,1.04,
6,275,basic,94.053,88.672,127.766,119.645,1.174,1.321
6,276,basic,147.971,67.289,121.513,54.839,1.123,1.163
6,277,basic,123.989,80.366,141.855,91.723,1.001,1.013
6,279,basic,109.636,44.678,137.207,55.167,1.002,1.072
6,281,basic,66.298,44.235,75.178,49.514,0.813,0.874
6,282,basic,77.835,59.351,87.282,65.092,0.883,0.991
6,286,basic,172.62,108.527,221.435,126.541,1.7,2.218
6,287,gifted,190.0,174.436,0.0,0.0,,
6,288,basic,182.76,162.671,214.974,191.605,1.331,1.366
6,289,basic,154.382,140.777,0.0,0.0,1.39,
6,291,basic,371.014,267.765,558.897,413.049,2.211,2.007
6,292,basic,562.241,321.464,796.423,441.802,1.503,1.67
6,930,basic,399.458,365.588,500.489,458.984,2.392,2.298
6,935,basic,438.613,315.047,713.906,500.217,1.865,1.908
6,939,basic,221.052,103.124,0.0,0.0,1.739,
6,949,basic,382.814,329.25,642.094,538.221,1.593,1.742
6,955,basic,45.837,43.545,0.0,0.0,2.814,
6,971,basic,0.0,0.0,581.694,242.335,,1.131
6,971,gifted,515.511,473.282,0.0,0.0,,
6,972,basic,265.365,201.83,0.0,0.0,1.861,
6,974,basic,84.806,77.65,198.576,178.674,1.237,1.252
6,977,basic,235.834,179.563,422.495,314.899,1.335,1.461
7,103,basic,266.572,232.661,303.916,265.193,1.61,1.611
7,104,basic,124.775,46.004,137.048,52.052,2.338,2.219
7,105,basic,425.778,185.25,312.553,131.742,2.253,2.39
7,105,gifted,174.546,160.75,0.0,0.0,,
7,106,basic,464.362,271.564,345.198,205.932,1.736,1.64
7,106,gifted,117.73,108.425,0.0,0.0,,
7,107,basic,521.2,239.146,542.397,247.655,2.431,2.453
7,109,basic,150.906,95.334,155.219,97.906,2.148,2.154
7,110,basic,386.548,188.261,399.61,194.382,2.104,2.109
7,113,basic,385.344,218.727,310.75,175.697,2.353,2.366
7,113,gifted,134.108,123.508,0.0,0.0,,
7,115,basic,148.37,82.529,174.727,96.996,1.711,1.72
7,117,basic,266.532,155.706,241.847,143.916,2.279,2.2
7,117,gifted,90.237,83.105,0.0,0.0,,
7,118,basic,271.524,132.066,451.334,219.527,2.129,2.129
7,130,basic,658.202,370.926,700.981,393.587,1.704,1.718
7,201,basic,80.677,56.116,108.369,72.289,0.969,1.135
7,202,basic,169.505,88.183,182.478,89.917,1.6,1.812
7,203,basic,250.21,177.751,273.435,190.832,1.295,1.369
7,204,basic,179.181,129.78,189.758,100.523,1.422,2.88
7,208,basic,208.466,176.127,0.0,0.0,1.211,
7,209,basic,153.015,53.107,172.179,59.643,0.764,0.772
7,210,basic,194.463,80.977,0.0,0.0,1.381,
7,211,basic,72.759,47.025,109.816,67.947,1.103,1.284
7,212,gifted,205.77,189.506,0.0,0.0,,
7,215,basic,121.453,75.287,138.617,85.378,0.891,0.918
7,218,basic,156.539,100.354,176.186,112.309,0.757,0.779
7,220,basic,86.028,71.556,0.0,0.0,1.326,
7,221,basic,165.666,118.732,242.289,151.02,0.948,1.443
7,222,basic,143.203,82.029,169.277,96.523,2.072,2.096
7,225,basic,96.311,48.727,102.843,51.599,1.212,1.246
7,226,basic,256.647,173.732,306.312,204.092,1.208,1.296
7,229,basic,256.003,220.171,0.0,0.0,1.135,
7,230,basic,114.286,79.176,145.559,94.716,1.045,1.321
7,233,basic,278.907,179.556,387.332,245.543,0.82,0.883
7,234,basic,77.606,65.554,0.0,0.0,1.187,
7,235,basic,81.988,52.638,117.037,74.133,1.251,1.32
7,236,basic,50.335,44.54,71.583,64.099,1.074,1.021
7,239,basic,270.39,158.446,277.353,162.401,1.674,1.678
7,241,basic,386.456,124.549,623.854,197.529,1.862,1.942
7,242,basic,166.101,118.895,0.0,0.0,1.217,
7,243,basic,213.235,114.182,302.727,161.051,0.976,1.005
7,244,basic,38.106,35.517,60.225,56.589,1.088,1.076
7,245,basic,319.19,283.786,388.897,346.102,1.239,1.254
7,246,basic,230.416,120.41,331.53,168.054,1.154,1.28
7,247,basic,373.476,120.833,678.029,211.758,1.54,1.677
7,248,basic,144.129,95.352,0.0,0.0,0.878,
7,249,basic,28.064,22.926,32.836,26.968,0.863,0.845
7,250,basic,87.158,67.504,155.942,122.636,0.962,0.898
7,251,basic,128.232,62.392,152.939,71.758,1.302,1.449
7,252,basic,239.892,173.618,266.374,184.532,1.377,1.543
7,255,basic,88.505,61.256,127.544,86.663,0.822,0.902
7,257,basic,118.544,105.804,178.092,155.865,1.068,1.179
7,259,basic,159.792,121.007,0.0,0.0,1.283,
7,261,basic,174.014,159.08,236.046,209.918,1.098,1.251
7,262,basic,187.867,151.555,160.551,126.563,1.049,1.141
7,264,basic,76.182,35.24,0.0,0.0,0.918,
7,266,basic,110.137,93.368,141.874,121.009,0.89,0.863
7,267,basic,118.431,110.039,143.99,133.827,1.024,1.025
7,268,basic,111.889,106.294,122.232,116.12,1.053,1.067
7,269,basic,104.43,97.963,131.207,122.906,1.078,1.136
7,270,basic,166.522,116.039,173.477,119.855,1.442,1.473
7,272,basic,39.91,37.524,0.0,0.0,1.045,
7,275,basic,93.22,87.624,126.574,117.775,1.16,1.305
7,276,basic,153.373,75.214,123.971,60.395,1.131,1.159
7,277,basic,128.579,86.245,147.27,98.487,1.005,1.017
7,279,basic,108.517,47.659,136.768,59.113,0.989,1.054
7,281,basic,67.217,47.02,76.958,52.846,0.817,0.885
7,282,basic,79.941,62.714,90.961,69.223,0.889,1.003
7,286,basic,178.959,117.995,227.43,134.864,1.639,2.096
7,287,gifted,190.0,174.982,0.0,0.0,,
7,288,basic,188.744,166.133,221.314,195.531,1.315,1.339
7,289,basic,157.186,134.405,0.0,0.0,1.361,
7,291,basic,374.927,258.456,563.542,405.676,2.189,1.974
7,292,basic,561.085,321.216,797.139,438.834,1.454,1.626
7,930,basic,399.223,350.241,500.243,441.534,2.346,2.257
7,935,basic,438.228,302.216,713.586,483.44,1.781,1.845
7,939,basic,219.702,105.201,0.0,0.0,1.671,
7,949,basic,377.044,315.173,635.673,512.361,1.5,1.667
7,955,basic,46.02,43.719,0.0,0.0,2.72,
7,971,basic,0.0,0.0,587.479,260.57,,1.119
7,971,gifted,516.01,475.224,0.0,0.0,,
7,972,basic,262.343,189.546,0.0,0.0,1.847,
7,974,basic,86.635,78.566,204.424,181.769,1.223,1.23
7,977,basic,239.512,186.287,426.577,322.991,1.298,1.423
8,103,basic,284.118,261.071,324.029,297.624,1.678,1.68
8,104,basic,118.206,47.642,131.245,54.24,2.366,2.266
8,105,basic,438.153,210.218,314.122,145.367,2.22,2.376
8,105,gifted,180.309,165.236,0.0,0.0,,
8,106,basic,471.659,304.454,353.528,232.139,1.739,1.653
8,106,gifted,117.516,107.692,0.0,0.0,,
8,107,basic,519.615,257.087,541.543,266.541,2.497,2.521
8,109,basic,144.076,102.634,148.296,105.646,2.089,2.089
8,110,basic,404.24,222.952,418.572,230.499,2.092,2.099
8,113,basic,398.327,252.049,325.554,205.587,2.309,2.315
8,113,gifted,135.781,124.43,0.0,0.0,,
8,115,basic,144.967,88.06,171.542,103.871,1.708,1.721
8,117,basic,255.111,165.289,229.646,151.867,2.327,2.237
8,117,gifted,90.036,82.51,0.0,0.0,,
8,118,basic,258.415,139.701,423.46,229.518,2.079,2.068
8,130,basic,665.644,419.351,708.616,444.722,1.717,1.732
8,201,basic,77.047,50.857,103.235,65.394,0.952,1.117
8,202,basic,165.886,81.703,178.781,83.577,1.589,1.797
8,203,basic,260.246,174.034,284.477,186.754,1.316,1.395
8,204,basic,175.587,121.242,187.624,95.736,1.383,2.807
8,208,basic,198.817,169.093,0.0,0.0,1.236,
8,209,basic,159.484,52.25,181.334,59.274,0.778,0.787
8,210,basic,193.241,77.72,0.0,0.0,1.366,
8,211,basic,79.775,48.288,117.777,68.464,1.115,1.285
8,212,gifted,206.011,188.789,0.0,0.0,,
8,215,basic,121.624,71.678,138.42,81.37,0.932,0.947
8,218,basic,156.911,95.066,176.134,106.228,0.752,0.771
8,220,basic,93.462,74.889,0.0,0.0,1.412,
8,221,basic,164.814,114.624,243.748,145.493,0.972,1.53
8,222,basic,142.942,77.69,170.411,91.346,2.062,2.129
8,225,basic,77.826,37.197,83.183,39.457,1.211,1.243
8,226,basic,266.593,173.733,315.915,204.244,1.294,1.356
8,229,basic,253.553,207.367,0.0,0.0,1.134,
8,230,basic,110.053,72.241,141.23,86.871,1.002,1.29
8,233,basic,274.156,167.768,379.444,229.127,0.811,0.866
8,234,basic,78.066,62.532,0.0,0.0,1.203,
8,235,basic,83.275,51.815,119.02,72.752,1.221,1.307
8,236,basic,50.245,44.519,71.155,63.763,1.042,0.995
8,239,basic,275.552,153.614,282.624,157.466,1.637,1.64
8,241,basic,384.044,117.597,619.573,186.998,1.865,1.93
8,242,basic,149.881,101.519,0.0,0.0,1.217,
8,243,basic,220.536,111.056,312.996,156.687,1.0,1.028
8,244,basic,37.3,34.558,59.53,55.868,1.122,1.086
8,245,basic,324.042,283.32,394.686,345.549,1.252,1.261
8,246,basic,223.411,110.572,322.364,154.645,1.138,1.267
8,247,basic,372.291,113.77,675.267,198.964,1.563,1.708
8,248,basic,147.856,91.501,0.0,0.0,0.884,
8,249,basic,27.719,21.329,31.836,24.749,0.901,0.864
8,250,basic,85.709,62.389,152.207,112.293,0.954,0.897
8,251,basic,133.909,63.024,160.084,72.762,1.325,1.47
8,252,basic,235.028,164.712,261.758,175.632,1.366,1.535
8,255,basic,87.168,56.18,124.911,79.318,0.846,0.913
8,257,basic,120.316,104.275,182.132,154.361,1.069,1.184
8,259,basic,160.692,113.839,0.0,0.0,1.297,
8,261,basic,163.825,148.589,222.202,196.577,1.076,1.208
8,262,basic,189.607,145.213,161.971,121.032,1.062,1.164
8,264,basic,86.299,38.712,0.0,0.0,0.936,
8,266,basic,106.497,87.164,137.259,112.956,0.895,0.871
8,267,basic,123.572,111.933,151.217,137.013,1.029,1.03
8,268,basic,109.31,103.845,119.205,113.245,1.069,1.081
8,269,basic,105.92,98.883,132.522,123.434,1.041,1.092
8,270,basic,152.014,100.408,158.7,103.961,1.404,1.434
8,272,basic,41.552,39.003,0.0,0.0,1.049,
8,275,basic,91.765,85.89,125.756,116.18,1.158,1.31
8,276,basic,150.605,71.943,122.929,58.151,1.091,1.133
8,277,basic,136.076,85.633,155.784,97.737,1.009,1.022
8,279,basic,107.802,44.861,135.255,55.41,0.99,1.055
8,281,basic,68.386,44.906,77.351,50.063,0.803,0.857
8,282,basic,74.422,54.926,83.824,60.317,0.86,0.956
8,286,basic,180.928,111.606,229.871,128.212,1.826,2.286
8,287,gifted,190.0,174.117,0.0,0.0,,
8,288,basic,178.675,153.762,208.596,181.13,1.33,1.327
8,289,basic,156.668,138.947,0.0,0.0,1.376,
8,291,basic,379.044,258.725,565.683,400.888,2.337,2.088
8,292,basic,564.818,323.331,799.407,442.085,1.487,1.642
8,930,basic,399.199,346.952,500.27,437.392,2.337,2.252
8,935,basic,437.032,305.281,712.13,479.688,1.781,1.844
8,939,basic,214.975,103.288,0.0,0.0,1.702,
8,949,basic,381.364,317.487,639.425,513.214,1.531,1.69
8,955,basic,44.965,42.717,0.0,0.0,2.757,
8,971,basic,0.0,0.0,585.404,246.116,,1.113
8,971,gifted,515.849,472.726,0.0,0.0,,
8,972,basic,259.877,190.211,0.0,0.0,1.869,
8,974,basic,86.561,76.663,204.238,177.618,1.233,1.249
8,977,basic,244.013,177.553,431.158,305.939,1.307,1.427
9,103,basic,274.071,245.809,312.635,280.221,1.65,1.652
9,104,basic,112.632,46.975,126.316,53.244,2.112,2.074
9,105,basic,462.158,215.609,330.919,149.28,2.295,2.458
9,105,gifted,183.938,168.367,0.0,0.0,,
9,106,basic,452.708,282.041,334.326,212.387,1.715,1.61
9,106,gifted,117.146,107.229,0.0,0.0,,
9,107,basic,517.476,253.002,539.2,262.34,2.478,2.502
9,109,basic,163.319,111.539,168.442,115.082,2.067,2.065
9,110,basic,397.413,205.882,411.137,212.739,2.13,2.136
9,113,basic,382.698,235.376,311.935,191.533,2.314,2.319
9,113,gifted,133.827,122.499,0.0,0.0,,
9,115,basic,145.843,85.662,173.012,101.286,1.733,1.749
9,117,basic,262.478,161.919,237.367,149.009,2.321,2.236
9,117,gifted,90.268,82.627,0.0,0.0,,
9,118,basic,264.71,139.433,432.467,228.596,2.074,2.058
9,130,basic,671.708,397.587,715.187,421.841,1.706,1.721
9,201,basic,79.414,52.313,106.871,67.83,1.059,1.229
9,202,basic,168.207,85.584,180.361,87.934,1.61,1.798
9,203,basic,258.204,177.396,282.114,190.803,1.308,1.382
9,204,basic,183.465,129.289,188.565,101.63,1.409,2.794
9,208,basic,209.286,174.578,0.0,0.0,1.238,
9,209,basic,141.295,47.076,157.993,52.539,0.77,0.778
9,210,basic,192.178,77.862,0.0,0.0,1.391,
9,211,basic,75.28,46.87,112.986,67.632,1.117,1.301
9,212,gifted,205.995,188.557,0.0,0.0,,
9,215,basic,117.653,69.278,134.053,78.503,0.87,0.896
9,218,basic,153.444,94.322,171.805,105.106,0.749,0.771
9,220,basic,92.25,77.108,0.0,0.0,1.29,
9,221,basic,161.591,110.689,235.019,141.732,0.933,1.436
9,222,basic,144.056,82.483,171.175,96.811,2.015,2.084
9,225,basic,86.592,42.308,92.738,44.948,1.236,1.273
9,226,basic,260.234,168.766,310.079,198.153,1.207,1.297
9,229,basic,246.818,204.268,0.0,0.0,1.134,
9,230,basic,102.686,68.584,136.918,86.335,1.058,1.346
9,233,basic,282.97,173.13,392.819,237.039,0.848,0.913
9,234,basic,70.797,57.76,0.0,0.0,1.195,
9,235,basic,84.04,52.389,118.378,72.969,1.204,1.269
9,236,basic,50.149,44.107,70.542,62.789,1.077,1.024
9,239,basic,261.992,149.993,269.118,153.858,1.684,1.691
9,241,basic,384.561,122.945,621.458,195.454,1.855,1.938
9,242,basic,154.047,106.077,0.0,0.0,1.205,
9,243,basic,217.765,112.374,307.96,158.129,0.99,1.016
9,244,basic,34.673,32.29,55.14,51.758,1.102,1.077
9,245,basic,312.349,273.441,382.52,334.332,1.199,1.22
9,246,basic,231.156,116.73,330.456,162.521,1.164,1.289
9,247,basic,365.242,115.849,663.979,203.625,1.558,1.707
9,248,basic,146.817,92.748,0.0,0.0,0.891,
9,249,basic,31.962,24.876,37.263,29.153,0.833,0.812
9,250,basic,84.984,63.032,153.074,115.268,0.987,0.915
9,251,basic,127.801,59.628,152.19,68.711,1.354,1.506
9,252,basic,239.507,167.552,265.951,178.686,1.413,1.588
9,255,basic,85.808,56.814,124.523,81.06,0.834,0.917
9,257,basic,120.316,104.338,179.644,152.646,1.071,1.182
9,259,basic,160.693,117.475,0.0,0.0,1.311,
9,261,basic,175.756,159.807,237.553,209.775,1.087,1.242
9,262,basic,183.782,141.445,158.192,119.085,1.07,1.171
9,264,basic,84.97,37.342,0.0,0.0,0.932,
9,266,basic,102.773,82.335,132.047,106.321,0.93,0.904
9,267,basic,118.84,106.296,143.965,128.786,1.022,1.023
9,268,basic,110.049,104.547,120.423,114.402,1.075,1.092
9,269,basic,105.66,99.093,132.601,124.115,1.025,1.081
9,270,basic,162.641,109.735,169.747,113.618,1.491,1.525
9,272,basic,42.839,40.352,0.0,0.0,1.005,
9,275,basic,97.197,91.305,130.484,121.494,1.154,1.286
9,276,basic,159.064,75.201,128.661,60.426,1.127,1.158
9,277,basic,129.667,83.903,148.575,95.877,1.015,1.027
9,279,basic,109.569,46.394,138.604,57.794,1.001,1.071
9,281,basic,75.963,51.05,86.034,57.045,0.809,0.865
9,282,basic,75.896,57.316,86.045,63.253,0.89,1.005
9,286,basic,172.164,110.09,220.31,127.351,1.636,2.121
9,287,gifted,190.0,173.916,0.0,0.0,,
9,288,basic,186.725,164.002,219.2,192.362,1.33,1.367
9,289,basic,155.551,138.188,0.0,0.0,1.36,
9,291,basic,365.593,261.652,552.719,403.906,2.112,1.944
9,292,basic,564.66,326.064,800.914,446.228,1.452,1.627
9,930,basic,399.152,356.035,500.171,448.303,2.353,2.265
9,935,basic,438.473,308.045,713.767,488.44,1.812,1.867
9,939,basic,219.625,104.379,0.0,0.0,1.72,
9,949,basic,383.232,321.502,645.075,523.07,1.556,1.724
9,955,basic,46.458,44.135,0.0,0.0,2.784,
9,971,basic,0.0,0.0,590.877,253.718,,1.131
9,971,gifted,515.983,472.304,0.0,0.0,,
9,972,basic,264.215,195.154,0.0,0.0,1.854,
9,974,basic,86.655,78.114,202.391,179.487,1.248,1.25
9,977,basic,242.126,181.865,430.499,315.631,1.31,1.437
10,103,basic,262.301,228.432,299.14,260.429,1.615,1.616
10,104,basic,150.78,56.175,169.259,64.585,2.437,2.341
10,105,basic,456.537,202.19,329.089,141.011,2.3,2.446
10,105,gifted,179.478,164.805,0.0,0.0,,
10,106,basic,460.242,272.447,346.396,208.65,1.741,1.655
10,106,gifted,116.63,107.095,0.0,0.0,,
10,107,basic,525.555,242.241,547.44,251.136,2.521,2.543
10,109,basic,155.553,100.414,160.174,103.455,2.095,2.092
10,110,basic,399.556,199.12,413.277,205.69,2.093,2.099
10,113,basic,392.809,227.2,317.523,183.314,2.331,2.335
10,113,gifted,135.589,124.504,0.0,0.0,,
10,115,basic,154.479,87.409,182.152,102.811,1.717,1.728
10,117,basic,258.15,151.856,233.359,140.003,2.297,2.211
10,117,gifted,89.14,81.853,0.0,0.0,,
10,118,basic,269.033,133.157,442.193,219.63,2.15,2.135
10,130,basic,661.511,377.563,704.677,400.632,1.707,1.722
10,201,basic,81.963,56.547,109.712,72.836,0.995,1.155
10,202,basic,169.244,89.74,181.226,91.954,1.56,1.735
10,203,basic,243.495,172.595,266.595,185.752,1.287,1.36
10,204,basic,177.998,128.623,189.713,100.709,1.4,2.872
10,208,basic,204.539,171.257,0.0,0.0,1.215,
10,209,basic,143.37,51.035,161.162,57.237,0.771,0.78
10,210,basic,194.766,81.99,0.0,0.0,1.406,
10,211,basic,73.808,47.697,110.603,68.584,1.107,1.283
10,212,gifted,205.955,189.118,0.0,0.0,,
10,215,basic,118.933,73.692,135.481,83.632,0.878,0.896
10,218,basic,167.081,107.1,187.566,119.662,0.765,0.785
10,220,basic,87.252,71.101,0.0,0.0,1.384,
10,221,basic,164.832,118.356,240.23,150.428,0.91,1.403
10,222,basic,137.186,81.623,162.587,96.181,1.904,1.936
10,225,basic,91.691,46.947,97.868,49.731,1.204,1.236
10,226,basic,259.12,170.523,309.1,201.847,1.283,1.345
10,229,basic,249.098,210.908,0.0,0.0,1.146,
10,230,basic,104.745,73.012,137.6,89.858,1.014,1.307
10,233,basic,282.671,181.35,391.391,247.65,0.836,0.894
10,234,basic,80.846,67.667,0.0,0.0,1.185,
10,235,basic,82.574,54.116,118.532,76.402,1.161,1.242
10,236,basic,48.225,42.697,67.543,60.535,1.049,0.998
10,239,basic,273.066,159.962,280.031,163.909,1.687,1.691
10,241,basic,383.894,127.123,619.732,202.089,1.862,1.931
10,242,basic,161.769,115.144,0.0,0.0,1.211,
10,243,basic,222.154,119.643,315.663,168.915,0.991,1.021
10,244,basic,37.097,34.377,58.002,54.401,1.101,1.06
10,245,basic,317.799,279.358,387.349,341.318,1.246,1.252
10,246,basic,237.677,124.989,339.827,173.629,1.165,1.288
10,247,basic,367.429,121.997,667.387,213.682,1.552,1.697
10,248,basic,145.269,95.949,0.0,0.0,0.883,
10,249,basic,29.336,23.604,33.889,27.532,0.868,0.833
10,250,basic,81.29,62.646,146.817,114.853,0.957,0.891
10,251,basic,129.245,62.774,154.033,72.268,1.348,1.494
10,252,basic,236.968,170.226,263.224,181.173,1.381,1.549
10,255,basic,87.48,60.142,125.181,84.85,0.843,0.908
10,257,basic,122.251,108.074,180.523,156.551,1.067,1.171
10,259,basic,158.507,120.163,0.0,0.0,1.253,
10,261,basic,175.013,159.309,237.986,210.794,1.098,1.249
10,262,basic,190.928,151.994,162.736,126.572,1.061,1.157
10,264,basic,82.422,38.399,0.0,0.0,0.932,
10,266,basic,101.091,84.342,129.735,108.862,0.902,0.875
10,267,basic,117.638,108.141,143.31,131.8,1.034,1.034
10,268,basic,110.919,105.373,120.98,114.931,1.052,1.064
10,269,basic,107.228,100.609,133.961,125.46,1.015,1.063
10,270,basic,167.24,116.981,174.357,121.005,1.423,1.453
10,272,basic,43.469,40.803,0.0,0.0,1.037,
10,275,basic,90.839,85.12,124.952,115.754,1.183,1.328
10,276,basic,141.404,69.949,117.365,57.658,1.135,1.165
10,277,basic,132.544,89.015,151.796,101.66,1.0,1.012
10,279,basic,101.805,45.498,128.771,56.649,0.986,1.052
10,281,basic,61.049,42.729,69.276,47.731,0.808,0.867
10,282,basic,73.108,57.38,81.839,62.646,0.862,0.958
10,286,basic,181.742,114.778,229.746,132.261,1.783,2.206
10,287,gifted,190.0,174.467,0.0,0.0,,
10,288,basic,184.653,159.307,216.33,188.422,1.408,1.408
10,289,basic,155.322,132.954,0.0,0.0,1.372,
10,291,basic,374.939,253.566,561.816,398.176,2.258,2.016
10,292,basic,564.355,324.937,798.632,444.478,1.469,1.623
10,930,basic,398.855,350.178,499.857,442.429,2.31,2.214
10,935,basic,437.858,302.807,713.125,483.755,1.78,1.842
10,939,basic,216.817,105.215,0.0,0.0,1.67,
10,949,basic,375.909,312.927,632.506,508.55,1.51,1.67
10,955,basic,46.194,43.884,0.0,0.0,2.744,
10,971,basic,0.0,0.0,586.706,264.051,,1.127
10,971,gifted,515.826,473.657,0.0,0.0,,
10,972,basic,256.623,187.298,0.0,0.0,1.808,
10,974,basic,85.538,77.512,203.247,180.3,1.199,1.222
10,977,basic,238.439,184.546,423.912,319.471,1.282,1.409
11,103,basic,261.672,238.203,298.464,271.53,1.654,1.656
11,104,basic,134.322,51.811,150.968,59.126,2.216,2.157
11,105,basic,451.923,202.428,322.117,139.757,2.327,2.487
11,105,gifted,180.467,165.728,0.0,0.0,,
11,106,basic,449.484,272.016,335.163,205.898,1.748,1.661
11,106,gifted,115.621,106.179,0.0,0.0,,
11,107,basic,525.369,250.034,546.958,259.169,2.497,2.52
11,109,basic,141.826,96.791,146.003,99.721,2.073,2.07
11,110,basic,400.284,199.971,414.217,206.611,2.125,2.133
11,113,basic,389.747,238.741,314.911,192.712,2.313,2.313
11,113,gifted,135.392,124.335,0.0,0.0,,
11,115,basic,152.115,87.226,179.503,102.684,1.73,1.742
11,117,basic,260.509,160.219,235.619,147.419,2.296,2.211
11,117,gifted,89.7,82.374,0.0,0.0,,
11,118,basic,263.076,132.883,429.733,217.915,2.143,2.124
11,130,basic,666.811,383.03,710.035,406.445,1.7,1.716
11,201,basic,78.566,53.087,105.356,68.601,0.993,1.166
11,202,basic,163.428,84.025,175.705,86.447,1.556,1.755
11,203,basic,255.505,179.208,279.346,192.938,1.32,1.395
11,204,basic,178.961,129.611,188.757,104.868,1.426,2.846
11,208,basic,205.618,175.449,0.0,0.0,1.241,
11,209,basic,142.281,43.406,159.214,48.499,0.777,0.784
11,210,basic,191.8,74.369,0.0,0.0,1.383,
11,211,basic,80.276,50.388,116.386,70.583,1.105,1.27
11,212,gifted,205.575,188.785,0.0,0.0,,
11,215,basic,117.864,67.69,134.214,76.819,0.901,0.921
11,218,basic,156.107,94.723,174.86,105.65,0.762,0.782
11,220,basic,86.815,73.438,0.0,0.0,1.328,
11,221,basic,165.168,112.563,241.881,144.813,0.965,1.501
11,222,basic,145.053,86.262,171.64,101.209,1.967,2.021
11,225,basic,90.455,43.329,96.716,45.983,1.229,1.265
11,226,basic,253.833,163.649,303.222,193.26,1.235,1.317
11,229,basic,250.692,214.918,0.0,0.0,1.144,
11,230,basic,115.933,78.891,147.772,94.973,1.034,1.326
11,233,basic,282.285,171.362,390.916,234.447,0.844,0.902
11,234,basic,76.113,64.556,0.0,0.0,1.193,
11,235,basic,84.929,53.19,120.429,74.37,1.203,1.281
11,236,basic,48.268,43.051,67.609,60.938,1.095,1.039
11,239,basic,279.934,162.86,287.474,167.024,1.67,1.677
11,241,basic,384.207,115.89,620.03,184.409,1.873,1.945
11,242,basic,162.293,113.636,0.0,0.0,1.214,
11,243,basic,213.221,107.725,302.842,152.17,0.973,1.002
11,244,basic,36.211,33.812,58.344,54.924,1.154,1.111
11,245,basic,323.142,288.182,392.461,350.325,1.245,1.258
11,246,basic,228.289,113.626,328.277,158.841,1.147,1.283
11,247,basic,370.1,109.894,672.355,193.232,1.561,1.711
11,248,basic,143.59,91.011,0.0,0.0,0.874,
11,249,basic,28.784,22.516,33.297,26.241,0.896,0.866
11,250,basic,88.431,67.424,157.247,121.36,0.963,0.902
11,251,basic,132.564,59.833,157.878,69.071,1.363,1.514
11,252,basic,244.673,174.545,271.771,186.268,1.429,1.61
11,255,basic,87.436,58.166,125.31,82.223,0.83,0.901
11,257,basic,120.314,107.461,181.305,158.99,1.081,1.198
11,259,basic,164.648,124.474,0.0,0.0,1.31,
11,261,basic,166.567,153.589,226.209,203.705,1.102,1.257
11,262,basic,189.522,149.81,162.6,125.651,1.065,1.173
11,264,basic,83.002,34.489,0.0,0.0,0.939,
11,266,basic,104.858,86.497,135.057,111.944,0.894,0.869
11,267,basic,113.682,104.792,138.31,127.556,1.046,1.046
11,268,basic,111.791,106.201,122.365,116.246,1.088,1.105
11,269,basic,106.885,100.791,133.722,126.029,1.052,1.105
11,270,basic,143.27,101.359,149.903,105.182,1.416,1.452
11,272,basic,41.913,39.521,0.0,0.0,1.068,
11,275,basic,98.128,92.631,133.367,125.143,1.177,1.326
11,276,basic,150.207,68.467,122.42,55.385,1.126,1.162
11,277,basic,127.732,83.281,146.6,95.318,1.007,1.02
11,279,basic,105.498,42.587,133.239,53.056,0.994,1.06
11,281,basic,68.145,46.018,77.369,51.527,0.811,0.872
11,282,basic,72.737,56.208,82.413,62.072,0.893,1.007
11,286,basic,183.179,114.72,231.724,132.973,1.827,2.283
11,287,gifted,190.0,174.483,0.0,0.0,,
11,288,basic,176.244,157.805,205.96,185.418,1.314,1.334
11,289,basic,156.807,141.467,0.0,0.0,1.389,
11,291,basic,373.948,268.078,561.897,417.349,2.237,2.008
11,292,basic,563.689,319.07,798.66,437.983,1.49,1.652
11,930,basic,399.058,365.435,500.119,458.368,2.386,2.299
11,935,basic,437.183,316.429,712.359,502.608,1.782,1.847
11,939,basic,216.217,100.904,0.0,0.0,1.681,
11,949,basic,379.261,327.917,636.092,533.982,1.545,1.709
11,955,basic,45.048,42.795,0.0,0.0,2.759,
11,971,basic,0.0,0.0,585.078,241.056,,1.125
11,971,gifted,515.736,473.616,0.0,0.0,,
11,972,basic,259.515,197.11,0.0,0.0,1.856,
11,974,basic,88.374,81.316,209.698,189.216,1.228,1.251
11,977,basic,240.714,187.64,427.877,326.208,1.304,1.424
12,103,basic,269.235,229.646,306.983,261.805,1.637,1.637
12,104,basic,151.225,52.403,166.596,59.717,2.68,2.526
12,105,basic,435.064,192.013,311.505,133.318,2.24,2.393
12,105,gifted,178.517,164.107,0.0,0.0,,
12,106,basic,459.96,259.345,344.268,196.595,1.813,1.735
12,106,gifted,116.575,107.165,0.0,0.0,,
12,107,basic,520.511,237.822,542.28,246.629,2.482,2.507
12,109,basic,151.852,94.259,156.598,97.158,2.141,2.143
12,110,basic,387.604,188.111,400.9,194.383,2.079,2.084
12,113,basic,387.006,219.137,312.283,175.803,2.346,2.366
12,113,gifted,133.956,123.143,0.0,0.0,,
12,115,basic,147.12,80.389,173.832,94.757,1.724,1.736
12,117,basic,247.901,141.976,221.596,129.64,2.305,2.198
12,117,gifted,89.569,82.339,0.0,0.0,,
12,118,basic,263.292,128.197,430.01,210.216,2.112,2.093
12,130,basic,657.283,359.459,700.023,381.579,1.701,1.717
12,201,basic,80.243,55.839,108.017,72.449,1.014,1.189
12,202,basic,174.501,92.286,187.235,94.596,1.685,1.899
12,203,basic,265.664,190.646,289.568,204.736,1.316,1.39
12,204,basic,175.96,129.408,187.831,105.708,1.419,2.874
12,208,basic,209.457,174.553,0.0,0.0,1.225,
12,209,basic,144.066,50.629,161.319,56.612,0.761,0.768
12,210,basic,192.188,81.954,0.0,0.0,1.389,
12,211,basic,77.208,50.377,115.965,72.883,1.114,1.299
12,212,gifted,205.963,189.338,0.0,0.0,,
12,215,basic,122.965,73.592,140.393,83.679,0.951,0.976
12,218,basic,157.339,100.51,177.133,112.664,0.77,0.791
12,220,basic,87.353,72.938,0.0,0.0,1.377,
12,221,basic,162.423,114.843,237.581,147.559,0.948,1.49
12,222,basic,149.593,87.423,177.049,102.628,2.165,2.222
12,225,basic,81.192,42.238,86.484,44.718,1.174,1.203
12,226,basic,250.981,166.427,301.02,198.071,1.263,1.331
12,229,basic,254.145,217.846,0.0,0.0,1.15,
12,230,basic,101.524,71.829,134.038,89.322,1.0,1.31
12,233,basic,277.668,177.904,385.093,243.664,0.827,0.889
12,234,basic,74.639,63.026,0.0,0.0,1.217,
12,235,basic,81.087,51.832,115.988,73.17,1.276,1.352
12,236,basic,47.899,42.772,67.555,60.965,1.07,1.016
12,239,basic,272.588,163.501,279.592,167.621,1.707,1.71
12,241,basic,386.239,129.775,622.323,206.433,1.913,1.98
12,242,basic,163.147,116.683,0.0,0.0,1.226,
12,243,basic,213.728,115.921,303.769,163.832,0.977,1.007
12,244,basic,36.71,34.161,57.343,53.892,1.138,1.09
12,245,basic,320.735,284.912,389.407,346.296,1.237,1.248
12,246,basic,230.704,123.204,332.23,172.42,1.137,1.277
12,247,basic,373.117,124.856,676.122,219.072,1.587,1.737
12,248,basic,147.975,97.331,0.0,0.0,0.909,
12,249,basic,29.738,23.686,34.24,27.494,0.887,0.853
12,250,basic,89.221,69.41,156.198,123.031,0.961,0.899
12,251,basic,131.868,64.349,156.908,74.209,1.363,1.515
12,252,basic,241.238,176.035,267.549,187.892,1.413,1.589
12,255,basic,90.405,62.04,130.04,88.003,0.869,0.943
12,257,basic,124.064,110.658,184.426,161.618,1.083,1.195
12,259,basic,171.049,131.999,0.0,0.0,1.27,
12,261,basic,177.421,163.283,240.142,216.008,1.091,1.237
12,262,basic,188.052,150.639,160.639,126.082,1.065,1.164
12,264,basic,80.684,37.093,0.0,0.0,0.916,
12,266,basic,107.735,89.846,138.387,115.992,0.904,0.878
12,267,basic,117.708,108.003,143.254,131.49,1.034,1.034
12,268,basic,110.465,104.942,120.671,114.638,1.067,1.081
12,269,basic,106.094,99.853,132.619,124.692,1.046,1.096
12,270,basic,169.754,120.046,176.793,124.074,1.5,1.533
12,272,basic,40.642,38.257,0.0,0.0,1.072,
12,275,basic,98.242,92.714,131.604,123.366,1.137,1.279
12,276,basic,139.861,69.02,116.018,56.914,1.14,1.169
12,277,basic,124.578,84.347,143.059,96.598,1.014,1.027
12,279,basic,98.816,44.035,125.447,55.18,0.995,1.059
12,281,basic,65.383,45.867,74.255,51.368,0.809,0.871
12,282,basic,72.778,57.781,81.958,63.575,0.855,0.959
12,286,basic,176.924,113.552,224.983,132.182,1.803,2.27
12,287,gifted,190.0,174.664,0.0,0.0,,
12,288,basic,199.848,175.504,233.5,207.08,1.418,1.419
12,289,basic,155.899,132.508,0.0,0.0,1.369,
12,291,basic,373.445,260.137,561.74,409.596,2.227,1.994
12,292,basic,561.449,320.595,796.058,441.01,1.495,1.656
12,930,basic,398.727,355.947,499.748,447.512,2.379,2.294
12,935,basic,437.931,304.66,713.237,490.904,1.834,1.895
12,939,basic,219.404,105.905,0.0,0.0,1.693,
12,949,basic,379.375,315.433,637.795,515.032,1.545,1.705
12,955,basic,46.011,43.71,0.0,0.0,2.745,
12,971,basic,0.0,0.0,590.482,267.119,,1.127
12,971,gifted,516.428,474.743,0.0,0.0,,
12,972,basic,260.345,189.61,0.0,0.0,1.888,
12,974,basic,85.41,78.265,203.401,182.655,1.221,1.253
12,977,basic,236.764,186.798,420.897,324.921,1.286,1.405
13,103,basic,253.1,223.714,288.629,255.005,1.662,1.664
13,104,basic,132.513,59.087,146.127,66.952,2.403,2.282
13,105,basic,439.821,228.052,317.834,160.297,2.314,2.462
13,105,gifted,176.545,162.117,0.0,0.0,,
13,106,basic,465.431,301.466,348.393,228.509,1.788,1.707
13,106,gifted,116.57,107.043,0.0,0.0,,
13,107,basic,519.554,277.182,541.447,287.569,2.496,2.521
13,109,basic,153.056,106.783,157.61,110.005,2.07,2.068
13,110,basic,385.752,216.871,399.312,224.246,2.101,2.107
13,113,basic,402.278,258.262,325.543,208.509,2.34,2.345
13,113,gifted,137.947,126.673,0.0,0.0,,
13,115,basic,154.78,97.902,182.184,115.052,1.725,1.734
13,117,basic,270.113,171.712,243.218,157.718,2.349,2.244
13,117,gifted,89.857,82.513,0.0,0.0,,
13,118,basic,276.728,155.776,455.099,256.806,2.167,2.155
13,130,basic,653.53,409.813,695.649,435.098,1.682,1.694
13,201,basic,80.225,52.495,108.598,68.563,1.067,1.249
13,202,basic,172.706,88.932,185.762,91.284,1.707,1.941
13,203,basic,253.483,170.22,277.151,183.317,1.32,1.4
13,204,basic,180.733,123.76,188.297,99.981,1.395,2.839
13,208,basic,206.499,165.416,0.0,0.0,1.252,
13,209,basic,151.111,57.189,170.451,64.403,0.782,0.79
13,210,basic,193.138,84.133,0.0,0.0,1.398,
13,211,basic,75.158,47.214,109.434,66.505,1.101,1.272
13,212,gifted,205.744,188.93,0.0,0.0,,
13,215,basic,116.445,66.847,132.638,76.066,0.947,0.961
13,218,basic,158.405,98.246,178.021,109.957,0.77,0.791
13,220,basic,91.873,70.035,0.0,0.0,1.447,
13,221,basic,164.322,106.973,243.616,138.068,1.001,1.62
13,222,basic,145.058,77.611,172.198,91.824,2.312,2.353
13,225,basic,81.576,41.807,87.127,44.364,1.231,1.264
13,226,basic,257.483,156.711,307.836,186.839,1.347,1.394
13,229,basic,248.744,194.006,0.0,0.0,1.142,
13,230,basic,115.518,77.746,145.098,92.562,0.995,1.285
13,233,basic,282.284,174.371,391.53,238.802,0.837,0.903
13,234,basic,76.735,59.487,0.0,0.0,1.172,
13,235,basic,88.872,53.576,126.838,75.453,1.291,1.37
13,236,basic,48.774,41.544,68.525,58.96,1.038,0.99
13,239,basic,272.465,156.747,279.308,160.636,1.698,1.7
13,241,basic,384.474,137.315,619.935,218.763,1.889,1.954
13,242,basic,158.755,105.822,0.0,0.0,1.238,
13,243,basic,221.31,119.295,314.035,168.368,0.993,1.023
13,244,basic,37.121,34.108,59.116,55.227,1.172,1.105
13,245,basic,318.868,256.177,389.044,312.437,1.243,1.251
13,246,basic,230.899,122.132,331.15,170.618,1.149,1.285
13,247,basic,368.171,131.535,668.915,231.29,1.593,1.755
13,248,basic,150.388,95.416,0.0,0.0,0.895,
13,249,basic,30.429,22.16,34.737,25.562,0.91,0.863
13,250,basic,87.539,63.623,156.128,114.946,0.963,0.894
13,251,basic,137.198,65.911,163.703,76.243,1.416,1.577
13,252,basic,235.758,158.47,262.668,169.675,1.454,1.649
13,255,basic,88.083,57.954,125.371,81.645,0.86,0.917
13,257,basic,118.907,96.774,178.857,142.51,1.075,1.191
13,259,basic,158.803,113.569,0.0,0.0,1.278,
13,261,basic,167.68,147.594,227.654,195.074,1.071,1.203
13,262,basic,185.683,136.931,159.21,114.967,1.06,1.167
13,264,basic,80.42,36.994,0.0,0.0,0.977,
13,266,basic,105.992,80.797,136.352,104.449,0.899,0.872
13,267,basic,117.787,96.833,143.699,118.119,1.023,1.024
13,268,basic,109.03,103.579,118.939,112.992,1.068,1.082
13,269,basic,106.29,97.723,132.598,121.38,1.002,1.043
13,270,basic,159.652,106.163,166.424,109.876,1.486,1.519
13,272,basic,43.374,40.594,0.0,0.0,1.055,
13,275,basic,98.781,90.87,134.799,121.865,1.168,1.312
13,276,basic,148.058,73.28,121.277,59.628,1.125,1.16
13,277,basic,124.97,81.344,143.588,93.2,0.997,1.011
13,279,basic,100.594,46.125,127.263,57.598,1.002,1.069
13,281,basic,65.488,43.863,73.938,48.92,0.814,0.871
13,282,basic,71.079,52.768,80.024,58.178,0.854,0.953
13,286,basic,182.286,101.841,230.951,119.53,2.082,2.538
13,287,gifted,190.0,174.472,0.0,0.0,,
13,288,basic,185.259,150.782,216.039,178.523,1.43,1.396
13,289,basic,156.521,137.198,0.0,0.0,1.393,
13,291,basic,376.972,247.329,561.529,380.867,2.392,2.124
13,292,basic,566.088,335.068,799.514,460.458,1.525,1.676
13,930,basic,399.155,341.986,500.173,431.366,2.368,2.279
13,935,basic,437.733,305.03,712.753,481.765,1.845,1.893
13,939,basic,218.697,109.815,0.0,0.0,1.715,
13,949,basic,377.834,312.088,634.635,508.21,1.543,1.697
13,955,basic,45.631,43.35,0.0,0.0,2.782,
13,971,basic,0.0,0.0,584.117,271.041,,1.123
13,971,gifted,515.915,473.752,0.0,0.0,,
13,972,basic,259.25,186.933,0.0,0.0,1.919,
13,974,basic,87.25,77.576,208.939,183.167,1.163,1.195
13,977,basic,238.098,172.105,422.344,299.21,1.323,1.439
14,103,basic,264.659,229.922,301.777,262.12,1.597,1.598
14,104,basic,155.733,67.598,171.867,77.15,2.773,2.598
14,105,basic,438.155,232.149,315.493,162.403,2.241,2.413
14,105,gifted,180.059,165.303,0.0,0.0,,
14,106,basic,468.209,299.124,353.049,227.68,1.835,1.765
14,106,gifted,116.378,106.841,0.0,0.0,,
14,107,basic,532.747,285.404,554.911,296.155,2.534,2.558
14,109,basic,151.131,102.528,155.947,105.697,2.171,2.176
14,110,basic,400.489,232.08,414.267,239.837,2.132,2.138
14,113,basic,399.074,250.466,328.141,204.81,2.379,2.403
14,113,gifted,135.718,124.596,0.0,0.0,,
14,115,basic,144.797,90.343,171.89,106.936,1.721,1.738
14,117,basic,261.261,168.5,236.051,154.771,2.33,2.232
14,117,gifted,89.349,82.027,0.0,0.0,,
14,118,basic,268.173,153.412,438.444,251.496,2.111,2.096
14,130,basic,679.328,435.407,722.99,462.129,1.693,1.708
14,201,basic,75.146,48.588,101.643,63.697,1.059,1.241
14,202,basic,172.192,90.659,184.99,93.447,1.715,1.951
14,203,basic,257.287,169.496,280.575,182.602,1.34,1.413
14,204,basic,181.991,121.265,190.162,101.191,1.454,2.908
14,208,basic,206.594,162.0,0.0,0.0,1.254,
14,209,basic,141.159,58.432,157.555,65.122,0.764,0.773
14,210,basic,191.855,89.953,0.0,0.0,1.394,
14,211,basic,72.216,44.733,107.586,64.604,1.12,1.304
14,212,gifted,205.709,188.851,0.0,0.0,,
14,215,basic,121.587,73.477,138.214,83.397,0.929,0.945
14,218,basic,161.601,100.217,182.156,112.532,0.777,0.799
14,220,basic,94.518,69.673,0.0,0.0,1.506,
14,221,basic,163.864,110.12,240.202,142.823,1.017,1.644
14,222,basic,148.151,79.51,176.582,94.072,2.362,2.433
14,225,basic,85.309,44.909,91.169,47.672,1.243,1.282
14,226,basic,263.633,168.683,313.572,199.935,1.355,1.406
14,229,basic,253.019,190.933,0.0,0.0,1.149,
14,230,basic,109.071,70.984,142.276,88.419,1.048,1.337
14,233,basic,280.586,174.363,390.124,239.636,0.852,0.921
14,234,basic,76.214,56.88,0.0,0.0,1.194,
14,235,basic,84.491,52.39,119.258,73.186,1.295,1.365
14,236,basic,54.354,45.297,78.488,66.001,1.098,1.047
14,239,basic,282.098,162.934,289.536,167.091,1.693,1.698
14,241,basic,384.129,147.837,619.791,236.014,1.958,2.024
14,242,basic,156.008,103.89,0.0,0.0,1.209,
14,243,basic,217.545,119.647,308.406,168.842,0.996,1.025
14,244,basic,38.667,35.525,61.526,57.297,1.098,1.06
14,245,basic,321.38,257.4,390.465,312.289,1.229,1.243
14,246,basic,231.376,124.356,333.35,175.022,1.185,1.325
14,247,basic,372.068,144.356,674.833,254.32,1.621,1.787
14,248,basic,148.059,93.156,0.0,0.0,0.889,
14,249,basic,29.546,21.428,34.011,24.838,0.903,0.866
14,250,basic,88.799,62.23,157.748,111.882,0.969,0.897
14,251,basic,129.321,66.997,154.554,77.857,1.376,1.541
14,252,basic,227.056,153.507,252.97,165.129,1.422,1.617
14,255,basic,87.022,56.285,125.774,80.434,0.859,0.931
14,257,basic,120.88,95.335,183.119,141.776,1.099,1.216
14,259,basic,163.084,112.466,0.0,0.0,1.28,
14,261,basic,167.669,143.149,226.395,188.567,1.055,1.186
14,262,basic,188.022,135.876,161.541,114.509,1.075,1.188
14,264,basic,77.097,39.198,0.0,0.0,0.911,
14,266,basic,107.518,81.379,138.312,105.114,0.905,0.879
14,267,basic,112.721,91.306,136.58,110.614,1.025,1.026
14,268,basic,107.327,101.96,117.338,111.47,1.078,1.093
14,269,basic,105.069,95.357,131.686,118.834,1.029,1.074
14,270,basic,149.349,95.255,156.153,98.766,1.561,1.605
14,272,basic,41.596,38.781,0.0,0.0,1.022,
14,275,basic,94.027,85.616,128.067,114.263,1.14,1.288
14,276,basic,155.135,81.303,126.469,65.934,1.144,1.175
14,277,basic,125.704,80.214,144.383,91.925,1.007,1.02
14,279,basic,111.353,53.827,140.56,67.177,0.995,1.062
14,281,basic,66.939,43.904,75.671,49.085,0.81,0.869
14,282,basic,72.359,51.527,81.033,56.672,0.847,0.946
14,286,basic,177.42,105.568,225.981,124.654,2.008,2.507
14,287,gifted,190.0,174.429,0.0,0.0,,
14,288,basic,189.344,149.634,222.02,177.018,1.413,1.399
14,289,basic,157.478,128.955,0.0,0.0,1.365,
14,291,basic,374.817,246.412,563.011,380.816,2.398,2.141
14,292,basic,567.758,335.619,801.526,462.684,1.55,1.701
14,930,basic,399.648,325.319,500.689,410.175,2.372,2.292
14,935,basic,438.054,292.647,713.367,466.011,1.931,1.959
14,939,basic,219.606,114.04,0.0,0.0,1.806,
14,949,basic,380.781,296.916,640.006,483.924,1.576,1.736
14,955,basic,45.834,43.542,0.0,0.0,2.775,
14,971,basic,0.0,0.0,584.839,283.683,,1.133
14,971,gifted,515.717,473.454,0.0,0.0,,
14,972,basic,270.447,188.486,0.0,0.0,1.927,
14,974,basic,87.061,72.564,207.232,171.093,1.184,1.214
14,977,basic,233.162,163.299,416.662,286.158,1.295,1.422
15,103,basic,265.15,225.621,302.41,257.194,1.62,1.622
15,104,basic,127.143,49.099,143.209,56.076,2.213,2.161
15,105,basic,440.39,194.426,317.052,134.964,2.275,2.453
15,105,gifted,180.204,165.652,0.0,0.0,,
15,106,basic,448.309,258.549,334.203,195.986,1.737,1.645
15,106,gifted,115.564,106.232,0.0,0.0,,
15,107,basic,524.23,240.805,545.912,249.628,2.491,2.514
15,109,basic,142.827,90.277,147.075,92.988,2.061,2.06
15,110,basic,395.05,190.293,409.118,196.795,2.124,2.13
15,113,basic,383.825,219.078,315.752,179.992,2.313,2.316
15,113,gifted,133.383,122.612,0.0,0.0,,
15,115,basic,144.345,79.217,171.748,93.893,1.752,1.77
15,117,basic,260.877,148.928,235.885,137.15,2.314,2.225
15,117,gifted,89.674,82.432,0.0,0.0,,
15,118,basic,263.196,129.881,429.924,212.849,2.082,2.067
15,130,basic,655.848,360.665,698.364,382.736,1.709,1.724
15,201,basic,77.779,55.367,103.231,70.91,0.951,1.112
15,202,basic,167.568,90.25,179.658,92.813,1.639,1.825
15,203,basic,256.476,186.442,279.809,200.407,1.279,1.35
15,204,basic,173.07,128.263,185.319,104.887,1.404,2.809
15,208,basic,210.215,175.958,0.0,0.0,1.192,
15,209,basic,141.29,51.17,158.761,57.408,0.773,0.78
15,210,basic,193.345,82.863,0.0,0.0,1.434,
15,211,basic,66.762,43.932,99.982,63.429,1.128,1.301
15,212,gifted,206.163,189.515,0.0,0.0,,
15,215,basic,118.547,72.915,134.573,82.7,0.911,0.921
15,218,basic,159.375,103.592,179.22,115.975,0.761,0.782
15,220,basic,92.181,76.333,0.0,0.0,1.393,
15,221,basic,164.245,116.523,240.06,148.997,0.95,1.488
15,222,basic,140.208,86.315,166.529,101.9,1.914,1.956
15,225,basic,86.395,45.239,92.263,47.962,1.22,1.254
15,226,basic,257.513,170.279,307.491,201.521,1.292,1.361
15,229,basic,249.017,213.752,0.0,0.0,1.151,
15,230,basic,103.256,73.466,137.37,92.232,1.024,1.314
15,233,basic,278.984,181.999,387.05,249.045,0.811,0.876
15,234,basic,74.565,63.51,0.0,0.0,1.187,
15,235,basic,75.285,49.7,107.86,70.314,1.173,1.244
15,236,basic,51.28,45.689,72.678,65.473,1.058,1.006
15,239,basic,270.255,163.592,277.609,167.788,1.691,1.699
15,241,basic,383.75,132.036,618.857,210.237,1.881,1.944
15,242,basic,163.021,117.82,0.0,0.0,1.216,
15,243,basic,221.266,122.072,313.996,172.18,0.974,1.005
15,244,basic,37.366,34.739,59.079,55.517,1.141,1.098
15,245,basic,317.495,281.317,386.746,343.09,1.233,1.243
15,246,basic,218.813,119.325,317.007,168.045,1.116,1.249
15,247,basic,368.649,125.69,669.026,220.316,1.601,1.757
15,248,basic,153.338,102.548,0.0,0.0,0.906,
15,249,basic,29.748,23.924,33.925,27.541,0.891,0.853
15,250,basic,86.382,67.758,154.701,123.002,0.962,0.896
15,251,basic,131.129,64.614,156.443,74.616,1.363,1.516
15,252,basic,237.192,173.434,263.879,185.235,1.389,1.568
15,255,basic,90.108,62.814,128.48,88.447,0.861,0.925
15,257,basic,119.15,106.614,178.679,156.738,1.052,1.171
15,259,basic,160.336,125.257,0.0,0.0,1.233,
15,261,basic,175.547,160.413,238.698,212.092,1.115,1.283
15,262,basic,185.924,150.292,158.162,125.157,1.045,1.144
15,264,basic,81.829,38.433,0.0,0.0,0.91,
15,266,basic,113.635,94.783,146.887,123.082,0.914,0.89
15,267,basic,118.015,108.686,143.516,132.232,1.029,1.028
15,268,basic,108.318,102.902,117.791,111.902,1.058,1.071
15,269,basic,103.428,97.036,129.754,121.592,1.081,1.135
15,270,basic,152.762,109.194,159.543,113.187,1.472,1.504
15,272,basic,42.779,40.29,0.0,0.0,1.049,
15,275,basic,95.961,90.135,130.47,121.482,1.209,1.352
15,276,basic,147.493,74.198,121.452,60.644,1.118,1.154
15,277,basic,130.687,89.437,149.444,102.029,1.014,1.024
15,279,basic,112.391,51.116,141.206,63.289,1.001,1.069
15,281,basic,66.435,47.254,75.194,52.759,0.812,0.87
15,282,basic,74.716,59.752,83.804,65.522,0.865,0.962
15,286,basic,179.099,115.545,227.842,133.506,1.768,2.251
15,287,gifted,190.0,174.657,0.0,0.0,,
15,288,basic,178.174,157.112,207.857,184.885,1.326,1.33
15,289,basic,158.287,134.831,0.0,0.0,1.352,
15,291,basic,372.256,256.23,559.772,403.207,2.217,1.993
15,292,basic,562.346,326.067,797.118,446.579,1.464,1.638
15,930,basic,399.255,356.278,500.365,449.32,2.341,2.241
15,935,basic,437.481,306.54,712.632,492.568,1.779,1.851
15,939,basic,221.839,108.257,0.0,0.0,1.686,
15,949,basic,375.198,310.878,635.819,511.514,1.557,1.717
15,955,basic,44.328,42.112,0.0,0.0,2.848,
15,971,basic,0.0,0.0,590.064,272.511,,1.122
15,971,gifted,516.072,474.399,0.0,0.0,,
15,972,basic,260.276,191.069,0.0,0.0,1.822,
15,974,basic,86.31,78.736,203.829,182.255,1.234,1.257
15,977,basic,238.093,186.974,424.566,326.345,1.333,1.447
16,103,basic,271.053,222.758,309.393,253.944,1.622,1.626
16,104,basic,133.564,59.252,151.255,67.699,2.196,2.165
16,105,basic,425.553,210.006,302.458,144.213,2.16,2.313
16,105,gifted,180.991,166.087,0.0,0.0,,
16,106,basic,462.459,278.703,346.204,211.086,1.782,1.714
16,106,gifted,117.214,107.562,0.0,0.0,,
16,107,basic,522.5,255.696,544.642,265.165,2.513,2.538
16,109,basic,152.253,99.907,156.666,102.808,1.974,1.974
16,110,basic,402.487,212.211,416.895,219.422,2.112,2.12
16,113,basic,387.131,227.517,308.508,181.324,2.282,2.279
16,113,gifted,135.023,123.905,0.0,0.0,,
16,115,basic,147.724,87.212,174.9,102.93,1.716,1.73
16,117,basic,252.806,149.064,230.451,137.654,2.306,2.245
16,117,gifted,88.858,81.541,0.0,0.0,,
16,118,basic,269.394,144.356,438.805,235.673,2.049,2.038
16,130,basic,674.176,401.343,718.218,425.272,1.706,1.728
16,201,basic,78.716,51.905,106.58,67.412,1.137,1.32
16,202,basic,170.774,93.188,182.569,95.688,1.586,1.753
16,203,basic,249.007,170.002,272.896,183.36,1.312,1.384
16,204,basic,182.831,128.071,184.321,98.995,1.345,2.635
16,208,basic,206.763,162.606,0.0,0.0,1.226,
16,209,basic,144.339,62.393,162.854,70.265,0.77,0.778
16,210,basic,191.706,91.02,0.0,0.0,1.365,
16,211,basic,71.422,46.512,102.086,64.086,1.092,1.251
16,212,gifted,205.923,188.966,0.0,0.0,,
16,215,basic,112.634,73.078,128.126,82.708,0.836,0.858
16,218,basic,156.932,103.255,176.418,115.464,0.764,0.787
16,220,basic,88.555,69.257,0.0,0.0,1.333,
16,221,basic,165.329,117.093,239.685,149.147,0.909,1.394
16,222,basic,145.047,87.584,171.385,102.705,1.731,1.772
16,225,basic,87.452,47.652,93.576,50.586,1.212,1.247
16,226,basic,252.977,166.509,302.692,196.436,1.248,1.334
16,229,basic,250.721,198.865,0.0,0.0,1.116,
16,230,basic,114.5,78.561,144.475,93.566,1.022,1.293
16,233,basic,281.136,184.923,390.254,252.995,0.826,0.89
16,234,basic,72.353,57.316,0.0,0.0,1.119,
16,235,basic,75.288,50.249,106.651,70.11,1.082,1.158
16,236,basic,50.195,42.906,70.365,60.89,1.041,0.995
16,239,basic,265.242,155.283,272.196,159.096,1.695,1.702
16,241,basic,386.48,149.248,622.945,237.658,1.858,1.917
16,242,basic,153.262,106.414,0.0,0.0,1.204,
16,243,basic,212.92,122.215,305.224,174.004,0.987,1.02
16,244,basic,39.326,36.261,62.91,58.625,1.038,1.04
16,245,basic,323.095,266.997,392.623,323.647,1.206,1.224
16,246,basic,237.702,130.902,339.177,182.231,1.219,1.331
16,247,basic,368.608,144.108,668.604,253.106,1.575,1.709
16,248,basic,151.047,100.672,0.0,0.0,0.895,
16,249,basic,29.082,22.622,34.18,26.717,0.841,0.822
16,250,basic,88.266,65.594,153.824,116.025,0.951,0.884
16,251,basic,129.809,67.502,154.696,77.814,1.372,1.519
16,252,basic,252.45,171.554,279.744,182.2,1.446,1.622
16,255,basic,84.602,58.696,122.886,83.576,0.808,0.9
16,257,basic,127.196,104.635,186.284,149.92,1.069,1.173
16,259,basic,161.613,115.532,0.0,0.0,1.29,
16,261,basic,182.153,160.135,243.979,208.305,1.052,1.177
16,262,basic,184.983,139.539,159.192,117.427,1.079,1.176
16,264,basic,84.799,44.368,0.0,0.0,0.915,
16,266,basic,103.669,82.129,133.713,106.472,0.893,0.869
16,267,basic,118.412,100.975,143.049,122.022,1.023,1.022
16,268,basic,108.607,103.176,118.903,112.956,1.066,1.08
16,269,basic,105.398,96.258,132.126,119.954,1.023,1.072
16,270,basic,163.769,109.724,170.79,113.578,1.442,1.472
16,272,basic,42.806,39.744,0.0,0.0,1.055,
16,275,basic,96.068,87.294,130.394,116.014,1.155,1.29
16,276,basic,153.416,82.683,123.999,66.37,1.117,1.147
16,277,basic,130.645,87.345,149.615,99.768,1.016,1.028
16,279,basic,104.572,52.515,132.321,65.452,0.986,1.052
16,281,basic,70.01,48.926,79.36,54.645,0.806,0.864
16,282,basic,75.5,56.605,85.297,62.166,0.891,1.006
16,286,basic,181.868,112.132,229.773,129.321,1.744,2.173
16,287,gifted,190.0,174.354,0.0,0.0,,
16,288,basic,181.908,150.136,213.266,176.055,1.305,1.327
16,289,basic,155.26,126.929,0.0,0.0,1.318,
16,291,basic,370.452,241.563,560.452,375.858,2.138,1.969
16,292,basic,565.722,332.158,799.172,454.222,1.514,1.669
16,930,basic,398.875,323.811,499.951,412.358,2.24,2.147
16,935,basic,438.564,293.261,713.812,465.7,1.757,1.835
16,939,basic,221.859,114.947,0.0,0.0,1.667,
16,949,basic,382.19,299.328,644.919,484.722,1.506,1.682
16,955,basic,46.203,43.887,0.0,0.0,2.805,
16,971,basic,0.0,0.0,588.024,294.386,,1.127
16,971,gifted,515.539,473.086,0.0,0.0,,
16,972,basic,260.566,181.24,0.0,0.0,1.784,
16,974,basic,88.018,76.209,205.949,176.604,1.198,1.199
16,977,basic,235.738,172.283,420.199,299.437,1.288,1.413
17,103,basic,270.001,245.106,308.157,279.409,1.687,1.692
17,104,basic,130.35,61.849,148.929,71.332,2.214,2.18
17,105,basic,442.817,228.785,318.502,159.751,2.275,2.435
17,105,gifted,179.623,165.181,0.0,0.0,,
17,106,basic,444.985,299.283,332.089,226.208,1.76,1.679
17,106,gifted,114.726,105.502,0.0,0.0,,
17,107,basic,514.751,273.443,536.582,283.735,2.517,2.543
17,109,basic,142.642,105.957,146.602,108.928,2.028,2.026
17,110,basic,410.437,257.204,424.17,265.507,2.09,2.097
17,113,basic,390.725,257.534,314.534,207.25,2.268,2.265
17,113,gifted,135.094,124.232,0.0,0.0,,
17,115,basic,139.409,87.406,164.524,102.934,1.712,1.723
17,117,basic,254.428,178.023,230.284,163.564,2.287,2.205
17,117,gifted,89.246,82.07,0.0,0.0,,
17,118,basic,266.9,153.722,438.776,253.161,2.107,2.098
17,130,basic,666.306,459.543,709.641,487.799,1.722,1.739
17,201,basic,79.642,49.48,107.272,64.34,1.044,1.227
17,202,basic,166.491,83.465,178.54,86.159,1.629,1.821
17,203,basic,260.749,166.597,284.658,179.36,1.323,1.399
17,204,basic,173.574,112.535,186.268,94.472,1.431,2.864
17,208,basic,200.221,164.553,0.0,0.0,1.279,
17,209,basic,151.729,57.813,171.398,65.203,0.776,0.784
17,210,basic,192.601,87.456,0.0,0.0,1.386,
17,211,basic,83.154,48.97,117.954,67.384,1.089,1.249
17,212,gifted,205.921,189.365,0.0,0.0,,
17,215,basic,121.788,75.826,138.865,86.109,0.896,0.92
17,218,basic,160.354,95.583,180.276,106.979,0.77,0.794
17,220,basic,94.338,71.241,0.0,0.0,1.446,
17,221,basic,162.604,117.444,238.259,151.462,0.973,1.554
17,222,basic,142.895,77.792,169.399,91.618,1.987,2.039
17,225,basic,80.297,40.117,85.44,42.448,1.186,1.215
17,226,basic,256.759,178.263,306.541,211.129,1.278,1.348
17,229,basic,249.403,188.289,0.0,0.0,1.137,
17,230,basic,111.623,68.823,143.333,83.965,1.033,1.32
17,233,basic,276.955,168.428,383.907,230.849,0.823,0.883
17,234,basic,72.075,53.094,0.0,0.0,1.195,
17,235,basic,79.225,50.267,114.337,71.674,1.243,1.319
17,236,basic,44.873,39.735,61.48,55.036,1.036,0.984
17,239,basic,287.76,156.681,295.534,160.728,1.707,1.714
17,241,basic,383.656,135.927,619.395,216.725,1.901,1.972
17,242,basic,157.956,102.766,0.0,0.0,1.23,
17,243,basic,211.581,110.261,301.543,156.333,0.979,1.009
17,244,basic,37.666,34.69,58.992,55.007,1.077,1.055
17,245,basic,323.683,276.589,392.882,335.405,1.233,1.246
17,246,basic,219.995,110.924,320.647,157.515,1.18,1.32
17,247,basic,367.967,130.902,668.505,230.581,1.584,1.741
17,248,basic,147.385,87.775,0.0,0.0,0.891,
17,249,basic,30.841,22.752,35.441,26.331,0.881,0.848
17,250,basic,90.015,60.442,157.14,106.765,0.96,0.896
17,251,basic,127.859,66.369,152.88,77.079,1.386,1.541
17,252,basic,226.327,156.29,252.067,167.76,1.376,1.558
17,255,basic,86.493,53.117,124.783,75.682,0.851,0.921
17,257,basic,121.114,98.927,181.609,145.471,1.075,1.186
17,259,basic,162.408,106.181,0.0,0.0,1.3,
17,261,basic,178.788,157.092,240.249,205.445,1.059,1.19
17,262,basic,185.712,134.489,159.12,113.028,1.066,1.167
17,264,basic,80.2,41.494,0.0,0.0,0.916,
17,266,basic,108.405,85.421,139.872,110.667,0.913,0.889
17,267,basic,119.441,101.759,145.72,124.166,1.022,1.021
17,268,basic,106.575,101.245,116.33,110.511,1.066,1.081
17,269,basic,105.76,97.133,132.246,120.868,1.029,1.076
17,270,basic,155.797,95.136,162.62,98.684,1.467,1.497
17,272,basic,41.481,38.513,0.0,0.0,1.038,
17,275,basic,99.551,92.02,135.306,123.023,1.168,1.315
17,276,basic,150.363,78.377,122.368,63.378,1.13,1.164
17,277,basic,125.211,75.549,143.433,86.33,1.007,1.02
17,279,basic,109.968,49.786,138.182,61.78,1.001,1.067
17,281,basic,63.484,39.273,72.286,44.091,0.822,0.89
17,282,basic,80.474,53.724,90.73,59.119,0.907,1.026
17,286,basic,179.48,114.26,227.95,133.652,1.9,2.378
17,287,gifted,190.0,174.723,0.0,0.0,,
17,288,basic,183.463,149.214,213.62,175.168,1.347,1.336
17,289,basic,154.639,124.659,0.0,0.0,1.378,
17,291,basic,372.466,260.766,561.31,399.821,2.275,2.081
17,292,basic,563.9,330.057,798.163,454.44,1.504,1.657
17,930,basic,399.153,320.455,500.219,404.881,2.286,2.191
17,935,basic,437.699,295.257,712.965,464.239,1.841,1.893
17,939,basic,218.656,114.489,0.0,0.0,1.748,
17,949,basic,376.242,290.932,633.201,470.947,1.504,1.676
17,955,basic,45.435,43.163,0.0,0.0,2.72,
17,971,basic,0.0,0.0,588.707,266.547,,1.13
17,971,gifted,515.908,474.427,0.0,0.0,,
17,972,basic,255.059,183.082,0.0,0.0,1.858,
17,974,basic,86.062,68.63,203.546,161.016,1.193,1.21
17,977,basic,237.654,158.305,422.472,275.905,1.323,1.44
18,103,basic,274.875,250.71,313.39,285.747,1.626,1.626
18,104,basic,123.149,53.592,134.922,60.465,2.447,2.307
18,105,basic,447.057,225.924,325.107,159.971,2.335,2.488
18,105,gifted,176.87,162.757,0.0,0.0,,
18,106,basic,467.889,304.669,348.622,229.797,1.787,1.704
18,106,gifted,117.617,108.232,0.0,0.0,,
18,107,basic,518.658,277.88,539.657,288.04,2.461,2.483
18,109,basic,142.299,101.838,146.293,104.774,2.123,2.118
18,110,basic,397.363,229.287,411.851,237.239,2.086,2.096
18,113,basic,391.322,252.555,318.65,204.888,2.348,2.361
18,113,gifted,134.261,123.548,0.0,0.0,,
18,115,basic,146.976,91.399,173.137,107.473,1.733,1.744
18,117,basic,246.057,163.954,221.171,149.877,2.321,2.226
18,117,gifted,88.928,81.833,0.0,0.0,,
18,118,basic,266.352,149.421,440.393,247.546,2.16,2.149
18,130,basic,664.933,427.45,708.111,453.579,1.733,1.752
18,201,basic,77.039,49.505,103.536,64.428,1.0,1.175
18,202,basic,170.73,86.771,183.174,89.292,1.664,1.885
18,203,basic,282.865,185.332,307.958,199.052,1.356,1.433
18,204,basic,178.515,120.688,190.202,100.359,1.428,2.947
18,208,basic,206.568,167.585,0.0,0.0,1.267,
18,209,basic,147.257,52.36,166.911,59.251,0.783,0.792
18,210,basic,193.276,82.275,0.0,0.0,1.401,
18,211,basic,77.836,47.009,115.523,67.553,1.114,1.295
18,212,gifted,205.999,189.562,0.0,0.0,,
18,215,basic,122.85,71.664,140.361,81.642,0.982,1.007
18,218,basic,154.86,92.63,174.922,104.188,0.761,0.784
18,220,basic,85.817,68.207,0.0,0.0,1.338,
18,221,basic,163.847,111.203,239.418,144.493,0.973,1.534
18,222,basic,150.791,81.49,178.329,96.157,2.258,2.295
18,225,basic,93.041,46.249,99.27,49.072,1.2,1.23
18,226,basic,265.029,169.133,314.154,199.874,1.354,1.402
18,229,basic,248.284,192.901,0.0,0.0,1.153,
18,230,basic,106.023,68.226,139.555,85.276,1.021,1.326
18,233,basic,280.349,169.124,387.936,231.651,0.83,0.887
18,234,basic,79.954,61.447,0.0,0.0,1.211,
18,235,basic,81.441,50.353,115.652,70.674,1.25,1.325
18,236,basic,50.416,44.046,72.241,63.767,1.061,1.011
18,239,basic,257.706,145.481,264.35,149.122,1.696,1.7
18,241,basic,387.094,131.4,624.134,209.362,1.946,2.015
18,242,basic,155.979,103.923,0.0,0.0,1.224,
18,243,basic,217.461,111.947,308.416,158.016,0.994,1.023
18,244,basic,37.605,34.853,58.843,55.172,1.108,1.07
18,245,basic,320.069,268.995,388.542,326.384,1.255,1.264
18,246,basic,235.18,119.612,337.125,167.341,1.157,1.293
18,247,basic,368.096,124.497,667.845,218.902,1.62,1.789
18,248,basic,144.186,88.339,0.0,0.0,0.887,
18,249,basic,30.791,22.834,35.4,26.438,0.891,0.857
18,250,basic,86.441,60.691,155.647,110.526,0.963,0.899
18,251,basic,131.317,63.762,156.151,73.741,1.368,1.522
18,252,basic,243.688,164.227,270.283,175.816,1.458,1.644
18,255,basic,89.785,56.666,128.742,80.41,0.87,0.933
18,257,basic,121.212,99.791,181.045,146.134,1.057,1.173
18,259,basic,163.841,114.803,0.0,0.0,1.238,
18,261,basic,172.131,153.501,232.81,201.681,1.066,1.218
18,262,basic,187.585,138.018,160.342,115.782,1.067,1.171
18,264,basic,79.041,36.969,0.0,0.0,0.918,
18,266,basic,106.185,81.912,136.556,105.807,0.918,0.891
18,267,basic,119.251,102.364,144.4,123.949,1.021,1.021
18,268,basic,108.983,103.534,119.015,113.064,1.056,1.07
18,269,basic,105.835,98.193,132.688,122.658,1.068,1.123
18,270,basic,153.385,98.494,160.368,102.119,1.513,1.555
18,272,basic,40.632,38.031,0.0,0.0,1.062,
18,275,basic,93.205,86.571,125.814,115.393,1.142,1.279
18,276,basic,151.356,74.225,124.076,60.46,1.115,1.15
18,277,basic,118.938,73.901,136.303,84.492,1.012,1.025
18,279,basic,104.49,45.613,132.024,56.908,1.005,1.075
18,281,basic,64.387,41.319,73.135,46.343,0.815,0.879
18,282,basic,73.356,52.187,82.516,57.526,0.858,0.962
18,286,basic,177.1,111.501,225.113,130.626,1.765,2.247
18,287,gifted,190.0,174.839,0.0,0.0,,
18,288,basic,183.383,153.268,214.459,180.173,1.368,1.371
18,289,basic,159.959,137.039,0.0,0.0,1.393,
18,291,basic,376.066,259.013,566.001,399.018,2.32,2.084
18,292,basic,562.551,327.958,797.672,452.265,1.503,1.665
18,930,basic,398.735,344.739,499.789,434.58,2.335,2.254
18,935,basic,437.738,300.878,713.001,475.034,1.875,1.919
18,939,basic,218.678,109.621,0.0,0.0,1.758,
18,949,basic,374.184,305.736,629.859,498.756,1.559,1.717
18,955,basic,45.035,42.783,0.0,0.0,2.729,
18,971,basic,0.0,0.0,584.949,258.206,,1.13
18,971,gifted,515.895,474.73,0.0,0.0,,
18,972,basic,264.463,190.733,0.0,0.0,1.893,
18,974,basic,88.786,78.121,212.719,184.954,1.174,1.205
18,977,basic,230.733,163.579,413.675,287.459,1.314,1.438
19,103,basic,263.609,233.358,300.568,265.959,1.639,1.64
19,104,basic,130.007,51.007,146.917,58.805,2.485,2.383
19,105,basic,435.653,209.944,309.417,145.062,2.309,2.487
19,105,gifted,179.711,165.073,0.0,0.0,,
19,106,basic,442.029,262.887,328.93,197.516,1.819,1.743
19,106,gifted,114.931,105.569,0.0,0.0,,
19,107,basic,495.88,251.581,516.772,261.245,2.485,2.509
19,109,basic,153.682,102.218,158.43,105.42,2.085,2.083
19,110,basic,402.356,196.265,416.339,202.894,2.093,2.099
19,113,basic,395.939,246.227,323.236,200.58,2.335,2.341
19,113,gifted,135.458,124.425,0.0,0.0,,
19,115,basic,147.17,86.66,174.446,102.457,1.737,1.754
19,117,basic,258.077,153.097,232.116,140.024,2.34,2.231
19,117,gifted,89.468,82.181,0.0,0.0,,
19,118,basic,259.343,136.011,421.84,222.046,2.143,2.12
19,130,basic,659.305,359.239,701.96,381.494,1.731,1.746
19,201,basic,80.952,55.343,107.883,71.679,1.042,1.22
19,202,basic,174.993,91.038,188.38,94.005,1.86,2.123
19,203,basic,258.298,184.43,281.514,198.663,1.329,1.406
19,204,basic,181.104,132.386,189.235,113.182,1.507,2.91
19,208,basic,203.325,163.662,0.0,0.0,1.274,
19,209,basic,151.309,48.637,170.423,54.697,0.782,0.792
19,210,basic,192.675,75.992,0.0,0.0,1.426,
19,211,basic,79.489,51.478,118.024,74.259,1.132,1.318
19,212,gifted,206.0,189.221,0.0,0.0,,
19,215,basic,122.694,66.801,139.82,75.867,0.935,0.961
19,218,basic,157.367,96.298,176.478,107.64,0.769,0.789
19,220,basic,87.48,74.491,0.0,0.0,1.348,
19,221,basic,167.563,103.288,244.49,135.198,1.043,1.654
19,222,basic,148.311,86.066,176.439,102.349,2.51,2.538
19,225,basic,83.044,41.686,88.602,44.202,1.237,1.276
19,226,basic,246.78,145.611,295.913,173.159,1.269,1.345
19,229,basic,250.979,211.091,0.0,0.0,1.149,
19,230,basic,102.756,72.358,134.489,90.553,1.036,1.339
19,233,basic,279.564,169.404,386.285,232.039,0.843,0.899
19,234,basic,81.894,68.682,0.0,0.0,1.25,
19,235,basic,83.202,49.696,117.42,69.65,1.302,1.359
19,236,basic,57.005,49.497,84.15,73.658,1.092,1.043
19,239,basic,276.566,167.064,283.815,171.368,1.771,1.774
19,241,basic,384.933,127.052,621.146,202.763,1.921,1.996
19,242,basic,153.487,107.479,0.0,0.0,1.219,
19,243,basic,211.344,110.299,300.979,156.372,0.974,1.005
19,244,basic,39.045,36.689,63.095,59.559,1.143,1.119
19,245,basic,313.577,263.77,383.183,321.797,1.219,1.235
19,246,basic,234.722,121.091,336.782,170.295,1.211,1.343
19,247,basic,370.182,119.688,672.007,211.761,1.59,1.749
19,248,basic,151.466,98.139,0.0,0.0,0.903,
19,249,basic,29.608,22.301,34.382,25.996,0.882,0.861
19,250,basic,88.887,69.107,158.542,124.381,0.955,0.896
19,251,basic,126.527,56.331,151.258,65.66,1.36,1.522
19,252,basic,236.234,163.873,262.723,176.411,1.467,1.666
19,255,basic,85.58,58.185,123.658,83.096,0.847,0.926
19,257,basic,120.602,103.081,181.125,152.442,1.102,1.208
19,259,basic,169.995,132.777,0.0,0.0,1.33,
19,261,basic,174.469,160.266,236.074,211.696,1.108,1.275
19,262,basic,186.902,143.984,160.211,121.386,1.079,1.185
19,264,basic,75.825,30.193,0.0,0.0,0.938,
19,266,basic,108.301,83.007,139.299,107.183,0.915,0.888
19,267,basic,121.409,105.208,147.93,128.142,1.02,1.023
19,268,basic,104.261,99.048,113.848,108.156,1.072,1.087
19,269,basic,104.236,98.331,131.002,123.479,1.077,1.133
19,270,basic,169.231,120.643,176.275,124.751,1.686,1.729
19,272,basic,40.844,38.642,0.0,0.0,1.062,
19,275,basic,97.718,92.256,132.47,124.253,1.172,1.322
19,276,basic,146.034,65.601,119.586,53.432,1.142,1.175
19,277,basic,123.084,82.838,141.157,94.809,1.01,1.023
19,279,basic,107.564,45.316,135.541,56.488,0.991,1.06
19,281,basic,61.732,42.757,69.892,47.879,0.817,0.882
19,282,basic,75.453,60.074,84.861,66.331,0.876,0.987
19,286,basic,171.43,102.02,219.319,121.302,1.881,2.387
19,287,gifted,190.0,174.524,0.0,0.0,,
19,288,basic,189.933,171.106,221.528,200.156,1.325,1.344
19,289,basic,159.278,146.845,0.0,0.0,1.406,
19,291,basic,370.98,263.143,559.748,405.896,2.194,1.994
19,292,basic,566.7,327.12,802.076,452.29,1.528,1.688
19,930,basic,400.085,372.675,501.166,466.52,2.471,2.374
19,935,basic,438.278,320.237,713.466,512.2,1.884,1.927
19,939,basic,214.439,100.805,0.0,0.0,1.717,
19,949,basic,380.132,336.44,639.189,554.567,1.614,1.773
19,955,basic,45.953,43.655,0.0,0.0,2.805,
19,971,basic,0.0,0.0,597.037,258.079,,1.146
19,971,gifted,516.583,474.506,0.0,0.0,,
19,972,basic,268.3,203.164,0.0,0.0,1.929,
19,974,basic,89.15,82.791,206.842,188.352,1.338,1.374
19,977,basic,232.685,186.977,417.898,329.601,1.3,1.431
20,103,basic,273.612,249.904,312.102,284.92,1.652,1.654
20,104,basic,128.831,50.509,144.267,57.602,2.391,2.302
20,105,basic,438.175,203.042,308.64,138.893,2.321,2.504
20,105,gifted,180.144,165.248,0.0,0.0,,
20,106,basic,465.178,283.074,348.478,214.219,1.797,1.719
20,106,gifted,117.666,107.937,0.0,0.0,,
20,107,basic,530.621,259.436,552.708,269.228,2.544,2.569
20,109,basic,157.088,109.375,162.356,113.088,2.081,2.079
20,110,basic,389.725,207.7,403.024,214.578,2.104,2.11
20,113,basic,400.066,248.252,329.552,203.909,2.356,2.367
20,113,gifted,134.955,123.795,0.0,0.0,,
20,115,basic,153.796,87.902,182.346,103.932,1.755,1.772
20,117,basic,259.984,166.436,234.088,152.387,2.319,2.215
20,117,gifted,89.652,82.239,0.0,0.0,,
20,118,basic,267.563,139.475,434.175,227.324,2.113,2.086
20,130,basic,662.373,394.3,705.247,418.663,1.721,1.737
20,201,basic,74.644,48.826,99.867,63.41,1.012,1.191
20,202,basic,167.39,85.474,179.456,88.531,1.641,1.844
20,203,basic,246.62,169.755,269.469,183.262,1.303,1.378
20,204,basic,172.507,122.651,184.728,106.474,1.419,2.823
20,208,basic,199.612,168.22,0.0,0.0,1.27,
20,209,basic,148.456,46.513,167.447,52.39,0.774,0.783
20,210,basic,193.348,77.878,0.0,0.0,1.424,
20,211,basic,75.467,45.92,109.735,64.902,1.117,1.291
20,212,gifted,205.908,188.882,0.0,0.0,,
20,215,basic,126.146,73.03,143.555,82.97,0.926,0.943
20,218,basic,154.895,91.263,174.133,102.232,0.771,0.793
20,220,basic,93.712,77.724,0.0,0.0,1.491,
20,221,basic,163.764,111.1,242.872,145.551,1.095,1.771
20,222,basic,142.746,84.499,169.126,99.42,2.058,2.121
20,225,basic,81.188,39.169,86.44,41.474,1.202,1.236
20,226,basic,258.294,170.2,308.235,201.993,1.342,1.403
20,229,basic,248.7,206.084,0.0,0.0,1.147,
20,230,basic,106.333,69.579,140.781,88.067,1.039,1.332
20,233,basic,282.479,168.464,391.54,231.124,0.838,0.901
20,234,basic,73.04,59.979,0.0,0.0,1.186,
20,235,basic,86.996,54.446,124.337,77.076,1.275,1.346
20,236,basic,48.149,43.617,67.582,61.739,1.079,1.024
20,239,basic,267.919,153.93,274.882,157.84,1.729,1.732
20,241,basic,385.603,122.5,621.647,195.44,1.911,1.979
20,242,basic,166.163,113.722,0.0,0.0,1.231,
20,243,basic,218.168,108.569,309.631,153.519,1.01,1.035
20,244,basic,37.254,34.889,58.684,55.355,1.152,1.097
20,245,basic,318.261,285.333,389.575,349.433,1.256,1.269
20,246,basic,233.625,115.316,334.02,161.409,1.172,1.304
20,247,basic,368.714,114.245,669.075,201.555,1.61,1.778
20,248,basic,139.791,85.375,0.0,0.0,0.877,
20,249,basic,30.401,23.24,35.337,27.181,0.887,0.853
20,250,basic,90.267,65.49,157.275,115.248,0.97,0.907
20,251,basic,129.257,61.029,154.423,71.041,1.378,1.539
20,252,basic,240.013,172.241,266.72,185.11,1.42,1.616
20,255,basic,85.594,54.354,123.572,77.645,0.859,0.929
20,257,basic,120.078,105.513,181.151,156.705,1.086,1.197
20,259,basic,160.773,118.021,0.0,0.0,1.251,
20,261,basic,172.199,158.903,232.85,210.536,1.105,1.258
20,262,basic,188.947,145.262,161.095,121.756,1.071,1.176
20,264,basic,83.369,36.316,0.0,0.0,0.94,
20,266,basic,106.916,86.425,137.649,111.659,0.924,0.9
20,267,basic,113.809,103.673,139.286,126.879,1.016,1.018
20,268,basic,109.068,103.615,119.223,113.262,1.073,1.089
20,269,basic,103.146,97.355,129.001,121.71,1.061,1.112
20,270,basic,156.586,106.9,163.355,110.83,1.45,1.485
20,272,basic,43.175,40.802,0.0,0.0,1.038,
20,275,basic,96.116,90.827,130.184,122.421,1.18,1.334
20,276,basic,153.127,71.968,125.359,58.598,1.125,1.159
20,277,basic,129.571,81.431,148.496,93.143,1.014,1.026
20,279,basic,104.188,42.494,131.598,53.097,1.002,1.069
20,281,basic,64.069,41.394,71.986,46.078,0.802,0.854
20,282,basic,78.007,57.258,87.179,62.847,0.866,0.97
20,286,basic,178.548,113.35,227.126,134.099,2.045,2.546
20,287,gifted,190.0,174.289,0.0,0.0,,
20,288,basic,181.903,161.195,212.513,190.241,1.402,1.388
20,289,basic,157.095,136.931,0.0,0.0,1.364,
20,291,basic,378.343,274.818,565.739,424.1,2.348,2.098
20,292,basic,563.334,317.926,799.387,439.99,1.521,1.685
20,930,basic,398.833,365.421,499.845,458.717,2.364,2.272
20,935,basic,437.404,311.427,712.568,496.847,1.854,1.903
20,939,basic,219.08,105.532,0.0,0.0,1.74,
20,949,basic,380.304,319.334,639.04,523.057,1.58,1.734
20,955,basic,44.185,41.976,0.0,0.0,2.804,
20,971,basic,0.0,0.0,587.018,244.284,,1.132
20,971,gifted,515.758,473.111,0.0,0.0,,
20,972,basic,256.467,194.1,0.0,0.0,1.867,
20,974,basic,85.93,78.589,203.356,182.971,1.223,1.261
20,977,basic,234.839,175.715,418.207,307.462,1.305,1.424
21,103,basic,257.462,228.37,293.548,260.316,1.64,1.641
21,104,basic,140.933,61.54,154.869,69.562,2.519,2.387
21,105,basic,453.15,232.496,321.535,160.569,2.301,2.447
21,105,gifted,181.616,166.263,0.0,0.0,,
21,106,basic,462.415,298.227,344.483,224.788,1.805,1.726
21,106,gifted,117.339,107.42,0.0,0.0,,
21,107,basic,506.681,266.237,528.55,276.536,2.543,2.567
21,109,basic,144.033,100.21,148.601,103.426,2.118,2.116
21,110,basic,388.201,222.615,402.169,230.346,2.136,2.143
21,113,basic,395.187,250.187,316.761,199.286,2.366,2.39
21,113,gifted,136.477,124.94,0.0,0.0,,
21,115,basic,147.246,91.651,173.778,107.943,1.727,1.739
21,117,basic,265.443,171.82,238.197,157.281,2.355,2.247
21,117,gifted,90.378,82.738,0.0,0.0,,
21,118,basic,269.033,151.986,437.972,248.549,2.119,2.095
21,130,basic,652.763,416.967,694.816,442.633,1.723,1.737
21,201,basic,79.903,51.903,107.029,67.237,1.024,1.198
21,202,basic,170.834,87.958,183.927,90.41,1.683,1.92
21,203,basic,254.387,169.535,277.36,182.33,1.295,1.369
21,204,basic,172.463,116.03,185.484,98.197,1.434,2.838
21,208,basic,203.072,163.196,0.0,0.0,1.273,
21,209,basic,152.198,58.491,172.166,66.061,0.781,0.789
21,210,basic,193.279,86.514,0.0,0.0,1.384,
21,211,basic,78.686,48.253,118.026,69.913,1.133,1.318
21,212,gifted,205.474,188.104,0.0,0.0,,
21,215,basic,118.236,70.484,134.619,80.1,0.937,0.954
21,218,basic,156.294,96.245,175.586,107.69,0.761,0.782
21,220,basic,99.331,75.428,0.0,0.0,1.472,
21,221,basic,164.595,111.65,241.693,143.772,0.992,1.597
21,222,basic,143.922,76.748,170.973,90.838,2.299,2.343
21,225,basic,79.65,40.899,84.909,43.326,1.208,1.241
21,226,basic,265.794,170.09,315.462,201.32,1.346,1.392
21,229,basic,246.956,190.988,0.0,0.0,1.139,
21,230,basic,108.858,70.599,140.774,86.875,1.063,1.345
21,233,basic,282.124,174.709,390.757,239.234,0.821,0.882
21,234,basic,75.054,56.825,0.0,0.0,1.233,
21,235,basic,84.196,51.921,121.115,73.829,1.295,1.368
21,236,basic,51.131,44.354,72.501,63.493,1.037,0.992
21,239,basic,287.671,163.074,294.919,167.136,1.722,1.723
21,241,basic,385.998,139.195,622.307,221.923,1.907,1.969
21,242,basic,161.963,107.835,0.0,0.0,1.234,
21,243,basic,214.479,115.243,304.933,163.009,0.977,1.007
21,244,basic,35.397,32.705,55.009,51.484,1.072,1.046
21,245,basic,320.671,263.952,390.882,321.745,1.251,1.257
21,246,basic,231.039,120.878,332.327,169.505,1.174,1.311
21,247,basic,367.006,132.51,666.308,233.305,1.602,1.759
21,248,basic,150.031,93.739,0.0,0.0,0.891,
21,249,basic,31.04,22.92,35.795,26.633,0.886,0.85
21,250,basic,81.679,57.739,148.12,106.025,0.978,0.909
21,251,basic,133.358,66.679,159.293,77.394,1.389,1.542
21,252,basic,241.479,164.669,268.221,176.343,1.418,1.601
21,255,basic,92.917,59.948,131.794,84.058,0.859,0.925
21,257,basic,123.842,100.806,183.983,146.947,1.084,1.192
21,259,basic,163.907,113.442,0.0,0.0,1.314,
21,261,basic,170.57,150.809,229.468,197.981,1.046,1.168
21,262,basic,191.354,140.165,163.598,117.528,1.086,1.189
21,264,basic,84.013,40.752,0.0,0.0,0.953,
21,266,basic,105.198,81.442,135.302,105.238,0.896,0.87
21,267,basic,111.227,93.318,135.672,113.792,1.011,1.013
21,268,basic,109.988,104.488,120.092,114.087,1.066,1.079
21,269,basic,105.081,96.563,131.238,120.07,1.043,1.085
21,270,basic,168.633,108.673,175.551,112.329,1.513,1.547
21,272,basic,42.492,39.7,0.0,0.0,1.033,
21,275,basic,97.489,89.924,131.061,118.946,1.146,1.284
21,276,basic,152.186,77.554,123.873,62.683,1.116,1.154
21,277,basic,130.932,83.104,150.217,95.105,1.015,1.028
21,279,basic,105.076,48.545,131.993,60.277,0.99,1.052
21,281,basic,66.246,43.415,75.056,48.572,0.808,0.869
21,282,basic,76.344,54.757,85.56,60.048,0.87,0.977
21,286,basic,180.375,106.403,228.682,124.972,2.024,2.485
21,287,gifted,190.0,173.938,0.0,0.0,,
21,288,basic,189.111,154.434,220.094,182.069,1.395,1.365
21,289,basic,156.529,131.985,0.0,0.0,1.378,
21,291,basic,373.102,249.302,558.406,384.48,2.365,2.114
21,292,basic,564.178,332.175,799.409,457.954,1.518,1.672
21,930,basic,399.374,334.909,500.371,423.281,2.348,2.259
21,935,basic,437.255,298.227,712.473,472.12,1.868,1.915
21,939,basic,220.305,112.609,0.0,0.0,1.732,
21,949,basic,377.028,302.124,633.086,491.238,1.552,1.706
21,955,basic,45.721,43.435,0.0,0.0,2.779,
21,971,basic,0.0,0.0,587.002,272.468,,1.129
21,971,gifted,515.69,472.097,0.0,0.0,,
21,972,basic,261.813,186.768,0.0,0.0,1.899,
21,974,basic,86.833,74.284,206.556,174.579,1.216,1.247
21,977,basic,237.73,168.176,421.364,292.401,1.308,1.423
22,103,basic,277.32,250.095,316.455,285.1,1.662,1.666
22,104,basic,132.36,60.105,150.162,68.91,2.196,2.157
22,105,basic,440.963,227.977,317.147,159.222,2.239,2.391
22,105,gifted,180.392,165.409,0.0,0.0,,
22,106,basic,459.482,300.968,343.698,228.201,1.737,1.654
22,106,gifted,117.212,107.477,0.0,0.0,,
22,107,basic,521.487,276.278,543.141,286.487,2.492,2.516
22,109,basic,142.135,101.458,146.172,104.353,2.036,2.035
22,110,basic,391.45,215.791,404.643,222.856,2.135,2.14
22,113,basic,388.11,254.444,308.261,202.504,2.273,2.256
22,113,gifted,135.657,124.389,0.0,0.0,,
22,115,basic,145.847,92.184,171.721,108.353,1.71,1.718
22,117,basic,259.918,167.869,234.745,154.043,2.306,2.223
22,117,gifted,89.822,82.362,0.0,0.0,,
22,118,basic,259.991,146.737,427.477,241.664,2.109,2.1
22,130,basic,656.77,410.986,699.534,436.347,1.675,1.69
22,201,basic,77.746,50.687,103.936,65.391,1.022,1.197
22,202,basic,170.455,86.214,183.031,88.604,1.67,1.883
22,203,basic,258.753,173.014,282.672,186.279,1.316,1.391
22,204,basic,184.81,126.008,187.741,100.645,1.425,2.762
22,208,basic,203.71,164.57,0.0,0.0,1.273,
22,209,basic,142.324,50.02,159.569,55.988,0.768,0.776
22,210,basic,193.485,79.865,0.0,0.0,1.406,
22,211,basic,76.226,47.053,109.588,65.485,1.108,1.271
22,212,gifted,205.609,188.531,0.0,0.0,,
22,215,basic,122.533,69.988,139.662,79.454,0.885,0.908
22,218,basic,157.968,95.728,176.758,106.674,0.769,0.789
22,220,basic,90.302,71.071,0.0,0.0,1.384,
22,221,basic,160.493,104.684,234.49,135.052,0.944,1.48
22,222,basic,146.087,80.023,173.601,94.831,2.164,2.196
22,225,basic,102.219,50.026,109.397,53.147,1.287,1.324
22,226,basic,255.604,157.563,304.768,185.642,1.229,1.313
22,229,basic,243.899,192.1,0.0,0.0,1.138,
22,230,basic,112.03,73.612,144.712,90.29,1.061,1.341
22,233,basic,284.332,171.967,393.621,235.25,0.833,0.894
22,234,basic,74.561,58.522,0.0,0.0,1.161,
22,235,basic,87.471,53.097,122.757,73.609,1.192,1.264
22,236,basic,50.541,43.229,72.339,62.545,1.07,1.02
22,239,basic,280.224,158.094,287.782,162.156,1.722,1.728
22,241,basic,384.438,129.232,620.404,206.035,1.867,1.933
22,242,basic,155.209,103.34,0.0,0.0,1.222,
22,243,basic,220.734,114.871,313.668,162.399,0.987,1.016
22,244,basic,34.293,31.861,53.976,50.614,1.084,1.06
22,245,basic,322.77,263.915,391.845,319.857,1.231,1.245
22,246,basic,227.747,116.828,326.937,163.176,1.134,1.273
22,247,basic,364.304,121.492,662.517,213.993,1.586,1.741
22,248,basic,142.071,88.924,0.0,0.0,0.878,
22,249,basic,27.778,20.319,32.211,23.72,0.9,0.87
22,250,basic,89.838,65.122,156.612,114.923,0.961,0.898
22,251,basic,129.801,60.01,154.926,69.455,1.4,1.557
22,252,basic,233.084,156.638,259.343,167.694,1.424,1.607
22,255,basic,87.215,56.794,126.645,81.255,0.839,0.919
22,257,basic,125.395,102.822,186.289,149.815,1.086,1.192
22,259,basic,162.772,115.348,0.0,0.0,1.333,
22,261,basic,180.046,160.244,242.453,209.499,1.066,1.211
22,262,basic,182.514,134.608,157.482,113.694,1.068,1.175
22,264,basic,81.538,36.098,0.0,0.0,0.912,
22,266,basic,106.495,81.175,137.215,105.078,0.905,0.879
22,267,basic,121.823,102.151,147.472,123.643,1.012,1.013
22,268,basic,111.296,105.731,121.711,115.626,1.056,1.071
22,269,basic,107.166,99.202,134.246,123.751,1.043,1.096
22,270,basic,163.798,107.564,170.864,111.324,1.527,1.564
22,272,basic,40.481,37.998,0.0,0.0,1.054,
22,275,basic,94.217,87.359,127.98,116.948,1.158,1.297
22,276,basic,160.301,76.188,129.055,60.907,1.113,1.149
22,277,basic,124.978,79.885,143.254,91.335,1.012,1.025
22,279,basic,108.906,47.333,137.428,58.911,1.005,1.074
22,281,basic,66.237,43.729,75.066,48.898,0.819,0.88
22,282,basic,74.629,55.079,83.923,60.572,0.872,0.976
22,286,basic,175.773,104.195,224.358,121.539,1.788,2.273
22,287,gifted,190.0,174.219,0.0,0.0,,
22,288,basic,179.428,152.173,210.199,178.711,1.3,1.317
22,289,basic,157.695,141.365,0.0,0.0,1.38,
22,291,basic,369.13,257.122,557.405,393.188,2.145,1.976
22,292,basic,564.322,330.176,798.325,453.271,1.509,1.669
22,930,basic,399.802,350.157,500.875,441.89,2.371,2.272
22,935,basic,438.213,306.835,713.656,483.509,1.856,1.902
22,939,basic,219.927,107.514,0.0,0.0,1.717,
22,949,basic,372.928,314.269,626.625,511.031,1.521,1.682
22,955,basic,43.43,41.258,0.0,0.0,2.785,
22,971,basic,0.0,0.0,590.25,260.279,,1.129
22,971,gifted,515.97,473.114,0.0,0.0,,
22,972,basic,261.354,191.407,0.0,0.0,1.885,
22,974,basic,85.218,75.58,198.961,174.148,1.242,1.252
22,977,basic,237.211,172.561,423.419,301.42,1.311,1.434
23,103,basic,262.405,236.305,299.236,269.384,1.606,1.607
23,104,basic,148.527,57.03,165.65,65.331,2.525,2.401
23,105,basic,437.538,207.367,309.768,142.802,2.279,2.432
23,105,gifted,179.215,164.702,0.0,0.0,,
23,106,basic,452.316,273.463,338.7,206.787,1.814,1.745
23,106,gifted,114.835,105.536,0.0,0.0,,
23,107,basic,531.456,262.089,553.159,271.733,2.489,2.512
23,109,basic,155.435,104.297,160.196,107.533,2.117,2.115
23,110,basic,388.982,201.516,402.434,208.305,2.1,2.105
23,113,basic,393.017,242.509,313.027,192.201,2.341,2.358
23,113,gifted,135.722,124.731,0.0,0.0,,
23,115,basic,146.519,85.642,172.77,100.804,1.722,1.732
23,117,basic,257.286,157.82,230.662,144.169,2.337,2.232
23,117,gifted,89.943,82.659,0.0,0.0,,
23,118,basic,265.705,139.845,433.444,228.963,2.075,2.055
23,130,basic,657.121,380.643,699.711,404.049,1.698,1.714
23,201,basic,78.011,51.294,106.393,67.601,1.125,1.311
23,202,basic,170.06,87.01,183.068,89.549,1.7,1.937
23,203,basic,265.912,182.779,290.651,196.857,1.388,1.471
23,204,basic,169.492,121.057,185.861,103.842,1.422,2.898
23,208,basic,204.964,170.1,0.0,0.0,1.272,
23,209,basic,147.701,48.349,166.001,54.263,0.773,0.781
23,210,basic,192.781,78.643,0.0,0.0,1.377,
23,211,basic,77.49,48.721,115.959,70.464,1.113,1.3
23,212,gifted,205.98,189.3,0.0,0.0,,
23,215,basic,117.995,66.887,134.62,76.013,0.92,0.946
23,218,basic,161.47,98.267,181.2,109.838,0.771,0.793
23,220,basic,89.281,74.4,0.0,0.0,1.383,
23,221,basic,168.518,112.425,246.16,144.924,0.99,1.579
23,222,basic,154.006,84.904,182.511,100.031,2.414,2.471
23,225,basic,84.325,41.285,90.378,43.95,1.265,1.301
23,226,basic,254.548,160.555,304.118,190.6,1.291,1.355
23,229,basic,248.909,207.062,0.0,0.0,1.143,
23,230,basic,97.771,66.306,130.906,84.346,1.035,1.332
23,233,basic,280.147,171.21,387.882,234.504,0.815,0.874
23,234,basic,75.798,62.271,0.0,0.0,1.208,
23,235,basic,87.209,53.12,123.635,74.393,1.303,1.379
23,236,basic,51.951,45.911,74.797,66.795,1.111,1.058
23,239,basic,274.274,160.905,281.179,164.905,1.678,1.68
23,241,basic,384.176,124.537,620.28,198.466,1.898,1.973
23,242,basic,159.951,109.979,0.0,0.0,1.223,
23,243,basic,215.809,111.846,306.743,158.125,0.974,1.006
23,244,basic,36.577,34.106,57.759,54.363,1.15,1.109
23,245,basic,322.75,280.997,392.175,341.162,1.227,1.242
23,246,basic,236.768,119.156,338.863,166.618,1.218,1.347
23,247,basic,366.287,117.154,665.491,206.432,1.583,1.743
23,248,basic,145.306,91.617,0.0,0.0,0.89,
23,249,basic,31.342,23.822,36.295,27.75,0.874,0.846
23,250,basic,90.022,67.646,158.155,120.215,0.958,0.894
23,251,basic,135.449,62.773,161.257,72.632,1.394,1.551
23,252,basic,238.639,169.059,265.27,181.059,1.433,1.626
23,255,basic,90.276,59.578,128.798,83.993,0.853,0.922
23,257,basic,122.281,106.947,181.742,156.132,1.064,1.175
23,259,basic,161.875,120.457,0.0,0.0,1.324,
23,261,basic,164.387,151.072,221.134,198.989,1.07,1.204
23,262,basic,189.645,145.992,161.907,122.396,1.075,1.173
23,264,basic,76.883,32.852,0.0,0.0,0.952,
23,266,basic,106.518,84.835,137.194,109.735,0.923,0.898
23,267,basic,115.978,102.649,141.54,125.222,1.017,1.019
23,268,basic,112.079,106.475,122.433,116.312,1.071,1.086
23,269,basic,106.336,99.965,133.018,124.906,1.062,1.112
23,270,basic,151.604,104.878,158.442,108.712,1.505,1.545
23,272,basic,41.233,38.874,0.0,0.0,1.077,
23,275,basic,95.934,90.49,131.281,122.967,1.199,1.35
23,276,basic,148.793,69.542,121.646,56.56,1.15,1.178
23,277,basic,123.599,80.592,142.054,92.386,1.02,1.034
23,279,basic,110.734,46.728,139.221,58.048,1.002,1.067
23,281,basic,67.94,45.618,77.093,51.113,0.813,0.875
23,282,basic,71.237,54.35,80.603,60.078,0.878,0.997
23,286,basic,177.775,107.5,226.552,126.315,1.962,2.454
23,287,gifted,190.0,174.614,0.0,0.0,,
23,288,basic,197.787,172.827,231.029,204.062,1.428,1.418
23,289,basic,155.207,139.069,0.0,0.0,1.366,
23,291,basic,371.473,261.073,558.542,405.778,2.334,2.091
23,292,basic,562.612,322.307,796.901,444.522,1.519,1.674
23,930,basic,399.002,361.299,500.039,453.111,2.412,2.334
23,935,basic,437.946,313.456,713.156,499.61,1.848,1.898
23,939,basic,218.798,104.406,0.0,0.0,1.713,
23,949,basic,379.362,324.752,636.564,529.047,1.534,1.699
23,955,basic,46.58,44.251,0.0,0.0,2.71,
23,971,basic,0.0,0.0,585.131,252.07,,1.127
23,971,gifted,515.72,473.957,0.0,0.0,,
23,972,basic,263.36,196.317,0.0,0.0,1.926,
23,974,basic,88.953,81.512,212.072,190.864,1.216,1.248
23,977,basic,240.609,183.158,426.227,318.341,1.328,1.444
24,103,basic,274.519,236.137,313.275,269.2,1.651,1.655
24,104,basic,132.069,57.073,151.46,65.629,2.087,2.084
24,105,basic,475.329,221.539,338.046,153.015,2.316,2.453
24,105,gifted,186.469,170.249,0.0,0.0,,
24,106,basic,454.306,279.931,339.879,213.077,1.695,1.603
24,106,gifted,117.015,106.837,0.0,0.0,,
24,107,basic,522.58,253.494,544.446,262.798,2.501,2.526
24,109,basic,146.707,97.897,151.041,100.868,2.029,2.025
24,110,basic,405.437,210.482,419.986,217.633,2.143,2.152
24,113,basic,388.327,233.157,311.278,187.025,2.276,2.269
24,113,gifted,134.764,123.042,0.0,0.0,,
24,115,basic,149.344,87.177,176.28,102.633,1.717,1.729
24,117,basic,253.23,152.745,230.044,140.64,2.316,2.251
24,117,gifted,89.579,81.787,0.0,0.0,,
24,118,basic,277.748,145.081,453.206,237.516,2.105,2.09
24,130,basic,668.61,396.299,712.342,420.135,1.707,1.728
24,201,basic,83.273,56.324,110.682,72.012,0.962,1.133
24,202,basic,162.238,86.768,173.438,89.556,1.511,1.662
24,203,basic,271.568,186.775,295.924,200.62,1.278,1.346
24,204,basic,174.334,120.615,187.786,99.172,1.444,2.833
24,208,basic,202.769,164.934,0.0,0.0,1.224,
24,209,basic,152.438,56.978,172.468,64.35,0.787,0.795
24,210,basic,192.202,83.799,0.0,0.0,1.386,
24,211,basic,73.095,46.402,104.163,63.95,1.087,1.24
24,212,gifted,206.12,188.191,0.0,0.0,,
24,215,basic,121.911,75.327,138.5,85.342,0.872,0.887
24,218,basic,157.349,99.441,175.969,110.688,0.753,0.774
24,220,basic,88.549,72.028,0.0,0.0,1.305,
24,221,basic,164.479,114.211,241.098,146.379,0.96,1.49
24,222,basic,134.831,83.156,160.181,97.853,1.653,1.704
24,225,basic,87.119,44.935,93.081,47.696,1.198,1.228
24,226,basic,252.924,166.575,302.255,196.271,1.226,1.315
24,229,basic,250.447,202.332,0.0,0.0,1.136,
24,230,basic,109.638,73.834,141.999,90.114,1.03,1.32
24,233,basic,282.964,178.833,391.951,244.55,0.833,0.892
24,234,basic,77.102,62.35,0.0,0.0,1.13,
24,235,basic,74.536,48.544,106.686,68.529,1.116,1.191
24,236,basic,48.321,42.408,66.359,58.935,1.023,0.975
24,239,basic,271.972,157.547,279.631,161.595,1.67,1.682
24,241,basic,381.144,133.355,616.287,212.312,1.844,1.921
24,242,basic,162.39,111.765,0.0,0.0,1.223,
24,243,basic,213.803,115.514,305.28,163.964,0.983,1.013
24,244,basic,38.667,35.842,61.61,57.743,1.11,1.086
24,245,basic,322.702,276.178,391.825,334.899,1.224,1.238
24,246,basic,240.205,125.751,342.847,174.521,1.197,1.327
24,247,basic,367.681,128.739,669.14,226.464,1.553,1.702
24,248,basic,143.995,92.888,0.0,0.0,0.887,
24,249,basic,31.339,24.179,36.082,28.103,0.881,0.843
24,250,basic,86.667,64.084,151.865,113.741,0.957,0.896
24,251,basic,131.449,64.765,156.65,74.73,1.364,1.513
24,252,basic,240.02,166.709,266.891,177.704,1.397,1.578
24,255,basic,85.043,56.677,123.187,80.971,0.861,0.929
24,257,basic,123.729,104.595,185.59,153.387,1.079,1.194
24,259,basic,163.138,116.335,0.0,0.0,1.342,
24,261,basic,180.101,161.711,243.337,211.899,1.077,1.226
24,262,basic,185.68,141.77,159.734,119.107,1.063,1.171
24,264,basic,76.014,36.626,0.0,0.0,0.906,
24,266,basic,107.055,85.564,138.382,111.073,0.908,0.886
24,267,basic,118.23,104.146,142.297,125.419,1.023,1.021
24,268,basic,111.751,106.164,122.122,116.016,1.065,1.08
24,269,basic,105.143,97.507,131.539,121.577,1.054,1.104
24,270,basic,144.628,98.628,151.31,102.446,1.383,1.414
24,272,basic,43.189,40.486,0.0,0.0,1.048,
24,275,basic,94.227,87.305,130.193,118.708,1.197,1.344
24,276,basic,153.863,77.826,124.873,62.623,1.104,1.144
24,277,basic,136.279,88.727,155.784,101.169,1.024,1.035
24,279,basic,108.948,49.625,136.718,61.351,1.008,1.076
24,281,basic,66.804,45.424,75.439,50.639,0.806,0.859
24,282,basic,75.26,56.621,84.963,62.37,0.854,0.958
24,286,basic,182.489,112.959,231.277,130.204,1.798,2.268
24,287,gifted,190.0,173.473,0.0,0.0,,
24,288,basic,187.457,158.524,219.593,186.527,1.349,1.361
24,289,basic,151.97,129.006,0.0,0.0,1.316,
24,291,basic,377.755,249.816,567.446,388.984,2.287,2.064
24,292,basic,560.495,325.076,794.703,445.377,1.471,1.637
24,930,basic,399.18,343.436,500.242,434.942,2.272,2.175
24,935,basic,437.831,298.796,713.158,474.43,1.779,1.85
24,939,basic,219.082,108.289,0.0,0.0,1.704,
24,949,basic,374.953,306.139,627.975,494.06,1.484,1.649
24,955,basic,44.601,42.371,0.0,0.0,2.726,
24,971,basic,0.0,0.0,595.618,273.881,,1.126
24,971,gifted,516.879,471.92,0.0,0.0,,
24,972,basic,259.632,186.875,0.0,0.0,1.789,
24,974,basic,84.849,75.59,200.096,176.092,1.181,1.185
24,977,basic,246.756,180.991,434.59,311.77,1.327,1.443
25,103,basic,265.863,232.274,303.251,264.786,1.651,1.653
25,104,basic,119.862,46.237,131.649,51.722,2.159,2.083
25,105,basic,481.372,211.874,349.493,150.149,2.31,2.436
25,105,gifted,184.799,169.216,0.0,0.0,,
25,106,basic,454.287,263.644,332.63,196.509,1.752,1.645
25,106,gifted,117.145,107.267,0.0,0.0,,
25,107,basic,509.765,236.662,531.238,245.544,2.506,2.53
25,109,basic,148.072,95.655,152.238,98.415,2.087,2.084
25,110,basic,404.103,193.31,417.964,199.659,2.137,2.145
25,113,basic,376.372,220.937,301.18,176.542,2.305,2.306
25,113,gifted,132.924,121.715,0.0,0.0,,
25,115,basic,145.676,81.036,171.601,95.287,1.717,1.727
25,117,basic,259.061,151.444,235.49,139.651,2.3,2.225
25,117,gifted,89.586,82.031,0.0,0.0,,
25,118,basic,270.88,132.943,447.187,219.782,2.144,2.137
25,130,basic,668.452,363.823,712.073,386.041,1.754,1.772
25,201,basic,77.071,52.573,103.857,68.323,1.042,1.221
25,202,basic,169.845,90.08,181.893,92.749,1.591,1.778
25,203,basic,263.44,186.143,288.139,200.558,1.361,1.439
25,204,basic,184.578,135.191,190.275,107.898,1.444,2.876
25,208,basic,205.87,171.23,0.0,0.0,1.247,
25,209,basic,145.628,47.654,163.878,53.557,0.78,0.786
25,210,basic,191.907,77.876,0.0,0.0,1.385,
25,211,basic,73.423,47.428,105.835,66.189,1.093,1.256
25,212,gifted,206.034,188.66,0.0,0.0,,
25,215,basic,118.681,70.323,135.11,79.697,0.879,0.903
25,218,basic,157.203,97.847,175.992,109.057,0.77,0.792
25,220,basic,84.876,71.592,0.0,0.0,1.356,
25,221,basic,163.722,111.883,239.853,144.468,0.967,1.514
25,222,basic,149.027,92.416,175.502,107.98,1.881,1.932
25,225,basic,88.724,43.979,95.137,46.821,1.266,1.302
25,226,basic,254.827,164.271,304.514,193.708,1.268,1.358
25,229,basic,250.168,214.689,0.0,0.0,1.146,
25,230,basic,125.141,86.284,156.171,102.514,1.079,1.346
25,233,basic,280.751,174.907,387.644,239.075,0.84,0.891
25,234,basic,75.026,64.353,0.0,0.0,1.164,
25,235,basic,86.341,54.906,121.856,76.499,1.21,1.286
25,236,basic,47.076,41.898,64.667,58.165,1.08,1.027
25,239,basic,272.396,162.346,279.526,166.43,1.697,1.703
25,241,basic,384.594,123.772,621.295,197.145,1.884,1.962
25,242,basic,154.382,109.577,0.0,0.0,1.228,
25,243,basic,216.638,113.203,307.915,160.071,0.992,1.021
25,244,basic,37.569,35.178,59.666,56.214,1.117,1.1
25,245,basic,322.304,286.414,391.743,347.962,1.241,1.257
25,246,basic,234.393,119.722,337.917,168.387,1.216,1.344
25,247,basic,367.32,116.399,668.11,205.189,1.583,1.735
25,248,basic,143.315,93.229,0.0,0.0,0.887,
25,249,basic,30.108,23.878,35.33,28.175,0.875,0.851
25,250,basic,87.903,67.947,156.456,122.425,0.966,0.902
25,251,basic,129.002,60.383,154.101,70.008,1.341,1.492
25,252,basic,234.865,169.408,261.159,181.386,1.393,1.571
25,255,basic,89.713,61.16,129.539,86.909,0.831,0.917
25,257,basic,123.84,110.041,184.696,161.354,1.083,1.19
25,259,basic,158.483,122.933,0.0,0.0,1.251,
25,261,basic,179.277,165.16,242.691,218.166,1.098,1.256
25,262,basic,188.892,150.021,162.109,126.043,1.073,1.179
25,264,basic,80.898,34.957,0.0,0.0,0.937,
25,266,basic,105.095,86.402,135.59,111.953,0.893,0.87
25,267,basic,117.047,107.488,142.159,130.613,1.036,1.036
25,268,basic,109.167,103.708,119.577,113.598,1.069,1.085
25,269,basic,108.198,102.028,135.006,127.241,1.01,1.06
25,270,basic,158.266,113.928,165.265,118.083,1.422,1.457
25,272,basic,39.742,37.456,0.0,0.0,1.097,
25,275,basic,88.802,83.758,122.238,114.507,1.197,1.347
25,276,basic,156.636,74.206,126.475,59.457,1.107,1.145
25,277,basic,129.843,86.587,148.654,98.89,1.012,1.024
25,279,basic,106.006,44.943,133.775,55.95,1.004,1.072
25,281,basic,67.041,46.19,76.772,52.061,0.832,0.905
25,282,basic,77.449,60.403,87.344,66.357,0.923,1.047
25,286,basic,175.152,110.852,223.476,129.318,1.805,2.289
25,287,gifted,190.0,173.978,0.0,0.0,,
25,288,basic,191.937,170.695,225.68,201.566,1.398,1.421
25,289,basic,157.07,138.025,0.0,0.0,1.36,
25,291,basic,376.308,261.16,566.38,408.28,2.283,2.059
25,292,basic,562.059,319.487,797.976,438.921,1.483,1.659
25,930,basic,398.587,365.042,499.578,458.172,2.353,2.265
25,935,basic,438.128,310.376,713.498,497.439,1.807,1.87
25,939,basic,214.255,101.325,0.0,0.0,1.688,
25,949,basic,377.133,323.571,633.89,527.662,1.513,1.684
25,955,basic,45.567,43.289,0.0,0.0,2.764,
25,971,basic,0.0,0.0,587.918,253.953,,1.14
25,971,gifted,516.157,472.632,0.0,0.0,,
25,972,basic,258.51,192.821,0.0,0.0,1.837,
25,974,basic,89.219,82.293,210.678,191.235,1.225,1.231
25,977,basic,240.353,189.376,426.106,328.811,1.317,1.435
26,103,basic,275.219,234.871,313.892,267.77,1.629,1.631
26,104,basic,131.302,52.761,144.128,59.226,2.231,2.14
26,105,basic,437.055,200.938,315.461,141.085,2.246,2.38
26,105,gifted,178.651,164.388,0.0,0.0,,
26,106,basic,467.554,274.496,346.1,206.473,1.768,1.676
26,106,gifted,117.964,108.546,0.0,0.0,,
26,107,basic,520.535,247.057,542.776,256.379,2.521,2.546
26,109,basic,151.527,96.904,156.123,99.776,2.111,2.114
26,110,basic,397.971,196.65,412.0,203.334,2.082,2.088
26,113,basic,376.467,220.294,297.403,173.781,2.292,2.291
26,113,gifted,132.929,122.316,0.0,0.0,,
26,115,basic,153.978,87.913,180.943,103.176,1.723,1.729
26,117,basic,256.963,148.515,230.941,136.318,2.341,2.238
26,117,gifted,89.781,82.613,0.0,0.0,,
26,118,basic,269.735,137.494,445.061,227.138,2.087,2.082
26,130,basic,654.456,373.268,696.43,396.182,1.655,1.666
26,201,basic,80.223,54.85,108.285,71.276,1.046,1.222
26,202,basic,163.402,89.374,174.682,92.222,1.536,1.692
26,203,basic,259.71,184.555,283.269,198.394,1.28,1.35
26,204,basic,170.651,125.136,184.783,102.653,1.359,2.804
26,208,basic,208.206,168.373,0.0,0.0,1.238,
26,209,basic,137.594,50.66,153.598,56.462,0.767,0.775
26,210,basic,192.881,82.85,0.0,0.0,1.385,
26,211,basic,74.71,48.831,108.638,68.544,1.1,1.266
26,212,gifted,205.93,189.489,0.0,0.0,,
26,215,basic,117.613,72.943,133.9,82.723,0.855,0.875
26,218,basic,155.013,99.521,174.213,111.346,0.76,0.781
26,220,basic,89.044,72.862,0.0,0.0,1.384,
26,221,basic,160.727,110.167,235.314,141.115,0.957,1.495
26,222,basic,140.855,88.33,166.894,103.455,1.754,1.817
26,225,basic,81.573,42.882,87.0,45.41,1.18,1.213
26,226,basic,259.308,167.081,309.578,197.129,1.266,1.347
26,229,basic,245.494,204.944,0.0,0.0,1.146,
26,230,basic,119.017,83.118,150.147,99.161,1.034,1.314
26,233,basic,279.4,179.077,389.0,245.61,0.833,0.904
26,234,basic,75.796,63.174,0.0,0.0,1.186,
26,235,basic,80.822,52.324,116.329,74.402,1.182,1.251
26,236,basic,51.255,45.064,71.742,63.801,1.028,0.981
26,239,basic,261.557,156.992,268.653,160.985,1.669,1.678
26,241,basic,385.297,133.659,621.739,212.606,1.876,1.949
26,242,basic,156.649,111.541,0.0,0.0,1.215,
26,243,basic,212.967,116.525,303.266,164.898,0.97,1.002
26,244,basic,36.674,34.081,57.458,53.937,1.099,1.062
26,245,basic,318.216,276.069,388.785,336.88,1.217,1.234
26,246,basic,232.84,125.465,333.107,174.787,1.151,1.276
26,247,basic,365.318,125.863,662.203,220.507,1.596,1.75
26,248,basic,147.755,98.447,0.0,0.0,0.888,
26,249,basic,28.007,22.231,32.368,25.881,0.875,0.845
26,250,basic,91.596,70.53,160.494,125.174,0.952,0.89
26,251,basic,134.0,63.915,159.289,73.613,1.433,1.584
26,252,basic,251.982,173.698,279.406,184.66,1.486,1.674
26,255,basic,88.741,61.522,128.14,87.375,0.829,0.912
26,257,basic,122.263,105.04,182.476,153.683,1.087,1.194
26,259,basic,152.409,115.972,0.0,0.0,1.255,
26,261,basic,174.263,158.342,235.461,208.159,1.076,1.225
26,262,basic,187.114,147.212,159.609,122.932,1.051,1.149
26,264,basic,83.055,38.746,0.0,0.0,0.913,
26,266,basic,106.67,86.405,138.0,112.275,0.885,0.862
26,267,basic,118.753,107.542,143.927,130.369,1.008,1.008
26,268,basic,107.264,101.9,116.994,111.144,1.061,1.076
26,269,basic,107.223,100.199,134.574,125.49,1.102,1.158
26,270,basic,155.294,110.515,162.172,114.551,1.402,1.435
26,272,basic,39.51,37.198,0.0,0.0,1.036,
26,275,basic,96.976,90.518,130.608,120.408,1.143,1.282
26,276,basic,155.179,76.724,125.438,61.692,1.145,1.171
26,277,basic,128.114,86.144,146.918,98.515,1.017,1.029
26,279,basic,106.878,48.557,135.371,60.606,1.008,1.076
26,281,basic,67.067,47.204,75.973,52.754,0.807,0.864
26,282,basic,78.796,61.777,88.241,67.589,0.867,0.968
26,286,basic,184.057,113.235,233.58,130.156,1.843,2.345
26,287,gifted,190.0,174.831,0.0,0.0,,
26,288,basic,190.001,164.274,223.035,193.53,1.357,1.377
26,289,basic,155.49,133.519,0.0,0.0,1.354,
26,291,basic,370.547,250.493,558.367,390.308,2.159,1.968
26,292,basic,562.45,324.982,796.583,444.569,1.489,1.664
26,930,basic,399.123,354.72,500.182,447.646,2.3,2.204
26,935,basic,437.962,298.958,713.272,480.011,1.836,1.885
26,939,basic,220.742,107.283,0.0,0.0,1.724,
26,949,basic,377.514,317.417,633.573,515.234,1.486,1.652
26,955,basic,45.125,42.868,0.0,0.0,2.722,
26,971,basic,0.0,0.0,575.425,266.124,,1.109
26,971,gifted,514.386,473.318,0.0,0.0,,
26,972,basic,256.174,185.048,0.0,0.0,1.815,
26,974,basic,86.961,78.9,203.619,181.418,1.246,1.258
26,977,basic,244.875,188.991,433.394,327.252,1.321,1.437
27,103,basic,258.486,222.408,294.726,253.515,1.614,1.614
27,104,basic,134.656,56.284,147.636,63.407,2.343,2.234
27,105,basic,430.312,205.641,310.982,143.735,2.257,2.404
27,105,gifted,175.943,162.315,0.0,0.0,,
27,106,basic,444.856,274.19,327.252,205.412,1.766,1.673
27,106,gifted,115.563,106.612,0.0,0.0,,
27,107,basic,505.435,247.316,526.702,256.435,2.468,2.491
27,109,basic,153.76,100.828,158.484,103.893,2.097,2.098
27,110,basic,389.538,210.422,403.097,217.472,2.088,2.094
27,113,basic,381.174,226.23,306.716,181.468,2.328,2.338
27,113,gifted,133.1,122.79,0.0,0.0,,
27,115,basic,150.036,89.011,176.867,104.722,1.714,1.722
27,117,basic,256.594,154.973,229.794,141.866,2.33,2.234
27,117,gifted,90.08,83.103,0.0,0.0,,
27,118,basic,265.517,140.542,438.424,232.514,2.096,2.088
27,130,basic,670.329,410.117,713.474,435.079,1.682,1.695
27,201,basic,86.997,58.145,117.163,75.149,1.036,1.204
27,202,basic,166.066,86.352,179.206,88.222,1.618,1.837
27,203,basic,259.465,177.465,282.746,190.021,1.282,1.356
27,204,basic,178.864,123.987,188.405,95.754,1.366,2.821
27,208,basic,211.3,172.439,0.0,0.0,1.225,
27,209,basic,147.493,58.832,166.545,66.281,0.77,0.779
27,210,basic,191.911,86.881,0.0,0.0,1.377,
27,211,basic,76.887,48.856,117.019,71.11,1.11,1.298
27,212,gifted,205.691,189.759,0.0,0.0,,
27,215,basic,120.503,76.124,137.624,86.294,0.865,0.895
27,218,basic,164.938,106.08,185.915,118.923,0.775,0.797
27,220,basic,85.747,69.022,0.0,0.0,1.284,
27,221,basic,165.319,116.08,243.846,148.156,0.99,1.519
27,222,basic,150.41,82.325,176.77,96.1,2.081,2.116
27,225,basic,84.048,43.886,89.857,46.505,1.22,1.256
27,226,basic,264.815,176.283,314.746,206.768,1.262,1.341
27,229,basic,248.113,198.562,0.0,0.0,1.14,
27,230,basic,116.422,78.88,145.499,92.561,1.016,1.295
27,233,basic,278.62,180.373,386.559,246.53,0.818,0.881
27,234,basic,78.751,61.874,0.0,0.0,1.192,
27,235,basic,86.105,54.199,122.975,76.396,1.284,1.353
27,236,basic,50.459,43.912,70.7,62.296,1.028,0.983
27,239,basic,274.016,157.312,280.983,161.27,1.67,1.671
27,241,basic,387.28,137.816,625.043,218.538,1.883,1.965
27,242,basic,151.216,104.423,0.0,0.0,1.193,
27,243,basic,209.757,116.97,298.199,165.168,0.962,0.993
27,244,basic,38.454,35.593,60.47,56.514,1.056,1.054
27,245,basic,315.431,269.251,386.584,328.986,1.192,1.216
27,246,basic,239.374,127.741,342.392,177.498,1.179,1.303
27,247,basic,368.241,133.229,667.345,233.209,1.57,1.706
27,248,basic,143.389,93.578,0.0,0.0,0.881,
27,249,basic,29.714,23.302,35.291,27.782,0.825,0.812
27,250,basic,84.33,62.205,152.367,114.164,0.967,0.9
27,251,basic,136.138,69.702,161.767,79.861,1.33,1.482
27,252,basic,238.805,165.0,265.654,175.376,1.433,1.611
27,255,basic,86.934,59.129,125.563,83.727,0.817,0.904
27,257,basic,125.7,106.549,184.551,153.121,1.059,1.159
27,259,basic,170.03,120.798,0.0,0.0,1.299,
27,261,basic,185.878,165.434,250.485,216.105,1.068,1.206
27,262,basic,187.563,143.214,160.23,119.669,1.062,1.152
27,264,basic,77.407,39.094,0.0,0.0,0.916,
27,266,basic,107.336,86.972,138.094,112.579,0.894,0.867
27,267,basic,118.571,103.353,145.654,126.912,1.026,1.029
27,268,basic,110.149,104.642,120.481,114.457,1.063,1.077
27,269,basic,105.434,97.303,132.071,121.307,1.012,1.061
27,270,basic,163.669,108.07,170.527,111.717,1.449,1.478
27,272,basic,42.252,39.502,0.0,0.0,0.988,
27,275,basic,85.734,79.05,118.588,107.381,1.151,1.295
27,276,basic,156.612,82.194,125.542,65.461,1.102,1.129
27,277,basic,127.604,83.947,146.289,95.939,1.016,1.028
27,279,basic,108.655,51.626,137.078,64.074,0.995,1.063
27,281,basic,66.234,45.504,75.386,50.949,0.803,0.863
27,282,basic,74.417,55.976,83.853,61.414,0.854,0.955
27,286,basic,176.003,110.011,224.753,126.608,1.729,2.193
27,287,gifted,190.0,175.283,0.0,0.0,,
27,288,basic,184.103,154.364,216.35,181.376,1.305,1.334
27,289,basic,157.628,131.251,0.0,0.0,1.349,
27,291,basic,376.837,255.592,566.215,396.698,2.128,1.936
27,292,basic,562.809,330.783,798.303,452.416,1.47,1.632
27,930,basic,399.046,327.935,500.042,415.157,2.278,2.198
27,935,basic,438.092,297.084,713.282,471.0,1.76,1.829
27,939,basic,219.012,111.334,0.0,0.0,1.654,
27,949,basic,380.563,302.257,640.262,488.75,1.511,1.675
27,955,basic,47.876,45.483,0.0,0.0,2.709,
27,971,basic,0.0,0.0,584.927,278.628,,1.116
27,971,gifted,515.571,475.637,0.0,0.0,,
27,972,basic,259.111,181.882,0.0,0.0,1.854,
27,974,basic,88.57,77.303,210.347,181.443,1.19,1.195
27,977,basic,243.205,176.221,430.762,304.166,1.311,1.434
28,103,basic,267.715,236.984,305.331,270.157,1.66,1.662
28,104,basic,122.409,53.184,136.083,60.332,2.463,2.334
28,105,basic,429.872,217.413,313.712,155.062,2.328,2.512
28,105,gifted,177.238,163.26,0.0,0.0,,
28,106,basic,464.42,289.703,348.78,219.479,1.809,1.727
28,106,gifted,115.637,106.517,0.0,0.0,,
28,107,basic,529.329,279.654,551.257,290.341,2.542,2.568
28,109,basic,148.697,102.207,153.171,105.235,2.157,2.16
28,110,basic,398.926,219.679,412.545,227.014,2.118,2.123
28,113,basic,382.252,243.463,314.786,200.085,2.363,2.373
28,113,gifted,132.907,122.425,0.0,0.0,,
28,115,basic,146.509,87.883,174.169,104.243,1.741,1.758
28,117,basic,253.706,163.143,228.036,148.691,2.334,2.224
28,117,gifted,89.338,82.292,0.0,0.0,,
28,118,basic,265.829,146.204,438.014,241.153,2.17,2.162
28,130,basic,654.347,395.922,696.732,420.701,1.706,1.721
28,201,basic,75.568,48.753,101.352,63.931,1.097,1.273
28,202,basic,168.443,89.603,180.548,93.25,1.676,1.901
28,203,basic,265.773,179.512,290.078,194.063,1.346,1.423
28,204,basic,186.978,127.957,192.181,111.386,1.586,3.003
28,208,basic,211.985,168.771,0.0,0.0,1.278,
28,209,basic,148.416,52.392,166.617,58.739,0.78,0.791
28,210,basic,194.471,83.734,0.0,0.0,1.437,
28,211,basic,72.906,44.827,108.812,65.333,1.135,1.323
28,212,gifted,205.744,189.518,0.0,0.0,,
28,215,basic,121.835,69.415,138.858,79.01,0.991,1.009
28,218,basic,156.758,93.334,175.674,104.291,0.773,0.796
28,220,basic,88.415,69.593,0.0,0.0,1.547,
28,221,basic,163.992,106.888,241.37,142.059,1.082,1.799
28,222,basic,149.924,87.158,176.409,102.717,2.339,2.36
28,225,basic,86.793,43.788,92.756,46.609,1.248,1.28
28,226,basic,254.821,160.658,305.326,191.841,1.367,1.419
28,229,basic,249.152,195.7,0.0,0.0,1.153,
28,230,basic,118.124,77.124,148.443,93.674,1.07,1.353
28,233,basic,284.12,169.804,394.534,233.699,0.855,0.926
28,234,basic,82.265,63.968,0.0,0.0,1.249,
28,235,basic,87.337,54.073,123.057,75.489,1.252,1.332
28,236,basic,45.921,39.9,63.028,55.147,1.064,1.011
28,239,basic,266.606,157.344,273.818,161.458,1.707,1.714
28,241,basic,384.418,137.954,620.65,220.633,1.945,2.023
28,242,basic,153.786,103.46,0.0,0.0,1.231,
28,243,basic,213.253,110.974,304.498,157.906,0.992,1.022
28,244,basic,35.801,33.55,55.993,52.797,1.113,1.068
28,245,basic,320.335,265.736,390.456,323.992,1.272,1.275
28,246,basic,242.007,124.819,343.239,174.011,1.199,1.337
28,247,basic,368.741,129.952,671.162,231.236,1.612,1.787
28,248,basic,144.041,88.895,0.0,0.0,0.878,
28,249,basic,29.257,21.284,33.88,24.793,0.912,0.87
28,250,basic,83.425,59.482,148.679,106.797,0.96,0.9
28,251,basic,138.676,66.844,165.03,77.873,1.464,1.634
28,252,basic,240.568,165.076,267.494,178.418,1.497,1.712
28,255,basic,89.643,57.211,127.694,80.868,0.857,0.921
28,257,basic,120.657,98.921,180.215,145.78,1.079,1.19
28,259,basic,166.501,118.735,0.0,0.0,1.345,
28,261,basic,165.63,148.606,225.398,197.651,1.103,1.267
28,262,basic,190.067,139.678,162.865,118.027,1.092,1.202
28,264,basic,78.625,35.4,0.0,0.0,0.97,
28,266,basic,104.73,79.531,134.587,102.536,0.904,0.876
28,267,basic,120.238,100.928,145.096,121.802,1.014,1.013
28,268,basic,114.578,108.849,125.391,119.122,1.088,1.104
28,269,basic,104.331,97.702,130.565,122.04,1.059,1.104
28,270,basic,149.146,101.09,155.859,105.079,1.497,1.536
28,272,basic,42.909,40.483,0.0,0.0,1.06,
28,275,basic,97.089,91.054,131.463,122.191,1.165,1.313
28,276,basic,153.335,74.525,124.443,60.236,1.132,1.163
28,277,basic,121.834,77.138,139.812,88.362,1.011,1.025
28,279,basic,106.245,46.637,134.541,58.513,1.017,1.091
28,281,basic,66.09,42.704,74.703,47.834,0.819,0.886
28,282,basic,75.143,53.96,84.801,59.923,0.902,1.024
28,286,basic,182.557,109.884,231.023,131.758,2.272,2.763
28,287,gifted,190.0,175.015,0.0,0.0,,
28,288,basic,187.089,158.319,218.851,187.197,1.47,1.428
28,289,basic,157.529,134.352,0.0,0.0,1.405,
28,291,basic,373.375,260.06,560.014,399.266,2.484,2.212
28,292,basic,562.605,326.971,800.156,455.439,1.535,1.706
28,930,basic,398.777,361.567,499.768,454.521,2.391,2.307
28,935,basic,437.304,306.426,712.522,489.959,1.937,1.971
28,939,basic,220.752,110.573,0.0,0.0,1.796,
28,949,basic,383.916,315.909,645.373,518.786,1.628,1.79
28,955,basic,46.043,43.741,0.0,0.0,2.802,
28,971,basic,0.0,0.0,599.042,267.59,,1.162
28,971,gifted,517.267,476.472,0.0,0.0,,
28,972,basic,258.693,190.39,0.0,0.0,1.923,
28,974,basic,87.847,78.895,207.237,184.028,1.266,1.316
28,977,basic,233.603,170.501,418.195,301.04,1.333,1.452
29,103,basic,258.718,239.753,295.041,273.298,1.631,1.632
29,104,basic,125.65,56.295,142.504,64.949,2.457,2.375
29,105,basic,451.202,238.91,320.72,164.852,2.325,2.511
29,105,gifted,182.062,167.185,0.0,0.0,,
29,106,basic,451.553,302.248,339.407,229.724,1.776,1.694
29,106,gifted,115.112,105.705,0.0,0.0,,
29,107,basic,527.315,292.202,548.84,303.055,2.511,2.534
29,109,basic,145.661,107.101,150.551,110.71,2.111,2.11
29,110,basic,395.57,227.539,408.8,234.953,2.137,2.142
29,113,basic,385.147,259.494,314.229,210.995,2.35,2.364
29,113,gifted,133.825,122.889,0.0,0.0,,
29,115,basic,142.097,91.577,169.044,108.589,1.73,1.751
29,117,basic,258.97,175.384,232.495,160.333,2.327,2.215
29,117,gifted,89.554,82.236,0.0,0.0,,
29,118,basic,263.801,153.89,428.123,250.941,2.13,2.101
29,130,basic,659.452,426.792,701.913,453.203,1.671,1.684
29,201,basic,76.783,49.12,102.643,63.802,1.018,1.191
29,202,basic,168.683,86.051,180.395,89.112,1.638,1.826
29,203,basic,258.47,170.58,282.557,184.232,1.339,1.416
29,204,basic,174.9,117.504,187.662,102.138,1.5,2.917
29,208,basic,205.45,166.013,0.0,0.0,1.293,
29,209,basic,154.987,52.316,176.188,59.382,0.783,0.792
29,210,basic,193.923,79.06,0.0,0.0,1.426,
29,211,basic,77.615,46.789,113.794,66.656,1.125,1.302
29,212,gifted,205.831,189.011,0.0,0.0,,
29,215,basic,113.564,63.92,128.668,72.465,0.878,0.882
29,218,basic,149.252,87.569,168.421,98.449,0.771,0.794
29,220,basic,91.129,70.192,0.0,0.0,1.502,
29,221,basic,161.875,102.872,239.394,134.663,1.028,1.683
29,222,basic,139.506,79.606,165.377,94.509,2.051,2.07
29,225,basic,90.293,43.509,96.816,46.337,1.296,1.338
29,226,basic,260.047,156.643,309.456,185.666,1.372,1.426
29,229,basic,249.059,193.151,0.0,0.0,1.154,
29,230,basic,105.573,68.346,136.78,84.535,1.022,1.322
29,233,basic,278.41,163.406,388.475,225.264,0.851,0.926
29,234,basic,79.275,60.926,0.0,0.0,1.226,
29,235,basic,83.983,51.026,119.456,71.826,1.166,1.239
29,236,basic,51.245,43.76,71.822,61.84,1.082,1.034
29,239,basic,264.284,149.854,271.442,153.696,1.702,1.711
29,241,basic,387.222,128.464,623.974,205.055,1.962,2.023
29,242,basic,151.198,99.314,0.0,0.0,1.238,
29,243,basic,217.176,110.003,308.262,155.442,0.987,1.017
29,244,basic,38.813,36.136,61.105,57.453,1.143,1.094
29,245,basic,320.391,261.467,391.035,318.905,1.246,1.255
29,246,basic,236.292,118.577,334.739,164.386,1.155,1.288
29,247,basic,370.956,121.29,672.393,213.808,1.657,1.824
29,248,basic,146.289,88.713,0.0,0.0,0.902,
29,249,basic,27.817,19.98,31.971,23.152,0.911,0.866
29,250,basic,83.806,59.149,150.554,107.444,0.974,0.904
29,251,basic,131.089,59.822,156.378,69.535,1.461,1.623
29,252,basic,248.925,165.467,276.367,177.365,1.483,1.689
29,255,basic,90.341,56.887,129.757,80.825,0.866,0.938
29,257,basic,124.196,100.664,183.197,146.081,1.083,1.189
29,259,basic,156.507,109.679,0.0,0.0,1.336,
29,261,basic,177.34,158.087,239.056,207.842,1.073,1.216
29,262,basic,190.248,137.891,162.637,115.749,1.084,1.196
29,264,basic,81.476,35.2,0.0,0.0,0.942,
29,266,basic,104.729,78.439,135.14,101.577,0.911,0.887
29,267,basic,119.347,99.076,144.371,119.855,1.023,1.023
29,268,basic,107.671,102.288,117.275,111.411,1.068,1.08
29,269,basic,108.462,100.818,135.293,125.368,1.061,1.108
29,270,basic,149.207,98.752,156.046,102.559,1.478,1.518
29,272,basic,41.035,38.607,0.0,0.0,1.075,
29,275,basic,100.125,93.057,135.068,124.05,1.173,1.313
29,276,basic,148.474,69.537,122.179,56.812,1.102,1.147
29,277,basic,123.009,76.751,140.899,87.726,1.004,1.017
29,279,basic,108.652,46.029,136.102,57.049,0.996,1.061
29,281,basic,67.165,43.058,75.927,48.148,0.811,0.872
29,282,basic,73.681,52.825,82.891,58.34,0.878,0.985
29,286,basic,183.337,105.771,232.088,124.815,2.078,2.565
29,287,gifted,190.0,174.474,0.0,0.0,,
29,288,basic,175.493,147.85,204.624,173.998,1.364,1.344
29,289,basic,157.234,141.185,0.0,0.0,1.419,
29,291,basic,376.291,259.326,562.842,395.791,2.387,2.136
29,292,basic,566.159,332.451,800.705,459.221,1.516,1.668
29,930,basic,399.548,358.697,500.606,451.797,2.347,2.25
29,935,basic,437.909,308.825,713.212,486.299,1.941,1.973
29,939,basic,221.763,108.602,0.0,0.0,1.796,
29,949,basic,385.029,322.483,645.93,528.463,1.651,1.791
29,955,basic,46.068,43.764,0.0,0.0,2.85,
29,971,basic,0.0,0.0,595.023,256.085,,1.136
29,971,gifted,516.18,474.0,0.0,0.0,,
29,972,basic,259.273,195.356,0.0,0.0,1.85,
29,974,basic,86.716,77.179,204.994,179.862,1.244,1.286
29,977,basic,233.727,167.585,417.216,294.209,1.336,1.45
30,103,basic,270.09,243.619,307.965,277.719,1.648,1.649
30,104,basic,127.678,49.498,140.749,56.09,2.568,2.418
30,105,basic,443.047,210.674,317.787,147.373,2.325,2.492
30,105,gifted,179.269,164.646,0.0,0.0,,
30,106,basic,457.727,277.845,340.347,208.965,1.78,1.69
30,106,gifted,116.959,107.419,0.0,0.0,,
30,107,basic,528.664,267.209,550.418,277.242,2.532,2.556
30,109,basic,149.404,100.334,154.254,103.502,2.233,2.238
30,110,basic,389.961,197.499,403.121,204.043,2.129,2.133
30,113,basic,384.668,237.692,311.906,191.746,2.405,2.427
30,113,gifted,134.037,123.104,0.0,0.0,,
30,115,basic,148.838,87.192,176.018,102.905,1.741,1.754
30,117,basic,266.742,164.65,239.744,150.506,2.37,2.259
30,117,gifted,90.285,82.921,0.0,0.0,,
30,118,basic,265.784,139.829,435.239,229.698,2.156,2.136
30,130,basic,658.889,378.603,701.365,402.116,1.713,1.727
30,201,basic,77.818,51.903,103.979,67.402,1.004,1.186
30,202,basic,167.176,87.042,179.889,90.234,1.706,1.941
30,203,basic,263.328,183.031,287.437,197.428,1.336,1.415
30,204,basic,176.371,127.882,187.584,110.952,1.43,2.872
30,208,basic,205.963,167.93,0.0,0.0,1.265,
30,209,basic,156.981,49.633,177.939,56.191,0.792,0.8
30,210,basic,193.961,76.618,0.0,0.0,1.435,
30,211,basic,75.964,47.512,111.241,67.713,1.127,1.305
30,212,gifted,205.913,189.118,0.0,0.0,,
30,215,basic,118.623,65.428,135.624,74.689,1.046,1.068
30,218,basic,157.572,93.99,177.015,105.245,0.769,0.79
30,220,basic,89.655,75.223,0.0,0.0,1.416,
30,221,basic,166.793,107.044,244.761,139.968,1.049,1.709
30,222,basic,147.044,84.067,174.688,99.485,2.461,2.517
30,225,basic,83.457,41.058,89.013,43.587,1.216,1.246
30,226,basic,261.348,158.872,311.257,188.909,1.405,1.445
30,229,basic,243.394,201.585,0.0,0.0,1.156,
30,230,basic,107.849,72.902,141.388,91.513,1.035,1.334
30,233,basic,282.765,169.01,392.047,232.042,0.843,0.908
30,234,basic,77.01,64.019,0.0,0.0,1.202,
30,235,basic,85.798,52.198,121.661,73.205,1.31,1.391
30,236,basic,49.244,43.776,69.999,62.788,1.058,1.008
30,239,basic,285.502,169.19,292.935,173.498,1.729,1.733
30,241,basic,384.834,124.792,620.926,199.29,1.925,1.995
30,242,basic,163.228,112.189,0.0,0.0,1.285,
30,243,basic,220.206,111.462,312.982,157.743,0.988,1.018
30,244,basic,37.982,35.558,59.712,56.32,1.191,1.121
30,245,basic,316.959,273.849,387.165,334.468,1.265,1.273
30,246,basic,220.94,112.173,319.701,158.822,1.151,1.294
30,247,basic,366.991,115.627,666.834,204.32,1.636,1.813
30,248,basic,144.963,91.247,0.0,0.0,0.89,
30,249,basic,31.941,24.252,36.485,27.875,0.895,0.859
30,250,basic,88.999,66.491,156.634,118.116,0.957,0.895
30,251,basic,126.69,57.214,151.182,66.563,1.405,1.572
30,252,basic,240.49,166.213,267.176,178.613,1.468,1.676
30,255,basic,86.194,56.483,122.926,79.829,0.85,0.913
30,257,basic,121.133,103.581,182.7,153.641,1.089,1.205
30,259,basic,160.322,121.248,0.0,0.0,1.276,
30,261,basic,177.24,162.74,241.602,217.013,1.128,1.292
30,262,basic,186.219,142.583,159.664,120.09,1.07,1.186
30,264,basic,78.82,32.801,0.0,0.0,0.912,
30,266,basic,107.291,83.64,138.373,108.261,0.895,0.87
30,267,basic,122.132,109.023,147.944,132.055,1.019,1.02
30,268,basic,106.355,101.037,116.114,110.309,1.058,1.071
30,269,basic,104.036,97.993,130.412,122.775,1.109,1.166
30,270,basic,157.578,110.504,164.465,114.571,1.521,1.56
30,272,basic,41.079,38.85,0.0,0.0,1.054,
30,275,basic,94.756,89.479,129.853,121.899,1.198,1.348
30,276,basic,155.299,70.962,126.634,57.506,1.119,1.159
30,277,basic,133.833,86.161,153.323,98.487,1.03,1.044
30,279,basic,111.245,45.698,139.215,56.606,1.024,1.091
30,281,basic,70.042,46.734,78.903,52.153,0.806,0.862
30,282,basic,75.931,57.725,85.264,63.717,0.868,0.974
30,286,basic,180.372,109.017,229.933,128.905,2.057,2.601
30,287,gifted,190.0,174.503,0.0,0.0,,
30,288,basic,184.628,162.27,216.087,191.69,1.432,1.421
30,289,basic,156.458,140.835,0.0,0.0,1.408,
30,291,basic,376.672,262.293,564.282,404.75,2.397,2.134
30,292,basic,563.916,322.35,798.329,445.679,1.51,1.673
30,930,basic,399.388,368.361,500.403,461.054,2.451,2.37
30,935,basic,437.971,311.333,712.976,497.851,1.907,1.942
30,939,basic,219.729,104.44,0.0,0.0,1.755,
30,949,basic,378.492,327.928,636.749,539.893,1.605,1.756
30,955,basic,44.352,42.134,0.0,0.0,2.814,
30,971,basic,0.0,0.0,583.161,246.473,,1.134
30,971,gifted,515.867,473.79,0.0,0.0,,
30,972,basic,263.054,195.979,0.0,0.0,1.935,
30,974,basic,85.891,79.282,203.718,184.695,1.263,1.314
30,977,basic,246.842,189.412,433.447,327.901,1.371,1.475
31,103,basic,264.243,231.008,301.246,263.322,1.616,1.616
31,104,basic,156.507,54.547,172.902,62.456,2.736,2.575
31,105,basic,450.768,199.88,318.614,136.977,2.271,2.417
31,105,gifted,181.576,166.943,0.0,0.0,,
31,106,basic,468.967,270.91,354.993,207.026,1.829,1.769
31,106,gifted,115.456,106.151,0.0,0.0,,
31,107,basic,514.387,238.506,535.786,247.292,2.469,2.492
31,109,basic,148.47,95.677,153.283,98.829,2.123,2.121
31,110,basic,382.809,193.712,396.167,200.253,2.129,2.135
31,113,basic,385.829,220.834,309.952,175.572,2.387,2.43
31,113,gifted,133.149,122.419,0.0,0.0,,
31,115,basic,136.267,75.803,161.414,89.506,1.715,1.73
31,117,basic,250.152,149.305,224.19,136.781,2.308,2.203
31,117,gifted,88.862,81.701,0.0,0.0,,
31,118,basic,271.233,134.936,439.737,220.122,2.102,2.073
31,130,basic,648.961,375.395,691.238,398.502,1.689,1.704
31,201,basic,72.119,49.323,97.028,63.961,1.016,1.182
31,202,basic,176.916,91.443,190.095,93.267,1.696,1.93
31,203,basic,254.897,179.757,278.306,193.223,1.317,1.39
31,204,basic,184.141,133.348,188.791,105.102,1.406,2.762
31,208,basic,201.787,170.402,0.0,0.0,1.247,
31,209,basic,146.198,51.76,162.844,57.565,0.764,0.771
31,210,basic,193.532,83.898,0.0,0.0,1.362,
31,211,basic,76.055,48.671,109.716,67.798,1.109,1.271
31,212,gifted,205.819,189.233,0.0,0.0,,
31,215,basic,120.458,73.305,137.383,83.464,0.98,0.996
31,218,basic,156.368,99.411,175.563,111.116,0.758,0.778
31,220,basic,96.131,77.568,0.0,0.0,1.511,
31,221,basic,160.226,117.715,236.338,150.726,0.931,1.492
31,222,basic,152.409,85.517,180.35,100.718,2.226,2.265
31,225,basic,85.843,44.059,91.486,46.659,1.186,1.215
31,226,basic,260.625,176.091,311.304,209.67,1.35,1.398
31,229,basic,248.06,211.51,0.0,0.0,1.128,
31,230,basic,115.727,78.821,147.398,95.018,1.065,1.339
31,233,basic,281.293,180.195,390.396,246.638,0.824,0.888
31,234,basic,75.418,63.163,0.0,0.0,1.188,
31,235,basic,89.655,58.522,127.409,81.841,1.239,1.324
31,236,basic,51.753,46.508,74.087,67.202,1.057,1.009
31,239,basic,268.962,158.002,275.592,161.866,1.694,1.695
31,241,basic,384.807,129.306,620.376,205.832,1.862,1.924
31,242,basic,154.695,109.487,0.0,0.0,1.236,
31,243,basic,213.768,114.879,303.788,162.328,0.98,1.009
31,244,basic,38.101,35.346,59.812,56.169,1.124,1.079
31,245,basic,322.006,287.095,391.392,350.297,1.27,1.272
31,246,basic,224.693,118.319,323.316,165.433,1.143,1.276
31,247,basic,367.635,122.575,668.253,215.25,1.573,1.726
31,248,basic,151.447,98.234,0.0,0.0,0.895,
31,249,basic,28.312,22.479,32.24,25.886,0.925,0.88
31,250,basic,91.639,69.59,158.076,121.655,0.967,0.903
31,251,basic,132.347,66.063,157.916,76.27,1.358,1.511
31,252,basic,240.203,174.611,266.905,186.152,1.439,1.62
31,255,basic,86.129,58.179,122.988,82.09,0.853,0.913
31,257,basic,127.376,113.573,188.514,165.302,1.098,1.201
31,259,basic,159.424,118.045,0.0,0.0,1.329,
31,261,basic,165.514,152.549,221.618,200.431,1.049,1.171
31,262,basic,189.384,151.003,162.618,126.586,1.07,1.18
31,264,basic,79.012,37.854,0.0,0.0,0.907,
31,266,basic,105.291,89.272,135.539,115.515,0.901,0.875
31,267,basic,112.418,104.189,137.06,127.064,1.024,1.025
31,268,basic,109.316,103.85,119.427,113.455,1.076,1.091
31,269,basic,106.707,100.224,133.361,125.116,1.108,1.152
31,270,basic,159.425,109.391,166.141,113.094,1.486,1.518
31,272,basic,42.094,39.571,0.0,0.0,1.064,
31,275,basic,89.95,84.671,122.774,114.563,1.187,1.341
31,276,basic,153.793,77.823,124.993,62.703,1.111,1.152
31,277,basic,126.977,84.197,146.072,96.569,1.01,1.023
31,279,basic,108.837,48.48,137.151,60.274,0.992,1.054
31,281,basic,69.052,47.497,77.96,52.936,0.806,0.859
31,282,basic,75.435,57.777,85.18,63.615,0.893,1.001
31,286,basic,182.241,117.872,230.69,136.678,1.863,2.312
31,287,gifted,190.0,174.688,0.0,0.0,,
31,288,basic,193.64,168.603,225.071,199.025,1.392,1.368
31,289,basic,153.971,129.705,0.0,0.0,1.353,
31,291,basic,377.596,259.484,564.188,408.331,2.343,2.072
31,292,basic,569.045,323.376,803.506,443.105,1.52,1.674
31,930,basic,399.241,347.959,500.278,438.656,2.373,2.287
31,935,basic,437.423,302.51,712.482,485.521,1.814,1.871
31,939,basic,221.16,108.152,0.0,0.0,1.711,
31,949,basic,379.193,310.13,635.179,503.77,1.53,1.682
31,955,basic,44.611,42.381,0.0,0.0,2.808,
31,971,basic,0.0,0.0,585.153,262.797,,1.131
31,971,gifted,515.944,474.365,0.0,0.0,,
31,972,basic,261.354,188.977,0.0,0.0,1.894,
31,974,basic,87.043,78.641,206.869,183.125,1.212,1.245
31,977,basic,241.944,185.075,428.1,320.099,1.301,1.42
32,103,basic,260.202,229.6,296.787,261.762,1.616,1.618
32,104,basic,135.759,51.908,151.879,59.038,2.262,2.199
32,105,basic,451.583,200.122,322.969,138.129,2.278,2.435
32,105,gifted,181.039,166.43,0.0,0.0,,
32,106,basic,433.377,257.212,319.893,193.592,1.741,1.642
32,106,gifted,114.212,104.996,0.0,0.0,,
32,107,basic,542.227,250.685,564.339,259.647,2.497,2.52
32,109,basic,159.065,104.818,164.107,108.166,2.051,2.05
32,110,basic,405.191,200.277,419.079,206.859,2.101,2.108
32,113,basic,392.244,229.325,320.792,187.123,2.33,2.337
32,113,gifted,134.668,123.801,0.0,0.0,,
32,115,basic,147.912,83.475,175.005,98.462,1.731,1.744
32,117,basic,253.007,149.565,227.305,137.255,2.3,2.206
32,117,gifted,89.473,82.253,0.0,0.0,,
32,118,basic,264.205,131.883,431.171,216.2,2.099,2.079
32,130,basic,656.548,374.744,699.09,397.727,1.686,1.699
32,201,basic,82.012,56.987,109.907,73.382,0.991,1.157
32,202,basic,175.232,90.441,188.08,92.193,1.658,1.869
32,203,basic,257.674,183.0,281.764,196.585,1.322,1.4
32,204,basic,162.812,119.705,184.065,99.884,1.382,2.835
32,208,basic,201.723,171.391,0.0,0.0,1.221,
32,209,basic,151.602,51.69,171.491,58.36,0.779,0.787
32,210,basic,193.616,79.683,0.0,0.0,1.406,
32,211,basic,76.118,49.147,116.204,71.858,1.122,1.308
32,212,gifted,205.898,189.283,0.0,0.0,,
32,215,basic,118.633,71.461,135.528,81.296,0.93,0.952
32,218,basic,156.704,100.209,176.108,112.105,0.758,0.777
32,220,basic,88.236,72.086,0.0,0.0,1.416,
32,221,basic,167.102,118.177,245.578,150.012,0.956,1.494
32,222,basic,149.224,84.072,176.337,98.835,2.188,2.219
32,225,basic,85.533,43.225,91.449,45.885,1.214,1.244
32,226,basic,259.725,169.892,309.913,201.359,1.3,1.361
32,229,basic,253.909,218.635,0.0,0.0,1.148,
32,230,basic,100.032,70.752,132.319,87.558,0.984,1.282
32,233,basic,288.111,184.04,399.963,251.484,0.836,0.903
32,234,basic,77.281,65.563,0.0,0.0,1.188,
32,235,basic,91.892,58.424,130.551,81.693,1.267,1.347
32,236,basic,53.047,47.454,74.825,67.581,1.012,0.972
32,239,basic,269.264,159.558,276.193,163.584,1.654,1.657
32,241,basic,383.715,123.382,618.915,196.21,1.87,1.934
32,242,basic,166.482,118.576,0.0,0.0,1.236,
32,243,basic,219.641,117.539,312.395,166.004,0.972,1.005
32,244,basic,37.267,34.445,59.625,55.911,1.197,1.129
32,245,basic,322.226,286.129,391.686,348.333,1.237,1.252
32,246,basic,232.295,121.089,333.372,168.736,1.165,1.291
32,247,basic,371.419,118.872,673.154,207.78,1.572,1.718
32,248,basic,141.834,93.875,0.0,0.0,0.872,
32,249,basic,29.352,23.632,33.779,27.463,0.892,0.856
32,250,basic,82.042,63.965,147.597,116.802,0.959,0.893
32,251,basic,126.203,60.645,150.872,69.879,1.324,1.479
32,252,basic,245.729,178.653,272.636,189.705,1.381,1.555
32,255,basic,84.438,58.283,122.158,83.062,0.837,0.906
32,257,basic,115.118,103.06,173.539,152.534,1.064,1.174
32,259,basic,161.867,124.096,0.0,0.0,1.274,
32,261,basic,168.849,154.553,230.041,205.59,1.096,1.243
32,262,basic,185.08,149.725,158.21,124.974,1.041,1.14
32,264,basic,77.535,35.04,0.0,0.0,0.938,
32,266,basic,106.167,89.638,136.455,115.901,0.893,0.866
32,267,basic,109.67,101.885,134.08,124.588,0.995,0.998
32,268,basic,111.612,106.032,121.772,115.683,1.05,1.063
32,269,basic,104.517,98.181,130.606,122.536,1.059,1.107
32,270,basic,147.461,104.09,154.038,107.788,1.441,1.474
32,272,basic,41.78,39.309,0.0,0.0,1.052,
32,275,basic,91.627,86.265,125.212,116.892,1.177,1.32
32,276,basic,146.821,71.388,120.525,58.185,1.13,1.161
32,277,basic,125.652,84.649,144.126,96.807,1.007,1.019
32,279,basic,103.49,45.154,130.61,56.139,0.99,1.053
32,281,basic,64.235,45.165,72.914,50.482,0.804,0.862
32,282,basic,74.934,59.49,84.546,65.346,0.868,0.972
32,286,basic,178.119,112.782,226.693,129.868,1.789,2.25
32,287,gifted,190.0,174.668,0.0,0.0,,
32,288,basic,178.725,156.1,208.147,183.864,1.385,1.381
32,289,basic,157.54,138.267,0.0,0.0,1.357,
32,291,basic,375.098,259.407,561.679,406.603,2.234,1.998
32,292,basic,563.592,325.306,796.904,444.143,1.457,1.617
32,930,basic,399.511,354.493,500.528,445.561,2.374,2.29
32,935,basic,438.157,308.828,713.326,493.011,1.773,1.836
32,939,basic,222.102,106.577,0.0,0.0,1.666,
32,949,basic,383.357,322.964,644.612,525.818,1.541,1.7
32,955,basic,46.873,44.529,0.0,0.0,2.792,
32,971,basic,0.0,0.0,585.158,259.752,,1.1
32,971,gifted,515.681,474.069,0.0,0.0,,
32,972,basic,260.615,191.435,0.0,0.0,1.858,
32,974,basic,85.808,78.051,204.021,181.493,1.224,1.248
32,977,basic,233.954,183.752,416.608,319.171,1.291,1.411
33,103,basic,271.272,236.464,309.325,269.571,1.64,1.64
33,104,basic,127.969,48.908,141.83,55.581,2.467,2.352
33,105,basic,456.019,212.309,328.252,148.565,2.285,2.44
33,105,gifted,182.794,167.323,0.0,0.0,,
33,106,basic,452.458,267.708,336.157,201.439,1.783,1.697
33,106,gifted,116.615,106.745,0.0,0.0,,
33,107,basic,513.18,247.205,534.548,256.446,2.498,2.522
33,109,basic,151.98,98.257,156.781,101.37,2.117,2.116
33,110,basic,388.95,193.502,402.221,199.903,2.152,2.157
33,113,basic,397.475,234.858,324.507,190.961,2.409,2.425
33,113,gifted,136.595,125.034,0.0,0.0,,
33,115,basic,152.995,87.425,181.047,103.194,1.732,1.746
33,117,basic,255.141,151.591,230.504,139.278,2.301,2.209
33,117,gifted,89.115,81.573,0.0,0.0,,
33,118,basic,271.403,138.865,442.682,227.34,2.111,2.091
33,130,basic,668.101,371.851,711.476,394.726,1.737,1.753
33,201,basic,77.304,52.349,104.173,68.191,1.076,1.257
33,202,basic,168.634,89.421,180.537,92.333,1.643,1.829
33,203,basic,253.69,180.527,276.861,194.506,1.291,1.362
33,204,basic,179.387,129.602,187.779,107.07,1.435,2.843
33,208,basic,200.397,165.745,0.0,0.0,1.24,
33,209,basic,151.053,51.756,170.259,58.238,0.769,0.778
33,210,basic,192.936,80.593,0.0,0.0,1.4,
33,211,basic,72.474,46.641,106.98,66.617,1.115,1.293
33,212,gifted,205.824,188.404,0.0,0.0,,
33,215,basic,119.31,69.105,135.78,78.382,0.889,0.911
33,218,basic,158.611,99.032,178.002,110.69,0.769,0.79
33,220,basic,89.765,74.354,0.0,0.0,1.42,
33,221,basic,163.857,109.233,239.845,141.282,1.008,1.587
33,222,basic,143.985,86.694,170.286,102.189,2.014,2.05
33,225,basic,80.446,41.038,85.795,43.487,1.2,1.234
33,226,basic,259.25,164.397,309.534,194.407,1.274,1.352
33,229,basic,245.323,205.86,0.0,0.0,1.143,
33,230,basic,119.168,82.716,150.268,99.257,1.035,1.32
33,233,basic,280.43,174.908,389.242,239.86,0.825,0.89
33,234,basic,74.111,61.697,0.0,0.0,1.188,
33,235,basic,79.579,50.248,113.185,70.638,1.182,1.255
33,236,basic,48.021,42.54,67.283,60.248,1.074,1.02
33,239,basic,276.294,164.144,283.897,168.41,1.718,1.727
33,241,basic,386.6,130.419,624.113,207.955,1.881,1.953
33,242,basic,150.38,105.014,0.0,0.0,1.217,
33,243,basic,215.444,114.618,307.205,162.629,0.996,1.025
33,244,basic,37.466,34.976,59.248,55.754,1.117,1.083
33,245,basic,317.952,275.612,387.788,335.845,1.235,1.249
33,246,basic,246.724,128.725,349.71,178.095,1.178,1.311
33,247,basic,363.79,120.468,661.188,212.188,1.612,1.776
33,248,basic,144.174,93.373,0.0,0.0,0.88,
33,249,basic,30.287,23.251,35.383,27.32,0.871,0.844
33,250,basic,85.194,65.244,150.261,116.453,0.962,0.896
33,251,basic,134.58,63.523,160.273,73.483,1.395,1.553
33,252,basic,235.597,168.313,262.047,180.365,1.435,1.625
33,255,basic,87.915,59.639,126.853,84.886,0.835,0.914
33,257,basic,122.377,107.094,182.292,156.815,1.078,1.185
33,259,basic,160.988,122.57,0.0,0.0,1.295,
33,261,basic,168.825,154.709,227.789,203.794,1.092,1.24
33,262,basic,186.352,145.016,160.324,122.257,1.073,1.182
33,264,basic,80.431,35.205,0.0,0.0,0.938,
33,266,basic,108.145,86.55,139.624,112.192,0.924,0.9
33,267,basic,117.836,104.105,142.748,126.122,1.02,1.02
33,268,basic,110.595,105.066,120.611,114.581,1.062,1.076
33,269,basic,106.956,100.607,133.811,125.695,1.021,1.071
33,270,basic,149.624,106.243,156.372,110.235,1.475,1.511
33,272,basic,41.27,38.951,0.0,0.0,1.031,
33,275,basic,87.153,82.178,119.096,111.505,1.18,1.325
33,276,basic,153.354,73.636,124.371,59.328,1.124,1.16
33,277,basic,130.773,87.402,149.761,99.86,1.019,1.032
33,279,basic,105.071,45.91,132.923,57.305,1.003,1.075
33,281,basic,67.223,46.186,76.403,51.787,0.822,0.889
33,282,basic,72.062,55.982,81.675,61.971,0.896,1.016
33,286,basic,177.77,109.521,226.111,128.137,1.865,2.354
33,287,gifted,190.0,173.919,0.0,0.0,,
33,288,basic,195.512,172.022,229.493,203.2,1.414,1.425
33,289,basic,152.186,134.085,0.0,0.0,1.38,
33,291,basic,372.943,262.576,560.454,408.203,2.248,2.025
33,292,basic,565.845,326.617,800.054,448.797,1.497,1.662
33,930,basic,399.455,364.123,500.463,457.445,2.374,2.28
33,935,basic,438.15,311.718,713.462,499.758,1.854,1.902
33,939,basic,221.407,105.834,0.0,0.0,1.732,
33,949,basic,382.979,321.771,644.171,527.6,1.609,1.76
33,955,basic,46.728,44.391,0.0,0.0,2.889,
33,971,basic,0.0,0.0,588.455,262.229,,1.131
33,971,gifted,516.191,472.502,0.0,0.0,,
33,972,basic,261.74,197.018,0.0,0.0,1.839,
33,974,basic,87.431,79.802,205.989,184.777,1.259,1.28
33,977,basic,241.216,186.895,428.398,325.144,1.318,1.443
34,103,basic,262.607,230.038,299.394,262.196,1.628,1.629
34,104,basic,143.513,56.913,158.451,64.225,2.299,2.211
34,105,basic,465.641,216.044,335.132,150.5,2.288,2.442
34,105,gifted,182.64,167.356,0.0,0.0,,
34,106,basic,469.255,282.779,351.302,215.348,1.759,1.667
34,106,gifted,117.93,108.061,0.0,0.0,,
34,107,basic,499.123,242.586,519.866,251.509,2.441,2.463
34,109,basic,145.709,95.017,150.141,97.934,2.102,2.1
34,110,basic,390.179,194.497,403.611,200.955,2.127,2.133
34,113,basic,379.437,225.243,308.589,182.39,2.363,2.379
34,113,gifted,132.374,121.296,0.0,0.0,,
34,115,basic,144.423,84.185,171.165,99.441,1.726,1.742
34,117,basic,265.493,157.154,239.426,144.604,2.309,2.216
34,117,gifted,89.849,82.33,0.0,0.0,,
34,118,basic,264.006,136.221,431.728,223.668,2.098,2.08
34,130,basic,652.94,372.928,695.339,395.871,1.692,1.705
34,201,basic,76.803,52.32,103.912,68.065,1.046,1.22
34,202,basic,174.784,90.628,187.04,92.863,1.667,1.855
34,203,basic,243.876,171.685,266.943,184.926,1.313,1.387
34,204,basic,184.512,130.125,191.936,102.9,1.503,2.9
34,208,basic,202.066,166.915,0.0,0.0,1.241,
34,209,basic,145.237,50.767,163.103,56.92,0.775,0.782
34,210,basic,192.272,80.298,0.0,0.0,1.357,
34,211,basic,77.195,50.092,112.063,70.106,1.095,1.26
34,212,gifted,205.984,188.746,0.0,0.0,,
34,215,basic,116.89,69.561,132.629,78.726,0.852,0.866
34,218,basic,159.912,101.349,179.346,113.123,0.771,0.792
34,220,basic,90.435,73.664,0.0,0.0,1.397,
34,221,basic,162.854,109.989,239.581,140.659,0.951,1.493
34,222,basic,148.435,85.837,176.162,101.142,2.059,2.104
34,225,basic,87.71,44.169,93.976,46.872,1.259,1.302
34,226,basic,258.242,163.188,309.095,192.713,1.251,1.337
34,229,basic,248.272,207.894,0.0,0.0,1.149,
34,230,basic,126.446,87.662,156.447,102.533,1.056,1.328
34,233,basic,281.377,177.36,389.981,242.57,0.841,0.901
34,234,basic,75.88,63.653,0.0,0.0,1.146,
34,235,basic,79.869,50.543,113.199,70.623,1.171,1.245
34,236,basic,52.047,45.158,74.463,65.43,1.108,1.056
34,239,basic,274.034,159.491,281.168,163.484,1.739,1.744
34,241,basic,383.807,126.999,619.723,202.079,1.872,1.944
34,242,basic,161.876,113.001,0.0,0.0,1.233,
34,243,basic,217.083,116.846,308.267,164.878,0.972,1.003
34,244,basic,35.348,32.904,55.44,52.062,1.118,1.087
34,245,basic,319.643,274.868,390.105,335.42,1.239,1.25
34,246,basic,227.626,119.106,328.837,167.149,1.173,1.304
34,247,basic,366.969,120.834,667.174,212.26,1.58,1.728
34,248,basic,149.142,97.843,0.0,0.0,0.892,
34,249,basic,25.818,20.012,29.601,23.15,0.895,0.86
34,250,basic,85.173,65.675,153.065,119.703,0.964,0.899
34,251,basic,132.127,62.204,157.432,71.66,1.352,1.503
34,252,basic,239.106,168.971,265.679,180.048,1.394,1.57
34,255,basic,85.783,58.991,124.398,84.121,0.834,0.914
34,257,basic,117.573,102.514,177.53,151.435,1.06,1.178
34,259,basic,160.002,121.854,0.0,0.0,1.266,
34,261,basic,165.908,151.388,223.602,198.932,1.061,1.199
34,262,basic,189.913,147.813,163.214,124.012,1.088,1.195
34,264,basic,77.278,34.362,0.0,0.0,0.919,
34,266,basic,107.783,87.212,139.293,113.241,0.893,0.87
34,267,basic,122.059,108.499,148.288,131.799,1.032,1.033
34,268,basic,108.762,103.324,119.016,113.066,1.077,1.093
34,269,basic,109.19,102.107,136.336,127.233,1.046,1.097
34,270,basic,167.744,115.822,175.04,119.795,1.536,1.572
34,272,basic,42.357,39.881,0.0,0.0,1.034,
34,275,basic,91.443,85.496,124.553,115.196,1.193,1.332
34,276,basic,147.049,70.785,120.89,57.706,1.124,1.163
34,277,basic,129.973,87.361,148.873,99.794,1.014,1.026
34,279,basic,109.496,48.294,137.873,59.926,0.999,1.064
34,281,basic,64.055,44.686,72.906,50.054,0.819,0.883
34,282,basic,75.699,59.503,85.502,65.444,0.882,0.991
34,286,basic,184.402,111.876,233.529,128.544,1.802,2.273
34,287,gifted,190.0,174.1,0.0,0.0,,
34,288,basic,193.46,167.874,226.983,198.332,1.384,1.394
34,289,basic,156.591,138.696,0.0,0.0,1.38,
34,291,basic,378.848,258.767,567.622,402.527,2.218,1.998
34,292,basic,564.06,328.065,800.134,449.728,1.468,1.633
34,930,basic,399.368,355.836,500.379,448.281,2.371,2.277
34,935,basic,438.369,307.729,713.725,490.761,1.821,1.873
34,939,basic,217.551,103.865,0.0,0.0,1.7,
34,949,basic,379.748,319.681,640.084,522.245,1.57,1.73
34,955,basic,46.687,44.353,0.0,0.0,2.822,
34,971,basic,0.0,0.0,596.376,266.047,,1.143
34,971,gifted,516.867,473.612,0.0,0.0,,
34,972,basic,264.334,194.779,0.0,0.0,1.847,
34,974,basic,85.266,77.602,202.104,180.703,1.21,1.221
34,977,basic,238.809,184.268,424.333,320.175,1.319,1.434
35,103,basic,272.246,244.04,310.507,278.217,1.637,1.639
35,104,basic,143.764,55.351,159.321,62.592,2.345,2.258
35,105,basic,468.519,213.005,337.905,148.94,2.296,2.458
35,105,gifted,182.271,167.073,0.0,0.0,,
35,106,basic,464.008,275.557,349.12,209.605,1.809,1.737
35,106,gifted,115.883,106.221,0.0,0.0,,
35,107,basic,507.01,243.113,528.341,252.237,2.5,2.523
35,109,basic,144.228,97.674,148.824,100.831,2.059,2.057
35,110,basic,383.556,196.199,396.229,202.478,2.055,2.061
35,113,basic,399.717,240.955,327.816,197.167,2.334,2.34
35,113,gifted,136.259,124.898,0.0,0.0,,
35,115,basic,147.896,84.682,175.066,99.958,1.723,1.738
35,117,basic,255.62,156.779,229.542,143.552,2.29,2.19
35,117,gifted,88.77,81.368,0.0,0.0,,
35,118,basic,265.916,135.154,432.94,221.222,2.135,2.108
35,130,basic,647.977,375.035,690.505,398.452,1.697,1.712
35,201,basic,75.222,51.204,99.534,65.601,0.96,1.117
35,202,basic,173.712,90.419,185.426,93.087,1.608,1.78
35,203,basic,264.79,184.794,289.016,198.97,1.333,1.404
35,204,basic,179.808,130.617,185.958,105.399,1.392,2.766
35,208,basic,204.402,171.187,0.0,0.0,1.249,
35,209,basic,141.247,45.897,158.593,51.446,0.789,0.798
35,210,basic,192.959,78.15,0.0,0.0,1.391,
35,211,basic,75.997,47.824,111.333,67.682,1.12,1.294
35,212,gifted,205.976,188.801,0.0,0.0,,
35,215,basic,116.884,69.371,132.202,78.499,0.878,0.882
35,218,basic,165.505,101.496,185.218,113.115,0.769,0.789
35,220,basic,93.686,76.987,0.0,0.0,1.447,
35,221,basic,161.995,111.376,239.196,143.581,0.972,1.561
35,222,basic,139.181,82.646,165.319,97.933,1.994,2.025
35,225,basic,89.182,44.037,95.495,46.769,1.211,1.252
35,226,basic,261.66,166.779,311.34,198.082,1.365,1.409
35,229,basic,250.466,212.57,0.0,0.0,1.123,
35,230,basic,116.661,79.682,146.685,94.889,1.01,1.3
35,233,basic,286.348,176.506,397.124,241.576,0.834,0.901
35,234,basic,77.057,64.791,0.0,0.0,1.181,
35,235,basic,74.671,48.186,106.352,67.742,1.138,1.211
35,236,basic,50.279,44.392,71.441,63.765,1.155,1.096
35,239,basic,276.069,161.124,283.551,165.173,1.705,1.715
35,241,basic,382.63,122.744,617.578,195.713,1.856,1.92
35,242,basic,155.588,108.966,0.0,0.0,1.225,
35,243,basic,206.388,106.647,295.461,151.722,0.976,1.011
35,244,basic,39.115,36.324,62.579,58.804,1.193,1.119
35,245,basic,322.564,285.381,391.813,347.468,1.26,1.264
35,246,basic,237.565,120.854,338.116,167.671,1.163,1.292
35,247,basic,364.492,115.277,664.275,203.151,1.552,1.714
35,248,basic,146.324,93.341,0.0,0.0,0.884,
35,249,basic,25.022,19.267,28.241,22.018,0.969,0.914
35,250,basic,88.295,66.84,155.152,119.038,0.954,0.884
35,251,basic,136.001,62.872,161.851,72.599,1.43,1.584
35,252,basic,255.947,178.755,283.722,190.186,1.522,1.72
35,255,basic,88.065,58.404,125.43,82.317,0.862,0.919
35,257,basic,117.579,104.003,176.601,153.365,1.063,1.176
35,259,basic,160.73,120.133,0.0,0.0,1.315,
35,261,basic,165.379,152.199,223.556,201.55,1.074,1.213
35,262,basic,184.231,144.482,158.013,121.47,1.073,1.172
35,264,basic,76.857,33.466,0.0,0.0,0.958,
35,266,basic,105.578,86.552,136.067,112.075,0.894,0.869
35,267,basic,113.686,104.144,136.956,125.521,1.034,1.033
35,268,basic,106.872,101.528,116.489,110.664,1.073,1.088
35,269,basic,106.021,99.806,132.311,124.479,1.047,1.09
35,270,basic,160.852,111.491,168.145,115.506,1.488,1.53
35,272,basic,41.842,39.447,0.0,0.0,1.058,
35,275,basic,96.014,90.471,130.023,121.639,1.172,1.322
35,276,basic,145.75,68.788,119.443,56.043,1.139,1.169
35,277,basic,131.752,86.073,151.092,98.45,1.006,1.019
35,279,basic,103.102,43.423,129.663,53.917,0.991,1.055
35,281,basic,63.967,43.232,72.376,48.274,0.817,0.877
35,282,basic,74.818,57.208,84.713,63.204,0.892,1.007
35,286,basic,179.866,109.207,228.186,128.093,2.026,2.478
35,287,gifted,190.0,174.158,0.0,0.0,,
35,288,basic,186.002,160.617,217.205,191.146,1.464,1.426
35,289,basic,155.639,136.13,0.0,0.0,1.413,
35,291,basic,372.892,260.407,558.89,406.049,2.292,2.048
35,292,basic,565.465,321.156,799.258,441.408,1.505,1.658
35,930,basic,399.287,361.564,500.347,454.462,2.407,2.318
35,935,basic,436.867,309.114,711.976,493.228,1.814,1.872
35,939,basic,221.237,105.615,0.0,0.0,1.707,
35,949,basic,377.525,318.114,634.604,521.085,1.594,1.738
35,955,basic,44.603,42.373,0.0,0.0,2.889,
35,971,basic,0.0,0.0,587.793,251.602,,1.127
35,971,gifted,516.006,472.981,0.0,0.0,,
35,972,basic,266.924,198.372,0.0,0.0,1.867,
35,974,basic,87.25,79.737,207.106,185.12,1.23,1.272
35,977,basic,242.317,186.396,427.89,322.305,1.315,1.433
36,103,basic,260.978,233.388,297.587,266.044,1.651,1.652
36,104,basic,131.407,47.609,145.067,54.222,2.496,2.363
36,105,basic,424.099,191.4,305.81,133.672,2.251,2.403
36,105,gifted,176.006,161.898,0.0,0.0,,
36,106,basic,451.664,267.117,335.12,201.113,1.788,1.704
36,106,gifted,115.72,106.444,0.0,0.0,,
36,107,basic,527.673,248.565,549.518,257.625,2.478,2.502
36,109,basic,155.006,101.636,159.641,104.607,2.131,2.134
36,110,basic,390.75,193.262,404.333,199.799,2.089,2.094
36,113,basic,399.742,238.354,324.877,193.268,2.341,2.346
36,113,gifted,136.606,125.656,0.0,0.0,,
36,115,basic,157.823,89.925,186.064,105.793,1.721,1.731
36,117,basic,264.071,158.289,238.166,145.584,2.287,2.194
36,117,gifted,90.116,82.893,0.0,0.0,,
36,118,basic,267.819,134.375,440.454,221.455,2.118,2.108
36,130,basic,672.325,381.664,715.82,405.043,1.67,1.684
36,201,basic,78.74,53.359,106.587,69.365,1.051,1.234
36,202,basic,167.843,88.136,179.125,90.789,1.539,1.691
36,203,basic,257.501,183.553,281.068,197.476,1.293,1.361
36,204,basic,169.371,123.773,186.045,102.723,1.406,2.851
36,208,basic,203.831,172.781,0.0,0.0,1.233,
36,209,basic,152.359,48.874,171.457,54.909,0.764,0.771
36,210,basic,191.237,76.283,0.0,0.0,1.369,
36,211,basic,72.913,46.762,106.285,65.747,1.094,1.261
36,212,gifted,205.585,189.106,0.0,0.0,,
36,215,basic,115.861,68.592,131.646,77.672,0.84,0.856
36,218,basic,156.986,97.679,176.851,109.498,0.756,0.779
36,220,basic,85.423,71.533,0.0,0.0,1.349,
36,221,basic,159.083,108.798,235.34,140.681,0.963,1.499
36,222,basic,133.095,84.656,158.044,99.388,1.69,1.748
36,225,basic,76.834,38.214,81.941,40.45,1.168,1.202
36,226,basic,252.089,163.479,302.102,193.005,1.211,1.302
36,229,basic,254.256,218.629,0.0,0.0,1.143,
36,230,basic,101.946,71.074,134.293,88.09,1.004,1.301
36,233,basic,285.652,176.973,395.772,242.017,0.845,0.905
36,234,basic,80.887,69.204,0.0,0.0,1.161,
36,235,basic,81.049,51.967,116.091,73.503,1.141,1.211
36,236,basic,49.347,43.919,68.761,61.884,1.075,1.02
36,239,basic,265.83,156.664,273.044,160.61,1.662,1.672
36,241,basic,385.254,119.667,621.741,190.381,1.88,1.952
36,242,basic,156.055,110.119,0.0,0.0,1.218,
36,243,basic,222.003,115.291,316.256,163.176,0.976,1.009
36,244,basic,34.227,31.985,53.529,50.405,1.079,1.048
36,245,basic,318.462,282.943,388.607,345.404,1.226,1.241
36,246,basic,233.356,118.138,333.571,164.367,1.182,1.308
36,247,basic,371.984,114.162,674.369,200.296,1.578,1.722
36,248,basic,148.533,95.864,0.0,0.0,0.892,
36,249,basic,26.073,20.66,30.371,24.235,0.869,0.84
36,250,basic,85.713,66.592,151.358,119.073,0.944,0.885
36,251,basic,132.441,60.421,157.976,69.773,1.391,1.541
36,252,basic,238.447,170.546,265.41,181.932,1.429,1.614
36,255,basic,89.751,60.985,128.724,86.078,0.832,0.91
36,257,basic,127.512,114.139,188.094,165.41,1.071,1.179
36,259,basic,162.668,123.857,0.0,0.0,1.32,
36,261,basic,171.196,157.777,229.886,206.748,1.076,1.226
36,262,basic,189.032,149.946,161.196,125.171,1.08,1.177
36,264,basic,82.058,34.98,0.0,0.0,0.932,
36,266,basic,108.781,89.681,140.792,116.569,0.914,0.892
36,267,basic,112.306,103.198,136.029,125.069,1.032,1.031
36,268,basic,106.35,101.033,115.917,110.121,1.068,1.082
36,269,basic,105.502,99.315,132.258,124.406,1.052,1.108
36,270,basic,144.644,104.073,151.246,108.038,1.396,1.427
36,272,basic,42.089,39.674,0.0,0.0,1.06,
36,275,basic,98.03,92.353,133.82,125.198,1.198,1.346
36,276,basic,143.949,66.999,118.696,54.853,1.135,1.168
36,277,basic,127.435,84.702,145.87,96.706,1.013,1.024
36,279,basic,105.24,43.974,132.979,54.743,0.994,1.062
36,281,basic,65.92,45.443,74.863,50.849,0.816,0.877
36,282,basic,73.591,58.064,83.232,63.954,0.872,0.985
36,286,basic,179.694,113.594,228.162,131.322,1.755,2.216
36,287,gifted,190.0,174.77,0.0,0.0,,
36,288,basic,190.443,168.905,224.186,199.728,1.386,1.411
36,289,basic,155.294,138.688,0.0,0.0,1.395,
36,291,basic,378.336,267.915,567.706,416.601,2.213,2.001
36,292,basic,564.486,321.451,800.564,441.043,1.491,1.655
36,930,basic,398.848,366.337,499.89,460.285,2.317,2.223
36,935,basic,437.855,311.982,713.117,497.703,1.821,1.879
36,939,basic,218.19,102.181,0.0,0.0,1.689,
36,949,basic,381.955,328.087,642.282,535.271,1.539,1.704
36,955,basic,45.937,43.64,0.0,0.0,2.792,
36,971,basic,0.0,0.0,592.78,252.179,,1.128
36,971,gifted,516.102,474.732,0.0,0.0,,
36,972,basic,260.303,199.271,0.0,0.0,1.78,
36,974,basic,88.345,81.04,207.62,186.756,1.24,1.251
36,977,basic,240.158,188.339,427.591,327.647,1.312,1.434
37,103,basic,256.062,232.011,291.947,264.42,1.664,1.666
37,104,basic,130.047,53.93,143.379,60.521,2.267,2.173
37,105,basic,435.187,211.767,317.71,150.903,2.337,2.504
37,105,gifted,176.322,162.12,0.0,0.0,,
37,106,basic,469.507,290.167,349.685,218.75,1.77,1.674
37,106,gifted,118.302,108.773,0.0,0.0,,
37,107,basic,498.525,255.173,519.532,265.006,2.504,2.529
37,109,basic,150.371,102.934,154.785,105.966,2.127,2.126
37,110,basic,390.252,201.773,404.225,208.795,2.141,2.147
37,113,basic,395.554,251.163,323.705,205.078,2.371,2.379
37,113,gifted,135.746,124.813,0.0,0.0,,
37,115,basic,144.177,85.792,170.395,101.221,1.725,1.737
37,117,basic,253.716,158.381,228.027,144.589,2.348,2.242
37,117,gifted,89.349,82.152,0.0,0.0,,
37,118,basic,266.067,141.787,438.749,234.215,2.16,2.149
37,130,basic,671.249,384.622,714.475,408.404,1.742,1.758
37,201,basic,74.286,49.441,100.524,65.049,1.047,1.232
37,202,basic,168.593,88.745,179.818,92.084,1.621,1.796
37,203,basic,248.663,174.593,271.469,188.679,1.291,1.36
37,204,basic,168.236,120.845,187.081,108.92,1.446,2.977
37,208,basic,209.235,172.184,0.0,0.0,1.276,
37,209,basic,144.67,45.516,162.73,51.136,0.789,0.797
37,210,basic,192.58,76.369,0.0,0.0,1.435,
37,211,basic,82.352,51.692,119.359,73.021,1.111,1.284
37,212,gifted,206.086,189.486,0.0,0.0,,
37,215,basic,122.702,67.538,138.927,76.531,0.891,0.893
37,218,basic,160.195,95.489,180.233,107.087,0.774,0.795
37,220,basic,89.363,73.774,0.0,0.0,1.508,
37,221,basic,162.731,103.637,240.454,136.672,1.051,1.722
37,222,basic,138.218,86.11,163.072,101.484,1.909,1.939
37,225,basic,81.756,40.046,87.34,42.534,1.231,1.27
37,226,basic,262.106,157.057,311.048,186.132,1.428,1.467
37,229,basic,243.955,201.217,0.0,0.0,1.17,
37,230,basic,102.281,69.486,136.674,88.946,1.027,1.33
37,233,basic,278.945,166.457,385.645,228.13,0.821,0.88
37,234,basic,80.718,66.076,0.0,0.0,1.248,
37,235,basic,80.436,49.316,114.522,69.567,1.183,1.253
37,236,basic,48.652,43.156,67.236,60.182,1.088,1.034
37,239,basic,273.781,161.212,281.572,165.533,1.755,1.766
37,241,basic,383.857,123.934,619.64,197.892,1.969,2.045
37,242,basic,155.032,105.959,0.0,0.0,1.228,
37,243,basic,218.131,111.012,309.899,157.084,0.989,1.018
37,244,basic,35.855,33.549,56.924,53.704,1.186,1.11
37,245,basic,320.671,274.265,390.356,333.625,1.241,1.252
37,246,basic,230.281,116.873,329.485,163.69,1.135,1.278
37,247,basic,368.0,116.341,668.352,205.563,1.628,1.807
37,248,basic,142.769,89.074,0.0,0.0,0.893,
37,249,basic,32.303,23.911,37.506,27.954,0.903,0.861
37,250,basic,87.699,65.648,153.648,116.032,0.966,0.905
37,251,basic,138.11,62.315,164.309,72.458,1.415,1.57
37,252,basic,243.312,170.869,270.364,183.931,1.463,1.667
37,255,basic,84.485,55.052,123.388,79.583,0.873,0.947
37,257,basic,117.175,101.368,176.47,150.103,1.059,1.18
37,259,basic,161.45,122.27,0.0,0.0,1.289,
37,261,basic,176.565,162.342,239.537,215.346,1.103,1.271
37,262,basic,183.389,139.694,157.144,117.735,1.068,1.179
37,264,basic,84.359,34.307,0.0,0.0,0.959,
37,266,basic,107.806,83.716,139.418,108.6,0.907,0.884
37,267,basic,114.212,98.785,137.955,119.338,1.025,1.024
37,268,basic,110.335,104.819,120.368,114.35,1.068,1.083
37,269,basic,104.551,98.543,130.759,123.173,1.06,1.108
37,270,basic,155.244,109.438,162.456,113.786,1.535,1.576
37,272,basic,39.959,37.783,0.0,0.0,1.091,
37,275,basic,91.985,86.956,125.107,117.657,1.193,1.342
37,276,basic,155.157,70.428,126.476,57.145,1.144,1.174
37,277,basic,131.043,84.993,150.046,97.128,1.03,1.043
37,279,basic,108.949,44.8,137.168,55.789,1.026,1.099
37,281,basic,65.078,43.296,73.639,48.497,0.812,0.875
37,282,basic,72.838,55.871,81.822,61.784,0.837,0.936
37,286,basic,174.685,105.271,222.568,125.526,2.009,2.502
37,287,gifted,190.0,174.696,0.0,0.0,,
37,288,basic,188.347,167.282,220.361,197.656,1.412,1.394
37,289,basic,158.514,144.52,0.0,0.0,1.422,
37,291,basic,377.282,267.244,564.997,411.918,2.447,2.178
37,292,basic,564.087,325.788,798.236,449.749,1.505,1.68
37,930,basic,399.129,372.048,500.17,466.381,2.4,2.308
37,935,basic,438.351,319.259,713.801,508.877,1.927,1.969
37,939,basic,216.637,102.668,0.0,0.0,1.757,
37,949,basic,378.57,329.205,635.935,542.456,1.624,1.763
37,955,basic,45.034,42.783,0.0,0.0,2.785,
37,971,basic,0.0,0.0,579.467,246.209,,1.117
37,971,gifted,514.934,473.459,0.0,0.0,,
37,972,basic,262.389,203.875,0.0,0.0,1.845,
37,974,basic,86.863,80.415,206.648,187.962,1.25,1.305
37,977,basic,248.831,190.477,437.755,330.466,1.371,1.475
38,103,basic,266.42,231.847,303.769,264.273,1.626,1.627
38,104,basic,128.291,52.193,145.084,60.047,2.299,2.233
38,105,basic,456.411,212.635,326.013,146.661,2.27,2.411
38,105,gifted,181.731,166.399,0.0,0.0,,
38,106,basic,453.654,283.609,339.307,216.779,1.688,1.593
38,106,gifted,116.758,106.907,0.0,0.0,,
38,107,basic,506.496,245.031,527.726,253.933,2.434,2.457
38,109,basic,154.838,101.033,159.583,104.172,2.11,2.108
38,110,basic,398.728,205.547,413.028,212.552,2.123,2.13
38,113,basic,392.398,232.727,315.226,186.171,2.322,2.339
38,113,gifted,136.27,124.773,0.0,0.0,,
38,115,basic,145.849,86.345,171.904,101.51,1.713,1.723
38,117,basic,259.596,155.1,234.652,143.186,2.304,2.219
38,117,gifted,90.129,82.525,0.0,0.0,,
38,118,basic,265.393,139.471,435.188,229.457,2.056,2.044
38,130,basic,666.714,395.425,709.858,419.313,1.712,1.727
38,201,basic,80.813,55.674,107.384,70.909,0.948,1.104
38,202,basic,169.383,86.22,182.114,87.85,1.632,1.831
38,203,basic,259.298,179.345,282.619,191.896,1.278,1.35
38,204,basic,187.531,131.856,190.672,97.422,1.363,2.744
38,208,basic,204.394,168.402,0.0,0.0,1.231,
38,209,basic,144.068,53.966,161.794,60.501,0.767,0.773
38,210,basic,192.541,81.983,0.0,0.0,1.401,
38,211,basic,81.883,52.438,119.336,73.228,1.1,1.264
38,212,gifted,205.859,188.491,0.0,0.0,,
38,215,basic,113.386,70.308,128.939,79.571,0.853,0.871
38,218,basic,149.747,96.678,167.321,107.476,0.753,0.772
38,220,basic,91.871,74.599,0.0,0.0,1.297,
38,221,basic,164.915,115.069,242.068,145.543,0.944,1.441
38,222,basic,151.016,82.624,178.955,97.02,2.079,2.118
38,225,basic,89.616,45.185,96.111,47.927,1.265,1.307
38,226,basic,262.039,171.688,311.449,200.353,1.213,1.303
38,229,basic,254.73,209.454,0.0,0.0,1.125,
38,230,basic,106.806,73.533,141.056,90.474,1.01,1.299
38,233,basic,279.113,179.504,386.472,244.867,0.825,0.882
38,234,basic,73.382,59.965,0.0,0.0,1.133,
38,235,basic,86.702,54.853,122.41,76.355,1.204,1.272
38,236,basic,51.609,44.245,74.101,64.466,1.096,1.044
38,239,basic,276.084,156.582,283.385,160.558,1.699,1.703
38,241,basic,385.24,130.578,621.82,206.929,1.808,1.885
38,242,basic,156.042,107.906,0.0,0.0,1.217,
38,243,basic,217.222,119.1,308.271,167.724,0.959,0.991
38,244,basic,37.075,34.413,58.452,54.738,1.059,1.055
38,245,basic,316.132,270.463,387.024,330.421,1.215,1.235
38,246,basic,231.507,121.443,333.004,169.642,1.174,1.288
38,247,basic,370.56,126.547,673.277,221.406,1.529,1.665
38,248,basic,144.717,95.141,0.0,0.0,0.881,
38,249,basic,32.722,25.92,38.389,30.573,0.835,0.818
38,250,basic,84.204,63.671,152.862,117.501,0.961,0.897
38,251,basic,126.59,62.469,151.227,71.853,1.282,1.425
38,252,basic,247.608,173.306,274.612,183.666,1.371,1.532
38,255,basic,87.328,60.063,126.204,85.03,0.82,0.903
38,257,basic,120.451,103.714,180.061,151.24,1.05,1.164
38,259,basic,157.505,116.653,0.0,0.0,1.224,
38,261,basic,186.207,166.312,253.126,218.456,1.097,1.251
38,262,basic,184.221,143.168,158.503,119.86,1.047,1.149
38,264,basic,84.52,40.091,0.0,0.0,0.931,
38,266,basic,105.351,86.13,135.488,111.474,0.886,0.86
38,267,basic,121.309,107.372,147.835,130.833,1.029,1.031
38,268,basic,111.096,105.541,121.685,115.6,1.064,1.08
38,269,basic,106.055,98.418,132.716,122.687,1.025,1.072
38,270,basic,161.873,106.839,169.026,110.501,1.512,1.546
38,272,basic,41.321,38.702,0.0,0.0,1.018,
38,275,basic,88.04,81.717,120.787,110.244,1.14,1.278
38,276,basic,152.849,76.521,125.121,62.142,1.12,1.151
38,277,basic,135.115,90.047,154.767,102.84,1.001,1.012
38,279,basic,103.478,47.383,130.674,58.847,0.984,1.046
38,281,basic,63.796,44.357,72.212,49.426,0.814,0.866
38,282,basic,78.0,59.995,87.411,65.351,0.878,0.975
38,286,basic,177.563,111.586,226.215,126.974,1.628,2.081
38,287,gifted,190.0,173.97,0.0,0.0,,
38,288,basic,178.767,153.593,209.888,179.864,1.293,1.326
38,289,basic,156.658,136.431,0.0,0.0,1.329,
38,291,basic,375.933,252.594,563.969,392.766,2.164,1.961
38,292,basic,563.649,330.179,798.06,449.255,1.446,1.608
38,930,basic,399.49,335.859,500.543,425.212,2.328,2.235
38,935,basic,438.125,300.004,713.354,475.322,1.764,1.825
38,939,basic,216.814,105.824,0.0,0.0,1.666,
38,949,basic,374.131,307.65,629.385,498.223,1.501,1.652
38,955,basic,44.713,42.477,0.0,0.0,2.762,
38,971,basic,0.0,0.0,588.843,269.92,,1.124
38,971,gifted,515.968,472.436,0.0,0.0,,
38,972,basic,262.486,186.305,0.0,0.0,1.854,
38,974,basic,86.63,76.861,202.977,177.533,1.198,1.189
38,977,basic,240.413,180.026,427.114,310.946,1.279,1.401
39,103,basic,279.991,254.72,319.21,290.355,1.636,1.636
39,104,basic,152.108,54.111,165.41,61.035,2.587,2.425
39,105,basic,426.855,192.758,310.057,135.322,2.226,2.391
39,105,gifted,176.655,162.702,0.0,0.0,,
39,106,basic,474.08,281.607,355.7,213.879,1.819,1.745
39,106,gifted,117.618,108.328,0.0,0.0,,
39,107,basic,525.333,248.729,546.736,257.772,2.492,2.513
39,109,basic,145.8,98.532,150.16,101.423,2.126,2.128
39,110,basic,398.473,202.094,412.663,209.007,2.085,2.092
39,113,basic,391.227,234.783,321.784,191.907,2.357,2.381
39,113,gifted,132.844,122.351,0.0,0.0,,
39,115,basic,137.742,78.641,163.347,92.982,1.72,1.734
39,117,basic,258.399,159.354,232.693,146.409,2.307,2.21
39,117,gifted,89.458,82.392,0.0,0.0,,
39,118,basic,260.397,131.248,427.846,216.172,2.131,2.119
39,130,basic,653.494,382.16,696.032,405.587,1.68,1.696
39,201,basic,77.083,52.257,102.89,67.248,0.952,1.117
39,202,basic,164.496,84.594,176.163,87.125,1.542,1.714
39,203,basic,252.226,177.12,275.502,190.644,1.281,1.351
39,204,basic,182.394,131.006,191.79,103.921,1.438,2.917
39,208,basic,205.93,175.809,0.0,0.0,1.233,
39,209,basic,146.436,45.494,163.398,50.67,0.773,0.781
39,210,basic,192.794,75.216,0.0,0.0,1.41,
39,211,basic,70.255,43.598,107.902,64.387,1.13,1.316
39,212,gifted,206.051,189.777,0.0,0.0,,
39,215,basic,122.998,72.67,139.689,82.359,0.896,0.909
39,218,basic,160.49,97.316,180.056,108.661,0.772,0.794
39,220,basic,93.08,76.057,0.0,0.0,1.494,
39,221,basic,158.501,110.107,233.836,141.346,0.961,1.52
39,222,basic,139.684,83.374,166.154,97.957,1.908,1.977
39,225,basic,85.136,41.009,91.026,43.522,1.211,1.245
39,226,basic,253.226,166.487,304.063,197.489,1.256,1.338
39,229,basic,248.247,211.711,0.0,0.0,1.148,
39,230,basic,119.053,79.965,150.968,95.727,1.052,1.339
39,233,basic,283.04,173.102,393.405,237.132,0.832,0.9
39,234,basic,75.962,63.915,0.0,0.0,1.212,
39,235,basic,78.437,50.045,111.48,70.177,1.179,1.252
39,236,basic,50.719,45.373,71.551,64.679,1.085,1.028
39,239,basic,273.092,157.99,280.742,162.107,1.665,1.674
39,241,basic,384.591,116.536,621.504,185.276,1.875,1.957
39,242,basic,154.563,108.611,0.0,0.0,1.209,
39,243,basic,213.524,107.611,304.586,152.592,0.988,1.019
39,244,basic,34.733,32.397,54.735,51.492,1.135,1.092
39,245,basic,320.384,288.075,390.321,351.296,1.226,1.241
39,246,basic,226.93,112.948,327.368,158.16,1.15,1.29
39,247,basic,366.75,109.72,667.044,192.793,1.561,1.715
39,248,basic,146.235,92.538,0.0,0.0,0.879,
39,249,basic,30.467,24.27,35.372,28.394,0.869,0.838
39,250,basic,82.542,62.418,147.806,113.246,0.956,0.893
39,251,basic,130.812,59.498,156.028,68.723,1.401,1.553
39,252,basic,242.712,172.511,269.577,183.85,1.43,1.612
39,255,basic,86.209,57.048,124.126,80.947,0.834,0.908
39,257,basic,118.867,106.13,180.035,157.781,1.073,1.189
39,259,basic,167.893,124.812,0.0,0.0,1.326,
39,261,basic,175.622,161.368,239.08,214.429,1.121,1.28
39,262,basic,190.23,150.836,162.704,126.058,1.055,1.162
39,264,basic,78.528,33.651,0.0,0.0,0.938,
39,266,basic,104.185,86.332,134.17,111.697,0.912,0.888
39,267,basic,117.564,109.323,142.175,132.271,1.029,1.029
39,268,basic,110.083,104.579,120.046,114.043,1.064,1.078
39,269,basic,104.635,98.576,131.455,123.763,1.061,1.116
39,270,basic,153.298,106.479,160.246,110.413,1.433,1.468
39,272,basic,41.183,38.887,0.0,0.0,1.044,
39,275,basic,93.58,88.398,126.704,118.91,1.157,1.304
39,276,basic,157.36,73.182,126.784,58.492,1.109,1.147
39,277,basic,131.145,84.593,150.368,96.709,1.018,1.031
39,279,basic,107.639,43.745,135.829,54.377,0.998,1.068
39,281,basic,72.207,48.569,81.847,54.301,0.806,0.863
39,282,basic,75.314,57.806,84.568,63.346,0.867,0.972
39,286,basic,179.188,113.92,228.276,131.63,1.824,2.316
39,287,gifted,190.0,174.993,0.0,0.0,,
39,288,basic,193.027,171.322,225.326,201.403,1.344,1.356
39,289,basic,157.649,140.21,0.0,0.0,1.389,
39,291,basic,374.343,265.449,560.988,411.93,2.262,2.039
39,292,basic,564.766,315.905,800.528,433.869,1.527,1.687
39,930,basic,399.41,362.857,500.466,455.868,2.366,2.276
39,935,basic,437.512,310.148,712.827,493.92,1.8,1.855
39,939,basic,223.213,103.794,0.0,0.0,1.74,
39,949,basic,376.098,319.283,632.543,521.949,1.58,1.73
39,955,basic,45.297,43.033,0.0,0.0,2.804,
39,971,basic,0.0,0.0,583.654,241.471,,1.126
39,971,gifted,515.686,474.956,0.0,0.0,,
39,972,basic,262.725,197.023,0.0,0.0,1.836,
39,974,basic,87.742,80.29,207.986,186.899,1.237,1.251
39,977,basic,248.542,190.868,438.958,329.451,1.323,1.445
40,103,basic,268.386,237.05,305.917,270.143,1.67,1.67
40,104,basic,130.93,60.564,145.741,69.058,2.371,2.271
40,105,basic,426.952,228.315,311.662,161.254,2.231,2.397
40,105,gifted,177.63,163.23,0.0,0.0,,
40,106,basic,463.408,311.335,347.124,236.991,1.715,1.624
40,106,gifted,116.744,107.28,0.0,0.0,,
40,107,basic,512.246,279.859,533.215,290.034,2.454,2.477
40,109,basic,147.878,101.781,152.12,104.567,2.205,2.21
40,110,basic,404.561,233.998,419.331,242.198,2.135,2.143
40,113,basic,398.288,256.723,326.346,209.557,2.338,2.351
40,113,gifted,135.485,124.501,0.0,0.0,,
40,115,basic,144.758,93.091,170.896,109.675,1.728,1.739
40,117,basic,265.832,172.743,240.136,158.968,2.343,2.249
40,117,gifted,90.565,83.223,0.0,0.0,,
40,118,basic,262.647,153.819,434.671,254.551,2.062,2.063
40,130,basic,667.846,433.578,710.729,459.928,1.714,1.729
40,201,basic,75.87,49.388,102.44,64.287,1.01,1.185
40,202,basic,169.223,86.349,182.27,88.633,1.698,1.926
40,203,basic,251.68,165.217,275.505,178.012,1.326,1.406
40,204,basic,176.554,117.624,188.318,95.608,1.416,2.895
40,208,basic,201.749,160.221,0.0,0.0,1.262,
40,209,basic,154.565,61.334,174.431,69.088,0.768,0.777
40,210,basic,193.361,85.987,0.0,0.0,1.41,
40,211,basic,76.022,47.089,112.272,67.094,1.103,1.28
40,212,gifted,205.618,188.949,0.0,0.0,,
40,215,basic,119.637,69.985,136.98,79.733,0.982,1.012
40,218,basic,158.947,98.898,178.275,110.426,0.753,0.775
40,220,basic,93.057,69.307,0.0,0.0,1.434,
40,221,basic,165.966,109.847,243.64,140.537,0.99,1.57
40,222,basic,151.961,80.153,180.088,94.435,2.237,2.284
40,225,basic,84.734,43.685,90.437,46.366,1.221,1.248
40,226,basic,255.694,160.098,306.618,190.368,1.291,1.361
40,229,basic,252.74,192.829,0.0,0.0,1.133,
40,230,basic,113.795,74.673,145.76,90.478,1.022,1.31
40,233,basic,274.822,170.629,381.62,233.864,0.829,0.892
40,234,basic,75.812,57.111,0.0,0.0,1.187,
40,235,basic,84.448,51.706,120.054,72.433,1.238,1.322
40,236,basic,49.134,41.78,69.647,59.781,0.992,0.951
40,239,basic,274.495,154.467,281.456,158.351,1.717,1.718
40,241,basic,384.057,140.143,620.271,222.964,1.872,1.95
40,242,basic,156.341,103.84,0.0,0.0,1.206,
40,243,basic,221.199,119.994,312.436,168.56,0.981,1.011
40,244,basic,35.047,32.149,55.582,51.73,1.113,1.08
40,245,basic,315.722,252.231,386.517,308.54,1.228,1.237
40,246,basic,222.605,117.978,322.957,166.442,1.146,1.284
40,247,basic,367.778,135.583,669.087,238.508,1.559,1.716
40,248,basic,150.242,94.815,0.0,0.0,0.888,
40,249,basic,28.041,20.457,32.121,23.626,0.896,0.861
40,250,basic,86.632,61.328,156.778,112.637,0.976,0.902
40,251,basic,131.599,65.134,157.451,75.409,1.371,1.531
40,252,basic,233.612,155.277,260.319,166.043,1.42,1.61
40,255,basic,88.238,57.519,126.426,81.368,0.85,0.917
40,257,basic,123.143,98.136,183.53,143.287,1.075,1.182
40,259,basic,156.176,108.451,0.0,0.0,1.267,
40,261,basic,180.27,155.729,243.897,204.429,1.063,1.199
40,262,basic,186.94,136.004,160.255,114.167,1.057,1.159
40,264,basic,76.364,37.445,0.0,0.0,0.883,
40,266,basic,105.307,79.749,135.301,102.99,0.908,0.881
40,267,basic,118.838,97.168,145.183,118.705,1.024,1.024
40,268,basic,114.563,108.835,125.124,118.867,1.048,1.059
40,269,basic,107.063,97.463,133.972,121.191,1.019,1.065
40,270,basic,158.107,101.82,164.813,105.411,1.474,1.504
40,272,basic,43.621,40.686,0.0,0.0,0.995,
40,275,basic,94.442,85.652,129.874,115.129,1.168,1.316
40,276,basic,151.03,76.386,123.132,61.915,1.141,1.17
40,277,basic,120.183,76.811,137.997,87.938,1.006,1.02
40,279,basic,100.292,46.986,126.957,58.639,0.998,1.067
40,281,basic,69.824,45.978,80.006,51.827,0.833,0.906
40,282,basic,81.974,58.828,92.127,64.481,0.891,1.004
40,286,basic,176.905,101.713,225.93,118.713,1.938,2.428
40,287,gifted,190.0,174.597,0.0,0.0,,
40,288,basic,198.493,160.034,231.706,187.787,1.33,1.335
40,289,basic,159.46,137.315,0.0,0.0,1.359,
40,291,basic,378.257,246.325,566.793,378.589,2.355,2.118
40,292,basic,559.697,335.459,792.703,460.568,1.482,1.642
40,930,basic,399.21,330.786,500.242,419.104,2.306,2.213
40,935,basic,437.018,296.962,712.184,468.398,1.853,1.895
40,939,basic,219.569,111.357,0.0,0.0,1.765,
40,949,basic,375.305,302.109,635.107,493.761,1.557,1.713
40,955,basic,45.548,43.271,0.0,0.0,2.742,
40,971,basic,0.0,0.0,584.74,275.594,,1.118
40,971,gifted,515.514,473.721,0.0,0.0,,
40,972,basic,258.991,184.025,0.0,0.0,1.874,
40,974,basic,85.67,73.219,203.301,172.051,1.173,1.189
40,977,basic,236.405,166.119,422.593,290.146,1.31,1.437
41,103,basic,263.546,232.304,300.6,264.837,1.648,1.65
41,104,basic,125.309,52.488,139.564,59.342,2.171,2.109
41,105,basic,449.761,209.577,320.839,143.813,2.182,2.311
41,105,gifted,183.123,167.997,0.0,0.0,,
41,106,basic,452.065,286.181,334.951,217.269,1.728,1.639
41,106,gifted,115.662,106.108,0.0,0.0,,
41,107,basic,524.672,247.064,546.293,255.679,2.447,2.469
41,109,basic,153.738,105.225,158.448,108.531,2.025,2.023
41,110,basic,401.076,214.206,414.796,221.071,2.051,2.058
41,113,basic,384.626,229.335,310.068,184.738,2.289,2.296
41,113,gifted,133.505,122.477,0.0,0.0,,
41,115,basic,143.548,85.776,169.69,101.033,1.721,1.733
41,117,basic,255.463,156.656,232.02,145.184,2.256,2.187
41,117,gifted,89.461,82.072,0.0,0.0,,
41,118,basic,259.716,137.104,424.065,224.746,2.03,2.017
41,130,basic,646.363,403.618,689.006,427.782,1.663,1.68
41,201,basic,78.339,53.745,105.728,68.686,0.931,1.09
41,202,basic,167.357,85.219,179.491,86.668,1.463,1.617
41,203,basic,273.267,181.336,298.411,193.617,1.338,1.409
41,204,basic,180.724,125.81,190.449,88.824,1.303,2.73
41,208,basic,209.187,176.557,0.0,0.0,1.207,
41,209,basic,157.343,58.288,178.359,65.905,0.769,0.777
41,210,basic,191.111,80.591,0.0,0.0,1.328,
41,211,basic,74.81,47.132,111.691,66.656,1.091,1.257
41,212,gifted,205.969,188.955,0.0,0.0,,
41,215,basic,120.168,77.201,136.625,87.288,0.839,0.853
41,218,basic,154.858,100.641,173.319,111.941,0.752,0.769
41,220,basic,94.341,73.96,0.0,0.0,1.348,
41,221,basic,165.395,122.547,241.514,152.556,0.879,1.317
41,222,basic,141.198,81.107,167.869,94.414,1.74,1.795
41,225,basic,83.847,42.167,89.752,44.672,1.164,1.195
41,226,basic,255.132,172.535,305.104,201.601,1.162,1.251
41,229,basic,249.596,204.957,0.0,0.0,1.122,
41,230,basic,115.561,79.463,146.792,92.316,0.963,1.249
41,233,basic,280.856,183.424,388.702,249.212,0.799,0.853
41,234,basic,77.88,63.331,0.0,0.0,1.119,
41,235,basic,84.302,55.257,119.191,76.302,1.103,1.186
41,236,basic,50.767,43.748,71.554,62.628,1.033,0.99
41,239,basic,267.428,147.083,274.616,150.763,1.628,1.634
41,241,basic,384.378,122.585,620.455,193.63,1.762,1.836
41,242,basic,157.715,108.113,0.0,0.0,1.213,
41,243,basic,214.936,116.228,305.833,163.71,0.961,0.995
41,244,basic,36.547,33.611,57.676,53.768,1.072,1.064
41,245,basic,323.828,277.176,393.626,336.79,1.225,1.242
41,246,basic,237.101,123.137,341.385,170.386,1.117,1.238
41,247,basic,366.069,119.146,665.802,207.183,1.486,1.615
41,248,basic,142.512,93.561,0.0,0.0,0.87,
41,249,basic,33.611,27.381,39.411,32.383,0.825,0.804
41,250,basic,89.895,68.039,159.605,123.04,0.937,0.879
41,251,basic,129.558,62.925,154.335,71.845,1.292,1.42
41,252,basic,257.224,177.882,284.591,186.967,1.36,1.506
41,255,basic,88.298,60.636,127.273,85.332,0.815,0.892
41,257,basic,121.521,104.676,182.757,153.069,1.062,1.174
41,259,basic,166.819,122.952,0.0,0.0,1.16,
41,261,basic,176.542,157.963,238.333,206.625,1.044,1.174
41,262,basic,184.818,143.783,159.059,119.755,1.053,1.15
41,264,basic,79.676,38.614,0.0,0.0,0.916,
41,266,basic,104.154,87.275,134.345,113.331,0.886,0.864
41,267,basic,113.364,102.737,137.961,125.103,1.013,1.014
41,268,basic,109.737,104.25,120.133,114.126,1.066,1.082
41,269,basic,105.475,97.047,131.997,120.835,1.012,1.062
41,270,basic,154.969,104.217,161.837,107.776,1.315,1.342
41,272,basic,40.605,37.771,0.0,0.0,1.042,
41,275,basic,98.016,90.299,131.852,119.092,1.113,1.246
41,276,basic,144.18,72.096,119.411,59.195,1.114,1.142
41,277,basic,126.376,82.839,144.771,94.531,1.007,1.018
41,279,basic,101.506,45.5,128.304,56.306,0.995,1.058
41,281,basic,67.863,47.422,76.74,52.712,0.791,0.835
41,282,basic,79.982,61.657,90.186,67.23,0.847,0.936
41,286,basic,183.852,115.106,232.565,128.758,1.645,2.051
41,287,gifted,190.0,174.306,0.0,0.0,,
41,288,basic,186.434,156.647,218.728,183.718,1.316,1.331
41,289,basic,158.151,138.012,0.0,0.0,1.323,
41,291,basic,375.088,247.307,561.943,384.642,2.199,1.993
41,292,basic,563.563,327.657,798.218,442.052,1.439,1.598
41,930,basic,398.967,326.258,500.047,413.954,2.242,2.16
41,935,basic,437.854,296.404,713.19,464.009,1.706,1.781
41,939,basic,220.181,107.076,0.0,0.0,1.616,
41,949,basic,380.199,308.886,638.578,495.224,1.481,1.633
41,955,basic,45.988,43.688,0.0,0.0,2.716,
41,971,basic,0.0,0.0,586.737,262.709,,1.109
41,971,gifted,516.225,473.585,0.0,0.0,,
41,972,basic,260.928,185.3,0.0,0.0,1.779,
41,974,basic,85.126,74.503,201.243,173.528,1.155,1.147
41,977,basic,239.489,174.503,425.097,299.031,1.284,1.408
42,103,basic,273.453,247.596,311.886,282.247,1.615,1.618
42,104,basic,138.935,56.61,152.301,63.338,2.341,2.222
42,105,basic,440.403,208.305,314.719,145.569,2.329,2.492
42,105,gifted,177.95,163.172,0.0,0.0,,
42,106,basic,474.893,286.552,354.299,215.335,1.851,1.783
42,106,gifted,118.099,108.291,0.0,0.0,,
42,107,basic,512.596,257.122,533.982,266.995,2.499,2.523
42,109,basic,142.264,98.244,146.324,101.082,2.09,2.088
42,110,basic,397.329,210.469,410.94,217.507,2.199,2.204
42,113,basic,392.323,245.918,312.092,195.159,2.32,2.328
42,113,gifted,136.25,124.935,0.0,0.0,,
42,115,basic,147.98,85.253,174.127,100.191,1.714,1.723
42,117,basic,263.366,168.489,239.207,154.982,2.321,2.23
42,117,gifted,89.411,81.986,0.0,0.0,,
42,118,basic,259.261,136.41,425.316,224.297,2.124,2.108
42,130,basic,667.568,395.474,710.863,420.066,1.726,1.742
42,201,basic,81.5,52.511,109.184,68.503,1.071,1.258
42,202,basic,166.408,86.034,178.326,89.408,1.653,1.863
42,203,basic,261.923,177.698,285.983,191.975,1.356,1.434
42,204,basic,182.122,127.308,189.664,110.172,1.494,2.926
42,208,basic,203.597,168.209,0.0,0.0,1.275,
42,209,basic,152.701,49.002,173.406,55.57,0.789,0.798
42,210,basic,192.941,79.283,0.0,0.0,1.426,
42,211,basic,73.546,44.632,107.632,63.701,1.119,1.298
42,212,gifted,206.076,188.962,0.0,0.0,,
42,215,basic,116.442,67.368,132.288,76.398,0.893,0.91
42,218,basic,163.249,95.587,183.534,107.115,0.772,0.795
42,220,basic,82.781,69.195,0.0,0.0,1.411,
42,221,basic,165.135,112.49,240.319,147.925,1.0,1.633
42,222,basic,140.686,83.33,167.263,98.596,2.152,2.212
42,225,basic,82.772,39.955,88.63,42.522,1.272,1.316
42,226,basic,261.936,169.803,311.991,201.518,1.385,1.438
42,229,basic,256.576,208.165,0.0,0.0,1.157,
42,230,basic,112.488,72.627,144.619,89.914,1.09,1.376
42,233,basic,285.382,168.508,395.82,231.566,0.86,0.927
42,234,basic,74.873,60.197,0.0,0.0,1.209,
42,235,basic,79.981,50.181,113.508,70.597,1.228,1.298
42,236,basic,49.292,44.132,69.889,63.128,1.154,1.093
42,239,basic,272.069,157.831,279.13,161.793,1.718,1.724
42,241,basic,384.953,126.688,621.26,202.511,1.949,2.022
42,242,basic,156.041,105.628,0.0,0.0,1.243,
42,243,basic,212.771,106.77,303.249,151.604,0.991,1.02
42,244,basic,37.437,35.118,58.631,55.317,1.131,1.084
42,245,basic,321.32,283.484,391.175,345.135,1.256,1.264
42,246,basic,240.519,118.698,343.442,166.395,1.237,1.372
42,247,basic,374.213,120.078,679.254,212.784,1.632,1.799
42,248,basic,146.963,89.043,0.0,0.0,0.891,
42,249,basic,29.064,21.759,33.888,25.505,0.89,0.856
42,250,basic,84.915,60.738,150.691,108.818,0.977,0.908
42,251,basic,129.389,61.533,153.817,71.493,1.399,1.564
42,252,basic,244.567,171.78,271.465,184.956,1.51,1.719
42,255,basic,86.741,54.743,125.007,78.112,0.85,0.925
42,257,basic,123.636,106.182,184.687,156.251,1.097,1.21
42,259,basic,164.857,119.043,0.0,0.0,1.303,
42,261,basic,174.546,160.427,236.556,212.637,1.114,1.282
42,262,basic,183.452,138.134,158.486,117.398,1.095,1.212
42,264,basic,82.148,36.049,0.0,0.0,0.931,
42,266,basic,104.009,82.321,134.169,106.519,0.903,0.879
42,267,basic,119.406,105.561,144.875,128.074,1.041,1.041
42,268,basic,105.977,100.678,115.867,110.074,1.058,1.071
42,269,basic,108.541,102.444,135.647,127.948,1.032,1.085
42,270,basic,159.008,107.188,166.015,111.213,1.525,1.566
42,272,basic,40.81,38.522,0.0,0.0,1.097,
42,275,basic,87.735,82.905,120.464,113.342,1.215,1.363
42,276,basic,147.226,69.635,121.016,56.913,1.127,1.168
42,277,basic,131.285,81.845,150.249,93.495,1.036,1.049
42,279,basic,106.485,44.097,133.864,54.889,1.005,1.075
42,281,basic,62.668,39.945,71.131,44.852,0.832,0.904
42,282,basic,81.065,58.44,91.084,64.505,0.893,1.014
42,286,basic,179.655,115.928,227.658,137.746,1.976,2.477
42,287,gifted,190.0,174.221,0.0,0.0,,
42,288,basic,189.03,166.127,222.363,196.683,1.459,1.458
42,289,basic,156.489,133.703,0.0,0.0,1.404,
42,291,basic,371.776,271.541,560.929,418.961,2.341,2.114
42,292,basic,565.931,319.13,799.913,441.242,1.556,1.723
42,930,basic,398.695,366.561,499.736,460.216,2.37,2.287
42,935,basic,437.854,309.541,713.109,494.815,1.893,1.938
42,939,basic,219.991,107.012,0.0,0.0,1.767,
42,949,basic,375.867,313.692,631.925,513.665,1.548,1.719
42,955,basic,45.69,43.406,0.0,0.0,2.749,
42,971,basic,0.0,0.0,593.124,250.419,,1.148
42,971,gifted,516.855,473.932,0.0,0.0,,
42,972,basic,262.862,197.146,0.0,0.0,1.881,
42,974,basic,85.902,78.079,202.493,181.638,1.255,1.291
42,977,basic,239.77,176.673,425.424,308.884,1.342,1.458
43,103,basic,267.137,233.256,304.712,265.92,1.654,1.656
43,104,basic,147.34,65.102,161.082,72.766,2.242,2.143
43,105,basic,442.118,219.851,321.495,155.653,2.282,2.429
43,105,gifted,177.392,163.152,0.0,0.0,,
43,106,basic,463.607,287.821,343.072,215.442,1.841,1.762
43,106,gifted,117.241,107.829,0.0,0.0,,
43,107,basic,524.458,266.141,546.397,276.064,2.515,2.54
43,109,basic,141.433,96.248,145.519,99.059,2.066,2.064
43,110,basic,405.77,225.57,419.515,232.954,2.121,2.127
43,113,basic,392.312,244.444,316.968,197.195,2.312,2.314
43,113,gifted,135.148,124.298,0.0,0.0,,
43,115,basic,139.943,84.236,164.768,99.018,1.725,1.734
43,117,basic,249.911,158.213,224.534,144.763,2.29,2.192
43,117,gifted,89.049,81.9,0.0,0.0,,
43,118,basic,267.598,145.209,441.65,240.052,2.138,2.129
43,130,basic,672.225,413.411,715.623,438.817,1.71,1.724
43,201,basic,79.692,52.456,106.612,67.877,1.04,1.211
43,202,basic,171.608,89.327,183.839,92.035,1.664,1.861
43,203,basic,262.72,177.248,286.694,190.689,1.32,1.397
43,204,basic,172.705,118.477,185.339,99.862,1.405,2.809
43,208,basic,202.05,163.63,0.0,0.0,1.274,
43,209,basic,151.233,57.421,169.568,64.305,0.77,0.777
43,210,basic,194.387,86.865,0.0,0.0,1.387,
43,211,basic,74.47,46.378,109.033,65.742,1.117,1.288
43,212,gifted,205.655,189.146,0.0,0.0,,
43,215,basic,118.323,70.813,134.494,80.326,0.894,0.909
43,218,basic,157.252,97.515,175.953,108.712,0.774,0.793
43,220,basic,83.184,65.77,0.0,0.0,1.374,
43,221,basic,164.733,113.215,243.126,146.932,0.977,1.565
43,222,basic,144.379,82.489,171.877,97.173,2.01,2.084
43,225,basic,87.843,44.859,93.952,47.625,1.253,1.292
43,226,basic,254.703,165.45,303.732,196.172,1.299,1.358
43,229,basic,249.992,197.114,0.0,0.0,1.144,
43,230,basic,107.136,70.974,140.627,88.45,1.035,1.326
43,233,basic,286.113,177.675,395.35,242.945,0.847,0.903
43,234,basic,75.375,58.478,0.0,0.0,1.193,
43,235,basic,81.52,51.3,116.044,72.172,1.216,1.289
43,236,basic,52.577,45.964,74.656,65.958,1.068,1.021
43,239,basic,273.121,156.174,280.253,160.146,1.73,1.734
43,241,basic,382.527,137.548,617.02,219.304,1.883,1.948
43,242,basic,162.58,109.032,0.0,0.0,1.242,
43,243,basic,215.753,116.928,307.058,165.564,0.968,0.997
43,244,basic,35.178,32.553,55.076,51.605,1.11,1.066
43,245,basic,321.397,269.435,390.752,327.317,1.233,1.243
43,246,basic,229.101,120.025,330.065,168.878,1.188,1.314
43,247,basic,367.383,131.973,667.416,232.417,1.583,1.741
43,248,basic,150.861,94.814,0.0,0.0,0.899,
43,249,basic,30.857,22.883,35.214,26.348,0.895,0.854
43,250,basic,86.052,62.146,151.955,110.908,0.963,0.905
43,251,basic,139.009,69.576,165.253,80.316,1.391,1.547
43,252,basic,233.117,161.226,259.793,172.839,1.461,1.656
43,255,basic,89.293,58.219,127.56,82.264,0.867,0.929
43,257,basic,118.664,99.294,179.238,146.89,1.067,1.186
43,259,basic,152.886,109.19,0.0,0.0,1.249,
43,261,basic,168.847,150.729,227.548,197.695,1.06,1.198
43,262,basic,190.069,141.575,162.383,118.572,1.08,1.184
43,264,basic,83.896,40.324,0.0,0.0,0.951,
43,266,basic,102.773,80.921,132.458,104.734,0.896,0.872
43,267,basic,121.917,102.803,148.498,125.185,1.031,1.032
43,268,basic,105.18,99.921,114.851,109.108,1.064,1.079
43,269,basic,105.882,97.919,132.374,121.925,1.039,1.087
43,270,basic,157.931,104.298,165.003,108.117,1.487,1.525
43,272,basic,41.693,38.993,0.0,0.0,1.068,
43,275,basic,97.542,90.883,132.157,121.576,1.144,1.28
43,276,basic,148.448,75.399,122.273,61.691,1.133,1.168
43,277,basic,130.624,84.099,149.93,96.286,1.024,1.037
43,279,basic,104.458,48.126,131.573,59.892,0.995,1.058
43,281,basic,67.17,44.555,75.934,49.757,0.81,0.868
43,282,basic,75.004,54.625,84.099,59.897,0.893,1.003
43,286,basic,178.107,108.184,226.365,127.256,1.927,2.382
43,287,gifted,190.0,174.747,0.0,0.0,,
43,288,basic,189.835,160.727,221.286,188.397,1.327,1.331
43,289,basic,153.836,128.832,0.0,0.0,1.398,
43,291,basic,374.379,257.358,561.608,398.892,2.269,2.03
43,292,basic,565.106,329.854,799.923,453.862,1.525,1.686
43,930,basic,399.347,340.731,500.353,430.779,2.338,2.244
43,935,basic,437.633,302.557,712.822,480.455,1.836,1.891
43,939,basic,216.235,109.543,0.0,0.0,1.708,
43,949,basic,378.59,304.746,634.958,494.769,1.53,1.69
43,955,basic,45.081,42.827,0.0,0.0,2.781,
43,971,basic,0.0,0.0,587.715,272.648,,1.133
43,971,gifted,515.837,474.427,0.0,0.0,,
43,972,basic,264.237,191.256,0.0,0.0,1.875,
43,974,basic,88.076,77.067,207.819,179.832,1.21,1.231
43,977,basic,244.333,175.71,431.222,304.314,1.317,1.429
44,103,basic,275.965,235.943,314.807,268.978,1.615,1.617
44,104,basic,113.965,45.611,125.301,51.22,2.272,2.179
44,105,basic,449.864,207.534,327.785,147.208,2.282,2.427
44,105,gifted,179.889,165.2,0.0,0.0,,
44,106,basic,465.662,271.916,344.955,204.11,1.797,1.71
44,106,gifted,117.686,108.076,0.0,0.0,,
44,107,basic,520.261,247.762,541.579,256.84,2.48,2.503
44,109,basic,139.944,90.087,144.022,92.755,2.04,2.037
44,110,basic,389.519,197.221,403.025,203.809,2.092,2.098
44,113,basic,381.423,224.392,309.576,181.882,2.315,2.317
44,113,gifted,133.032,122.169,0.0,0.0,,
44,115,basic,141.531,79.863,167.293,94.189,1.724,1.736
44,117,basic,244.339,143.886,219.835,131.565,2.286,2.199
44,117,gifted,88.752,81.505,0.0,0.0,,
44,118,basic,267.677,134.695,440.683,222.232,2.151,2.139
44,130,basic,667.333,375.374,710.806,398.457,1.701,1.718
44,201,basic,73.357,50.939,98.647,66.306,0.982,1.149
44,202,basic,168.117,90.37,180.152,93.244,1.634,1.823
44,203,basic,265.839,187.907,290.159,202.296,1.33,1.404
44,204,basic,187.774,134.996,193.257,107.223,1.436,2.943
44,208,basic,210.726,174.006,0.0,0.0,1.216,
44,209,basic,152.576,55.772,173.114,63.168,0.782,0.791
44,210,basic,191.275,84.013,0.0,0.0,1.39,
44,211,basic,73.836,47.96,109.672,68.905,1.109,1.285
44,212,gifted,206.595,189.725,0.0,0.0,,
44,215,basic,116.431,69.179,132.554,78.615,0.934,0.95
44,218,basic,150.792,96.253,169.634,107.811,0.761,0.783
44,220,basic,82.596,68.374,0.0,0.0,1.376,
44,221,basic,159.675,111.804,235.134,145.17,0.935,1.497
44,222,basic,139.215,82.72,166.583,98.134,2.056,2.122
44,225,basic,82.535,42.893,88.298,45.598,1.239,1.272
44,226,basic,257.213,166.86,307.267,198.03,1.32,1.385
44,229,basic,246.37,205.398,0.0,0.0,1.149,
44,230,basic,115.939,80.028,149.04,98.007,1.076,1.349
44,233,basic,279.845,177.794,389.809,244.388,0.847,0.917
44,234,basic,80.438,66.144,0.0,0.0,1.209,
44,235,basic,78.892,51.008,113.079,72.11,1.176,1.258
44,236,basic,51.351,45.68,73.074,65.672,1.055,1.008
44,239,basic,277.052,164.933,284.371,169.109,1.73,1.736
44,241,basic,385.445,135.281,622.391,215.57,1.918,1.992
44,242,basic,162.577,113.588,0.0,0.0,1.248,
44,243,basic,211.968,116.304,302.332,164.988,0.98,1.011
44,244,basic,39.829,37.014,61.868,58.099,1.127,1.078
44,245,basic,325.409,281.719,394.786,342.121,1.263,1.267
44,246,basic,230.612,123.468,331.254,172.937,1.17,1.303
44,247,basic,365.288,127.944,663.933,225.245,1.592,1.753
44,248,basic,144.801,94.716,0.0,0.0,0.888,
44,249,basic,28.733,22.142,33.231,25.86,0.899,0.854
44,250,basic,86.209,65.965,153.329,118.602,0.954,0.895
44,251,basic,130.381,64.517,155.308,74.482,1.381,1.546
44,252,basic,234.608,169.314,260.904,181.169,1.424,1.614
44,255,basic,89.415,60.744,128.785,86.461,0.87,0.938
44,257,basic,121.593,106.105,182.74,156.575,1.089,1.201
44,259,basic,157.554,119.106,0.0,0.0,1.279,
44,261,basic,180.263,164.717,243.75,217.341,1.086,1.232
44,262,basic,185.236,144.714,159.607,122.081,1.071,1.181
44,264,basic,77.143,36.072,0.0,0.0,0.92,
44,266,basic,103.478,84.43,133.44,109.321,0.89,0.867
44,267,basic,110.781,98.137,134.568,119.218,1.017,1.017
44,268,basic,111.103,105.548,121.768,115.68,1.079,1.096
44,269,basic,106.415,99.689,132.877,124.238,1.047,1.095
44,270,basic,156.521,109.137,163.518,113.192,1.518,1.553
44,272,basic,43.304,40.683,0.0,0.0,1.108,
44,275,basic,91.768,86.388,124.707,116.501,1.149,1.289
44,276,basic,152.412,76.723,124.411,62.231,1.118,1.152
44,277,basic,127.164,85.672,145.519,97.8,1.012,1.024
44,279,basic,109.068,49.703,137.323,61.777,1.014,1.082
44,281,basic,70.541,48.953,79.82,54.745,0.807,0.863
44,282,basic,81.632,63.071,91.925,69.401,0.899,1.012
44,286,basic,173.729,109.325,221.74,128.408,1.838,2.312
44,287,gifted,190.0,174.485,0.0,0.0,,
44,288,basic,187.8,163.35,220.068,193.036,1.415,1.418
44,289,basic,157.011,133.656,0.0,0.0,1.366,
44,291,basic,376.488,260.52,566.226,407.638,2.266,2.038
44,292,basic,565.508,327.73,801.495,450.41,1.502,1.676
44,930,basic,399.428,355.415,500.457,448.273,2.34,2.243
44,935,basic,438.035,306.563,713.464,493.055,1.845,1.895
44,939,basic,221.992,109.081,0.0,0.0,1.712,
44,949,basic,375.718,309.306,631.322,505.154,1.554,1.71
44,955,basic,45.498,43.223,0.0,0.0,2.752,
44,971,basic,0.0,0.0,584.423,270.548,,1.136
44,971,gifted,516.518,474.34,0.0,0.0,,
44,972,basic,259.077,190.794,0.0,0.0,1.85,
44,974,basic,87.366,79.497,207.915,186.137,1.212,1.237
44,977,basic,234.004,179.161,416.842,313.174,1.324,1.435
45,103,basic,254.784,217.242,290.627,247.584,1.662,1.665
45,104,basic,127.983,48.628,143.175,55.023,2.106,2.064
45,105,basic,430.987,182.414,315.448,129.766,2.264,2.4
45,105,gifted,176.899,162.634,0.0,0.0,,
45,106,basic,458.952,261.134,340.751,197.463,1.73,1.632
45,106,gifted,116.766,107.35,0.0,0.0,,
45,107,basic,506.669,223.992,527.714,232.216,2.475,2.498
45,109,basic,147.131,93.423,150.959,95.88,2.034,2.033
45,110,basic,409.243,198.005,423.928,204.795,2.155,2.163
45,113,basic,388.467,218.57,313.17,176.231,2.299,2.295
45,113,gifted,135.416,124.496,0.0,0.0,,
45,115,basic,148.469,79.071,175.03,93.037,1.714,1.723
45,117,basic,257.342,147.792,232.645,135.988,2.325,2.24
45,117,gifted,89.712,82.477,0.0,0.0,,
45,118,basic,284.462,134.797,470.239,222.823,2.123,2.123
45,130,basic,677.949,377.497,721.364,400.429,1.685,1.698
45,201,basic,79.721,54.871,107.002,70.803,1.035,1.212
45,202,basic,172.526,90.762,184.81,93.031,1.637,1.831
45,203,basic,267.14,189.63,291.946,203.884,1.351,1.429
45,204,basic,192.094,141.31,189.993,107.665,1.401,2.733
45,208,basic,206.998,176.89,0.0,0.0,1.209,
45,209,basic,144.138,50.363,163.434,57.006,0.776,0.784
45,210,basic,193.109,84.004,0.0,0.0,1.356,
45,211,basic,71.951,46.729,100.058,63.007,1.082,1.222
45,212,gifted,205.651,189.067,0.0,0.0,,
45,215,basic,113.396,71.937,128.882,81.467,0.865,0.883
45,218,basic,149.627,95.562,168.538,107.105,0.773,0.796
45,220,basic,84.056,71.562,0.0,0.0,1.286,
45,221,basic,161.396,119.454,238.319,154.278,0.979,1.514
45,222,basic,150.468,90.345,177.394,106.263,1.974,1.997
45,225,basic,98.669,49.794,105.67,52.89,1.275,1.313
45,226,basic,254.585,180.194,304.162,212.108,1.232,1.323
45,229,basic,253.243,219.747,0.0,0.0,1.135,
45,230,basic,125.407,86.572,153.875,100.539,1.051,1.322
45,233,basic,286.742,184.818,397.608,252.612,0.837,0.903
45,234,basic,72.618,62.631,0.0,0.0,1.121,
45,235,basic,75.48,51.067,106.866,71.299,1.144,1.219
45,236,basic,46.381,41.652,64.882,58.838,1.146,1.086
45,239,basic,278.772,165.284,285.946,169.335,1.693,1.699
45,241,basic,386.858,128.453,623.335,204.53,1.89,1.95
45,242,basic,157.849,113.478,0.0,0.0,1.221,
45,243,basic,213.814,115.475,305.203,163.856,0.975,1.006
45,244,basic,37.265,34.839,59.083,55.608,1.097,1.083
45,245,basic,320.283,291.365,390.207,355.388,1.225,1.244
45,246,basic,225.474,117.985,325.391,165.606,1.181,1.311
45,247,basic,372.806,122.263,675.482,214.698,1.614,1.751
45,248,basic,146.93,96.136,0.0,0.0,0.886,
45,249,basic,31.891,26.186,37.233,30.744,0.851,0.829
45,250,basic,88.137,67.819,153.626,119.895,0.968,0.901
45,251,basic,137.242,69.192,163.047,79.481,1.348,1.503
45,252,basic,228.199,171.181,254.505,183.085,1.385,1.565
45,255,basic,86.242,59.215,124.969,84.334,0.819,0.904
45,257,basic,119.227,108.427,178.61,159.813,1.068,1.179
45,259,basic,159.107,120.089,0.0,0.0,1.304,
45,261,basic,159.483,147.068,215.896,194.298,1.087,1.24
45,262,basic,188.002,152.549,161.78,128.203,1.069,1.177
45,264,basic,83.425,39.897,0.0,0.0,0.932,
45,266,basic,103.392,89.686,133.575,116.414,0.89,0.866
45,267,basic,123.944,115.652,150.413,140.419,1.038,1.038
45,268,basic,109.674,104.19,120.032,114.031,1.071,1.085
45,269,basic,106.33,100.001,133.464,125.425,1.116,1.175
45,270,basic,151.211,105.588,158.086,109.483,1.466,1.501
45,272,basic,41.724,39.258,0.0,0.0,1.069,
45,275,basic,91.48,86.331,125.647,117.788,1.198,1.344
45,276,basic,149.281,76.042,121.416,61.293,1.105,1.147
45,277,basic,123.082,82.274,141.072,94.041,1.018,1.031
45,279,basic,104.894,46.637,131.909,57.839,0.992,1.056
45,281,basic,65.148,45.034,74.247,50.509,0.823,0.889
45,282,basic,76.879,59.445,86.506,65.159,0.908,1.019
45,286,basic,177.703,120.469,226.282,139.427,1.738,2.21
45,287,gifted,190.0,174.678,0.0,0.0,,
45,288,basic,179.194,159.92,209.979,188.082,1.318,1.348
45,289,basic,153.352,127.598,0.0,0.0,1.314,
45,291,basic,375.332,266.951,563.727,420.091,2.193,1.972
45,292,basic,564.139,320.822,797.862,438.268,1.47,1.642
45,930,basic,398.997,353.332,500.07,445.931,2.327,2.237
45,935,basic,438.53,305.994,713.855,492.019,1.763,1.837
45,939,basic,220.968,108.236,0.0,0.0,1.655,
45,949,basic,377.67,308.79,636.491,502.28,1.497,1.671
45,955,basic,45.218,42.957,0.0,0.0,2.816,
45,971,basic,0.0,0.0,590.086,264.471,,1.137
45,971,gifted,516.446,474.798,0.0,0.0,,
45,972,basic,262.327,193.129,0.0,0.0,1.817,
45,974,basic,86.296,78.548,202.53,181.247,1.206,1.212
45,977,basic,235.825,182.25,420.844,317.959,1.322,1.441
46,103,basic,262.412,225.471,299.417,257.022,1.646,1.65
46,104,basic,125.159,54.978,140.412,62.304,2.159,2.114
46,105,basic,459.633,225.553,331.794,158.916,2.295,2.448
46,105,gifted,183.364,167.942,0.0,0.0,,
46,106,basic,463.656,282.627,345.652,213.199,1.767,1.68
46,106,gifted,117.248,107.387,0.0,0.0,,
46,107,basic,512.03,259.424,533.629,269.35,2.533,2.557
46,109,basic,143.122,95.783,147.008,98.458,2.034,2.029
46,110,basic,391.558,203.533,405.878,210.644,2.16,2.17
46,113,basic,378.016,233.435,301.458,186.232,2.289,2.28
46,113,gifted,134.554,123.237,0.0,0.0,,
46,115,basic,151.626,89.401,178.921,105.298,1.737,1.748
46,117,basic,261.532,158.852,238.099,146.34,2.34,2.264
46,117,gifted,89.351,81.836,0.0,0.0,,
46,118,basic,263.308,140.419,431.868,230.714,2.145,2.134
46,130,basic,660.744,380.757,704.049,404.204,1.767,1.789
46,201,basic,79.498,52.859,108.009,69.532,1.093,1.29
46,202,basic,171.285,92.268,183.193,95.473,1.667,1.862
46,203,basic,255.59,177.064,278.987,191.024,1.318,1.392
46,204,basic,176.126,124.4,187.665,106.728,1.45,2.909
46,208,basic,206.95,164.963,0.0,0.0,1.25,
46,209,basic,157.952,58.539,178.117,65.935,0.76,0.768
46,210,basic,192.186,83.668,0.0,0.0,1.435,
46,211,basic,73.483,46.973,107.188,66.639,1.105,1.277
46,212,gifted,205.664,188.366,0.0,0.0,,
46,215,basic,115.895,68.455,131.347,77.538,0.881,0.891
46,218,basic,154.05,95.826,173.033,107.259,0.765,0.787
46,220,basic,92.068,73.895,0.0,0.0,1.431,
46,221,basic,162.509,107.281,238.753,140.132,1.008,1.639
46,222,basic,138.296,83.24,164.232,98.366,2.02,2.072
46,225,basic,75.044,38.981,80.24,41.405,1.233,1.274
46,226,basic,251.08,157.791,300.278,187.386,1.314,1.384
46,229,basic,252.996,202.905,0.0,0.0,1.16,
46,230,basic,110.114,75.073,141.283,92.131,1.028,1.317
46,233,basic,278.449,173.029,385.833,237.422,0.835,0.895
46,234,basic,74.958,60.101,0.0,0.0,1.185,
46,235,basic,74.764,46.756,107.311,66.521,1.242,1.306
46,236,basic,49.672,42.781,70.474,61.289,1.124,1.066
46,239,basic,272.36,162.428,279.693,166.615,1.716,1.723
46,241,basic,384.659,138.975,620.515,221.852,1.934,2.003
46,242,basic,166.023,113.946,0.0,0.0,1.243,
46,243,basic,217.513,117.786,309.193,166.687,0.975,1.005
46,244,basic,38.213,35.636,60.08,56.53,1.118,1.079
46,245,basic,321.19,266.495,391.036,324.209,1.265,1.275
46,246,basic,224.102,119.428,323.44,168.603,1.181,1.318
46,247,basic,371.841,132.782,674.218,234.347,1.635,1.797
46,248,basic,145.765,93.727,0.0,0.0,0.891,
46,249,basic,31.111,23.228,35.937,27.017,0.906,0.868
46,250,basic,85.133,63.01,150.738,112.705,0.974,0.909
46,251,basic,134.254,65.104,159.901,75.65,1.429,1.583
46,252,basic,250.997,173.435,278.265,185.937,1.468,1.665
46,255,basic,87.024,58.007,125.785,82.891,0.855,0.931
46,257,basic,121.135,100.872,182.143,149.131,1.087,1.198
46,259,basic,161.23,119.328,0.0,0.0,1.273,
46,261,basic,178.115,159.79,242.78,211.958,1.108,1.27
46,262,basic,184.62,139.512,158.114,117.411,1.06,1.167
46,264,basic,81.865,37.564,0.0,0.0,0.946,
46,266,basic,108.013,83.645,139.369,108.313,0.898,0.874
46,267,basic,120.684,102.359,146.141,123.949,1.04,1.04
46,268,basic,109.061,103.608,119.069,113.116,1.062,1.076
46,269,basic,104.226,97.213,130.46,121.348,1.053,1.102
46,270,basic,167.164,115.375,174.338,119.511,1.512,1.55
46,272,basic,40.396,38.022,0.0,0.0,1.093,
46,275,basic,96.723,90.019,132.241,121.625,1.211,1.355
46,276,basic,150.662,74.807,123.056,60.696,1.107,1.148
46,277,basic,125.549,82.53,143.924,94.407,1.021,1.034
46,279,basic,108.006,49.177,135.982,61.247,1.01,1.077
46,281,basic,71.444,48.346,81.208,54.317,0.818,0.885
46,282,basic,76.161,57.039,86.049,63.137,0.911,1.03
46,286,basic,178.753,107.109,227.346,126.775,2.028,2.524
46,287,gifted,190.0,174.02,0.0,0.0,,
46,288,basic,188.183,160.224,220.416,189.275,1.403,1.391
46,289,basic,156.804,134.725,0.0,0.0,1.38,
46,291,basic,377.074,254.112,564.023,391.555,2.385,2.144
46,292,basic,563.674,329.485,798.527,454.719,1.51,1.68
46,930,basic,399.417,358.031,500.409,450.82,2.363,2.272
46,935,basic,437.887,307.197,713.191,490.477,1.835,1.898
46,939,basic,217.324,107.878,0.0,0.0,1.761,
46,949,basic,378.403,314.28,637.419,514.303,1.544,1.716
46,955,basic,46.286,43.971,0.0,0.0,2.756,
46,971,basic,0.0,0.0,588.208,272.748,,1.127
46,971,gifted,516.12,472.711,0.0,0.0,,
46,972,basic,264.899,193.115,0.0,0.0,1.875,
46,974,basic,84.917,76.892,200.799,179.54,1.221,1.245
46,977,basic,241.729,181.208,428.27,315.879,1.328,1.44
47,103,basic,276.113,244.208,314.859,278.394,1.612,1.613
47,104,basic,139.059,55.038,154.481,62.429,2.284,2.204
47,105,basic,461.771,217.807,335.535,152.849,2.274,2.412
47,105,gifted,180.622,165.737,0.0,0.0,,
47,106,basic,464.501,286.085,348.248,219.098,1.73,1.638
47,106,gifted,116.967,107.328,0.0,0.0,,
47,107,basic,506.787,247.216,528.023,256.259,2.459,2.48
47,109,basic,152.767,100.055,157.427,103.091,2.079,2.079
47,110,basic,397.893,190.989,411.352,197.224,2.044,2.049
47,113,basic,391.578,238.486,320.854,194.833,2.322,2.334
47,113,gifted,134.406,123.33,0.0,0.0,,
47,115,basic,143.5,87.246,169.696,102.828,1.725,1.738
47,117,basic,261.435,149.338,234.372,137.395,2.31,2.208
47,117,gifted,89.697,82.305,0.0,0.0,,
47,118,basic,275.678,142.353,453.493,234.857,2.137,2.126
47,130,basic,641.471,359.841,683.009,381.943,1.621,1.632
47,201,basic,78.242,56.305,104.445,71.834,0.907,1.066
47,202,basic,170.93,88.827,183.053,90.606,1.555,1.726
47,203,basic,254.845,183.574,278.146,196.717,1.255,1.324
47,204,basic,175.189,128.092,188.103,98.17,1.362,2.786
47,208,basic,200.012,164.594,0.0,0.0,1.223,
47,209,basic,152.057,50.365,171.607,56.724,0.772,0.779
47,210,basic,193.569,74.513,0.0,0.0,1.345,
47,211,basic,73.291,48.716,105.518,67.332,1.088,1.239
47,212,gifted,205.824,188.862,0.0,0.0,,
47,215,basic,115.892,63.788,131.976,72.407,0.893,0.907
47,218,basic,163.318,104.986,183.443,117.257,0.761,0.781
47,220,basic,94.009,74.783,0.0,0.0,1.402,
47,221,basic,162.215,101.394,239.346,127.955,0.934,1.44
47,222,basic,141.082,85.0,168.134,99.391,1.825,1.896
47,225,basic,86.496,43.625,92.265,46.155,1.173,1.202
47,226,basic,261.735,148.037,312.231,174.189,1.252,1.329
47,229,basic,249.862,212.964,0.0,0.0,1.125,
47,230,basic,112.053,81.61,145.171,98.331,1.001,1.287
47,233,basic,280.779,176.856,389.549,241.268,0.823,0.885
47,234,basic,75.476,63.957,0.0,0.0,1.15,
47,235,basic,88.343,53.003,125.151,73.692,1.162,1.243
47,236,basic,53.169,45.624,75.725,65.875,0.998,0.958
47,239,basic,277.254,161.708,284.454,165.752,1.681,1.685
47,241,basic,383.363,117.68,619.328,186.801,1.841,1.912
47,242,basic,163.222,113.589,0.0,0.0,1.227,
47,243,basic,218.253,116.571,310.269,164.505,0.975,1.005
47,244,basic,37.6,34.816,60.07,56.338,1.147,1.106
47,245,basic,322.141,264.522,392.151,321.751,1.226,1.238
47,246,basic,236.582,124.591,336.675,171.237,1.106,1.233
47,247,basic,369.735,114.341,672.031,199.689,1.529,1.669
47,248,basic,152.044,102.535,0.0,0.0,0.891,
47,249,basic,32.662,25.375,37.8,29.651,0.852,0.822
47,250,basic,84.822,68.465,151.49,124.271,0.96,0.898
47,251,basic,129.63,55.338,154.75,63.557,1.339,1.482
47,252,basic,241.735,164.572,268.446,174.228,1.392,1.557
47,255,basic,85.567,60.951,123.178,86.173,0.834,0.905
47,257,basic,125.492,107.74,187.965,157.647,1.086,1.193
47,259,basic,158.188,124.86,0.0,0.0,1.259,
47,261,basic,169.366,153.373,229.499,202.335,1.066,1.198
47,262,basic,187.587,147.515,160.856,122.992,1.046,1.147
47,264,basic,80.033,31.852,0.0,0.0,0.915,
47,266,basic,101.987,80.57,131.513,104.515,0.876,0.852
47,267,basic,120.891,105.612,146.695,128.137,1.009,1.01
47,268,basic,110.805,105.265,121.144,115.087,1.068,1.084
47,269,basic,109.571,101.95,136.661,126.822,1.031,1.079
47,270,basic,158.251,116.186,165.194,120.234,1.4,1.429
47,272,basic,42.336,39.858,0.0,0.0,1.046,
47,275,basic,92.779,86.315,126.411,115.718,1.141,1.288
47,276,basic,154.011,69.008,125.231,55.566,1.103,1.14
47,277,basic,125.327,86.754,143.652,99.086,1.019,1.031
47,279,basic,112.647,47.958,141.229,59.108,1.0,1.062
47,281,basic,65.415,47.749,74.243,53.294,0.806,0.86
47,282,basic,79.266,66.524,89.429,72.915,0.856,0.952
47,286,basic,186.779,102.551,235.906,116.119,1.788,2.227
47,287,gifted,190.0,174.342,0.0,0.0,,
47,288,basic,191.224,163.794,224.053,193.729,1.398,1.396
47,289,basic,156.682,143.423,0.0,0.0,1.412,
47,291,basic,374.634,244.977,561.224,381.15,2.214,1.99
47,292,basic,563.023,330.293,798.07,450.339,1.448,1.603
47,930,basic,399.03,360.137,500.048,452.731,2.347,2.255
47,935,basic,437.715,312.902,712.926,495.069,1.784,1.841
47,939,basic,220.186,99.575,0.0,0.0,1.657,
47,949,basic,377.857,328.663,633.999,537.339,1.571,1.718
47,955,basic,44.864,42.621,0.0,0.0,2.796,
47,971,basic,0.0,0.0,587.949,256.296,,1.108
47,971,gifted,516.131,473.597,0.0,0.0,,
47,972,basic,258.992,193.491,0.0,0.0,1.817,
47,974,basic,86.311,79.366,205.261,184.784,1.196,1.208
47,977,basic,242.39,193.291,428.701,333.139,1.324,1.437
48,103,basic,259.456,229.034,295.888,261.106,1.658,1.66
48,104,basic,142.365,55.974,158.668,63.865,2.455,2.341
48,105,basic,447.818,210.917,320.742,147.024,2.272,2.434
48,105,gifted,181.183,166.143,0.0,0.0,,
48,106,basic,450.738,271.136,336.036,204.526,1.79,1.706
48,106,gifted,115.542,105.95,0.0,0.0,,
48,107,basic,526.921,255.951,548.945,265.613,2.56,2.584
48,109,basic,153.273,101.587,158.076,104.754,2.151,2.152
48,110,basic,403.081,211.461,416.815,218.471,2.124,2.129
48,113,basic,405.018,245.619,329.238,198.625,2.356,2.379
48,113,gifted,137.447,126.038,0.0,0.0,,
48,115,basic,145.509,83.462,171.702,98.307,1.725,1.736
48,117,basic,261.038,161.232,235.348,147.835,2.326,2.225
48,117,gifted,89.67,82.227,0.0,0.0,,
48,118,basic,259.826,135.36,425.888,222.456,2.1,2.085
48,130,basic,656.134,384.004,698.751,407.816,1.705,1.721
48,201,basic,82.392,53.621,111.136,70.057,1.125,1.312
48,202,basic,168.72,88.37,180.473,91.332,1.62,1.813
48,203,basic,270.49,184.773,295.326,199.104,1.366,1.447
48,204,basic,176.354,125.518,185.442,105.46,1.383,2.827
48,208,basic,201.134,166.114,0.0,0.0,1.248,
48,209,basic,152.678,51.838,174.092,59.016,0.784,0.793
48,210,basic,193.475,81.367,0.0,0.0,1.417,
48,211,basic,79.758,49.61,116.153,70.11,1.11,1.288
48,212,gifted,205.607,188.54,0.0,0.0,,
48,215,basic,120.228,70.92,137.042,80.51,0.878,0.905
48,218,basic,154.643,93.791,173.558,104.886,0.766,0.787
48,220,basic,94.623,77.581,0.0,0.0,1.459,
48,221,basic,163.339,111.449,238.994,144.923,1.011,1.617
48,222,basic,143.079,84.552,168.963,99.43,2.042,2.087
48,225,basic,87.285,43.372,93.33,46.108,1.241,1.275
48,226,basic,259.786,169.675,309.653,200.78,1.303,1.371
48,229,basic,255.899,209.133,0.0,0.0,1.152,
48,230,basic,111.428,74.09,141.677,89.949,1.044,1.334
48,233,basic,273.766,166.949,380.293,229.471,0.837,0.901
48,234,basic,72.894,58.982,0.0,0.0,1.195,
48,235,basic,78.046,48.893,113.168,70.205,1.267,1.337
48,236,basic,49.123,44.018,67.621,61.133,1.044,0.996
48,239,basic,282.491,165.03,289.899,169.215,1.695,1.701
48,241,basic,385.01,129.478,621.013,206.495,1.919,1.991
48,242,basic,157.288,107.522,0.0,0.0,1.239,
48,243,basic,215.148,111.847,305.726,158.221,0.984,1.014
48,244,basic,37.184,34.748,58.167,54.768,1.12,1.084
48,245,basic,317.001,277.852,387.139,339.036,1.223,1.239
48,246,basic,240.286,121.321,343.004,169.509,1.242,1.372
48,247,basic,373.297,123.375,676.02,217.469,1.623,1.777
48,248,basic,144.839,90.638,0.0,0.0,0.873,
48,249,basic,34.726,26.54,40.748,31.279,0.842,0.819
48,250,basic,87.872,64.334,156.539,115.888,0.971,0.903
48,251,basic,139.143,66.672,164.825,76.977,1.429,1.582
48,252,basic,241.159,169.502,268.047,181.857,1.493,1.693
48,255,basic,85.749,56.112,123.746,79.939,0.813,0.893
48,257,basic,118.034,102.486,176.454,150.489,1.054,1.168
48,259,basic,164.629,119.042,0.0,0.0,1.358,
48,261,basic,173.496,158.784,233.788,208.974,1.084,1.235
48,262,basic,185.276,141.568,158.548,119.039,1.067,1.17
48,264,basic,78.773,35.538,0.0,0.0,0.936,
48,266,basic,107.175,85.577,138.289,110.839,0.915,0.891
48,267,basic,117.409,103.88,143.377,126.847,1.02,1.021
48,268,basic,107.547,102.17,117.322,111.455,1.065,1.079
48,269,basic,104.215,97.953,130.57,122.548,1.046,1.099
48,270,basic,158.025,107.775,165.122,111.889,1.482,1.517
48,272,basic,42.125,39.744,0.0,0.0,1.03,
48,275,basic,103.127,97.099,138.897,129.83,1.213,1.36
48,276,basic,154.578,74.814,124.845,60.068,1.138,1.173
48,277,basic,122.973,79.037,140.784,90.29,1.011,1.024
48,279,basic,103.065,44.441,129.857,55.343,0.999,1.068
48,281,basic,66.643,43.795,76.104,49.334,0.834,0.908
48,282,basic,75.07,55.338,84.681,61.02,0.91,1.037
48,286,basic,177.62,112.134,226.245,132.003,1.928,2.436
48,287,gifted,190.0,174.228,0.0,0.0,,
48,288,basic,187.984,164.668,219.709,193.791,1.377,1.377
48,289,basic,159.197,136.109,0.0,0.0,1.373,
48,291,basic,369.98,263.9,557.422,408.422,2.273,2.063
48,292,basic,564.464,322.729,798.354,444.607,1.505,1.671
48,930,basic,398.968,360.871,499.995,454.054,2.336,2.242
48,935,basic,438.92,307.576,714.205,491.978,1.856,1.902
48,939,basic,219.137,106.44,0.0,0.0,1.761,
48,949,basic,378.988,312.12,637.779,509.946,1.568,1.738
48,955,basic,47.278,44.914,0.0,0.0,2.793,
48,971,basic,0.0,0.0,581.716,255.058,,1.131
48,971,gifted,515.135,472.374,0.0,0.0,,
48,972,basic,255.084,189.678,0.0,0.0,1.861,
48,974,basic,87.655,79.259,206.761,184.416,1.241,1.263
48,977,basic,233.346,173.735,417.114,304.881,1.324,1.446
49,103,basic,267.623,234.068,305.249,266.83,1.635,1.638
49,104,basic,125.77,56.35,144.242,65.511,2.452,2.38
49,105,basic,471.592,245.316,335.568,170.438,2.336,2.508
49,105,gifted,184.973,169.39,0.0,0.0,,
49,106,basic,448.286,283.429,336.524,214.763,1.779,1.7
49,106,gifted,115.734,105.983,0.0,0.0,,
49,107,basic,516.722,281.381,537.834,291.922,2.49,2.514
49,109,basic,141.096,96.96,145.461,100.056,2.101,2.094
49,110,basic,396.319,215.669,409.99,222.888,2.097,2.105
49,113,basic,377.887,241.607,302.73,193.068,2.364,2.373
49,113,gifted,133.577,122.323,0.0,0.0,,
49,115,basic,154.984,95.921,183.445,113.289,1.734,1.75
49,117,basic,259.952,163.626,233.847,149.405,2.358,2.25
49,117,gifted,89.752,82.191,0.0,0.0,,
49,118,basic,267.683,151.549,434.848,247.206,2.11,2.081
49,130,basic,672.606,402.905,715.863,427.76,1.733,1.749
49,201,basic,85.087,55.498,113.904,72.367,1.118,1.304
49,202,basic,173.795,92.54,186.745,95.865,1.782,2.037
49,203,basic,264.31,179.052,288.631,193.358,1.36,1.442
49,204,basic,174.569,120.639,186.684,107.635,1.518,2.923
49,208,basic,204.748,159.117,0.0,0.0,1.297,
49,209,basic,144.553,53.744,161.087,59.829,0.774,0.781
49,210,basic,192.731,83.679,0.0,0.0,1.43,
49,211,basic,74.762,47.167,110.342,67.835,1.118,1.303
49,212,gifted,205.836,188.495,0.0,0.0,,
49,215,basic,118.361,67.01,135.47,76.48,0.987,1.016
49,218,basic,150.026,91.638,168.289,102.462,0.759,0.782
49,220,basic,90.642,70.215,0.0,0.0,1.49,
49,221,basic,162.284,102.968,237.914,135.859,1.015,1.677
49,222,basic,149.305,85.492,176.198,101.426,2.376,2.375
49,225,basic,87.414,45.242,93.319,48.087,1.249,1.28
49,226,basic,262.035,156.741,311.109,185.947,1.41,1.445
49,229,basic,251.894,196.484,0.0,0.0,1.151,
49,230,basic,112.224,74.895,143.582,92.288,1.079,1.364
49,233,basic,274.931,167.411,381.279,230.173,0.832,0.895
49,234,basic,73.433,57.518,0.0,0.0,1.179,
49,235,basic,82.637,49.903,118.72,71.092,1.326,1.397
49,236,basic,48.743,40.323,68.687,57.221,1.04,0.992
49,239,basic,275.669,164.097,282.67,168.191,1.733,1.737
49,241,basic,384.049,142.348,619.199,227.359,1.916,1.986
49,242,basic,156.559,105.421,0.0,0.0,1.257,
49,243,basic,218.189,116.842,309.467,165.078,0.983,1.013
49,244,basic,38.194,35.556,61.051,57.406,1.184,1.129
49,245,basic,320.432,255.154,389.585,310.148,1.248,1.254
49,246,basic,241.601,126.964,344.423,177.772,1.262,1.393
49,247,basic,370.51,135.409,673.296,240.194,1.61,1.779
49,248,basic,151.791,96.203,0.0,0.0,0.903,
49,249,basic,30.501,21.938,34.521,25.026,0.96,0.909
49,250,basic,88.559,64.156,156.44,114.467,0.982,0.908
49,251,basic,127.126,61.014,152.05,71.326,1.4,1.564
49,252,basic,241.613,162.64,267.989,175.243,1.455,1.653
49,255,basic,84.109,55.069,121.045,78.636,0.871,0.932
49,257,basic,121.952,97.462,181.458,142.97,1.083,1.191
49,259,basic,157.617,113.836,0.0,0.0,1.348,
49,261,basic,172.895,152.169,233.366,200.505,1.079,1.231
49,262,basic,188.754,138.025,161.484,116.307,1.089,1.197
49,264,basic,80.539,36.31,0.0,0.0,0.927,
49,266,basic,109.281,80.694,140.63,104.182,0.934,0.908
49,267,basic,115.719,94.557,141.132,115.322,1.026,1.026
49,268,basic,109.265,103.802,119.286,113.322,1.072,1.087
49,269,basic,104.924,97.166,131.262,121.14,1.069,1.115
49,270,basic,155.106,105.383,161.802,109.284,1.572,1.611
49,272,basic,42.833,40.305,0.0,0.0,1.076,
49,275,basic,89.913,83.317,122.299,111.782,1.148,1.293
49,276,basic,146.857,71.39,119.992,58.005,1.142,1.181
49,277,basic,121.463,78.744,139.439,90.226,1.015,1.028
49,279,basic,106.608,48.444,134.787,60.662,1.009,1.078
49,281,basic,67.526,44.962,76.357,50.358,0.82,0.884
49,282,basic,76.816,56.421,86.673,62.503,0.915,1.041
49,286,basic,177.273,104.253,225.336,124.732,2.043,2.529
49,287,gifted,190.0,173.993,0.0,0.0,,
49,288,basic,189.109,155.49,221.313,184.156,1.476,1.434
49,289,basic,156.338,136.701,0.0,0.0,1.385,
49,291,basic,374.023,252.951,562.119,388.883,2.359,2.107
49,292,basic,561.088,331.728,795.358,460.578,1.521,1.676
49,930,basic,399.132,358.169,500.211,451.065,2.394,2.296
49,935,basic,437.955,306.639,713.127,488.431,1.914,1.953
49,939,basic,219.5,110.324,0.0,0.0,1.775,
49,949,basic,380.375,316.893,640.242,520.88,1.625,1.78
49,955,basic,47.785,45.396,0.0,0.0,2.806,
49,971,basic,0.0,0.0,594.727,274.918,,1.149
49,971,gifted,516.652,473.125,0.0,0.0,,
49,972,basic,256.311,186.174,0.0,0.0,1.939,
49,974,basic,85.553,77.419,203.909,182.445,1.206,1.244
49,977,basic,235.577,174.509,420.019,306.478,1.313,1.431
50,103,basic,270.299,229.076,308.137,261.118,1.637,1.637
50,104,basic,153.042,59.945,168.191,68.036,2.567,2.424
50,105,basic,444.858,206.526,320.894,144.718,2.304,2.448
50,105,gifted,178.823,164.37,0.0,0.0,,
50,106,basic,461.106,275.842,344.607,209.078,1.788,1.705
50,106,gifted,116.908,107.458,0.0,0.0,,
50,107,basic,501.713,242.452,522.982,251.541,2.47,2.494
50,109,basic,158.843,101.71,163.843,104.849,2.157,2.159
50,110,basic,401.911,214.299,415.687,221.397,2.134,2.14
50,113,basic,386.194,223.545,314.618,181.16,2.362,2.38
50,113,gifted,133.416,122.633,0.0,0.0,,
50,115,basic,148.964,85.262,176.137,100.543,1.722,1.735
50,117,basic,268.67,162.337,242.395,149.479,2.326,2.225
50,117,gifted,90.308,83.009,0.0,0.0,,
50,118,basic,279.793,143.661,459.025,236.326,2.153,2.14
50,130,basic,659.237,398.619,701.744,423.046,1.678,1.691
50,201,basic,80.503,53.515,107.729,69.165,1.059,1.224
50,202,basic,173.235,91.082,185.779,93.382,1.677,1.885
50,203,basic,262.732,180.271,286.76,193.819,1.297,1.372
50,204,basic,176.855,124.163,184.863,99.987,1.367,2.751
50,208,basic,208.784,169.906,0.0,0.0,1.233,
50,209,basic,152.105,60.828,171.163,68.327,0.758,0.766
50,210,basic,193.728,89.718,0.0,0.0,1.387,
50,211,basic,78.55,49.786,114.738,70.166,1.109,1.281
50,212,gifted,206.01,189.359,0.0,0.0,,
50,215,basic,123.263,78.354,140.699,88.977,0.92,0.947
50,218,basic,155.952,99.839,174.896,111.507,0.758,0.777
50,220,basic,92.123,72.706,0.0,0.0,1.444,
50,221,basic,163.202,119.487,238.189,153.01,0.932,1.468
50,222,basic,147.614,81.564,176.095,96.723,2.186,2.233
50,225,basic,82.814,43.589,88.523,46.306,1.223,1.253
50,226,basic,256.477,175.257,305.996,207.869,1.309,1.367
50,229,basic,258.232,208.092,0.0,0.0,1.133,
50,230,basic,102.797,69.053,135.399,85.875,1.024,1.318
50,233,basic,280.41,180.539,389.463,247.494,0.835,0.899
50,234,basic,77.717,61.536,0.0,0.0,1.188,
50,235,basic,82.118,54.467,116.882,76.439,1.165,1.245
50,236,basic,53.365,47.311,77.104,69.095,1.033,0.987
50,239,basic,281.803,162.922,288.954,166.927,1.723,1.726
50,241,basic,383.538,140.986,618.235,224.644,1.881,1.94
50,242,basic,159.085,110.473,0.0,0.0,1.214,
50,243,basic,211.271,117.142,301.319,166.125,0.978,1.008
50,244,basic,37.21,34.372,57.814,54.081,1.079,1.048
50,245,basic,320.564,279.211,390.44,339.675,1.214,1.232
50,246,basic,243.428,130.219,345.846,180.552,1.201,1.321
50,247,basic,373.808,138.302,677.849,242.968,1.57,1.715
50,248,basic,143.705,92.787,0.0,0.0,0.895,
50,249,basic,30.975,24.193,35.728,28.12,0.867,0.835
50,250,basic,84.658,61.884,150.348,111.383,0.966,0.9
50,251,basic,125.195,65.254,149.994,75.684,1.39,1.547
50,252,basic,237.521,167.213,264.017,178.509,1.442,1.626
50,255,basic,86.883,58.127,125.703,82.904,0.84,0.914
50,257,basic,121.077,103.106,180.199,150.378,1.079,1.187
50,259,basic,157.793,112.944,0.0,0.0,1.267,
50,261,basic,173.989,156.048,236.038,206.398,1.085,1.215
50,262,basic,188.228,144.33,161.235,121.085,1.069,1.168
50,264,basic,76.889,39.901,0.0,0.0,0.901,
50,266,basic,101.768,83.611,130.684,107.937,0.874,0.847
50,267,basic,115.496,102.406,140.073,124.227,1.024,1.024
50,268,basic,111.89,106.295,122.458,116.335,1.064,1.078
50,269,basic,111.592,103.645,139.168,128.793,1.057,1.103
50,270,basic,159.669,104.77,166.497,108.471,1.51,1.541
50,272,basic,42.018,39.239,0.0,0.0,1.058,
50,275,basic,94.133,87.492,127.351,116.684,1.148,1.292
50,276,basic,156.715,83.8,127.236,67.538,1.099,1.136
50,277,basic,120.014,78.569,137.913,90.03,1.002,1.015
50,279,basic,99.702,47.59,126.532,59.595,0.989,1.053
50,281,basic,67.401,45.567,76.534,51.005,0.817,0.879
50,282,basic,73.139,53.825,82.137,58.955,0.888,0.999
50,286,basic,185.46,117.089,233.962,135.811,1.911,2.359
50,287,gifted,190.0,174.643,0.0,0.0,,
50,288,basic,191.749,160.372,224.72,189.707,1.393,1.386
50,289,basic,152.819,122.181,0.0,0.0,1.354,
50,291,basic,374.865,252.636,564.451,395.948,2.266,2.037
50,292,basic,564.804,328.517,798.598,450.71,1.486,1.643
50,930,basic,399.552,330.551,500.608,419.99,2.297,2.196
50,935,basic,438.012,290.618,713.235,466.156,1.855,1.905
50,939,basic,219.773,111.85,0.0,0.0,1.738,
50,949,basic,377.856,291.584,638.586,476.251,1.55,1.714
50,955,basic,46.26,43.947,0.0,0.0,2.817,
50,971,basic,0.0,0.0,586.556,280.448,,1.123
50,971,gifted,515.711,474.028,0.0,0.0,,
50,972,basic,262.382,184.48,0.0,0.0,1.846,
50,974,basic,87.651,76.192,205.797,176.626,1.223,1.241
50,977,basic,229.691,167.929,411.952,294.132,1.277,1.404
51,103,basic,260.714,230.642,297.31,262.927,1.647,1.648
51,104,basic,127.534,53.435,141.826,60.91,2.377,2.275
51,105,basic,452.917,220.565,324.589,153.443,2.268,2.41
51,105,gifted,181.508,166.531,0.0,0.0,,
51,106,basic,466.445,295.062,349.928,224.767,1.749,1.663
51,106,gifted,117.089,107.428,0.0,0.0,,
51,107,basic,515.497,257.556,537.15,267.141,2.522,2.546
51,109,basic,140.307,95.142,144.574,98.048,2.129,2.129
51,110,basic,390.483,216.496,403.884,223.672,2.073,2.079
51,113,basic,377.267,231.565,302.441,184.756,2.343,2.361
51,113,gifted,132.951,121.981,0.0,0.0,,
51,115,basic,142.436,85.694,168.479,101.105,1.722,1.734
51,117,basic,253.488,160.149,227.585,146.592,2.316,2.223
51,117,gifted,89.756,82.35,0.0,0.0,,
51,118,basic,265.46,143.67,434.419,235.917,2.101,2.085
51,130,basic,666.383,414.654,709.701,440.052,1.701,1.716
51,201,basic,75.665,49.87,101.954,64.759,1.026,1.196
51,202,basic,161.301,84.985,173.503,87.494,1.528,1.72
51,203,basic,272.413,183.748,296.945,197.198,1.317,1.391
51,204,basic,184.085,125.847,190.899,99.101,1.442,2.884
51,208,basic,208.794,171.114,0.0,0.0,1.262,
51,209,basic,142.475,53.024,160.052,59.464,0.777,0.785
51,210,basic,191.33,83.523,0.0,0.0,1.395,
51,211,basic,76.958,48.019,112.635,67.786,1.102,1.271
51,212,gifted,205.931,188.939,0.0,0.0,,
51,215,basic,114.231,69.198,131.012,78.848,0.93,0.964
51,218,basic,162.813,101.609,182.631,113.456,0.761,0.782
51,220,basic,88.823,71.273,0.0,0.0,1.353,
51,221,basic,162.571,114.726,237.024,147.202,0.932,1.441
51,222,basic,143.208,80.86,168.537,94.311,1.998,2.051
51,225,basic,79.585,40.801,84.989,43.314,1.179,1.206
51,226,basic,262.819,173.792,311.754,204.068,1.272,1.345
51,229,basic,249.096,199.371,0.0,0.0,1.137,
51,230,basic,110.839,73.431,143.059,89.439,1.036,1.325
51,233,basic,282.366,176.922,390.416,241.746,0.833,0.889
51,234,basic,77.459,60.963,0.0,0.0,1.198,
51,235,basic,92.824,57.743,133.18,81.925,1.314,1.38
51,236,basic,45.116,39.848,60.929,54.432,1.002,0.953
51,239,basic,277.505,159.618,285.052,163.762,1.65,1.656
51,241,basic,384.825,133.014,621.68,211.58,1.883,1.962
51,242,basic,156.683,106.494,0.0,0.0,1.231,
51,243,basic,219.519,117.592,311.433,165.888,0.981,1.01
51,244,basic,38.442,35.67,60.498,56.676,1.068,1.056
51,245,basic,324.497,277.626,393.459,336.538,1.239,1.25
51,246,basic,234.884,122.293,335.973,170.328,1.171,1.297
51,247,basic,368.095,127.76,669.07,224.523,1.572,1.722
51,248,basic,148.532,94.296,0.0,0.0,0.886,
51,249,basic,26.465,20.332,30.88,23.883,0.861,0.834
51,250,basic,81.783,59.34,147.46,108.557,0.973,0.903
51,251,basic,132.406,65.488,157.589,75.529,1.384,1.532
51,252,basic,244.095,168.268,270.929,179.287,1.445,1.626
51,255,basic,87.111,57.617,125.402,81.621,0.823,0.902
51,257,basic,124.621,105.423,183.705,152.251,1.077,1.182
51,259,basic,161.499,114.631,0.0,0.0,1.29,
51,261,basic,179.611,160.789,243.856,211.594,1.084,1.236
51,262,basic,187.287,141.897,160.555,118.994,1.065,1.166
51,264,basic,82.156,39.659,0.0,0.0,0.936,
51,266,basic,106.316,85.263,136.768,110.27,0.898,0.872
51,267,basic,108.643,95.655,132.608,116.738,1.003,1.004
51,268,basic,114.077,108.373,124.906,118.66,1.073,1.089
51,269,basic,102.609,95.228,128.802,119.106,1.037,1.089
51,270,basic,143.974,96.824,150.501,100.558,1.368,1.396
51,272,basic,41.235,38.605,0.0,0.0,1.044,
51,275,basic,95.961,89.101,130.801,119.739,1.192,1.327
51,276,basic,153.916,78.005,125.035,62.88,1.109,1.145
51,277,basic,124.654,80.379,142.972,91.93,1.004,1.016
51,279,basic,110.742,50.208,139.143,62.204,1.0,1.065
51,281,basic,65.533,43.699,74.618,48.996,0.817,0.882
51,282,basic,73.928,54.47,83.365,59.897,0.868,0.976
51,286,basic,178.897,112.438,227.464,130.103,1.772,2.243
51,287,gifted,190.0,174.323,0.0,0.0,,
51,288,basic,185.229,156.693,217.376,184.408,1.341,1.36
51,289,basic,155.19,131.62,0.0,0.0,1.371,
51,291,basic,370.526,255.411,557.555,395.038,2.213,2.009
51,292,basic,563.966,329.509,800.708,452.433,1.485,1.651
51,930,basic,398.531,341.217,499.485,430.838,2.262,2.178
51,935,basic,437.788,299.658,713.041,475.02,1.819,1.875
51,939,basic,216.892,109.043,0.0,0.0,1.697,
51,949,basic,379.579,307.481,637.268,498.673,1.531,1.687
51,955,basic,45.527,43.251,0.0,0.0,2.766,
51,971,basic,0.0,0.0,591.012,269.436,,1.131
51,971,gifted,516.571,473.948,0.0,0.0,,
51,972,basic,253.623,183.76,0.0,0.0,1.831,
51,974,basic,86.937,76.524,205.136,178.238,1.201,1.215
51,977,basic,239.657,172.981,426.132,300.727,1.326,1.445
52,103,basic,270.653,231.039,308.593,263.362,1.635,1.636
52,104,basic,151.358,59.53,170.707,68.987,2.522,2.412
52,105,basic,424.786,200.959,304.958,139.494,2.198,2.339
52,105,gifted,177.921,163.811,0.0,0.0,,
52,106,basic,455.116,277.978,342.462,212.583,1.75,1.67
52,106,gifted,115.53,106.368,0.0,0.0,,
52,107,basic,509.285,244.472,530.648,253.403,2.451,2.474
52,109,basic,161.701,104.821,166.691,107.989,2.107,2.109
52,110,basic,405.54,218.851,419.48,226.122,2.095,2.1
52,113,basic,393.916,229.383,318.794,184.716,2.339,2.357
52,113,gifted,134.218,123.574,0.0,0.0,,
52,115,basic,142.878,83.003,168.77,97.786,1.714,1.725
52,117,basic,261.229,158.18,234.802,145.314,2.301,2.207
52,117,gifted,90.309,83.147,0.0,0.0,,
52,118,basic,272.544,141.801,446.914,233.05,2.095,2.085
52,130,basic,650.36,400.711,692.695,425.246,1.648,1.662
52,201,basic,79.951,53.261,107.293,68.56,1.029,1.196
52,202,basic,178.639,91.582,191.558,93.008,1.663,1.878
52,203,basic,265.06,180.879,288.366,193.455,1.278,1.348
52,204,basic,175.022,120.709,185.512,94.785,1.373,2.757
52,208,basic,207.658,170.51,0.0,0.0,1.219,
52,209,basic,146.451,58.515,164.358,65.533,0.766,0.774
52,210,basic,190.403,87.346,0.0,0.0,1.353,
52,211,basic,81.577,51.712,117.582,71.631,1.091,1.253
52,212,gifted,205.789,189.469,0.0,0.0,,
52,215,basic,119.596,76.282,136.68,86.563,0.888,0.917
52,218,basic,155.357,99.952,175.231,112.084,0.767,0.791
52,220,basic,91.515,73.136,0.0,0.0,1.331,
52,221,basic,162.888,120.295,237.205,153.2,0.906,1.376
52,222,basic,148.886,80.962,176.0,95.019,2.087,2.123
52,225,basic,85.246,44.617,91.019,47.227,1.193,1.228
52,226,basic,261.19,179.146,311.152,210.927,1.236,1.311
52,229,basic,247.195,198.732,0.0,0.0,1.129,
52,230,basic,116.42,78.444,145.142,91.61,1.003,1.287
52,233,basic,281.005,182.09,389.79,248.886,0.824,0.884
52,234,basic,74.934,59.22,0.0,0.0,1.163,
52,235,basic,90.843,58.535,128.793,81.78,1.237,1.311
52,236,basic,51.244,44.693,73.641,65.058,1.064,1.016
52,239,basic,266.388,151.117,272.888,154.785,1.693,1.693
52,241,basic,387.043,138.075,623.941,219.529,1.853,1.915
52,242,basic,157.386,108.808,0.0,0.0,1.192,
52,243,basic,218.15,120.946,310.436,170.937,0.977,1.008
52,244,basic,38.887,35.795,61.776,57.575,1.083,1.069
52,245,basic,317.986,273.761,386.855,332.901,1.225,1.24
52,246,basic,241.242,128.243,343.268,177.116,1.175,1.3
52,247,basic,367.445,132.861,666.723,232.709,1.555,1.692
52,248,basic,145.696,94.58,0.0,0.0,0.875,
52,249,basic,30.293,23.796,35.414,27.969,0.847,0.829
52,250,basic,86.427,63.424,153.528,114.41,0.959,0.894
52,251,basic,127.498,66.421,151.93,76.329,1.323,1.47
52,252,basic,240.714,168.833,267.139,179.36,1.407,1.575
52,255,basic,89.638,60.368,128.185,84.917,0.83,0.902
52,257,basic,124.6,106.166,183.645,152.992,1.071,1.178
52,259,basic,164.931,115.723,0.0,0.0,1.314,
52,261,basic,175.85,157.8,235.242,205.366,1.036,1.158
52,262,basic,187.454,143.442,160.833,120.122,1.07,1.167
52,264,basic,78.781,40.569,0.0,0.0,0.925,
52,266,basic,109.637,90.099,141.241,116.752,0.901,0.875
52,267,basic,118.933,105.064,145.572,128.541,1.02,1.023
52,268,basic,109.483,104.009,119.547,113.569,1.064,1.077
52,269,basic,105.683,97.897,132.374,122.067,0.995,1.042
52,270,basic,168.904,108.011,175.892,111.513,1.532,1.564
52,272,basic,41.516,38.628,0.0,0.0,1.026,
52,275,basic,94.122,86.946,127.864,116.168,1.168,1.304
52,276,basic,155.409,82.415,125.216,65.915,1.112,1.143
52,277,basic,123.977,81.411,142.278,93.136,0.993,1.006
52,279,basic,105.617,50.392,133.517,62.698,0.976,1.041
52,281,basic,65.92,44.831,75.179,50.24,0.812,0.875
52,282,basic,75.923,56.164,85.757,61.565,0.882,0.994
52,286,basic,171.745,112.191,218.824,129.818,1.636,2.051
52,287,gifted,190.0,174.932,0.0,0.0,,
52,288,basic,186.903,158.3,217.878,184.701,1.296,1.316
52,289,basic,154.413,126.215,0.0,0.0,1.325,
52,291,basic,372.519,255.43,560.925,397.459,2.116,1.931
52,292,basic,565.296,328.331,798.122,448.107,1.483,1.633
52,930,basic,398.883,322.367,499.928,409.515,2.282,2.194
52,935,basic,437.226,291.994,712.412,464.84,1.78,1.842
52,939,basic,219.056,110.965,0.0,0.0,1.679,
52,949,basic,379.106,296.096,638.974,479.039,1.508,1.672
52,955,basic,46.137,43.83,0.0,0.0,2.768,
52,971,basic,0.0,0.0,585.325,278.586,,1.109
52,971,gifted,515.043,474.198,0.0,0.0,,
52,972,basic,261.398,181.739,0.0,0.0,1.864,
52,974,basic,85.575,74.077,201.893,172.684,1.189,1.196
52,977,basic,233.393,169.027,417.948,294.114,1.276,1.409
53,103,basic,273.603,234.97,312.132,267.849,1.627,1.63
53,104,basic,131.601,50.314,152.592,58.869,2.239,2.21
53,105,basic,411.619,183.722,295.483,127.716,2.258,2.423
53,105,gifted,175.193,161.472,0.0,0.0,,
53,106,basic,445.897,258.534,335.318,197.195,1.716,1.633
53,106,gifted,114.496,105.529,0.0,0.0,,
53,107,basic,496.669,229.118,518.08,237.905,2.485,2.509
53,109,basic,156.377,99.269,160.793,102.074,2.053,2.053
53,110,basic,403.505,195.454,417.608,202.02,2.092,2.099
53,113,basic,393.213,228.086,314.603,182.242,2.316,2.318
53,113,gifted,135.872,125.23,0.0,0.0,,
53,115,basic,144.93,79.911,170.945,94.076,1.728,1.737
53,117,basic,255.322,145.225,229.145,132.653,2.353,2.261
53,117,gifted,90.358,83.281,0.0,0.0,,
53,118,basic,258.32,127.202,425.276,209.669,2.098,2.092
53,130,basic,677.333,368.27,720.768,390.749,1.696,1.71
53,201,basic,77.119,53.076,104.72,69.57,1.049,1.225
53,202,basic,171.628,91.212,183.218,94.001,1.635,1.804
53,203,basic,261.412,188.939,284.788,203.175,1.272,1.338
53,204,basic,179.037,130.28,190.856,106.639,1.452,2.939
53,208,basic,207.77,173.207,0.0,0.0,1.217,
53,209,basic,158.394,54.203,179.678,61.369,0.772,0.781
53,210,basic,193.791,81.124,0.0,0.0,1.393,
53,211,basic,81.801,53.215,120.62,75.794,1.11,1.286
53,212,gifted,205.747,189.633,0.0,0.0,,
53,215,basic,122.017,72.497,138.329,82.048,0.858,0.869
53,218,basic,157.811,99.862,177.748,111.992,0.766,0.787
53,220,basic,93.919,76.87,0.0,0.0,1.484,
53,221,basic,165.628,112.273,244.605,144.396,1.015,1.623
53,222,basic,142.055,88.322,167.964,103.784,1.867,1.912
53,225,basic,85.49,43.585,91.419,46.271,1.222,1.258
53,226,basic,252.417,163.995,302.73,194.36,1.24,1.325
53,229,basic,257.305,219.383,0.0,0.0,1.153,
53,230,basic,107.242,75.016,138.286,91.672,1.051,1.34
53,233,basic,284.374,179.562,394.099,245.746,0.833,0.896
53,234,basic,81.381,68.016,0.0,0.0,1.252,
53,235,basic,81.277,52.529,114.964,73.412,1.142,1.213
53,236,basic,48.546,43.077,67.765,60.806,1.102,1.045
53,239,basic,274.662,164.196,282.17,168.374,1.705,1.715
53,241,basic,385.215,127.148,621.939,202.424,1.94,2.017
53,242,basic,155.596,109.804,0.0,0.0,1.237,
53,243,basic,214.335,115.162,304.602,162.761,0.977,1.008
53,244,basic,36.122,33.751,56.558,53.271,1.118,1.084
53,245,basic,317.852,281.069,389.311,344.04,1.213,1.232
53,246,basic,238.579,124.347,341.239,173.493,1.206,1.334
53,247,basic,373.618,122.59,676.994,215.387,1.61,1.759
53,248,basic,146.121,95.413,0.0,0.0,0.903,
53,249,basic,25.034,19.544,29.309,23.062,0.893,0.858
53,250,basic,87.626,68.093,154.689,121.725,0.963,0.897
53,251,basic,132.197,62.71,157.974,72.696,1.398,1.552
53,252,basic,243.275,175.956,270.478,187.95,1.437,1.628
53,255,basic,90.676,62.067,131.183,88.384,0.855,0.94
53,257,basic,123.258,109.621,183.342,160.258,1.078,1.188
53,259,basic,163.348,125.269,0.0,0.0,1.314,
53,261,basic,165.928,152.697,223.684,201.415,1.073,1.216
53,262,basic,191.646,151.842,163.557,126.958,1.074,1.176
53,264,basic,82.208,36.352,0.0,0.0,0.94,
53,266,basic,106.23,87.176,137.14,113.017,0.91,0.886
53,267,basic,120.424,108.683,145.158,131.059,1.028,1.027
53,268,basic,108.477,103.053,118.32,112.404,1.073,1.086
53,269,basic,105.687,99.428,132.104,124.148,1.064,1.111
53,270,basic,148.913,107.384,155.682,111.46,1.439,1.473
53,272,basic,43.108,40.685,0.0,0.0,1.045,
53,275,basic,98.226,92.501,132.737,124.124,1.17,1.322
53,276,basic,153.21,74.165,124.522,59.868,1.126,1.16
53,277,basic,125.022,84.599,143.042,96.571,1.009,1.021
53,279,basic,107.166,47.039,134.882,58.426,0.993,1.06
53,281,basic,61.864,43.051,70.573,48.367,0.824,0.894
53,282,basic,73.582,58.253,82.791,64.083,0.873,0.978
53,286,basic,185.78,112.807,234.824,131.077,1.991,2.465
53,287,gifted,190.0,175.119,0.0,0.0,,
53,288,basic,196.179,172.782,230.018,204.665,1.403,1.401
53,289,basic,156.691,136.089,0.0,0.0,1.358,
53,291,basic,378.247,261.767,566.441,408.126,2.283,2.06
53,292,basic,565.06,323.898,799.794,444.631,1.48,1.644
53,930,basic,399.289,363.682,500.311,457.118,2.347,2.255
53,935,basic,437.445,309.289,712.837,497.14,1.826,1.891
53,939,basic,219.649,104.129,0.0,0.0,1.718,
53,949,basic,375.549,319.371,632.638,521.342,1.494,1.668
53,955,basic,46.36,44.042,0.0,0.0,2.71,
53,971,basic,0.0,0.0,585.886,261.551,,1.129
53,971,gifted,515.621,475.237,0.0,0.0,,
53,972,basic,261.603,196.218,0.0,0.0,1.813,
53,974,basic,86.151,78.592,202.084,180.668,1.296,1.322
53,977,basic,231.346,181.865,414.346,318.633,1.306,1.431
54,103,basic,276.9,258.058,315.906,294.131,1.66,1.664
54,104,basic,133.457,57.148,154.124,66.103,2.089,2.093
54,105,basic,440.544,210.343,318.277,147.471,2.319,2.506
54,105,gifted,179.79,165.204,0.0,0.0,,
54,106,basic,453.82,293.126,341.149,223.371,1.692,1.598
54,106,gifted,116.304,106.869,0.0,0.0,,
54,107,basic,498.528,255.546,519.52,265.302,2.467,2.491
54,109,basic,148.144,108.574,151.94,111.4,2.069,2.066
54,110,basic,419.788,233.676,435.033,241.767,2.123,2.133
54,113,basic,385.08,250.653,311.39,202.332,2.31,2.316
54,113,gifted,133.712,122.865,0.0,0.0,,
54,115,basic,142.029,84.449,168.05,99.701,1.725,1.739
54,117,basic,248.631,167.326,226.661,154.032,2.325,2.263
54,117,gifted,89.367,82.117,0.0,0.0,,
54,118,basic,256.974,139.493,423.667,230.1,2.088,2.085
54,130,basic,665.288,414.537,708.625,439.766,1.758,1.781
54,201,basic,76.637,47.906,104.122,63.069,1.101,1.29
54,202,basic,173.944,84.823,186.639,87.564,1.739,1.966
54,203,basic,244.302,164.422,266.171,177.117,1.266,1.336
54,204,basic,185.736,126.66,192.526,105.75,1.524,2.976
54,208,basic,204.944,172.576,0.0,0.0,1.298,
54,209,basic,154.404,46.833,173.996,52.703,0.766,0.774
54,210,basic,193.794,76.227,0.0,0.0,1.407,
54,211,basic,72.215,42.655,106.306,60.987,1.104,1.282
54,212,gifted,206.034,189.32,0.0,0.0,,
54,215,basic,117.498,67.134,134.434,76.361,0.956,0.994
54,218,basic,154.049,88.156,173.543,98.898,0.769,0.794
54,220,basic,84.925,71.957,0.0,0.0,1.313,
54,221,basic,162.397,112.056,236.643,146.616,0.973,1.54
54,222,basic,148.019,82.366,175.85,97.03,2.268,2.341
54,225,basic,82.89,38.837,88.2,41.104,1.191,1.223
54,226,basic,259.931,170.528,309.743,201.56,1.343,1.417
54,229,basic,251.262,203.641,0.0,0.0,1.149,
54,230,basic,115.993,72.971,148.26,89.358,1.076,1.355
54,233,basic,277.57,161.266,383.272,220.72,0.842,0.897
54,234,basic,75.207,60.26,0.0,0.0,1.203,
54,235,basic,75.489,46.148,107.897,65.4,1.32,1.384
54,236,basic,55.651,50.187,81.894,74.504,1.093,1.037
54,239,basic,280.315,155.602,287.465,159.489,1.758,1.761
54,241,basic,387.463,118.539,625.366,189.061,1.927,2.005
54,242,basic,157.162,105.501,0.0,0.0,1.221,
54,243,basic,217.439,105.006,308.311,148.273,0.99,1.018
54,244,basic,38.248,35.86,61.057,57.54,1.134,1.121
54,245,basic,320.541,287.337,390.16,349.698,1.228,1.244
54,246,basic,233.173,110.722,334.143,155.387,1.21,1.34
54,247,basic,369.406,110.516,670.573,195.399,1.603,1.758
54,248,basic,150.146,88.775,0.0,0.0,0.895,
54,249,basic,31.867,24.189,37.409,28.487,0.853,0.835
54,250,basic,92.061,64.753,159.57,113.351,0.969,0.907
54,251,basic,132.328,61.139,157.595,70.931,1.395,1.556
54,252,basic,229.097,160.654,254.995,172.932,1.422,1.615
54,255,basic,89.865,55.626,128.691,78.642,0.825,0.907
54,257,basic,120.052,103.947,180.708,153.933,1.081,1.189
54,259,basic,158.84,112.101,0.0,0.0,1.301,
54,261,basic,171.72,157.473,233.394,208.7,1.119,1.286
54,262,basic,190.823,143.385,164.049,121.087,1.087,1.196
54,264,basic,77.05,33.128,0.0,0.0,0.94,
54,266,basic,102.044,81.562,131.13,105.224,0.907,0.881
54,267,basic,120.906,109.725,146.678,133.098,1.015,1.017
54,268,basic,107.267,101.904,117.475,111.602,1.06,1.074
54,269,basic,105.556,99.741,132.191,124.839,0.994,1.045
54,270,basic,162.919,105.271,169.783,108.96,1.571,1.608
54,272,basic,42.183,39.756,0.0,0.0,1.07,
54,275,basic,94.574,89.408,130.878,123.067,1.218,1.374
54,276,basic,151.411,69.311,123.223,56.157,1.158,1.183
54,277,basic,126.535,76.94,144.976,87.977,1.008,1.02
54,279,basic,106.389,42.066,134.475,52.574,0.992,1.061
54,281,basic,68.703,42.89,78.011,48.14,0.816,0.881
54,282,basic,79.137,55.9,89.343,61.779,0.896,1.019
54,286,basic,174.362,112.879,222.429,133.582,1.887,2.383
54,287,gifted,190.0,174.586,0.0,0.0,,
54,288,basic,187.252,166.003,220.653,195.663,1.381,1.415
54,289,basic,158.847,140.025,0.0,0.0,1.367,
54,291,basic,371.559,274.121,561.436,419.898,2.324,2.13
54,292,basic,563.166,319.202,796.89,440.606,1.485,1.641
54,930,basic,398.815,362.133,499.849,454.899,2.384,2.298
54,935,basic,438.218,311.552,713.466,492.609,1.855,1.902
54,939,basic,212.759,102.034,0.0,0.0,1.784,
54,949,basic,376.025,317.565,634.363,519.47,1.53,1.706
54,955,basic,45.807,43.516,0.0,0.0,2.677,
54,971,basic,0.0,0.0,591.799,237.436,,1.149
54,971,gifted,516.436,474.54,0.0,0.0,,
54,972,basic,268.554,201.029,0.0,0.0,1.913,
54,974,basic,88.188,80.11,208.591,187.212,1.213,1.232
54,977,basic,231.802,169.066,415.309,296.946,1.284,1.416
55,103,basic,252.665,226.388,288.595,258.085,1.637,1.645
55,104,basic,111.415,53.06,128.899,61.128,1.984,1.999
55,105,basic,464.617,229.985,328.808,155.349,2.239,2.404
55,105,gifted,185.338,169.789,0.0,0.0,,
55,106,basic,444.333,302.758,331.557,231.568,1.67,1.579
55,106,gifted,115.046,105.395,0.0,0.0,,
55,107,basic,522.707,259.432,544.951,268.774,2.518,2.542
55,109,basic,146.712,106.985,151.487,110.499,1.967,1.966
55,110,basic,409.176,231.928,423.459,239.509,2.08,2.087
55,113,basic,381.997,241.966,309.007,196.117,2.266,2.26
55,113,gifted,134.057,122.81,0.0,0.0,,
55,115,basic,152.864,97.122,181.317,114.638,1.721,1.737
55,117,basic,255.942,165.277,232.142,152.893,2.258,2.188
55,117,gifted,89.742,82.213,0.0,0.0,,
55,118,basic,251.64,141.966,408.915,231.984,2.035,2.017
55,130,basic,652.915,435.711,695.885,461.745,1.63,1.648
55,201,basic,76.0,50.645,102.166,64.868,0.94,1.089
55,202,basic,165.25,83.15,177.353,84.652,1.471,1.631
55,203,basic,277.892,183.714,302.263,195.779,1.263,1.329
55,204,basic,175.625,117.241,186.006,86.765,1.343,2.669
55,208,basic,206.799,171.608,0.0,0.0,1.214,
55,209,basic,143.92,54.595,161.565,61.128,0.768,0.776
55,210,basic,194.235,82.051,0.0,0.0,1.35,
55,211,basic,76.267,46.447,116.901,67.352,1.132,1.313
55,212,gifted,205.469,188.231,0.0,0.0,,
55,215,basic,121.147,75.633,137.684,85.601,0.849,0.86
55,218,basic,158.453,100.9,177.628,112.449,0.753,0.771
55,220,basic,97.786,73.634,0.0,0.0,1.405,
55,221,basic,170.114,120.804,248.845,149.811,0.898,1.371
55,222,basic,146.756,80.601,173.733,94.05,1.812,1.849
55,225,basic,84.325,42.286,90.113,44.728,1.161,1.193
55,226,basic,256.729,167.393,306.376,196.368,1.179,1.256
55,229,basic,252.337,199.831,0.0,0.0,1.109,
55,230,basic,110.809,73.129,142.749,86.883,1.011,1.288
55,233,basic,280.99,178.639,390.25,243.328,0.817,0.878
55,234,basic,78.714,60.509,0.0,0.0,1.176,
55,235,basic,85.454,54.429,121.545,75.645,1.11,1.195
55,236,basic,51.578,44.053,72.702,63.056,1.008,0.966
55,239,basic,279.223,151.17,286.536,154.888,1.627,1.632
55,241,basic,385.88,124.998,622.037,197.872,1.799,1.863
55,242,basic,157.347,104.948,0.0,0.0,1.204,
55,243,basic,212.557,113.963,301.548,160.316,0.967,0.997
55,244,basic,36.502,33.41,57.553,53.502,1.043,1.032
55,245,basic,321.727,267.02,393.005,326.071,1.225,1.237
55,246,basic,228.767,118.346,328.886,163.976,1.107,1.225
55,247,basic,371.444,123.412,674.301,214.903,1.507,1.632
55,248,basic,147.407,94.525,0.0,0.0,0.874,
55,249,basic,30.422,23.575,35.476,27.758,0.848,0.823
55,250,basic,84.877,61.722,153.208,113.665,0.959,0.894
55,251,basic,132.815,63.582,158.699,72.751,1.327,1.466
55,252,basic,241.173,161.742,268.305,170.62,1.36,1.519
55,255,basic,87.881,58.791,125.935,82.456,0.818,0.891
55,257,basic,121.585,100.909,182.015,146.854,1.07,1.177
55,259,basic,157.189,109.217,0.0,0.0,1.243,
55,261,basic,168.36,147.744,227.815,193.555,1.046,1.169
55,262,basic,185.114,138.779,158.89,115.587,1.058,1.152
55,264,basic,77.506,37.377,0.0,0.0,0.931,
55,266,basic,106.568,85.92,137.226,111.464,0.887,0.862
55,267,basic,119.269,103.712,145.079,126.17,1.01,1.01
55,268,basic,108.581,103.15,118.319,112.399,1.066,1.078
55,269,basic,108.229,98.783,134.96,122.444,1.003,1.044
55,270,basic,164.044,105.92,171.099,109.439,1.357,1.385
55,272,basic,44.261,41.004,0.0,0.0,1.021,
55,275,basic,102.827,92.748,139.892,123.122,1.197,1.331
55,276,basic,144.978,72.72,119.447,59.23,1.091,1.13
55,277,basic,119.727,77.36,137.469,88.49,0.982,0.993
55,279,basic,104.35,47.46,131.671,58.773,0.972,1.03
55,281,basic,68.099,46.291,76.94,51.422,0.796,0.842
55,282,basic,74.99,56.088,83.744,60.904,0.837,0.915
55,286,basic,180.989,106.242,229.687,120.32,1.765,2.162
55,287,gifted,190.0,174.06,0.0,0.0,,
55,288,basic,193.044,155.575,225.224,182.905,1.355,1.345
55,289,basic,158.831,139.388,0.0,0.0,1.356,
55,291,basic,373.152,246.348,560.221,379.093,2.154,1.973
55,292,basic,564.679,336.239,797.999,454.885,1.422,1.57
55,930,basic,399.244,320.87,500.327,408.084,2.257,2.165
55,935,basic,437.292,299.154,712.504,463.756,1.697,1.774
55,939,basic,221.085,109.121,0.0,0.0,1.64,
55,949,basic,381.014,308.568,640.656,494.262,1.487,1.652
55,955,basic,45.461,43.188,0.0,0.0,2.758,
55,971,basic,0.0,0.0,592.089,267.071,,1.106
55,971,gifted,516.319,473.002,0.0,0.0,,
55,972,basic,259.407,183.679,0.0,0.0,1.798,
55,974,basic,89.302,75.8,210.609,176.277,1.198,1.198
55,977,basic,231.382,164.07,414.771,283.83,1.262,1.392
56,103,basic,264.688,233.787,301.827,266.49,1.647,1.648
56,104,basic,134.708,53.635,149.876,61.143,2.422,2.304
56,105,basic,436.653,206.085,318.482,146.81,2.326,2.47
56,105,gifted,175.344,161.364,0.0,0.0,,
56,106,basic,447.117,270.149,332.073,203.221,1.774,1.684
56,106,gifted,115.256,106.066,0.0,0.0,,
56,107,basic,498.191,247.232,519.344,256.745,2.504,2.529
56,109,basic,149.535,98.863,153.863,101.697,2.167,2.169
56,110,basic,389.154,202.233,402.171,208.843,2.066,2.071
56,113,basic,393.495,240.282,313.637,190.722,2.35,2.366
56,113,gifted,136.751,125.847,0.0,0.0,,
56,115,basic,144.671,84.112,169.948,98.693,1.716,1.723
56,117,basic,258.807,158.33,232.63,144.683,2.336,2.236
56,117,gifted,90.052,82.872,0.0,0.0,,
56,118,basic,273.537,142.343,454.398,236.55,2.152,2.15
56,130,basic,668.599,384.346,711.879,408.113,1.74,1.756
56,201,basic,78.027,51.429,105.71,67.484,1.094,1.282
56,202,basic,174.721,91.195,186.823,94.135,1.691,1.892
56,203,basic,266.188,183.997,290.224,198.219,1.338,1.412
56,204,basic,180.189,126.792,190.115,107.432,1.512,2.949
56,208,basic,203.526,166.413,0.0,0.0,1.254,
56,209,basic,151.165,51.006,171.073,57.631,0.789,0.798
56,210,basic,193.977,80.286,0.0,0.0,1.426,
56,211,basic,72.079,45.452,103.291,63.368,1.094,1.258
56,212,gifted,205.656,189.258,0.0,0.0,,
56,215,basic,112.482,65.495,127.733,74.276,0.875,0.888
56,218,basic,160.512,97.581,180.427,109.268,0.774,0.796
56,220,basic,86.971,72.958,0.0,0.0,1.323,
56,221,basic,160.337,106.551,236.205,139.506,1.01,1.622
56,222,basic,143.773,86.237,169.736,101.484,2.018,2.058
56,225,basic,77.884,38.869,83.375,41.327,1.241,1.281
56,226,basic,266.851,168.112,316.328,197.932,1.343,1.409
56,229,basic,247.834,203.103,0.0,0.0,1.155,
56,230,basic,118.7,80.042,147.681,95.101,1.039,1.328
56,233,basic,282.89,172.356,392.011,236.319,0.842,0.906
56,234,basic,76.648,62.802,0.0,0.0,1.173,
56,235,basic,83.284,52.122,118.063,73.195,1.216,1.282
56,236,basic,49.577,43.729,69.525,61.94,1.101,1.048
56,239,basic,275.802,162.047,282.907,166.048,1.725,1.732
56,241,basic,386.611,129.897,623.682,207.102,1.917,1.992
56,242,basic,158.582,109.242,0.0,0.0,1.225,
56,243,basic,214.325,111.616,305.015,158.141,0.986,1.015
56,244,basic,37.567,35.136,58.795,55.378,1.119,1.085
56,245,basic,318.11,274.095,387.707,334.112,1.248,1.255
56,246,basic,233.607,118.894,335.586,166.996,1.234,1.37
56,247,basic,368.379,121.527,668.718,214.614,1.621,1.779
56,248,basic,151.349,95.527,0.0,0.0,0.895,
56,249,basic,32.786,24.903,37.987,29.026,0.872,0.841
56,250,basic,87.341,64.767,154.542,115.835,0.971,0.905
56,251,basic,138.312,64.989,163.987,75.032,1.418,1.578
56,252,basic,248.251,172.72,275.414,184.982,1.489,1.689
56,255,basic,86.372,56.963,124.009,80.872,0.836,0.907
56,257,basic,125.066,107.237,185.148,156.083,1.084,1.192
56,259,basic,169.156,124.361,0.0,0.0,1.35,
56,261,basic,174.244,158.986,236.262,209.973,1.109,1.274
56,262,basic,185.377,141.661,159.104,119.313,1.068,1.18
56,264,basic,83.824,36.858,0.0,0.0,0.93,
56,266,basic,109.996,86.685,142.02,112.333,0.911,0.886
56,267,basic,115.471,101.675,140.05,123.304,1.016,1.017
56,268,basic,112.292,106.677,122.699,116.564,1.073,1.088
56,269,basic,106.816,100.457,133.662,125.535,1.035,1.087
56,270,basic,157.418,108.273,164.359,112.308,1.531,1.567
56,272,basic,40.638,38.305,0.0,0.0,1.061,
56,275,basic,91.353,85.926,125.567,117.132,1.184,1.339
56,276,basic,150.63,71.909,122.628,58.147,1.118,1.159
56,277,basic,123.411,80.176,141.297,91.598,1.009,1.022
56,279,basic,110.336,47.435,138.671,58.913,1.004,1.074
56,281,basic,65.678,43.874,74.704,49.288,0.816,0.884
56,282,basic,80.522,60.306,91.096,66.734,0.914,1.038
56,286,basic,178.814,110.422,227.237,130.033,1.925,2.422
56,287,gifted,190.0,174.851,0.0,0.0,,
56,288,basic,197.481,169.84,233.469,202.53,1.485,1.485
56,289,basic,157.609,137.378,0.0,0.0,1.388,
56,291,basic,376.747,262.767,565.09,406.074,2.328,2.094
56,292,basic,564.871,324.174,800.17,446.951,1.51,1.681
56,930,basic,398.772,363.497,499.794,456.865,2.366,2.279
56,935,basic,437.707,307.331,712.928,492.063,1.881,1.922
56,939,basic,219.516,106.278,0.0,0.0,1.733,
56,949,basic,376.9,318.183,631.718,518.854,1.544,1.706
56,955,basic,46.194,43.885,0.0,0.0,2.75,
56,971,basic,0.0,0.0,593.748,259.983,,1.14
56,971,gifted,516.417,475.242,0.0,0.0,,
56,972,basic,262.693,195.312,0.0,0.0,1.863,
56,974,basic,87.536,80.167,207.809,187.628,1.202,1.226
56,977,basic,235.678,178.217,421.139,312.755,1.327,1.447
57,103,basic,273.733,240.133,312.152,273.726,1.646,1.647
57,104,basic,122.584,49.731,137.666,57.043,2.341,2.257
57,105,basic,463.79,215.798,335.654,151.447,2.267,2.41
57,105,gifted,181.828,167.037,0.0,0.0,,
57,106,basic,446.669,275.556,332.527,208.572,1.742,1.653
57,106,gifted,115.11,105.746,0.0,0.0,,
57,107,basic,504.737,245.271,525.558,254.219,2.462,2.484
57,109,basic,154.549,104.039,159.268,107.201,2.089,2.09
57,110,basic,404.025,219.271,417.748,226.511,2.089,2.093
57,113,basic,385.757,229.952,311.477,185.231,2.332,2.339
57,113,gifted,133.338,122.491,0.0,0.0,,
57,115,basic,143.388,83.267,169.088,97.983,1.726,1.735
57,117,basic,257.63,160.246,230.266,146.465,2.314,2.211
57,117,gifted,89.981,82.661,0.0,0.0,,
57,118,basic,257.535,134.477,424.597,222.31,2.1,2.088
57,130,basic,665.13,412.741,707.895,438.182,1.665,1.675
57,201,basic,74.621,48.858,102.312,64.352,1.09,1.268
57,202,basic,169.785,88.078,182.149,90.251,1.606,1.801
57,203,basic,250.212,172.133,273.265,185.068,1.275,1.346
57,204,basic,180.42,125.632,189.217,99.08,1.411,2.837
57,208,basic,205.107,170.959,0.0,0.0,1.237,
57,209,basic,146.312,54.64,164.68,61.388,0.772,0.78
57,210,basic,193.677,85.411,0.0,0.0,1.396,
57,211,basic,72.757,45.536,107.868,64.898,1.109,1.286
57,212,gifted,205.668,188.937,0.0,0.0,,
57,215,basic,115.918,73.686,131.98,83.577,0.889,0.908
57,218,basic,158.22,99.997,177.575,111.693,0.753,0.774
57,220,basic,88.083,71.266,0.0,0.0,1.376,
57,221,basic,165.524,120.158,244.264,153.924,0.977,1.525
57,222,basic,147.85,84.851,174.653,99.675,1.945,1.98
57,225,basic,81.999,41.957,87.513,44.459,1.205,1.237
57,226,basic,269.145,184.087,318.598,216.089,1.301,1.366
57,229,basic,247.303,201.523,0.0,0.0,1.147,
57,230,basic,106.198,70.653,140.045,87.667,1.035,1.325
57,233,basic,279.6,178.015,389.024,243.955,0.831,0.899
57,234,basic,76.087,60.75,0.0,0.0,1.211,
57,235,basic,81.002,53.772,115.553,75.51,1.148,1.229
57,236,basic,48.514,43.097,67.939,61.047,1.043,0.993
57,239,basic,271.179,153.242,278.294,157.124,1.75,1.755
57,241,basic,383.765,132.61,619.642,210.606,1.849,1.929
57,242,basic,155.979,108.259,0.0,0.0,1.218,
57,243,basic,221.819,119.132,312.535,166.984,0.99,1.016
57,244,basic,37.022,34.374,58.372,54.778,1.076,1.058
57,245,basic,319.578,280.105,390.571,342.861,1.254,1.264
57,246,basic,223.156,116.19,324.701,164.449,1.186,1.312
57,247,basic,364.818,126.098,663.42,221.28,1.562,1.714
57,248,basic,146.15,93.451,0.0,0.0,0.892,
57,249,basic,28.6,22.608,33.264,26.494,0.871,0.843
57,250,basic,86.027,62.646,156.489,115.821,0.991,0.917
57,251,basic,123.901,63.306,148.559,73.315,1.332,1.486
57,252,basic,235.538,167.282,262.217,178.466,1.4,1.577
57,255,basic,85.282,56.668,123.164,80.509,0.835,0.913
57,257,basic,121.431,105.288,181.597,153.998,1.059,1.175
57,259,basic,159.202,114.679,0.0,0.0,1.243,
57,261,basic,177.596,160.399,241.283,211.917,1.093,1.236
57,262,basic,192.579,149.103,164.655,124.501,1.065,1.169
57,264,basic,79.854,39.724,0.0,0.0,0.938,
57,266,basic,102.201,84.787,131.53,109.696,0.894,0.869
57,267,basic,118.501,107.5,143.954,130.657,1.036,1.035
57,268,basic,107.618,102.237,117.377,111.508,1.071,1.084
57,269,basic,102.827,95.843,129.036,119.951,1.051,1.102
57,270,basic,159.238,104.845,166.101,108.577,1.471,1.5
57,272,basic,42.678,39.933,0.0,0.0,1.056,
57,275,basic,92.968,86.755,126.369,116.332,1.141,1.287
57,276,basic,149.001,76.658,122.64,62.618,1.135,1.17
57,277,basic,124.093,80.27,142.335,91.792,1.006,1.019
57,279,basic,104.709,47.662,132.217,59.283,0.998,1.065
57,281,basic,68.24,45.884,77.46,51.322,0.809,0.867
57,282,basic,77.499,57.073,87.288,62.612,0.892,1.0
57,286,basic,179.39,115.378,227.593,133.545,1.816,2.262
57,287,gifted,190.0,174.544,0.0,0.0,,
57,288,basic,187.09,160.947,218.253,188.686,1.309,1.318
57,289,basic,161.438,132.748,0.0,0.0,1.383,
57,291,basic,378.814,260.052,566.868,405.349,2.231,1.998
57,292,basic,563.128,326.597,797.097,447.165,1.472,1.63
57,930,basic,399.075,337.48,500.099,427.589,2.287,2.192
57,935,basic,438.362,296.447,713.642,471.583,1.811,1.872
57,939,basic,220.242,111.709,0.0,0.0,1.663,
57,949,basic,382.105,304.73,640.137,492.862,1.523,1.677
57,955,basic,47.139,44.782,0.0,0.0,2.761,
57,971,basic,0.0,0.0,588.106,268.565,,1.13
57,971,gifted,516.065,474.084,0.0,0.0,,
57,972,basic,258.479,185.92,0.0,0.0,1.815,
57,974,basic,87.092,76.554,205.665,178.039,1.214,1.233
57,977,basic,239.961,175.003,426.198,303.663,1.312,1.43
58,103,basic,271.011,245.429,309.043,279.796,1.636,1.637
58,104,basic,134.251,53.14,148.307,60.223,2.599,2.453
58,105,basic,457.624,219.474,331.107,154.978,2.392,2.563
58,105,gifted,178.726,164.518,0.0,0.0,,
58,106,basic,449.315,275.504,334.692,207.464,1.804,1.715
58,106,gifted,115.38,106.208,0.0,0.0,,
58,107,basic,516.536,263.544,538.541,273.833,2.556,2.581
58,109,basic,151.499,103.656,156.324,106.919,2.183,2.185
58,110,basic,398.809,208.145,412.397,215.09,2.125,2.13
58,113,basic,389.359,243.432,319.956,199.157,2.419,2.44
58,113,gifted,133.541,122.925,0.0,0.0,,
58,115,basic,150.906,89.276,178.584,105.416,1.735,1.75
58,117,basic,264.263,166.541,236.99,152.033,2.349,2.227
58,117,gifted,89.684,82.554,0.0,0.0,,
58,118,basic,273.535,145.256,448.97,239.131,2.189,2.169
58,130,basic,662.76,388.621,705.281,412.795,1.707,1.719
58,201,basic,79.713,52.054,106.976,67.982,1.054,1.237
58,202,basic,174.057,89.54,186.253,92.775,1.742,1.954
58,203,basic,252.657,174.546,275.45,188.343,1.284,1.355
58,204,basic,175.248,124.383,186.093,108.886,1.458,2.881
58,208,basic,208.666,169.641,0.0,0.0,1.272,
58,209,basic,165.178,52.751,188.894,60.225,0.78,0.791
58,210,basic,192.496,77.007,0.0,0.0,1.42,
58,211,basic,80.349,49.704,114.474,69.107,1.105,1.27
58,212,gifted,205.909,189.54,0.0,0.0,,
58,215,basic,121.374,67.834,138.105,77.138,0.947,0.96
58,218,basic,156.528,92.313,175.664,103.274,0.774,0.795
58,220,basic,88.36,71.706,0.0,0.0,1.549,
58,221,basic,164.241,105.173,242.571,138.203,1.073,1.778
58,222,basic,146.949,85.274,174.593,100.996,2.306,2.358
58,225,basic,78.428,38.399,83.575,40.725,1.211,1.243
58,226,basic,252.082,155.818,301.955,185.561,1.331,1.396
58,229,basic,249.639,202.997,0.0,0.0,1.16,
58,230,basic,112.592,74.768,144.13,91.956,1.04,1.327
58,233,basic,286.93,169.767,398.614,233.401,0.847,0.919
58,234,basic,78.483,63.957,0.0,0.0,1.19,
58,235,basic,87.326,52.932,124.162,74.668,1.303,1.368
58,236,basic,50.485,44.749,71.855,64.253,1.069,1.016
58,239,basic,275.966,160.606,283.299,164.731,1.772,1.778
58,241,basic,384.087,125.41,619.588,200.386,1.945,2.013
58,242,basic,157.344,107.212,0.0,0.0,1.234,
58,243,basic,217.883,109.834,308.7,155.039,0.986,1.013
58,244,basic,37.83,35.446,59.672,56.3,1.169,1.106
58,245,basic,324.134,278.144,394.373,338.133,1.241,1.252
58,246,basic,229.536,115.086,329.535,161.925,1.184,1.323
58,247,basic,370.054,117.91,671.782,208.648,1.629,1.799
58,248,basic,147.31,91.032,0.0,0.0,0.897,
58,249,basic,27.64,20.477,31.676,23.65,0.937,0.888
58,250,basic,89.018,64.947,156.978,115.64,0.986,0.918
58,251,basic,132.586,60.274,158.832,70.426,1.432,1.604
58,252,basic,236.988,163.481,264.062,176.312,1.466,1.679
58,255,basic,89.321,57.387,128.003,81.488,0.868,0.935
58,257,basic,117.031,99.366,176.622,147.533,1.059,1.177
58,259,basic,157.617,116.148,0.0,0.0,1.316,
58,261,basic,172.416,158.22,232.911,209.426,1.097,1.245
58,262,basic,188.936,142.545,161.732,120.028,1.066,1.178
58,264,basic,81.226,34.071,0.0,0.0,0.93,
58,266,basic,104.668,80.713,134.834,104.321,0.911,0.886
58,267,basic,113.678,99.414,137.612,120.341,1.02,1.02
58,268,basic,111.71,106.125,122.069,115.966,1.075,1.09
58,269,basic,108.258,102.028,134.995,127.114,1.021,1.071
58,270,basic,162.394,111.469,169.376,115.594,1.554,1.59
58,272,basic,41.848,39.567,0.0,0.0,1.082,
58,275,basic,99.542,93.863,134.895,126.352,1.166,1.323
58,276,basic,154.213,70.872,125.16,57.229,1.122,1.157
58,277,basic,126.48,80.477,144.795,91.942,1.014,1.028
58,279,basic,100.688,41.549,126.742,51.75,1.008,1.08
58,281,basic,69.745,45.644,78.817,51.087,0.812,0.873
58,282,basic,72.086,53.616,80.992,59.259,0.869,0.975
58,286,basic,183.593,108.026,232.923,128.419,2.254,2.766
58,287,gifted,190.0,174.896,0.0,0.0,,
58,288,basic,193.964,169.36,226.49,199.726,1.43,1.409
58,289,basic,157.93,140.258,0.0,0.0,1.414,
58,291,basic,375.309,260.878,562.908,403.064,2.462,2.182
58,292,basic,566.372,323.243,801.038,447.266,1.527,1.685
58,930,basic,399.332,368.542,500.363,462.122,2.419,2.321
58,935,basic,437.842,309.429,713.023,494.442,1.953,1.979
58,939,basic,220.913,105.327,0.0,0.0,1.791,
58,949,basic,382.193,326.266,641.929,536.111,1.626,1.777
58,955,basic,45.875,43.581,0.0,0.0,2.831,
58,971,basic,0.0,0.0,587.901,248.765,,1.132
58,971,gifted,515.87,474.859,0.0,0.0,,
58,972,basic,261.459,196.074,0.0,0.0,1.9,
58,974,basic,87.322,80.378,206.686,187.39,1.241,1.277
58,977,basic,234.527,176.873,418.725,310.878,1.338,1.456
59,103,basic,264.972,229.185,302.364,261.224,1.632,1.636
59,104,basic,121.521,49.951,137.042,57.043,2.184,2.139
59,105,basic,443.377,204.874,319.898,142.632,2.248,2.402
59,105,gifted,179.555,165.032,0.0,0.0,,
59,106,basic,473.925,286.052,355.694,218.45,1.749,1.662
59,106,gifted,118.794,109.186,0.0,0.0,,
59,107,basic,503.809,240.448,525.093,249.306,2.455,2.479
59,109,basic,144.047,95.605,148.189,98.398,2.011,2.009
59,110,basic,399.653,205.008,413.348,211.746,2.084,2.089
59,113,basic,380.191,226.057,311.696,185.26,2.274,2.274
59,113,gifted,131.52,120.882,0.0,0.0,,
59,115,basic,138.841,80.45,165.058,95.269,1.719,1.736
59,117,basic,258.595,153.869,233.126,141.657,2.287,2.196
59,117,gifted,89.266,82.046,0.0,0.0,,
59,118,basic,274.495,140.782,449.484,231.27,2.102,2.088
59,130,basic,665.371,391.739,708.278,415.757,1.662,1.673
59,201,basic,77.014,53.046,103.366,68.273,0.967,1.134
59,202,basic,172.7,88.767,185.227,90.728,1.661,1.853
59,203,basic,252.003,175.127,275.395,188.154,1.303,1.375
59,204,basic,181.143,127.654,188.718,99.044,1.412,2.787
59,208,basic,203.509,168.971,0.0,0.0,1.203,
59,209,basic,150.713,55.608,170.337,62.722,0.775,0.783
59,210,basic,191.729,82.523,0.0,0.0,1.375,
59,211,basic,77.755,50.114,110.907,68.856,1.09,1.244
59,212,gifted,205.795,189.149,0.0,0.0,,
59,215,basic,118.454,72.87,134.92,82.633,0.876,0.895
59,218,basic,159.691,102.516,179.567,114.646,0.76,0.782
59,220,basic,92.619,74.229,0.0,0.0,1.396,
59,221,basic,160.161,112.58,235.817,143.744,0.933,1.44
59,222,basic,149.938,87.495,177.481,102.829,1.904,1.939
59,225,basic,78.935,40.665,84.186,43.036,1.197,1.228
59,226,basic,255.675,168.1,304.606,197.215,1.224,1.312
59,229,basic,247.434,205.475,0.0,0.0,1.123,
59,230,basic,112.98,77.748,145.862,94.204,1.028,1.309
59,233,basic,286.735,183.905,397.518,251.091,0.827,0.89
59,234,basic,73.064,60.151,0.0,0.0,1.148,
59,235,basic,84.952,55.069,121.076,77.244,1.147,1.225
59,236,basic,45.333,39.618,63.193,55.978,1.055,1.003
59,239,basic,279.23,160.222,286.555,164.222,1.719,1.725
59,241,basic,386.827,131.178,624.133,208.541,1.847,1.914
59,242,basic,156.325,109.236,0.0,0.0,1.207,
59,243,basic,217.866,118.713,308.339,166.902,0.977,1.008
59,244,basic,36.507,33.822,58.647,54.929,1.104,1.087
59,245,basic,319.422,275.568,389.239,335.708,1.23,1.244
59,246,basic,246.213,130.811,348.474,179.655,1.138,1.263
59,247,basic,367.992,125.442,669.089,219.779,1.55,1.696
59,248,basic,145.856,95.781,0.0,0.0,0.883,
59,249,basic,25.041,19.591,28.896,22.8,0.89,0.86
59,250,basic,89.993,68.038,159.509,122.701,0.978,0.904
59,251,basic,124.288,61.305,148.832,70.764,1.305,1.455
59,252,basic,232.142,166.528,258.018,177.431,1.317,1.478
59,255,basic,85.89,59.069,124.181,83.902,0.815,0.893
59,257,basic,124.884,107.152,187.392,157.428,1.109,1.215
59,259,basic,158.304,119.185,0.0,0.0,1.198,
59,261,basic,177.998,160.833,241.039,211.781,1.082,1.219
59,262,basic,189.327,147.392,162.768,123.41,1.067,1.175
59,264,basic,80.449,38.107,0.0,0.0,0.916,
59,266,basic,101.583,83.469,130.868,108.112,0.882,0.858
59,267,basic,121.08,108.168,146.98,131.368,1.028,1.028
59,268,basic,108.732,103.296,118.802,112.862,1.063,1.076
59,269,basic,103.874,96.942,129.756,120.786,0.98,1.024
59,270,basic,167.568,112.939,174.511,116.787,1.5,1.526
59,272,basic,39.691,37.206,0.0,0.0,1.046,
59,275,basic,95.77,89.075,129.738,119.006,1.182,1.316
59,276,basic,151.057,75.934,124.13,61.823,1.102,1.142
59,277,basic,126.857,84.467,145.317,96.485,1.015,1.026
59,279,basic,107.669,48.958,135.823,60.771,0.995,1.061
59,281,basic,68.499,47.669,77.686,53.242,0.805,0.861
59,282,basic,78.974,60.976,88.687,66.711,0.873,0.97
59,286,basic,181.777,112.647,229.995,129.317,1.758,2.19
59,287,gifted,190.0,174.632,0.0,0.0,,
59,288,basic,189.926,164.735,221.952,192.863,1.311,1.331
59,289,basic,155.656,134.003,0.0,0.0,1.338,
59,291,basic,369.42,255.355,556.548,397.457,2.084,1.904
59,292,basic,565.791,327.344,800.49,447.174,1.481,1.638
59,930,basic,399.263,343.976,500.323,435.733,2.298,2.195
59,935,basic,438.928,303.687,714.275,482.121,1.756,1.823
59,939,basic,220.508,108.539,0.0,0.0,1.643,
59,949,basic,380.145,311.305,641.9,506.486,1.539,1.701
59,955,basic,45.888,43.593,0.0,0.0,2.798,
59,971,basic,0.0,0.0,590.435,270.051,,1.129
59,971,gifted,516.337,474.573,0.0,0.0,,
59,972,basic,254.459,184.572,0.0,0.0,1.803,
59,974,basic,84.412,75.519,199.338,175.405,1.195,1.203
59,977,basic,238.214,179.907,422.916,311.127,1.291,1.414
60,103,basic,262.051,240.15,298.801,273.728,1.656,1.657
60,104,basic,138.605,61.663,152.605,69.471,2.313,2.212
60,105,basic,439.67,229.46,313.637,159.092,2.268,2.419
60,105,gifted,179.918,165.506,0.0,0.0,,
60,106,basic,450.18,295.494,332.278,220.998,1.793,1.708
60,106,gifted,115.638,106.375,0.0,0.0,,
60,107,basic,509.645,275.14,531.212,285.494,2.497,2.522
60,109,basic,149.205,106.306,153.719,109.506,2.132,2.133
60,110,basic,396.392,219.048,410.052,226.314,2.113,2.12
60,113,basic,381.889,253.333,306.881,203.067,2.312,2.316
60,113,gifted,133.013,122.358,0.0,0.0,,
60,115,basic,147.328,94.46,173.91,111.258,1.723,1.735
60,117,basic,261.887,170.043,236.432,156.138,2.344,2.254
60,117,gifted,90.16,82.938,0.0,0.0,,
60,118,basic,267.319,153.478,437.385,251.812,2.094,2.08
60,130,basic,658.101,408.585,700.748,433.683,1.732,1.747
60,201,basic,74.409,48.65,100.012,63.179,1.015,1.189
60,202,basic,166.632,85.031,178.933,87.612,1.63,1.835
60,203,basic,264.457,177.952,288.3,191.338,1.312,1.385
60,204,basic,169.857,116.763,185.049,99.483,1.429,2.84
60,208,basic,208.206,168.295,0.0,0.0,1.279,
60,209,basic,146.605,49.92,164.661,55.984,0.766,0.774
60,210,basic,193.695,78.457,0.0,0.0,1.379,
60,211,basic,70.78,43.773,103.047,61.695,1.109,1.277
60,212,gifted,205.652,189.179,0.0,0.0,,
60,215,basic,118.086,66.026,134.316,74.941,0.905,0.921
60,218,basic,156.311,94.084,175.728,105.316,0.766,0.788
60,220,basic,88.172,69.272,0.0,0.0,1.425,
60,221,basic,167.724,105.3,245.837,135.426,1.026,1.618
60,222,basic,146.987,81.989,174.212,96.592,2.134,2.182
60,225,basic,90.572,44.482,96.789,47.215,1.229,1.264
60,226,basic,254.502,152.886,304.146,181.004,1.261,1.336
60,229,basic,252.105,200.057,0.0,0.0,1.134,
60,230,basic,112.461,75.27,142.854,90.568,0.993,1.29
60,233,basic,281.5,168.774,391.223,231.516,0.834,0.903
60,234,basic,77.952,61.512,0.0,0.0,1.188,
60,235,basic,92.802,55.304,130.792,77.11,1.241,1.309
60,236,basic,49.146,42.028,68.896,59.521,1.054,1.004
60,239,basic,272.006,155.287,279.129,159.199,1.69,1.696
60,241,basic,384.434,126.217,620.344,201.126,1.899,1.969
60,242,basic,161.574,107.972,0.0,0.0,1.219,
60,243,basic,220.102,113.53,311.36,159.758,0.974,1.004
60,244,basic,37.113,34.57,58.062,54.579,1.105,1.075
60,245,basic,320.91,262.348,391.105,318.992,1.222,1.24
60,246,basic,233.368,118.549,333.679,165.21,1.149,1.284
60,247,basic,370.511,121.087,672.662,213.104,1.577,1.732
60,248,basic,141.926,88.782,0.0,0.0,0.884,
60,249,basic,28.12,20.641,32.705,24.162,0.881,0.852
60,250,basic,90.741,66.007,160.292,118.184,0.98,0.908
60,251,basic,133.676,60.663,159.427,70.199,1.375,1.532
60,252,basic,238.091,159.626,264.96,170.93,1.419,1.608
60,255,basic,86.564,56.46,125.639,80.783,0.839,0.918
60,257,basic,123.275,101.368,183.813,148.186,1.072,1.182
60,259,basic,156.265,112.655,0.0,0.0,1.307,
60,261,basic,175.522,157.528,235.12,205.744,1.048,1.178
60,262,basic,186.825,138.101,160.155,116.004,1.065,1.17
60,264,basic,81.417,34.556,0.0,0.0,0.954,
60,266,basic,108.315,81.877,139.731,106.069,0.911,0.887
60,267,basic,112.6,94.64,136.807,114.969,1.012,1.013
60,268,basic,112.187,106.577,122.659,116.526,1.08,1.094
60,269,basic,111.661,103.772,139.507,129.183,1.06,1.113
60,270,basic,153.07,103.279,159.958,107.089,1.466,1.503
60,272,basic,42.522,40.028,0.0,0.0,1.035,
60,275,basic,92.587,86.0,126.507,115.787,1.166,1.312
60,276,basic,148.492,68.546,121.366,55.733,1.144,1.171
60,277,basic,127.463,81.681,146.295,93.51,1.007,1.02
60,279,basic,99.655,42.561,126.299,53.255,0.994,1.06
60,281,basic,64.58,42.766,73.336,47.906,0.815,0.88
60,282,basic,75.002,55.762,84.883,61.662,0.88,0.993
60,286,basic,178.429,102.006,227.171,119.166,1.919,2.411
60,287,gifted,190.0,174.781,0.0,0.0,,
60,288,basic,184.429,155.987,216.256,183.966,1.344,1.35
60,289,basic,157.899,143.715,0.0,0.0,1.388,
60,291,basic,374.729,252.008,561.997,386.801,2.375,2.133
60,292,basic,564.957,331.515,799.162,455.486,1.52,1.68
60,930,basic,399.121,357.066,500.127,449.443,2.366,2.274
60,935,basic,438.524,310.368,713.867,488.542,1.88,1.92
60,939,basic,221.064,106.393,0.0,0.0,1.758,
60,949,basic,374.746,320.58,631.434,524.2,1.557,1.719
60,955,basic,44.27,42.057,0.0,0.0,2.734,
60,971,basic,0.0,0.0,588.438,255.606,,1.122
60,971,gifted,515.668,474.363,0.0,0.0,,
60,972,basic,262.361,195.764,0.0,0.0,1.873,
60,974,basic,86.612,77.991,203.197,179.926,1.228,1.252
60,977,basic,238.873,176.628,424.869,307.407,1.296,1.421
61,103,basic,271.028,233.57,308.95,266.241,1.612,1.612
61,104,basic,141.614,67.468,153.207,75.661,2.544,2.386
61,105,basic,441.368,233.823,318.734,163.628,2.305,2.457
61,105,gifted,176.704,162.459,0.0,0.0,,
61,106,basic,455.473,307.958,337.473,231.892,1.771,1.678
61,106,gifted,116.174,106.809,0.0,0.0,,
61,107,basic,512.653,278.338,533.947,288.577,2.454,2.477
61,109,basic,154.693,107.058,159.578,110.339,2.182,2.186
61,110,basic,412.715,270.054,426.76,278.886,2.118,2.124
61,113,basic,402.743,248.191,330.62,202.19,2.408,2.439
61,113,gifted,136.822,125.793,0.0,0.0,,
61,115,basic,143.475,91.481,169.528,107.817,1.709,1.721
61,117,basic,264.694,180.645,238.477,166.16,2.322,2.224
61,117,gifted,90.146,82.879,0.0,0.0,,
61,118,basic,269.434,157.532,442.421,259.621,2.143,2.126
61,130,basic,664.323,481.379,707.155,510.752,1.685,1.699
61,201,basic,75.807,48.648,101.101,62.574,0.946,1.107
61,202,basic,160.7,85.032,173.237,87.367,1.539,1.747
61,203,basic,258.746,162.186,282.883,174.422,1.332,1.41
61,204,basic,171.707,109.317,185.302,88.99,1.352,2.794
61,208,basic,201.471,160.009,0.0,0.0,1.253,
61,209,basic,151.309,73.229,171.665,82.894,0.777,0.787
61,210,basic,195.143,101.956,0.0,0.0,1.391,
61,211,basic,81.385,48.79,120.13,69.344,1.117,1.293
61,212,gifted,205.82,189.228,0.0,0.0,,
61,215,basic,121.326,81.239,138.146,92.413,0.955,0.967
61,218,basic,163.081,103.605,183.952,116.338,0.771,0.792
61,220,basic,93.706,65.53,0.0,0.0,1.455,
61,221,basic,166.738,125.396,245.562,159.996,0.99,1.564
61,222,basic,151.082,76.74,178.765,89.856,2.135,2.198
61,225,basic,85.77,46.447,91.688,49.295,1.211,1.244
61,226,basic,260.684,186.703,310.103,221.329,1.328,1.377
61,229,basic,254.024,182.851,0.0,0.0,1.14,
61,230,basic,105.745,65.914,136.37,80.068,1.004,1.295
61,233,basic,278.823,180.606,388.184,247.639,0.824,0.894
61,234,basic,76.229,53.098,0.0,0.0,1.206,
61,235,basic,91.243,60.307,129.214,84.105,1.219,1.301
61,236,basic,52.483,45.152,74.992,65.259,1.037,0.992
61,239,basic,272.85,150.154,279.703,153.834,1.66,1.663
61,241,basic,385.545,159.016,621.168,253.047,1.912,1.973
61,242,basic,152.711,99.738,0.0,0.0,1.208,
61,243,basic,216.227,123.531,306.452,174.073,0.984,1.013
61,244,basic,37.164,32.285,58.647,51.708,1.075,1.038
61,245,basic,320.304,261.327,390.623,318.608,1.237,1.246
61,246,basic,229.188,125.885,329.352,175.734,1.152,1.286
61,247,basic,373.242,159.266,676.17,278.823,1.58,1.731
61,248,basic,145.148,90.122,0.0,0.0,0.88,
61,249,basic,25.877,19.04,29.798,22.142,0.902,0.863
61,250,basic,87.627,57.865,156.675,104.874,0.967,0.903
61,251,basic,129.758,75.932,155.279,87.84,1.347,1.504
61,252,basic,231.654,157.872,257.832,168.692,1.363,1.538
61,255,basic,87.972,55.577,126.288,78.748,0.847,0.913
61,257,basic,121.137,94.607,181.411,138.619,1.067,1.175
61,259,basic,163.717,101.748,0.0,0.0,1.341,
61,261,basic,162.359,132.795,219.175,174.084,1.034,1.159
61,262,basic,187.541,133.994,159.883,111.776,1.048,1.146
61,264,basic,79.441,48.935,0.0,0.0,0.927,
61,266,basic,106.883,84.03,137.575,108.734,0.907,0.88
61,267,basic,117.609,96.505,142.94,117.25,1.012,1.013
61,268,basic,107.121,100.854,116.619,109.639,1.058,1.069
61,269,basic,107.94,94.422,134.599,116.808,0.971,1.012
61,270,basic,157.485,93.86,164.396,97.113,1.388,1.424
61,272,basic,40.472,35.115,0.0,0.0,0.983,
61,275,basic,94.661,83.724,127.867,110.023,1.094,1.23
61,276,basic,146.127,86.775,118.955,70.132,1.117,1.151
61,277,basic,121.371,74.717,139.191,85.443,1.008,1.02
61,279,basic,105.427,55.566,132.878,69.029,0.993,1.06
61,281,basic,73.734,47.095,83.15,52.477,0.793,0.842
61,282,basic,72.818,48.351,81.836,53.142,0.843,0.937
61,286,basic,181.977,113.873,230.673,132.054,1.927,2.385
61,287,gifted,190.0,174.684,0.0,0.0,,
61,288,basic,190.013,139.498,221.849,164.656,1.389,1.374
61,289,basic,157.23,114.09,0.0,0.0,1.393,
61,291,basic,379.567,244.151,566.379,377.986,2.363,2.095
61,292,basic,566.431,341.867,800.231,468.079,1.489,1.644
61,930,basic,398.834,265.823,499.854,334.318,2.249,2.179
61,935,basic,437.487,276.185,712.686,436.275,1.847,1.894
61,939,basic,223.245,125.563,0.0,0.0,1.741,
61,949,basic,378.724,262.739,634.124,424.639,1.56,1.702
61,955,basic,44.874,40.596,0.0,0.0,2.687,
61,971,basic,0.0,0.0,579.591,301.286,,1.106
61,971,gifted,515.178,473.649,0.0,0.0,,
61,972,basic,262.142,173.909,0.0,0.0,1.864,
61,974,basic,84.35,59.85,201.653,141.32,1.163,1.192
61,977,basic,234.245,149.402,417.95,260.241,1.301,1.426
62,103,basic,270.543,241.244,308.29,274.902,1.66,1.659
62,104,basic,153.928,49.085,171.233,56.739,3.029,2.832
62,105,basic,442.991,194.102,319.224,135.679,2.324,2.494
62,105,gifted,176.797,163.193,0.0,0.0,,
62,106,basic,444.092,254.118,333.669,192.971,1.806,1.735
62,106,gifted,113.607,104.865,0.0,0.0,,
62,107,basic,464.172,219.113,483.835,227.463,2.42,2.444
62,109,basic,159.835,101.573,164.929,104.751,2.223,2.226
62,110,basic,405.779,191.708,419.22,197.899,2.109,2.114
62,113,basic,389.348,224.418,320.022,182.646,2.48,2.524
62,113,gifted,131.716,121.58,0.0,0.0,,
62,115,basic,143.807,79.749,170.288,94.175,1.727,1.742
62,117,basic,282.973,165.341,255.979,152.423,2.327,2.223
62,117,gifted,90.732,83.751,0.0,0.0,,
62,118,basic,262.52,127.456,429.757,209.571,2.184,2.16
62,130,basic,653.717,352.031,696.011,373.846,1.698,1.711
62,201,basic,71.607,49.655,95.933,64.429,1.001,1.171
62,202,basic,170.497,87.976,183.468,90.522,1.726,1.962
62,203,basic,265.9,192.891,289.769,207.404,1.317,1.392
62,204,basic,182.466,135.528,189.97,111.862,1.495,2.893
62,208,basic,201.897,170.551,0.0,0.0,1.261,
62,209,basic,139.632,42.299,156.012,47.193,0.774,0.782
62,210,basic,193.88,74.943,0.0,0.0,1.416,
62,211,basic,78.904,50.93,114.86,71.85,1.118,1.289
62,212,gifted,205.757,189.924,0.0,0.0,,
62,215,basic,120.027,66.727,136.456,75.87,0.987,0.997
62,218,basic,159.118,97.712,178.974,109.471,0.769,0.791
62,220,basic,91.004,75.552,0.0,0.0,1.532,
62,221,basic,162.737,108.012,240.467,139.741,1.009,1.636
62,222,basic,151.236,88.821,179.104,104.991,2.301,2.336
62,225,basic,73.897,36.371,78.723,38.511,1.202,1.235
62,226,basic,251.589,157.025,302.713,188.028,1.33,1.388
62,229,basic,257.441,226.263,0.0,0.0,1.148,
62,230,basic,117.766,82.531,150.166,100.275,1.06,1.34
62,233,basic,281.182,172.618,391.747,237.178,0.833,0.909
62,234,basic,78.158,68.022,0.0,0.0,1.208,
62,235,basic,82.298,51.265,116.697,71.822,1.251,1.327
62,236,basic,50.982,45.846,72.517,65.807,1.083,1.029
62,239,basic,276.011,165.329,283.209,169.531,1.738,1.742
62,241,basic,384.664,118.058,619.806,188.159,1.92,1.982
62,242,basic,160.623,114.944,0.0,0.0,1.221,
62,243,basic,217.463,111.412,309.337,157.669,0.982,1.012
62,244,basic,37.97,35.569,60.086,56.686,1.191,1.123
62,245,basic,318.653,285.153,388.302,348.128,1.263,1.269
62,246,basic,230.204,117.023,330.096,163.705,1.158,1.293
62,247,basic,375.064,112.508,680.682,198.083,1.601,1.76
62,248,basic,150.726,97.345,0.0,0.0,0.902,
62,249,basic,30.855,24.289,34.902,27.718,0.906,0.863
62,250,basic,84.419,66.454,149.785,119.295,0.966,0.9
62,251,basic,135.473,60.164,161.462,69.585,1.431,1.596
62,252,basic,251.692,181.671,279.06,193.982,1.47,1.665
62,255,basic,88.204,59.705,125.974,84.396,0.875,0.936
62,257,basic,120.177,108.702,181.225,161.584,1.083,1.193
62,259,basic,156.962,124.512,0.0,0.0,1.287,
62,261,basic,169.354,157.472,228.263,208.745,1.095,1.237
62,262,basic,190.655,153.118,163.106,128.451,1.08,1.186
62,264,basic,80.937,32.699,0.0,0.0,0.946,
62,266,basic,110.736,90.968,142.416,117.509,0.918,0.892
62,267,basic,125.019,116.025,151.286,140.457,1.038,1.037
62,268,basic,106.16,100.852,115.723,109.937,1.07,1.083
62,269,basic,110.844,104.877,137.817,130.392,1.022,1.061
62,270,basic,170.366,123.515,177.305,127.671,1.548,1.581
62,272,basic,42.131,39.883,0.0,0.0,1.083,
62,275,basic,98.023,92.555,133.916,125.772,1.228,1.386
62,276,basic,149.611,67.74,122.67,55.181,1.128,1.164
62,277,basic,122.56,82.428,140.846,94.508,1.002,1.015
62,279,basic,98.448,40.074,124.998,50.291,0.988,1.051
62,281,basic,72.58,50.37,82.027,56.274,0.808,0.865
62,282,basic,77.813,62.452,87.647,68.8,0.883,0.996
62,286,basic,182.551,108.251,231.277,127.604,2.158,2.617
62,287,gifted,190.0,175.38,0.0,0.0,,
62,288,basic,186.948,163.269,219.002,195.673,1.568,1.517
62,289,basic,158.312,142.447,0.0,0.0,1.432,
62,291,basic,375.743,263.637,560.057,412.132,2.399,2.111
62,292,basic,564.394,318.726,798.96,439.947,1.504,1.652
62,930,basic,399.389,370.036,500.442,463.353,2.446,2.357
62,935,basic,437.382,315.528,712.4,507.91,1.884,1.928
62,939,basic,224.438,102.548,0.0,0.0,1.748,
62,949,basic,378.229,327.76,635.9,541.352,1.632,1.773
62,955,basic,44.658,42.425,0.0,0.0,2.853,
62,971,basic,0.0,0.0,591.822,246.51,,1.141
62,971,gifted,516.555,476.807,0.0,0.0,,
62,972,basic,263.165,200.692,0.0,0.0,1.904,
62,974,basic,89.145,82.714,211.794,192.765,1.266,1.308
62,977,basic,233.367,191.119,415.733,333.246,1.266,1.395
63,103,basic,275.4,241.47,314.003,275.263,1.589,1.589
63,104,basic,135.649,53.86,151.143,61.618,2.438,2.332
63,105,basic,439.471,209.954,311.463,144.245,2.219,2.344
63,105,gifted,180.633,166.087,0.0,0.0,,
63,106,basic,448.306,276.546,333.396,209.259,1.75,1.667
63,106,gifted,115.37,106.079,0.0,0.0,,
63,107,basic,497.329,244.109,518.536,253.221,2.442,2.464
63,109,basic,154.348,100.945,159.362,104.208,2.119,2.119
63,110,basic,400.754,205.53,414.173,212.199,2.099,2.103
63,113,basic,388.139,232.287,311.304,185.42,2.322,2.34
63,113,gifted,133.744,122.974,0.0,0.0,,
63,115,basic,141.535,84.936,167.068,99.995,1.708,1.719
63,117,basic,265.722,158.165,239.361,145.761,2.308,2.214
63,117,gifted,90.558,83.266,0.0,0.0,,
63,118,basic,274.17,145.007,447.527,237.661,2.076,2.06
63,130,basic,653.747,387.138,696.078,410.723,1.682,1.696
63,201,basic,76.492,52.231,103.538,67.624,1.01,1.179
63,202,basic,171.532,88.292,184.77,89.66,1.633,1.855
63,203,basic,266.842,184.262,291.138,197.342,1.314,1.389
63,204,basic,180.724,130.302,185.686,97.917,1.306,2.67
63,208,basic,204.113,166.625,0.0,0.0,1.244,
63,209,basic,153.244,57.025,173.318,64.34,0.768,0.777
63,210,basic,194.194,82.737,0.0,0.0,1.355,
63,211,basic,75.3,48.676,110.288,68.328,1.103,1.269
63,212,gifted,205.436,188.892,0.0,0.0,,
63,215,basic,117.304,70.954,133.651,80.43,0.896,0.917
63,218,basic,157.656,101.663,177.09,113.604,0.767,0.786
63,220,basic,92.777,74.525,0.0,0.0,1.347,
63,221,basic,159.565,109.114,235.428,138.856,0.939,1.441
63,222,basic,151.377,83.174,179.062,97.84,2.12,2.145
63,225,basic,82.608,42.469,88.388,45.037,1.209,1.243
63,226,basic,252.326,160.762,302.755,190.2,1.219,1.3
63,229,basic,251.36,207.723,0.0,0.0,1.122,
63,230,basic,116.86,81.207,148.358,96.499,1.019,1.296
63,233,basic,277.374,178.913,383.742,243.99,0.81,0.866
63,234,basic,75.69,62.071,0.0,0.0,1.155,
63,235,basic,81.781,51.879,116.214,72.42,1.167,1.249
63,236,basic,53.481,46.054,77.444,67.625,1.051,1.004
63,239,basic,270.736,157.06,277.26,160.785,1.66,1.661
63,241,basic,385.916,130.318,622.085,206.795,1.833,1.899
63,242,basic,160.244,112.107,0.0,0.0,1.195,
63,243,basic,210.136,114.962,299.351,162.657,0.975,1.005
63,244,basic,36.988,34.254,57.689,54.034,1.068,1.052
63,245,basic,318.196,269.203,387.864,328.008,1.225,1.238
63,246,basic,228.3,122.081,328.541,170.269,1.125,1.248
63,247,basic,370.027,125.925,671.471,219.957,1.543,1.684
63,248,basic,145.834,96.758,0.0,0.0,0.884,
63,249,basic,31.275,24.69,36.438,28.939,0.843,0.823
63,250,basic,87.698,67.118,155.761,121.068,0.959,0.897
63,251,basic,133.915,64.168,159.442,73.655,1.332,1.474
63,252,basic,248.813,172.708,275.632,183.02,1.371,1.532
63,255,basic,84.849,58.947,122.303,83.416,0.819,0.895
63,257,basic,123.296,105.313,183.64,153.069,1.067,1.179
63,259,basic,155.022,116.735,0.0,0.0,1.217,
63,261,basic,167.932,151.403,225.892,197.981,1.041,1.171
63,262,basic,184.488,143.308,157.786,119.541,1.054,1.149
63,264,basic,81.196,37.746,0.0,0.0,0.918,
63,266,basic,106.875,86.325,137.701,111.913,0.889,0.863
63,267,basic,121.574,107.264,147.969,130.558,1.029,1.03
63,268,basic,109.08,103.626,119.235,113.273,1.075,1.09
63,269,basic,104.296,96.848,130.641,120.881,0.993,1.041
63,270,basic,163.353,110.779,170.122,114.387,1.477,1.506
63,272,basic,40.422,37.852,0.0,0.0,1.032,
63,275,basic,96.573,89.558,131.171,119.501,1.14,1.282
63,276,basic,148.27,72.944,121.394,59.287,1.135,1.164
63,277,basic,127.402,85.586,146.028,97.785,1.007,1.019
63,279,basic,109.464,49.961,137.866,61.874,0.989,1.054
63,281,basic,64.452,45.399,72.981,50.605,0.806,0.86
63,282,basic,77.309,60.191,87.123,65.919,0.886,0.987
63,286,basic,174.565,105.071,222.698,120.943,1.734,2.166
63,287,gifted,190.0,174.699,0.0,0.0,,
63,288,basic,189.438,159.295,221.722,187.642,1.375,1.381
63,289,basic,154.425,136.429,0.0,0.0,1.331,
63,291,basic,374.542,249.285,562.311,388.015,2.177,1.967
63,292,basic,564.205,329.905,798.822,449.538,1.474,1.635
63,930,basic,399.093,341.711,500.186,431.986,2.31,2.222
63,935,basic,438.012,302.974,713.147,479.254,1.754,1.822
63,939,basic,217.253,106.579,0.0,0.0,1.633,
63,949,basic,378.512,316.261,636.613,512.772,1.508,1.662
63,955,basic,45.086,42.832,0.0,0.0,2.74,
63,971,basic,0.0,0.0,579.506,266.634,,1.111
63,971,gifted,514.973,473.503,0.0,0.0,,
63,972,basic,260.769,186.456,0.0,0.0,1.839,
63,974,basic,86.959,77.763,205.513,180.143,1.201,1.216
63,977,basic,240.743,182.196,427.515,314.759,1.3,1.423
64,103,basic,274.625,256.713,313.249,292.622,1.672,1.675
64,104,basic,127.218,53.205,145.037,61.671,2.346,2.272
64,105,basic,440.908,219.584,318.986,154.596,2.299,2.462
64,105,gifted,179.596,165.067,0.0,0.0,,
64,106,basic,467.633,305.174,352.815,233.009,1.745,1.663
64,106,gifted,117.348,107.854,0.0,0.0,,
64,107,basic,522.546,278.137,544.071,288.486,2.471,2.495
64,109,basic,140.466,103.199,144.358,106.054,2.124,2.124
64,110,basic,384.459,208.631,397.909,215.723,2.133,2.139
64,113,basic,379.977,254.532,306.913,205.459,2.303,2.3
64,113,gifted,133.116,122.347,0.0,0.0,,
64,115,basic,144.016,89.476,170.407,105.63,1.721,1.735
64,117,basic,257.368,171.705,232.498,157.452,2.335,2.244
64,117,gifted,89.57,82.324,0.0,0.0,,
64,118,basic,270.341,150.835,445.061,248.536,2.107,2.102
64,130,basic,644.595,398.274,686.684,423.064,1.718,1.734
64,201,basic,76.605,49.379,102.087,63.904,0.972,1.14
64,202,basic,175.842,85.866,188.484,88.474,1.741,1.968
64,203,basic,258.639,175.03,281.258,188.214,1.27,1.337
64,204,basic,180.88,125.609,190.226,105.725,1.457,2.904
64,208,basic,206.345,170.948,0.0,0.0,1.287,
64,209,basic,141.878,41.844,159.299,46.917,0.783,0.791
64,210,basic,193.03,72.208,0.0,0.0,1.435,
64,211,basic,76.328,45.706,110.345,64.251,1.112,1.278
64,212,gifted,205.735,189.091,0.0,0.0,,
64,215,basic,119.171,64.61,135.561,73.442,0.961,0.974
64,218,basic,153.709,88.074,171.765,98.098,0.763,0.782
64,220,basic,97.035,78.842,0.0,0.0,1.482,
64,221,basic,162.034,103.485,237.657,134.472,0.994,1.615
64,222,basic,147.826,82.055,175.883,97.185,2.295,2.346
64,225,basic,85.004,39.46,90.657,41.841,1.229,1.263
64,226,basic,251.887,152.802,302.318,182.359,1.311,1.373
64,229,basic,258.862,209.86,0.0,0.0,1.142,
64,230,basic,105.354,68.274,138.968,85.779,1.028,1.333
64,233,basic,279.404,160.966,389.124,221.371,0.831,0.906
64,234,basic,84.671,68.466,0.0,0.0,1.195,
64,235,basic,83.738,50.053,118.495,70.067,1.229,1.302
64,236,basic,52.381,46.174,75.598,67.32,1.088,1.035
64,239,basic,280.853,157.341,288.446,161.432,1.748,1.754
64,241,basic,383.514,115.43,619.106,183.85,1.895,1.979
64,242,basic,153.897,102.982,0.0,0.0,1.222,
64,243,basic,213.185,102.664,301.229,144.479,0.984,1.01
64,244,basic,38.459,35.967,60.812,57.299,1.145,1.1
64,245,basic,322.231,277.635,391.785,337.283,1.236,1.25
64,246,basic,234.677,111.983,336.437,156.973,1.19,1.325
64,247,basic,372.388,109.612,677.038,193.592,1.569,1.735
64,248,basic,142.781,86.018,0.0,0.0,0.878,
64,249,basic,31.921,23.631,36.878,27.479,0.897,0.863
64,250,basic,90.537,64.856,159.732,115.786,0.992,0.92
64,251,basic,135.909,58.622,161.836,67.931,1.436,1.599
64,252,basic,241.591,163.027,268.429,174.909,1.463,1.66
64,255,basic,88.072,55.274,125.72,78.106,0.852,0.916
64,257,basic,122.155,103.073,184.562,152.889,1.096,1.213
64,259,basic,159.921,115.748,0.0,0.0,1.302,
64,261,basic,180.818,164.788,247.498,220.29,1.14,1.297
64,262,basic,190.144,142.112,162.963,119.451,1.061,1.176
64,264,basic,80.645,32.079,0.0,0.0,0.952,
64,266,basic,106.922,82.568,137.721,106.781,0.88,0.854
64,267,basic,119.428,105.423,144.404,127.46,1.017,1.017
64,268,basic,109.603,104.123,119.78,113.791,1.064,1.079
64,269,basic,110.199,103.891,137.392,129.417,1.039,1.085
64,270,basic,154.076,101.788,160.885,105.554,1.596,1.633
64,272,basic,42.617,40.274,0.0,0.0,1.048,
64,275,basic,91.799,86.545,125.365,117.285,1.179,1.335
64,276,basic,154.374,67.518,126.152,54.87,1.13,1.163
64,277,basic,125.052,77.385,143.557,88.623,1.005,1.019
64,279,basic,105.633,41.052,132.965,51.1,0.999,1.065
64,281,basic,64.674,41.19,73.679,46.325,0.827,0.898
64,282,basic,75.562,55.226,84.841,60.79,0.876,0.986
64,286,basic,180.582,106.506,229.401,125.527,2.023,2.52
64,287,gifted,190.0,174.629,0.0,0.0,,
64,288,basic,190.89,165.975,223.406,195.94,1.41,1.404
64,289,basic,154.923,141.592,0.0,0.0,1.388,
64,291,basic,374.44,265.575,559.965,403.808,2.368,2.142
64,292,basic,563.523,320.693,797.069,442.642,1.528,1.678
64,930,basic,399.576,365.547,500.623,458.564,2.446,2.352
64,935,basic,437.167,315.129,712.345,496.658,1.881,1.919
64,939,basic,224.506,104.452,0.0,0.0,1.793,
64,949,basic,373.704,325.064,628.796,533.269,1.579,1.742
64,955,basic,44.294,42.079,0.0,0.0,2.698,
64,971,basic,0.0,0.0,586.472,233.366,,1.133
64,971,gifted,515.926,474.188,0.0,0.0,,
64,972,basic,265.405,200.417,0.0,0.0,1.916,
64,974,basic,88.562,81.242,209.411,188.808,1.223,1.256
64,977,basic,235.517,175.224,420.49,307.105,1.316,1.437
65,103,basic,268.031,226.391,305.7,258.117,1.611,1.613
65,104,basic,140.711,52.477,161.084,61.516,2.566,2.469
65,105,basic,462.833,209.192,329.229,144.13,2.251,2.399
65,105,gifted,183.91,168.546,0.0,0.0,,
65,106,basic,443.334,259.317,333.399,197.657,1.759,1.685
65,106,gifted,114.067,104.538,0.0,0.0,,
65,107,basic,526.939,243.344,549.198,252.414,2.51,2.533
65,109,basic,146.942,92.753,151.484,95.694,2.097,2.094
65,110,basic,385.556,197.386,398.995,204.026,2.102,2.107
65,113,basic,396.151,226.203,318.772,181.333,2.313,2.325
65,113,gifted,136.088,124.719,0.0,0.0,,
65,115,basic,146.621,81.882,173.269,96.493,1.718,1.731
65,117,basic,269.719,157.194,243.605,144.807,2.327,2.234
65,117,gifted,90.014,82.494,0.0,0.0,,
65,118,basic,269.58,135.109,438.947,221.074,2.099,2.077
65,130,basic,661.35,381.297,704.204,404.647,1.709,1.723
65,201,basic,78.582,54.135,105.107,69.634,1.004,1.175
65,202,basic,172.241,93.05,184.41,95.259,1.58,1.771
65,203,basic,255.486,179.588,278.855,193.055,1.303,1.373
65,204,basic,174.674,124.987,185.19,100.666,1.395,2.777
65,208,basic,205.495,169.75,0.0,0.0,1.223,
65,209,basic,152.732,59.687,172.06,67.118,0.761,0.769
65,210,basic,192.026,87.718,0.0,0.0,1.375,
65,211,basic,66.39,42.941,99.661,61.942,1.116,1.297
65,212,gifted,205.927,188.723,0.0,0.0,,
65,215,basic,115.162,73.929,131.154,83.851,0.867,0.888
65,218,basic,157.255,102.678,176.089,114.467,0.749,0.769
65,220,basic,87.594,73.571,0.0,0.0,1.249,
65,221,basic,163.401,120.211,239.149,154.745,0.937,1.434
65,222,basic,139.34,83.18,165.735,97.768,1.897,1.96
65,225,basic,78.75,42.005,84.032,44.466,1.178,1.213
65,226,basic,249.051,172.584,298.697,204.566,1.234,1.313
65,229,basic,251.41,209.359,0.0,0.0,1.132,
65,230,basic,113.703,78.632,144.039,93.802,1.019,1.307
65,233,basic,280.491,182.858,388.207,249.909,0.845,0.902
65,234,basic,78.635,64.437,0.0,0.0,1.178,
65,235,basic,87.438,58.163,123.678,81.279,1.187,1.253
65,236,basic,54.224,47.86,77.917,69.555,1.084,1.033
65,239,basic,260.004,154.952,266.854,158.817,1.643,1.649
65,241,basic,383.657,138.412,619.039,220.348,1.853,1.919
65,242,basic,153.406,108.931,0.0,0.0,1.203,
65,243,basic,219.82,122.564,312.032,172.979,0.991,1.02
65,244,basic,36.204,33.562,58.262,54.61,1.075,1.058
65,245,basic,317.835,279.565,386.524,340.123,1.228,1.241
65,246,basic,225.854,121.996,327.151,171.768,1.181,1.312
65,247,basic,368.527,133.638,669.208,234.757,1.551,1.693
65,248,basic,147.845,97.601,0.0,0.0,0.891,
65,249,basic,29.162,23.251,33.6,26.98,0.871,0.844
65,250,basic,86.163,65.2,153.759,118.06,0.962,0.895
65,251,basic,130.161,67.548,155.044,77.859,1.349,1.497
65,252,basic,247.724,178.734,274.594,190.149,1.414,1.588
65,255,basic,88.001,60.493,126.409,85.611,0.834,0.906
65,257,basic,118.555,103.379,178.176,152.311,1.082,1.193
65,259,basic,168.369,123.457,0.0,0.0,1.312,
65,261,basic,177.853,161.364,240.609,212.243,1.08,1.225
65,262,basic,189.859,149.352,162.422,124.994,1.073,1.171
65,264,basic,77.509,39.001,0.0,0.0,0.946,
65,266,basic,105.503,88.754,135.89,114.933,0.871,0.845
65,267,basic,114.079,103.278,138.285,125.209,1.019,1.02
65,268,basic,114.11,108.405,125.002,118.752,1.08,1.095
65,269,basic,105.946,98.974,132.699,123.663,1.058,1.105
65,270,basic,150.222,102.99,156.941,106.671,1.444,1.48
65,272,basic,39.761,37.139,0.0,0.0,1.078,
65,275,basic,96.825,90.505,132.161,121.96,1.178,1.32
65,276,basic,149.748,78.81,121.603,63.565,1.132,1.162
65,277,basic,125.983,84.599,144.481,96.748,1.005,1.017
65,279,basic,107.59,50.977,136.009,63.483,0.994,1.061
65,281,basic,63.926,44.445,72.697,49.77,0.813,0.876
65,282,basic,76.987,58.686,86.981,64.517,0.896,1.01
65,286,basic,176.192,115.844,223.54,134.671,1.723,2.144
65,287,gifted,190.0,174.127,0.0,0.0,,
65,288,basic,183.109,158.382,214.866,186.407,1.353,1.373
65,289,basic,155.747,127.298,0.0,0.0,1.339,
65,291,basic,373.428,257.804,561.476,404.883,2.163,1.945
65,292,basic,561.812,325.994,796.97,447.871,1.479,1.635
65,930,basic,399.124,338.45,500.185,428.432,2.294,2.205
65,935,basic,438.19,297.252,713.473,476.969,1.798,1.862
65,939,basic,215.324,109.238,0.0,0.0,1.653,
65,949,basic,376.686,299.675,632.461,485.419,1.506,1.673
65,955,basic,45.039,42.787,0.0,0.0,2.778,
65,971,basic,0.0,0.0,587.004,279.343,,1.125
65,971,gifted,515.41,472.352,0.0,0.0,,
65,972,basic,263.993,188.117,0.0,0.0,1.834,
65,974,basic,87.335,77.55,203.896,177.971,1.225,1.24
65,977,basic,232.928,175.678,417.206,306.915,1.29,1.417
66,103,basic,268.303,240.614,305.849,274.255,1.64,1.64
66,104,basic,164.133,65.059,179.209,73.491,2.813,2.615
66,105,basic,466.137,233.069,338.029,165.345,2.298,2.446
66,105,gifted,182.323,167.106,0.0,0.0,,
66,106,basic,473.692,292.758,356.989,222.581,1.849,1.776
66,106,gifted,117.327,107.535,0.0,0.0,,
66,107,basic,504.952,264.271,526.56,274.582,2.505,2.531
66,109,basic,149.552,101.661,154.199,104.804,2.21,2.211
66,110,basic,413.135,220.536,427.39,227.898,2.137,2.145
66,113,basic,392.267,246.061,319.224,198.476,2.429,2.474
66,113,gifted,134.009,122.825,0.0,0.0,,
66,115,basic,140.625,84.912,166.198,100.163,1.728,1.741
66,117,basic,264.512,167.949,238.643,153.81,2.326,2.225
66,117,gifted,89.953,82.446,0.0,0.0,,
66,118,basic,271.052,147.037,444.847,241.949,2.192,2.175
66,130,basic,655.628,387.948,698.355,412.083,1.762,1.78
66,201,basic,79.461,51.483,107.361,67.643,1.098,1.282
66,202,basic,173.307,90.065,185.684,93.151,1.713,1.94
66,203,basic,266.295,181.878,289.616,195.81,1.305,1.374
66,204,basic,182.44,127.003,190.375,107.788,1.483,2.985
66,208,basic,205.842,165.042,0.0,0.0,1.29,
66,209,basic,149.986,50.828,168.56,57.071,0.774,0.78
66,210,basic,194.971,80.55,0.0,0.0,1.421,
66,211,basic,78.685,48.816,115.265,69.613,1.105,1.285
66,212,gifted,206.027,188.832,0.0,0.0,,
66,215,basic,115.953,65.266,132.136,74.266,0.941,0.959
66,218,basic,156.434,93.51,175.244,104.401,0.759,0.781
66,220,basic,92.777,74.289,0.0,0.0,1.471,
66,221,basic,164.929,106.187,241.56,139.367,1.023,1.663
66,222,basic,140.592,82.35,166.296,97.243,2.15,2.19
66,225,basic,77.718,38.789,82.83,41.128,1.207,1.241
66,226,basic,265.825,161.06,315.961,191.303,1.426,1.461
66,229,basic,252.076,201.216,0.0,0.0,1.147,
66,230,basic,110.289,72.632,141.983,89.799,1.085,1.372
66,233,basic,277.145,165.746,385.484,228.145,0.834,0.904
66,234,basic,78.047,61.776,0.0,0.0,1.237,
66,235,basic,86.147,52.54,122.578,74.106,1.252,1.32
66,236,basic,51.001,44.427,72.327,63.508,1.065,1.014
66,239,basic,267.732,155.779,274.631,159.668,1.753,1.759
66,241,basic,383.801,130.712,619.805,208.719,1.931,2.01
66,242,basic,162.224,109.187,0.0,0.0,1.252,
66,243,basic,217.629,111.966,308.589,158.189,0.994,1.02
66,244,basic,37.286,34.803,59.22,55.759,1.147,1.099
66,245,basic,319.808,266.207,389.118,323.905,1.256,1.261
66,246,basic,245.281,124.694,349.031,173.762,1.204,1.346
66,247,basic,367.318,123.319,668.202,218.572,1.59,1.758
66,248,basic,150.212,93.157,0.0,0.0,0.904,
66,249,basic,28.449,20.834,32.815,24.214,0.92,0.875
66,250,basic,83.115,60.248,150.848,110.329,0.977,0.916
66,251,basic,131.721,61.354,157.24,71.443,1.408,1.575
66,252,basic,226.742,155.547,252.532,167.878,1.435,1.635
66,255,basic,88.854,57.326,127.506,81.438,0.859,0.931
66,257,basic,118.86,98.716,178.382,145.735,1.069,1.185
66,259,basic,163.025,118.167,0.0,0.0,1.335,
66,261,basic,169.379,153.254,229.111,202.595,1.081,1.23
66,262,basic,188.445,139.903,161.203,117.844,1.084,1.186
66,264,basic,80.278,34.715,0.0,0.0,0.941,
66,266,basic,104.591,79.416,134.419,102.419,0.93,0.905
66,267,basic,117.031,99.427,141.367,120.094,1.018,1.018
66,268,basic,110.318,104.802,120.574,114.545,1.075,1.089
66,269,basic,106.151,99.498,132.5,123.989,1.072,1.118
66,270,basic,152.031,103.608,158.645,107.47,1.522,1.559
66,272,basic,42.025,39.63,0.0,0.0,1.06,
66,275,basic,91.266,85.718,123.809,115.192,1.151,1.297
66,276,basic,158.661,74.695,127.786,59.868,1.126,1.158
66,277,basic,125.565,80.265,144.098,91.93,1.005,1.018
66,279,basic,97.221,41.681,122.903,52.171,0.993,1.059
66,281,basic,68.702,44.911,78.643,50.765,0.834,0.913
66,282,basic,75.236,55.168,84.996,61.08,0.913,1.041
66,286,basic,181.944,108.138,230.113,128.492,2.074,2.545
66,287,gifted,190.0,174.143,0.0,0.0,,
66,288,basic,189.348,161.474,221.196,190.763,1.441,1.411
66,289,basic,157.104,138.288,0.0,0.0,1.412,
66,291,basic,378.448,258.674,564.904,397.865,2.487,2.195
66,292,basic,564.052,324.799,798.14,449.929,1.551,1.701
66,930,basic,398.893,363.444,499.873,456.588,2.385,2.296
66,935,basic,437.447,308.044,712.766,490.754,1.922,1.96
66,939,basic,221.771,107.186,0.0,0.0,1.82,
66,949,basic,381.347,320.512,639.696,524.703,1.619,1.774
66,955,basic,47.39,45.021,0.0,0.0,2.76,
66,971,basic,0.0,0.0,584.133,255.11,,1.137
66,971,gifted,515.648,472.612,0.0,0.0,,
66,972,basic,262.62,194.856,0.0,0.0,1.895,
66,974,basic,86.648,79.003,206.178,185.265,1.225,1.267
66,977,basic,232.245,173.025,414.057,303.383,1.307,1.428
67,103,basic,272.881,235.543,311.14,268.532,1.635,1.635
67,104,basic,144.234,51.523,158.98,58.748,2.593,2.449
67,105,basic,463.148,205.944,335.5,144.77,2.299,2.431
67,105,gifted,179.289,164.868,0.0,0.0,,
67,106,basic,457.473,268.488,343.237,204.872,1.75,1.665
67,106,gifted,115.744,106.434,0.0,0.0,,
67,107,basic,515.184,239.526,536.815,248.303,2.465,2.489
67,109,basic,158.884,99.045,164.194,102.251,2.175,2.179
67,110,basic,399.606,194.573,412.564,200.775,2.091,2.093
67,113,basic,386.919,220.625,313.902,177.739,2.387,2.414
67,113,gifted,132.76,122.081,0.0,0.0,,
67,115,basic,150.349,85.314,177.105,100.278,1.719,1.728
67,117,basic,269.769,155.088,242.252,142.762,2.3,2.193
67,117,gifted,90.23,82.972,0.0,0.0,,
67,118,basic,275.0,134.558,452.979,222.445,2.182,2.166
67,130,basic,660.795,371.324,703.309,394.177,1.657,1.667
67,201,basic,87.635,60.491,115.946,77.004,0.994,1.151
67,202,basic,172.006,89.284,184.383,91.321,1.619,1.806
67,203,basic,253.08,180.206,276.108,193.409,1.259,1.329
67,204,basic,186.79,134.021,190.124,102.122,1.416,2.777
67,208,basic,209.45,173.032,0.0,0.0,1.222,
67,209,basic,153.216,53.446,173.701,60.46,0.772,0.781
67,210,basic,193.171,79.602,0.0,0.0,1.386,
67,211,basic,75.941,49.43,107.89,67.711,1.085,1.236
67,212,gifted,205.846,189.288,0.0,0.0,,
67,215,basic,124.24,73.894,141.725,83.752,0.89,0.917
67,218,basic,160.508,102.744,179.315,114.228,0.75,0.77
67,220,basic,91.821,73.741,0.0,0.0,1.428,
67,221,basic,165.183,113.544,240.631,143.787,0.924,1.423
67,222,basic,147.588,84.491,174.537,98.907,2.052,2.102
67,225,basic,80.701,41.19,86.134,43.639,1.184,1.214
67,226,basic,255.04,162.297,305.445,191.468,1.242,1.329
67,229,basic,256.043,216.282,0.0,0.0,1.133,
67,230,basic,112.463,78.715,144.4,94.797,1.021,1.307
67,233,basic,281.255,178.97,390.596,244.7,0.822,0.887
67,234,basic,75.339,63.672,0.0,0.0,1.131,
67,235,basic,84.344,53.177,119.189,73.931,1.191,1.27
67,236,basic,48.747,42.736,68.612,60.934,1.045,0.995
67,239,basic,272.862,160.406,280.259,164.534,1.655,1.661
67,241,basic,382.122,125.04,617.7,198.835,1.839,1.915
67,242,basic,156.95,110.539,0.0,0.0,1.206,
67,243,basic,216.616,116.18,308.989,164.631,0.986,1.016
67,244,basic,34.972,32.536,55.855,52.424,1.096,1.078
67,245,basic,321.347,278.512,391.247,338.663,1.214,1.235
67,246,basic,231.887,119.73,333.31,167.501,1.21,1.326
67,247,basic,372.144,121.602,676.206,213.353,1.547,1.686
67,248,basic,141.407,93.391,0.0,0.0,0.88,
67,249,basic,32.129,25.547,37.865,30.294,0.837,0.815
67,250,basic,85.72,66.581,153.626,120.967,0.952,0.893
67,251,basic,131.232,61.397,156.596,70.665,1.362,1.513
67,252,basic,235.365,166.751,261.771,177.491,1.379,1.549
67,255,basic,88.241,61.139,127.707,86.811,0.822,0.907
67,257,basic,121.93,106.892,181.008,155.428,1.061,1.168
67,259,basic,154.705,117.025,0.0,0.0,1.295,
67,261,basic,176.037,159.981,238.53,211.039,1.08,1.223
67,262,basic,186.86,146.832,160.676,123.211,1.072,1.172
67,264,basic,78.712,35.093,0.0,0.0,0.923,
67,266,basic,106.396,87.09,136.964,112.762,0.888,0.862
67,267,basic,122.938,110.736,149.143,134.372,1.019,1.02
67,268,basic,109.855,104.362,120.186,114.177,1.062,1.076
67,269,basic,108.019,101.149,134.796,125.971,0.998,1.045
67,270,basic,155.727,108.952,162.508,112.839,1.454,1.483
67,272,basic,42.53,40.015,0.0,0.0,1.042,
67,275,basic,101.276,94.794,135.759,125.593,1.162,1.299
67,276,basic,155.555,74.944,125.705,60.105,1.12,1.153
67,277,basic,128.57,86.624,147.326,98.97,1.01,1.022
67,279,basic,106.184,46.82,133.386,57.924,0.988,1.051
67,281,basic,72.85,51.304,82.347,57.188,0.801,0.853
67,282,basic,79.373,62.227,89.607,68.229,0.912,1.024
67,286,basic,181.183,110.778,230.094,126.823,1.753,2.218
67,287,gifted,190.0,174.717,0.0,0.0,,
67,288,basic,186.454,162.352,218.541,191.205,1.34,1.357
67,289,basic,159.476,138.411,0.0,0.0,1.382,
67,291,basic,369.75,252.267,557.011,394.602,2.152,1.952
67,292,basic,563.183,323.7,797.865,442.934,1.46,1.616
67,930,basic,399.111,352.626,500.154,444.108,2.343,2.261
67,935,basic,437.969,301.05,713.325,482.288,1.826,1.874
67,939,basic,220.627,104.351,0.0,0.0,1.673,
67,949,basic,381.334,317.873,639.072,516.247,1.551,1.701
67,955,basic,46.662,44.329,0.0,0.0,2.837,
67,971,basic,0.0,0.0,595.454,264.899,,1.132
67,971,gifted,516.7,475.139,0.0,0.0,,
67,972,basic,263.652,191.87,0.0,0.0,1.83,
67,974,basic,90.529,82.516,214.774,192.476,1.192,1.194
67,977,basic,239.341,185.668,424.651,321.059,1.297,1.418
68,103,basic,268.109,239.974,305.64,273.504,1.619,1.62
68,104,basic,129.462,51.267,142.361,57.914,2.408,2.296
68,105,basic,470.183,224.824,334.749,154.905,2.265,2.415
68,105,gifted,186.352,170.438,0.0,0.0,,
68,106,basic,466.18,289.404,347.86,219.517,1.752,1.663
68,106,gifted,117.197,107.189,0.0,0.0,,
68,107,basic,497.3,248.055,518.087,257.209,2.44,2.462
68,109,basic,158.136,104.819,163.287,108.219,2.162,2.162
68,110,basic,396.542,203.958,410.375,210.796,2.099,2.105
68,113,basic,388.042,238.714,319.32,195.576,2.332,2.347
68,113,gifted,132.562,121.242,0.0,0.0,,
68,115,basic,145.292,87.022,172.459,102.888,1.725,1.743
68,117,basic,260.041,158.456,234.753,145.79,2.305,2.217
68,117,gifted,89.987,82.302,0.0,0.0,,
68,118,basic,259.501,137.641,422.824,225.217,2.093,2.074
68,130,basic,663.071,388.104,706.177,411.666,1.696,1.713
68,201,basic,82.012,54.991,109.414,70.604,1.028,1.195
68,202,basic,169.757,87.082,182.748,89.016,1.612,1.832
68,203,basic,276.958,190.475,301.517,203.936,1.332,1.409
68,204,basic,183.104,129.171,187.597,101.567,1.42,2.74
68,208,basic,202.312,167.153,0.0,0.0,1.238,
68,209,basic,146.963,49.759,165.982,56.101,0.779,0.786
68,210,basic,191.666,77.762,0.0,0.0,1.368,
68,211,basic,78.141,49.508,114.621,69.804,1.109,1.286
68,212,gifted,205.616,188.058,0.0,0.0,,
68,215,basic,115.686,66.575,132.295,75.617,0.889,0.921
68,218,basic,157.151,97.631,176.428,109.07,0.763,0.785
68,220,basic,85.891,70.696,0.0,0.0,1.317,
68,221,basic,165.586,110.4,240.344,140.683,0.925,1.422
68,222,basic,149.538,83.069,176.247,97.707,2.151,2.172
68,225,basic,82.031,40.914,87.624,43.358,1.195,1.229
68,226,basic,260.81,160.601,310.552,189.308,1.268,1.341
68,229,basic,247.546,205.091,0.0,0.0,1.124,
68,230,basic,119.715,81.637,150.271,96.653,1.045,1.325
68,233,basic,277.535,171.524,386.236,235.193,0.832,0.898
68,234,basic,74.265,60.929,0.0,0.0,1.177,
68,235,basic,85.219,51.768,122.394,73.317,1.255,1.33
68,236,basic,50.204,43.692,71.731,63.17,1.058,1.014
68,239,basic,268.196,154.349,274.705,158.078,1.698,1.698
68,241,basic,385.857,124.097,622.344,197.459,1.868,1.934
68,242,basic,154.608,106.409,0.0,0.0,1.208,
68,243,basic,213.679,112.053,303.298,158.177,0.984,1.011
68,244,basic,36.978,34.358,59.569,55.876,1.122,1.101
68,245,basic,318.699,271.447,388.121,330.164,1.215,1.231
68,246,basic,226.765,116.483,327.762,163.425,1.147,1.283
68,247,basic,366.528,116.895,665.833,205.178,1.59,1.737
68,248,basic,146.843,94.507,0.0,0.0,0.884,
68,249,basic,31.363,24.145,36.737,28.424,0.848,0.829
68,250,basic,94.847,71.924,163.643,125.661,0.959,0.902
68,251,basic,131.868,60.258,156.614,69.194,1.375,1.526
68,252,basic,239.081,165.396,265.463,176.105,1.406,1.582
68,255,basic,85.106,57.522,122.924,81.672,0.824,0.905
68,257,basic,117.409,100.975,176.08,148.229,1.062,1.173
68,259,basic,168.994,126.143,0.0,0.0,1.279,
68,261,basic,173.802,158.081,233.877,207.313,1.065,1.198
68,262,basic,193.764,148.652,165.923,124.376,1.073,1.176
68,264,basic,79.762,34.545,0.0,0.0,0.914,
68,266,basic,105.71,84.014,136.203,108.843,0.896,0.87
68,267,basic,109.595,96.375,134.772,118.458,1.014,1.017
68,268,basic,110.277,104.763,120.667,114.633,1.055,1.068
68,269,basic,103.456,96.748,129.441,120.813,0.993,1.04
68,270,basic,161.123,111.096,168.002,114.81,1.456,1.491
68,272,basic,39.833,37.44,0.0,0.0,1.025,
68,275,basic,99.218,92.664,135.402,124.889,1.205,1.345
68,276,basic,153.668,71.97,124.628,57.946,1.134,1.168
68,277,basic,124.382,82.185,142.758,94.04,1.001,1.015
68,279,basic,105.921,45.589,133.359,56.587,0.989,1.052
68,281,basic,68.364,46.795,77.592,52.307,0.816,0.877
68,282,basic,74.491,57.615,84.396,63.514,0.875,0.988
68,286,basic,179.153,106.765,227.296,123.512,1.787,2.233
68,287,gifted,190.0,173.775,0.0,0.0,,
68,288,basic,185.86,161.088,216.861,188.885,1.345,1.359
68,289,basic,157.343,142.029,0.0,0.0,1.373,
68,291,basic,371.388,254.812,559.256,395.961,2.226,2.004
68,292,basic,562.583,326.334,797.788,447.686,1.479,1.636
68,930,basic,398.802,355.511,499.856,447.23,2.339,2.258
68,935,basic,438.205,308.133,713.408,488.114,1.824,1.879
68,939,basic,221.273,104.417,0.0,0.0,1.713,
68,949,basic,384.255,325.936,646.279,529.503,1.565,1.735
68,955,basic,45.968,43.67,0.0,0.0,2.798,
68,971,basic,0.0,0.0,593.114,258.21,,1.135
68,971,gifted,516.613,472.497,0.0,0.0,,
68,972,basic,260.583,192.468,0.0,0.0,1.857,
68,974,basic,86.776,78.269,204.963,181.142,1.248,1.27
68,977,basic,238.066,180.909,422.53,313.896,1.312,1.427
69,103,basic,269.285,252.502,307.329,287.836,1.654,1.659
69,104,basic,122.246,49.538,140.991,57.57,2.194,2.17
69,105,basic,452.744,216.54,332.101,154.109,2.272,2.437
69,105,gifted,180.706,166.346,0.0,0.0,,
69,106,basic,433.614,279.541,323.246,211.606,1.723,1.63
69,106,gifted,113.754,104.714,0.0,0.0,,
69,107,basic,528.46,266.808,550.221,276.654,2.497,2.52
69,109,basic,137.99,101.603,141.687,104.355,2.042,2.041
69,110,basic,382.508,203.06,396.332,210.056,2.119,2.128
69,113,basic,387.47,257.334,316.413,210.428,2.277,2.265
69,113,gifted,133.486,122.879,0.0,0.0,,
69,115,basic,155.516,93.875,183.584,110.585,1.731,1.742
69,117,basic,251.362,165.176,227.491,151.558,2.329,2.254
69,117,gifted,88.939,81.871,0.0,0.0,,
69,118,basic,260.791,139.624,432.845,231.673,2.125,2.127
69,130,basic,668.094,403.284,711.337,427.982,1.707,1.724
69,201,basic,84.167,54.599,112.701,70.798,1.047,1.215
69,202,basic,167.046,82.912,178.784,85.538,1.572,1.755
69,203,basic,250.295,173.019,273.846,186.742,1.289,1.363
69,204,basic,186.926,132.291,191.01,105.564,1.459,2.909
69,208,basic,206.15,177.563,0.0,0.0,1.268,
69,209,basic,147.57,41.122,166.644,46.359,0.784,0.792
69,210,basic,191.451,69.806,0.0,0.0,1.431,
69,211,basic,77.205,46.719,114.587,67.065,1.112,1.29
69,212,gifted,205.727,189.379,0.0,0.0,,
69,215,basic,120.463,65.717,137.113,74.608,0.904,0.922
69,218,basic,153.271,88.897,171.42,99.032,0.753,0.773
69,220,basic,89.204,73.717,0.0,0.0,1.469,
69,221,basic,168.143,109.715,246.824,141.199,1.021,1.628
69,222,basic,138.944,82.368,164.003,97.135,1.93,1.955
69,225,basic,89.033,40.742,95.201,43.301,1.224,1.255
69,226,basic,253.382,157.459,302.894,186.661,1.296,1.367
69,229,basic,248.124,209.649,0.0,0.0,1.146,
69,230,basic,114.59,75.821,144.675,91.005,1.021,1.305
69,233,basic,281.157,163.326,390.213,223.97,0.837,0.901
69,234,basic,77.32,64.592,0.0,0.0,1.208,
69,235,basic,81.853,49.898,116.209,69.987,1.177,1.252
69,236,basic,47.847,43.036,66.819,60.689,1.073,1.019
69,239,basic,267.838,151.908,274.942,155.729,1.678,1.685
69,241,basic,384.036,109.277,620.059,174.078,1.888,1.964
69,242,basic,155.137,105.471,0.0,0.0,1.217,
69,243,basic,210.632,101.169,299.837,143.265,0.973,1.004
69,244,basic,35.355,33.113,56.151,52.959,1.141,1.091
69,245,basic,317.768,283.137,388.022,346.078,1.246,1.255
69,246,basic,234.749,111.003,335.326,154.771,1.165,1.295
69,247,basic,368.211,102.075,669.505,179.951,1.58,1.738
69,248,basic,147.354,89.227,0.0,0.0,0.884,
69,249,basic,31.831,24.069,36.682,27.974,0.904,0.865
69,250,basic,87.852,65.103,153.672,115.223,0.971,0.906
69,251,basic,133.03,57.093,158.928,66.218,1.402,1.56
69,252,basic,241.014,170.001,267.979,181.908,1.433,1.625
69,255,basic,87.144,55.55,125.528,79.046,0.843,0.913
69,257,basic,121.221,107.831,179.584,157.197,1.078,1.184
69,259,basic,153.964,115.338,0.0,0.0,1.267,
69,261,basic,181.181,167.271,246.029,222.188,1.129,1.287
69,262,basic,183.243,141.751,156.889,119.024,1.06,1.162
69,264,basic,80.019,31.249,0.0,0.0,0.918,
69,266,basic,108.202,86.973,139.094,112.322,0.913,0.886
69,267,basic,115.096,104.93,139.182,126.945,1.028,1.027
69,268,basic,110.839,105.297,121.214,115.154,1.087,1.105
69,269,basic,105.192,99.309,131.35,123.976,1.059,1.104
69,270,basic,153.203,107.008,160.016,110.976,1.408,1.442
69,272,basic,42.288,39.988,0.0,0.0,1.061,
69,275,basic,97.313,91.953,132.076,124.137,1.195,1.352
69,276,basic,150.845,65.425,123.041,53.002,1.111,1.148
69,277,basic,123.568,77.895,141.569,89.037,1.006,1.018
69,279,basic,105.052,39.719,132.747,49.539,1.002,1.071
69,281,basic,62.31,40.186,71.389,45.325,0.841,0.918
69,282,basic,74.217,55.711,83.735,61.421,0.899,1.013
69,286,basic,183.503,109.334,232.225,128.081,2.041,2.506
69,287,gifted,190.0,174.902,0.0,0.0,,
69,288,basic,181.175,159.186,212.704,189.94,1.473,1.446
69,289,basic,155.34,143.678,0.0,0.0,1.419,
69,291,basic,377.309,274.327,566.842,423.556,2.355,2.119
69,292,basic,564.525,321.285,799.326,442.04,1.486,1.645
69,930,basic,398.807,369.513,499.831,463.315,2.37,2.279
69,935,basic,438.467,324.005,713.835,510.634,1.85,1.899
69,939,basic,219.454,100.066,0.0,0.0,1.756,
69,949,basic,378.458,332.7,638.868,546.927,1.572,1.736
69,955,basic,46.726,44.39,0.0,0.0,2.729,
69,971,basic,0.0,0.0,592.589,229.787,,1.136
69,971,gifted,516.45,475.41,0.0,0.0,,
69,972,basic,260.079,204.68,0.0,0.0,1.839,
69,974,basic,85.486,78.788,202.106,182.735,1.253,1.283
69,977,basic,233.317,178.663,417.317,313.17,1.306,1.426
70,103,basic,265.393,227.601,302.542,259.44,1.636,1.636
70,104,basic,150.6,63.382,165.433,72.191,2.719,2.548
70,105,basic,462.563,237.372,329.547,164.597,2.295,2.435
70,105,gifted,182.484,167.122,0.0,0.0,,
70,106,basic,460.484,291.634,344.977,221.12,1.804,1.727
70,106,gifted,116.061,106.29,0.0,0.0,,
70,107,basic,504.958,266.085,526.322,276.107,2.469,2.493
70,109,basic,152.297,101.111,157.006,104.261,2.165,2.163
70,110,basic,411.116,228.883,425.383,236.548,2.166,2.172
70,113,basic,396.958,243.463,319.084,194.1,2.386,2.418
70,113,gifted,136.325,124.848,0.0,0.0,,
70,115,basic,149.362,92.648,176.07,108.994,1.718,1.728
70,117,basic,250.511,156.959,225.198,143.937,2.319,2.216
70,117,gifted,89.38,81.856,0.0,0.0,,
70,118,basic,273.072,152.472,445.262,249.73,2.133,2.11
70,130,basic,653.903,408.981,696.335,434.028,1.701,1.718
70,201,basic,78.9,52.369,105.792,67.868,1.043,1.212
70,202,basic,168.932,90.461,181.473,93.044,1.636,1.845
70,203,basic,258.559,173.719,282.56,187.03,1.333,1.41
70,204,basic,170.687,115.129,186.96,97.723,1.469,2.907
70,208,basic,209.03,165.054,0.0,0.0,1.264,
70,209,basic,149.088,62.09,167.528,69.648,0.769,0.778
70,210,basic,193.946,90.165,0.0,0.0,1.401,
70,211,basic,77.385,49.178,115.66,70.912,1.112,1.295
70,212,gifted,206.034,188.689,0.0,0.0,,
70,215,basic,122.709,74.923,139.759,85.072,0.914,0.934
70,218,basic,156.5,99.973,174.987,111.326,0.763,0.783
70,220,basic,97.093,71.391,0.0,0.0,1.576,
70,221,basic,164.089,110.051,242.485,141.26,1.028,1.649
70,222,basic,149.211,83.468,177.08,97.882,2.088,2.167
70,225,basic,80.494,43.252,85.824,45.82,1.189,1.221
70,226,basic,264.657,168.625,314.093,199.206,1.327,1.381
70,229,basic,257.361,199.733,0.0,0.0,1.135,
70,230,basic,108.325,72.727,140.873,89.498,1.031,1.328
70,233,basic,276.561,176.825,385.163,242.849,0.818,0.889
70,234,basic,73.146,55.803,0.0,0.0,1.21,
70,235,basic,84.907,53.607,120.972,75.261,1.221,1.306
70,236,basic,53.296,45.647,75.767,65.472,1.017,0.976
70,239,basic,278.159,162.442,285.188,166.453,1.677,1.681
70,241,basic,384.2,147.288,619.841,234.367,1.877,1.951
70,242,basic,159.907,108.774,0.0,0.0,1.197,
70,243,basic,215.046,120.267,305.998,170.28,1.003,1.031
70,244,basic,38.64,35.596,60.367,56.338,1.073,1.049
70,245,basic,321.245,259.826,391.18,316.03,1.232,1.245
70,246,basic,234.061,127.276,335.495,177.656,1.192,1.327
70,247,basic,371.595,144.631,675.195,254.725,1.541,1.691
70,248,basic,145.684,94.264,0.0,0.0,0.894,
70,249,basic,31.521,23.474,36.43,27.36,0.881,0.844
70,250,basic,82.009,59.526,149.688,110.035,0.959,0.893
70,251,basic,125.298,64.234,150.448,74.714,1.38,1.542
70,252,basic,234.491,160.485,261.105,171.757,1.399,1.587
70,255,basic,87.149,58.285,126.03,83.082,0.846,0.924
70,257,basic,123.146,99.556,183.245,145.261,1.084,1.191
70,259,basic,167.6,116.503,0.0,0.0,1.376,
70,261,basic,171.856,150.576,231.637,197.737,1.042,1.164
70,262,basic,185.878,137.077,159.64,115.444,1.089,1.187
70,264,basic,79.873,40.387,0.0,0.0,0.918,
70,266,basic,104.341,80.642,133.867,103.982,0.898,0.871
70,267,basic,114.392,94.681,139.701,115.597,1.018,1.019
70,268,basic,108.51,103.084,118.625,112.693,1.065,1.08
70,269,basic,105.067,96.124,130.981,119.286,1.005,1.04
70,270,basic,145.709,97.039,152.279,100.613,1.436,1.472
70,272,basic,40.428,37.703,0.0,0.0,1.015,
70,275,basic,91.838,83.849,125.971,112.601,1.156,1.304
70,276,basic,155.606,81.847,125.561,65.708,1.126,1.152
70,277,basic,117.236,77.139,134.761,88.436,0.994,1.007
70,279,basic,101.055,49.451,127.666,61.695,0.984,1.047
70,281,basic,69.294,46.976,78.578,52.577,0.813,0.873
70,282,basic,74.909,55.074,84.859,60.827,0.878,0.997
70,286,basic,178.566,101.603,226.962,119.569,2.112,2.565
70,287,gifted,190.0,174.005,0.0,0.0,,
70,288,basic,184.948,150.732,214.327,176.802,1.345,1.319
70,289,basic,156.937,131.231,0.0,0.0,1.367,
70,291,basic,380.664,244.018,568.388,378.651,2.417,2.145
70,292,basic,564.721,336.824,799.474,463.56,1.511,1.664
70,930,basic,398.901,329.897,499.941,417.712,2.297,2.214
70,935,basic,437.992,294.671,713.357,468.943,1.885,1.926
70,939,basic,222.433,113.789,0.0,0.0,1.788,
70,949,basic,378.784,301.471,633.238,487.759,1.537,1.69
70,955,basic,45.315,43.049,0.0,0.0,2.736,
70,971,basic,0.0,0.0,591.627,289.761,,1.128
70,971,gifted,516.142,472.691,0.0,0.0,,
70,972,basic,260.655,183.617,0.0,0.0,1.877,
70,974,basic,85.444,73.758,202.902,173.068,1.177,1.202
70,977,basic,228.498,164.989,409.99,289.361,1.275,1.402
71,103,basic,271.635,244.463,309.758,278.644,1.639,1.641
71,104,basic,122.461,50.741,137.505,58.061,2.353,2.271
71,105,basic,443.386,213.254,316.45,147.772,2.293,2.455
71,105,gifted,180.629,165.567,0.0,0.0,,
71,106,basic,462.047,289.957,345.53,219.633,1.75,1.666
71,106,gifted,117.354,107.568,0.0,0.0,,
71,107,basic,505.291,256.369,526.327,265.925,2.464,2.488
71,109,basic,148.163,103.162,152.558,106.31,2.08,2.075
71,110,basic,396.744,215.613,410.909,222.997,2.123,2.131
71,113,basic,393.987,245.55,318.951,198.292,2.333,2.34
71,113,gifted,136.338,124.969,0.0,0.0,,
71,115,basic,142.679,84.891,168.959,100.253,1.716,1.731
71,117,basic,258.746,165.352,233.447,151.628,2.328,2.238
71,117,gifted,89.95,82.449,0.0,0.0,,
71,118,basic,269.285,145.248,439.374,237.756,2.089,2.072
71,130,basic,668.599,408.459,711.997,433.396,1.736,1.754
71,201,basic,73.928,47.988,99.824,62.645,1.062,1.241
71,202,basic,164.297,84.993,176.641,87.75,1.607,1.814
71,203,basic,269.188,181.97,293.496,195.637,1.331,1.408
71,204,basic,173.587,122.37,182.702,102.113,1.359,2.719
71,208,basic,201.316,166.602,0.0,0.0,1.252,
71,209,basic,146.361,50.372,165.978,57.024,0.788,0.797
71,210,basic,194.123,81.354,0.0,0.0,1.421,
71,211,basic,73.091,44.772,107.941,63.939,1.132,1.313
71,212,gifted,205.91,188.74,0.0,0.0,,
71,215,basic,119.081,70.639,135.597,80.294,0.93,0.947
71,218,basic,159.429,96.542,178.72,107.842,0.765,0.784
71,220,basic,92.452,74.715,0.0,0.0,1.429,
71,221,basic,160.578,110.284,236.51,142.986,0.999,1.593
71,222,basic,142.893,79.455,170.118,94.181,2.209,2.258
71,225,basic,86.063,42.776,91.824,45.349,1.207,1.241
71,226,basic,252.024,164.666,301.975,196.528,1.305,1.358
71,229,basic,251.04,202.567,0.0,0.0,1.152,
71,230,basic,109.502,71.902,140.482,87.715,1.038,1.325
71,233,basic,282.286,172.441,391.898,236.543,0.831,0.896
71,234,basic,74.625,59.54,0.0,0.0,1.206,
71,235,basic,81.871,51.644,117.596,73.214,1.229,1.31
71,236,basic,52.485,46.555,75.104,67.287,1.064,1.016
71,239,basic,278.816,159.617,286.042,163.65,1.707,1.711
71,241,basic,382.716,127.826,616.723,203.862,1.902,1.96
71,242,basic,155.679,105.894,0.0,0.0,1.238,
71,243,basic,214.67,111.003,305.12,156.978,0.986,1.016
71,244,basic,35.053,32.445,55.782,52.342,1.169,1.1
71,245,basic,323.134,280.708,391.42,340.403,1.26,1.264
71,246,basic,234.713,120.074,332.578,166.023,1.141,1.272
71,247,basic,371.37,122.443,673.315,215.404,1.611,1.767
71,248,basic,149.408,92.77,0.0,0.0,0.903,
71,249,basic,30.091,22.833,34.483,26.401,0.908,0.866
71,250,basic,90.78,65.601,159.584,116.774,0.969,0.899
71,251,basic,130.165,62.527,155.617,72.583,1.407,1.567
71,252,basic,241.548,167.893,268.405,179.688,1.443,1.634
71,255,basic,90.551,58.247,129.593,82.416,0.872,0.939
71,257,basic,121.908,104.256,181.184,152.114,1.066,1.173
71,259,basic,161.282,114.283,0.0,0.0,1.352,
71,261,basic,176.9,160.631,239.477,212.272,1.097,1.238
71,262,basic,187.418,142.204,160.091,119.143,1.066,1.169
71,264,basic,83.29,38.34,0.0,0.0,0.928,
71,266,basic,106.993,85.525,137.841,110.684,0.894,0.868
71,267,basic,116.159,103.241,141.426,125.689,1.028,1.029
71,268,basic,107.748,102.361,117.376,111.507,1.065,1.077
71,269,basic,109.989,103.146,136.937,128.195,1.01,1.054
71,270,basic,150.134,100.176,156.986,103.89,1.465,1.505
71,272,basic,40.781,38.344,0.0,0.0,1.06,
71,275,basic,97.44,91.376,131.894,122.421,1.161,1.306
71,276,basic,155.03,75.748,125.294,60.755,1.111,1.152
71,277,basic,124.885,79.205,143.189,90.59,1.012,1.025
71,279,basic,103.253,44.568,130.272,55.531,1.003,1.071
71,281,basic,64.291,42.142,72.733,47.089,0.811,0.872
71,282,basic,75.535,55.257,84.916,60.84,0.872,0.976
71,286,basic,175.535,109.048,223.575,128.297,1.927,2.402
71,287,gifted,190.0,174.157,0.0,0.0,,
71,288,basic,186.64,159.528,217.425,187.807,1.4,1.385
71,289,basic,155.861,133.987,0.0,0.0,1.362,
71,291,basic,375.553,259.833,562.841,401.722,2.347,2.104
71,292,basic,565.516,325.683,799.514,448.092,1.499,1.655
71,930,basic,399.423,352.653,500.433,444.278,2.351,2.26
71,935,basic,437.029,302.562,712.216,480.695,1.863,1.916
71,939,basic,222.58,109.682,0.0,0.0,1.731,
71,949,basic,379.896,312.571,638.708,509.975,1.567,1.724
71,955,basic,45.043,42.791,0.0,0.0,2.83,
71,971,basic,0.0,0.0,577.735,253.164,,1.12
71,971,gifted,514.99,472.048,0.0,0.0,,
71,972,basic,261.431,190.925,0.0,0.0,1.88,
71,974,basic,88.552,78.944,209.14,183.412,1.242,1.275
71,977,basic,235.333,172.404,418.87,301.017,1.315,1.432
72,103,basic,270.417,244.184,308.312,278.354,1.667,1.668
72,104,basic,139.422,49.102,150.241,55.044,2.823,2.609
72,105,basic,471.996,216.083,333.802,149.067,2.295,2.445
72,105,gifted,185.311,169.131,0.0,0.0,,
72,106,basic,476.628,279.075,357.107,210.399,1.875,1.819
72,106,gifted,118.103,107.791,0.0,0.0,,
72,107,basic,504.08,243.947,525.597,253.356,2.505,2.53
72,109,basic,147.376,98.774,152.16,102.03,2.141,2.138
72,110,basic,402.313,202.167,416.224,208.964,2.121,2.127
72,113,basic,403.794,245.751,326.792,197.646,2.367,2.391
72,113,gifted,137.108,125.137,0.0,0.0,,
72,115,basic,157.406,89.385,185.884,105.323,1.732,1.745
72,117,basic,245.72,151.243,220.174,137.896,2.31,2.204
72,117,gifted,89.141,81.357,0.0,0.0,,
72,118,basic,265.552,135.416,430.013,220.488,2.122,2.09
72,130,basic,670.148,379.632,713.625,402.948,1.721,1.739
72,201,basic,86.073,56.679,115.894,73.915,1.067,1.255
72,202,basic,170.438,87.698,182.387,90.658,1.636,1.833
72,203,basic,262.892,182.938,286.766,197.192,1.332,1.406
72,204,basic,181.198,130.932,189.427,108.856,1.424,2.924
72,208,basic,210.055,175.502,0.0,0.0,1.244,
72,209,basic,147.526,44.965,168.132,51.154,0.786,0.797
72,210,basic,193.307,75.91,0.0,0.0,1.388,
72,211,basic,71.087,44.207,104.302,62.978,1.1,1.276
72,212,gifted,206.033,188.043,0.0,0.0,,
72,215,basic,120.844,68.758,137.617,78.044,0.88,0.903
72,218,basic,158.877,94.356,178.09,105.387,0.767,0.788
72,220,basic,87.206,73.77,0.0,0.0,1.404,
72,221,basic,158.678,106.609,232.748,140.03,0.96,1.528
72,222,basic,141.452,86.291,167.852,101.685,1.962,2.023
72,225,basic,70.866,34.201,75.477,36.214,1.204,1.239
72,226,basic,259.816,163.782,309.187,193.691,1.334,1.398
72,229,basic,251.469,211.511,0.0,0.0,1.148,
72,230,basic,119.774,80.431,149.133,95.708,1.032,1.319
72,233,basic,278.356,166.263,386.347,228.311,0.83,0.895
72,234,basic,78.714,65.936,0.0,0.0,1.19,
72,235,basic,84.931,53.267,119.925,74.362,1.165,1.242
72,236,basic,49.587,44.592,69.348,62.927,1.073,1.021
72,239,basic,272.814,158.975,280.172,163.072,1.726,1.733
72,241,basic,385.71,119.979,622.871,191.404,1.916,1.994
72,242,basic,157.065,108.88,0.0,0.0,1.206,
72,243,basic,216.227,108.001,306.983,152.698,0.994,1.021
72,244,basic,38.049,35.65,60.022,56.601,1.149,1.098
72,245,basic,322.842,286.471,391.052,347.248,1.25,1.26
72,246,basic,233.883,115.274,336.146,161.943,1.201,1.34
72,247,basic,367.13,111.454,666.982,196.9,1.603,1.765
72,248,basic,148.203,91.911,0.0,0.0,0.897,
72,249,basic,32.714,25.155,38.102,29.471,0.858,0.827
72,250,basic,85.36,63.614,151.16,113.952,0.974,0.904
72,251,basic,131.574,59.626,156.307,68.983,1.391,1.55
72,252,basic,233.64,165.468,259.849,177.823,1.454,1.649
72,255,basic,88.643,57.572,127.308,81.726,0.853,0.927
72,257,basic,124.849,109.767,185.208,160.287,1.092,1.2
72,259,basic,164.595,123.464,0.0,0.0,1.309,
72,261,basic,174.359,161.525,234.285,212.543,1.084,1.236
72,262,basic,186.844,144.387,160.53,121.862,1.085,1.191
72,264,basic,77.942,32.268,0.0,0.0,0.931,
72,266,basic,103.791,83.22,133.99,107.807,0.905,0.882
72,267,basic,127.228,115.467,154.012,139.795,1.019,1.019
72,268,basic,111.228,105.667,121.704,115.618,1.068,1.082
72,269,basic,102.888,97.171,129.096,121.877,1.023,1.077
72,270,basic,151.582,105.343,158.3,109.367,1.524,1.557
72,272,basic,40.229,37.983,0.0,0.0,1.126,
72,275,basic,91.383,86.425,125.64,118.268,1.224,1.373
72,276,basic,148.93,67.822,121.009,54.805,1.122,1.155
72,277,basic,130.19,83.463,148.955,95.29,1.022,1.035
72,279,basic,103.05,41.482,129.94,51.682,1.008,1.079
72,281,basic,69.396,45.742,79.188,51.524,0.826,0.898
72,282,basic,74.205,56.158,83.545,61.917,0.884,1.002
72,286,basic,179.835,113.914,227.403,134.303,1.861,2.316
72,287,gifted,190.0,173.41,0.0,0.0,,
72,288,basic,184.321,165.376,215.238,194.241,1.362,1.375
72,289,basic,154.558,137.918,0.0,0.0,1.403,
72,291,basic,372.251,268.125,561.179,416.832,2.308,2.069
72,292,basic,566.451,316.378,800.889,436.373,1.553,1.712
72,930,basic,399.189,370.565,500.251,464.78,2.378,2.282
72,935,basic,437.998,312.214,713.329,499.544,1.892,1.934
72,939,basic,221.611,103.488,0.0,0.0,1.746,
72,949,basic,377.975,324.492,636.44,532.406,1.574,1.739
72,955,basic,47.048,44.696,0.0,0.0,2.738,
72,971,basic,0.0,0.0,583.365,240.763,,1.135
72,971,gifted,515.657,470.632,0.0,0.0,,
72,972,basic,259.511,197.917,0.0,0.0,1.847,
72,974,basic,87.675,81.109,207.374,188.632,1.218,1.249
72,977,basic,238.745,183.565,424.331,320.261,1.327,1.45
73,103,basic,280.971,245.949,320.373,280.409,1.62,1.62
73,104,basic,137.08,48.866,150.367,55.179,2.533,2.407
73,105,basic,471.384,203.957,333.233,139.73,2.332,2.481
73,105,gifted,183.681,167.867,0.0,0.0,,
73,106,basic,473.985,275.621,356.652,210.178,1.765,1.687
73,106,gifted,118.189,108.013,0.0,0.0,,
73,107,basic,503.951,230.285,525.327,238.913,2.486,2.509
73,109,basic,149.866,96.067,154.958,99.399,2.12,2.117
73,110,basic,405.975,203.039,419.955,209.804,2.095,2.101
73,113,basic,396.505,224.727,320.436,180.181,2.405,2.435
73,113,gifted,136.512,124.759,0.0,0.0,,
73,115,basic,155.57,85.578,183.705,100.785,1.736,1.749
73,117,basic,256.787,151.708,230.101,139.126,2.309,2.2
73,117,gifted,89.464,81.761,0.0,0.0,,
73,118,basic,265.08,129.393,428.374,210.789,2.14,2.103
73,130,basic,661.491,376.249,704.175,399.362,1.698,1.71
73,201,basic,79.125,53.002,106.466,68.686,1.06,1.229
73,202,basic,174.743,89.98,187.135,92.078,1.632,1.83
73,203,basic,263.589,185.981,287.27,199.725,1.274,1.342
73,204,basic,173.763,125.051,186.488,101.651,1.396,2.812
73,208,basic,204.601,172.015,0.0,0.0,1.24,
73,209,basic,150.346,51.139,168.838,57.327,0.77,0.778
73,210,basic,194.382,80.954,0.0,0.0,1.404,
73,211,basic,80.979,51.214,119.001,72.471,1.11,1.283
73,212,gifted,205.671,187.963,0.0,0.0,,
73,215,basic,119.15,72.142,135.504,81.862,0.914,0.929
73,218,basic,155.645,97.367,174.453,108.674,0.761,0.78
73,220,basic,93.967,76.13,0.0,0.0,1.463,
73,221,basic,169.6,120.806,247.888,153.493,0.973,1.526
73,222,basic,145.728,83.334,173.073,98.633,2.083,2.114
73,225,basic,84.435,42.263,90.243,44.87,1.204,1.234
73,226,basic,263.865,173.656,313.502,205.987,1.361,1.402
73,229,basic,254.208,215.468,0.0,0.0,1.134,
73,230,basic,106.668,73.389,137.074,88.648,0.981,1.278
73,233,basic,281.061,176.635,389.245,241.428,0.835,0.895
73,234,basic,79.122,65.809,0.0,0.0,1.202,
73,235,basic,81.011,53.167,114.589,74.055,1.136,1.216
73,236,basic,53.556,47.912,77.344,69.905,1.075,1.024
73,239,basic,283.918,164.404,291.307,168.445,1.698,1.704
73,241,basic,383.237,124.502,617.941,198.22,1.859,1.92
73,242,basic,156.5,110.091,0.0,0.0,1.211,
73,243,basic,216.398,113.572,309.019,161.19,0.997,1.028
73,244,basic,39.936,37.019,63.33,59.481,1.165,1.104
73,245,basic,319.642,284.783,389.013,347.326,1.234,1.244
73,246,basic,242.624,124.089,344.887,171.616,1.182,1.309
73,247,basic,371.564,120.056,674.759,210.73,1.551,1.699
73,248,basic,149.456,95.913,0.0,0.0,0.884,
73,249,basic,32.697,25.795,36.838,29.388,0.903,0.859
73,250,basic,83.33,63.195,149.0,114.494,0.947,0.885
73,251,basic,129.32,62.688,154.805,72.588,1.355,1.507
73,252,basic,237.076,171.293,263.741,182.661,1.411,1.592
73,255,basic,88.166,58.924,125.173,82.806,0.853,0.904
73,257,basic,121.698,108.323,180.247,157.727,1.075,1.177
73,259,basic,163.812,120.742,0.0,0.0,1.33,
73,261,basic,177.438,162.719,240.252,215.78,1.097,1.229
73,262,basic,188.539,149.019,161.463,124.765,1.071,1.173
73,264,basic,78.181,35.927,0.0,0.0,0.933,
73,266,basic,100.602,84.504,129.129,109.072,0.89,0.863
73,267,basic,119.269,110.121,143.751,132.789,1.024,1.023
73,268,basic,109.772,104.283,119.905,113.909,1.071,1.084
73,269,basic,105.683,99.408,131.719,123.774,1.034,1.072
73,270,basic,154.477,105.67,161.32,109.434,1.478,1.512
73,272,basic,41.676,39.183,0.0,0.0,1.072,
73,275,basic,91.599,86.147,127.176,118.467,1.213,1.375
73,276,basic,149.736,73.365,122.154,59.422,1.126,1.16
73,277,basic,119.498,78.335,137.361,89.785,1.016,1.029
73,279,basic,115.406,50.034,144.356,61.769,0.986,1.045
73,281,basic,74.386,50.764,83.785,56.498,0.798,0.847
73,282,basic,72.965,56.09,82.11,61.607,0.857,0.959
73,286,basic,183.97,113.387,231.952,132.036,1.992,2.407
73,287,gifted,190.0,173.641,0.0,0.0,,
73,288,basic,195.271,169.309,227.309,200.349,1.428,1.4
73,289,basic,156.633,132.184,0.0,0.0,1.384,
73,291,basic,376.396,257.516,562.587,405.552,2.325,2.053
73,292,basic,564.857,319.645,798.215,437.788,1.479,1.633
73,930,basic,399.411,351.623,500.479,443.742,2.371,2.275
73,935,basic,437.148,301.792,712.091,483.695,1.805,1.862
73,939,basic,217.086,103.948,0.0,0.0,1.699,
73,949,basic,384.998,313.118,643.578,508.608,1.577,1.72
73,955,basic,46.999,44.649,0.0,0.0,2.86,
73,971,basic,0.0,0.0,587.333,257.344,,1.121
73,971,gifted,515.917,471.497,0.0,0.0,,
73,972,basic,264.903,192.651,0.0,0.0,1.863,
73,974,basic,87.713,79.295,208.003,184.118,1.234,1.264
73,977,basic,235.323,179.572,418.615,312.127,1.295,1.414
74,103,basic,277.04,224.799,316.033,256.281,1.61,1.613
74,104,basic,137.502,58.676,157.953,68.143,2.267,2.225
74,105,basic,452.252,214.212,330.978,152.447,2.295,2.457
74,105,gifted,180.01,165.286,0.0,0.0,,
74,106,basic,449.867,267.952,338.79,204.641,1.715,1.625
74,106,gifted,115.819,106.345,0.0,0.0,,
74,107,basic,532.874,260.625,554.918,270.343,2.52,2.544
74,109,basic,150.866,95.666,155.147,98.343,2.102,2.104
74,110,basic,396.503,206.378,410.524,213.447,2.112,2.118
74,113,basic,379.925,220.493,305.169,176.877,2.319,2.32
74,113,gifted,134.475,123.476,0.0,0.0,,
74,115,basic,145.809,83.069,172.234,97.92,1.729,1.741
74,117,basic,264.34,154.976,237.413,141.877,2.356,2.246
74,117,gifted,90.24,82.858,0.0,0.0,,
74,118,basic,263.612,136.442,436.703,226.195,2.138,2.134
74,130,basic,668.093,390.285,710.734,414.322,1.683,1.694
74,201,basic,77.241,52.369,103.496,67.992,1.041,1.215
74,202,basic,166.969,92.787,179.023,95.841,1.626,1.827
74,203,basic,273.892,189.446,298.485,203.714,1.336,1.413
74,204,basic,173.062,121.47,187.182,104.435,1.472,2.904
74,208,basic,204.212,160.122,0.0,0.0,1.242,
74,209,basic,143.626,59.778,161.759,67.228,0.769,0.777
74,210,basic,191.461,90.446,0.0,0.0,1.42,
74,211,basic,76.54,49.674,111.039,69.943,1.109,1.278
74,212,gifted,205.629,188.81,0.0,0.0,,
74,215,basic,113.163,71.43,128.927,81.21,0.933,0.952
74,218,basic,161.939,104.521,181.808,116.896,0.771,0.793
74,220,basic,93.192,73.41,0.0,0.0,1.465,
74,221,basic,165.392,114.554,244.105,148.782,1.043,1.678
74,222,basic,151.759,89.84,179.398,105.425,2.058,2.121
74,225,basic,88.878,48.612,94.798,51.544,1.203,1.236
74,226,basic,251.356,168.349,300.976,200.081,1.292,1.361
74,229,basic,254.212,203.621,0.0,0.0,1.136,
74,230,basic,109.04,74.898,140.671,91.866,1.013,1.315
74,233,basic,284.571,184.295,394.683,252.711,0.844,0.909
74,234,basic,74.026,58.546,0.0,0.0,1.218,
74,235,basic,79.606,51.909,114.21,73.734,1.254,1.322
74,236,basic,53.874,47.094,76.925,67.89,1.048,1.001
74,239,basic,253.172,153.05,259.454,156.761,1.689,1.692
74,241,basic,387.554,151.484,624.85,241.453,1.913,1.982
74,242,basic,160.647,112.661,0.0,0.0,1.223,
74,243,basic,218.368,123.661,310.059,174.779,0.992,1.02
74,244,basic,38.544,35.812,60.545,56.814,1.092,1.06
74,245,basic,319.342,270.824,389.414,329.628,1.223,1.24
74,246,basic,228.75,126.891,330.519,179.089,1.196,1.331
74,247,basic,370.907,145.271,673.349,256.194,1.599,1.757
74,248,basic,145.621,96.201,0.0,0.0,0.887,
74,249,basic,33.414,25.909,38.569,30.093,0.864,0.833
74,250,basic,83.994,62.046,151.744,113.442,0.97,0.901
74,251,basic,130.707,68.789,156.136,79.924,1.385,1.543
74,252,basic,238.366,166.581,265.128,178.754,1.448,1.641
74,255,basic,86.621,59.016,125.088,84.169,0.835,0.91
74,257,basic,123.814,103.32,183.258,150.195,1.064,1.173
74,259,basic,166.095,120.48,0.0,0.0,1.305,
74,261,basic,182.221,162.619,245.95,213.815,1.077,1.219
74,262,basic,190.49,145.06,162.827,121.741,1.08,1.183
74,264,basic,80.61,41.275,0.0,0.0,0.969,
74,266,basic,106.833,84.516,137.403,109.14,0.922,0.897
74,267,basic,117.054,101.615,142.503,123.687,1.021,1.022
74,268,basic,109.198,103.738,119.103,113.148,1.069,1.083
74,269,basic,104.449,96.744,130.812,120.696,1.075,1.123
74,270,basic,159.193,109.604,166.119,113.512,1.426,1.465
74,272,basic,40.754,38.198,0.0,0.0,1.046,
74,275,basic,95.957,88.947,129.704,118.367,1.132,1.278
74,276,basic,146.839,78.816,120.293,64.162,1.121,1.156
74,277,basic,126.598,84.353,145.051,96.441,1.007,1.019
74,279,basic,103.534,50.953,130.903,63.673,0.999,1.065
74,281,basic,67.052,46.072,76.414,51.802,0.824,0.894
74,282,basic,74.044,55.241,83.623,61.003,0.892,1.011
74,286,basic,180.257,112.074,228.731,131.669,1.98,2.465
74,287,gifted,190.0,174.459,0.0,0.0,,
74,288,basic,187.891,158.101,219.101,185.715,1.354,1.346
74,289,basic,159.097,125.839,0.0,0.0,1.366,
74,291,basic,373.626,245.643,560.558,384.13,2.302,2.058
74,292,basic,562.401,332.026,796.639,457.904,1.464,1.625
74,930,basic,398.555,336.198,499.591,425.897,2.286,2.198
74,935,basic,438.309,291.818,713.6,470.472,1.861,1.914
74,939,basic,219.868,114.298,0.0,0.0,1.714,
74,949,basic,374.866,290.6,631.264,475.399,1.543,1.713
74,955,basic,45.185,42.926,0.0,0.0,2.793,
74,971,basic,0.0,0.0,593.03,293.345,,1.137
74,971,gifted,516.516,474.266,0.0,0.0,,
74,972,basic,262.011,182.043,0.0,0.0,1.867,
74,974,basic,85.975,75.943,201.884,176.29,1.228,1.251
74,977,basic,229.656,170.501,412.257,300.079,1.298,1.423
75,103,basic,255.543,236.071,291.312,269.071,1.655,1.655
75,104,basic,146.997,53.096,162.749,60.844,2.906,2.706
75,105,basic,433.562,204.535,311.482,143.224,2.298,2.471
75,105,gifted,176.806,162.53,0.0,0.0,,
75,106,basic,467.583,285.253,352.939,217.292,1.803,1.729
75,106,gifted,116.859,107.423,0.0,0.0,,
75,107,basic,515.116,258.388,536.401,268.156,2.512,2.535
75,109,basic,152.228,104.697,156.811,107.818,2.216,2.217
75,110,basic,404.028,209.925,417.865,216.946,2.121,2.127
75,113,basic,395.163,246.78,319.069,197.663,2.419,2.457
75,113,gifted,135.506,124.565,0.0,0.0,,
75,115,basic,144.577,84.24,170.546,99.215,1.724,1.734
75,117,basic,259.207,165.66,233.368,151.459,2.324,2.222
75,117,gifted,89.738,82.492,0.0,0.0,,
75,118,basic,252.912,132.575,414.944,218.12,2.144,2.126
75,130,basic,658.454,383.312,701.417,407.19,1.747,1.764
75,201,basic,78.268,50.926,106.451,67.288,1.085,1.275
75,202,basic,172.798,86.668,186.312,89.612,1.799,2.071
75,203,basic,265.784,182.573,290.186,196.899,1.38,1.464
75,204,basic,184.56,131.679,192.03,111.591,1.505,2.989
75,208,basic,198.916,166.695,0.0,0.0,1.29,
75,209,basic,151.816,45.345,170.822,50.952,0.781,0.79
75,210,basic,193.207,74.926,0.0,0.0,1.423,
75,211,basic,78.465,48.107,116.007,69.208,1.12,1.301
75,212,gifted,205.774,189.159,0.0,0.0,,
75,215,basic,120.691,65.957,138.021,75.342,1.052,1.073
75,218,basic,158.04,92.402,177.908,103.688,0.763,0.784
75,220,basic,89.459,74.845,0.0,0.0,1.5,
75,221,basic,162.94,107.875,240.905,141.912,1.019,1.696
75,222,basic,155.524,83.937,184.367,99.648,2.806,2.834
75,225,basic,90.907,43.12,97.038,45.813,1.255,1.286
75,226,basic,254.941,159.405,305.175,190.76,1.403,1.437
75,229,basic,254.618,212.635,0.0,0.0,1.16,
75,230,basic,126.425,83.964,154.473,98.387,1.028,1.319
75,233,basic,282.389,166.27,391.732,228.41,0.836,0.901
75,234,basic,78.045,64.439,0.0,0.0,1.265,
75,235,basic,88.025,53.211,125.461,74.914,1.372,1.461
75,236,basic,47.658,42.924,66.908,60.745,1.091,1.039
75,239,basic,278.343,162.083,285.872,166.442,1.731,1.732
75,241,basic,384.942,118.596,620.916,189.32,1.969,2.041
75,242,basic,160.592,110.299,0.0,0.0,1.238,
75,243,basic,215.722,106.274,306.264,150.261,0.985,1.015
75,244,basic,37.1,34.775,58.632,55.343,1.191,1.114
75,245,basic,321.173,284.662,390.802,347.258,1.298,1.293
75,246,basic,223.341,109.558,323.396,155.202,1.174,1.32
75,247,basic,373.531,111.793,676.882,197.326,1.648,1.817
75,248,basic,147.511,90.243,0.0,0.0,0.899,
75,249,basic,28.006,21.129,32.09,24.403,0.935,0.888
75,250,basic,86.64,63.83,153.89,114.439,0.971,0.907
75,251,basic,129.699,58.561,154.818,68.146,1.393,1.562
75,252,basic,230.556,163.64,256.509,176.333,1.427,1.629
75,255,basic,84.542,53.87,121.354,76.687,0.883,0.943
75,257,basic,125.939,110.345,187.698,161.94,1.094,1.206
75,259,basic,164.408,122.513,0.0,0.0,1.311,
75,261,basic,179.709,166.942,241.879,221.082,1.087,1.228
75,262,basic,183.888,141.31,158.324,119.556,1.08,1.196
75,264,basic,79.484,32.618,0.0,0.0,0.925,
75,266,basic,105.737,84.111,135.572,108.28,0.91,0.881
75,267,basic,118.117,107.135,143.669,130.309,1.026,1.027
75,268,basic,108.772,103.333,118.884,112.94,1.072,1.087
75,269,basic,105.32,99.543,131.825,124.58,1.093,1.143
75,270,basic,150.878,103.381,157.629,107.289,1.586,1.625
75,272,basic,42.197,39.919,0.0,0.0,1.106,
75,275,basic,96.806,91.63,132.429,124.829,1.205,1.364
75,276,basic,148.248,66.851,121.437,54.427,1.128,1.169
75,277,basic,125.527,79.425,144.166,91.012,1.02,1.035
75,279,basic,109.384,43.335,137.982,54.117,1.011,1.078
75,281,basic,66.871,43.492,75.854,48.808,0.814,0.88
75,282,basic,74.251,55.495,83.585,61.357,0.875,0.988
75,286,basic,178.604,109.984,227.131,131.138,2.116,2.603
75,287,gifted,190.0,174.658,0.0,0.0,,
75,288,basic,189.192,166.873,220.193,197.383,1.491,1.444
75,289,basic,160.234,143.947,0.0,0.0,1.442,
75,291,basic,382.776,271.41,571.681,419.775,2.557,2.248
75,292,basic,566.029,319.725,800.37,442.184,1.528,1.684
75,930,basic,399.759,367.492,500.747,459.519,2.509,2.432
75,935,basic,437.099,314.453,712.056,502.03,1.923,1.959
75,939,basic,218.736,102.629,0.0,0.0,1.795,
75,949,basic,377.042,325.531,633.938,535.93,1.614,1.761
75,955,basic,46.544,44.217,0.0,0.0,2.762,
75,971,basic,0.0,0.0,587.12,238.934,,1.138
75,971,gifted,516.368,474.673,0.0,0.0,,
75,972,basic,260.314,196.545,0.0,0.0,1.986,
75,974,basic,87.102,80.437,208.065,188.737,1.263,1.321
75,977,basic,237.965,182.13,422.407,318.322,1.325,1.438
76,103,basic,279.077,243.309,318.146,277.34,1.635,1.635
76,104,basic,135.451,55.554,149.855,63.498,2.643,2.49
76,105,basic,439.227,222.244,317.984,156.146,2.246,2.407
76,105,gifted,179.112,164.678,0.0,0.0,,
76,106,basic,453.382,284.236,338.577,215.08,1.781,1.696
76,106,gifted,115.881,106.543,0.0,0.0,,
76,107,basic,504.219,262.121,525.416,271.997,2.484,2.508
76,109,basic,160.166,106.592,165.126,109.789,2.176,2.18
76,110,basic,396.3,214.122,410.131,221.377,2.105,2.11
76,113,basic,386.567,236.609,314.169,191.103,2.411,2.436
76,113,gifted,133.98,123.183,0.0,0.0,,
76,115,basic,151.13,92.228,178.727,108.814,1.735,1.748
76,117,basic,260.23,161.5,234.091,148.074,2.323,2.22
76,117,gifted,89.848,82.608,0.0,0.0,,
76,118,basic,255.421,140.096,419.716,230.803,2.13,2.117
76,130,basic,650.695,394.106,693.029,418.454,1.699,1.715
76,201,basic,78.658,52.321,106.148,68.213,1.037,1.216
76,202,basic,168.023,87.678,181.11,90.215,1.721,1.959
76,203,basic,252.516,171.999,275.472,185.038,1.321,1.396
76,204,basic,181.05,124.302,192.686,102.198,1.484,3.01
76,208,basic,204.054,162.194,0.0,0.0,1.275,
76,209,basic,147.787,56.143,166.652,63.219,0.77,0.778
76,210,basic,193.024,84.742,0.0,0.0,1.385,
76,211,basic,73.781,46.861,110.558,67.833,1.106,1.291
76,212,gifted,205.716,189.139,0.0,0.0,,
76,215,basic,120.512,71.349,137.528,81.048,0.909,0.937
76,218,basic,158.715,99.357,178.263,111.144,0.763,0.784
76,220,basic,90.371,72.469,0.0,0.0,1.314,
76,221,basic,161.504,106.787,236.884,138.598,0.989,1.546
76,222,basic,149.946,82.472,177.794,97.216,2.301,2.352
76,225,basic,85.788,44.488,91.566,47.135,1.227,1.265
76,226,basic,260.195,163.298,310.569,192.889,1.281,1.361
76,229,basic,250.943,198.185,0.0,0.0,1.16,
76,230,basic,109.164,73.35,143.764,91.804,1.06,1.349
76,233,basic,284.21,177.375,393.382,242.731,0.837,0.898
76,234,basic,80.484,62.969,0.0,0.0,1.228,
76,235,basic,86.722,53.405,122.436,74.637,1.27,1.337
76,236,basic,55.119,47.192,80.383,69.498,1.067,1.019
76,239,basic,264.824,154.745,271.49,158.599,1.705,1.707
76,241,basic,385.084,138.083,622.22,219.77,1.916,2.002
76,242,basic,160.92,109.876,0.0,0.0,1.213,
76,243,basic,217.867,118.138,309.849,167.138,0.99,1.021
76,244,basic,35.669,33.173,56.142,52.645,1.08,1.069
76,245,basic,316.959,260.579,386.71,317.362,1.227,1.242
76,246,basic,225.615,119.934,327.207,169.555,1.175,1.313
76,247,basic,370.693,133.171,672.374,234.309,1.595,1.749
76,248,basic,146.366,94.215,0.0,0.0,0.891,
76,249,basic,29.701,22.354,34.739,26.264,0.856,0.835
76,250,basic,87.823,64.754,155.628,116.019,0.95,0.89
76,251,basic,132.196,64.707,157.153,74.712,1.356,1.51
76,252,basic,238.597,162.477,265.055,173.96,1.433,1.617
76,255,basic,87.36,58.451,125.916,83.048,0.834,0.915
76,257,basic,123.875,101.748,184.27,148.571,1.086,1.191
76,259,basic,166.699,120.882,0.0,0.0,1.285,
76,261,basic,173.915,155.075,234.652,203.076,1.053,1.202
76,262,basic,186.322,139.444,160.166,117.491,1.064,1.169
76,264,basic,80.745,37.659,0.0,0.0,0.949,
76,266,basic,107.639,83.061,138.866,107.636,0.896,0.87
76,267,basic,122.761,103.438,149.586,125.995,1.032,1.034
76,268,basic,107.62,102.239,117.782,111.893,1.052,1.068
76,269,basic,107.979,100.046,135.154,124.701,1.033,1.084
76,270,basic,161.946,107.73,168.811,111.422,1.56,1.598
76,272,basic,38.275,35.911,0.0,0.0,1.036,
76,275,basic,95.546,88.36,129.154,117.73,1.15,1.285
76,276,basic,153.396,76.169,124.928,61.72,1.143,1.169
76,277,basic,121.837,79.761,139.81,91.295,1.013,1.026
76,279,basic,107.161,49.354,134.845,61.348,1.003,1.067
76,281,basic,65.041,44.029,74.197,49.512,0.818,0.887
76,282,basic,74.873,55.921,84.8,61.78,0.883,1.006
76,286,basic,173.649,106.129,221.933,124.087,1.757,2.254
76,287,gifted,190.0,174.689,0.0,0.0,,
76,288,basic,180.658,153.683,211.591,179.952,1.287,1.315
76,289,basic,161.468,139.495,0.0,0.0,1.399,
76,291,basic,372.69,252.247,560.521,389.113,2.23,2.017
76,292,basic,562.824,332.886,798.093,458.607,1.483,1.645
76,930,basic,399.131,346.405,500.168,436.815,2.352,2.265
76,935,basic,437.675,301.974,712.867,480.423,1.847,1.893
76,939,basic,218.748,109.352,0.0,0.0,1.734,
76,949,basic,376.881,308.66,635.677,505.6,1.594,1.745
76,955,basic,46.36,44.042,0.0,0.0,2.763,
76,971,basic,0.0,0.0,587.753,273.566,,1.135
76,971,gifted,516.263,474.66,0.0,0.0,,
76,972,basic,266.28,190.363,0.0,0.0,1.905,
76,974,basic,88.001,78.458,206.92,182.112,1.226,1.241
76,977,basic,241.284,177.67,428.251,309.013,1.32,1.44
77,103,basic,264.12,230.586,301.212,262.853,1.628,1.63
77,104,basic,130.273,51.699,147.394,59.512,2.335,2.266
77,105,basic,459.326,214.131,329.138,148.875,2.286,2.439
77,105,gifted,182.887,167.907,0.0,0.0,,
77,106,basic,443.429,267.608,331.219,203.015,1.732,1.642
77,106,gifted,114.585,105.2,0.0,0.0,,
77,107,basic,512.404,249.948,533.659,259.209,2.472,2.494
77,109,basic,154.361,101.021,159.086,104.171,2.104,2.102
77,110,basic,400.777,200.404,414.651,207.104,2.138,2.144
77,113,basic,388.953,233.123,315.586,188.608,2.325,2.334
77,113,gifted,134.189,123.198,0.0,0.0,,
77,115,basic,146.839,85.208,173.573,100.469,1.72,1.732
77,117,basic,261.134,156.016,236.118,143.634,2.298,2.207
77,117,gifted,89.96,82.592,0.0,0.0,,
77,118,basic,280.17,145.033,458.333,237.976,2.1,2.085
77,130,basic,657.673,374.785,700.417,397.775,1.712,1.728
77,201,basic,74.114,50.975,99.529,65.96,1.009,1.188
77,202,basic,163.77,87.846,176.204,90.483,1.585,1.79
77,203,basic,256.839,182.126,280.696,196.039,1.299,1.376
77,204,basic,165.897,120.745,182.136,102.976,1.398,2.78
77,208,basic,209.362,173.208,0.0,0.0,1.21,
77,209,basic,152.167,53.67,172.469,60.737,0.776,0.783
77,210,basic,192.397,80.978,0.0,0.0,1.401,
77,211,basic,71.491,46.472,101.5,63.945,1.094,1.248
77,212,gifted,205.824,188.966,0.0,0.0,,
77,215,basic,120.936,70.823,138.216,80.71,0.958,0.98
77,218,basic,156.876,99.549,175.961,111.18,0.752,0.773
77,220,basic,92.496,75.629,0.0,0.0,1.433,
77,221,basic,165.749,112.41,242.484,144.053,0.971,1.535
77,222,basic,149.294,87.716,176.577,103.005,2.08,2.133
77,225,basic,84.361,43.441,90.06,46.123,1.206,1.233
77,226,basic,259.144,163.378,309.382,193.842,1.336,1.396
77,229,basic,250.719,210.657,0.0,0.0,1.137,
77,230,basic,116.22,81.318,148.032,98.046,1.011,1.299
77,233,basic,277.525,175.542,386.041,240.806,0.827,0.896
77,234,basic,71.137,60.015,0.0,0.0,1.135,
77,235,basic,89.043,55.898,127.898,79.321,1.263,1.337
77,236,basic,48.332,42.979,66.968,60.177,1.001,0.955
77,239,basic,266.625,159.169,273.452,163.152,1.689,1.692
77,241,basic,382.494,130.038,617.376,207.466,1.875,1.936
77,242,basic,163.262,114.809,0.0,0.0,1.233,
77,243,basic,223.218,119.958,317.713,169.743,0.992,1.024
77,244,basic,36.23,33.66,56.619,53.206,1.121,1.066
77,245,basic,320.589,277.052,389.838,337.025,1.255,1.264
77,246,basic,220.463,117.531,318.85,165.27,1.127,1.266
77,247,basic,370.148,124.575,672.084,218.778,1.586,1.744
77,248,basic,143.924,94.548,0.0,0.0,0.885,
77,249,basic,30.912,24.143,35.611,28.059,0.879,0.841
77,250,basic,87.484,67.258,153.842,119.877,0.958,0.889
77,251,basic,135.16,64.157,161.024,74.025,1.398,1.557
77,252,basic,247.024,172.796,274.159,184.184,1.48,1.67
77,255,basic,89.828,61.327,129.062,86.983,0.856,0.925
77,257,basic,121.924,106.017,182.459,155.556,1.078,1.191
77,259,basic,158.886,120.416,0.0,0.0,1.299,
77,261,basic,173.615,158.462,235.126,209.469,1.086,1.23
77,262,basic,183.867,143.877,157.643,120.766,1.07,1.174
77,264,basic,79.368,35.78,0.0,0.0,0.921,
77,266,basic,103.784,83.848,133.575,108.438,0.898,0.872
77,267,basic,111.852,100.433,136.219,122.328,1.012,1.012
77,268,basic,109.049,103.597,119.217,113.256,1.072,1.087
77,269,basic,104.547,98.051,130.753,122.445,1.026,1.075
77,270,basic,155.546,110.813,162.252,114.811,1.421,1.451
77,272,basic,40.025,37.692,0.0,0.0,1.055,
77,275,basic,90.957,85.296,123.505,114.632,1.143,1.292
77,276,basic,159.137,77.525,128.466,62.165,1.123,1.157
77,277,basic,128.379,86.266,147.203,98.641,1.005,1.018
77,279,basic,98.596,43.786,124.503,54.554,1.003,1.069
77,281,basic,66.837,46.529,75.659,51.971,0.812,0.872
77,282,basic,74.309,58.324,83.937,64.319,0.859,0.969
77,286,basic,173.92,106.352,222.183,124.469,1.865,2.342
77,287,gifted,190.0,174.438,0.0,0.0,,
77,288,basic,180.688,156.113,211.899,185.257,1.444,1.43
77,289,basic,150.028,132.412,0.0,0.0,1.347,
77,291,basic,376.962,254.913,563.55,396.925,2.32,2.073
77,292,basic,565.191,329.251,799.761,451.872,1.475,1.637
77,930,basic,398.65,358.097,499.647,450.607,2.327,2.233
77,935,basic,437.805,306.415,713.154,490.252,1.851,1.904
77,939,basic,221.223,106.704,0.0,0.0,1.735,
77,949,basic,377.439,320.553,633.937,522.368,1.534,1.694
77,955,basic,43.198,41.038,0.0,0.0,2.808,
77,971,basic,0.0,0.0,584.631,264.639,,1.115
77,971,gifted,515.414,473.199,0.0,0.0,,
77,972,basic,252.862,186.922,0.0,0.0,1.839,
77,974,basic,88.025,80.752,210.054,189.329,1.183,1.209
77,977,basic,240.823,186.308,426.17,323.028,1.324,1.438
78,103,basic,265.291,224.259,302.506,255.645,1.603,1.604
78,104,basic,140.342,58.854,156.405,66.999,2.359,2.273
78,105,basic,476.082,224.19,336.945,153.142,2.315,2.482
78,105,gifted,185.2,169.715,0.0,0.0,,
78,106,basic,450.777,275.016,335.535,208.173,1.749,1.658
78,106,gifted,116.042,106.34,0.0,0.0,,
78,107,basic,508.843,247.801,530.39,257.048,2.482,2.506
78,109,basic,144.708,93.016,149.333,96.028,2.126,2.124
78,110,basic,413.58,224.284,427.959,231.76,2.107,2.114
78,113,basic,387.171,226.636,316.022,184.487,2.318,2.325
78,113,gifted,133.887,122.693,0.0,0.0,,
78,115,basic,150.093,87.343,177.97,103.181,1.72,1.737
78,117,basic,255.638,153.883,229.301,141.152,2.332,2.228
78,117,gifted,89.577,82.088,0.0,0.0,,
78,118,basic,255.217,133.874,414.684,218.829,2.113,2.086
78,130,basic,659.451,402.051,701.877,426.609,1.698,1.712
78,201,basic,77.122,51.81,104.815,67.609,1.03,1.21
78,202,basic,181.162,93.527,194.549,95.085,1.775,2.02
78,203,basic,261.875,177.607,285.805,190.604,1.332,1.41
78,204,basic,183.837,127.241,190.547,98.211,1.39,2.888
78,208,basic,205.874,166.306,0.0,0.0,1.23,
78,209,basic,157.59,66.131,177.449,74.35,0.764,0.771
78,210,basic,194.546,92.371,0.0,0.0,1.372,
78,211,basic,82.693,52.798,123.625,75.851,1.11,1.293
78,212,gifted,205.505,188.322,0.0,0.0,,
78,215,basic,117.158,74.968,133.661,85.205,0.924,0.946
78,218,basic,158.354,103.035,177.047,114.71,0.758,0.776
78,220,basic,88.217,68.881,0.0,0.0,1.409,
78,221,basic,163.682,118.154,241.06,151.026,0.98,1.537
78,222,basic,157.205,84.117,185.929,98.779,2.268,2.315
78,225,basic,83.04,44.378,88.767,47.09,1.226,1.259
78,226,basic,257.503,176.171,307.151,208.659,1.279,1.34
78,229,basic,254.435,202.545,0.0,0.0,1.14,
78,230,basic,114.633,77.624,144.601,92.214,1.009,1.297
78,233,basic,276.608,181.054,385.021,248.233,0.82,0.888
78,234,basic,79.339,61.445,0.0,0.0,1.237,
78,235,basic,87.059,56.116,124.113,78.917,1.289,1.363
78,236,basic,50.944,44.416,72.464,63.918,1.055,1.008
78,239,basic,259.359,150.492,265.922,154.27,1.695,1.696
78,241,basic,383.758,145.533,619.302,231.236,1.851,1.926
78,242,basic,156.646,108.469,0.0,0.0,1.216,
78,243,basic,222.474,125.502,316.029,177.147,0.995,1.027
78,244,basic,36.183,33.294,56.72,52.911,1.064,1.047
78,245,basic,319.378,272.345,389.003,331.733,1.241,1.25
78,246,basic,218.669,120.377,317.877,169.826,1.142,1.278
78,247,basic,368.137,141.637,669.106,248.741,1.541,1.688
78,248,basic,150.229,98.05,0.0,0.0,0.899,
78,249,basic,27.979,21.56,31.814,24.747,0.913,0.877
78,250,basic,83.685,61.479,151.222,112.608,0.948,0.884
78,251,basic,129.171,68.646,154.243,79.217,1.361,1.516
78,252,basic,240.142,169.434,266.681,180.511,1.387,1.562
78,255,basic,85.059,57.479,122.057,81.348,0.842,0.909
78,257,basic,125.66,105.708,186.674,153.598,1.082,1.192
78,259,basic,160.487,113.064,0.0,0.0,1.312,
78,261,basic,165.619,147.12,224.855,194.455,1.062,1.189
78,262,basic,187.103,142.739,160.479,119.753,1.069,1.168
78,264,basic,79.25,42.094,0.0,0.0,0.918,
78,266,basic,101.111,82.414,129.663,106.289,0.888,0.861
78,267,basic,113.336,99.298,138.541,121.349,1.016,1.018
78,268,basic,111.816,106.224,122.414,116.292,1.064,1.077
78,269,basic,110.753,102.181,137.934,126.734,1.013,1.053
78,270,basic,171.726,110.633,178.784,114.199,1.554,1.588
78,272,basic,40.173,37.42,0.0,0.0,1.021,
78,275,basic,96.762,89.233,131.712,119.32,1.153,1.295
78,276,basic,150.255,81.684,122.359,66.066,1.117,1.149
78,277,basic,127.27,83.906,146.236,96.103,1.007,1.021
78,279,basic,105.783,52.115,132.781,64.544,0.985,1.045
78,281,basic,62.661,42.661,71.775,48.012,0.831,0.903
78,282,basic,73.104,54.09,82.26,59.308,0.874,0.981
78,286,basic,184.876,113.827,233.525,131.744,1.934,2.378
78,287,gifted,190.0,174.114,0.0,0.0,,
78,288,basic,193.446,160.463,224.566,187.907,1.345,1.338
78,289,basic,157.956,125.881,0.0,0.0,1.356,
78,291,basic,374.787,247.193,561.672,387.628,2.266,2.016
78,292,basic,562.153,330.912,795.329,453.649,1.477,1.631
78,930,basic,399.438,318.095,500.478,404.2,2.332,2.243
78,935,basic,437.064,291.264,712.116,465.062,1.788,1.853
78,939,basic,221.701,114.708,0.0,0.0,1.708,
78,949,basic,379.683,292.512,640.528,474.73,1.519,1.691
78,955,basic,46.273,43.958,0.0,0.0,2.738,
78,971,basic,0.0,0.0,580.709,285.461,,1.119
78,971,gifted,515.316,472.229,0.0,0.0,,
78,972,basic,262.568,179.676,0.0,0.0,1.91,
78,974,basic,89.349,76.731,211.645,179.634,1.209,1.224
78,977,basic,241.351,174.496,426.762,301.296,1.294,1.416
79,103,basic,267.93,227.505,305.57,259.368,1.635,1.637
79,104,basic,138.395,56.094,153.242,63.728,2.412,2.298
79,105,basic,431.806,205.928,312.825,144.633,2.294,2.461
79,105,gifted,176.07,161.735,0.0,0.0,,
79,106,basic,467.506,278.838,350.004,211.561,1.778,1.693
79,106,gifted,117.8,108.21,0.0,0.0,,
79,107,basic,530.217,260.947,552.444,270.697,2.53,2.555
79,109,basic,141.463,91.317,145.572,93.984,2.093,2.092
79,110,basic,406.032,203.626,420.509,210.605,2.129,2.136
79,113,basic,401.511,238.894,327.966,194.713,2.334,2.339
79,113,gifted,137.05,125.892,0.0,0.0,,
79,115,basic,159.837,93.257,188.473,109.739,1.742,1.753
79,117,basic,257.921,151.239,232.645,138.93,2.327,2.23
79,117,gifted,89.395,82.117,0.0,0.0,,
79,118,basic,269.333,140.291,443.485,231.471,2.14,2.13
79,130,basic,653.343,370.203,695.738,393.014,1.722,1.737
79,201,basic,79.351,53.681,107.135,69.891,1.068,1.253
79,202,basic,165.447,88.996,178.36,91.579,1.65,1.882
79,203,basic,275.787,191.898,300.453,206.097,1.336,1.412
79,204,basic,174.068,125.012,185.132,104.361,1.394,2.779
79,208,basic,207.819,165.265,0.0,0.0,1.225,
79,209,basic,137.267,51.448,154.92,57.981,0.784,0.791
79,210,basic,193.024,84.2,0.0,0.0,1.371,
79,211,basic,74.339,48.41,106.864,67.428,1.099,1.263
79,212,gifted,205.604,188.864,0.0,0.0,,
79,215,basic,123.862,73.85,141.262,83.842,0.89,0.916
79,218,basic,151.939,96.897,170.543,108.313,0.75,0.771
79,220,basic,90.649,73.899,0.0,0.0,1.342,
79,221,basic,162.02,107.238,238.057,139.16,0.972,1.531
79,222,basic,146.699,87.182,172.925,102.323,2.015,2.052
79,225,basic,83.308,43.657,89.067,46.376,1.229,1.262
79,226,basic,262.651,163.15,312.172,192.301,1.297,1.367
79,229,basic,253.675,207.104,0.0,0.0,1.131,
79,230,basic,105.071,73.182,137.483,90.85,1.018,1.309
79,233,basic,281.883,178.771,390.123,244.614,0.824,0.883
79,234,basic,77.263,62.984,0.0,0.0,1.174,
79,235,basic,88.28,55.287,125.1,77.376,1.229,1.305
79,236,basic,46.913,40.6,64.992,56.805,1.038,0.992
79,239,basic,271.124,161.121,278.217,165.225,1.74,1.744
79,241,basic,384.836,138.049,620.755,220.112,1.884,1.949
79,242,basic,159.249,110.681,0.0,0.0,1.239,
79,243,basic,213.041,117.213,303.492,166.069,0.965,0.996
79,244,basic,39.61,36.866,62.986,59.161,1.124,1.11
79,245,basic,320.821,268.069,390.629,325.645,1.212,1.231
79,246,basic,244.705,131.839,346.668,182.475,1.178,1.301
79,247,basic,371.183,132.85,673.764,233.976,1.575,1.725
79,248,basic,145.143,95.981,0.0,0.0,0.876,
79,249,basic,27.818,21.206,32.483,24.9,0.895,0.87
79,250,basic,89.157,67.59,155.379,119.157,0.965,0.904
79,251,basic,130.295,62.924,154.933,72.715,1.373,1.522
79,252,basic,253.205,174.151,280.14,185.718,1.442,1.622
79,255,basic,89.905,61.75,128.287,86.965,0.83,0.902
79,257,basic,120.122,100.412,181.672,148.91,1.092,1.203
79,259,basic,159.239,120.242,0.0,0.0,1.246,
79,261,basic,165.443,149.27,223.351,196.413,1.056,1.193
79,262,basic,192.264,146.618,164.452,122.948,1.083,1.186
79,264,basic,79.651,36.527,0.0,0.0,0.943,
79,266,basic,103.538,81.082,133.47,104.978,0.884,0.859
79,267,basic,118.725,102.424,144.469,124.634,1.024,1.024
79,268,basic,112.71,107.075,123.441,117.269,1.09,1.106
79,269,basic,105.736,98.612,131.892,122.666,1.039,1.084
79,270,basic,154.788,107.427,161.642,111.423,1.512,1.544
79,272,basic,40.919,38.398,0.0,0.0,1.089,
79,275,basic,98.502,91.619,132.854,121.81,1.153,1.295
79,276,basic,143.849,71.143,118.875,58.439,1.127,1.158
79,277,basic,121.206,81.417,139.079,93.199,1.006,1.018
79,279,basic,103.637,47.775,131.114,59.69,1.0,1.064
79,281,basic,67.184,46.877,75.878,52.326,0.801,0.856
79,282,basic,78.945,61.269,88.121,66.996,0.858,0.957
79,286,basic,187.469,110.937,235.78,129.028,1.921,2.371
79,287,gifted,190.0,174.531,0.0,0.0,,
79,288,basic,191.784,164.694,223.496,192.724,1.321,1.332
79,289,basic,156.655,134.894,0.0,0.0,1.395,
79,291,basic,373.853,247.689,561.805,385.534,2.262,2.034
79,292,basic,563.884,328.448,798.854,452.367,1.504,1.662
79,930,basic,399.114,353.321,500.149,445.366,2.348,2.258
79,935,basic,437.768,303.441,712.992,485.347,1.811,1.868
79,939,basic,219.17,108.057,0.0,0.0,1.699,
79,949,basic,379.38,315.797,639.564,516.442,1.549,1.714
79,955,basic,45.787,43.498,0.0,0.0,2.783,
79,971,basic,0.0,0.0,590.311,275.594,,1.136
79,971,gifted,516.176,474.151,0.0,0.0,,
79,972,basic,257.564,185.403,0.0,0.0,1.856,
79,974,basic,86.613,78.495,203.37,181.029,1.227,1.253
79,977,basic,227.647,174.497,407.687,305.966,1.288,1.411
80,103,basic,281.107,245.449,320.524,279.829,1.642,1.642
80,104,basic,142.661,58.515,154.557,65.488,2.404,2.264
80,105,basic,434.647,206.855,315.244,146.058,2.295,2.427
80,105,gifted,174.734,161.28,0.0,0.0,,
80,106,basic,452.068,277.663,333.757,208.09,1.8,1.709
80,106,gifted,115.794,106.878,0.0,0.0,,
80,107,basic,519.324,256.206,540.781,265.62,2.49,2.512
80,109,basic,146.147,97.021,150.732,99.969,2.145,2.149
80,110,basic,399.35,219.28,412.754,226.507,2.081,2.084
80,113,basic,386.339,230.36,309.544,182.978,2.388,2.423
80,113,gifted,133.567,123.283,0.0,0.0,,
80,115,basic,137.093,80.824,161.251,94.951,1.722,1.728
80,117,basic,271.303,167.672,243.057,153.802,2.356,2.242
80,117,gifted,90.102,83.165,0.0,0.0,,
80,118,basic,267.663,139.978,441.527,231.62,2.181,2.167
80,130,basic,650.568,401.015,692.355,425.839,1.686,1.696
80,201,basic,74.148,49.139,99.64,63.723,1.007,1.172
80,202,basic,169.474,87.278,181.961,89.598,1.65,1.852
80,203,basic,257.878,175.579,281.23,188.743,1.28,1.349
80,204,basic,178.968,122.046,190.348,98.69,1.453,2.907
80,208,basic,205.348,167.863,0.0,0.0,1.261,
80,209,basic,143.595,54.029,162.013,60.854,0.778,0.786
80,210,basic,193.63,85.885,0.0,0.0,1.377,
80,211,basic,85.45,53.308,124.664,75.024,1.104,1.275
80,212,gifted,205.553,189.726,0.0,0.0,,
80,215,basic,123.36,75.525,140.139,85.736,0.922,0.932
80,218,basic,158.348,98.971,178.693,111.155,0.767,0.789
80,220,basic,89.959,72.532,0.0,0.0,1.33,
80,221,basic,165.898,116.317,243.7,148.895,0.998,1.562
80,222,basic,148.791,80.096,176.404,94.8,2.235,2.26
80,225,basic,89.854,45.983,95.952,48.762,1.21,1.243
80,226,basic,260.103,173.868,309.601,205.198,1.277,1.345
80,229,basic,252.842,201.929,0.0,0.0,1.148,
80,230,basic,118.159,77.644,148.52,92.422,1.069,1.345
80,233,basic,280.601,175.961,390.663,241.325,0.848,0.919
80,234,basic,76.86,60.422,0.0,0.0,1.197,
80,235,basic,86.333,55.998,121.269,77.519,1.151,1.23
80,236,basic,53.729,47.243,77.433,68.855,1.058,1.01
80,239,basic,287.8,163.763,295.203,167.773,1.707,1.713
80,241,basic,386.254,133.946,622.796,213.176,1.921,1.987
80,242,basic,161.945,110.493,0.0,0.0,1.218,
80,243,basic,215.239,115.614,305.455,163.189,0.992,1.021
80,244,basic,34.738,32.163,53.526,50.149,1.062,1.028
80,245,basic,322.521,277.715,391.767,337.422,1.227,1.237
80,246,basic,229.67,120.275,330.067,168.008,1.163,1.298
80,247,basic,372.128,129.868,674.431,227.845,1.598,1.745
80,248,basic,148.882,94.345,0.0,0.0,0.894,
80,249,basic,31.151,23.964,36.052,27.949,0.864,0.832
80,250,basic,82.539,59.805,150.72,110.725,0.971,0.904
80,251,basic,131.355,65.323,156.688,75.327,1.422,1.584
80,252,basic,238.389,165.209,265.53,176.095,1.451,1.648
80,255,basic,89.063,58.594,128.09,83.062,0.845,0.918
80,257,basic,128.108,109.024,187.698,156.606,1.062,1.165
80,259,basic,167.064,116.912,0.0,0.0,1.347,
80,261,basic,167.724,150.928,225.691,197.766,1.057,1.189
80,262,basic,189.018,143.436,162.031,120.253,1.065,1.169
80,264,basic,78.313,38.728,0.0,0.0,0.891,
80,266,basic,107.528,86.327,138.49,111.725,0.923,0.898
80,267,basic,120.881,106.39,145.806,128.333,1.015,1.015
80,268,basic,112.365,106.747,122.733,116.596,1.07,1.084
80,269,basic,105.692,98.223,132.047,122.321,1.018,1.062
80,270,basic,159.843,104.261,166.801,107.918,1.502,1.537
80,272,basic,39.85,37.294,0.0,0.0,1.031,
80,275,basic,106.756,98.998,145.71,133.149,1.2,1.344
80,276,basic,156.844,79.937,125.781,63.702,1.142,1.172
80,277,basic,122.803,79.183,140.82,90.562,1.005,1.017
80,279,basic,104.405,47.837,131.621,59.498,0.988,1.051
80,281,basic,67.508,44.989,76.957,50.504,0.814,0.879
80,282,basic,79.122,57.725,89.545,63.613,0.899,1.016
80,286,basic,178.48,107.861,227.193,125.96,1.994,2.455
80,287,gifted,190.0,175.371,0.0,0.0,,
80,288,basic,178.328,149.397,208.143,176.052,1.375,1.37
80,289,basic,161.063,132.842,0.0,0.0,1.402,
80,291,basic,376.378,256.951,563.225,399.296,2.238,2.002
80,292,basic,566.783,328.346,802.713,450.153,1.497,1.663
80,930,basic,399.313,336.084,500.365,425.559,2.32,2.227
80,935,basic,438.347,294.135,713.723,469.06,1.873,1.916
80,939,basic,220.236,110.938,0.0,0.0,1.693,
80,949,basic,376.26,299.115,630.11,485.331,1.548,1.691
80,955,basic,45.63,43.349,0.0,0.0,2.801,
80,971,basic,0.0,0.0,582.779,268.059,,1.123
80,971,gifted,515.486,475.797,0.0,0.0,,
80,972,basic,266.052,189.889,0.0,0.0,1.849,
80,974,basic,84.94,74.609,202.485,175.607,1.186,1.204
80,977,basic,232.763,168.511,415.54,294.071,1.297,1.418
81,103,basic,283.415,246.555,323.214,281.062,1.642,1.643
81,104,basic,115.088,48.695,127.011,54.986,2.26,2.171
81,105,basic,418.093,203.416,298.433,140.699,2.236,2.368
81,105,gifted,176.587,162.113,0.0,0.0,,
81,106,basic,473.738,295.365,352.791,223.75,1.751,1.665
81,106,gifted,118.659,108.933,0.0,0.0,,
81,107,basic,506.362,252.42,527.58,261.633,2.462,2.485
81,109,basic,153.976,102.2,158.452,105.119,2.087,2.088
81,110,basic,401.781,208.383,415.492,215.22,2.092,2.098
81,113,basic,387.359,236.663,308.102,188.139,2.288,2.287
81,113,gifted,135.898,124.759,0.0,0.0,,
81,115,basic,147.962,90.014,174.197,105.758,1.708,1.717
81,117,basic,260.644,155.752,234.781,143.205,2.323,2.234
81,117,gifted,90.518,83.099,0.0,0.0,,
81,118,basic,272.392,146.309,446.845,240.442,2.079,2.072
81,130,basic,661.233,393.851,703.873,417.828,1.681,1.694
81,201,basic,78.661,53.585,105.614,69.03,1.004,1.168
81,202,basic,168.295,89.867,179.874,92.173,1.509,1.665
81,203,basic,248.041,171.809,271.562,184.873,1.286,1.358
81,204,basic,180.162,126.135,189.128,97.276,1.403,2.825
81,208,basic,204.44,165.309,0.0,0.0,1.246,
81,209,basic,154.597,57.893,175.863,65.724,0.781,0.788
81,210,basic,192.029,82.252,0.0,0.0,1.352,
81,211,basic,71.712,46.4,104.921,65.193,1.093,1.258
81,212,gifted,205.424,188.586,0.0,0.0,,
81,215,basic,121.28,74.028,137.823,83.797,0.83,0.846
81,218,basic,152.773,98.352,171.613,109.902,0.754,0.775
81,220,basic,90.016,71.893,0.0,0.0,1.344,
81,221,basic,164.218,110.304,240.269,139.988,0.94,1.44
81,222,basic,142.851,86.862,169.43,101.832,1.708,1.759
81,225,basic,85.919,44.073,92.078,46.809,1.234,1.27
81,226,basic,249.401,158.384,298.644,186.331,1.172,1.265
81,229,basic,259.07,211.243,0.0,0.0,1.13,
81,230,basic,115.631,79.908,145.556,94.26,1.028,1.311
81,233,basic,280.929,179.086,391.444,245.237,0.834,0.904
81,234,basic,76.858,62.473,0.0,0.0,1.152,
81,235,basic,88.642,56.8,124.664,78.643,1.102,1.176
81,236,basic,49.183,42.165,68.737,59.737,1.045,0.999
81,239,basic,266.661,154.201,273.584,157.962,1.681,1.688
81,241,basic,385.375,130.735,621.745,207.781,1.882,1.95
81,242,basic,151.609,104.722,0.0,0.0,1.217,
81,243,basic,215.124,117.645,305.676,166.126,0.981,1.009
81,244,basic,35.91,33.323,55.984,52.448,1.038,1.02
81,245,basic,318.359,266.373,387.959,323.885,1.202,1.219
81,246,basic,254.082,134.27,358.628,183.928,1.184,1.308
81,247,basic,374.958,129.08,679.703,226.073,1.558,1.689
81,248,basic,146.376,96.713,0.0,0.0,0.888,
81,249,basic,30.011,23.276,34.748,27.169,0.857,0.829
81,250,basic,82.718,62.707,148.713,114.577,0.972,0.905
81,251,basic,129.872,61.498,155.225,70.815,1.37,1.522
81,252,basic,238.838,163.061,265.813,173.258,1.402,1.578
81,255,basic,88.977,61.339,129.141,87.331,0.832,0.916
81,257,basic,120.351,100.886,180.391,147.727,1.09,1.199
81,259,basic,170.137,125.838,0.0,0.0,1.274,
81,261,basic,168.785,151.026,228.886,198.758,1.065,1.201
81,262,basic,186.9,142.915,160.618,119.876,1.073,1.17
81,264,basic,79.473,36.968,0.0,0.0,0.893,
81,266,basic,98.364,78.128,126.558,101.085,0.887,0.863
81,267,basic,122.011,106.201,147.481,128.386,1.015,1.015
81,268,basic,112.029,106.428,122.761,116.623,1.061,1.076
81,269,basic,103.094,95.548,128.787,118.933,0.994,1.037
81,270,basic,159.381,110.386,166.383,114.252,1.398,1.43
81,272,basic,41.655,39.068,0.0,0.0,1.021,
81,275,basic,93.86,86.414,127.974,115.763,1.163,1.302
81,276,basic,150.549,73.956,122.124,59.623,1.131,1.156
81,277,basic,126.266,84.54,144.555,96.518,1.011,1.021
81,279,basic,97.282,44.556,123.233,55.543,0.994,1.059
81,281,basic,63.641,44.447,72.812,49.923,0.823,0.889
81,282,basic,74.126,57.717,83.095,62.881,0.862,0.967
81,286,basic,181.447,106.648,229.817,122.423,1.788,2.221
81,287,gifted,190.0,174.427,0.0,0.0,,
81,288,basic,183.683,156.658,214.499,183.311,1.29,1.308
81,289,basic,154.785,137.305,0.0,0.0,1.348,
81,291,basic,374.701,247.514,563.861,384.535,2.187,1.986
81,292,basic,563.814,331.053,799.302,451.497,1.482,1.65
81,930,basic,398.708,345.79,499.764,437.513,2.277,2.185
81,935,basic,438.459,299.54,713.91,475.02,1.829,1.88
81,939,basic,223.297,108.42,0.0,0.0,1.693,
81,949,basic,374.912,315.172,631.683,510.427,1.492,1.662
81,955,basic,45.231,42.97,0.0,0.0,2.701,
81,971,basic,0.0,0.0,587.451,271.186,,1.121
81,971,gifted,515.865,473.582,0.0,0.0,,
81,972,basic,259.504,188.803,0.0,0.0,1.792,
81,974,basic,86.43,77.36,202.425,178.239,1.2,1.201
81,977,basic,236.646,178.852,420.308,309.422,1.285,1.406
82,103,basic,272.34,228.706,310.582,260.708,1.628,1.629
82,104,basic,134.6,52.369,150.172,59.686,2.41,2.307
82,105,basic,455.959,209.175,328.261,146.913,2.319,2.468
82,105,gifted,180.528,165.591,0.0,0.0,,
82,106,basic,456.492,262.709,340.703,198.135,1.809,1.732
82,106,gifted,116.236,106.618,0.0,0.0,,
82,107,basic,502.446,239.769,523.449,248.85,2.477,2.501
82,109,basic,147.667,93.181,152.106,96.016,2.09,2.088
82,110,basic,389.781,194.993,402.776,201.346,2.112,2.116
82,113,basic,389.552,227.055,313.921,182.332,2.354,2.368
82,113,gifted,135.596,124.376,0.0,0.0,,
82,115,basic,143.426,79.919,169.347,94.169,1.724,1.736
82,117,basic,272.793,158.485,245.88,145.361,2.328,2.223
82,117,gifted,90.265,82.796,0.0,0.0,,
82,118,basic,276.263,138.588,452.956,227.864,2.138,2.121
82,130,basic,653.183,359.62,695.563,382.044,1.724,1.738
82,201,basic,75.614,52.329,100.952,67.794,1.003,1.177
82,202,basic,167.733,90.991,180.027,94.101,1.666,1.877
82,203,basic,250.007,178.724,273.267,193.101,1.298,1.368
82,204,basic,176.023,127.738,186.101,108.403,1.433,2.858
82,208,basic,205.035,166.973,0.0,0.0,1.245,
82,209,basic,154.921,56.389,174.221,63.331,0.773,0.781
82,210,basic,192.01,84.374,0.0,0.0,1.423,
82,211,basic,74.414,48.46,106.821,67.659,1.105,1.27
82,212,gifted,205.503,188.5,0.0,0.0,,
82,215,basic,122.946,72.145,139.682,81.985,0.954,0.963
82,218,basic,154.046,97.464,173.5,109.341,0.775,0.799
82,220,basic,92.512,76.236,0.0,0.0,1.461,
82,221,basic,169.372,114.999,247.866,148.893,1.045,1.682
82,222,basic,143.977,85.682,171.115,101.851,2.182,2.209
82,225,basic,85.751,44.923,91.651,47.761,1.222,1.253
82,226,basic,249.589,161.713,300.115,193.555,1.32,1.379
82,229,basic,245.683,205.373,0.0,0.0,1.135,
82,230,basic,111.558,77.565,143.101,95.026,1.047,1.337
82,233,basic,283.005,179.35,392.317,245.933,0.827,0.892
82,234,basic,77.444,63.83,0.0,0.0,1.209,
82,235,basic,77.613,50.041,110.861,70.716,1.186,1.259
82,236,basic,52.063,46.41,74.669,67.202,1.074,1.022
82,239,basic,287.641,172.894,295.29,177.247,1.759,1.768
82,241,basic,386.251,137.815,622.654,219.983,1.939,2.0
82,242,basic,161.813,113.299,0.0,0.0,1.242,
82,243,basic,213.046,116.633,303.786,165.559,0.988,1.017
82,244,basic,36.466,33.982,57.021,53.677,1.149,1.086
82,245,basic,325.975,281.817,393.782,340.775,1.264,1.267
82,246,basic,230.72,124.116,332.259,174.598,1.165,1.305
82,247,basic,367.137,129.666,666.911,228.865,1.622,1.788
82,248,basic,146.356,95.289,0.0,0.0,0.894,
82,249,basic,31.835,24.323,36.58,28.18,0.905,0.861
82,250,basic,85.155,64.955,152.329,117.433,0.963,0.898
82,251,basic,133.561,65.92,159.53,76.646,1.421,1.583
82,252,basic,244.393,176.212,271.514,188.946,1.47,1.671
82,255,basic,86.687,58.608,125.631,84.096,0.882,0.946
82,257,basic,120.767,105.728,181.205,155.972,1.068,1.181
82,259,basic,167.094,127.048,0.0,0.0,1.283,
82,261,basic,170.204,155.721,231.953,207.71,1.113,1.259
82,262,basic,186.088,145.111,159.245,122.076,1.068,1.169
82,264,basic,82.095,38.023,0.0,0.0,0.924,
82,266,basic,104.862,84.722,134.971,109.483,0.901,0.875
82,267,basic,107.896,94.915,129.9,114.294,1.012,1.011
82,268,basic,106.591,101.262,116.243,110.431,1.057,1.069
82,269,basic,107.803,101.128,134.695,126.191,1.092,1.14
82,270,basic,158.891,112.344,165.792,116.443,1.515,1.552
82,272,basic,37.644,35.468,0.0,0.0,1.095,
82,275,basic,96.682,91.053,131.022,122.464,1.178,1.332
82,276,basic,147.465,73.925,120.076,59.877,1.129,1.161
82,277,basic,125.945,84.8,144.532,97.092,1.018,1.031
82,279,basic,107.553,49.139,135.105,61.071,0.996,1.059
82,281,basic,69.804,48.193,79.096,53.991,0.811,0.874
82,282,basic,76.319,58.841,86.287,65.13,0.904,1.023
82,286,basic,183.155,111.198,231.686,131.344,2.123,2.592
82,287,gifted,190.0,174.279,0.0,0.0,,
82,288,basic,195.17,169.044,227.304,200.329,1.493,1.444
82,289,basic,155.044,131.38,0.0,0.0,1.354,
82,291,basic,378.814,259.282,565.795,405.879,2.403,2.121
82,292,basic,564.702,326.924,798.415,450.96,1.507,1.665
82,930,basic,399.324,359.359,500.37,452.459,2.383,2.284
82,935,basic,437.762,305.639,713.082,494.08,1.9,1.944
82,939,basic,219.994,108.373,0.0,0.0,1.721,
82,949,basic,376.39,311.232,631.832,508.301,1.528,1.697
82,955,basic,44.062,41.859,0.0,0.0,2.777,
82,971,basic,0.0,0.0,587.328,272.971,,1.127
82,971,gifted,516.038,473.34,0.0,0.0,,
82,972,basic,263.81,194.88,0.0,0.0,1.863,
82,974,basic,85.422,77.978,201.845,180.845,1.238,1.286
82,977,basic,236.516,182.123,420.568,318.24,1.326,1.442
83,103,basic,263.597,239.51,300.567,273.006,1.64,1.641
83,104,basic,125.899,46.103,139.872,52.474,2.344,2.248
83,105,basic,451.905,200.513,323.44,139.152,2.287,2.425
83,105,gifted,179.819,164.798,0.0,0.0,,
83,106,basic,462.701,278.871,345.874,212.302,1.724,1.632
83,106,gifted,117.001,107.228,0.0,0.0,,
83,107,basic,499.043,233.749,520.566,242.604,2.48,2.504
83,109,basic,150.498,100.485,154.872,103.479,2.096,2.093
83,110,basic,408.293,196.633,422.629,203.174,2.117,2.125
83,113,basic,398.603,240.174,318.421,191.347,2.331,2.338
83,113,gifted,138.095,126.559,0.0,0.0,,
83,115,basic,152.358,87.459,179.088,102.628,1.723,1.73
83,117,basic,259.536,155.018,235.146,143.037,2.298,2.217
83,117,gifted,89.736,82.241,0.0,0.0,,
83,118,basic,263.452,131.161,432.935,216.205,2.137,2.123
83,130,basic,679.973,380.735,723.855,403.686,1.699,1.715
83,201,basic,77.016,52.077,104.123,67.471,1.056,1.234
83,202,basic,163.316,82.827,175.913,84.995,1.597,1.795
83,203,basic,258.41,184.551,281.935,198.147,1.292,1.362
83,204,basic,174.189,129.0,185.635,102.84,1.372,2.763
83,208,basic,205.804,175.855,0.0,0.0,1.232,
83,209,basic,147.283,44.465,167.317,50.393,0.778,0.787
83,210,basic,192.932,73.217,0.0,0.0,1.372,
83,211,basic,76.883,49.285,109.72,67.834,1.091,1.245
83,212,gifted,205.493,188.328,0.0,0.0,,
83,215,basic,119.508,68.594,136.609,77.786,0.878,0.911
83,218,basic,160.811,98.831,180.769,110.539,0.779,0.801
83,220,basic,84.621,72.023,0.0,0.0,1.269,
83,221,basic,164.38,112.243,237.954,143.467,0.903,1.356
83,222,basic,143.984,88.381,169.661,103.192,1.82,1.865
83,225,basic,75.668,36.799,80.606,38.911,1.164,1.196
83,226,basic,265.824,168.956,314.974,197.161,1.188,1.275
83,229,basic,253.547,221.231,0.0,0.0,1.135,
83,230,basic,110.14,76.586,141.66,92.661,1.038,1.319
83,233,basic,280.323,172.344,387.88,235.415,0.835,0.89
83,234,basic,75.804,65.283,0.0,0.0,1.16,
83,235,basic,85.666,53.055,122.017,74.633,1.215,1.282
83,236,basic,46.174,41.159,63.117,56.887,1.032,0.981
83,239,basic,272.945,158.047,280.29,162.089,1.704,1.711
83,241,basic,387.414,113.856,624.471,180.841,1.86,1.93
83,242,basic,147.408,105.022,0.0,0.0,1.182,
83,243,basic,221.144,112.111,314.553,158.519,0.99,1.019
83,244,basic,34.033,31.771,54.251,51.022,1.137,1.103
83,245,basic,316.058,280.411,385.844,342.376,1.24,1.256
83,246,basic,240.159,118.483,342.847,164.555,1.201,1.322
83,247,basic,370.634,107.28,672.123,188.065,1.568,1.706
83,248,basic,144.378,93.309,0.0,0.0,0.886,
83,249,basic,30.425,24.454,35.673,28.809,0.838,0.82
83,250,basic,83.169,65.213,149.472,118.855,0.961,0.899
83,251,basic,130.252,57.526,155.08,66.155,1.335,1.483
83,252,basic,234.605,167.736,260.814,178.786,1.393,1.561
83,255,basic,83.383,56.847,122.092,81.628,0.831,0.92
83,257,basic,120.537,108.231,180.267,158.951,1.072,1.183
83,259,basic,166.619,129.198,0.0,0.0,1.295,
83,261,basic,174.447,160.495,236.362,211.702,1.104,1.265
83,262,basic,188.023,150.494,161.181,126.077,1.069,1.166
83,264,basic,78.81,32.133,0.0,0.0,0.899,
83,266,basic,105.434,87.643,135.926,113.629,0.881,0.856
83,267,basic,116.694,108.182,141.677,131.402,1.024,1.024
83,268,basic,108.336,102.919,118.328,112.412,1.057,1.07
83,269,basic,101.57,95.736,127.797,120.376,1.026,1.082
83,270,basic,162.5,116.041,169.302,120.137,1.456,1.481
83,272,basic,42.412,39.963,0.0,0.0,1.062,
83,275,basic,98.007,92.397,132.076,123.764,1.179,1.321
83,276,basic,152.459,68.085,123.293,54.713,1.14,1.167
83,277,basic,128.34,85.343,146.983,97.459,1.015,1.027
83,279,basic,104.039,41.829,131.85,52.127,0.995,1.066
83,281,basic,62.592,43.413,71.224,48.593,0.812,0.875
83,282,basic,79.556,63.325,89.888,69.508,0.903,1.017
83,286,basic,177.947,113.632,225.943,130.698,1.625,2.066
83,287,gifted,190.0,174.129,0.0,0.0,,
83,288,basic,183.315,164.415,215.611,193.318,1.317,1.363
83,289,basic,157.886,144.14,0.0,0.0,1.392,
83,291,basic,370.679,265.887,561.572,415.429,2.151,1.959
83,292,basic,562.885,320.341,797.208,437.908,1.462,1.623
83,930,basic,398.911,367.244,499.888,460.567,2.349,2.256
83,935,basic,438.166,315.966,713.424,501.925,1.797,1.858
83,939,basic,216.535,98.466,0.0,0.0,1.688,
83,949,basic,379.137,331.33,636.06,539.468,1.515,1.682
83,955,basic,45.689,43.405,0.0,0.0,2.789,
83,971,basic,0.0,0.0,583.671,239.939,,1.119
83,971,gifted,515.259,472.218,0.0,0.0,,
83,972,basic,255.877,196.677,0.0,0.0,1.801,
83,974,basic,88.891,81.77,208.163,187.645,1.261,1.264
83,977,basic,238.646,190.564,425.691,331.019,1.298,1.427
84,103,basic,270.453,239.639,308.457,273.179,1.637,1.639
84,104,basic,135.33,47.772,153.775,55.059,2.29,2.233
84,105,basic,438.245,187.021,309.816,128.458,2.296,2.454
84,105,gifted,180.807,165.952,0.0,0.0,,
84,106,basic,445.201,252.075,332.668,190.889,1.733,1.647
84,106,gifted,115.007,105.559,0.0,0.0,,
84,107,basic,507.952,229.875,529.313,238.533,2.472,2.496
84,109,basic,153.943,97.267,158.924,100.415,2.132,2.132
84,110,basic,396.874,182.31,410.202,188.263,2.125,2.13
84,113,basic,400.124,233.32,324.031,188.42,2.315,2.323
84,113,gifted,136.989,125.735,0.0,0.0,,
84,115,basic,143.423,77.124,169.499,90.923,1.729,1.742
84,117,basic,256.581,146.758,232.194,134.903,2.314,2.227
84,117,gifted,89.528,82.173,0.0,0.0,,
84,118,basic,273.851,130.656,446.951,213.865,2.111,2.095
84,130,basic,668.974,347.594,712.406,368.946,1.736,1.753
84,201,basic,79.655,55.1,106.873,71.392,1.072,1.257
84,202,basic,168.667,89.092,180.809,91.828,1.625,1.828
84,203,basic,248.035,183.734,270.493,197.893,1.279,1.348
84,204,basic,167.985,128.401,183.003,110.628,1.403,2.799
84,208,basic,198.692,170.12,0.0,0.0,1.238,
84,209,basic,161.042,48.161,182.391,54.452,0.767,0.776
84,210,basic,194.101,75.099,0.0,0.0,1.412,
84,211,basic,82.459,53.711,119.995,75.676,1.111,1.285
84,212,gifted,205.296,188.43,0.0,0.0,,
84,215,basic,117.589,67.186,133.884,76.209,0.879,0.902
84,218,basic,152.101,93.939,170.582,104.941,0.771,0.792
84,220,basic,87.413,75.037,0.0,0.0,1.415,
84,221,basic,157.522,105.995,233.862,138.705,1.015,1.613
84,222,basic,151.53,95.203,178.286,111.528,2.012,2.051
84,225,basic,82.891,40.924,88.355,43.333,1.193,1.228
84,226,basic,257.481,165.539,307.196,195.333,1.256,1.338
84,229,basic,247.529,221.387,0.0,0.0,1.141,
84,230,basic,104.959,74.981,135.951,92.117,1.011,1.314
84,233,basic,279.45,172.837,387.885,237.032,0.826,0.892
84,234,basic,74.572,65.678,0.0,0.0,1.174,
84,235,basic,86.734,55.002,122.658,77.014,1.211,1.277
84,236,basic,51.047,46.195,72.34,66.008,1.103,1.047
84,239,basic,279.986,169.131,287.216,173.303,1.733,1.74
84,241,basic,387.159,118.615,624.274,188.915,1.885,1.957
84,242,basic,154.32,111.263,0.0,0.0,1.231,
84,243,basic,220.086,113.047,313.087,159.986,0.985,1.016
84,244,basic,35.25,33.163,55.103,52.069,1.108,1.071
84,245,basic,320.883,291.699,391.119,355.773,1.234,1.252
84,246,basic,238.733,120.121,339.83,166.977,1.215,1.347
84,247,basic,366.771,108.916,665.158,191.808,1.605,1.758
84,248,basic,145.453,94.589,0.0,0.0,0.89,
84,249,basic,29.489,23.634,34.745,27.961,0.866,0.847
84,250,basic,84.787,67.657,151.854,122.611,0.962,0.897
84,251,basic,132.442,59.755,158.243,69.353,1.37,1.528
84,252,basic,224.87,167.232,251.069,179.934,1.421,1.611
84,255,basic,88.237,60.64,127.491,86.289,0.832,0.92
84,257,basic,117.187,107.852,175.528,159.451,1.071,1.182
84,259,basic,168.75,133.297,0.0,0.0,1.394,
84,261,basic,178.445,166.274,241.79,220.911,1.12,1.29
84,262,basic,186.303,152.152,159.556,127.917,1.07,1.17
84,264,basic,78.216,31.627,0.0,0.0,0.923,
84,266,basic,105.267,88.235,135.614,114.172,0.907,0.881
84,267,basic,116.607,108.935,141.256,131.994,1.027,1.027
84,268,basic,111.277,105.713,121.505,115.429,1.058,1.071
84,269,basic,106.566,100.84,133.567,126.387,1.058,1.115
84,270,basic,153.292,113.439,160.089,117.613,1.514,1.55
84,272,basic,42.144,39.905,0.0,0.0,1.071,
84,275,basic,93.537,88.525,126.879,119.566,1.193,1.35
84,276,basic,147.333,66.552,119.837,53.839,1.153,1.182
84,277,basic,128.804,87.247,147.387,99.604,1.019,1.031
84,279,basic,114.615,46.388,143.679,57.401,0.998,1.068
84,281,basic,65.033,45.374,73.837,50.839,0.819,0.884
84,282,basic,77.46,63.054,87.065,69.252,0.876,0.994
84,286,basic,175.585,113.269,223.931,132.684,1.815,2.309
84,287,gifted,190.0,174.391,0.0,0.0,,
84,288,basic,192.897,174.857,226.233,206.681,1.376,1.397
84,289,basic,152.78,138.287,0.0,0.0,1.341,
84,291,basic,376.148,275.489,566.536,430.889,2.237,2.021
84,292,basic,561.817,316.72,796.309,436.096,1.483,1.65
84,930,basic,398.793,373.448,499.817,467.568,2.407,2.314
84,935,basic,437.622,320.466,712.894,516.669,1.839,1.899
84,939,basic,219.662,100.126,0.0,0.0,1.718,
84,949,basic,378.152,332.853,636.272,546.593,1.542,1.72
84,955,basic,45.255,42.993,0.0,0.0,2.774,
84,971,basic,0.0,0.0,589.526,245.835,,1.121
84,971,gifted,515.622,473.261,0.0,0.0,,
84,972,basic,262.223,203.873,0.0,0.0,1.847,
84,974,basic,86.693,80.622,203.543,185.755,1.279,1.305
84,977,basic,238.711,195.896,426.009,342.534,1.333,1.457
85,103,basic,271.575,243.166,309.646,277.186,1.615,1.616
85,104,basic,134.799,55.465,149.839,63.128,2.476,2.375
85,105,basic,469.45,232.553,327.69,157.405,2.282,2.43
85,105,gifted,187.343,171.525,0.0,0.0,,
85,106,basic,452.156,283.479,336.619,213.4,1.815,1.743
85,106,gifted,115.676,105.909,0.0,0.0,,
85,107,basic,484.56,249.459,505.137,258.897,2.462,2.485
85,109,basic,148.734,101.575,154.321,105.431,2.12,2.118
85,110,basic,384.096,206.912,397.075,213.729,2.084,2.088
85,113,basic,391.275,244.92,319.108,198.456,2.348,2.374
85,113,gifted,133.914,122.608,0.0,0.0,,
85,115,basic,137.979,84.72,164.422,100.467,1.717,1.74
85,117,basic,262.835,164.75,236.8,151.401,2.308,2.21
85,117,gifted,89.54,81.98,0.0,0.0,,
85,118,basic,276.252,151.92,446.186,247.078,2.08,2.047
85,130,basic,667.831,405.812,710.989,430.668,1.689,1.703
85,201,basic,71.445,47.665,96.344,61.93,1.032,1.206
85,202,basic,162.464,86.21,174.167,88.908,1.523,1.697
85,203,basic,256.793,175.843,280.544,189.245,1.323,1.397
85,204,basic,169.086,119.799,182.067,99.712,1.356,2.712
85,208,basic,204.566,167.563,0.0,0.0,1.25,
85,209,basic,147.754,52.879,166.179,59.365,0.755,0.764
85,210,basic,194.437,81.547,0.0,0.0,1.397,
85,211,basic,74.892,47.303,108.831,66.389,1.116,1.282
85,212,gifted,205.597,188.238,0.0,0.0,,
85,215,basic,116.042,68.007,131.867,77.105,0.886,0.901
85,218,basic,154.309,96.187,173.121,107.463,0.759,0.778
85,220,basic,92.535,73.913,0.0,0.0,1.4,
85,221,basic,165.88,109.868,243.454,140.615,0.987,1.553
85,222,basic,147.522,86.559,174.439,101.238,1.912,1.977
85,225,basic,81.777,41.471,87.413,43.983,1.205,1.241
85,226,basic,249.439,157.437,299.489,186.99,1.226,1.305
85,229,basic,248.766,201.644,0.0,0.0,1.141,
85,230,basic,107.323,73.048,138.932,89.269,1.016,1.308
85,233,basic,277.267,172.004,386.23,236.225,0.837,0.905
85,234,basic,76.36,61.643,0.0,0.0,1.167,
85,235,basic,87.651,54.131,124.175,75.813,1.227,1.294
85,236,basic,49.004,42.373,68.321,59.842,1.082,1.027
85,239,basic,280.608,162.579,288.232,166.742,1.688,1.696
85,241,basic,384.253,130.278,619.34,207.41,1.863,1.926
85,242,basic,158.779,108.734,0.0,0.0,1.212,
85,243,basic,215.704,114.657,306.887,162.253,0.989,1.018
85,244,basic,34.929,32.386,54.858,51.476,1.104,1.061
85,245,basic,318.71,268.323,388.879,327.043,1.228,1.24
85,246,basic,244.577,126.768,346.379,175.002,1.184,1.308
85,247,basic,369.758,124.525,670.235,218.427,1.583,1.733
85,248,basic,147.65,94.749,0.0,0.0,0.887,
85,249,basic,29.298,22.114,33.648,25.61,0.895,0.86
85,250,basic,94.161,70.237,159.773,120.645,0.961,0.901
85,251,basic,132.246,62.757,157.44,72.384,1.353,1.505
85,252,basic,242.481,166.514,269.323,177.641,1.437,1.619
85,255,basic,89.213,59.757,127.402,84.223,0.835,0.902
85,257,basic,119.472,100.949,179.574,148.564,1.081,1.191
85,259,basic,159.742,116.662,0.0,0.0,1.311,
85,261,basic,168.106,151.343,227.139,199.061,1.073,1.212
85,262,basic,189.905,144.387,161.777,120.401,1.06,1.161
85,264,basic,76.382,34.389,0.0,0.0,0.925,
85,266,basic,105.555,82.787,135.975,107.154,0.913,0.888
85,267,basic,116.481,100.7,141.001,121.888,1.025,1.025
85,268,basic,111.932,106.335,122.175,116.066,1.067,1.08
85,269,basic,103.438,96.482,129.429,120.381,1.019,1.063
85,270,basic,152.561,105.062,159.573,108.924,1.416,1.455
85,272,basic,41.204,38.741,0.0,0.0,1.041,
85,275,basic,88.266,82.132,119.788,109.976,1.146,1.29
85,276,basic,153.715,74.405,124.705,59.944,1.122,1.156
85,277,basic,123.22,80.983,141.459,92.717,1.0,1.013
85,279,basic,103.479,45.785,131.409,57.314,1.006,1.075
85,281,basic,68.344,46.57,77.049,51.873,0.801,0.852
85,282,basic,77.039,58.513,86.398,64.136,0.874,0.975
85,286,basic,178.434,106.188,226.767,123.428,1.847,2.315
85,287,gifted,190.0,173.958,0.0,0.0,,
85,288,basic,183.061,155.07,214.695,183.193,1.392,1.394
85,289,basic,149.901,133.821,0.0,0.0,1.366,
85,291,basic,374.19,256.498,562.092,396.766,2.226,2.007
85,292,basic,563.946,329.738,798.799,452.99,1.513,1.669
85,930,basic,398.722,352.264,499.732,443.64,2.327,2.244
85,935,basic,437.951,307.038,713.086,486.932,1.841,1.884
85,939,basic,220.803,107.773,0.0,0.0,1.718,
85,949,basic,378.796,316.391,637.245,516.546,1.594,1.745
85,955,basic,45.375,43.106,0.0,0.0,2.833,
85,971,basic,0.0,0.0,580.997,261.509,,1.114
85,971,gifted,514.744,471.283,0.0,0.0,,
85,972,basic,261.669,193.083,0.0,0.0,1.844,
85,974,basic,87.318,78.259,205.108,180.801,1.238,1.253
85,977,basic,236.186,176.849,421.347,308.543,1.301,1.421
86,103,basic,269.091,224.757,306.928,256.229,1.655,1.657
86,104,basic,129.385,54.694,145.257,62.488,2.358,2.273
86,105,basic,466.066,221.338,333.827,154.689,2.388,2.545
86,105,gifted,181.437,166.406,0.0,0.0,,
86,106,basic,452.182,271.903,337.782,205.452,1.759,1.674
86,106,gifted,115.636,106.056,0.0,0.0,,
86,107,basic,507.366,252.891,528.729,262.561,2.524,2.548
86,109,basic,156.966,102.069,161.927,105.312,2.123,2.122
86,110,basic,390.853,207.757,403.968,214.602,2.109,2.113
86,113,basic,386.644,230.845,312.191,186.088,2.334,2.336
86,113,gifted,135.279,124.072,0.0,0.0,,
86,115,basic,158.871,91.581,187.478,107.857,1.73,1.742
86,117,basic,254.784,154.968,228.878,141.639,2.317,2.208
86,117,gifted,89.297,81.899,0.0,0.0,,
86,118,basic,273.507,143.377,448.139,235.72,2.157,2.136
86,130,basic,657.247,386.772,699.835,410.89,1.716,1.73
86,201,basic,82.217,55.003,109.436,71.112,1.031,1.209
86,202,basic,174.098,94.319,185.922,97.591,1.689,1.878
86,203,basic,277.389,190.481,302.235,205.153,1.336,1.411
86,204,basic,184.156,128.582,189.408,107.742,1.482,2.876
86,208,basic,207.653,164.539,0.0,0.0,1.253,
86,209,basic,146.305,57.103,164.31,64.033,0.78,0.789
86,210,basic,194.674,88.831,0.0,0.0,1.441,
86,211,basic,71.353,45.533,100.332,62.44,1.092,1.247
86,212,gifted,206.208,189.125,0.0,0.0,,
86,215,basic,118.661,73.013,135.051,82.914,0.91,0.929
86,218,basic,158.504,99.562,177.255,110.95,0.761,0.782
86,220,basic,97.687,76.694,0.0,0.0,1.534,
86,221,basic,163.027,111.876,239.224,145.908,1.035,1.678
86,222,basic,139.886,84.843,166.023,100.211,1.948,2.0
86,225,basic,83.632,44.118,89.468,46.961,1.247,1.278
86,226,basic,267.397,174.953,317.806,206.718,1.385,1.447
86,229,basic,245.588,195.838,0.0,0.0,1.146,
86,230,basic,114.376,76.806,146.252,94.011,1.051,1.34
86,233,basic,277.351,175.442,384.786,240.918,0.818,0.882
86,234,basic,77.85,61.912,0.0,0.0,1.164,
86,235,basic,79.517,51.908,112.669,72.76,1.16,1.237
86,236,basic,48.637,42.956,67.366,60.018,1.033,0.985
86,239,basic,276.66,164.686,284.155,168.935,1.727,1.735
86,241,basic,383.869,145.808,619.895,232.651,1.879,1.959
86,242,basic,158.897,110.037,0.0,0.0,1.214,
86,243,basic,214.805,117.944,305.265,166.901,0.989,1.018
86,244,basic,38.199,35.605,60.601,56.965,1.095,1.07
86,245,basic,317.79,270.039,388.33,329.651,1.227,1.239
86,246,basic,226.088,121.739,325.757,171.771,1.204,1.336
86,247,basic,365.563,137.533,665.527,243.599,1.589,1.756
86,248,basic,151.23,97.117,0.0,0.0,0.897,
86,249,basic,28.094,21.228,32.249,24.547,0.91,0.869
86,250,basic,88.913,64.71,156.908,115.474,0.98,0.909
86,251,basic,127.123,65.47,151.98,76.314,1.372,1.53
86,252,basic,235.494,165.737,261.939,178.436,1.416,1.609
86,255,basic,83.262,55.227,120.006,78.758,0.855,0.925
86,257,basic,118.446,98.858,178.819,146.569,1.073,1.194
86,259,basic,158.294,114.076,0.0,0.0,1.315,
86,261,basic,176.536,157.781,240.337,209.062,1.104,1.265
86,262,basic,186.222,140.651,160.074,118.745,1.074,1.186
86,264,basic,81.159,40.028,0.0,0.0,0.938,
86,266,basic,102.641,80.58,132.059,104.031,0.919,0.895
86,267,basic,120.881,103.888,146.051,125.569,1.041,1.039
86,268,basic,111.094,105.539,121.303,115.238,1.066,1.08
86,269,basic,109.049,101.721,136.059,126.559,1.026,1.071
86,270,basic,161.441,109.619,168.465,113.731,1.491,1.524
86,272,basic,42.086,39.59,0.0,0.0,1.035,
86,275,basic,91.531,85.269,124.139,114.199,1.171,1.318
86,276,basic,149.851,77.723,122.6,63.223,1.134,1.17
86,277,basic,128.509,83.947,147.051,95.875,1.013,1.025
86,279,basic,112.966,53.219,142.35,66.271,1.007,1.081
86,281,basic,67.618,45.4,76.45,50.79,0.819,0.88
86,282,basic,75.201,55.31,84.541,60.999,0.893,1.006
86,286,basic,182.854,113.649,231.443,133.976,2.041,2.536
86,287,gifted,190.0,174.26,0.0,0.0,,
86,288,basic,178.027,151.829,208.139,178.598,1.35,1.345
86,289,basic,156.51,126.434,0.0,0.0,1.377,
86,291,basic,370.225,250.965,558.4,391.194,2.327,2.095
86,292,basic,564.111,328.762,798.712,453.775,1.513,1.682
86,930,basic,399.169,347.46,500.235,439.301,2.302,2.205
86,935,basic,437.982,297.066,713.149,478.141,1.876,1.92
86,939,basic,220.279,112.769,0.0,0.0,1.747,
86,949,basic,377.955,298.786,635.001,488.491,1.55,1.716
86,955,basic,44.828,42.587,0.0,0.0,2.796,
86,971,basic,0.0,0.0,592.149,281.672,,1.145
86,971,gifted,516.466,473.681,0.0,0.0,,
86,972,basic,257.275,184.063,0.0,0.0,1.846,
86,974,basic,88.436,78.963,207.971,183.889,1.195,1.215
86,977,basic,233.354,171.825,418.341,302.549,1.317,1.441
87,103,basic,267.261,235.622,304.734,268.595,1.661,1.662
87,104,basic,142.607,61.795,158.608,70.565,2.729,2.564
87,105,basic,464.98,240.036,335.545,169.809,2.372,2.522
87,105,gifted,180.969,166.124,0.0,0.0,,
87,106,basic,452.782,287.448,338.684,216.893,1.816,1.738
87,106,gifted,116.074,106.552,0.0,0.0,,
87,107,basic,523.603,285.059,545.192,295.866,2.509,2.534
87,109,basic,154.444,106.481,159.076,109.673,2.213,2.212
87,110,basic,405.065,227.695,418.699,235.206,2.118,2.123
87,113,basic,389.583,247.855,315.756,199.754,2.425,2.454
87,113,gifted,134.045,123.049,0.0,0.0,,
87,115,basic,150.043,92.44,176.8,108.755,1.734,1.746
87,117,basic,262.563,169.895,235.475,154.829,2.373,2.253
87,117,gifted,89.858,82.486,0.0,0.0,,
87,118,basic,275.844,155.027,453.067,255.269,2.199,2.181
87,130,basic,659.984,408.473,702.447,433.902,1.74,1.754
87,201,basic,81.012,51.652,109.517,68.08,1.109,1.298
87,202,basic,169.454,88.821,182.418,92.282,1.774,2.033
87,203,basic,258.605,170.7,282.703,184.511,1.393,1.479
87,204,basic,187.386,127.14,191.929,108.492,1.51,2.985
87,208,basic,205.161,160.204,0.0,0.0,1.297,
87,209,basic,141.65,52.337,158.505,58.499,0.778,0.787
87,210,basic,191.992,83.98,0.0,0.0,1.43,
87,211,basic,79.019,48.523,115.121,69.02,1.11,1.29
87,212,gifted,205.701,188.826,0.0,0.0,,
87,215,basic,123.224,70.719,140.543,80.548,1.007,1.027
87,218,basic,150.342,89.918,168.472,100.486,0.761,0.782
87,220,basic,94.098,71.12,0.0,0.0,1.598,
87,221,basic,163.737,105.346,240.939,138.772,1.091,1.825
87,222,basic,157.102,85.241,186.007,100.783,2.688,2.736
87,225,basic,88.348,44.77,94.322,47.577,1.283,1.317
87,226,basic,253.911,158.469,303.881,189.079,1.35,1.401
87,229,basic,251.095,192.096,0.0,0.0,1.169,
87,230,basic,105.798,68.556,137.34,85.718,1.056,1.351
87,233,basic,278.552,167.633,385.719,230.198,0.822,0.885
87,234,basic,76.928,58.689,0.0,0.0,1.224,
87,235,basic,81.671,49.196,118.021,70.348,1.411,1.498
87,236,basic,48.73,40.821,68.256,57.581,1.065,1.014
87,239,basic,278.974,162.657,286.079,166.797,1.734,1.734
87,241,basic,383.871,140.904,619.429,225.101,1.955,2.034
87,242,basic,160.908,106.991,0.0,0.0,1.255,
87,243,basic,211.436,111.111,300.611,157.382,0.981,1.011
87,244,basic,37.536,34.998,58.255,54.794,1.133,1.087
87,245,basic,322.501,260.067,392.424,316.42,1.273,1.279
87,246,basic,233.409,121.055,335.126,170.584,1.223,1.365
87,247,basic,371.344,134.248,673.296,237.766,1.649,1.82
87,248,basic,143.634,88.696,0.0,0.0,0.894,
87,249,basic,28.669,20.639,33.121,24.009,0.935,0.888
87,250,basic,90.753,63.739,160.48,113.637,0.967,0.904
87,251,basic,135.394,65.8,160.962,76.555,1.444,1.607
87,252,basic,241.532,160.772,268.497,173.41,1.525,1.743
87,255,basic,86.369,54.97,124.658,78.608,0.859,0.933
87,257,basic,120.78,95.788,182.199,142.5,1.096,1.206
87,259,basic,162.535,113.74,0.0,0.0,1.336,
87,261,basic,175.455,153.143,236.939,202.491,1.08,1.221
87,262,basic,184.897,133.814,158.559,113.089,1.079,1.188
87,264,basic,81.516,37.82,0.0,0.0,0.927,
87,266,basic,105.571,78.358,135.423,100.846,0.931,0.904
87,267,basic,124.326,102.242,152.639,125.502,1.034,1.035
87,268,basic,110.358,104.84,120.787,114.748,1.065,1.08
87,269,basic,108.016,100.036,134.785,124.414,1.062,1.106
87,270,basic,160.609,105.384,167.559,109.309,1.582,1.621
87,272,basic,40.731,38.325,0.0,0.0,1.063,
87,275,basic,99.098,91.49,135.561,123.321,1.184,1.341
87,276,basic,155.575,76.69,125.873,61.727,1.12,1.159
87,277,basic,123.38,77.515,141.709,88.86,1.014,1.028
87,279,basic,108.518,48.693,137.154,60.98,1.02,1.089
87,281,basic,66.073,42.512,75.398,47.984,0.832,0.909
87,282,basic,77.137,54.533,86.983,60.429,0.913,1.038
87,286,basic,186.57,107.7,236.25,128.504,2.392,2.914
87,287,gifted,190.0,174.414,0.0,0.0,,
87,288,basic,197.614,157.901,230.477,187.423,1.574,1.496
87,289,basic,156.606,131.78,0.0,0.0,1.409,
87,291,basic,375.963,250.513,562.785,384.122,2.569,2.283
87,292,basic,561.489,328.75,795.694,456.726,1.527,1.682
87,930,basic,398.968,350.647,500.011,441.105,2.416,2.335
87,935,basic,438.442,300.039,713.666,478.342,1.968,1.992
87,939,basic,217.343,110.391,0.0,0.0,1.801,
87,949,basic,382.857,311.497,641.488,509.249,1.604,1.756
87,955,basic,47.161,44.803,0.0,0.0,2.758,
87,971,basic,0.0,0.0,591.414,269.808,,1.142
87,971,gifted,516.411,474.049,0.0,0.0,,
87,972,basic,257.178,183.54,0.0,0.0,1.989,
87,974,basic,86.868,76.483,207.019,180.552,1.212,1.255
87,977,basic,236.126,169.129,419.785,296.47,1.327,1.442
88,103,basic,272.504,247.052,310.868,281.636,1.651,1.653
88,104,basic,127.034,52.63,147.522,61.665,2.291,2.261
88,105,basic,432.647,212.717,313.211,148.834,2.263,2.453
88,105,gifted,179.87,165.422,0.0,0.0,,
88,106,basic,436.42,275.137,327.076,209.144,1.714,1.625
88,106,gifted,114.277,105.098,0.0,0.0,,
88,107,basic,518.876,265.459,540.706,275.462,2.507,2.532
88,109,basic,147.477,101.728,151.627,104.629,2.094,2.092
88,110,basic,399.427,204.413,413.45,211.284,2.124,2.133
88,113,basic,396.766,252.88,326.968,208.276,2.319,2.317
88,113,gifted,135.461,124.58,0.0,0.0,,
88,115,basic,148.302,89.684,175.984,106.106,1.747,1.763
88,117,basic,259.139,161.195,235.927,148.64,2.309,2.237
88,117,gifted,89.656,82.454,0.0,0.0,,
88,118,basic,261.831,142.794,429.98,234.758,2.056,2.05
88,130,basic,667.823,385.387,711.455,408.836,1.746,1.767
88,201,basic,75.626,50.749,100.889,65.598,1.005,1.173
88,202,basic,167.546,85.689,180.833,88.202,1.698,1.948
88,203,basic,260.19,179.933,284.019,193.679,1.34,1.418
88,204,basic,179.347,129.256,186.095,106.049,1.388,2.788
88,208,basic,205.533,168.459,0.0,0.0,1.246,
88,209,basic,157.125,50.47,178.869,57.356,0.783,0.792
88,210,basic,191.163,75.284,0.0,0.0,1.388,
88,211,basic,78.481,49.411,115.537,70.412,1.125,1.303
88,212,gifted,205.682,189.16,0.0,0.0,,
88,215,basic,116.668,63.711,133.185,72.53,0.974,0.997
88,218,basic,154.893,93.852,174.136,105.105,0.76,0.78
88,220,basic,87.688,72.96,0.0,0.0,1.342,
88,221,basic,166.828,106.124,243.96,137.29,0.981,1.558
88,222,basic,155.116,85.695,183.11,100.837,2.414,2.455
88,225,basic,80.818,39.501,86.508,41.994,1.249,1.286
88,226,basic,255.104,153.64,304.52,182.013,1.254,1.322
88,229,basic,255.349,211.054,0.0,0.0,1.14,
88,230,basic,103.281,70.562,136.449,88.669,1.032,1.323
88,233,basic,284.122,171.102,393.097,234.215,0.836,0.895
88,234,basic,75.83,62.326,0.0,0.0,1.213,
88,235,basic,90.477,53.649,127.737,74.987,1.315,1.382
88,236,basic,54.337,47.393,78.579,69.256,1.071,1.022
88,239,basic,285.144,166.239,292.171,170.285,1.735,1.737
88,241,basic,384.893,122.896,620.738,195.958,1.907,1.973
88,242,basic,155.471,106.417,0.0,0.0,1.238,
88,243,basic,219.063,112.134,309.713,157.814,0.991,1.018
88,244,basic,37.391,34.955,58.266,54.884,1.097,1.064
88,245,basic,318.869,269.37,389.038,328.13,1.232,1.248
88,246,basic,227.172,115.124,327.803,162.29,1.17,1.299
88,247,basic,372.031,116.764,674.77,205.452,1.607,1.766
88,248,basic,142.971,90.891,0.0,0.0,0.885,
88,249,basic,29.818,22.462,34.635,26.228,0.876,0.851
88,250,basic,84.644,63.686,154.141,117.532,0.984,0.909
88,251,basic,142.582,63.351,168.918,72.943,1.389,1.546
88,252,basic,233.395,159.767,259.762,171.37,1.45,1.641
88,255,basic,86.411,57.497,124.027,81.52,0.84,0.911
88,257,basic,123.278,105.337,182.541,153.126,1.067,1.175
88,259,basic,158.445,120.752,0.0,0.0,1.243,
88,261,basic,167.165,152.915,224.993,201.019,1.07,1.211
88,262,basic,185.86,141.595,159.178,118.951,1.071,1.175
88,264,basic,82.551,33.599,0.0,0.0,0.963,
88,266,basic,111.044,85.709,143.243,111.042,0.918,0.893
88,267,basic,117.582,102.433,142.931,124.473,1.021,1.023
88,268,basic,110.263,104.75,120.415,114.394,1.068,1.08
88,269,basic,104.162,97.781,130.713,122.489,1.063,1.121
88,270,basic,157.165,108.649,164.023,112.528,1.564,1.601
88,272,basic,42.614,40.189,0.0,0.0,1.063,
88,275,basic,94.013,88.402,128.61,119.8,1.18,1.325
88,276,basic,149.757,68.01,122.799,55.404,1.111,1.147
88,277,basic,121.594,79.564,139.557,91.072,1.012,1.026
88,279,basic,99.066,41.225,125.008,51.376,0.998,1.066
88,281,basic,64.254,43.391,73.053,48.677,0.825,0.892
88,282,basic,74.27,56.98,83.553,62.728,0.909,1.019
88,286,basic,174.762,103.21,223.449,121.298,1.869,2.368
88,287,gifted,190.0,174.738,0.0,0.0,,
88,288,basic,200.141,172.71,235.153,204.462,1.447,1.454
88,289,basic,157.507,144.996,0.0,0.0,1.356,
88,291,basic,375.524,258.264,562.125,396.864,2.347,2.109
88,292,basic,562.235,327.21,794.044,449.935,1.47,1.623
88,930,basic,399.165,364.363,500.21,456.501,2.436,2.352
88,935,basic,437.585,317.339,712.66,502.065,1.819,1.88
88,939,basic,219.866,103.358,0.0,0.0,1.736,
88,949,basic,378.787,330.5,639.816,543.831,1.581,1.743
88,955,basic,44.877,42.633,0.0,0.0,2.789,
88,971,basic,0.0,0.0,585.779,249.564,,1.126
88,971,gifted,515.454,474.049,0.0,0.0,,
88,972,basic,265.262,197.959,0.0,0.0,1.931,
88,974,basic,84.991,77.807,199.726,178.989,1.28,1.321
88,977,basic,238.259,183.421,423.784,320.013,1.328,1.446
89,103,basic,272.955,233.979,311.26,266.729,1.623,1.624
89,104,basic,146.637,60.085,162.537,68.377,2.432,2.318
89,105,basic,437.249,211.737,315.709,148.732,2.247,2.384
89,105,gifted,178.923,164.354,0.0,0.0,,
89,106,basic,468.967,284.451,352.428,216.678,1.787,1.705
89,106,gifted,117.289,107.738,0.0,0.0,,
89,107,basic,507.839,251.461,529.167,260.863,2.477,2.501
89,109,basic,153.073,100.069,157.655,103.048,2.088,2.089
89,110,basic,382.366,203.155,395.735,209.986,2.084,2.09
89,113,basic,381.592,228.001,305.565,181.813,2.342,2.356
89,113,gifted,134.831,123.852,0.0,0.0,,
89,115,basic,150.466,88.381,177.691,104.133,1.729,1.741
89,117,basic,250.205,151.459,225.329,138.762,2.294,2.207
89,117,gifted,89.312,82.039,0.0,0.0,,
89,118,basic,280.778,148.857,460.364,244.606,2.093,2.082
89,130,basic,662.348,390.634,705.58,414.684,1.716,1.733
89,201,basic,78.382,52.886,105.292,68.528,1.034,1.208
89,202,basic,170.355,90.429,183.139,92.769,1.646,1.867
89,203,basic,258.736,178.059,282.448,191.419,1.326,1.403
89,204,basic,170.678,119.708,184.521,100.301,1.409,2.797
89,208,basic,205.339,166.164,0.0,0.0,1.24,
89,209,basic,149.066,57.911,167.856,65.123,0.758,0.764
89,210,basic,192.252,86.426,0.0,0.0,1.38,
89,211,basic,77.456,49.822,110.082,68.587,1.093,1.249
89,212,gifted,205.431,188.703,0.0,0.0,,
89,215,basic,121.869,73.668,138.898,83.627,0.916,0.939
89,218,basic,156.063,99.661,175.2,111.402,0.761,0.781
89,220,basic,89.849,72.226,0.0,0.0,1.355,
89,221,basic,165.182,114.767,240.938,147.19,0.939,1.479
89,222,basic,153.968,85.609,181.994,100.195,2.212,2.278
89,225,basic,90.733,47.441,96.981,50.349,1.237,1.272
89,226,basic,264.046,170.838,313.589,201.528,1.299,1.361
89,229,basic,252.661,204.345,0.0,0.0,1.127,
89,230,basic,105.449,72.312,137.806,89.225,1.009,1.308
89,233,basic,283.064,180.296,393.785,247.176,0.837,0.909
89,234,basic,76.043,60.908,0.0,0.0,1.163,
89,235,basic,80.734,50.565,115.58,71.344,1.288,1.37
89,236,basic,48.317,42.001,67.799,59.644,1.076,1.024
89,239,basic,283.431,165.965,290.524,170.062,1.71,1.712
89,241,basic,383.732,138.881,619.202,221.273,1.889,1.955
89,242,basic,170.702,117.748,0.0,0.0,1.219,
89,243,basic,213.051,117.75,303.091,166.643,0.982,1.01
89,244,basic,36.043,33.359,56.125,52.562,1.1,1.061
89,245,basic,320.724,270.475,389.814,328.491,1.235,1.247
89,246,basic,231.889,125.193,331.184,174.036,1.15,1.284
89,247,basic,369.603,134.177,670.93,235.82,1.582,1.734
89,248,basic,146.69,95.262,0.0,0.0,0.898,
89,249,basic,28.198,21.482,32.666,25.069,0.886,0.855
89,250,basic,86.139,64.021,153.446,115.596,0.973,0.904
89,251,basic,135.932,68.149,161.278,78.33,1.379,1.536
89,252,basic,238.228,165.466,264.775,176.699,1.464,1.651
89,255,basic,86.567,58.663,124.573,83.185,0.832,0.909
89,257,basic,123.034,103.8,183.479,151.71,1.092,1.2
89,259,basic,158.241,114.783,0.0,0.0,1.315,
89,261,basic,173.577,155.967,234.381,205.289,1.062,1.193
89,262,basic,188.003,143.158,161.178,120.168,1.075,1.178
89,264,basic,81.251,39.347,0.0,0.0,0.931,
89,266,basic,103.476,82.518,132.884,106.505,0.898,0.871
89,267,basic,119.205,102.556,145.135,124.842,1.034,1.035
89,268,basic,110.274,104.76,120.636,114.604,1.069,1.084
89,269,basic,106.983,99.461,133.509,123.693,1.005,1.05
89,270,basic,153.991,103.925,160.912,107.702,1.496,1.532
89,272,basic,39.462,36.918,0.0,0.0,1.075,
89,275,basic,91.427,85.158,124.198,114.043,1.119,1.263
89,276,basic,140.819,71.973,117.018,59.412,1.139,1.173
89,277,basic,128.782,85.38,147.857,97.768,1.016,1.029
89,279,basic,106.974,50.314,134.55,62.501,0.988,1.049
89,281,basic,70.039,47.94,79.757,53.79,0.821,0.887
89,282,basic,75.312,56.837,84.823,62.402,0.883,1.0
89,286,basic,179.095,109.427,227.028,127.378,1.855,2.314
89,287,gifted,190.0,174.528,0.0,0.0,,
89,288,basic,191.028,160.326,223.792,189.171,1.402,1.406
89,289,basic,154.987,131.217,0.0,0.0,1.332,
89,291,basic,373.405,249.874,559.983,389.137,2.295,2.057
89,292,basic,564.756,330.191,798.568,453.542,1.506,1.66
89,930,basic,398.616,339.475,499.575,428.048,2.345,2.269
89,935,basic,437.985,301.951,713.195,481.234,1.804,1.868
89,939,basic,224.751,112.563,0.0,0.0,1.715,
89,949,basic,373.581,301.559,631.786,493.204,1.543,1.707
89,955,basic,45.034,42.782,0.0,0.0,2.777,
89,971,basic,0.0,0.0,590.833,279.575,,1.128
89,971,gifted,516.331,474.286,0.0,0.0,,
89,972,basic,261.791,186.06,0.0,0.0,1.901,
89,974,basic,86.024,76.646,203.488,178.543,1.188,1.211
89,977,basic,237.686,176.729,420.798,306.038,1.294,1.415
90,103,basic,273.631,251.186,311.866,286.252,1.691,1.69
90,104,basic,139.352,53.244,151.243,59.575,2.675,2.485
90,105,basic,439.214,209.366,317.367,147.873,2.348,2.52
90,105,gifted,177.194,163.132,0.0,0.0,,
90,106,basic,449.788,274.133,331.983,204.165,1.837,1.755
90,106,gifted,115.487,106.323,0.0,0.0,,
90,107,basic,513.407,260.594,534.468,270.436,2.501,2.525
90,109,basic,146.197,99.641,150.659,102.613,2.267,2.271
90,110,basic,409.628,212.676,424.236,220.068,2.182,2.189
90,113,basic,401.12,251.62,328.865,204.738,2.473,2.515
90,113,gifted,135.542,124.786,0.0,0.0,,
90,115,basic,154.308,89.956,181.923,105.905,1.744,1.754
90,117,basic,265.176,168.075,238.914,153.772,2.394,2.281
90,117,gifted,90.091,82.941,0.0,0.0,,
90,118,basic,261.845,137.911,430.904,227.439,2.169,2.154
90,130,basic,659.731,381.274,702.133,404.879,1.754,1.77
90,201,basic,84.385,55.119,112.684,71.635,1.044,1.238
90,202,basic,170.639,86.059,183.934,89.269,1.798,2.074
90,203,basic,265.493,182.784,289.413,197.059,1.358,1.441
90,204,basic,171.486,123.014,186.919,110.74,1.437,2.951
90,208,basic,209.967,175.101,0.0,0.0,1.271,
90,209,basic,148.427,44.348,166.371,49.66,0.773,0.78
90,210,basic,193.329,75.122,0.0,0.0,1.44,
90,211,basic,74.868,45.846,110.954,66.266,1.112,1.296
90,212,gifted,205.759,189.431,0.0,0.0,,
90,215,basic,118.786,64.241,135.912,73.313,1.007,1.035
90,218,basic,153.63,89.184,171.816,99.435,0.764,0.786
90,220,basic,86.597,73.266,0.0,0.0,1.462,
90,221,basic,168.456,108.992,247.075,143.982,1.075,1.758
90,222,basic,148.843,84.991,176.45,100.499,2.553,2.599
90,225,basic,89.344,42.428,95.348,45.056,1.253,1.29
90,226,basic,250.995,157.476,300.589,187.476,1.304,1.371
90,229,basic,257.114,212.804,0.0,0.0,1.16,
90,230,basic,104.075,68.815,136.61,86.841,1.043,1.346
90,233,basic,281.49,164.175,388.748,225.072,0.838,0.893
90,234,basic,72.903,60.086,0.0,0.0,1.205,
90,235,basic,89.933,53.303,127.626,75.198,1.443,1.499
90,236,basic,51.301,46.248,72.866,66.197,1.079,1.026
90,239,basic,270.522,158.112,277.598,162.221,1.725,1.727
90,241,basic,381.911,120.226,617.14,192.104,1.92,2.007
90,242,basic,160.016,108.861,0.0,0.0,1.229,
90,243,basic,219.119,107.899,311.947,153.036,0.989,1.019
90,244,basic,37.023,34.849,58.062,54.904,1.142,1.096
90,245,basic,321.048,282.095,390.623,343.08,1.262,1.272
90,246,basic,240.437,117.079,342.323,163.518,1.22,1.363
90,247,basic,371.597,113.595,675.695,201.704,1.582,1.751
90,248,basic,147.972,89.775,0.0,0.0,0.897,
90,249,basic,28.169,20.843,32.4,24.092,0.929,0.896
90,250,basic,83.079,60.93,149.758,110.762,0.965,0.902
90,251,basic,128.164,57.915,153.356,67.773,1.383,1.547
90,252,basic,239.293,169.626,265.745,183.102,1.451,1.65
90,255,basic,86.803,55.206,124.765,78.62,0.852,0.924
90,257,basic,119.803,104.179,181.221,155.375,1.095,1.206
90,259,basic,169.111,124.758,0.0,0.0,1.379,
90,261,basic,168.614,155.856,228.807,207.066,1.135,1.31
90,262,basic,193.133,147.071,164.103,123.192,1.065,1.169
90,264,basic,80.027,32.219,0.0,0.0,0.97,
90,266,basic,111.364,86.932,143.576,112.429,0.94,0.915
90,267,basic,121.245,107.085,148.415,131.049,1.037,1.039
90,268,basic,110.972,105.424,121.043,114.991,1.07,1.085
90,269,basic,103.785,98.148,130.074,122.979,1.059,1.111
90,270,basic,153.488,105.372,160.27,109.369,1.613,1.653
90,272,basic,43.604,41.298,0.0,0.0,1.073,
90,275,basic,88.777,84.12,120.961,114.189,1.175,1.329
90,276,basic,152.522,68.06,123.438,54.879,1.17,1.195
90,277,basic,123.598,78.136,141.839,89.49,1.02,1.034
90,279,basic,108.515,42.999,136.749,53.643,1.015,1.089
90,281,basic,69.169,44.541,78.856,50.236,0.835,0.91
90,282,basic,75.844,56.27,85.22,62.101,0.893,1.019
90,286,basic,173.495,108.901,221.782,130.531,2.002,2.518
90,287,gifted,190.0,174.922,0.0,0.0,,
90,288,basic,173.465,155.956,203.857,184.424,1.408,1.408
90,289,basic,156.665,141.758,0.0,0.0,1.414,
90,291,basic,376.766,277.423,564.624,426.086,2.413,2.147
90,292,basic,561.764,318.01,797.793,441.888,1.542,1.71
90,930,basic,399.602,370.955,500.613,464.359,2.478,2.387
90,935,basic,437.723,318.001,712.954,508.116,1.945,1.974
90,939,basic,215.329,101.307,0.0,0.0,1.788,
90,949,basic,379.246,327.86,637.053,539.767,1.632,1.782
90,955,basic,46.13,43.824,0.0,0.0,2.776,
90,971,basic,0.0,0.0,577.012,235.466,,1.139
90,971,gifted,514.819,473.965,0.0,0.0,,
90,972,basic,259.729,198.39,0.0,0.0,1.993,
90,974,basic,85.608,79.535,202.938,185.975,1.233,1.264
90,977,basic,242.149,184.025,430.584,322.642,1.347,1.461
91,103,basic,259.292,224.197,295.724,255.56,1.639,1.641
91,104,basic,139.293,63.445,161.196,74.241,2.285,2.247
91,105,basic,432.207,215.396,308.48,148.131,2.241,2.399
91,105,gifted,178.525,164.28,0.0,0.0,,
91,106,basic,451.956,297.947,341.072,228.734,1.687,1.606
91,106,gifted,115.861,106.616,0.0,0.0,,
91,107,basic,519.734,262.198,541.697,271.875,2.494,2.517
91,109,basic,146.559,100.43,150.85,103.378,2.092,2.091
91,110,basic,416.961,243.958,431.76,252.226,2.194,2.201
91,113,basic,389.022,238.476,313.143,191.549,2.286,2.292
91,113,gifted,133.949,123.261,0.0,0.0,,
91,115,basic,138.135,84.518,163.238,99.604,1.707,1.718
91,117,basic,260.083,168.307,235.221,155.467,2.314,2.223
91,117,gifted,89.981,82.801,0.0,0.0,,
91,118,basic,259.542,143.889,426.238,236.954,2.098,2.086
91,130,basic,661.525,447.568,703.946,474.618,1.666,1.68
91,201,basic,76.01,48.318,104.035,63.283,1.084,1.264
91,202,basic,173.169,89.424,185.339,91.4,1.591,1.771
91,203,basic,262.441,172.097,286.045,184.502,1.276,1.345
91,204,basic,173.131,112.782,188.297,89.967,1.422,2.874
91,208,basic,210.154,171.042,0.0,0.0,1.226,
91,209,basic,141.369,61.207,159.162,68.781,0.777,0.785
91,210,basic,192.128,93.031,0.0,0.0,1.364,
91,211,basic,78.278,47.967,116.985,68.707,1.104,1.28
91,212,gifted,205.536,189.136,0.0,0.0,,
91,215,basic,120.027,80.658,136.81,91.414,0.85,0.873
91,218,basic,158.146,101.047,177.435,112.778,0.761,0.782
91,220,basic,91.531,69.527,0.0,0.0,1.355,
91,221,basic,164.91,124.87,240.564,158.561,0.915,1.404
91,222,basic,139.745,77.34,165.5,90.87,1.843,1.881
91,225,basic,77.866,41.456,82.997,43.843,1.156,1.188
91,226,basic,247.76,178.768,297.241,211.054,1.187,1.275
91,229,basic,253.187,193.444,0.0,0.0,1.129,
91,230,basic,111.422,70.804,142.346,84.981,1.062,1.339
91,233,basic,283.695,183.514,393.617,250.757,0.827,0.889
91,234,basic,78.429,58.006,0.0,0.0,1.207,
91,235,basic,89.721,59.57,127.512,83.473,1.171,1.242
91,236,basic,47.084,40.871,65.748,57.852,1.048,0.997
91,239,basic,267.27,148.291,274.365,152.004,1.658,1.665
91,241,basic,385.202,144.635,621.947,229.61,1.866,1.943
91,242,basic,155.834,104.841,0.0,0.0,1.195,
91,243,basic,215.471,120.241,307.394,170.401,0.979,1.009
91,244,basic,37.011,33.819,58.21,53.754,1.035,1.027
91,245,basic,319.797,271.615,389.486,330.307,1.223,1.239
91,246,basic,237.322,126.022,340.61,175.508,1.192,1.319
91,247,basic,369.629,142.487,671.271,249.852,1.548,1.684
91,248,basic,145.049,91.854,0.0,0.0,0.878,
91,249,basic,28.172,21.676,32.871,25.463,0.861,0.837
91,250,basic,79.981,55.698,144.724,102.313,0.954,0.89
91,251,basic,126.183,69.283,151.21,80.03,1.327,1.477
91,252,basic,230.593,161.573,256.535,172.288,1.318,1.478
91,255,basic,87.131,56.871,126.102,80.783,0.824,0.906
91,257,basic,120.203,98.849,180.105,144.343,1.066,1.181
91,259,basic,168.731,110.974,0.0,0.0,1.319,
91,261,basic,173.81,151.064,234.483,197.283,1.052,1.183
91,262,basic,184.445,136.306,158.925,114.611,1.077,1.175
91,264,basic,79.76,44.981,0.0,0.0,0.913,
91,266,basic,107.285,87.331,138.422,113.309,0.882,0.858
91,267,basic,119.883,103.649,145.345,125.665,1.016,1.016
91,268,basic,114.45,108.692,125.543,119.197,1.075,1.09
91,269,basic,106.51,96.992,133.066,120.421,0.982,1.025
91,270,basic,161.172,99.84,168.035,103.287,1.421,1.45
91,272,basic,42.738,39.197,0.0,0.0,1.011,
91,275,basic,90.793,82.106,124.58,110.095,1.187,1.324
91,276,basic,158.121,88.283,126.975,70.332,1.112,1.145
91,277,basic,127.595,80.517,146.249,92.027,1.008,1.02
91,279,basic,101.774,50.38,128.913,62.794,0.989,1.055
91,281,basic,70.989,46.586,80.947,52.216,0.811,0.874
91,282,basic,77.806,54.288,87.909,59.541,0.872,0.984
91,286,basic,179.331,116.382,227.265,133.919,1.712,2.137
91,287,gifted,190.0,174.839,0.0,0.0,,
91,288,basic,191.382,156.607,222.92,182.341,1.252,1.271
91,289,basic,155.004,121.2,0.0,0.0,1.339,
91,291,basic,370.181,247.877,559.085,385.717,2.186,1.987
91,292,basic,564.716,334.641,799.382,457.444,1.472,1.623
91,930,basic,399.106,298.239,500.157,378.326,2.219,2.129
91,935,basic,438.331,284.35,713.743,449.231,1.804,1.862
91,939,basic,220.882,117.668,0.0,0.0,1.69,
91,949,basic,378.849,283.615,638.384,456.437,1.491,1.66
91,955,basic,47.026,44.528,0.0,0.0,2.7,
91,971,basic,0.0,0.0,588.286,288.77,,1.108
91,971,gifted,515.718,474.567,0.0,0.0,,
91,972,basic,257.819,178.353,0.0,0.0,1.79,
91,974,basic,87.862,69.104,206.059,161.305,1.211,1.202
91,977,basic,237.078,160.924,421.929,278.743,1.281,1.407
92,103,basic,270.359,237.776,308.339,271.068,1.664,1.665
92,104,basic,122.118,43.99,137.253,50.697,2.514,2.399
92,105,basic,471.08,212.181,340.074,149.128,2.284,2.434
92,105,gifted,184.354,168.764,0.0,0.0,,
92,106,basic,452.612,263.199,338.242,199.347,1.755,1.668
92,106,gifted,115.87,106.071,0.0,0.0,,
92,107,basic,510.409,240.576,532.05,249.734,2.518,2.543
92,109,basic,153.389,98.549,157.961,101.498,2.135,2.134
92,110,basic,397.069,188.387,410.703,194.669,2.102,2.108
92,113,basic,391.995,233.356,317.812,188.707,2.336,2.343
92,113,gifted,135.488,124.03,0.0,0.0,,
92,115,basic,147.361,82.788,173.987,97.53,1.725,1.738
92,117,basic,258.454,150.701,232.973,138.218,2.299,2.201
92,117,gifted,89.865,82.265,0.0,0.0,,
92,118,basic,261.354,130.023,429.946,214.323,2.12,2.109
92,130,basic,659.584,354.586,702.53,376.434,1.702,1.719
92,201,basic,83.692,57.286,113.859,75.297,1.095,1.283
92,202,basic,171.463,90.994,183.552,93.81,1.649,1.846
92,203,basic,258.677,188.411,281.976,202.737,1.295,1.367
92,204,basic,178.449,133.358,189.917,110.189,1.437,2.974
92,208,basic,204.752,170.556,0.0,0.0,1.253,
92,209,basic,144.934,45.663,163.564,51.448,0.778,0.787
92,210,basic,193.393,76.309,0.0,0.0,1.409,
92,211,basic,73.331,47.861,110.778,69.865,1.107,1.296
92,212,gifted,205.467,188.091,0.0,0.0,,
92,215,basic,119.141,68.074,135.532,77.202,0.87,0.889
92,218,basic,155.346,96.365,174.449,107.764,0.77,0.792
92,220,basic,89.443,74.642,0.0,0.0,1.48,
92,221,basic,166.652,109.022,245.596,141.151,1.016,1.635
92,222,basic,141.001,88.456,167.027,104.057,1.959,2.014
92,225,basic,90.023,44.979,96.029,47.668,1.218,1.253
92,226,basic,254.077,158.054,303.737,187.169,1.272,1.35
92,229,basic,244.557,212.439,0.0,0.0,1.152,
92,230,basic,106.343,75.678,138.303,93.548,1.013,1.307
92,233,basic,281.476,174.146,391.23,239.049,0.83,0.898
92,234,basic,78.19,67.523,0.0,0.0,1.214,
92,235,basic,78.884,49.239,113.645,70.193,1.228,1.298
92,236,basic,52.144,46.634,73.131,66.023,1.055,1.006
92,239,basic,266.376,161.199,273.431,165.31,1.717,1.722
92,241,basic,388.053,123.467,626.062,196.441,1.9,1.982
92,242,basic,151.895,108.585,0.0,0.0,1.215,
92,243,basic,215.78,112.407,307.034,159.138,0.987,1.017
92,244,basic,32.957,30.889,52.423,49.462,1.171,1.113
92,245,basic,319.002,282.588,390.608,345.991,1.236,1.25
92,246,basic,225.988,116.161,326.741,164.009,1.187,1.319
92,247,basic,363.272,113.094,660.481,199.435,1.596,1.758
92,248,basic,147.063,96.104,0.0,0.0,0.892,
92,249,basic,29.877,23.462,34.848,27.538,0.873,0.842
92,250,basic,85.153,67.27,153.072,122.216,0.955,0.895
92,251,basic,132.534,59.653,158.283,69.208,1.397,1.557
92,252,basic,235.892,169.553,262.732,181.904,1.444,1.638
92,255,basic,84.586,58.211,122.319,83.021,0.831,0.912
92,257,basic,120.697,107.789,180.855,159.087,1.088,1.194
92,259,basic,156.931,125.405,0.0,0.0,1.244,
92,261,basic,180.059,166.756,243.883,221.346,1.118,1.27
92,262,basic,187.616,149.719,160.434,125.72,1.07,1.169
92,264,basic,79.741,32.622,0.0,0.0,0.938,
92,266,basic,107.023,86.878,137.773,112.317,0.899,0.874
92,267,basic,116.321,106.107,141.642,129.235,1.035,1.035
92,268,basic,112.373,106.755,122.811,116.671,1.057,1.07
92,269,basic,102.008,96.275,128.195,120.945,1.109,1.163
92,270,basic,157.616,116.573,164.455,120.832,1.459,1.492
92,272,basic,44.076,41.701,0.0,0.0,1.07,
92,275,basic,92.319,87.202,125.401,117.81,1.196,1.347
92,276,basic,147.359,67.543,121.273,55.266,1.122,1.154
92,277,basic,121.571,82.523,139.357,94.376,0.998,1.011
92,279,basic,104.007,43.377,131.41,54.13,0.997,1.065
92,281,basic,73.77,51.424,84.632,58.113,0.831,0.907
92,282,basic,77.111,61.746,86.807,67.865,0.914,1.037
92,286,basic,186.786,112.397,235.782,131.292,2.008,2.484
92,287,gifted,190.0,173.932,0.0,0.0,,
92,288,basic,185.703,165.904,217.44,196.293,1.379,1.379
92,289,basic,157.471,142.458,0.0,0.0,1.392,
92,291,basic,380.001,263.852,568.306,411.541,2.376,2.113
92,292,basic,562.036,321.25,795.922,442.476,1.492,1.655
92,930,basic,399.094,371.661,500.119,465.66,2.4,2.302
92,935,basic,437.613,318.567,712.864,511.444,1.827,1.885
92,939,basic,221.494,102.224,0.0,0.0,1.748,
92,949,basic,379.315,332.71,640.362,547.872,1.553,1.728
92,955,basic,47.959,45.561,0.0,0.0,2.702,
92,971,basic,0.0,0.0,586.891,251.086,,1.132
92,971,gifted,515.981,472.346,0.0,0.0,,
92,972,basic,258.071,197.474,0.0,0.0,1.858,
92,974,basic,88.337,82.265,209.879,192.002,1.239,1.268
92,977,basic,230.409,187.34,414.031,329.502,1.295,1.426
93,103,basic,269.29,228.28,307.021,260.224,1.636,1.637
93,104,basic,131.992,56.044,144.76,63.242,2.431,2.308
93,105,basic,450.27,214.391,323.602,149.674,2.305,2.448
93,105,gifted,178.962,164.612,0.0,0.0,,
93,106,basic,455.839,281.363,338.994,212.268,1.786,1.701
93,106,gifted,116.065,106.758,0.0,0.0,,
93,107,basic,485.519,238.521,506.57,247.676,2.483,2.507
93,109,basic,147.938,97.421,152.586,100.494,2.132,2.132
93,110,basic,396.254,230.483,409.614,238.032,2.094,2.098
93,113,basic,395.935,230.13,321.365,185.782,2.395,2.415
93,113,gifted,134.889,124.073,0.0,0.0,,
93,115,basic,150.418,87.302,177.075,102.603,1.73,1.738
93,117,basic,267.253,168.953,241.054,155.613,2.317,2.215
93,117,gifted,89.583,82.4,0.0,0.0,,
93,118,basic,270.328,143.621,442.775,236.169,2.12,2.101
93,130,basic,652.844,421.732,695.184,447.831,1.692,1.704
93,201,basic,83.22,55.094,112.397,71.696,1.025,1.199
93,202,basic,165.382,87.149,178.945,89.391,1.669,1.914
93,203,basic,266.126,176.707,290.613,189.8,1.364,1.445
93,204,basic,171.989,117.39,186.158,96.284,1.376,2.839
93,208,basic,200.623,164.439,0.0,0.0,1.246,
93,209,basic,151.105,65.716,171.627,74.494,0.787,0.796
93,210,basic,193.717,96.171,0.0,0.0,1.403,
93,211,basic,76.331,47.688,114.742,68.979,1.116,1.3
93,212,gifted,205.443,188.97,0.0,0.0,,
93,215,basic,123.542,81.374,141.275,92.674,0.991,1.018
93,218,basic,156.728,101.409,175.703,113.203,0.76,0.78
93,220,basic,94.996,73.249,0.0,0.0,1.451,
93,221,basic,162.11,124.968,239.078,159.998,0.963,1.541
93,222,basic,160.107,83.223,188.701,97.422,2.364,2.415
93,225,basic,71.021,38.611,75.676,40.903,1.171,1.198
93,226,basic,254.775,186.782,304.883,222.197,1.294,1.354
93,229,basic,250.337,196.494,0.0,0.0,1.141,
93,230,basic,105.761,69.633,137.433,85.408,1.004,1.294
93,233,basic,279.563,183.655,389.118,251.96,0.827,0.896
93,234,basic,74.314,56.368,0.0,0.0,1.233,
93,235,basic,83.756,55.28,120.022,77.97,1.328,1.415
93,236,basic,47.853,42.58,67.05,60.307,1.032,0.985
93,239,basic,266.888,153.234,273.698,157.145,1.69,1.69
93,241,basic,382.689,149.54,617.976,237.876,1.881,1.957
93,242,basic,155.924,107.074,0.0,0.0,1.228,
93,243,basic,210.711,119.861,298.411,168.83,0.973,1.002
93,244,basic,35.966,32.838,56.533,52.532,1.09,1.055
93,245,basic,323.046,281.709,392.953,343.169,1.261,1.267
93,246,basic,230.906,126.45,331.909,177.031,1.17,1.296
93,247,basic,369.15,146.535,670.928,257.156,1.568,1.727
93,248,basic,144.462,92.895,0.0,0.0,0.869,
93,249,basic,31.273,24.368,35.712,28.081,0.89,0.853
93,250,basic,89.265,63.066,158.562,113.607,0.977,0.908
93,251,basic,129.338,72.994,154.497,84.413,1.376,1.531
93,252,basic,239.754,171.726,266.353,183.231,1.408,1.587
93,255,basic,85.837,56.613,122.655,80.004,0.839,0.896
93,257,basic,122.244,103.517,182.55,151.397,1.078,1.186
93,259,basic,155.764,107.091,0.0,0.0,1.257,
93,261,basic,161.548,143.058,218.913,188.66,1.067,1.198
93,262,basic,187.31,142.683,159.583,119.031,1.06,1.159
93,264,basic,78.888,45.516,0.0,0.0,0.909,
93,266,basic,112.517,93.485,144.735,120.907,0.91,0.882
93,267,basic,119.953,106.261,146.486,129.76,1.023,1.024
93,268,basic,106.316,100.993,115.806,110.001,1.078,1.092
93,269,basic,106.507,97.598,133.038,121.31,1.045,1.092
93,270,basic,160.95,102.343,167.686,105.862,1.457,1.487
93,272,basic,39.786,36.761,0.0,0.0,1.038,
93,275,basic,97.088,89.465,132.091,119.613,1.167,1.313
93,276,basic,150.866,86.303,123.297,70.063,1.125,1.158
93,277,basic,128.049,82.339,146.891,94.187,1.012,1.025
93,279,basic,101.435,51.092,127.374,63.299,0.987,1.05
93,281,basic,66.846,44.343,76.156,49.758,0.818,0.884
93,282,basic,73.11,51.775,82.138,56.799,0.882,0.986
93,286,basic,189.815,122.539,239.374,141.211,1.988,2.471
93,287,gifted,190.0,174.765,0.0,0.0,,
93,288,basic,182.095,148.115,212.467,175.122,1.403,1.378
93,289,basic,157.555,118.061,0.0,0.0,1.364,
93,291,basic,377.704,253.841,564.502,396.793,2.312,2.061
93,292,basic,566.02,333.737,800.803,457.537,1.49,1.651
93,930,basic,399.081,300.538,500.045,380.499,2.315,2.238
93,935,basic,437.538,287.353,712.57,460.042,1.801,1.854
93,939,basic,221.271,119.437,0.0,0.0,1.712,
93,949,basic,387.747,282.148,648.444,457.322,1.535,1.681
93,955,basic,47.627,45.165,0.0,0.0,2.759,
93,971,basic,0.0,0.0,581.872,291.282,,1.113
93,971,gifted,515.234,473.921,0.0,0.0,,
93,972,basic,261.25,176.823,0.0,0.0,1.931,
93,974,basic,86.422,70.213,205.763,165.336,1.188,1.213
93,977,basic,236.858,164.786,420.809,286.056,1.303,1.427
94,103,basic,262.841,237.482,299.715,270.731,1.646,1.647
94,104,basic,139.215,50.12,154.601,57.279,2.771,2.592
94,105,basic,457.258,206.235,325.396,143.468,2.322,2.492
94,105,gifted,181.517,166.318,0.0,0.0,,
94,106,basic,458.783,268.094,344.915,203.005,1.823,1.756
94,106,gifted,115.648,105.965,0.0,0.0,,
94,107,basic,507.577,244.064,529.269,253.666,2.552,2.578
94,109,basic,156.581,104.851,161.503,108.203,2.192,2.189
94,110,basic,401.89,205.529,415.382,212.265,2.089,2.095
94,113,basic,391.812,235.924,312.543,186.934,2.412,2.446
94,113,gifted,136.172,124.77,0.0,0.0,,
94,115,basic,147.449,81.612,173.88,96.101,1.731,1.742
94,117,basic,257.363,160.643,231.419,146.518,2.324,2.218
94,117,gifted,89.916,82.387,0.0,0.0,,
94,118,basic,259.05,130.712,422.561,213.983,2.136,2.11
94,130,basic,646.419,367.792,688.903,390.853,1.737,1.757
94,201,basic,78.96,51.487,106.615,67.719,1.114,1.305
94,202,basic,167.708,87.475,179.826,90.98,1.677,1.893
94,203,basic,257.596,179.958,281.372,194.519,1.333,1.411
94,204,basic,184.509,133.131,189.703,114.746,1.522,2.926
94,208,basic,204.84,171.574,0.0,0.0,1.271,
94,209,basic,157.397,48.211,177.634,54.334,0.78,0.79
94,210,basic,192.944,77.35,0.0,0.0,1.446,
94,211,basic,74.709,45.904,111.652,66.842,1.135,1.327
94,212,gifted,206.071,188.816,0.0,0.0,,
94,215,basic,122.787,70.898,140.171,80.693,0.969,0.997
94,218,basic,155.231,91.265,174.031,102.004,0.77,0.793
94,220,basic,87.75,75.582,0.0,0.0,1.421,
94,221,basic,162.353,111.381,238.808,147.534,1.049,1.731
94,222,basic,146.969,88.741,173.835,104.413,2.249,2.314
94,225,basic,83.271,40.431,88.733,42.896,1.21,1.241
94,226,basic,259.515,172.051,309.233,204.023,1.347,1.408
94,229,basic,243.79,205.814,0.0,0.0,1.145,
94,230,basic,113.177,74.721,143.694,91.433,1.07,1.357
94,233,basic,279.313,166.503,386.713,228.571,0.837,0.9
94,234,basic,74.696,62.284,0.0,0.0,1.254,
94,235,basic,79.814,50.284,114.806,71.737,1.324,1.394
94,236,basic,48.424,44.275,68.124,62.722,1.09,1.032
94,239,basic,265.334,157.288,272.268,161.3,1.718,1.723
94,241,basic,386.108,124.164,623.449,198.557,1.92,1.995
94,242,basic,157.482,109.977,0.0,0.0,1.226,
94,243,basic,217.903,108.623,309.269,153.603,0.982,1.012
94,244,basic,36.243,34.118,57.716,54.56,1.168,1.114
94,245,basic,320.535,292.475,391.032,357.03,1.225,1.24
94,246,basic,230.228,113.905,331.189,160.825,1.213,1.353
94,247,basic,362.616,112.484,659.587,199.752,1.626,1.799
94,248,basic,144.586,89.006,0.0,0.0,0.876,
94,249,basic,31.211,24.181,36.423,28.35,0.88,0.849
94,250,basic,88.757,65.221,155.325,115.127,0.97,0.905
94,251,basic,138.338,64.73,164.244,75.153,1.44,1.606
94,252,basic,238.092,171.479,264.883,185.128,1.489,1.702
94,255,basic,85.559,54.993,123.052,78.309,0.824,0.901
94,257,basic,124.251,110.32,185.383,162.506,1.095,1.201
94,259,basic,167.471,124.379,0.0,0.0,1.342,
94,261,basic,174.109,161.736,237.004,216.054,1.149,1.326
94,262,basic,187.052,145.653,160.451,123.031,1.075,1.188
94,264,basic,79.34,34.008,0.0,0.0,0.942,
94,266,basic,108.261,87.955,139.489,113.695,0.908,0.882
94,267,basic,114.483,106.131,139.535,129.369,1.011,1.013
94,268,basic,108.322,102.905,118.038,112.136,1.062,1.075
94,269,basic,106.023,100.454,132.647,125.676,1.017,1.067
94,270,basic,146.804,102.587,153.395,106.595,1.49,1.528
94,272,basic,41.506,39.293,0.0,0.0,1.078,
94,275,basic,97.98,92.815,133.628,126.171,1.225,1.378
94,276,basic,152.197,71.074,123.324,57.292,1.12,1.158
94,277,basic,129.418,81.914,148.412,93.758,1.022,1.036
94,279,basic,109.988,44.481,138.311,55.387,1.006,1.078
94,281,basic,68.804,44.608,78.008,50.082,0.823,0.89
94,282,basic,78.862,58.279,88.351,64.242,0.905,1.019
94,286,basic,178.249,115.043,227.017,137.76,2.19,2.704
94,287,gifted,190.0,174.091,0.0,0.0,,
94,288,basic,194.05,173.726,228.232,206.174,1.468,1.464
94,289,basic,156.309,134.229,0.0,0.0,1.411,
94,291,basic,377.867,278.443,566.08,429.422,2.41,2.158
94,292,basic,565.974,316.042,800.509,437.916,1.548,1.709
94,930,basic,398.648,371.145,499.65,464.805,2.405,2.321
94,935,basic,438.604,312.187,713.807,502.665,1.897,1.934
94,939,basic,216.379,103.543,0.0,0.0,1.783,
94,949,basic,381.521,323.609,638.743,529.745,1.571,1.734
94,955,basic,46.204,43.894,0.0,0.0,2.795,
94,971,basic,0.0,0.0,593.024,245.634,,1.146
94,971,gifted,516.393,473.154,0.0,0.0,,
94,972,basic,259.079,195.409,0.0,0.0,1.919,
94,974,basic,86.045,79.393,202.216,183.605,1.311,1.359
94,977,basic,245.893,188.221,434.396,327.515,1.337,1.459
95,103,basic,274.755,249.126,313.392,283.996,1.657,1.659
95,104,basic,130.922,56.562,149.316,65.525,2.318,2.257
95,105,basic,451.278,222.115,328.207,156.739,2.297,2.451
95,105,gifted,179.67,165.157,0.0,0.0,,
95,106,basic,438.766,285.812,326.62,216.254,1.725,1.632
95,106,gifted,115.624,106.285,0.0,0.0,,
95,107,basic,506.134,260.935,527.277,270.666,2.488,2.511
95,109,basic,149.416,106.31,153.848,109.486,2.092,2.091
95,110,basic,384.592,219.437,397.691,226.675,2.095,2.1
95,113,basic,391.994,249.498,320.272,203.754,2.315,2.312
95,113,gifted,134.171,123.333,0.0,0.0,,
95,115,basic,148.155,90.767,174.997,106.958,1.715,1.727
95,117,basic,258.886,170.957,233.758,157.053,2.304,2.216
95,117,gifted,89.394,82.174,0.0,0.0,,
95,118,basic,273.85,150.871,451.746,249.265,2.121,2.114
95,130,basic,666.182,428.514,709.522,454.894,1.702,1.718
95,201,basic,82.549,53.377,110.309,68.939,0.999,1.163
95,202,basic,167.738,84.342,179.907,86.826,1.645,1.839
95,203,basic,246.686,163.663,270.09,176.623,1.311,1.383
95,204,basic,177.813,120.115,189.91,98.151,1.436,2.911
95,208,basic,204.147,168.763,0.0,0.0,1.248,
95,209,basic,152.008,54.0,171.345,60.746,0.766,0.775
95,210,basic,193.366,82.223,0.0,0.0,1.393,
95,211,basic,77.364,46.785,115.532,67.375,1.116,1.297
95,212,gifted,205.959,189.323,0.0,0.0,,
95,215,basic,119.086,71.931,135.145,81.529,0.897,0.908
95,218,basic,157.961,95.328,178.024,106.957,0.769,0.791
95,220,basic,88.639,69.386,0.0,0.0,1.445,
95,221,basic,166.823,114.595,245.756,146.767,1.02,1.621
95,222,basic,149.453,79.947,177.726,94.638,2.218,2.26
95,225,basic,90.614,44.416,97.01,47.189,1.249,1.287
95,226,basic,263.062,172.061,313.236,203.399,1.328,1.394
95,229,basic,250.574,197.515,0.0,0.0,1.152,
95,230,basic,105.32,67.806,139.887,85.152,1.037,1.332
95,233,basic,284.111,172.69,395.623,237.064,0.85,0.921
95,234,basic,75.417,58.574,0.0,0.0,1.206,
95,235,basic,80.593,51.35,113.198,71.111,1.156,1.234
95,236,basic,54.284,47.488,78.909,69.841,1.099,1.047
95,239,basic,287.568,160.788,295.163,164.778,1.695,1.703
95,241,basic,386.7,128.78,623.524,204.812,1.913,1.986
95,242,basic,152.562,102.41,0.0,0.0,1.22,
95,243,basic,213.373,110.574,303.152,156.162,0.972,1.004
95,244,basic,37.422,34.589,59.436,55.661,1.148,1.104
95,245,basic,321.629,277.736,392.29,338.248,1.222,1.24
95,246,basic,242.21,122.445,343.606,169.231,1.168,1.297
95,247,basic,371.144,123.256,673.195,216.192,1.607,1.766
95,248,basic,142.741,87.852,0.0,0.0,0.891,
95,249,basic,28.308,21.361,32.808,24.965,0.892,0.856
95,250,basic,88.25,62.491,156.874,112.568,0.965,0.897
95,251,basic,137.238,66.425,163.629,76.677,1.412,1.573
95,252,basic,233.086,158.552,260.093,169.58,1.467,1.666
95,255,basic,85.175,54.383,123.605,77.759,0.842,0.921
95,257,basic,120.458,101.153,180.443,148.41,1.076,1.187
95,259,basic,160.859,112.647,0.0,0.0,1.254,
95,261,basic,174.671,157.164,234.636,205.883,1.052,1.182
95,262,basic,191.857,142.877,163.997,119.535,1.082,1.187
95,264,basic,80.133,37.858,0.0,0.0,0.94,
95,266,basic,109.183,86.495,140.841,112.072,0.916,0.892
95,267,basic,120.402,105.979,145.277,127.872,1.013,1.013
95,268,basic,110.589,105.06,120.524,114.498,1.074,1.086
95,269,basic,104.572,97.287,130.976,121.457,1.061,1.109
95,270,basic,154.223,98.691,161.208,102.269,1.506,1.545
95,272,basic,39.826,37.348,0.0,0.0,1.04,
95,275,basic,94.517,87.746,128.569,117.834,1.177,1.317
95,276,basic,148.713,73.496,122.439,60.062,1.12,1.158
95,277,basic,124.558,78.001,142.911,89.249,0.996,1.009
95,279,basic,98.302,42.943,124.609,53.705,0.993,1.059
95,281,basic,67.477,43.659,76.547,48.868,0.809,0.869
95,282,basic,79.179,56.706,88.982,62.256,0.865,0.972
95,286,basic,185.218,111.224,234.687,129.092,2.025,2.513
95,287,gifted,190.0,174.653,0.0,0.0,,
95,288,basic,185.555,152.865,218.802,182.173,1.454,1.446
95,289,basic,156.332,133.308,0.0,0.0,1.367,
95,291,basic,379.651,258.281,567.531,398.209,2.356,2.11
95,292,basic,562.47,327.511,795.895,450.225,1.473,1.623
95,930,basic,399.481,340.738,500.575,430.448,2.35,2.26
95,935,basic,437.909,299.867,713.16,473.54,1.845,1.895
95,939,basic,222.895,110.817,0.0,0.0,1.742,
95,949,basic,382.04,308.856,640.741,500.982,1.561,1.716
95,955,basic,46.774,44.436,0.0,0.0,2.76,
95,971,basic,0.0,0.0,587.425,258.07,,1.131
95,971,gifted,516.278,474.576,0.0,0.0,,
95,972,basic,268.93,194.128,0.0,0.0,1.865,
95,974,basic,85.326,74.755,203.062,175.727,1.2,1.222
95,977,basic,235.421,167.704,420.195,292.563,1.3,1.426
96,103,basic,273.883,241.949,312.266,275.815,1.612,1.612
96,104,basic,147.226,57.852,160.233,65.004,2.635,2.48
96,105,basic,463.614,224.364,330.779,155.524,2.296,2.454
96,105,gifted,182.986,167.658,0.0,0.0,,
96,106,basic,471.16,284.156,353.2,214.874,1.867,1.8
96,106,gifted,117.153,107.34,0.0,0.0,,
96,107,basic,493.984,249.161,514.915,258.657,2.484,2.508
96,109,basic,153.092,102.022,158.366,105.497,2.136,2.138
96,110,basic,395.852,209.138,408.501,215.691,2.085,2.089
96,113,basic,391.821,237.886,322.525,194.573,2.397,2.424
96,113,gifted,133.952,122.731,0.0,0.0,,
96,115,basic,151.399,89.687,179.905,106.206,1.741,1.76
96,117,basic,266.895,164.696,240.158,151.164,2.3,2.192
96,117,gifted,89.647,82.137,0.0,0.0,,
96,118,basic,268.996,142.842,435.804,232.864,2.143,2.109
96,130,basic,640.977,378.108,682.859,401.804,1.71,1.723
96,201,basic,83.561,55.77,111.845,72.216,1.021,1.195
96,202,basic,173.288,90.723,185.473,93.407,1.65,1.849
96,203,basic,260.901,178.562,285.071,192.29,1.335,1.415
96,204,basic,181.022,127.08,188.591,104.08,1.427,2.852
96,208,basic,209.145,169.27,0.0,0.0,1.252,
96,209,basic,150.345,53.337,170.336,60.328,0.782,0.791
96,210,basic,192.12,81.474,0.0,0.0,1.391,
96,211,basic,75.102,47.383,109.658,66.985,1.107,1.281
96,212,gifted,206.075,188.813,0.0,0.0,,
96,215,basic,125.3,73.068,142.567,82.921,0.908,0.928
96,218,basic,157.759,97.263,176.806,108.584,0.771,0.791
96,220,basic,93.868,74.734,0.0,0.0,1.465,
96,221,basic,164.482,109.267,241.097,140.678,0.992,1.593
96,222,basic,152.993,89.117,181.135,104.364,2.034,2.111
96,225,basic,86.288,43.661,92.146,46.322,1.231,1.265
96,226,basic,258.436,161.273,308.792,191.701,1.336,1.394
96,229,basic,246.875,199.901,0.0,0.0,1.134,
96,230,basic,110.13,74.214,142.762,91.554,1.041,1.325
96,233,basic,283.064,174.412,393.841,239.461,0.84,0.912
96,234,basic,75.601,60.503,0.0,0.0,1.209,
96,235,basic,76.121,47.169,109.825,67.131,1.24,1.324
96,236,basic,52.266,45.885,73.658,65.349,1.039,0.991
96,239,basic,272.692,159.544,279.565,163.485,1.691,1.694
96,241,basic,384.105,131.994,619.982,210.456,1.894,1.964
96,242,basic,161.803,110.379,0.0,0.0,1.238,
96,243,basic,212.229,112.447,301.666,159.097,0.988,1.015
96,244,basic,36.311,33.718,56.992,53.499,1.151,1.101
96,245,basic,318.559,268.894,388.653,327.92,1.234,1.244
96,246,basic,226.34,118.628,324.629,165.922,1.137,1.272
96,247,basic,365.992,124.95,665.301,220.278,1.583,1.741
96,248,basic,146.654,93.435,0.0,0.0,0.887,
96,249,basic,32.129,24.207,36.937,28.061,0.884,0.845
96,250,basic,88.368,65.304,156.21,116.707,0.971,0.91
96,251,basic,126.082,59.874,150.874,69.517,1.408,1.572
96,252,basic,237.757,164.134,264.411,175.66,1.443,1.638
96,255,basic,88.879,58.867,126.928,83.123,0.849,0.915
96,257,basic,119.869,101.129,180.67,149.429,1.078,1.193
96,259,basic,158.47,115.785,0.0,0.0,1.308,
96,261,basic,171.93,155.732,231.586,204.89,1.06,1.194
96,262,basic,192.861,145.816,164.396,121.935,1.076,1.178
96,264,basic,79.767,36.092,0.0,0.0,0.917,
96,266,basic,107.389,84.23,138.639,109.186,0.893,0.869
96,267,basic,127.424,109.952,155.017,133.742,1.028,1.029
96,268,basic,110.836,105.295,121.164,115.105,1.073,1.087
96,269,basic,105.608,98.653,131.672,122.721,1.032,1.073
96,270,basic,156.335,106.852,163.214,110.711,1.475,1.512
96,272,basic,40.82,38.414,0.0,0.0,1.044,
96,275,basic,94.496,88.237,128.399,118.537,1.178,1.318
96,276,basic,148.412,71.943,121.414,58.562,1.135,1.162
96,277,basic,129.286,84.093,148.097,96.095,1.024,1.037
96,279,basic,105.169,46.436,132.616,57.825,1.013,1.081
96,281,basic,66.148,44.548,74.745,49.753,0.81,0.867
96,282,basic,74.901,56.231,84.363,61.999,0.886,0.993
96,286,basic,177.789,105.149,226.513,123.536,1.994,2.483
96,287,gifted,190.0,174.084,0.0,0.0,,
96,288,basic,186.759,158.629,217.857,187.026,1.415,1.4
96,289,basic,156.905,136.126,0.0,0.0,1.396,
96,291,basic,373.555,253.952,560.31,393.817,2.303,2.06
96,292,basic,563.55,325.182,799.538,449.118,1.528,1.684
96,930,basic,398.703,354.075,499.741,446.012,2.346,2.26
96,935,basic,437.632,303.81,712.771,485.029,1.868,1.907
96,939,basic,222.381,108.471,0.0,0.0,1.739,
96,949,basic,388.932,320.91,651.734,523.455,1.605,1.755
96,955,basic,46.566,44.238,0.0,0.0,2.813,
96,971,basic,0.0,0.0,588.533,264.02,,1.138
96,971,gifted,515.958,472.737,0.0,0.0,,
96,972,basic,259.729,189.464,0.0,0.0,1.883,
96,974,basic,86.864,78.585,205.979,183.169,1.211,1.246
96,977,basic,239.065,178.168,422.993,309.577,1.325,1.435
97,103,basic,271.781,246.654,309.846,281.137,1.671,1.671
97,104,basic,141.686,57.894,154.01,64.965,2.487,2.335
97,105,basic,447.647,216.682,326.569,154.097,2.33,2.474
97,105,gifted,175.726,161.997,0.0,0.0,,
97,106,basic,459.555,289.875,341.45,218.291,1.81,1.72
97,106,gifted,116.238,107.156,0.0,0.0,,
97,107,basic,498.295,253.93,519.646,263.722,2.511,2.535
97,109,basic,149.858,104.791,154.269,107.835,2.149,2.151
97,110,basic,386.76,215.667,400.238,222.955,2.123,2.129
97,113,basic,385.676,241.819,313.672,195.736,2.385,2.403
97,113,gifted,133.533,123.101,0.0,0.0,,
97,115,basic,153.711,92.489,181.422,108.946,1.719,1.73
97,117,basic,251.456,164.762,225.679,150.684,2.309,2.205
97,117,gifted,89.234,82.262,0.0,0.0,,
97,118,basic,276.08,147.407,455.894,244.007,2.225,2.212
97,130,basic,663.739,414.993,706.694,440.562,1.728,1.743
97,201,basic,83.794,53.235,113.353,69.677,1.112,1.292
97,202,basic,171.449,85.896,184.213,88.397,1.712,1.939
97,203,basic,256.584,171.881,280.034,185.13,1.319,1.393
97,204,basic,188.214,128.94,191.918,103.168,1.447,2.909
97,208,basic,208.291,172.578,0.0,0.0,1.265,
97,209,basic,152.572,51.998,172.223,58.613,0.771,0.778
97,210,basic,192.805,81.169,0.0,0.0,1.368,
97,211,basic,73.978,44.952,108.434,63.803,1.099,1.275
97,212,gifted,206.117,190.014,0.0,0.0,,
97,215,basic,116.992,68.724,133.457,78.107,0.95,0.975
97,218,basic,159.687,95.548,180.057,107.287,0.76,0.782
97,220,basic,90.093,72.197,0.0,0.0,1.451,
97,221,basic,164.132,112.676,241.232,145.854,1.005,1.607
97,222,basic,147.345,79.576,174.23,94.334,2.312,2.325
97,225,basic,74.043,36.447,78.884,38.597,1.19,1.223
97,226,basic,262.136,170.064,311.375,201.437,1.367,1.414
97,229,basic,255.838,204.277,0.0,0.0,1.155,
97,230,basic,114.955,73.543,145.689,89.012,1.097,1.368
97,233,basic,280.085,169.512,388.852,232.573,0.819,0.884
97,234,basic,78.846,62.27,0.0,0.0,1.197,
97,235,basic,77.861,48.981,110.548,68.61,1.208,1.29
97,236,basic,51.387,45.616,73.898,66.259,1.075,1.025
97,239,basic,279.141,157.103,286.464,161.085,1.732,1.737
97,241,basic,385.629,126.461,621.701,201.641,1.947,2.011
97,242,basic,157.644,105.781,0.0,0.0,1.247,
97,243,basic,219.733,112.147,311.702,158.348,0.993,1.021
97,244,basic,40.341,37.509,64.229,60.322,1.151,1.12
97,245,basic,318.601,277.331,387.974,337.738,1.239,1.25
97,246,basic,230.628,115.03,332.431,161.918,1.201,1.333
97,247,basic,373.564,121.301,676.88,213.501,1.634,1.787
97,248,basic,144.74,88.691,0.0,0.0,0.885,
97,249,basic,29.811,22.409,34.279,25.951,0.905,0.871
97,250,basic,81.98,58.396,150.983,108.78,0.967,0.903
97,251,basic,132.621,63.797,157.905,73.795,1.393,1.552
97,252,basic,242.312,166.968,269.036,178.562,1.478,1.673
97,255,basic,87.406,55.573,125.705,78.988,0.851,0.92
97,257,basic,119.713,101.858,178.96,149.39,1.074,1.186
97,259,basic,158.34,111.931,0.0,0.0,1.285,
97,261,basic,164.965,150.494,220.88,197.113,1.032,1.161
97,262,basic,190.639,143.085,163.314,120.177,1.076,1.183
97,264,basic,78.416,36.031,0.0,0.0,0.927,
97,266,basic,105.734,84.069,136.283,108.819,0.907,0.882
97,267,basic,124.901,110.172,151.156,133.345,1.034,1.034
97,268,basic,108.567,103.138,118.558,112.63,1.068,1.082
97,269,basic,107.402,100.482,134.229,125.335,1.086,1.136
97,270,basic,170.672,110.015,177.856,113.731,1.573,1.613
97,272,basic,41.276,38.826,0.0,0.0,1.028,
97,275,basic,92.789,86.935,125.875,116.792,1.184,1.327
97,276,basic,153.877,74.742,124.892,60.257,1.119,1.156
97,277,basic,125.045,78.309,143.454,89.616,1.004,1.017
97,279,basic,101.311,43.316,127.993,54.082,0.992,1.056
97,281,basic,65.656,42.231,74.875,47.484,0.824,0.895
97,282,basic,75.351,53.856,84.989,59.372,0.909,1.026
97,286,basic,172.296,108.237,220.546,127.743,1.888,2.374
97,287,gifted,190.0,175.156,0.0,0.0,,
97,288,basic,188.141,159.465,220.038,188.837,1.421,1.399
97,289,basic,162.091,137.909,0.0,0.0,1.43,
97,291,basic,376.662,262.63,564.342,406.114,2.362,2.106
97,292,basic,565.286,325.156,799.848,447.842,1.506,1.663
97,930,basic,399.533,350.488,500.619,441.517,2.379,2.292
97,935,basic,437.43,302.615,712.628,480.254,1.878,1.92
97,939,basic,222.337,109.287,0.0,0.0,1.761,
97,949,basic,383.688,312.515,646.27,510.806,1.586,1.745
97,955,basic,48.25,45.837,0.0,0.0,2.795,
97,971,basic,0.0,0.0,586.322,252.878,,1.143
97,971,gifted,516.139,475.814,0.0,0.0,,
97,972,basic,264.559,193.596,0.0,0.0,1.891,
97,974,basic,87.437,77.924,208.072,182.93,1.202,1.231
97,977,basic,232.348,167.813,414.484,293.545,1.311,1.43
98,103,basic,273.445,237.364,311.927,270.602,1.64,1.643
98,104,basic,129.702,61.213,146.173,69.998,2.362,2.282
98,105,basic,441.347,234.425,314.241,162.899,2.291,2.467
98,105,gifted,180.928,165.844,0.0,0.0,,
98,106,basic,455.35,292.243,340.534,220.331,1.815,1.743
98,106,gifted,115.717,106.07,0.0,0.0,,
98,107,basic,519.24,282.247,540.789,293.014,2.54,2.564
98,109,basic,147.6,102.841,152.26,106.122,2.074,2.072
98,110,basic,392.464,228.254,405.917,235.89,2.13,2.136
98,113,basic,400.445,257.986,323.968,208.577,2.33,2.327
98,113,gifted,137.295,125.848,0.0,0.0,,
98,115,basic,158.881,98.421,187.499,115.955,1.745,1.757
98,117,basic,261.202,170.036,234.59,155.091,2.352,2.241
98,117,gifted,89.756,82.273,0.0,0.0,,
98,118,basic,259.348,149.598,422.918,244.674,2.086,2.065
98,130,basic,641.161,406.894,682.733,432.312,1.703,1.718
98,201,basic,81.424,51.814,110.076,68.149,1.14,1.336
98,202,basic,167.737,89.471,179.972,92.931,1.696,1.919
98,203,basic,276.986,181.832,301.924,196.125,1.393,1.471
98,204,basic,173.34,116.34,184.331,102.851,1.465,2.889
98,208,basic,204.496,159.787,0.0,0.0,1.281,
98,209,basic,147.2,58.66,165.598,65.913,0.765,0.773
98,210,basic,192.735,88.719,0.0,0.0,1.448,
98,211,basic,72.481,44.569,108.008,64.673,1.126,1.316
98,212,gifted,205.864,188.702,0.0,0.0,,
98,215,basic,122.288,72.776,138.919,82.544,0.91,0.927
98,218,basic,155.736,94.924,174.773,106.206,0.761,0.783
98,220,basic,94.431,70.445,0.0,0.0,1.535,
98,221,basic,163.786,108.968,239.362,143.38,1.027,1.685
98,222,basic,146.773,83.178,173.332,98.275,2.238,2.266
98,225,basic,83.393,43.372,89.237,46.164,1.267,1.305
98,226,basic,258.356,164.161,308.073,195.385,1.387,1.429
98,229,basic,251.007,189.221,0.0,0.0,1.164,
98,230,basic,106.195,68.72,137.058,85.3,1.054,1.347
98,233,basic,278.299,170.395,386.474,234.432,0.828,0.896
98,234,basic,75.109,56.076,0.0,0.0,1.212,
98,235,basic,76.708,48.125,109.048,67.744,1.201,1.279
98,236,basic,50.369,42.111,70.697,59.542,1.081,1.031
98,239,basic,274.695,159.434,281.987,163.52,1.735,1.742
98,241,basic,384.885,148.827,620.475,237.853,1.938,2.003
98,242,basic,160.81,106.25,0.0,0.0,1.239,
98,243,basic,219.409,119.039,311.712,168.462,0.976,1.006
98,244,basic,35.389,32.779,55.035,51.524,1.116,1.074
98,245,basic,321.457,256.613,390.874,312.019,1.257,1.263
98,246,basic,230.637,122.841,331.831,173.291,1.181,1.324
98,247,basic,370.452,141.967,671.715,251.307,1.648,1.816
98,248,basic,147.362,91.286,0.0,0.0,0.893,
98,249,basic,29.18,20.903,33.419,24.079,0.902,0.864
98,250,basic,83.884,58.412,150.727,105.909,0.971,0.905
98,251,basic,132.069,67.294,157.269,78.338,1.435,1.599
98,252,basic,229.448,154.606,255.644,167.063,1.501,1.711
98,255,basic,87.944,56.249,125.961,79.819,0.847,0.917
98,257,basic,118.577,93.854,177.188,138.189,1.075,1.186
98,259,basic,169.012,116.838,0.0,0.0,1.299,
98,261,basic,182.098,154.962,246.163,204.377,1.092,1.247
98,262,basic,188.817,135.787,160.489,113.834,1.077,1.175
98,264,basic,79.307,39.007,0.0,0.0,0.937,
98,266,basic,103.78,77.493,133.345,99.909,0.929,0.902
98,267,basic,124.542,100.031,150.917,121.225,1.034,1.034
98,268,basic,106.881,101.537,116.442,110.62,1.064,1.077
98,269,basic,101.859,93.193,127.683,116.266,1.033,1.077
98,270,basic,168.436,109.228,175.642,113.224,1.555,1.594
98,272,basic,41.696,39.015,0.0,0.0,1.052,
98,275,basic,93.583,85.944,127.221,114.978,1.157,1.303
98,276,basic,153.268,79.051,123.81,63.57,1.132,1.163
98,277,basic,124.511,78.764,142.814,90.168,1.009,1.022
98,279,basic,104.716,49.365,132.586,61.881,1.014,1.086
98,281,basic,71.525,46.071,81.54,51.934,0.834,0.91
98,282,basic,74.898,52.342,84.499,57.978,0.922,1.047
98,286,basic,177.548,106.89,225.496,127.856,2.105,2.589
98,287,gifted,190.0,174.16,0.0,0.0,,
98,288,basic,185.417,147.993,216.077,174.416,1.445,1.406
98,289,basic,155.635,127.863,0.0,0.0,1.391,
98,291,basic,368.606,254.228,556.06,389.815,2.303,2.089
98,292,basic,561.977,333.308,797.308,462.712,1.531,1.693
98,930,basic,399.099,339.9,500.178,428.999,2.334,2.246
98,935,basic,437.395,299.837,712.559,477.132,1.901,1.945
98,939,basic,221.013,115.702,0.0,0.0,1.761,
98,949,basic,380.634,299.443,642.273,491.331,1.592,1.759
98,955,basic,46.626,44.294,0.0,0.0,2.806,
98,971,basic,0.0,0.0,589.843,281.196,,1.136
98,971,gifted,515.589,472.604,0.0,0.0,,
98,972,basic,260.492,186.711,0.0,0.0,1.898,
98,974,basic,86.308,72.27,204.301,169.521,1.228,1.269
98,977,basic,237.207,165.894,422.61,291.51,1.342,1.451
99,103,basic,262.887,234.817,299.789,267.621,1.668,1.67
99,104,basic,126.076,51.193,141.955,58.434,2.227,2.171
99,105,basic,444.601,208.056,318.79,145.066,2.325,2.478
99,105,gifted,179.356,164.783,0.0,0.0,,
99,106,basic,459.389,280.819,342.953,212.729,1.736,1.645
99,106,gifted,116.888,107.39,0.0,0.0,,
99,107,basic,500.258,248.695,521.143,257.992,2.475,2.499
99,109,basic,149.833,101.427,153.841,104.228,2.082,2.078
99,110,basic,400.871,199.915,415.666,206.892,2.163,2.174
99,113,basic,389.928,241.59,314.338,194.435,2.297,2.299
99,113,gifted,133.667,122.806,0.0,0.0,,
99,115,basic,143.212,83.981,168.623,98.717,1.731,1.74
99,117,basic,256.98,156.239,233.611,143.817,2.334,2.265
99,117,gifted,89.93,82.623,0.0,0.0,,
99,118,basic,270.196,141.488,444.045,232.893,2.107,2.099
99,130,basic,661.855,378.071,704.962,401.028,1.725,1.745
99,201,basic,82.646,54.635,112.558,71.808,1.135,1.324
99,202,basic,167.052,86.975,179.394,89.682,1.662,1.869
99,203,basic,258.714,181.861,282.582,195.86,1.311,1.388
99,204,basic,177.103,128.298,188.836,106.468,1.428,2.903
99,208,basic,203.311,167.633,0.0,0.0,1.255,
99,209,basic,143.393,46.912,161.157,52.641,0.78,0.788
99,210,basic,191.044,76.859,0.0,0.0,1.386,
99,211,basic,80.541,51.377,118.436,73.052,1.103,1.283
99,212,gifted,205.915,189.184,0.0,0.0,,
99,215,basic,122.359,70.807,139.587,80.391,0.887,0.915
99,218,basic,157.18,96.339,176.942,107.971,0.774,0.797
99,220,basic,86.136,72.142,0.0,0.0,1.36,
99,221,basic,167.098,110.822,242.744,142.599,0.959,1.513
99,222,basic,143.566,83.683,169.884,98.845,2.158,2.188
99,225,basic,93.991,46.408,100.502,49.313,1.261,1.294
99,226,basic,249.641,157.154,299.253,186.301,1.229,1.313
99,229,basic,247.081,207.173,0.0,0.0,1.15,
99,230,basic,107.103,73.659,138.788,90.63,1.031,1.323
99,233,basic,284.141,174.208,393.178,238.5,0.838,0.895
99,234,basic,77.408,64.468,0.0,0.0,1.225,
99,235,basic,83.676,51.777,119.546,73.2,1.246,1.314
99,236,basic,46.327,40.968,63.914,57.124,1.055,1.003
99,239,basic,283.856,167.443,291.667,171.836,1.716,1.723
99,241,basic,386.02,124.647,623.086,198.523,1.906,1.983
99,242,basic,153.823,107.535,0.0,0.0,1.224,
99,243,basic,220.664,114.391,313.346,161.619,0.985,1.015
99,244,basic,35.956,33.6,56.667,53.355,1.126,1.094
99,245,basic,317.567,275.921,386.993,336.104,1.241,1.253
99,246,basic,217.332,110.744,317.406,157.647,1.2,1.339
99,247,basic,365.275,116.181,663.444,204.687,1.598,1.754
99,248,basic,148.454,95.318,0.0,0.0,0.896,
99,249,basic,29.063,22.512,33.739,26.287,0.873,0.845
99,250,basic,88.051,67.132,155.057,119.562,0.956,0.894
99,251,basic,132.409,60.662,157.546,70.098,1.371,1.527
99,252,basic,231.644,162.486,257.629,174.128,1.417,1.602
99,255,basic,88.391,59.318,126.971,84.107,0.846,0.92
99,257,basic,117.763,102.654,176.147,150.706,1.054,1.166
99,259,basic,169.586,127.184,0.0,0.0,1.364,
99,261,basic,172.0,157.993,231.421,207.57,1.074,1.222
99,262,basic,193.984,150.539,165.195,125.837,1.077,1.175
99,264,basic,78.171,33.338,0.0,0.0,0.906,
99,266,basic,109.67,87.189,141.614,113.058,0.908,0.884
99,267,basic,121.059,108.949,146.79,132.124,1.013,1.014
99,268,basic,109.313,103.847,119.424,113.453,1.082,1.098
99,269,basic,104.098,98.011,130.477,122.729,1.025,1.076
99,270,basic,149.488,104.758,156.276,108.777,1.512,1.545
99,272,basic,39.27,37.02,0.0,0.0,1.084,
99,275,basic,95.884,90.402,129.73,121.404,1.163,1.308
99,276,basic,148.769,68.816,120.709,55.547,1.155,1.182
99,277,basic,127.574,84.081,146.261,96.157,1.01,1.024
99,279,basic,107.383,45.38,135.172,56.411,0.994,1.061
99,281,basic,61.936,42.212,70.689,47.472,0.823,0.895
99,282,basic,75.885,58.749,86.133,65.043,0.888,1.012
99,286,basic,176.687,109.265,224.717,127.744,1.797,2.279
99,287,gifted,190.0,174.562,0.0,0.0,,
99,288,basic,189.116,165.345,222.708,195.994,1.443,1.453
99,289,basic,154.705,139.973,0.0,0.0,1.363,
99,291,basic,374.201,259.252,564.216,402.34,2.308,2.087
99,292,basic,564.625,325.838,801.247,448.96,1.485,1.65
99,930,basic,399.479,365.858,500.498,459.182,2.381,2.284
99,935,basic,437.177,313.717,712.422,499.324,1.808,1.87
99,939,basic,218.82,103.553,0.0,0.0,1.74,
99,949,basic,384.403,334.184,643.697,542.611,1.519,1.696
99,955,basic,46.932,44.586,0.0,0.0,2.708,
99,971,basic,0.0,0.0,587.291,252.77,,1.139
99,971,gifted,516.087,474.153,0.0,0.0,,
99,972,basic,256.274,192.204,0.0,0.0,1.863,
99,974,basic,86.336,79.229,203.531,183.301,1.273,1.298
99,977,basic,239.518,186.036,425.912,324.334,1.322,1.44
100,103,basic,271.45,233.31,309.565,265.987,1.668,1.669
100,104,basic,132.472,53.854,145.013,60.536,2.546,2.398
100,105,basic,463.403,224.397,330.404,155.942,2.346,2.518
100,105,gifted,183.003,168.1,0.0,0.0,,
100,106,basic,451.806,269.515,335.064,201.492,1.858,1.787
100,106,gifted,115.209,105.827,0.0,0.0,,
100,107,basic,517.046,261.623,538.856,271.665,2.528,2.554
100,109,basic,150.369,99.135,155.301,102.402,2.128,2.127
100,110,basic,398.827,207.265,412.506,214.196,2.116,2.122
100,113,basic,382.904,233.402,314.045,190.594,2.368,2.388
100,113,gifted,132.484,121.696,0.0,0.0,,
100,115,basic,146.871,85.885,174.491,101.744,1.735,1.755
100,117,basic,249.174,151.7,223.348,138.331,2.327,2.213
100,117,gifted,88.805,81.573,0.0,0.0,,
100,118,basic,267.383,142.214,434.655,232.175,2.12,2.092
100,130,basic,665.089,383.221,707.998,406.924,1.716,1.731
100,201,basic,76.145,51.229,101.556,66.54,0.999,1.17
100,202,basic,169.983,91.095,182.47,94.327,1.692,1.921
100,203,basic,276.089,189.791,301.125,204.569,1.375,1.455
100,204,basic,179.175,126.891,187.795,108.922,1.463,2.894
100,208,basic,206.161,164.025,0.0,0.0,1.264,
100,209,basic,146.519,52.677,164.392,59.026,0.779,0.788
100,210,basic,192.725,83.316,0.0,0.0,1.399,
100,211,basic,79.566,50.516,114.878,71.068,1.118,1.29
100,212,gifted,206.251,189.455,0.0,0.0,,
100,215,basic,122.582,70.263,139.366,79.856,0.985,0.997
100,218,basic,155.875,95.85,174.723,107.11,0.769,0.79
100,220,basic,90.574,72.561,0.0,0.0,1.489,
100,221,basic,162.44,106.066,239.976,139.643,1.049,1.719
100,222,basic,151.98,89.203,179.24,104.952,2.237,2.281
100,225,basic,86.47,44.193,92.629,47.094,1.282,1.317
100,226,basic,268.063,164.379,317.825,195.025,1.468,1.494
100,229,basic,256.104,206.472,0.0,0.0,1.147,
100,230,basic,112.966,76.113,146.086,94.724,1.082,1.352
100,233,basic,277.471,170.78,385.414,234.83,0.832,0.899
100,234,basic,77.716,62.194,0.0,0.0,1.224,
100,235,basic,76.648,47.733,109.306,67.278,1.247,1.332
100,236,basic,47.395,41.423,65.776,57.944,1.061,1.011
100,239,basic,269.788,161.39,276.8,165.47,1.715,1.72
100,241,basic,383.169,137.136,617.822,218.828,1.927,1.999
100,242,basic,157.517,107.9,0.0,0.0,1.252,
100,243,basic,223.14,119.06,314.59,167.242,0.992,1.018
100,244,basic,40.326,37.594,63.809,60.051,1.174,1.118
100,245,basic,320.195,267.698,390.952,326.771,1.252,1.259
100,246,basic,232.148,122.766,331.061,171.633,1.172,1.304
100,247,basic,373.333,132.069,677.907,233.586,1.597,1.765
100,248,basic,146.726,93.632,0.0,0.0,0.89,
100,249,basic,29.114,21.606,33.709,25.207,0.928,0.883
100,250,basic,87.723,64.572,156.636,116.583,0.995,0.92
100,251,basic,130.316,62.852,155.444,73.132,1.408,1.573
100,252,basic,242.591,168.213,269.372,180.886,1.467,1.669
100,255,basic,83.73,55.436,120.795,79.201,0.852,0.921
100,257,basic,121.769,101.808,183.111,150.623,1.078,1.192
100,259,basic,147.056,108.919,0.0,0.0,1.287,
100,261,basic,172.954,157.183,231.733,206.201,1.055,1.191
100,262,basic,187.961,141.565,160.783,119.119,1.081,1.189
100,264,basic,81.727,36.722,0.0,0.0,0.967,
100,266,basic,109.343,84.207,141.074,108.994,0.923,0.9
100,267,basic,123.603,105.235,149.825,127.582,1.037,1.036
100,268,basic,109.233,103.772,119.315,113.349,1.083,1.099
100,269,basic,106.033,99.33,132.388,123.793,1.032,1.076
100,270,basic,156.955,108.895,163.847,112.957,1.505,1.544
100,272,basic,40.984,38.621,0.0,0.0,1.059,
100,275,basic,92.337,86.636,125.272,116.385,1.139,1.287
100,276,basic,149.258,73.174,122.547,59.715,1.104,1.145
100,277,basic,128.557,84.082,147.469,96.253,1.018,1.031
100,279,basic,105.315,47.108,132.985,58.878,1.014,1.081
100,281,basic,69.326,46.662,78.024,52.045,0.806,0.861
100,282,basic,76.387,57.28,85.898,63.285,0.886,0.997
100,286,basic,183.584,108.374,232.21,128.735,2.183,2.663
100,287,gifted,190.0,174.528,0.0,0.0,,
100,288,basic,191.978,165.0,222.969,193.648,1.395,1.369
100,289,basic,158.754,136.666,0.0,0.0,1.37,
100,291,basic,375.144,253.786,562.017,393.717,2.433,2.155
100,292,basic,564.344,326.654,799.556,452.245,1.537,1.7
100,930,basic,398.946,360.04,499.969,452.51,2.4,2.318
100,935,basic,438.097,305.912,713.271,490.741,1.894,1.933
100,939,basic,220.93,109.351,0.0,0.0,1.743,
100,949,basic,379.414,314.863,637.979,516.684,1.596,1.753
100,955,basic,45.057,42.804,0.0,0.0,2.774,
100,971,basic,0.0,0.0,589.214,268.644,,1.14
100,971,gifted,516.37,474.32,0.0,0.0,,
100,972,basic,260.114,189.491,0.0,0.0,1.919,
100,974,basic,87.803,80.034,208.659,187.192,1.219,1.268
100,977,basic,239.448,180.112,424.221,314.056,1.331,1.446
101,103,basic,256.334,222.533,292.617,253.681,1.646,1.651
101,104,basic,130.098,58.162,150.898,67.468,2.073,2.083
101,105,basic,453.754,214.382,323.601,147.912,2.293,2.452
101,105,gifted,182.546,167.523,0.0,0.0,,
101,106,basic,442.474,279.04,332.166,213.075,1.688,1.597
101,106,gifted,114.529,105.104,0.0,0.0,,
101,107,basic,537.579,263.37,559.78,272.931,2.517,2.542
101,109,basic,143.233,98.453,147.4,101.352,2.019,2.017
101,110,basic,387.378,217.003,401.394,224.476,2.068,2.076
101,113,basic,387.876,234.837,310.625,188.13,2.277,2.272
101,113,gifted,135.439,124.292,0.0,0.0,,
101,115,basic,143.58,84.238,169.58,99.234,1.717,1.73
101,117,basic,253.163,159.007,228.031,145.743,2.332,2.246
101,117,gifted,89.721,82.338,0.0,0.0,,
101,118,basic,262.91,140.185,430.22,230.073,2.089,2.075
101,130,basic,662.452,419.329,705.277,444.884,1.68,1.695
101,201,basic,80.881,53.832,108.125,69.322,0.993,1.162
101,202,basic,171.259,90.741,182.91,93.282,1.576,1.743
101,203,basic,245.721,166.515,268.972,179.547,1.3,1.372
101,204,basic,177.628,122.439,188.252,99.005,1.412,2.815
101,208,basic,204.56,168.769,0.0,0.0,1.225,
101,209,basic,149.243,58.941,169.383,66.756,0.777,0.786
101,210,basic,194.713,88.862,0.0,0.0,1.428,
101,211,basic,73.296,45.996,103.802,63.036,1.087,1.239
101,212,gifted,205.495,188.583,0.0,0.0,,
101,215,basic,118.011,77.177,134.37,87.537,0.872,0.893
101,218,basic,155.399,98.456,174.699,110.14,0.763,0.786
101,220,basic,88.103,70.813,0.0,0.0,1.356,
101,221,basic,158.414,117.765,233.678,152.053,0.935,1.466
101,222,basic,136.579,80.072,162.247,94.208,1.839,1.893
101,225,basic,84.046,44.132,89.608,46.727,1.174,1.206
101,226,basic,263.178,185.778,312.881,218.025,1.244,1.328
101,229,basic,246.424,197.57,0.0,0.0,1.132,
101,230,basic,114.117,75.578,146.555,91.442,1.014,1.308
101,233,basic,278.882,178.898,387.928,245.267,0.831,0.898
101,234,basic,74.264,58.863,0.0,0.0,1.158,
101,235,basic,83.021,55.18,118.807,77.987,1.195,1.265
101,236,basic,47.354,41.847,65.83,58.879,1.059,1.005
101,239,basic,272.666,155.924,280.159,159.945,1.704,1.712
101,241,basic,385.7,139.745,622.714,222.356,1.867,1.941
101,242,basic,155.382,107.434,0.0,0.0,1.221,
101,243,basic,212.511,115.818,302.497,163.971,0.997,1.025
101,244,basic,36.213,33.525,57.066,53.387,1.072,1.052
101,245,basic,322.64,283.051,392.734,344.25,1.23,1.248
101,246,basic,235.355,124.827,336.071,173.637,1.181,1.304
101,247,basic,364.746,132.291,662.653,232.298,1.589,1.741
101,248,basic,143.095,91.666,0.0,0.0,0.883,
101,249,basic,28.66,22.554,33.265,26.364,0.873,0.844
101,250,basic,87.195,62.785,155.273,113.398,0.967,0.899
101,251,basic,136.116,70.893,161.822,81.578,1.404,1.558
101,252,basic,239.439,167.162,266.295,178.28,1.449,1.633
101,255,basic,86.041,56.905,124.277,80.913,0.834,0.912
101,257,basic,122.951,104.735,183.737,153.171,1.07,1.182
101,259,basic,154.296,108.48,0.0,0.0,1.271,
101,261,basic,186.419,166.165,253.49,218.805,1.106,1.264
101,262,basic,191.876,146.889,164.167,122.77,1.067,1.175
101,264,basic,78.497,40.987,0.0,0.0,0.942,
101,266,basic,104.929,86.487,135.245,111.998,0.889,0.865
101,267,basic,112.661,101.484,136.639,123.119,1.015,1.015
101,268,basic,108.15,102.743,118.019,112.118,1.058,1.07
101,269,basic,103.075,95.734,129.29,119.61,1.053,1.105
101,270,basic,146.515,95.673,153.219,99.342,1.442,1.473
101,272,basic,42.484,39.619,0.0,0.0,1.059,
101,275,basic,95.338,88.529,128.947,118.03,1.147,1.284
101,276,basic,147.45,78.496,121.611,64.292,1.131,1.164
101,277,basic,125.128,80.428,143.186,91.811,1.008,1.019
101,279,basic,107.747,50.819,135.799,63.113,0.992,1.06
101,281,basic,65.789,43.942,74.513,49.09,0.809,0.866
101,282,basic,79.798,57.768,89.565,63.308,0.884,0.986
101,286,basic,180.843,119.309,229.491,137.823,1.764,2.231
101,287,gifted,190.0,174.363,0.0,0.0,,
101,288,basic,183.186,155.357,215.338,182.52,1.308,1.338
101,289,basic,156.738,126.428,0.0,0.0,1.329,
101,291,basic,370.795,257.373,559.13,398.972,2.144,1.965
101,292,basic,563.52,330.304,797.391,452.632,1.463,1.621
101,930,basic,399.294,329.134,500.306,418.259,2.267,2.169
101,935,basic,437.53,295.062,712.774,468.924,1.77,1.839
101,939,basic,220.959,114.374,0.0,0.0,1.706,
101,949,basic,373.412,292.924,629.226,475.249,1.49,1.656
101,955,basic,44.966,42.718,0.0,0.0,2.743,
101,971,basic,0.0,0.0,587.374,276.644,,1.129
101,971,gifted,515.741,473.297,0.0,0.0,,
101,972,basic,259.488,184.01,0.0,0.0,1.813,
101,974,basic,86.896,75.251,204.394,175.511,1.183,1.187
101,977,basic,227.839,163.937,410.046,287.681,1.285,1.417
102,103,basic,262.902,228.336,299.661,260.217,1.617,1.617
102,104,basic,134.446,61.848,147.073,69.368,2.346,2.235
102,105,basic,438.813,233.947,316.491,163.833,2.261,2.42
102,105,gifted,179.595,164.908,0.0,0.0,,
102,106,basic,458.951,296.825,339.437,222.905,1.768,1.671
102,106,gifted,116.849,107.293,0.0,0.0,,
102,107,basic,504.381,275.04,525.255,285.266,2.451,2.474
102,109,basic,158.878,106.989,163.596,110.14,2.137,2.138
102,110,basic,402.873,217.71,417.921,225.451,2.196,2.205
102,113,basic,384.073,243.697,311.478,196.746,2.357,2.374
102,113,gifted,134.431,123.437,0.0,0.0,,
102,115,basic,147.192,93.878,174.17,110.807,1.732,1.745
102,117,basic,249.737,154.695,225.055,141.682,2.346,2.258
102,117,gifted,90.063,82.698,0.0,0.0,,
102,118,basic,255.381,146.494,418.866,240.763,2.108,2.097
102,130,basic,662.867,404.943,705.903,429.466,1.698,1.718
102,201,basic,77.502,52.149,103.553,67.434,1.012,1.179
102,202,basic,165.821,88.663,179.098,91.156,1.659,1.907
102,203,basic,266.074,179.241,290.468,192.819,1.364,1.443
102,204,basic,183.432,125.481,190.362,101.578,1.455,2.9
102,208,basic,208.042,162.359,0.0,0.0,1.269,
102,209,basic,139.792,55.836,157.156,62.686,0.773,0.78
102,210,basic,193.281,86.121,0.0,0.0,1.39,
102,211,basic,76.524,48.894,117.625,72.489,1.146,1.338
102,212,gifted,205.776,188.948,0.0,0.0,,
102,215,basic,118.535,67.973,135.349,77.327,0.949,0.975
102,218,basic,159.911,101.44,179.904,113.675,0.767,0.787
102,220,basic,88.313,67.925,0.0,0.0,1.358,
102,221,basic,160.633,103.897,233.901,134.47,0.913,1.439
102,222,basic,150.422,82.218,176.872,96.727,2.287,2.306
102,225,basic,92.14,48.525,98.689,51.615,1.258,1.295
102,226,basic,266.947,158.211,316.589,186.734,1.337,1.392
102,229,basic,254.064,196.649,0.0,0.0,1.163,
102,230,basic,113.548,77.477,144.726,93.925,1.049,1.329
102,233,basic,280.808,176.087,390.531,241.755,0.841,0.909
102,234,basic,77.743,59.539,0.0,0.0,1.246,
102,235,basic,86.889,52.232,122.738,72.891,1.282,1.356
102,236,basic,49.281,40.062,69.333,56.895,1.061,1.014
102,239,basic,275.477,162.679,282.537,166.795,1.681,1.683
102,241,basic,384.769,142.49,620.561,227.393,1.95,2.009
102,242,basic,158.322,106.624,0.0,0.0,1.23,
102,243,basic,214.59,119.352,306.098,169.381,0.984,1.014
102,244,basic,38.009,35.063,60.562,56.545,1.12,1.101
102,245,basic,318.066,248.429,387.426,301.88,1.209,1.227
102,246,basic,241.179,131.389,341.895,181.778,1.164,1.293
102,247,basic,374.382,139.739,678.229,245.73,1.626,1.776
102,248,basic,144.341,94.257,0.0,0.0,0.888,
102,249,basic,31.245,22.813,36.265,26.634,0.882,0.855
102,250,basic,83.291,61.731,148.492,111.15,0.954,0.9
102,251,basic,131.84,63.678,156.877,73.572,1.399,1.554
102,252,basic,236.601,158.182,262.648,169.332,1.419,1.599
102,255,basic,83.876,56.825,122.347,81.748,0.84,0.918
102,257,basic,118.089,94.472,176.637,138.474,1.061,1.174
102,259,basic,158.402,114.95,0.0,0.0,1.294,
102,261,basic,166.72,145.164,225.353,190.495,1.051,1.191
102,262,basic,182.144,133.694,157.228,113.005,1.074,1.183
102,264,basic,79.052,36.723,0.0,0.0,0.943,
102,266,basic,107.705,80.517,138.698,104.198,0.894,0.867
102,267,basic,117.01,94.083,142.32,114.398,1.019,1.021
102,268,basic,110.089,104.585,120.366,114.347,1.062,1.076
102,269,basic,106.044,96.822,132.617,120.391,1.019,1.066
102,270,basic,160.814,109.227,167.719,113.002,1.481,1.518
102,272,basic,39.132,36.513,0.0,0.0,1.076,
102,275,basic,91.069,83.236,123.611,110.814,1.137,1.27
102,276,basic,151.59,76.087,123.732,61.644,1.101,1.141
102,277,basic,124.523,82.928,142.872,94.919,1.007,1.019
102,279,basic,105.379,50.195,133.341,62.705,0.999,1.066
102,281,basic,67.954,46.722,77.365,52.447,0.816,0.884
102,282,basic,74.115,55.683,83.25,61.117,0.907,1.02
102,286,basic,179.922,103.693,227.929,121.08,1.811,2.272
102,287,gifted,190.0,174.462,0.0,0.0,,
102,288,basic,184.826,150.765,216.043,177.111,1.37,1.374
102,289,basic,157.329,138.688,0.0,0.0,1.411,
102,291,basic,372.812,243.591,560.103,375.218,2.308,2.074
102,292,basic,563.825,339.919,796.658,466.064,1.494,1.663
102,930,basic,398.96,343.292,499.926,432.235,2.337,2.263
102,935,basic,438.174,304.097,713.504,481.172,1.859,1.91
102,939,basic,223.395,111.265,0.0,0.0,1.791,
102,949,basic,376.989,311.759,636.287,510.719,1.586,1.743
102,955,basic,46.047,43.745,0.0,0.0,2.785,
102,971,basic,0.0,0.0,587.391,282.997,,1.126
102,971,gifted,515.947,473.753,0.0,0.0,,
102,972,basic,261.908,187.666,0.0,0.0,1.893,
102,974,basic,88.104,77.686,208.835,181.681,1.247,1.272
102,977,basic,233.696,172.105,417.191,301.203,1.308,1.425
103,103,basic,276.689,246.144,315.588,280.601,1.622,1.624
103,104,basic,127.032,54.952,144.183,63.362,2.263,2.202
103,105,basic,439.603,211.971,316.911,148.184,2.271,2.427
103,105,gifted,179.428,164.777,0.0,0.0,,
103,106,basic,457.637,292.475,342.905,222.422,1.724,1.639
103,106,gifted,116.355,106.855,0.0,0.0,,
103,107,basic,507.096,253.196,528.477,262.742,2.492,2.515
103,109,basic,150.147,103.358,154.539,106.351,2.124,2.126
103,110,basic,399.095,230.091,412.399,237.564,2.122,2.126
103,113,basic,389.792,240.525,314.366,193.738,2.306,2.307
103,113,gifted,134.918,123.902,0.0,0.0,,
103,115,basic,150.015,88.619,176.922,104.295,1.733,1.744
103,117,basic,266.881,174.945,241.976,161.419,2.29,2.202
103,117,gifted,90.351,82.974,0.0,0.0,,
103,118,basic,260.636,140.19,429.749,231.453,2.126,2.119
103,130,basic,674.514,433.808,717.998,460.322,1.735,1.749
103,201,basic,78.263,50.457,104.612,65.116,1.004,1.173
103,202,basic,170.031,86.488,182.165,88.897,1.626,1.82
103,203,basic,267.512,175.57,292.311,188.971,1.338,1.415
103,204,basic,171.466,116.029,184.581,96.295,1.376,2.788
103,208,basic,204.352,169.229,0.0,0.0,1.247,
103,209,basic,148.689,55.978,168.546,63.336,0.786,0.795
103,210,basic,193.454,87.399,0.0,0.0,1.378,
103,211,basic,73.614,44.458,107.395,62.664,1.105,1.274
103,212,gifted,206.091,189.263,0.0,0.0,,
103,215,basic,126.929,79.591,144.492,90.278,0.927,0.948
103,218,basic,151.32,92.758,169.907,103.688,0.754,0.776
103,220,basic,87.591,69.575,0.0,0.0,1.361,
103,221,basic,165.597,120.417,243.871,154.357,1.0,1.593
103,222,basic,151.116,81.223,179.477,95.563,2.157,2.221
103,225,basic,86.18,43.258,92.191,45.995,1.228,1.257
103,226,basic,251.31,175.962,301.867,209.548,1.277,1.348
103,229,basic,249.629,196.293,0.0,0.0,1.126,
103,230,basic,109.205,69.768,140.255,84.71,1.02,1.314
103,233,basic,283.92,176.173,393.023,240.856,0.839,0.9
103,234,basic,77.729,59.722,0.0,0.0,1.185,
103,235,basic,70.902,46.161,101.652,65.216,1.193,1.276
103,236,basic,51.1,45.375,73.242,65.77,1.072,1.02
103,239,basic,269.628,150.794,276.361,154.437,1.68,1.684
103,241,basic,384.951,134.973,621.212,214.874,1.88,1.952
103,242,basic,157.545,105.709,0.0,0.0,1.225,
103,243,basic,212.396,112.702,302.312,159.479,0.962,0.994
103,244,basic,38.607,35.65,60.285,56.36,1.106,1.078
103,245,basic,321.513,282.705,391.971,344.443,1.207,1.224
103,246,basic,240.126,122.826,342.764,170.617,1.182,1.319
103,247,basic,368.607,129.462,668.716,227.443,1.578,1.729
103,248,basic,146.134,89.779,0.0,0.0,0.887,
103,249,basic,31.703,24.289,36.812,28.397,0.861,0.832
103,250,basic,88.735,61.901,156.66,110.692,0.963,0.898
103,251,basic,132.205,67.955,157.451,78.416,1.415,1.572
103,252,basic,251.211,174.513,278.497,185.603,1.455,1.649
103,255,basic,88.855,56.424,127.374,79.769,0.846,0.919
103,257,basic,124.06,104.899,183.987,152.444,1.076,1.184
103,259,basic,171.339,115.519,0.0,0.0,1.337,
103,261,basic,169.593,151.85,229.087,199.893,1.062,1.192
103,262,basic,188.977,141.335,161.599,118.413,1.074,1.173
103,264,basic,81.924,42.197,0.0,0.0,0.903,
103,266,basic,101.549,82.605,130.649,106.774,0.9,0.875
103,267,basic,122.444,108.18,148.133,130.901,1.028,1.027
103,268,basic,107.611,102.23,117.599,111.719,1.067,1.081
103,269,basic,104.085,96.453,130.311,120.299,1.03,1.081
103,270,basic,154.478,97.78,161.352,101.341,1.453,1.488
103,272,basic,42.714,39.921,0.0,0.0,1.022,
103,275,basic,101.343,94.051,138.778,127.024,1.205,1.349
103,276,basic,151.149,78.841,122.227,63.373,1.131,1.16
103,277,basic,122.512,75.971,140.674,86.98,1.023,1.037
103,279,basic,102.002,46.343,128.75,57.737,0.998,1.061
103,281,basic,65.745,42.13,74.818,47.25,0.817,0.882
103,282,basic,76.283,53.492,85.552,58.561,0.865,0.975
103,286,basic,181.265,114.132,230.397,132.893,1.987,2.471
103,287,gifted,190.0,174.486,0.0,0.0,,
103,288,basic,191.664,157.059,224.737,186.038,1.454,1.444
103,289,basic,158.183,126.898,0.0,0.0,1.358,
103,291,basic,377.573,258.09,566.199,400.609,2.348,2.106
103,292,basic,563.472,326.652,797.749,448.634,1.476,1.634
103,930,basic,398.589,327.999,499.655,415.88,2.269,2.183
103,935,basic,437.493,293.403,712.676,465.488,1.822,1.879
103,939,basic,217.525,111.552,0.0,0.0,1.725,
103,949,basic,374.103,290.386,630.231,470.631,1.512,1.683
103,955,basic,44.731,42.494,0.0,0.0,2.739,
103,971,basic,0.0,0.0,584.683,266.148,,1.124
103,971,gifted,515.322,473.244,0.0,0.0,,
103,972,basic,263.028,186.731,0.0,0.0,1.846,
103,974,basic,87.313,73.416,205.727,171.301,1.198,1.215
103,977,basic,236.556,164.05,420.455,285.514,1.318,1.434
104,103,basic,262.131,236.557,298.777,269.615,1.65,1.65
104,104,basic,146.888,52.901,156.879,59.118,2.751,2.543
104,105,basic,480.777,223.26,341.636,154.411,2.283,2.41
104,105,gifted,185.059,169.454,0.0,0.0,,
104,106,basic,478.858,291.031,359.478,220.741,1.818,1.752
104,106,gifted,117.563,107.649,0.0,0.0,,
104,107,basic,490.65,241.391,511.453,250.437,2.437,2.461
104,109,basic,146.904,98.168,151.764,101.407,2.191,2.191
104,110,basic,399.106,208.156,412.277,214.835,2.082,2.086
104,113,basic,381.191,231.074,305.738,183.279,2.377,2.421
104,113,gifted,132.509,121.335,0.0,0.0,,
104,115,basic,148.686,87.566,175.472,103.088,1.717,1.729
104,117,basic,253.971,157.481,227.351,144.296,2.314,2.205
104,117,gifted,89.562,82.01,0.0,0.0,,
104,118,basic,274.239,142.487,445.662,233.041,2.127,2.097
104,130,basic,663.289,391.592,706.212,415.65,1.738,1.752
104,201,basic,79.64,53.012,106.64,68.373,1.02,1.188
104,202,basic,172.267,86.584,184.844,88.701,1.664,1.867
104,203,basic,246.839,172.228,269.601,185.191,1.259,1.331
104,204,basic,191.528,136.648,191.637,103.704,1.384,2.787
104,208,basic,206.494,173.134,0.0,0.0,1.256,
104,209,basic,152.545,50.11,172.361,56.511,0.774,0.782
104,210,basic,191.666,77.4,0.0,0.0,1.368,
104,211,basic,74.139,46.518,106.207,64.365,1.089,1.247
104,212,gifted,205.655,188.313,0.0,0.0,,
104,215,basic,114.883,67.144,130.855,76.23,0.923,0.942
104,218,basic,148.535,91.284,166.664,101.918,0.753,0.775
104,220,basic,91.272,74.797,0.0,0.0,1.378,
104,221,basic,176.111,118.119,258.119,149.283,1.041,1.635
104,222,basic,147.703,82.247,175.162,96.844,2.15,2.197
104,225,basic,86.899,42.355,92.848,44.934,1.232,1.264
104,226,basic,260.623,168.483,310.823,198.664,1.248,1.326
104,229,basic,243.895,203.837,0.0,0.0,1.133,
104,230,basic,112.221,75.403,143.686,91.025,1.042,1.329
104,233,basic,281.003,173.027,390.214,236.837,0.828,0.894
104,234,basic,79.282,66.097,0.0,0.0,1.147,
104,235,basic,84.776,52.97,119.642,73.612,1.216,1.297
104,236,basic,49.546,43.805,70.327,62.908,1.066,1.016
104,239,basic,274.145,156.071,281.307,160.039,1.718,1.721
104,241,basic,385.533,121.734,621.957,193.605,1.852,1.922
104,242,basic,159.702,110.262,0.0,0.0,1.229,
104,243,basic,215.714,111.318,306.845,157.342,0.969,1.001
104,244,basic,37.003,34.493,58.46,55.015,1.11,1.073
104,245,basic,320.269,281.153,391.777,344.039,1.234,1.247
104,246,basic,241.847,121.343,344.478,168.027,1.183,1.313
104,247,basic,363.567,113.424,661.673,199.428,1.569,1.72
104,248,basic,148.486,94.222,0.0,0.0,0.884,
104,249,basic,31.335,24.362,36.01,28.251,0.887,0.852
104,250,basic,87.604,65.652,155.103,117.867,0.961,0.895
104,251,basic,134.148,62.491,160.503,72.212,1.345,1.504
104,252,basic,227.955,161.247,254.664,172.404,1.377,1.564
104,255,basic,89.812,59.485,128.368,83.846,0.843,0.911
104,257,basic,124.966,109.104,184.466,158.177,1.078,1.178
104,259,basic,165.372,121.591,0.0,0.0,1.31,
104,261,basic,171.706,157.117,231.668,207.472,1.075,1.202
104,262,basic,188.956,146.356,162.517,122.92,1.08,1.188
104,264,basic,79.763,34.916,0.0,0.0,0.94,
104,266,basic,104.562,85.314,134.678,110.46,0.888,0.863
104,267,basic,119.0,107.975,144.436,131.096,1.034,1.034
104,268,basic,112.515,106.89,123.212,117.051,1.064,1.078
104,269,basic,110.403,103.435,137.962,129.03,1.107,1.161
104,270,basic,154.965,105.811,161.789,109.542,1.457,1.492
104,272,basic,41.934,39.5,0.0,0.0,1.044,
104,275,basic,94.82,89.021,130.732,121.421,1.173,1.331
104,276,basic,151.178,71.6,123.283,57.901,1.105,1.144
104,277,basic,128.821,83.41,147.914,95.463,1.013,1.028
104,279,basic,104.489,43.996,131.086,54.435,0.99,1.052
104,281,basic,64.382,43.275,73.199,48.459,0.82,0.883
104,282,basic,74.54,56.581,83.572,61.842,0.886,0.993
104,286,basic,181.359,108.554,230.952,125.552,1.96,2.452
104,287,gifted,190.0,173.978,0.0,0.0,,
104,288,basic,184.514,159.775,215.885,189.086,1.383,1.376
104,289,basic,154.739,137.375,0.0,0.0,1.381,
104,291,basic,382.941,255.992,568.926,399.691,2.431,2.131
104,292,basic,568.81,322.844,803.937,442.594,1.526,1.677
104,930,basic,399.238,355.07,500.244,446.762,2.371,2.288
104,935,basic,437.477,304.837,712.65,485.152,1.845,1.888
104,939,basic,218.607,103.584,0.0,0.0,1.725,
104,949,basic,376.996,317.313,632.848,516.173,1.558,1.711
104,955,basic,46.056,43.753,0.0,0.0,2.789,
104,971,basic,0.0,0.0,587.285,249.736,,1.14
104,971,gifted,516.299,472.761,0.0,0.0,,
104,972,basic,264.273,195.311,0.0,0.0,1.856,
104,974,basic,88.692,80.589,210.18,187.642,1.204,1.218
104,977,basic,243.062,183.487,429.567,316.947,1.319,1.438
105,103,basic,266.957,233.532,304.377,266.247,1.587,1.587
105,104,basic,156.937,59.59,171.954,67.695,2.843,2.656
105,105,basic,439.188,212.096,313.144,146.866,2.299,2.468
105,105,gifted,179.167,164.517,0.0,0.0,,
105,106,basic,461.951,277.357,346.176,210.032,1.835,1.759
105,106,gifted,116.56,107.029,0.0,0.0,,
105,107,basic,524.162,262.414,546.384,272.476,2.534,2.558
105,109,basic,152.82,99.152,158.191,102.469,2.226,2.234
105,110,basic,393.669,205.105,407.045,211.948,2.112,2.115
105,113,basic,389.821,232.185,318.053,187.658,2.449,2.491
105,113,gifted,134.019,123.061,0.0,0.0,,
105,115,basic,157.827,92.748,186.89,109.536,1.741,1.756
105,117,basic,269.591,163.8,242.135,150.153,2.337,2.22
105,117,gifted,90.08,82.714,0.0,0.0,,
105,118,basic,268.261,142.636,436.378,233.172,2.11,2.082
105,130,basic,665.434,390.743,708.024,414.923,1.683,1.694
105,201,basic,79.844,53.065,107.676,69.397,1.077,1.25
105,202,basic,162.899,87.038,175.176,90.028,1.633,1.844
105,203,basic,266.61,184.112,290.413,198.005,1.324,1.398
105,204,basic,183.101,128.769,190.253,105.988,1.469,2.93
105,208,basic,205.397,164.173,0.0,0.0,1.272,
105,209,basic,148.993,54.173,168.658,61.228,0.78,0.789
105,210,basic,193.655,83.949,0.0,0.0,1.373,
105,211,basic,73.15,46.405,111.017,68.1,1.127,1.32
105,212,gifted,206.058,189.209,0.0,0.0,,
105,215,basic,122.228,72.157,139.358,81.961,0.915,0.941
105,218,basic,157.066,97.651,176.995,109.619,0.763,0.785
105,220,basic,87.551,71.216,0.0,0.0,1.374,
105,221,basic,161.488,107.687,236.858,139.907,0.992,1.589
105,222,basic,141.401,81.377,168.302,96.246,2.187,2.249
105,225,basic,77.21,40.042,82.217,42.372,1.184,1.219
105,226,basic,255.624,162.045,305.314,192.433,1.288,1.35
105,229,basic,257.727,208.488,0.0,0.0,1.144,
105,230,basic,111.966,75.736,144.806,93.39,1.057,1.347
105,233,basic,281.235,174.698,390.965,239.967,0.839,0.908
105,234,basic,79.407,63.332,0.0,0.0,1.25,
105,235,basic,85.943,53.61,121.149,74.713,1.256,1.331
105,236,basic,52.164,45.504,74.867,65.948,1.072,1.023
105,239,basic,265.201,156.967,272.208,161.001,1.708,1.712
105,241,basic,387.015,135.731,623.932,216.457,1.95,2.015
105,242,basic,158.073,108.892,0.0,0.0,1.236,
105,243,basic,216.923,116.294,307.489,164.08,0.987,1.016
105,244,basic,37.855,35.206,60.055,56.395,1.15,1.106
105,245,basic,316.225,267.897,385.255,325.715,1.217,1.235
105,246,basic,239.262,126.703,341.846,176.833,1.163,1.298
105,247,basic,374.246,130.516,678.011,229.775,1.625,1.782
105,248,basic,144.206,92.754,0.0,0.0,0.887,
105,249,basic,31.457,23.771,35.87,27.298,0.901,0.865
105,250,basic,86.156,63.811,153.2,114.857,0.977,0.905
105,251,basic,137.218,66.24,162.701,76.411,1.4,1.558
105,252,basic,243.311,167.727,270.05,179.588,1.464,1.659
105,255,basic,85.124,56.662,122.234,80.558,0.862,0.923
105,257,basic,118.86,100.042,177.979,147.021,1.069,1.183
105,259,basic,163.393,121.426,0.0,0.0,1.241,
105,261,basic,166.926,151.232,225.314,199.413,1.064,1.199
105,262,basic,185.891,140.606,160.097,118.852,1.091,1.197
105,264,basic,82.235,37.739,0.0,0.0,0.93,
105,266,basic,101.91,79.696,131.015,102.896,0.901,0.875
105,267,basic,117.521,101.633,142.909,123.575,1.029,1.03
105,268,basic,110.713,105.178,121.362,115.294,1.074,1.089
105,269,basic,107.942,100.857,134.937,125.77,1.057,1.108
105,270,basic,160.717,110.111,167.82,114.008,1.51,1.553
105,272,basic,41.947,39.483,0.0,0.0,1.048,
105,275,basic,91.186,85.134,124.275,114.721,1.17,1.311
105,276,basic,148.589,73.149,121.933,59.665,1.124,1.159
105,277,basic,127.216,83.511,146.001,95.612,1.007,1.021
105,279,basic,98.873,44.624,124.879,55.737,0.989,1.052
105,281,basic,72.139,48.897,81.709,54.745,0.81,0.871
105,282,basic,74.925,56.519,84.245,62.215,0.875,0.988
105,286,basic,176.969,107.296,225.425,126.338,1.935,2.429
105,287,gifted,190.0,174.464,0.0,0.0,,
105,288,basic,193.415,164.13,226.361,193.865,1.422,1.414
105,289,basic,156.997,134.971,0.0,0.0,1.381,
105,291,basic,368.965,251.995,555.535,392.139,2.264,2.025
105,292,basic,565.186,327.942,799.256,452.211,1.513,1.667
105,930,basic,399.448,355.781,500.478,447.499,2.366,2.287
105,935,basic,438.13,300.224,713.178,481.707,1.92,1.947
105,939,basic,220.973,108.939,0.0,0.0,1.747,
105,949,basic,379.59,311.819,640.587,512.284,1.608,1.765
105,955,basic,46.98,44.631,0.0,0.0,2.793,
105,971,basic,0.0,0.0,593.166,270.817,,1.139
105,971,gifted,516.762,474.507,0.0,0.0,,
105,972,basic,263.73,190.92,0.0,0.0,1.883,
105,974,basic,85.055,76.478,199.465,176.206,1.27,1.306
105,977,basic,236.179,177.783,419.601,309.854,1.305,1.425
106,103,basic,271.475,233.432,309.565,266.098,1.623,1.625
106,104,basic,128.466,59.345,140.098,66.006,2.227,2.129
106,105,basic,457.279,229.7,330.44,162.284,2.325,2.468
106,105,gifted,182.064,166.851,0.0,0.0,,
106,106,basic,467.451,294.286,343.609,219.209,1.784,1.684
106,106,gifted,118.723,108.803,0.0,0.0,,
106,107,basic,495.157,257.969,516.156,267.953,2.514,2.537
106,109,basic,151.017,101.92,155.611,105.0,2.155,2.156
106,110,basic,392.344,226.618,405.742,234.148,2.107,2.112
106,113,basic,386.583,238.764,316.071,194.901,2.332,2.333
106,113,gifted,132.975,121.864,0.0,0.0,,
106,115,basic,150.123,89.9,177.112,105.872,1.733,1.745
106,117,basic,266.912,172.015,241.924,158.259,2.32,2.226
106,117,gifted,89.897,82.385,0.0,0.0,,
106,118,basic,274.599,152.249,450.427,250.222,2.111,2.099
106,130,basic,664.297,421.339,707.329,447.435,1.722,1.737
106,201,basic,80.227,51.932,107.99,67.778,1.026,1.213
106,202,basic,172.743,92.015,184.647,95.126,1.659,1.857
106,203,basic,271.11,179.237,295.41,192.996,1.33,1.406
106,204,basic,184.71,123.205,192.723,103.124,1.493,2.999
106,208,basic,202.633,160.236,0.0,0.0,1.27,
106,209,basic,148.355,60.225,167.999,68.103,0.792,0.801
106,210,basic,193.943,91.347,0.0,0.0,1.42,
106,211,basic,72.382,44.36,111.369,66.147,1.131,1.328
106,212,gifted,205.561,188.385,0.0,0.0,,
106,215,basic,115.957,72.388,131.872,82.151,0.92,0.938
106,218,basic,152.466,94.076,171.06,105.163,0.763,0.786
106,220,basic,87.528,68.316,0.0,0.0,1.32,
106,221,basic,165.739,116.009,242.607,151.426,1.016,1.637
106,222,basic,143.553,81.943,170.077,96.579,2.067,2.121
106,225,basic,86.923,45.601,92.949,48.472,1.231,1.267
106,226,basic,258.079,174.157,307.404,205.939,1.325,1.397
106,229,basic,241.886,184.007,0.0,0.0,1.166,
106,230,basic,118.8,76.16,149.392,91.76,1.073,1.356
106,233,basic,285.85,177.695,397.102,244.065,0.854,0.925
106,234,basic,79.843,59.835,0.0,0.0,1.227,
106,235,basic,79.344,50.985,112.91,71.879,1.242,1.31
106,236,basic,53.838,46.904,76.723,67.389,1.066,1.018
106,239,basic,275.855,158.853,283.163,162.89,1.722,1.728
106,241,basic,384.975,148.492,622.181,236.984,1.919,2.002
106,242,basic,159.546,106.642,0.0,0.0,1.246,
106,243,basic,217.353,118.692,308.561,167.781,0.978,1.007
106,244,basic,36.609,33.856,58.628,54.776,1.098,1.077
106,245,basic,320.478,267.481,390.507,325.381,1.234,1.25
106,246,basic,234.468,124.545,336.502,174.805,1.213,1.354
106,247,basic,362.084,139.31,658.404,246.397,1.621,1.788
106,248,basic,142.424,88.915,0.0,0.0,0.878,
106,249,basic,25.597,18.815,29.609,21.909,0.94,0.903
106,250,basic,85.953,59.767,153.155,107.447,0.963,0.906
106,251,basic,138.033,72.521,164.129,84.014,1.434,1.598
106,252,basic,236.303,161.552,263.073,173.825,1.472,1.675
106,255,basic,85.541,54.869,123.623,78.405,0.842,0.917
106,257,basic,119.646,96.826,180.71,143.654,1.064,1.181
106,259,basic,163.246,110.6,0.0,0.0,1.356,
106,261,basic,177.213,153.883,239.601,202.136,1.08,1.238
106,262,basic,191.082,139.803,163.223,117.396,1.074,1.18
106,264,basic,76.477,39.652,0.0,0.0,0.952,
106,266,basic,103.642,80.183,133.737,103.815,0.923,0.899
106,267,basic,116.989,98.239,141.852,119.107,1.021,1.022
106,268,basic,106.42,101.099,116.048,110.246,1.054,1.067
106,269,basic,108.684,99.518,136.054,123.884,1.049,1.106
106,270,basic,164.819,105.46,172.055,109.275,1.513,1.555
106,272,basic,39.394,36.733,0.0,0.0,1.035,
106,275,basic,96.541,88.802,130.754,118.373,1.148,1.291
106,276,basic,152.731,81.347,123.864,65.597,1.134,1.169
106,277,basic,132.512,83.191,151.522,94.928,1.032,1.044
106,279,basic,109.022,51.945,136.906,64.476,1.025,1.097
106,281,basic,61.937,40.0,70.596,45.026,0.823,0.895
106,282,basic,79.056,55.169,88.741,60.743,0.884,0.997
106,286,basic,176.157,112.356,225.346,132.472,1.913,2.459
106,287,gifted,190.0,174.124,0.0,0.0,,
106,288,basic,193.716,155.657,227.657,183.811,1.433,1.438
106,289,basic,153.318,120.234,0.0,0.0,1.374,
106,291,basic,371.504,252.598,559.119,390.428,2.325,2.09
106,292,basic,562.342,330.781,798.21,456.876,1.5,1.679
106,930,basic,399.243,327.03,500.303,413.228,2.294,2.209
106,935,basic,437.554,290.659,712.832,464.924,1.897,1.934
106,939,basic,222.373,117.114,0.0,0.0,1.761,
106,949,basic,380.161,288.94,638.161,471.118,1.558,1.722
106,955,basic,46.876,44.532,0.0,0.0,2.742,
106,971,basic,0.0,0.0,585.734,280.802,,1.143
106,971,gifted,516.222,473.088,0.0,0.0,,
106,972,basic,261.827,183.042,0.0,0.0,1.88,
106,974,basic,86.6,71.427,204.541,167.533,1.22,1.238
106,977,basic,244.916,169.196,432.51,293.958,1.364,1.477
107,103,basic,268.638,230.488,306.42,262.733,1.673,1.676
107,104,basic,144.597,63.594,168.024,74.924,2.397,2.342
107,105,basic,425.464,216.012,306.524,150.702,2.243,2.429
107,105,gifted,177.737,163.573,0.0,0.0,,
107,106,basic,441.703,277.952,332.613,211.884,1.746,1.665
107,106,gifted,114.636,105.501,0.0,0.0,,
107,107,basic,508.106,264.637,529.328,274.572,2.509,2.533
107,109,basic,141.335,95.573,145.239,98.234,2.096,2.095
107,110,basic,410.778,225.003,424.766,232.454,2.131,2.136
107,113,basic,398.748,247.771,323.401,200.635,2.313,2.316
107,113,gifted,136.271,125.412,0.0,0.0,,
107,115,basic,145.479,88.266,171.866,104.058,1.726,1.738
107,117,basic,254.655,159.725,229.375,146.177,2.313,2.22
107,117,gifted,89.674,82.528,0.0,0.0,,
107,118,basic,256.874,142.041,422.173,233.802,2.103,2.095
107,130,basic,646.009,396.712,688.311,421.337,1.699,1.716
107,201,basic,80.312,52.436,108.34,68.541,1.104,1.282
107,202,basic,170.338,90.474,182.932,93.258,1.7,1.925
107,203,basic,258.312,174.161,282.473,187.859,1.343,1.423
107,204,basic,179.79,123.688,188.517,102.848,1.451,2.904
107,208,basic,201.536,159.294,0.0,0.0,1.255,
107,209,basic,140.478,55.411,157.495,62.026,0.772,0.781
107,210,basic,191.637,86.657,0.0,0.0,1.413,
107,211,basic,76.033,47.638,118.494,71.671,1.154,1.358
107,212,gifted,205.55,189.17,0.0,0.0,,
107,215,basic,117.909,71.667,134.682,81.521,0.91,0.938
107,218,basic,155.929,97.596,174.951,109.086,0.764,0.785
107,220,basic,87.093,67.824,0.0,0.0,1.411,
107,221,basic,164.675,110.485,242.245,143.555,1.019,1.634
107,222,basic,148.222,82.852,175.158,97.839,2.242,2.271
107,225,basic,95.413,49.68,102.021,52.815,1.281,1.314
107,226,basic,260.42,167.464,309.787,198.078,1.298,1.358
107,229,basic,254.699,199.37,0.0,0.0,1.145,
107,230,basic,110.487,73.45,140.431,89.081,1.062,1.345
107,233,basic,280.851,175.99,389.105,241.273,0.841,0.901
107,234,basic,76.297,58.479,0.0,0.0,1.278,
107,235,basic,86.064,53.851,123.124,76.238,1.286,1.358
107,236,basic,46.517,40.078,64.325,55.916,1.035,0.988
107,239,basic,278.339,162.763,285.519,166.859,1.729,1.733
107,241,basic,386.102,144.36,622.716,230.063,1.905,1.978
107,242,basic,155.376,106.136,0.0,0.0,1.213,
107,243,basic,212.794,116.527,302.702,164.949,0.982,1.012
107,244,basic,36.241,33.63,56.289,52.758,1.096,1.067
107,245,basic,314.029,258.706,385.466,317.177,1.24,1.252
107,246,basic,233.179,124.069,334.748,174.166,1.235,1.365
107,247,basic,371.455,139.077,673.995,245.455,1.582,1.733
107,248,basic,147.044,94.295,0.0,0.0,0.89,
107,249,basic,30.319,22.73,34.969,26.379,0.883,0.852
107,250,basic,85.925,62.254,154.368,113.014,0.956,0.895
107,251,basic,132.804,66.649,158.182,77.209,1.407,1.566
107,252,basic,244.457,165.612,271.429,177.256,1.475,1.674
107,255,basic,83.614,55.572,120.715,79.236,0.823,0.898
107,257,basic,124.868,101.603,183.824,147.014,1.083,1.187
107,259,basic,167.976,118.105,0.0,0.0,1.375,
107,261,basic,180.015,159.264,242.673,209.185,1.07,1.205
107,262,basic,187.923,139.431,161.235,117.412,1.083,1.189
107,264,basic,75.089,36.766,0.0,0.0,0.921,
107,266,basic,105.103,80.973,135.072,104.505,0.909,0.883
107,267,basic,116.12,98.047,141.526,119.496,1.022,1.022
107,268,basic,112.757,107.12,123.399,117.229,1.076,1.09
107,269,basic,105.948,98.152,132.175,122.0,0.994,1.034
107,270,basic,165.847,109.914,172.936,113.858,1.525,1.559
107,272,basic,43.485,40.719,0.0,0.0,1.034,
107,275,basic,96.57,88.84,131.786,119.256,1.169,1.315
107,276,basic,153.278,78.644,123.761,63.115,1.126,1.161
107,277,basic,124.422,80.809,142.83,92.553,1.007,1.019
107,279,basic,110.083,51.93,138.937,64.776,0.996,1.062
107,281,basic,69.87,46.775,79.626,52.598,0.822,0.892
107,282,basic,77.222,55.975,87.863,62.132,0.939,1.072
107,286,basic,181.023,106.369,229.325,125.554,2.097,2.561
107,287,gifted,190.0,174.859,0.0,0.0,,
107,288,basic,196.55,161.96,229.834,190.777,1.396,1.39
107,289,basic,159.441,133.373,0.0,0.0,1.371,
107,291,basic,376.913,251.652,566.424,388.242,2.304,2.084
107,292,basic,564.222,332.533,797.745,458.661,1.512,1.661
107,930,basic,399.08,341.203,500.138,431.397,2.328,2.233
107,935,basic,438.249,299.085,713.415,476.093,1.843,1.896
107,939,basic,217.12,111.434,0.0,0.0,1.731,
107,949,basic,381.25,307.044,641.901,500.265,1.555,1.726
107,955,basic,47.637,45.256,0.0,0.0,2.748,
107,971,basic,0.0,0.0,585.193,278.01,,1.135
107,971,gifted,515.538,474.456,0.0,0.0,,
107,972,basic,255.254,181.032,0.0,0.0,1.895,
107,974,basic,87.692,76.183,205.302,176.353,1.287,1.311
107,977,basic,232.685,169.609,415.45,296.901,1.292,1.417
108,103,basic,253.715,232.752,289.245,265.271,1.62,1.62
108,104,basic,142.436,59.996,157.077,68.094,2.531,2.395
108,105,basic,448.967,229.512,321.659,159.716,2.279,2.44
108,105,gifted,180.547,165.4,0.0,0.0,,
108,106,basic,466.939,301.439,349.674,228.193,1.811,1.735
108,106,gifted,117.518,107.659,0.0,0.0,,
108,107,basic,505.209,271.513,526.134,281.671,2.461,2.483
108,109,basic,151.708,108.517,156.435,111.915,2.113,2.112
108,110,basic,391.692,216.79,405.04,223.986,2.113,2.118
108,113,basic,402.047,261.582,328.189,212.558,2.35,2.367
108,113,gifted,136.816,125.338,0.0,0.0,,
108,115,basic,141.264,88.72,167.109,104.69,1.728,1.742
108,117,basic,250.895,164.84,225.082,150.633,2.302,2.199
108,117,gifted,89.193,81.71,0.0,0.0,,
108,118,basic,257.795,145.035,421.148,237.823,2.134,2.114
108,130,basic,650.223,405.863,692.706,431.055,1.721,1.737
108,201,basic,70.73,46.345,95.409,60.406,1.004,1.186
108,202,basic,181.818,90.861,194.876,93.143,1.794,2.032
108,203,basic,257.682,173.978,280.868,187.156,1.313,1.386
108,204,basic,170.622,117.947,185.968,101.333,1.444,2.877
108,208,basic,206.349,168.541,0.0,0.0,1.253,
108,209,basic,148.918,50.797,168.442,57.362,0.773,0.782
108,210,basic,193.692,79.413,0.0,0.0,1.396,
108,211,basic,77.194,47.526,114.958,68.47,1.123,1.305
108,212,gifted,205.609,188.359,0.0,0.0,,
108,215,basic,117.816,66.919,134.007,76.041,0.953,0.967
108,218,basic,157.439,94.862,177.416,106.492,0.756,0.777
108,220,basic,93.191,74.461,0.0,0.0,1.414,
108,221,basic,166.939,109.153,242.638,140.471,0.979,1.55
108,222,basic,151.281,82.638,179.281,97.466,2.322,2.37
108,225,basic,86.631,42.637,92.472,45.221,1.24,1.274
108,226,basic,265.977,163.058,315.13,192.364,1.343,1.395
108,229,basic,257.823,205.52,0.0,0.0,1.149,
108,230,basic,94.922,62.877,127.999,80.455,1.023,1.326
108,233,basic,275.934,166.512,382.561,228.373,0.826,0.886
108,234,basic,78.041,62.296,0.0,0.0,1.167,
108,235,basic,82.744,50.012,117.833,70.428,1.283,1.355
108,236,basic,49.406,42.846,69.767,61.143,1.071,1.019
108,239,basic,280.408,159.456,287.708,163.514,1.755,1.758
108,241,basic,385.307,127.05,621.054,202.654,1.939,2.0
108,242,basic,162.643,109.639,0.0,0.0,1.232,
108,243,basic,213.027,109.699,303.144,155.289,0.979,1.011
108,244,basic,36.73,34.196,57.183,53.753,1.108,1.071
108,245,basic,320.45,268.099,390.126,326.08,1.248,1.26
108,246,basic,231.038,117.59,331.877,164.705,1.155,1.294
108,247,basic,376.278,122.915,680.838,215.974,1.625,1.779
108,248,basic,141.421,88.224,0.0,0.0,0.893,
108,249,basic,27.216,20.235,31.393,23.498,0.901,0.869
108,250,basic,89.664,65.169,157.345,115.631,0.96,0.898
108,251,basic,128.578,59.704,153.326,69.222,1.375,1.529
108,252,basic,250.162,168.485,277.275,180.028,1.467,1.657
108,255,basic,84.653,54.828,122.972,78.633,0.856,0.931
108,257,basic,124.043,102.635,185.952,151.025,1.1,1.209
108,259,basic,163.535,117.86,0.0,0.0,1.298,
108,261,basic,167.23,150.653,226.957,199.259,1.069,1.213
108,262,basic,181.621,135.434,156.125,114.18,1.071,1.176
108,264,basic,83.521,36.438,0.0,0.0,0.955,
108,266,basic,102.939,79.385,132.433,102.584,0.892,0.866
108,267,basic,118.567,101.798,144.191,123.795,1.039,1.04
108,268,basic,109.105,103.649,119.279,113.315,1.068,1.082
108,269,basic,106.296,99.318,133.008,123.97,1.029,1.079
108,270,basic,162.612,105.839,169.492,109.624,1.647,1.678
108,272,basic,41.829,39.365,0.0,0.0,1.051,
108,275,basic,96.758,90.262,132.286,121.821,1.174,1.322
108,276,basic,143.62,67.692,118.602,55.524,1.125,1.161
108,277,basic,128.636,81.722,147.435,93.435,1.025,1.038
108,279,basic,105.928,45.201,134.01,56.469,1.014,1.082
108,281,basic,61.769,40.596,70.395,45.621,0.828,0.898
108,282,basic,70.017,51.611,79.354,57.194,0.883,0.998
108,286,basic,172.152,103.623,220.13,122.002,1.844,2.333
108,287,gifted,190.0,174.06,0.0,0.0,,
108,288,basic,189.633,161.266,220.905,189.394,1.367,1.36
108,289,basic,158.577,142.363,0.0,0.0,1.41,
108,291,basic,369.629,255.348,555.261,391.769,2.3,2.076
108,292,basic,563.572,329.494,798.021,454.147,1.51,1.667
108,930,basic,399.446,355.715,500.483,447.66,2.382,2.293
108,935,basic,437.846,307.745,713.031,485.859,1.889,1.932
108,939,basic,218.339,106.965,0.0,0.0,1.741,
108,949,basic,374.188,315.878,629.537,516.968,1.595,1.748
108,955,basic,44.379,42.161,0.0,0.0,2.8,
108,971,basic,0.0,0.0,591.549,257.313,,1.127
108,971,gifted,516.289,472.974,0.0,0.0,,
108,972,basic,259.614,191.921,0.0,0.0,1.89,
108,974,basic,85.604,77.207,203.753,180.919,1.199,1.226
108,977,basic,242.217,178.305,428.683,309.699,1.324,1.439
109,103,basic,277.718,258.739,316.625,294.899,1.686,1.687
109,104,basic,135.874,51.021,153.701,59.38,2.785,2.63
109,105,basic,454.843,221.915,326.48,155.376,2.27,2.431
109,105,gifted,182.782,167.324,0.0,0.0,,
109,106,basic,467.067,292.717,353.728,223.738,1.796,1.725
109,106,gifted,116.44,106.592,0.0,0.0,,
109,107,basic,494.204,255.405,515.128,265.23,2.487,2.512
109,109,basic,149.956,106.276,154.378,109.44,2.163,2.161
109,110,basic,406.705,212.648,420.961,219.866,2.137,2.145
109,113,basic,400.38,260.508,325.822,211.157,2.363,2.378
109,113,gifted,136.188,124.671,0.0,0.0,,
109,115,basic,151.46,91.01,178.906,107.289,1.734,1.747
109,117,basic,256.917,166.106,231.435,151.974,2.346,2.244
109,117,gifted,89.682,82.098,0.0,0.0,,
109,118,basic,268.44,144.926,438.808,237.56,2.121,2.104
109,130,basic,657.842,387.06,700.509,410.99,1.735,1.753
109,201,basic,77.858,49.948,104.636,65.231,1.084,1.267
109,202,basic,165.432,82.442,177.859,85.468,1.691,1.918
109,203,basic,263.299,180.622,286.818,194.582,1.304,1.376
109,204,basic,179.236,126.453,188.044,108.24,1.483,2.914
109,208,basic,204.074,169.923,0.0,0.0,1.285,
109,209,basic,151.655,43.561,171.11,49.079,0.772,0.781
109,210,basic,194.023,72.239,0.0,0.0,1.421,
109,211,basic,75.398,45.599,111.906,65.799,1.125,1.307
109,212,gifted,205.771,188.369,0.0,0.0,,
109,215,basic,122.5,65.737,139.667,74.682,0.925,0.952
109,218,basic,157.986,90.582,176.668,100.969,0.768,0.788
109,220,basic,90.144,75.29,0.0,0.0,1.452,
109,221,basic,164.563,102.946,243.706,135.308,1.084,1.766
109,222,basic,150.671,87.267,178.295,102.969,2.23,2.272
109,225,basic,83.049,38.723,88.519,41.06,1.21,1.244
109,226,basic,256.773,155.34,306.547,184.046,1.307,1.381
109,229,basic,254.196,209.628,0.0,0.0,1.154,
109,230,basic,110.854,72.608,142.762,89.737,1.063,1.345
109,233,basic,277.923,160.044,386.585,220.205,0.827,0.898
109,234,basic,79.776,65.786,0.0,0.0,1.19,
109,235,basic,80.973,48.287,115.381,68.095,1.237,1.314
109,236,basic,52.112,46.548,74.59,67.22,1.065,1.013
109,239,basic,273.687,156.502,280.769,160.416,1.738,1.744
109,241,basic,382.492,114.532,617.788,182.986,1.907,1.982
109,242,basic,158.194,106.708,0.0,0.0,1.223,
109,243,basic,218.863,105.371,311.889,149.523,0.992,1.022
109,244,basic,35.455,33.329,56.173,53.06,1.138,1.102
109,245,basic,319.737,279.097,390.219,340.091,1.21,1.229
109,246,basic,230.208,108.712,331.216,153.693,1.269,1.386
109,247,basic,370.288,107.426,672.571,190.152,1.602,1.763
109,248,basic,143.346,86.677,0.0,0.0,0.881,
109,249,basic,30.906,22.914,36.368,27.077,0.886,0.861
109,250,basic,80.402,58.91,145.936,107.96,0.963,0.899
109,251,basic,127.052,55.026,151.947,64.141,1.37,1.536
109,252,basic,230.066,159.671,256.329,172.163,1.424,1.625
109,255,basic,88.652,56.34,126.514,79.508,0.827,0.903
109,257,basic,125.283,107.738,186.437,157.856,1.103,1.211
109,259,basic,152.237,113.09,0.0,0.0,1.295,
109,261,basic,172.085,158.571,233.799,211.004,1.114,1.272
109,262,basic,189.952,143.461,162.531,120.733,1.071,1.177
109,264,basic,81.208,31.405,0.0,0.0,0.952,
109,266,basic,106.231,82.329,136.766,106.38,0.897,0.872
109,267,basic,120.167,106.028,145.498,128.386,1.031,1.031
109,268,basic,109.431,103.959,119.519,113.543,1.053,1.067
109,269,basic,103.061,97.386,129.114,121.962,1.044,1.093
109,270,basic,162.204,111.73,169.115,115.727,1.524,1.563
109,272,basic,39.043,36.946,0.0,0.0,1.078,
109,275,basic,92.619,87.599,126.243,118.845,1.174,1.33
109,276,basic,153.341,66.21,124.465,53.468,1.138,1.171
109,277,basic,126.469,79.417,144.993,90.861,1.004,1.017
109,279,basic,103.901,39.977,131.349,49.994,0.999,1.069
109,281,basic,71.605,46.06,81.331,51.73,0.821,0.889
109,282,basic,78.941,58.369,88.917,64.413,0.925,1.051
109,286,basic,178.947,106.056,227.406,125.79,2.081,2.58
109,287,gifted,190.0,173.932,0.0,0.0,,
109,288,basic,194.22,173.105,226.913,203.823,1.406,1.403
109,289,basic,155.688,143.642,0.0,0.0,1.396,
109,291,basic,379.999,273.155,568.6,417.827,2.416,2.165
109,292,basic,562.537,318.049,797.295,440.814,1.532,1.682
109,930,basic,399.288,371.642,500.353,465.372,2.422,2.33
109,935,basic,438.503,321.652,713.715,509.526,1.871,1.907
109,939,basic,221.063,101.412,0.0,0.0,1.796,
109,949,basic,381.401,334.007,640.976,548.856,1.609,1.767
109,955,basic,46.16,43.852,0.0,0.0,2.8,
109,971,basic,0.0,0.0,590.295,233.408,,1.14
109,971,gifted,516.164,472.513,0.0,0.0,,
109,972,basic,263.283,203.528,0.0,0.0,1.904,
109,974,basic,88.328,81.576,207.058,187.978,1.276,1.305
109,977,basic,232.873,177.433,416.753,312.094,1.312,1.435
110,103,basic,273.731,248.272,312.173,282.984,1.665,1.666
110,104,basic,137.369,53.535,155.99,61.826,2.345,2.274
110,105,basic,432.064,199.844,311.069,139.65,2.265,2.429
110,105,gifted,178.365,164.171,0.0,0.0,,
110,106,basic,467.196,285.166,351.293,217.241,1.75,1.667
110,106,gifted,118.283,108.87,0.0,0.0,,
110,107,basic,492.258,239.856,513.087,248.949,2.492,2.517
110,109,basic,145.898,100.112,149.918,102.887,2.094,2.093
110,110,basic,408.362,211.295,422.89,218.495,2.126,2.134
110,113,basic,373.294,230.715,300.252,185.388,2.302,2.301
110,113,gifted,131.308,120.858,0.0,0.0,,
110,115,basic,147.838,85.196,174.749,100.464,1.723,1.736
110,117,basic,253.254,158.342,228.576,145.115,2.332,2.247
110,117,gifted,89.724,82.583,0.0,0.0,,
110,118,basic,263.657,136.522,433.323,224.71,2.106,2.098
110,130,basic,654.797,385.569,697.457,409.303,1.708,1.725
110,201,basic,81.895,53.26,110.459,69.425,1.087,1.269
110,202,basic,171.643,85.992,184.302,88.554,1.72,1.938
110,203,basic,259.645,179.335,283.271,193.17,1.302,1.372
110,204,basic,184.748,131.013,190.031,105.99,1.447,2.876
110,208,basic,206.067,173.05,0.0,0.0,1.259,
110,209,basic,148.092,46.76,167.238,52.719,0.777,0.785
110,210,basic,191.615,76.735,0.0,0.0,1.381,
110,211,basic,76.224,47.01,111.163,66.377,1.104,1.278
110,212,gifted,205.488,189.135,0.0,0.0,,
110,215,basic,125.555,73.146,143.339,83.138,0.911,0.939
110,218,basic,156.399,93.497,175.913,104.745,0.767,0.789
110,220,basic,94.556,78.861,0.0,0.0,1.402,
110,221,basic,162.549,112.054,236.504,144.652,0.95,1.502
110,222,basic,148.493,85.489,175.25,100.919,2.125,2.143
110,225,basic,88.172,42.506,94.247,45.195,1.229,1.258
110,226,basic,254.338,166.418,304.622,197.381,1.261,1.339
110,229,basic,253.53,211.193,0.0,0.0,1.149,
110,230,basic,114.958,75.464,146.816,91.964,1.092,1.364
110,233,basic,286.905,172.513,398.721,236.634,0.849,0.919
110,234,basic,78.67,65.26,0.0,0.0,1.175,
110,235,basic,87.659,55.21,124.345,77.45,1.206,1.278
110,236,basic,49.229,44.358,68.802,62.548,1.03,0.982
110,239,basic,280.934,160.108,288.349,164.154,1.759,1.765
110,241,basic,387.778,121.118,625.132,193.0,1.918,1.986
110,242,basic,153.921,106.093,0.0,0.0,1.226,
110,243,basic,211.691,106.602,301.72,151.116,0.982,1.014
110,244,basic,34.887,32.636,54.166,51.013,1.093,1.062
110,245,basic,320.194,285.094,390.068,347.59,1.242,1.252
110,246,basic,228.395,112.703,329.753,158.837,1.201,1.334
110,247,basic,373.332,114.171,676.432,200.924,1.626,1.777
110,248,basic,147.167,91.343,0.0,0.0,0.888,
110,249,basic,27.277,21.051,31.69,24.61,0.892,0.862
110,250,basic,84.565,62.424,154.646,115.553,0.96,0.892
110,251,basic,130.569,60.481,155.528,69.992,1.387,1.543
110,252,basic,240.485,168.75,267.277,180.697,1.474,1.665
110,255,basic,88.566,57.346,127.717,81.57,0.849,0.927
110,257,basic,124.403,109.175,184.285,158.954,1.078,1.186
110,259,basic,160.35,118.022,0.0,0.0,1.293,
110,261,basic,170.478,157.09,230.016,207.388,1.077,1.221
110,262,basic,192.113,148.496,164.51,124.59,1.072,1.182
110,264,basic,81.265,35.018,0.0,0.0,0.952,
110,266,basic,104.283,84.6,134.541,109.592,0.9,0.876
110,267,basic,109.655,100.376,132.4,121.238,1.009,1.008
110,268,basic,113.626,107.944,124.389,118.169,1.068,1.081
110,269,basic,105.897,99.789,132.64,124.908,1.069,1.122
110,270,basic,167.652,112.45,174.6,116.424,1.567,1.596
110,272,basic,43.079,40.66,0.0,0.0,1.039,
110,275,basic,92.314,87.077,125.24,117.4,1.172,1.322
110,276,basic,153.366,71.717,124.775,57.927,1.113,1.153
110,277,basic,127.578,81.192,146.128,92.775,1.014,1.027
110,279,basic,109.624,44.931,137.995,55.87,1.0,1.066
110,281,basic,65.151,42.81,73.986,47.979,0.817,0.882
110,282,basic,74.347,55.445,83.429,60.9,0.885,0.992
110,286,basic,179.123,114.444,227.474,133.616,1.833,2.321
110,287,gifted,190.0,174.879,0.0,0.0,,
110,288,basic,190.287,168.56,223.068,198.722,1.372,1.384
110,289,basic,159.503,140.997,0.0,0.0,1.355,
110,291,basic,370.093,264.401,556.392,408.442,2.29,2.075
110,292,basic,563.321,318.744,797.939,439.18,1.501,1.659
110,930,basic,399.198,363.803,500.238,457.241,2.362,2.262
110,935,basic,437.681,309.175,712.971,492.125,1.84,1.895
110,939,basic,223.245,105.284,0.0,0.0,1.771,
110,949,basic,384.399,325.909,645.799,530.713,1.543,1.716
110,955,basic,46.655,44.322,0.0,0.0,2.764,
110,971,basic,0.0,0.0,587.805,245.071,,1.139
110,971,gifted,516.074,475.003,0.0,0.0,,
110,972,basic,258.654,194.279,0.0,0.0,1.848,
110,974,basic,88.198,80.317,207.92,186.193,1.243,1.263
110,977,basic,236.388,178.007,421.819,311.831,1.328,1.441
111,103,basic,275.835,251.724,314.493,286.965,1.64,1.64
111,104,basic,149.979,57.541,162.336,64.427,2.643,2.47
111,105,basic,440.76,210.729,315.832,146.913,2.268,2.427
111,105,gifted,180.822,166.267,0.0,0.0,,
111,106,basic,464.631,284.531,345.498,213.638,1.854,1.779
111,106,gifted,117.312,107.87,0.0,0.0,,
111,107,basic,525.777,261.948,547.838,271.887,2.538,2.561
111,109,basic,152.494,105.165,157.645,108.588,2.164,2.17
111,110,basic,397.857,213.711,411.655,220.958,2.14,2.145
111,113,basic,392.985,243.198,327.924,201.576,2.411,2.442
111,113,gifted,131.111,120.558,0.0,0.0,,
111,115,basic,143.747,84.275,171.02,99.941,1.744,1.763
111,117,basic,255.55,164.243,229.266,150.177,2.323,2.212
111,117,gifted,89.45,82.25,0.0,0.0,,
111,118,basic,277.956,147.694,452.497,241.376,2.122,2.099
111,130,basic,667.072,404.172,710.022,429.069,1.708,1.723
111,201,basic,76.436,50.203,101.861,64.84,0.994,1.17
111,202,basic,176.502,88.262,189.844,90.706,1.765,2.022
111,203,basic,262.602,177.603,286.762,191.213,1.369,1.453
111,204,basic,176.895,123.111,186.797,104.905,1.495,2.857
111,208,basic,200.666,168.126,0.0,0.0,1.258,
111,209,basic,151.555,49.174,170.537,55.263,0.767,0.774
111,210,basic,195.325,79.496,0.0,0.0,1.421,
111,211,basic,75.213,45.948,109.059,64.698,1.118,1.287
111,212,gifted,205.838,189.27,0.0,0.0,,
111,215,basic,125.257,70.784,143.45,80.775,1.044,1.075
111,218,basic,155.78,92.71,175.292,103.919,0.768,0.791
111,220,basic,87.008,72.644,0.0,0.0,1.364,
111,221,basic,161.35,109.502,238.667,143.437,1.035,1.65
111,222,basic,149.148,79.623,176.93,94.077,2.569,2.621
111,225,basic,80.398,39.271,85.691,41.637,1.189,1.219
111,226,basic,254.051,166.275,304.2,197.634,1.293,1.362
111,229,basic,246.045,201.312,0.0,0.0,1.155,
111,230,basic,110.023,71.855,143.03,89.23,1.066,1.348
111,233,basic,284.996,170.936,395.763,234.608,0.844,0.913
111,234,basic,72.635,59.165,0.0,0.0,1.17,
111,235,basic,88.03,53.273,125.87,75.413,1.412,1.483
111,236,basic,53.516,48.031,77.255,69.939,1.054,1.006
111,239,basic,258.637,149.134,265.074,152.866,1.684,1.683
111,241,basic,384.031,123.419,619.326,197.066,1.929,1.99
111,242,basic,155.707,105.797,0.0,0.0,1.247,
111,243,basic,218.426,110.434,310.369,156.205,0.989,1.018
111,244,basic,37.383,34.952,58.595,55.185,1.117,1.082
111,245,basic,318.884,281.46,388.608,343.081,1.257,1.267
111,246,basic,226.766,113.373,325.886,159.163,1.155,1.291
111,247,basic,367.841,115.776,667.783,204.09,1.636,1.801
111,248,basic,145.549,89.49,0.0,0.0,0.886,
111,249,basic,30.648,23.338,35.396,27.102,0.879,0.851
111,250,basic,85.905,62.331,153.335,112.504,0.969,0.902
111,251,basic,126.377,59.934,150.684,69.471,1.361,1.524
111,252,basic,233.4,165.009,259.522,177.141,1.426,1.618
111,255,basic,86.523,55.51,124.608,79.011,0.839,0.911
111,257,basic,121.834,105.569,182.907,155.765,1.088,1.199
111,259,basic,154.313,112.041,0.0,0.0,1.286,
111,261,basic,168.833,154.501,229.794,205.365,1.101,1.257
111,262,basic,191.28,145.885,163.609,122.416,1.073,1.183
111,264,basic,78.746,34.733,0.0,0.0,0.933,
111,266,basic,104.558,84.103,134.431,108.632,0.889,0.86
111,267,basic,114.551,102.634,140.763,126.091,1.033,1.035
111,268,basic,108.3,102.885,118.312,112.396,1.066,1.079
111,269,basic,103.72,97.622,129.923,122.166,1.045,1.096
111,270,basic,162.268,108.762,169.099,112.453,1.509,1.548
111,272,basic,41.493,39.129,0.0,0.0,1.039,
111,275,basic,95.76,90.44,130.478,122.433,1.187,1.335
111,276,basic,157.392,74.737,128.305,60.506,1.112,1.152
111,277,basic,128.163,80.736,147.266,92.533,1.028,1.043
111,279,basic,110.317,45.869,138.655,56.996,1.005,1.071
111,281,basic,70.916,46.021,80.41,51.556,0.82,0.883
111,282,basic,74.942,55.032,83.881,60.425,0.873,0.976
111,286,basic,184.369,115.451,233.232,135.19,1.978,2.472
111,287,gifted,190.0,174.707,0.0,0.0,,
111,288,basic,184.159,162.742,214.257,190.463,1.339,1.345
111,289,basic,155.641,136.235,0.0,0.0,1.367,
111,291,basic,376.216,269.86,564.659,417.732,2.319,2.069
111,292,basic,565.139,321.153,800.914,443.508,1.535,1.695
111,930,basic,399.064,358.425,500.124,449.506,2.416,2.341
111,935,basic,438.082,306.971,713.275,489.273,1.912,1.946
111,939,basic,221.183,107.242,0.0,0.0,1.735,
111,949,basic,381.975,317.298,644.109,521.846,1.634,1.777
111,955,basic,45.155,42.897,0.0,0.0,2.881,
111,971,basic,0.0,0.0,592.87,250.894,,1.135
111,971,gifted,516.121,474.579,0.0,0.0,,
111,972,basic,261.159,192.055,0.0,0.0,1.97,
111,974,basic,86.461,78.396,205.252,183.292,1.217,1.246
111,977,basic,247.26,182.882,435.17,316.484,1.336,1.445
112,103,basic,260.095,244.326,296.488,278.436,1.682,1.682
112,104,basic,141.555,55.442,156.042,62.866,2.633,2.475
112,105,basic,459.667,224.719,330.631,157.889,2.307,2.464
112,105,gifted,182.7,167.95,0.0,0.0,,
112,106,basic,444.498,283.586,330.733,212.943,1.825,1.749
112,106,gifted,113.71,104.53,0.0,0.0,,
112,107,basic,494.989,257.095,515.501,266.831,2.476,2.5
112,109,basic,152.838,110.841,157.368,114.183,2.173,2.169
112,110,basic,394.13,219.56,408.196,227.163,2.13,2.137
112,113,basic,391.181,257.349,320.773,210.012,2.385,2.407
112,113,gifted,133.343,122.578,0.0,0.0,,
112,115,basic,149.193,89.749,176.491,105.942,1.733,1.747
112,117,basic,258.926,175.024,233.292,160.016,2.336,2.238
112,117,gifted,89.905,82.647,0.0,0.0,,
112,118,basic,272.789,148.551,446.304,243.687,2.144,2.126
112,130,basic,662.894,408.709,706.183,433.999,1.746,1.767
112,201,basic,76.359,47.927,103.364,62.959,1.092,1.288
112,202,basic,166.571,82.319,177.943,85.485,1.629,1.809
112,203,basic,249.238,167.143,272.951,181.063,1.322,1.396
112,204,basic,182.234,126.683,187.732,106.48,1.419,2.879
112,208,basic,203.304,172.28,0.0,0.0,1.305,
112,209,basic,142.686,41.184,159.82,46.068,0.782,0.791
112,210,basic,193.084,74.033,0.0,0.0,1.394,
112,211,basic,71.747,42.355,103.553,59.588,1.1,1.269
112,212,gifted,205.997,189.366,0.0,0.0,,
112,215,basic,123.955,68.404,140.723,77.567,0.877,0.89
112,218,basic,162.929,91.928,183.488,103.159,0.775,0.798
112,220,basic,88.138,73.652,0.0,0.0,1.425,
112,221,basic,160.636,107.007,234.839,140.527,0.99,1.609
112,222,basic,138.882,83.254,164.903,98.394,1.891,1.942
112,225,basic,79.251,36.067,85.024,38.487,1.283,1.319
112,226,basic,263.008,166.115,312.283,196.244,1.366,1.427
112,229,basic,253.17,205.641,0.0,0.0,1.154,
112,230,basic,113.35,72.077,143.97,87.904,1.041,1.325
112,233,basic,281.161,160.196,391.126,220.548,0.848,0.918
112,234,basic,75.831,61.21,0.0,0.0,1.168,
112,235,basic,77.322,47.411,110.73,67.287,1.165,1.234
112,236,basic,46.969,42.414,64.878,59.087,1.101,1.043
112,239,basic,274.26,153.041,281.8,157.017,1.744,1.754
112,241,basic,385.187,114.939,621.355,183.82,1.958,2.019
112,242,basic,159.442,105.602,0.0,0.0,1.232,
112,243,basic,217.441,103.654,310.451,147.354,0.992,1.023
112,244,basic,36.454,34.127,57.926,54.617,1.192,1.13
112,245,basic,323.068,286.0,391.857,346.923,1.25,1.261
112,246,basic,234.757,110.51,334.568,154.195,1.185,1.326
112,247,basic,372.068,107.98,674.68,190.849,1.629,1.794
112,248,basic,143.076,83.756,0.0,0.0,0.886,
112,249,basic,31.252,23.002,36.029,26.693,0.884,0.844
112,250,basic,87.318,61.972,154.11,110.33,0.952,0.892
112,251,basic,134.482,59.625,159.915,69.219,1.474,1.635
112,252,basic,241.511,167.479,268.608,180.118,1.534,1.749
112,255,basic,86.634,52.992,125.735,76.148,0.869,0.94
112,257,basic,121.986,105.71,182.97,156.117,1.101,1.212
112,259,basic,157.656,112.025,0.0,0.0,1.35,
112,261,basic,168.206,155.387,226.699,205.119,1.084,1.239
112,262,basic,181.488,135.864,155.944,114.89,1.071,1.177
112,264,basic,79.375,32.285,0.0,0.0,0.93,
112,266,basic,105.484,82.949,136.206,107.434,0.923,0.9
112,267,basic,119.049,105.511,143.255,126.993,1.015,1.014
112,268,basic,114.548,108.821,125.382,119.113,1.08,1.096
112,269,basic,104.755,98.993,131.059,123.821,1.032,1.077
112,270,basic,155.673,103.32,162.678,107.38,1.53,1.564
112,272,basic,40.976,38.731,0.0,0.0,1.069,
112,275,basic,101.519,96.007,137.777,129.803,1.225,1.374
112,276,basic,151.44,67.221,123.143,54.406,1.142,1.173
112,277,basic,129.904,79.228,148.873,90.624,1.012,1.024
112,279,basic,110.596,42.501,139.327,52.981,1.005,1.075
112,281,basic,61.518,38.254,69.853,42.948,0.816,0.886
112,282,basic,78.905,56.383,88.712,62.218,0.883,1.0
112,286,basic,182.474,112.632,230.569,133.691,2.087,2.558
112,287,gifted,190.0,174.661,0.0,0.0,,
112,288,basic,193.338,169.899,227.601,202.236,1.502,1.482
112,289,basic,153.759,138.907,0.0,0.0,1.399,
112,291,basic,375.418,277.462,563.39,425.448,2.476,2.212
112,292,basic,563.926,318.158,797.904,439.916,1.537,1.696
112,930,basic,398.954,369.88,499.992,464.437,2.356,2.256
112,935,basic,438.487,316.34,713.907,500.942,1.961,1.986
112,939,basic,223.032,104.257,0.0,0.0,1.823,
112,949,basic,382.625,326.419,641.602,534.299,1.62,1.775
112,955,basic,45.676,43.392,0.0,0.0,2.788,
112,971,basic,0.0,0.0,581.962,229.503,,1.127
112,971,gifted,515.376,473.768,0.0,0.0,,
112,972,basic,260.117,204.318,0.0,0.0,1.836,
112,974,basic,88.149,80.929,210.224,190.474,1.199,1.23
112,977,basic,243.112,177.786,430.4,309.738,1.333,1.45
113,103,basic,287.594,255.889,328.0,291.667,1.627,1.63
113,104,basic,123.748,52.825,139.582,60.417,2.251,2.191
113,105,basic,452.479,218.239,324.191,152.148,2.31,2.467
113,105,gifted,182.184,166.63,0.0,0.0,,
113,106,basic,466.214,290.562,349.466,220.552,1.754,1.669
113,106,gifted,117.636,107.592,0.0,0.0,,
113,107,basic,490.18,249.611,510.603,259.005,2.436,2.459
113,109,basic,147.232,101.325,151.477,104.352,2.065,2.06
113,110,basic,404.728,220.371,419.243,227.953,2.138,2.147
113,113,basic,401.446,250.0,326.787,203.453,2.305,2.3
113,113,gifted,137.335,125.61,0.0,0.0,,
113,115,basic,151.633,89.656,179.239,105.729,1.713,1.727
113,117,basic,250.278,158.821,225.811,145.395,2.323,2.238
113,117,gifted,89.59,81.941,0.0,0.0,,
113,118,basic,275.328,148.307,450.268,243.135,2.086,2.072
113,130,basic,668.481,407.216,711.876,431.977,1.712,1.733
113,201,basic,81.185,52.675,108.502,68.105,1.047,1.23
113,202,basic,174.468,88.608,186.758,91.342,1.742,1.95
113,203,basic,258.079,173.473,281.932,187.091,1.334,1.409
113,204,basic,177.175,123.08,183.964,102.568,1.387,2.747
113,208,basic,208.725,170.844,0.0,0.0,1.236,
113,209,basic,143.745,50.824,161.756,57.11,0.77,0.778
113,210,basic,193.393,82.743,0.0,0.0,1.415,
113,211,basic,77.57,47.536,113.031,67.146,1.117,1.293
113,212,gifted,206.07,188.477,0.0,0.0,,
113,215,basic,116.565,69.812,132.318,79.074,0.871,0.886
113,218,basic,159.081,95.976,178.535,107.305,0.779,0.801
113,220,basic,87.253,70.424,0.0,0.0,1.391,
113,221,basic,163.633,111.876,240.844,145.68,1.006,1.612
113,222,basic,141.198,80.514,168.536,96.012,2.097,2.124
113,225,basic,84.559,41.977,90.564,44.626,1.255,1.297
113,226,basic,243.736,161.821,293.344,192.363,1.22,1.313
113,229,basic,251.717,200.698,0.0,0.0,1.141,
113,230,basic,113.854,74.404,144.738,90.228,1.036,1.32
113,233,basic,283.785,172.902,392.146,236.594,0.835,0.892
113,234,basic,72.756,57.732,0.0,0.0,1.147,
113,235,basic,77.468,49.019,109.737,68.778,1.192,1.258
113,236,basic,55.056,48.341,80.24,71.205,1.12,1.065
113,239,basic,273.532,155.515,280.733,159.409,1.75,1.758
113,241,basic,384.806,132.08,620.471,210.766,1.901,1.964
113,242,basic,155.66,105.303,0.0,0.0,1.216,
113,243,basic,219.902,114.562,311.413,161.507,0.986,1.015
113,244,basic,36.756,34.205,59.946,56.312,1.16,1.132
113,245,basic,322.772,278.36,391.941,337.368,1.222,1.24
113,246,basic,225.737,115.198,324.439,161.797,1.183,1.315
113,247,basic,370.445,125.692,672.06,221.689,1.605,1.76
113,248,basic,144.277,89.33,0.0,0.0,0.887,
113,249,basic,26.006,19.284,29.802,22.244,0.951,0.918
113,250,basic,86.625,61.842,155.798,112.598,0.983,0.912
113,251,basic,130.106,63.729,155.434,74.065,1.376,1.533
113,252,basic,233.493,162.531,259.942,174.601,1.431,1.623
113,255,basic,85.273,54.737,123.085,78.086,0.855,0.926
113,257,basic,119.271,100.546,178.905,148.122,1.08,1.19
113,259,basic,157.514,111.031,0.0,0.0,1.334,
113,261,basic,177.119,159.637,239.354,209.894,1.085,1.24
113,262,basic,184.456,138.348,158.246,116.476,1.067,1.173
113,264,basic,79.927,37.142,0.0,0.0,0.946,
113,266,basic,104.247,82.223,134.473,106.474,0.907,0.883
113,267,basic,121.163,105.189,146.573,127.251,1.035,1.035
113,268,basic,108.058,102.655,117.996,112.096,1.068,1.084
113,269,basic,105.886,99.104,132.46,123.701,1.013,1.06
113,270,basic,163.061,106.356,170.127,110.089,1.565,1.607
113,272,basic,42.526,39.995,0.0,0.0,1.063,
113,275,basic,98.291,91.978,133.407,123.469,1.181,1.328
113,276,basic,150.157,74.116,122.629,60.116,1.115,1.154
113,277,basic,127.56,80.562,146.22,92.136,1.023,1.035
113,279,basic,112.492,49.321,141.291,61.221,1.001,1.068
113,281,basic,70.361,45.798,79.465,51.151,0.814,0.872
113,282,basic,76.082,54.78,85.891,60.534,0.904,1.018
113,286,basic,176.906,110.611,225.329,130.27,1.908,2.396
113,287,gifted,190.0,173.779,0.0,0.0,,
113,288,basic,186.071,159.367,218.22,187.651,1.361,1.372
113,289,basic,154.65,131.031,0.0,0.0,1.342,
113,291,basic,377.216,264.209,567.126,407.208,2.284,2.07
113,292,basic,565.945,326.381,800.466,449.082,1.493,1.658
113,930,basic,399.548,350.908,500.639,443.048,2.337,2.239
113,935,basic,437.807,304.089,712.929,483.161,1.822,1.879
113,939,basic,217.77,107.968,0.0,0.0,1.739,
113,949,basic,377.005,305.786,634.786,498.911,1.552,1.72
113,955,basic,45.177,42.918,0.0,0.0,2.817,
113,971,basic,0.0,0.0,587.224,260.625,,1.132
113,971,gifted,515.48,471.471,0.0,0.0,,
113,972,basic,264.684,192.86,0.0,0.0,1.861,
113,974,basic,86.049,76.346,201.627,177.181,1.223,1.23
113,977,basic,244.619,176.775,432.607,307.057,1.328,1.442
114,103,basic,271.587,229.771,309.754,261.928,1.623,1.625
114,104,basic,122.894,51.276,139.172,59.003,2.307,2.246
114,105,basic,440.945,206.123,314.959,142.023,2.189,2.354
114,105,gifted,182.249,167.388,0.0,0.0,,
114,106,basic,446.312,270.756,331.759,204.418,1.748,1.664
114,106,gifted,115.282,105.881,0.0,0.0,,
114,107,basic,515.062,244.46,536.718,253.493,2.49,2.514
114,109,basic,148.48,97.43,152.783,100.28,2.072,2.071
114,110,basic,393.551,217.547,407.894,225.08,2.124,2.132
114,113,basic,381.35,219.93,307.412,176.974,2.313,2.317
114,113,gifted,133.065,122.215,0.0,0.0,,
114,115,basic,151.3,85.689,179.167,101.149,1.726,1.74
114,117,basic,258.682,159.566,234.65,147.053,2.307,2.233
114,117,gifted,90.066,82.722,0.0,0.0,,
114,118,basic,247.528,129.466,404.684,212.258,2.041,2.028
114,130,basic,668.108,418.106,711.577,443.198,1.705,1.724
114,201,basic,83.886,55.64,112.851,71.9,1.026,1.201
114,202,basic,169.173,90.721,181.461,92.897,1.555,1.75
114,203,basic,271.039,183.126,295.347,196.468,1.31,1.381
114,204,basic,178.391,121.234,188.683,96.817,1.447,2.859
114,208,basic,207.053,170.776,0.0,0.0,1.213,
114,209,basic,154.651,65.134,175.538,73.823,0.778,0.784
114,210,basic,193.013,93.56,0.0,0.0,1.377,
114,211,basic,76.845,48.212,114.395,68.958,1.107,1.286
114,212,gifted,205.547,188.787,0.0,0.0,,
114,215,basic,119.999,81.516,136.99,92.496,0.897,0.925
114,218,basic,156.884,101.632,175.852,113.365,0.753,0.775
114,220,basic,84.301,69.137,0.0,0.0,1.244,
114,221,basic,165.411,128.73,241.9,165.001,0.931,1.436
114,222,basic,147.268,84.242,173.677,98.71,1.912,1.95
114,225,basic,78.201,41.977,83.462,44.498,1.179,1.209
114,226,basic,250.219,186.89,299.533,220.384,1.195,1.285
114,229,basic,250.584,200.595,0.0,0.0,1.125,
114,230,basic,114.925,75.192,145.37,89.784,1.058,1.335
114,233,basic,281.671,185.274,388.936,252.829,0.825,0.877
114,234,basic,73.164,57.16,0.0,0.0,1.183,
114,235,basic,78.494,53.724,111.823,75.504,1.18,1.254
114,236,basic,47.951,42.583,67.295,60.465,1.054,1.002
114,239,basic,265.939,153.873,272.827,157.671,1.645,1.651
114,241,basic,383.757,144.743,619.973,230.252,1.864,1.939
114,242,basic,155.178,107.625,0.0,0.0,1.232,
114,243,basic,214.711,120.645,303.883,169.756,0.975,1.004
114,244,basic,35.458,32.717,56.926,53.131,1.071,1.067
114,245,basic,318.53,281.424,387.521,342.454,1.228,1.243
114,246,basic,233.491,126.278,334.684,176.05,1.179,1.305
114,247,basic,366.623,140.071,666.512,246.166,1.561,1.704
114,248,basic,149.986,96.406,0.0,0.0,0.904,
114,249,basic,31.33,25.07,36.185,29.135,0.861,0.837
114,250,basic,90.568,64.776,160.79,116.712,0.974,0.906
114,251,basic,137.034,75.795,163.052,87.242,1.362,1.51
114,252,basic,241.248,172.629,267.857,183.924,1.397,1.569
114,255,basic,88.268,58.572,126.935,82.899,0.844,0.92
114,257,basic,128.292,109.674,187.901,157.447,1.08,1.181
114,259,basic,157.331,108.114,0.0,0.0,1.313,
114,261,basic,173.985,155.666,234.768,203.525,1.06,1.206
114,262,basic,183.8,141.485,158.25,119.046,1.071,1.172
114,264,basic,79.977,45.035,0.0,0.0,0.922,
114,266,basic,102.553,85.982,131.846,111.142,0.913,0.887
114,267,basic,113.661,102.833,138.354,125.246,1.037,1.036
114,268,basic,110.127,104.619,120.585,114.551,1.08,1.097
114,269,basic,104.757,96.866,131.075,120.721,1.037,1.087
114,270,basic,149.764,97.326,156.298,100.805,1.394,1.424
114,272,basic,40.422,37.404,0.0,0.0,1.056,
114,275,basic,97.45,90.362,132.547,120.902,1.145,1.289
114,276,basic,154.676,86.696,124.883,69.458,1.127,1.161
114,277,basic,125.64,80.971,143.823,92.452,1.011,1.023
114,279,basic,109.848,54.085,137.659,66.806,0.988,1.052
114,281,basic,70.078,46.826,80.151,52.651,0.822,0.89
114,282,basic,75.329,54.001,84.824,59.186,0.886,0.997
114,286,basic,175.375,120.738,223.286,139.983,1.668,2.114
114,287,gifted,190.0,174.507,0.0,0.0,,
114,288,basic,193.003,160.747,226.466,189.062,1.356,1.374
114,289,basic,161.551,122.44,0.0,0.0,1.34,
114,291,basic,374.301,255.095,563.754,400.074,2.2,1.985
114,292,basic,564.257,328.892,798.945,449.389,1.472,1.642
114,930,basic,398.77,311.654,499.832,396.62,2.23,2.145
114,935,basic,437.548,286.323,712.815,457.132,1.779,1.853
114,939,basic,216.036,114.951,0.0,0.0,1.668,
114,949,basic,380.013,280.692,641.809,455.737,1.514,1.689
114,955,basic,47.198,44.816,0.0,0.0,2.721,
114,971,basic,0.0,0.0,592.158,289.166,,1.128
114,971,gifted,516.082,474.0,0.0,0.0,,
114,972,basic,261.292,180.018,0.0,0.0,1.816,
114,974,basic,85.908,71.904,202.853,168.528,1.185,1.187
114,977,basic,233.199,164.493,416.519,287.036,1.309,1.427
115,103,basic,265.254,237.155,302.423,270.323,1.658,1.658
115,104,basic,131.927,54.592,142.443,60.483,2.501,2.34
115,105,basic,452.181,221.268,322.83,154.801,2.296,2.447
115,105,gifted,183.587,167.665,0.0,0.0,,
115,106,basic,477.051,291.849,355.361,218.942,1.847,1.777
115,106,gifted,118.362,108.097,0.0,0.0,,
115,107,basic,518.504,265.722,540.171,275.933,2.539,2.565
115,109,basic,154.876,106.4,159.985,109.893,2.148,2.148
115,110,basic,406.858,220.173,420.876,227.53,2.183,2.19
115,113,basic,392.382,245.323,319.848,199.316,2.383,2.396
115,113,gifted,136.465,124.63,0.0,0.0,,
115,115,basic,160.89,93.992,190.627,111.12,1.751,1.767
115,117,basic,272.939,174.639,246.953,160.108,2.373,2.274
115,117,gifted,90.687,82.822,0.0,0.0,,
115,118,basic,275.422,148.577,448.197,242.466,2.114,2.094
115,130,basic,666.518,399.273,709.553,423.946,1.759,1.778
115,201,basic,79.117,50.807,106.15,66.371,1.077,1.273
115,202,basic,165.757,87.202,177.319,90.75,1.626,1.823
115,203,basic,259.566,175.443,283.589,189.802,1.328,1.403
115,204,basic,175.902,121.925,186.856,108.644,1.491,2.908
115,208,basic,209.504,169.505,0.0,0.0,1.282,
115,209,basic,152.099,51.524,172.543,58.384,0.771,0.78
115,210,basic,194.621,82.184,0.0,0.0,1.435,
115,211,basic,74.876,45.662,106.472,63.505,1.103,1.268
115,212,gifted,205.333,187.525,0.0,0.0,,
115,215,basic,123.367,71.913,140.363,81.655,0.903,0.923
115,218,basic,160.624,94.597,180.643,106.063,0.774,0.797
115,220,basic,87.318,71.248,0.0,0.0,1.434,
115,221,basic,162.22,109.076,237.399,144.783,1.032,1.677
115,222,basic,143.235,86.493,168.605,101.628,2.016,2.051
115,225,basic,88.813,43.797,95.087,46.675,1.259,1.293
115,226,basic,251.473,164.375,301.004,195.135,1.286,1.368
115,229,basic,254.995,202.607,0.0,0.0,1.163,
115,230,basic,109.066,70.628,141.873,88.488,1.052,1.348
115,233,basic,276.951,164.901,383.999,226.709,0.837,0.901
115,234,basic,75.451,59.9,0.0,0.0,1.166,
115,235,basic,84.437,52.772,120.373,74.766,1.253,1.31
115,236,basic,47.543,42.452,65.458,58.954,1.075,1.017
115,239,basic,278.819,162.395,286.348,166.569,1.718,1.728
115,241,basic,384.045,131.83,619.629,210.921,1.973,2.039
115,242,basic,153.817,103.693,0.0,0.0,1.236,
115,243,basic,219.059,111.845,310.8,158.136,0.984,1.012
115,244,basic,35.164,33.03,55.019,51.936,1.1,1.072
115,245,basic,324.226,280.368,393.744,339.816,1.22,1.24
115,246,basic,234.585,118.934,333.623,166.1,1.17,1.307
115,247,basic,372.593,124.991,675.496,221.401,1.661,1.831
115,248,basic,142.14,86.572,0.0,0.0,0.888,
115,249,basic,27.636,20.452,32.217,23.945,0.896,0.867
115,250,basic,87.797,62.167,154.627,110.484,0.982,0.913
115,251,basic,124.297,59.971,148.85,70.298,1.42,1.581
115,252,basic,233.558,163.14,259.779,176.458,1.447,1.647
115,255,basic,89.756,56.695,129.406,80.922,0.852,0.932
115,257,basic,118.349,99.476,177.276,146.707,1.06,1.182
115,259,basic,155.938,111.429,0.0,0.0,1.297,
115,261,basic,172.592,156.534,234.657,207.336,1.114,1.298
115,262,basic,189.513,140.852,162.378,118.907,1.087,1.198
115,264,basic,79.851,35.898,0.0,0.0,0.95,
115,266,basic,103.51,80.274,133.47,103.815,0.914,0.889
115,267,basic,111.514,96.636,134.667,116.712,1.011,1.01
115,268,basic,110.66,105.127,120.9,114.855,1.057,1.07
115,269,basic,103.365,97.247,129.667,121.833,1.067,1.122
115,270,basic,153.489,103.606,160.322,107.651,1.465,1.502
115,272,basic,45.326,42.769,0.0,0.0,1.081,
115,275,basic,92.307,86.89,125.784,117.546,1.195,1.349
115,276,basic,148.964,71.647,122.455,58.626,1.148,1.181
115,277,basic,123.298,77.049,140.947,87.937,1.019,1.031
115,279,basic,103.964,44.344,131.729,55.627,1.016,1.091
115,281,basic,66.644,42.524,75.842,47.883,0.828,0.903
115,282,basic,70.932,50.716,80.104,56.313,0.884,1.005
115,286,basic,180.477,115.682,228.734,137.784,1.979,2.483
115,287,gifted,190.0,173.522,0.0,0.0,,
115,288,basic,189.364,165.178,222.499,194.556,1.37,1.382
115,289,basic,154.677,130.991,0.0,0.0,1.372,
115,291,basic,374.244,268.423,563.877,413.17,2.378,2.138
115,292,basic,561.91,320.595,797.403,444.68,1.55,1.73
115,930,basic,398.626,364.522,499.674,458.471,2.33,2.236
115,935,basic,438.101,305.937,713.407,488.858,1.919,1.962
115,939,basic,217.772,107.696,0.0,0.0,1.8,
115,949,basic,380.524,311.782,642.0,513.366,1.612,1.772
115,955,basic,45.077,42.823,0.0,0.0,2.814,
115,971,basic,0.0,0.0,591.926,257.49,,1.142
115,971,gifted,515.989,471.239,0.0,0.0,,
115,972,basic,257.222,191.505,0.0,0.0,1.858,
115,974,basic,88.675,80.342,209.597,188.239,1.203,1.225
115,977,basic,227.718,165.951,410.853,295.163,1.332,1.45
116,103,basic,277.43,245.109,316.423,279.436,1.612,1.613
116,104,basic,125.112,56.687,140.438,64.575,2.286,2.223
116,105,basic,443.177,232.113,319.682,162.577,2.273,2.443
116,105,gifted,181.414,166.5,0.0,0.0,,
116,106,basic,452.004,291.114,336.927,220.201,1.742,1.644
116,106,gifted,116.024,106.486,0.0,0.0,,
116,107,basic,517.206,276.377,538.854,286.832,2.52,2.543
116,109,basic,145.628,99.779,150.04,102.846,2.088,2.086
116,110,basic,391.854,211.404,406.034,218.746,2.127,2.135
116,113,basic,384.38,245.762,314.074,200.483,2.357,2.361
116,113,gifted,134.188,123.157,0.0,0.0,,
116,115,basic,150.991,94.659,179.221,112.033,1.749,1.766
116,117,basic,259.992,162.21,234.697,148.643,2.335,2.248
116,117,gifted,90.144,82.734,0.0,0.0,,
116,118,basic,264.445,149.795,431.922,245.317,2.105,2.09
116,130,basic,659.125,396.517,702.17,420.742,1.696,1.717
116,201,basic,76.038,51.74,100.624,66.46,0.937,1.099
116,202,basic,167.211,88.532,180.33,91.277,1.673,1.918
116,203,basic,260.37,177.139,284.414,190.913,1.353,1.431
116,204,basic,176.144,122.622,187.885,103.298,1.427,2.894
116,208,basic,207.016,164.309,0.0,0.0,1.264,
116,209,basic,146.689,54.323,165.336,61.143,0.786,0.794
116,210,basic,192.035,81.68,0.0,0.0,1.446,
116,211,basic,70.211,44.533,106.631,65.472,1.144,1.33
116,212,gifted,205.492,188.599,0.0,0.0,,
116,215,basic,117.454,64.88,133.419,73.867,1.006,1.008
116,218,basic,155.594,96.802,174.836,108.379,0.76,0.78
116,220,basic,85.842,66.171,0.0,0.0,1.47,
116,221,basic,161.509,101.92,239.619,133.078,1.001,1.63
116,222,basic,152.317,85.017,180.355,100.236,2.292,2.342
116,225,basic,83.246,43.082,88.805,45.681,1.219,1.253
116,226,basic,251.929,149.396,301.074,178.094,1.316,1.362
116,229,basic,247.57,195.292,0.0,0.0,1.147,
116,230,basic,103.828,71.585,135.615,88.753,0.976,1.285
116,233,basic,281.803,173.761,389.61,237.79,0.829,0.887
116,234,basic,80.758,62.995,0.0,0.0,1.24,
116,235,basic,83.935,50.544,119.512,71.112,1.252,1.329
116,236,basic,54.194,45.261,77.319,65.133,1.04,0.994
116,239,basic,286.046,168.642,293.381,172.872,1.702,1.706
116,241,basic,384.334,137.503,619.542,219.119,1.913,1.98
116,242,basic,153.928,103.681,0.0,0.0,1.236,
116,243,basic,215.821,116.562,307.671,165.348,0.993,1.024
116,244,basic,36.501,33.828,57.506,53.988,1.131,1.079
116,245,basic,323.815,255.968,393.062,310.787,1.261,1.265
116,246,basic,231.396,123.978,328.757,172.177,1.129,1.256
116,247,basic,367.122,130.859,667.227,230.493,1.602,1.774
116,248,basic,147.812,95.002,0.0,0.0,0.894,
116,249,basic,30.161,21.927,34.63,25.385,0.901,0.86
116,250,basic,85.778,63.732,151.04,113.437,0.954,0.892
116,251,basic,130.771,61.545,156.161,71.483,1.401,1.559
116,252,basic,243.973,163.805,270.942,175.389,1.469,1.665
116,255,basic,88.196,58.958,125.815,83.258,0.853,0.915
116,257,basic,124.322,100.632,185.592,147.484,1.102,1.213
116,259,basic,155.601,114.513,0.0,0.0,1.284,
116,261,basic,179.909,158.838,244.361,209.79,1.094,1.243
116,262,basic,184.849,137.198,158.064,115.053,1.049,1.159
116,264,basic,78.446,34.868,0.0,0.0,0.925,
116,266,basic,109.06,81.608,140.216,105.372,0.921,0.895
116,267,basic,119.426,97.315,145.043,118.183,1.027,1.028
116,268,basic,110.393,104.874,120.321,114.305,1.053,1.065
116,269,basic,103.24,95.172,129.124,118.554,1.053,1.098
116,270,basic,158.829,109.223,165.497,113.072,1.495,1.528
116,272,basic,41.716,39.127,0.0,0.0,1.084,
116,275,basic,99.996,92.41,136.298,123.936,1.166,1.317
116,276,basic,144.71,69.934,120.138,57.672,1.126,1.165
116,277,basic,121.878,80.427,139.91,92.107,1.017,1.03
116,279,basic,102.39,46.556,129.461,58.15,1.008,1.077
116,281,basic,67.35,45.789,76.295,51.249,0.819,0.882
116,282,basic,72.89,55.396,81.904,61.053,0.859,0.961
116,286,basic,183.308,102.366,231.909,120.598,2.059,2.521
116,287,gifted,190.0,174.381,0.0,0.0,,
116,288,basic,188.973,156.302,221.116,185.207,1.437,1.409
116,289,basic,154.032,138.539,0.0,0.0,1.404,
116,291,basic,380.801,248.794,570.366,384.427,2.454,2.181
116,292,basic,562.2,335.651,795.513,462.065,1.491,1.656
116,930,basic,399.278,352.92,500.332,444.53,2.403,2.311
116,935,basic,437.09,310.827,712.187,491.423,1.84,1.901
116,939,basic,216.093,106.657,0.0,0.0,1.751,
116,949,basic,376.961,317.742,635.117,522.092,1.617,1.759
116,955,basic,44.067,41.863,0.0,0.0,2.828,
116,971,basic,0.0,0.0,590.218,273.494,,1.123
116,971,gifted,516.067,473.643,0.0,0.0,,
116,972,basic,261.116,190.329,0.0,0.0,1.927,
116,974,basic,87.281,78.409,206.441,181.972,1.241,1.289
116,977,basic,234.933,175.119,418.909,306.489,1.318,1.436
117,103,basic,276.342,251.603,315.223,286.838,1.64,1.642
117,104,basic,111.594,41.26,124.094,46.879,2.298,2.213
117,105,basic,476.558,208.298,338.861,143.835,2.328,2.459
117,105,gifted,183.88,168.431,0.0,0.0,,
117,106,basic,464.66,278.855,346.445,211.342,1.755,1.669
117,106,gifted,117.462,107.593,0.0,0.0,,
117,107,basic,508.279,236.431,529.748,245.188,2.476,2.5
117,109,basic,144.765,98.294,149.285,101.47,2.049,2.045
117,110,basic,399.275,198.101,412.928,204.61,2.074,2.08
117,113,basic,382.692,231.874,305.661,185.053,2.299,2.299
117,113,gifted,134.554,123.249,0.0,0.0,,
117,115,basic,149.324,85.216,176.273,100.334,1.716,1.727
117,117,basic,249.622,151.658,223.423,138.732,2.274,2.177
117,117,gifted,89.195,81.701,0.0,0.0,,
117,118,basic,274.308,136.677,447.204,223.932,2.116,2.095
117,130,basic,659.342,377.755,702.206,400.833,1.667,1.682
117,201,basic,79.577,53.321,107.981,69.291,1.034,1.214
117,202,basic,170.6,85.297,182.697,87.397,1.598,1.777
117,203,basic,260.527,183.494,284.39,197.144,1.29,1.36
117,204,basic,179.385,130.423,188.018,101.549,1.379,2.804
117,208,basic,206.698,177.092,0.0,0.0,1.245,
117,209,basic,147.667,44.238,166.961,49.925,0.787,0.795
117,210,basic,193.736,73.527,0.0,0.0,1.385,
117,211,basic,75.599,47.564,109.003,66.073,1.09,1.249
117,212,gifted,205.93,188.628,0.0,0.0,,
117,215,basic,119.423,69.243,135.765,78.426,0.857,0.874
117,218,basic,159.114,96.963,177.781,107.853,0.763,0.782
117,220,basic,87.878,72.891,0.0,0.0,1.387,
117,221,basic,162.635,112.52,237.198,143.785,0.914,1.395
117,222,basic,143.788,87.682,170.584,102.893,1.784,1.837
117,225,basic,81.094,38.495,86.825,40.879,1.211,1.246
117,226,basic,257.058,164.694,306.371,193.666,1.234,1.316
117,229,basic,249.327,215.255,0.0,0.0,1.137,
117,230,basic,112.597,76.933,144.138,92.48,1.025,1.311
117,233,basic,283.209,173.027,391.94,236.175,0.823,0.882
117,234,basic,77.163,66.22,0.0,0.0,1.139,
117,235,basic,76.704,48.693,109.153,68.295,1.123,1.196
117,236,basic,53.459,47.579,76.703,69.043,1.086,1.033
117,239,basic,266.084,152.503,272.842,156.164,1.669,1.675
117,241,basic,383.055,112.143,618.783,178.204,1.837,1.913
117,242,basic,160.467,112.057,0.0,0.0,1.214,
117,243,basic,217.018,109.132,307.378,153.63,0.974,1.003
117,244,basic,36.928,34.426,58.937,55.427,1.144,1.106
117,245,basic,326.885,291.214,395.21,352.609,1.235,1.246
117,246,basic,228.773,112.28,329.116,156.691,1.162,1.292
117,247,basic,367.311,106.027,667.512,186.067,1.544,1.685
117,248,basic,150.49,95.272,0.0,0.0,0.891,
117,249,basic,32.377,25.71,37.707,30.173,0.857,0.83
117,250,basic,86.235,65.998,154.124,119.905,0.977,0.905
117,251,basic,130.774,58.384,155.576,67.103,1.334,1.481
117,252,basic,243.614,172.707,270.404,183.575,1.439,1.613
117,255,basic,88.453,58.989,127.29,83.531,0.84,0.914
117,257,basic,123.28,110.446,183.893,161.859,1.088,1.194
117,259,basic,161.462,121.931,0.0,0.0,1.312,
117,261,basic,174.776,160.677,236.883,212.188,1.099,1.258
117,262,basic,187.915,149.526,160.76,124.908,1.058,1.158
117,264,basic,78.206,32.198,0.0,0.0,0.925,
117,266,basic,103.767,86.443,133.829,112.047,0.892,0.869
117,267,basic,120.598,111.589,145.644,134.823,1.03,1.029
117,268,basic,110.898,105.353,121.124,115.068,1.069,1.084
117,269,basic,104.857,98.706,131.472,123.663,1.024,1.082
117,270,basic,158.144,110.41,164.955,114.251,1.453,1.484
117,272,basic,43.902,41.381,0.0,0.0,1.062,
117,275,basic,98.75,93.173,132.579,124.297,1.176,1.317
117,276,basic,151.241,68.08,122.909,54.927,1.133,1.165
117,277,basic,128.978,84.325,147.705,96.291,1.006,1.018
117,279,basic,101.892,40.626,128.445,50.418,0.996,1.062
117,281,basic,63.685,43.232,72.546,48.448,0.815,0.877
117,282,basic,80.581,62.528,91.114,68.722,0.911,1.022
117,286,basic,170.134,111.224,217.313,128.697,1.573,2.008
117,287,gifted,190.0,174.037,0.0,0.0,,
117,288,basic,188.287,167.138,220.714,196.925,1.362,1.384
117,289,basic,154.873,140.015,0.0,0.0,1.371,
117,291,basic,369.359,267.642,557.83,416.615,2.118,1.935
117,292,basic,563.911,316.906,799.095,433.498,1.483,1.644
117,930,basic,398.545,364.315,499.624,458.076,2.354,2.257
117,935,basic,438.038,313.229,713.425,497.304,1.801,1.859
117,939,basic,219.59,100.511,0.0,0.0,1.672,
117,949,basic,378.788,326.241,636.617,531.014,1.532,1.697
117,955,basic,46.477,44.153,0.0,0.0,2.751,
117,971,basic,0.0,0.0,581.699,236.871,,1.117
117,971,gifted,515.141,471.861,0.0,0.0,,
117,972,basic,263.062,199.667,0.0,0.0,1.829,
117,974,basic,86.162,79.11,202.976,182.763,1.206,1.213
117,977,basic,243.096,189.708,430.263,327.28,1.299,1.422
118,103,basic,267.11,225.979,304.591,257.601,1.614,1.616
118,104,basic,133.846,54.715,146.688,61.415,2.396,2.271
118,105,basic,436.049,203.527,312.601,142.189,2.291,2.459
118,105,gifted,178.497,163.995,0.0,0.0,,
118,106,basic,462.081,271.755,343.576,203.949,1.825,1.749
118,106,gifted,116.56,107.09,0.0,0.0,,
118,107,basic,496.052,241.51,517.327,250.915,2.491,2.516
118,109,basic,146.398,95.388,150.681,98.244,2.112,2.108
118,110,basic,398.279,214.284,412.14,221.48,2.12,2.128
118,113,basic,390.318,229.165,313.821,183.526,2.345,2.361
118,113,gifted,135.162,124.181,0.0,0.0,,
118,115,basic,142.231,79.572,167.673,93.656,1.73,1.74
118,117,basic,257.331,158.635,233.047,145.606,2.301,2.215
118,117,gifted,89.407,82.144,0.0,0.0,,
118,118,basic,256.578,131.981,420.288,216.723,2.136,2.12
118,130,basic,667.803,393.687,711.612,417.94,1.769,1.791
118,201,basic,77.959,52.122,104.161,67.648,1.024,1.203
118,202,basic,173.137,93.552,185.047,96.789,1.682,1.879
118,203,basic,255.55,176.871,278.709,190.833,1.306,1.375
118,204,basic,182.117,128.056,189.944,107.873,1.459,2.935
118,208,basic,202.634,164.739,0.0,0.0,1.249,
118,209,basic,153.091,59.206,173.155,66.873,0.784,0.793
118,210,basic,191.426,89.414,0.0,0.0,1.402,
118,211,basic,76.421,48.128,111.878,68.526,1.12,1.296
118,212,gifted,206.027,189.289,0.0,0.0,,
118,215,basic,117.164,74.066,133.451,84.192,0.931,0.951
118,218,basic,155.12,96.96,174.64,108.776,0.779,0.802
118,220,basic,83.996,69.86,0.0,0.0,1.331,
118,221,basic,165.085,120.639,239.827,157.559,0.99,1.575
118,222,basic,139.208,82.778,165.225,98.011,2.086,2.125
118,225,basic,73.99,39.27,78.72,41.566,1.177,1.209
118,226,basic,255.884,178.469,306.125,212.517,1.351,1.409
118,229,basic,244.753,197.704,0.0,0.0,1.149,
118,230,basic,103.457,68.602,135.749,86.115,1.061,1.359
118,233,basic,282.789,178.857,391.79,245.476,0.856,0.916
118,234,basic,78.596,62.181,0.0,0.0,1.245,
118,235,basic,80.558,53.635,115.255,76.048,1.22,1.287
118,236,basic,50.781,45.621,72.185,65.437,1.079,1.025
118,239,basic,278.776,164.935,286.259,169.153,1.743,1.751
118,241,basic,386.053,144.604,622.849,230.815,1.939,2.011
118,242,basic,158.044,109.777,0.0,0.0,1.246,
118,243,basic,219.28,119.765,311.324,169.311,0.995,1.025
118,244,basic,36.802,34.227,58.911,55.321,1.143,1.104
118,245,basic,315.921,279.237,385.27,340.739,1.261,1.267
118,246,basic,235.14,125.778,336.563,176.174,1.205,1.344
118,247,basic,364.257,135.127,661.122,238.659,1.634,1.802
118,248,basic,143.16,91.131,0.0,0.0,0.885,
118,249,basic,28.998,22.418,33.636,26.162,0.894,0.859
118,250,basic,82.544,59.707,150.227,109.853,0.971,0.9
118,251,basic,134.446,70.769,159.982,82.116,1.451,1.613
118,252,basic,243.15,173.857,270.094,186.682,1.5,1.706
118,255,basic,88.221,57.799,127.175,82.456,0.865,0.936
118,257,basic,119.413,102.611,179.631,151.748,1.08,1.195
118,259,basic,168.244,119.289,0.0,0.0,1.372,
118,261,basic,171.489,156.126,231.408,205.384,1.072,1.232
118,262,basic,187.173,143.639,160.189,120.891,1.074,1.18
118,264,basic,82.42,42.323,0.0,0.0,0.926,
118,266,basic,106.515,86.821,137.645,112.581,0.912,0.889
118,267,basic,113.021,100.825,136.617,121.894,1.031,1.031
118,268,basic,109.392,103.922,119.339,113.372,1.061,1.075
118,269,basic,105.203,98.463,131.871,123.199,1.062,1.115
118,270,basic,161.576,107.586,168.557,111.54,1.548,1.584
118,272,basic,41.71,39.203,0.0,0.0,1.037,
118,275,basic,100.161,93.955,137.019,127.38,1.211,1.355
118,276,basic,151.145,80.287,122.958,64.943,1.139,1.175
118,277,basic,128.568,82.947,147.171,94.752,1.03,1.043
118,279,basic,111.768,52.307,140.553,65.035,1.026,1.098
118,281,basic,65.906,43.735,74.705,49.027,0.813,0.878
118,282,basic,78.256,56.912,88.295,62.966,0.879,0.996
118,286,basic,170.703,114.355,218.946,136.209,1.918,2.428
118,287,gifted,190.0,174.564,0.0,0.0,,
118,288,basic,195.689,168.031,229.317,198.081,1.416,1.418
118,289,basic,160.084,124.583,0.0,0.0,1.385,
118,291,basic,374.369,261.943,562.4,408.113,2.346,2.1
118,292,basic,563.738,326.208,799.664,450.794,1.512,1.689
118,930,basic,399.414,343.514,500.447,434.552,2.314,2.218
118,935,basic,437.793,296.639,713.115,478.408,1.867,1.922
118,939,basic,218.377,113.205,0.0,0.0,1.746,
118,949,basic,380.096,292.048,635.838,476.262,1.548,1.714
118,955,basic,45.219,42.958,0.0,0.0,2.787,
118,971,basic,0.0,0.0,587.267,277.926,,1.141
118,971,gifted,516.172,474.237,0.0,0.0,,
118,972,basic,262.634,188.085,0.0,0.0,1.855,
118,974,basic,88.624,77.794,208.59,181.036,1.251,1.286
118,977,basic,245.331,178.127,433.193,309.878,1.366,1.472
119,103,basic,274.058,254.099,312.517,289.681,1.67,1.671
119,104,basic,117.483,41.555,127.458,46.475,2.481,2.333
119,105,basic,466.101,207.951,334.987,145.594,2.319,2.471
119,105,gifted,182.969,168.101,0.0,0.0,,
119,106,basic,447.649,265.051,329.203,197.408,1.8,1.709
119,106,gifted,115.315,105.945,0.0,0.0,,
119,107,basic,532.974,253.782,554.765,263.117,2.519,2.543
119,109,basic,154.122,104.985,158.871,108.258,2.125,2.123
119,110,basic,405.511,194.975,419.89,201.647,2.137,2.144
119,113,basic,384.721,237.07,313.172,192.158,2.373,2.388
119,113,gifted,133.749,122.881,0.0,0.0,,
119,115,basic,147.975,84.017,175.047,99.145,1.733,1.748
119,117,basic,244.441,149.456,219.211,136.3,2.322,2.226
119,117,gifted,89.002,81.77,0.0,0.0,,
119,118,basic,254.545,127.246,415.557,208.585,2.149,2.126
119,130,basic,666.009,365.684,709.432,388.137,1.728,1.747
119,201,basic,78.813,53.834,104.391,69.162,0.947,1.113
119,202,basic,166.279,83.938,179.287,86.508,1.65,1.893
119,203,basic,254.65,181.366,278.393,195.58,1.336,1.415
119,204,basic,179.469,133.74,188.426,111.526,1.428,2.851
119,208,basic,203.503,175.134,0.0,0.0,1.256,
119,209,basic,155.867,42.365,176.54,47.899,0.779,0.789
119,210,basic,193.451,70.184,0.0,0.0,1.385,
119,211,basic,77.196,48.17,114.561,69.249,1.133,1.313
119,212,gifted,205.507,188.808,0.0,0.0,,
119,215,basic,125.359,66.255,143.025,75.488,1.017,1.036
119,218,basic,155.978,91.755,175.466,102.857,0.771,0.79
119,220,basic,92.612,78.478,0.0,0.0,1.466,
119,221,basic,162.907,106.734,238.541,138.423,0.963,1.551
119,222,basic,156.492,90.175,185.264,106.203,2.366,2.422
119,225,basic,91.225,42.319,97.393,44.928,1.24,1.271
119,226,basic,264.872,160.435,314.298,190.265,1.371,1.407
119,229,basic,249.715,219.13,0.0,0.0,1.155,
119,230,basic,111.088,76.297,141.136,92.295,1.036,1.328
119,233,basic,279.182,164.596,387.857,225.987,0.831,0.897
119,234,basic,76.476,66.45,0.0,0.0,1.224,
119,235,basic,81.308,49.248,116.162,69.416,1.258,1.343
119,236,basic,51.342,46.479,73.34,66.941,1.072,1.02
119,239,basic,271.104,159.462,278.114,163.522,1.707,1.709
119,241,basic,385.049,109.004,620.375,173.742,1.922,1.985
119,242,basic,155.822,109.362,0.0,0.0,1.224,
119,243,basic,213.26,103.591,303.169,146.533,0.974,1.004
119,244,basic,35.488,33.307,55.47,52.396,1.203,1.113
119,245,basic,319.929,287.434,389.633,350.961,1.265,1.271
119,246,basic,247.142,118.805,348.256,163.622,1.186,1.316
119,247,basic,370.128,101.242,670.761,178.066,1.619,1.782
119,248,basic,144.626,90.227,0.0,0.0,0.893,
119,249,basic,31.324,24.339,35.793,28.017,0.891,0.855
119,250,basic,87.836,68.09,156.556,122.716,0.96,0.896
119,251,basic,133.401,56.361,158.705,65.201,1.406,1.565
119,252,basic,240.532,171.834,267.046,184.045,1.478,1.671
119,255,basic,88.131,57.963,125.996,81.984,0.854,0.92
119,257,basic,120.074,108.818,181.419,161.99,1.087,1.205
119,259,basic,163.917,128.091,0.0,0.0,1.327,
119,261,basic,165.727,154.818,223.54,205.67,1.088,1.232
119,262,basic,187.933,149.539,160.993,125.555,1.072,1.185
119,264,basic,80.252,30.115,0.0,0.0,0.943,
119,266,basic,108.92,88.807,140.385,114.942,0.903,0.878
119,267,basic,116.89,108.718,142.32,132.413,1.031,1.031
119,268,basic,112.435,106.813,122.831,116.69,1.081,1.095
119,269,basic,102.253,96.797,128.161,121.321,1.08,1.13
119,270,basic,160.134,115.7,166.948,119.759,1.507,1.543
119,272,basic,43.145,40.873,0.0,0.0,1.082,
119,275,basic,94.579,89.586,128.388,121.155,1.173,1.333
119,276,basic,150.594,64.044,122.857,51.899,1.14,1.178
119,277,basic,131.83,85.948,151.143,98.298,1.009,1.023
119,279,basic,103.912,39.128,131.261,48.82,1.001,1.071
119,281,basic,64.705,43.5,73.089,48.578,0.808,0.867
119,282,basic,81.18,64.155,91.159,70.62,0.878,0.983
119,286,basic,179.296,109.709,227.529,129.28,1.961,2.427
119,287,gifted,190.0,174.562,0.0,0.0,,
119,288,basic,196.101,173.359,230.07,207.237,1.55,1.519
119,289,basic,161.013,149.007,0.0,0.0,1.417,
119,291,basic,374.79,271.788,561.972,422.545,2.392,2.127
119,292,basic,566.636,316.298,801.783,435.367,1.513,1.68
119,930,basic,399.11,370.968,500.184,464.15,2.487,2.402
119,935,basic,437.637,324.883,712.748,517.677,1.859,1.914
119,939,basic,221.224,97.909,0.0,0.0,1.782,
119,949,basic,375.761,333.379,631.496,550.637,1.627,1.778
119,955,basic,45.506,43.231,0.0,0.0,2.833,
119,971,basic,0.0,0.0,579.889,225.693,,1.128
119,971,gifted,515.303,473.432,0.0,0.0,,
119,972,basic,264.229,206.074,0.0,0.0,1.928,
119,974,basic,87.232,80.967,207.756,189.184,1.27,1.328
119,977,basic,237.346,191.504,422.221,334.317,1.318,1.437
120,103,basic,269.305,231.469,307.058,263.823,1.622,1.623
120,104,basic,134.891,57.656,151.909,66.386,2.494,2.387
120,105,basic,444.294,225.705,317.58,156.88,2.292,2.461
120,105,gifted,179.844,164.87,0.0,0.0,,
120,106,basic,452.904,280.257,339.441,212.304,1.794,1.717
120,106,gifted,115.438,105.827,0.0,0.0,,
120,107,basic,501.002,260.911,522.277,270.942,2.493,2.518
120,109,basic,158.38,105.362,163.022,108.535,2.073,2.069
120,110,basic,377.22,200.519,391.404,207.692,2.131,2.142
120,113,basic,399.953,248.649,323.116,200.109,2.338,2.352
120,113,gifted,137.161,125.741,0.0,0.0,,
120,115,basic,145.153,88.341,171.424,104.123,1.713,1.725
120,117,basic,269.537,163.424,243.803,150.13,2.364,2.27
120,117,gifted,90.366,82.842,0.0,0.0,,
120,118,basic,256.999,141.056,420.515,231.491,2.117,2.1
120,130,basic,653.994,383.047,696.311,406.581,1.729,1.746
120,201,basic,82.193,55.636,110.373,72.354,1.034,1.22
120,202,basic,174.17,92.697,187.44,95.423,1.77,2.026
120,203,basic,258.359,178.956,281.73,192.767,1.324,1.398
120,204,basic,176.957,123.272,189.548,105.241,1.49,2.969
120,208,basic,198.152,157.152,0.0,0.0,1.262,
120,209,basic,145.652,56.12,163.906,63.067,0.779,0.787
120,210,basic,193.08,85.997,0.0,0.0,1.412,
120,211,basic,74.261,48.022,109.53,68.754,1.106,1.283
120,212,gifted,205.557,188.442,0.0,0.0,,
120,215,basic,120.061,69.177,136.791,78.618,0.957,0.979
120,218,basic,157.947,99.583,178.075,111.828,0.78,0.803
120,220,basic,90.74,72.203,0.0,0.0,1.377,
120,221,basic,162.238,105.672,238.33,137.938,1.005,1.611
120,222,basic,153.623,85.487,181.75,101.161,2.435,2.459
120,225,basic,83.851,44.458,89.471,47.153,1.214,1.249
120,226,basic,246.011,153.363,295.246,182.339,1.247,1.328
120,229,basic,251.695,200.499,0.0,0.0,1.145,
120,230,basic,108.79,74.535,140.845,92.167,1.064,1.353
120,233,basic,274.536,172.388,382.211,237.136,0.832,0.904
120,234,basic,78.447,62.209,0.0,0.0,1.185,
120,235,basic,84.383,52.032,118.762,72.537,1.257,1.324
120,236,basic,53.942,45.759,78.258,66.999,1.08,1.028
120,239,basic,268.683,159.629,275.55,163.614,1.755,1.758
120,241,basic,387.435,143.352,624.621,228.519,1.951,2.022
120,242,basic,156.713,107.357,0.0,0.0,1.216,
120,243,basic,220.877,122.056,314.2,172.85,0.992,1.021
120,244,basic,36.419,33.877,58.16,54.611,1.113,1.084
120,245,basic,316.528,255.904,386.089,311.826,1.245,1.256
120,246,basic,234.835,127.065,335.587,177.416,1.188,1.327
120,247,basic,370.928,137.091,673.233,241.97,1.623,1.782
120,248,basic,147.166,95.521,0.0,0.0,0.902,
120,249,basic,29.697,21.944,34.454,25.594,0.888,0.86
120,250,basic,79.921,59.605,144.4,108.876,0.97,0.904
120,251,basic,137.065,67.065,163.175,77.692,1.413,1.575
120,252,basic,231.468,159.016,258.037,171.178,1.475,1.672
120,255,basic,87.425,58.988,126.77,84.455,0.859,0.939
120,257,basic,122.283,100.721,183.036,148.172,1.087,1.196
120,259,basic,157.987,116.154,0.0,0.0,1.329,
120,261,basic,179.312,159.813,242.489,210.366,1.072,1.221
120,262,basic,186.736,139.723,160.222,117.71,1.08,1.188
120,264,basic,82.995,38.333,0.0,0.0,0.957,
120,266,basic,100.544,76.888,128.928,99.025,0.91,0.882
120,267,basic,118.827,98.149,143.662,118.652,1.019,1.019
120,268,basic,111.025,105.474,121.587,115.508,1.071,1.085
120,269,basic,103.194,95.507,129.597,119.469,1.034,1.084
120,270,basic,160.803,108.985,167.645,112.797,1.626,1.665
120,272,basic,40.859,38.416,0.0,0.0,1.04,
120,275,basic,91.456,84.803,125.189,114.451,1.16,1.308
120,276,basic,143.089,71.725,117.754,58.612,1.123,1.165
120,277,basic,130.887,87.327,150.084,99.904,1.022,1.035
120,279,basic,106.771,50.124,134.466,62.423,1.0,1.066
120,281,basic,71.43,48.941,81.284,55.003,0.823,0.892
120,282,basic,78.938,59.424,89.154,65.583,0.936,1.065
120,286,basic,175.212,103.687,223.612,122.624,1.936,2.43
120,287,gifted,190.0,174.18,0.0,0.0,,
120,288,basic,168.954,142.909,198.538,168.876,1.375,1.377
120,289,basic,156.848,136.771,0.0,0.0,1.384,
120,291,basic,372.896,251.935,558.693,388.56,2.314,2.076
120,292,basic,564.103,334.654,799.185,462.463,1.524,1.68
120,930,basic,399.577,352.141,500.604,443.448,2.392,2.303
120,935,basic,438.464,308.492,713.815,491.683,1.86,1.915
120,939,basic,219.886,109.747,0.0,0.0,1.773,
120,949,basic,379.12,315.095,637.839,514.992,1.555,1.721
120,955,basic,46.725,44.389,0.0,0.0,2.766,
120,971,basic,0.0,0.0,594.431,283.003,,1.135
120,971,gifted,516.611,473.598,0.0,0.0,,
120,972,basic,267.992,194.611,0.0,0.0,1.91,
120,974,basic,88.035,79.316,209.139,186.171,1.207,1.227
120,977,basic,245.744,184.159,433.499,319.04,1.317,1.436
121,103,basic,272.118,246.172,310.33,280.661,1.632,1.633
121,104,basic,141.776,61.587,156.6,69.825,2.558,2.43
121,105,basic,487.667,248.165,349.075,173.076,2.382,2.534
121,105,gifted,184.039,168.27,0.0,0.0,,
121,106,basic,466.189,303.132,349.771,229.671,1.811,1.74
121,106,gifted,117.583,107.508,0.0,0.0,,
121,107,basic,514.694,275.244,536.67,285.803,2.517,2.542
121,109,basic,152.043,108.601,156.945,112.166,2.104,2.101
121,110,basic,389.62,224.225,402.34,231.36,2.16,2.165
121,113,basic,401.273,257.939,328.241,209.952,2.385,2.404
121,113,gifted,136.729,125.014,0.0,0.0,,
121,115,basic,148.97,93.335,176.074,110.042,1.726,1.74
121,117,basic,269.267,179.034,243.246,164.693,2.323,2.22
121,117,gifted,89.344,81.689,0.0,0.0,,
121,118,basic,277.652,156.381,451.589,255.792,2.186,2.154
121,130,basic,670.581,433.237,713.599,460.037,1.716,1.727
121,201,basic,81.298,51.433,108.854,66.634,1.045,1.227
121,202,basic,173.864,88.486,185.701,91.226,1.641,1.832
121,203,basic,262.422,171.688,286.262,184.944,1.309,1.382
121,204,basic,172.27,114.892,185.067,98.177,1.426,2.841
121,208,basic,209.647,167.665,0.0,0.0,1.276,
121,209,basic,144.466,52.475,161.936,58.729,0.769,0.777
121,210,basic,193.429,82.801,0.0,0.0,1.422,
121,211,basic,82.682,49.756,118.913,69.488,1.103,1.268
121,212,gifted,205.961,188.314,0.0,0.0,,
121,215,basic,117.133,68.992,133.137,78.257,0.888,0.904
121,218,basic,155.11,92.384,173.863,103.153,0.766,0.788
121,220,basic,91.152,69.709,0.0,0.0,1.433,
121,221,basic,161.332,106.169,239.101,138.435,1.049,1.684
121,222,basic,139.44,79.548,165.481,93.742,1.918,1.975
121,225,basic,81.286,40.32,86.798,42.787,1.223,1.258
121,226,basic,253.196,161.727,302.763,191.628,1.276,1.353
121,229,basic,251.768,192.421,0.0,0.0,1.146,
121,230,basic,109.494,70.155,138.484,84.398,1.005,1.302
121,233,basic,278.251,166.894,385.612,228.897,0.833,0.892
121,234,basic,76.053,57.646,0.0,0.0,1.179,
121,235,basic,80.92,49.958,115.33,70.465,1.199,1.269
121,236,basic,53.573,46.483,75.79,66.315,1.03,0.986
121,239,basic,273.257,153.168,280.314,156.952,1.695,1.702
121,241,basic,384.143,133.531,619.897,212.991,1.9,1.97
121,242,basic,161.572,106.212,0.0,0.0,1.219,
121,243,basic,219.041,113.192,311.699,160.34,0.992,1.02
121,244,basic,38.319,35.529,60.807,56.979,1.127,1.099
121,245,basic,323.114,265.231,393.073,322.15,1.25,1.264
121,246,basic,233.597,117.936,334.812,165.007,1.199,1.337
121,247,basic,370.051,128.149,671.225,226.066,1.587,1.738
121,248,basic,141.846,86.385,0.0,0.0,0.881,
121,249,basic,30.025,21.844,34.963,25.615,0.885,0.85
121,250,basic,83.749,58.126,148.581,104.269,0.967,0.903
121,251,basic,131.675,63.817,157.38,74.191,1.391,1.548
121,252,basic,240.83,161.278,267.582,172.861,1.44,1.632
121,255,basic,89.51,56.208,129.24,80.165,0.86,0.935
121,257,basic,118.578,95.765,177.832,141.013,1.064,1.174
121,259,basic,168.653,113.63,0.0,0.0,1.394,
121,261,basic,178.441,156.505,241.681,205.933,1.087,1.235
121,262,basic,180.509,130.684,155.046,110.223,1.068,1.17
121,264,basic,80.279,37.628,0.0,0.0,0.919,
121,266,basic,105.88,80.177,136.43,103.694,0.927,0.904
121,267,basic,116.657,97.232,141.6,118.019,1.02,1.021
121,268,basic,110.987,105.438,121.162,115.104,1.065,1.078
121,269,basic,105.801,97.453,132.731,121.659,1.059,1.111
121,270,basic,144.848,93.245,151.353,96.799,1.456,1.49
121,272,basic,42.811,40.118,0.0,0.0,1.032,
121,275,basic,92.245,85.099,125.013,113.566,1.154,1.298
121,276,basic,151.556,74.445,122.174,59.677,1.121,1.153
121,277,basic,121.097,74.801,138.86,85.574,1.02,1.033
121,279,basic,109.275,48.164,137.829,60.005,1.006,1.075
121,281,basic,66.844,42.614,75.72,47.701,0.812,0.873
121,282,basic,76.458,53.43,86.115,58.903,0.898,1.012
121,286,basic,177.709,106.811,226.265,125.505,1.927,2.425
121,287,gifted,190.0,173.721,0.0,0.0,,
121,288,basic,194.214,157.406,228.922,186.935,1.435,1.429
121,289,basic,154.376,130.722,0.0,0.0,1.423,
121,291,basic,374.417,256.434,563.902,394.123,2.282,2.063
121,292,basic,563.009,327.623,796.079,451.926,1.519,1.668
121,930,basic,399.172,343.85,500.227,434.595,2.301,2.206
121,935,basic,438.243,297.919,713.63,470.969,1.917,1.948
121,939,basic,216.224,108.91,0.0,0.0,1.746,
121,949,basic,381.238,306.636,638.191,497.92,1.589,1.74
121,955,basic,46.349,44.032,0.0,0.0,2.843,
121,971,basic,0.0,0.0,585.793,261.422,,1.119
121,971,gifted,515.122,470.986,0.0,0.0,,
121,972,basic,261.29,189.899,0.0,0.0,1.84,
121,974,basic,90.008,77.465,213.444,182.465,1.194,1.203
121,977,basic,236.514,165.105,422.369,289.171,1.318,1.441
122,103,basic,264.418,249.249,301.78,284.174,1.692,1.698
122,104,basic,133.583,48.395,154.43,56.551,2.342,2.288
122,105,basic,408.58,185.564,298.98,132.496,2.243,2.422
122,105,gifted,174.541,161.289,0.0,0.0,,
122,106,basic,439.896,262.729,329.64,198.738,1.792,1.712
122,106,gifted,114.33,105.649,0.0,0.0,,
122,107,basic,548.141,264.533,570.38,274.391,2.566,2.59
122,109,basic,150.981,107.841,155.203,110.844,2.04,2.04
122,110,basic,393.827,190.342,407.19,196.648,2.144,2.15
122,113,basic,379.349,245.586,304.819,197.482,2.311,2.299
122,113,gifted,132.817,122.733,0.0,0.0,,
122,115,basic,150.337,84.98,177.232,100.056,1.745,1.755
122,117,basic,253.56,160.126,228.471,146.272,2.334,2.233
122,117,gifted,89.31,82.529,0.0,0.0,,
122,118,basic,267.409,135.363,441.742,223.642,2.113,2.112
122,130,basic,672.305,366.588,715.489,389.364,1.755,1.769
122,201,basic,81.614,52.828,110.172,69.491,1.136,1.323
122,202,basic,167.582,83.361,179.103,86.662,1.642,1.834
122,203,basic,276.359,195.289,301.283,210.694,1.359,1.437
122,204,basic,188.029,138.803,192.673,118.057,1.528,2.998
122,208,basic,206.426,178.647,0.0,0.0,1.301,
122,209,basic,150.457,36.193,169.152,40.646,0.775,0.783
122,210,basic,193.855,65.398,0.0,0.0,1.469,
122,211,basic,71.897,43.772,102.856,61.188,1.098,1.266
122,212,gifted,205.993,190.353,0.0,0.0,,
122,215,basic,117.803,60.783,133.922,68.951,0.888,0.908
122,218,basic,160.012,89.047,179.032,99.327,0.784,0.806
122,220,basic,88.25,76.853,0.0,0.0,1.484,
122,221,basic,167.789,104.532,246.05,137.907,1.111,1.797
122,222,basic,136.828,85.433,162.476,101.181,2.096,2.141
122,225,basic,86.963,38.243,93.134,40.741,1.276,1.314
122,226,basic,262.529,158.027,312.378,186.622,1.338,1.415
122,229,basic,253.38,223.268,0.0,0.0,1.149,
122,230,basic,120.881,80.369,153.754,98.63,1.094,1.371
122,233,basic,283.048,158.486,390.884,217.17,0.84,0.897
122,234,basic,78.09,68.571,0.0,0.0,1.22,
122,235,basic,83.441,49.946,117.669,69.865,1.197,1.265
122,236,basic,52.353,48.041,73.587,67.919,1.107,1.053
122,239,basic,273.544,160.213,281.003,164.379,1.7,1.709
122,241,basic,384.433,102.757,621.079,164.111,1.929,2.017
122,242,basic,158.653,109.621,0.0,0.0,1.224,
122,243,basic,221.856,101.18,313.826,142.645,1.001,1.027
122,244,basic,36.272,34.414,57.588,54.674,1.165,1.118
122,245,basic,318.531,291.521,389.366,356.597,1.244,1.259
122,246,basic,232.257,105.768,333.804,149.316,1.222,1.355
122,247,basic,368.271,93.602,670.69,166.376,1.606,1.778
122,248,basic,146.467,87.467,0.0,0.0,0.892,
122,249,basic,30.469,23.167,35.483,27.103,0.879,0.849
122,250,basic,85.576,64.856,154.746,118.436,0.983,0.91
122,251,basic,134.678,54.212,160.661,63.232,1.431,1.596
122,252,basic,237.359,170.449,264.464,184.088,1.495,1.712
122,255,basic,82.982,52.465,121.011,75.694,0.858,0.94
122,257,basic,122.723,112.447,181.909,164.798,1.084,1.194
122,259,basic,159.688,125.976,0.0,0.0,1.269,
122,261,basic,178.02,166.932,240.891,222.156,1.161,1.357
122,262,basic,185.606,146.006,159.796,123.676,1.075,1.193
122,264,basic,78.83,27.265,0.0,0.0,0.92,
122,266,basic,110.392,88.075,142.447,113.977,0.944,0.921
122,267,basic,122.054,113.689,147.642,137.569,1.037,1.036
122,268,basic,107.569,102.19,117.407,111.537,1.069,1.084
122,269,basic,102.069,96.926,127.955,121.518,1.062,1.113
122,270,basic,147.723,108.282,154.573,112.604,1.476,1.518
122,272,basic,40.938,38.864,0.0,0.0,1.065,
122,275,basic,96.314,91.437,132.336,125.455,1.226,1.397
122,276,basic,151.642,60.553,124.237,49.357,1.14,1.176
122,277,basic,124.094,78.392,142.167,89.665,1.008,1.02
122,279,basic,108.917,37.853,136.901,47.128,0.998,1.066
122,281,basic,72.062,46.382,82.045,52.243,0.83,0.903
122,282,basic,78.577,60.434,88.227,66.616,0.924,1.052
122,286,basic,177.267,109.084,225.872,130.436,2.133,2.65
122,287,gifted,190.0,175.575,0.0,0.0,,
122,288,basic,192.795,176.662,227.046,210.262,1.431,1.44
122,289,basic,157.828,147.923,0.0,0.0,1.424,
122,291,basic,369.934,286.378,559.016,441.164,2.328,2.117
122,292,basic,567.804,310.808,802.109,429.932,1.546,1.707
122,930,basic,399.169,376.642,500.237,471.805,2.415,2.32
122,935,basic,437.866,335.126,713.198,533.73,1.902,1.948
122,939,basic,215.641,94.127,0.0,0.0,1.738,
122,949,basic,384.558,350.628,646.711,581.437,1.624,1.784
122,955,basic,46.947,44.599,0.0,0.0,2.763,
122,971,basic,0.0,0.0,591.666,213.723,,1.154
122,971,gifted,516.592,477.371,0.0,0.0,,
122,972,basic,260.728,213.247,0.0,0.0,1.882,
122,974,basic,88.46,82.98,206.886,191.633,1.291,1.337
122,977,basic,234.178,189.715,419.476,334.511,1.308,1.433
123,103,basic,271.092,249.852,309.051,284.817,1.631,1.631
123,104,basic,158.552,55.769,175.996,64.188,2.947,2.767
123,105,basic,461.004,220.432,325.469,151.525,2.288,2.429
123,105,gifted,184.413,168.923,0.0,0.0,,
123,106,basic,465.793,286.915,352.75,219.506,1.804,1.735
123,106,gifted,116.012,106.267,0.0,0.0,,
123,107,basic,505.941,255.559,526.921,265.107,2.472,2.494
123,109,basic,149.016,101.124,153.991,104.542,2.21,2.208
123,110,basic,399.227,202.798,412.876,209.506,2.113,2.118
123,113,basic,394.07,244.275,320.929,196.432,2.453,2.511
123,113,gifted,133.714,122.482,0.0,0.0,,
123,115,basic,146.757,87.736,173.997,103.695,1.743,1.759
123,117,basic,262.122,163.386,236.207,149.935,2.324,2.226
123,117,gifted,90.033,82.47,0.0,0.0,,
123,118,basic,279.864,148.789,453.21,242.307,2.11,2.081
123,130,basic,664.695,383.369,707.837,406.825,1.718,1.735
123,201,basic,76.312,50.646,102.276,65.52,1.044,1.226
123,202,basic,173.263,85.952,186.749,88.252,1.763,2.014
123,203,basic,256.677,178.826,280.198,192.466,1.316,1.393
123,204,basic,179.573,129.401,185.959,106.715,1.424,2.747
123,208,basic,200.121,167.101,0.0,0.0,1.277,
123,209,basic,155.102,46.849,175.067,52.794,0.769,0.777
123,210,basic,193.171,73.254,0.0,0.0,1.4,
123,211,basic,71.298,44.777,99.163,60.564,1.09,1.236
123,212,gifted,206.004,188.7,0.0,0.0,,
123,215,basic,126.145,68.17,144.407,77.585,0.973,1.009
123,218,basic,160.825,96.097,180.487,107.396,0.764,0.786
123,220,basic,89.281,75.051,0.0,0.0,1.354,
123,221,basic,164.194,105.617,238.956,136.253,0.963,1.51
123,222,basic,149.952,84.183,178.279,99.557,2.309,2.358
123,225,basic,90.424,43.464,96.31,46.028,1.196,1.226
123,226,basic,250.965,151.417,300.864,179.848,1.278,1.355
123,229,basic,245.598,206.877,0.0,0.0,1.133,
123,230,basic,110.56,74.62,143.128,91.843,1.074,1.361
123,233,basic,280.491,166.948,388.638,228.731,0.838,0.898
123,234,basic,74.155,62.952,0.0,0.0,1.126,
123,235,basic,81.091,48.407,114.967,67.755,1.262,1.341
123,236,basic,53.278,47.135,78.127,69.846,1.063,1.015
123,239,basic,279.709,162.085,286.535,166.031,1.713,1.713
123,241,basic,384.832,117.047,620.897,186.757,1.876,1.939
123,242,basic,156.553,107.74,0.0,0.0,1.217,
123,243,basic,212.755,106.28,303.775,151.02,0.989,1.017
123,244,basic,38.032,35.502,61.557,57.924,1.204,1.158
123,245,basic,318.899,276.416,387.558,335.796,1.225,1.237
123,246,basic,228.716,112.254,330.488,158.092,1.204,1.343
123,247,basic,365.838,108.482,664.75,191.174,1.595,1.751
123,248,basic,150.131,94.176,0.0,0.0,0.896,
123,249,basic,26.389,19.851,30.128,22.804,0.925,0.896
123,250,basic,91.639,69.455,157.304,120.602,0.967,0.904
123,251,basic,137.659,60.025,163.113,69.1,1.368,1.522
123,252,basic,243.237,167.369,269.994,178.942,1.484,1.673
123,255,basic,87.714,57.74,126.239,82.06,0.855,0.927
123,257,basic,121.428,105.083,183.234,155.796,1.113,1.222
123,259,basic,168.977,127.324,0.0,0.0,1.342,
123,261,basic,171.277,157.269,232.647,208.748,1.107,1.257
123,262,basic,185.265,142.347,160.03,120.362,1.086,1.199
123,264,basic,81.395,32.174,0.0,0.0,0.943,
123,266,basic,102.96,81.221,132.076,104.7,0.891,0.863
123,267,basic,122.957,109.518,149.275,132.947,1.026,1.028
123,268,basic,109.303,103.838,119.639,113.657,1.079,1.094
123,269,basic,102.038,96.208,128.023,120.611,1.052,1.103
123,270,basic,156.218,108.693,162.791,112.4,1.538,1.573
123,272,basic,40.732,38.466,0.0,0.0,1.06,
123,275,basic,94.718,89.476,129.076,121.147,1.166,1.315
123,276,basic,152.517,67.132,123.861,54.12,1.142,1.181
123,277,basic,125.187,81.483,143.733,93.315,1.004,1.018
123,279,basic,100.184,40.08,127.078,50.193,0.992,1.059
123,281,basic,69.725,46.837,78.999,52.395,0.814,0.875
123,282,basic,78.924,60.566,89.809,67.182,0.925,1.052
123,286,basic,178.719,106.51,226.953,124.646,1.868,2.341
123,287,gifted,190.0,174.04,0.0,0.0,,
123,288,basic,184.187,162.732,216.387,192.462,1.388,1.401
123,289,basic,151.701,139.661,0.0,0.0,1.389,
123,291,basic,373.429,263.813,559.814,407.149,2.315,2.069
123,292,basic,568.472,323.733,803.68,445.776,1.522,1.672
123,930,basic,399.341,367.02,500.378,459.807,2.427,2.337
123,935,basic,437.283,315.264,712.423,501.543,1.898,1.929
123,939,basic,218.724,100.264,0.0,0.0,1.755,
123,949,basic,384.484,334.13,643.909,547.06,1.637,1.785
123,955,basic,45.571,43.293,0.0,0.0,2.894,
123,971,basic,0.0,0.0,588.706,240.893,,1.137
123,971,gifted,515.957,472.617,0.0,0.0,,
123,972,basic,265.462,201.457,0.0,0.0,1.905,
123,974,basic,85.909,79.072,201.078,181.703,1.244,1.265
123,977,basic,232.038,181.671,415.235,317.865,1.281,1.413
124,103,basic,272.624,231.421,310.982,263.858,1.586,1.588
124,104,basic,130.8,63.827,145.776,72.433,2.304,2.217
124,105,basic,456.132,241.487,322.839,166.952,2.308,2.452
124,105,gifted,181.785,166.701,0.0,0.0,,
124,106,basic,469.471,303.057,352.125,229.428,1.797,1.725
124,106,gifted,117.966,108.177,0.0,0.0,,
124,107,basic,516.447,280.717,537.913,291.304,2.514,2.537
124,109,basic,139.422,96.348,143.768,99.457,2.07,2.064
124,110,basic,395.945,236.562,409.259,244.279,2.108,2.114
124,113,basic,388.191,242.758,308.789,192.607,2.351,2.356
124,113,gifted,133.926,122.813,0.0,0.0,,
124,115,basic,156.47,97.557,184.245,114.724,1.733,1.741
124,117,basic,254.343,166.188,228.981,151.937,2.305,2.211
124,117,gifted,89.276,81.868,0.0,0.0,,
124,118,basic,272.302,157.23,442.75,256.773,2.124,2.097
124,130,basic,658.329,429.584,701.545,456.311,1.753,1.771
124,201,basic,80.054,51.321,107.197,66.708,1.072,1.25
124,202,basic,171.605,91.622,184.279,94.637,1.732,1.959
124,203,basic,251.62,164.762,274.896,177.812,1.309,1.384
124,204,basic,169.31,111.175,185.319,98.805,1.481,2.856
124,208,basic,203.403,156.636,0.0,0.0,1.274,
124,209,basic,143.379,64.108,161.111,71.938,0.774,0.782
124,210,basic,192.867,94.898,0.0,0.0,1.43,
124,211,basic,68.348,42.188,101.37,60.719,1.131,1.313
124,212,gifted,205.501,188.449,0.0,0.0,,
124,215,basic,122.821,77.887,139.782,88.493,0.927,0.945
124,218,basic,157.627,98.865,177.566,110.968,0.775,0.797
124,220,basic,88.856,65.18,0.0,0.0,1.418,
124,221,basic,167.329,116.279,243.772,151.147,0.994,1.59
124,222,basic,155.795,81.741,184.337,96.897,2.46,2.482
124,225,basic,88.329,47.476,94.561,50.512,1.279,1.316
124,226,basic,266.435,177.053,315.251,208.75,1.337,1.386
124,229,basic,246.009,181.863,0.0,0.0,1.151,
124,230,basic,103.485,66.389,137.532,84.221,1.069,1.367
124,233,basic,279.346,176.833,386.865,242.511,0.838,0.897
124,234,basic,78.655,57.525,0.0,0.0,1.195,
124,235,basic,79.438,50.9,112.744,71.44,1.247,1.323
124,236,basic,52.492,43.383,75.418,62.864,1.075,1.026
124,239,basic,275.393,158.437,282.602,162.455,1.731,1.736
124,241,basic,386.801,158.525,623.386,252.962,1.946,2.009
124,242,basic,161.275,107.139,0.0,0.0,1.237,
124,243,basic,218.227,122.721,309.206,173.202,0.996,1.021
124,244,basic,33.056,30.104,51.241,47.219,1.066,1.027
124,245,basic,323.761,257.596,392.295,312.006,1.249,1.256
124,246,basic,223.781,123.097,324.71,174.52,1.186,1.328
124,247,basic,369.735,152.215,670.593,268.373,1.662,1.828
124,248,basic,151.173,95.316,0.0,0.0,0.907,
124,249,basic,31.871,23.351,36.526,26.933,0.885,0.85
124,250,basic,87.163,59.791,154.371,107.089,0.984,0.914
124,251,basic,129.995,70.555,154.852,81.881,1.392,1.55
124,252,basic,238.699,159.441,265.2,171.227,1.455,1.65
124,255,basic,87.957,56.668,126.095,80.411,0.87,0.936
124,257,basic,121.68,94.599,180.032,137.6,1.062,1.17
124,259,basic,162.682,109.101,0.0,0.0,1.303,
124,261,basic,186.121,153.197,252.236,202.018,1.097,1.244
124,262,basic,190.584,136.467,163.82,115.003,1.082,1.202
124,264,basic,78.187,42.62,0.0,0.0,0.943,
124,266,basic,103.729,78.497,133.369,101.336,0.901,0.875
124,267,basic,116.141,94.144,140.835,114.147,1.016,1.017
124,268,basic,112.787,107.133,123.126,116.941,1.076,1.088
124,269,basic,109.908,97.628,137.411,121.127,1.034,1.087
124,270,basic,161.245,100.666,168.229,104.269,1.563,1.602
124,272,basic,40.73,37.324,0.0,0.0,1.033,
124,275,basic,95.968,85.301,129.874,112.988,1.13,1.264
124,276,basic,158.09,87.717,128.978,70.962,1.094,1.145
124,277,basic,129.836,82.028,149.0,93.916,1.023,1.037
124,279,basic,105.128,53.147,132.906,66.455,1.006,1.072
124,281,basic,69.4,45.251,78.526,50.611,0.815,0.88
124,282,basic,72.644,50.168,81.858,55.404,0.889,1.003
124,286,basic,180.336,110.868,228.815,130.663,1.957,2.447
124,287,gifted,190.0,174.234,0.0,0.0,,
124,288,basic,190.308,146.071,222.71,171.899,1.38,1.381
124,289,basic,156.576,121.335,0.0,0.0,1.371,
124,291,basic,375.391,246.239,564.121,379.137,2.305,2.078
124,292,basic,567.602,338.796,801.849,466.905,1.533,1.692
124,930,basic,399.459,306.006,500.499,385.707,2.331,2.247
124,935,basic,437.136,287.48,712.201,456.875,1.859,1.914
124,939,basic,216.799,118.092,0.0,0.0,1.755,
124,949,basic,378.981,282.977,635.06,460.395,1.558,1.71
124,955,basic,45.641,43.322,0.0,0.0,2.836,
124,971,basic,0.0,0.0,590.915,298.663,,1.13
124,971,gifted,516.082,473.258,0.0,0.0,,
124,972,basic,266.235,180.796,0.0,0.0,1.901,
124,974,basic,87.292,68.347,206.051,159.931,1.237,1.265
124,977,basic,239.747,163.408,425.324,284.896,1.319,1.436
125,103,basic,263.648,238.592,300.569,271.954,1.643,1.643
125,104,basic,144.186,52.606,162.124,60.984,2.782,2.638
125,105,basic,470.151,220.815,334.904,152.305,2.338,2.51
125,105,gifted,183.458,168.12,0.0,0.0,,
125,106,basic,455.394,280.841,343.528,214.574,1.76,1.68
125,106,gifted,115.506,105.85,0.0,0.0,,
125,107,basic,514.794,256.824,536.089,266.34,2.465,2.488
125,109,basic,154.858,103.904,159.865,107.274,2.196,2.195
125,110,basic,387.528,199.42,400.938,206.125,2.15,2.155
125,113,basic,388.137,238.157,319.353,194.576,2.407,2.437
125,113,gifted,133.515,122.353,0.0,0.0,,
125,115,basic,146.553,86.354,174.436,102.375,1.74,1.761
125,117,basic,267.54,166.125,240.717,152.591,2.329,2.219
125,117,gifted,89.978,82.456,0.0,0.0,,
125,118,basic,272.377,143.065,442.31,233.591,2.13,2.102
125,130,basic,655.876,384.384,698.217,408.079,1.707,1.72
125,201,basic,76.694,51.067,102.34,66.018,1.04,1.203
125,202,basic,169.739,88.108,181.289,90.901,1.588,1.759
125,203,basic,263.17,183.977,286.949,198.001,1.285,1.355
125,204,basic,181.065,128.213,188.106,105.9,1.477,2.799
125,208,basic,207.14,172.956,0.0,0.0,1.25,
125,209,basic,149.054,48.146,166.816,53.794,0.767,0.775
125,210,basic,191.793,76.709,0.0,0.0,1.399,
125,211,basic,72.661,45.46,106.012,64.203,1.121,1.291
125,212,gifted,205.922,188.706,0.0,0.0,,
125,215,basic,113.774,65.268,129.04,73.942,0.89,0.901
125,218,basic,160.059,97.189,179.152,108.355,0.767,0.787
125,220,basic,94.946,76.607,0.0,0.0,1.515,
125,221,basic,165.38,109.938,244.134,141.8,0.995,1.605
125,222,basic,144.554,84.572,172.387,100.039,2.052,2.115
125,225,basic,76.223,37.428,81.516,39.738,1.206,1.243
125,226,basic,256.68,161.073,305.885,190.6,1.301,1.366
125,229,basic,245.778,205.128,0.0,0.0,1.141,
125,230,basic,111.26,75.241,144.931,93.043,1.04,1.33
125,233,basic,279.233,169.781,388.454,233.128,0.833,0.901
125,234,basic,74.691,61.839,0.0,0.0,1.191,
125,235,basic,78.786,49.52,111.953,69.461,1.151,1.227
125,236,basic,55.864,49.336,81.13,72.408,1.104,1.054
125,239,basic,270.895,156.359,278.341,160.377,1.736,1.745
125,241,basic,384.126,122.756,619.671,195.736,1.865,1.929
125,242,basic,162.074,111.539,0.0,0.0,1.235,
125,243,basic,218.376,112.072,310.033,158.3,0.98,1.009
125,244,basic,36.209,33.842,56.183,52.927,1.101,1.062
125,245,basic,321.562,279.445,392.248,341.237,1.268,1.273
125,246,basic,237.089,120.031,337.361,166.778,1.153,1.278
125,247,basic,364.601,114.43,663.874,201.75,1.577,1.739
125,248,basic,144.341,91.205,0.0,0.0,0.883,
125,249,basic,27.433,20.892,31.743,24.398,0.905,0.862
125,250,basic,84.229,63.114,151.147,114.68,0.976,0.909
125,251,basic,128.215,58.798,153.228,68.163,1.379,1.539
125,252,basic,240.107,168.58,267.014,180.282,1.442,1.634
125,255,basic,86.155,56.716,124.76,81.079,0.86,0.933
125,257,basic,122.442,106.626,182.358,156.028,1.085,1.191
125,259,basic,157.679,118.935,0.0,0.0,1.246,
125,261,basic,175.755,161.265,237.669,213.442,1.089,1.227
125,262,basic,187.618,144.616,161.607,121.915,1.079,1.191
125,264,basic,78.425,33.371,0.0,0.0,0.931,
125,266,basic,102.086,81.652,131.401,105.543,0.906,0.882
125,267,basic,116.045,104.113,139.941,125.557,1.001,1.002
125,268,basic,112.035,106.433,122.603,116.473,1.067,1.082
125,269,basic,105.596,99.402,131.978,124.097,1.035,1.08
125,270,basic,157.44,109.037,164.602,113.029,1.49,1.532
125,272,basic,42.641,40.209,0.0,0.0,1.079,
125,275,basic,92.798,87.233,125.982,117.582,1.191,1.339
125,276,basic,145.094,67.35,120.289,55.508,1.132,1.163
125,277,basic,125.462,81.493,144.188,93.406,1.018,1.032
125,279,basic,100.535,41.977,126.929,52.34,0.994,1.059
125,281,basic,62.319,41.904,70.007,46.548,0.806,0.859
125,282,basic,69.881,53.539,78.427,58.878,0.861,0.959
125,286,basic,177.844,107.081,225.603,125.751,1.947,2.398
125,287,gifted,190.0,174.116,0.0,0.0,,
125,288,basic,185.326,162.153,216.451,191.571,1.413,1.399
125,289,basic,157.186,141.447,0.0,0.0,1.387,
125,291,basic,381.17,263.428,569.635,408.448,2.386,2.125
125,292,basic,564.687,323.874,797.934,445.642,1.504,1.653
125,930,basic,399.581,364.705,500.623,458.039,2.388,2.297
125,935,basic,437.54,309.178,712.864,493.529,1.903,1.936
125,939,basic,220.834,104.156,0.0,0.0,1.753,
125,949,basic,380.297,324.114,640.235,531.509,1.59,1.747
125,955,basic,44.54,42.313,0.0,0.0,2.837,
125,971,basic,0.0,0.0,598.201,253.691,,1.146
125,971,gifted,517.133,473.9,0.0,0.0,,
125,972,basic,268.015,202.514,0.0,0.0,1.848,
125,974,basic,86.354,78.787,202.795,181.149,1.255,1.292
125,977,basic,244.698,187.169,431.176,323.162,1.311,1.43
126,103,basic,265.821,232.272,303.033,264.736,1.627,1.628
126,104,basic,139.399,61.764,152.808,69.457,2.525,2.368
126,105,basic,439.382,225.435,318.402,159.987,2.313,2.47
126,105,gifted,178.58,163.885,0.0,0.0,,
126,106,basic,479.035,302.398,358.192,228.337,1.797,1.71
126,106,gifted,119.606,109.764,0.0,0.0,,
126,107,basic,505.28,269.212,526.488,279.625,2.517,2.542
126,109,basic,146.69,99.575,150.924,102.384,2.22,2.224
126,110,basic,403.535,230.061,417.851,237.993,2.138,2.145
126,113,basic,389.666,245.279,316.208,198.147,2.39,2.411
126,113,gifted,133.614,122.619,0.0,0.0,,
126,115,basic,147.044,88.828,173.496,104.662,1.732,1.743
126,117,basic,256.848,166.153,231.376,151.846,2.363,2.254
126,117,gifted,89.61,82.236,0.0,0.0,,
126,118,basic,270.084,150.751,445.032,248.727,2.146,2.136
126,130,basic,663.875,413.208,706.578,438.774,1.737,1.754
126,201,basic,78.739,50.631,106.054,66.448,1.07,1.261
126,202,basic,176.446,92.719,189.216,96.03,1.789,2.042
126,203,basic,268.278,177.808,292.723,191.965,1.374,1.455
126,204,basic,174.764,118.612,188.03,106.406,1.475,2.939
126,208,basic,202.449,160.259,0.0,0.0,1.279,
126,209,basic,152.966,58.395,173.496,66.156,0.787,0.795
126,210,basic,192.932,87.87,0.0,0.0,1.412,
126,211,basic,83.32,51.116,120.471,72.159,1.116,1.294
126,212,gifted,205.81,188.874,0.0,0.0,,
126,215,basic,123.359,72.92,140.619,83.012,0.981,1.0
126,218,basic,151.187,91.33,169.457,102.076,0.762,0.783
126,220,basic,89.211,69.52,0.0,0.0,1.414,
126,221,basic,159.92,107.157,237.535,143.057,1.083,1.792
126,222,basic,147.796,82.706,175.382,98.237,2.442,2.466
126,225,basic,89.46,46.075,95.529,48.97,1.25,1.285
126,226,basic,257.252,166.376,306.937,198.062,1.404,1.449
126,229,basic,251.974,192.956,0.0,0.0,1.171,
126,230,basic,101.907,65.72,136.362,84.587,1.064,1.37
126,233,basic,281.039,170.743,391.482,235.45,0.85,0.926
126,234,basic,73.327,55.341,0.0,0.0,1.259,
126,235,basic,83.774,52.387,119.279,73.933,1.292,1.367
126,236,basic,52.371,45.176,75.515,65.578,1.074,1.026
126,239,basic,271.851,157.444,278.326,161.166,1.779,1.78
126,241,basic,382.028,143.998,616.818,230.283,1.951,2.026
126,242,basic,168.729,112.306,0.0,0.0,1.255,
126,243,basic,216.663,115.384,306.762,162.857,1.0,1.026
126,244,basic,39.417,36.647,62.608,58.786,1.138,1.095
126,245,basic,320.642,264.648,390.535,322.141,1.246,1.255
126,246,basic,238.985,125.734,339.958,175.436,1.184,1.33
126,247,basic,371.761,138.723,675.003,245.937,1.626,1.799
126,248,basic,145.471,89.683,0.0,0.0,0.888,
126,249,basic,29.675,21.458,34.147,24.846,0.939,0.897
126,250,basic,87.231,60.789,155.722,109.45,0.985,0.919
126,251,basic,128.116,65.259,153.078,76.184,1.409,1.584
126,252,basic,232.46,159.146,258.895,172.041,1.487,1.701
126,255,basic,84.196,53.527,121.102,76.349,0.853,0.92
126,257,basic,124.922,100.539,186.229,147.833,1.101,1.209
126,259,basic,161.336,111.795,0.0,0.0,1.338,
126,261,basic,172.229,150.814,232.734,199.187,1.082,1.232
126,262,basic,189.898,138.16,163.096,116.779,1.085,1.205
126,264,basic,80.586,39.085,0.0,0.0,0.963,
126,266,basic,105.552,80.309,136.203,103.924,0.913,0.89
126,267,basic,113.404,93.967,138.038,114.365,1.018,1.019
126,268,basic,111.148,105.591,121.584,115.505,1.064,1.079
126,269,basic,102.485,94.744,128.574,118.359,1.071,1.123
126,270,basic,167.924,108.621,175.004,112.482,1.62,1.664
126,272,basic,41.365,38.854,0.0,0.0,1.046,
126,275,basic,92.997,86.429,126.653,116.304,1.17,1.313
126,276,basic,146.059,74.607,120.938,61.44,1.133,1.174
126,277,basic,130.981,82.179,150.029,93.958,1.032,1.046
126,279,basic,107.932,49.646,135.605,61.794,1.017,1.087
126,281,basic,61.41,39.356,69.905,44.317,0.833,0.909
126,282,basic,69.943,49.161,78.926,54.517,0.886,1.01
126,286,basic,180.575,111.755,229.359,133.382,2.118,2.637
126,287,gifted,190.0,174.365,0.0,0.0,,
126,288,basic,192.091,158.234,224.882,186.33,1.415,1.407
126,289,basic,158.539,129.094,0.0,0.0,1.384,
126,291,basic,375.753,257.932,563.062,396.693,2.48,2.2
126,292,basic,566.875,331.835,802.54,459.976,1.537,1.702
126,930,basic,398.949,345.402,500.003,435.909,2.364,2.273
126,935,basic,437.847,299.563,712.981,478.798,1.921,1.955
126,939,basic,222.58,114.592,0.0,0.0,1.822,
126,949,basic,377.038,297.37,634.261,488.217,1.579,1.736
126,955,basic,45.405,43.135,0.0,0.0,2.746,
126,971,basic,0.0,0.0,586.692,273.148,,1.148
126,971,gifted,516.236,473.756,0.0,0.0,,
126,972,basic,263.786,189.046,0.0,0.0,1.927,
126,974,basic,85.911,73.348,203.472,172.137,1.243,1.287
126,977,basic,237.929,167.846,422.547,294.149,1.353,1.463
127,103,basic,258.549,222.448,295.052,253.583,1.66,1.664
127,104,basic,126.424,51.638,143.196,59.122,2.16,2.122
127,105,basic,464.714,209.508,332.958,145.189,2.338,2.495
127,105,gifted,180.461,165.989,0.0,0.0,,
127,106,basic,447.438,268.152,333.363,203.284,1.743,1.651
127,106,gifted,115.147,105.913,0.0,0.0,,
127,107,basic,513.553,240.641,535.518,249.639,2.511,2.536
127,109,basic,141.034,92.635,145.024,95.337,2.026,2.023
127,110,basic,389.758,199.102,403.502,205.78,2.123,2.131
127,113,basic,377.225,223.329,303.498,179.52,2.284,2.285
127,113,gifted,132.543,121.914,0.0,0.0,,
127,115,basic,144.4,82.163,170.363,96.679,1.729,1.742
127,117,basic,257.005,152.691,232.03,140.218,2.308,2.229
127,117,gifted,89.497,82.32,0.0,0.0,,
127,118,basic,266.354,135.18,437.384,222.706,2.106,2.091
127,130,basic,669.263,388.403,712.647,412.139,1.691,1.706
127,201,basic,79.83,55.524,107.186,71.679,0.957,1.127
127,202,basic,169.574,89.444,181.836,91.784,1.621,1.808
127,203,basic,255.816,179.613,279.743,193.244,1.315,1.389
127,204,basic,182.826,128.171,193.457,102.133,1.501,2.946
127,208,basic,202.318,169.876,0.0,0.0,1.21,
127,209,basic,149.521,54.821,168.898,61.822,0.783,0.79
127,210,basic,193.776,84.116,0.0,0.0,1.411,
127,211,basic,72.215,46.464,108.779,67.263,1.119,1.3
127,212,gifted,205.377,188.907,0.0,0.0,,
127,215,basic,118.215,72.377,134.521,82.191,0.908,0.923
127,218,basic,155.394,99.767,174.555,111.545,0.765,0.785
127,220,basic,87.699,72.485,0.0,0.0,1.331,
127,221,basic,163.528,116.094,239.623,148.335,0.969,1.5
127,222,basic,140.245,83.41,166.02,98.163,1.907,1.943
127,225,basic,78.47,40.748,83.812,43.218,1.193,1.224
127,226,basic,259.612,172.484,309.618,203.883,1.294,1.362
127,229,basic,244.284,204.712,0.0,0.0,1.134,
127,230,basic,119.479,82.795,149.324,97.224,1.019,1.315
127,233,basic,278.617,178.935,387.103,245.176,0.836,0.899
127,234,basic,79.07,64.789,0.0,0.0,1.217,
127,235,basic,83.677,54.488,119.413,76.661,1.186,1.262
127,236,basic,46.251,41.054,63.807,57.298,1.046,0.994
127,239,basic,272.274,159.943,279.697,164.092,1.686,1.693
127,241,basic,384.916,132.179,621.776,209.995,1.868,1.947
127,242,basic,161.311,112.705,0.0,0.0,1.246,
127,243,basic,219.288,119.991,310.048,168.646,0.98,1.009
127,244,basic,34.349,31.861,54.133,50.784,1.108,1.074
127,245,basic,317.072,277.52,385.755,338.073,1.241,1.25
127,246,basic,224.552,119.246,326.355,168.061,1.164,1.302
127,247,basic,364.869,125.367,663.481,220.045,1.567,1.718
127,248,basic,148.196,96.941,0.0,0.0,0.894,
127,249,basic,32.366,25.521,36.843,29.333,0.878,0.841
127,250,basic,88.653,67.492,157.475,121.662,0.967,0.899
127,251,basic,135.696,67.227,161.319,77.31,1.381,1.53
127,252,basic,244.961,175.518,271.822,186.693,1.434,1.613
127,255,basic,86.497,58.895,123.976,83.364,0.859,0.92
127,257,basic,123.167,108.346,184.707,159.162,1.078,1.191
127,259,basic,169.641,125.657,0.0,0.0,1.313,
127,261,basic,180.016,163.258,245.016,215.764,1.111,1.27
127,262,basic,187.638,147.926,161.153,123.901,1.061,1.172
127,264,basic,82.517,39.424,0.0,0.0,0.925,
127,266,basic,104.952,87.141,135.125,112.782,0.902,0.876
127,267,basic,112.658,101.705,137.478,124.169,1.021,1.021
127,268,basic,109.624,104.142,119.521,113.545,1.068,1.082
127,269,basic,105.356,98.305,131.868,122.77,1.079,1.131
127,270,basic,161.58,111.653,168.594,115.597,1.453,1.485
127,272,basic,39.457,37.09,0.0,0.0,1.012,
127,275,basic,92.327,86.554,125.447,116.343,1.166,1.308
127,276,basic,148.345,75.465,121.47,61.168,1.107,1.153
127,277,basic,124.988,83.731,143.244,95.695,1.01,1.022
127,279,basic,108.235,49.268,135.875,60.953,1.005,1.07
127,281,basic,63.401,43.992,71.919,49.171,0.812,0.871
127,282,basic,77.904,60.232,87.94,66.29,0.876,0.98
127,286,basic,176.023,113.032,224.605,130.691,1.741,2.212
127,287,gifted,190.0,174.763,0.0,0.0,,
127,288,basic,190.75,165.224,223.631,195.346,1.387,1.39
127,289,basic,156.841,133.412,0.0,0.0,1.363,
127,291,basic,371.881,258.408,559.132,404.333,2.19,1.977
127,292,basic,564.054,327.119,799.618,448.185,1.486,1.65
127,930,basic,399.214,346.81,500.244,438.582,2.334,2.235
127,935,basic,437.479,306.274,712.696,488.05,1.763,1.838
127,939,basic,218.732,107.904,0.0,0.0,1.681,
127,949,basic,373.041,307.6,626.928,498.096,1.498,1.671
127,955,basic,46.148,43.841,0.0,0.0,2.716,
127,971,basic,0.0,0.0,598.007,274.745,,1.134
127,971,gifted,517.166,475.693,0.0,0.0,,
127,972,basic,257.25,187.735,0.0,0.0,1.843,
127,974,basic,86.533,77.561,204.899,180.502,1.225,1.242
127,977,basic,239.222,181.224,424.589,314.327,1.318,1.436
128,103,basic,266.995,250.466,304.369,285.49,1.68,1.68
128,104,basic,157.213,54.859,172.57,62.073,3.004,2.793
128,105,basic,462.338,216.724,328.211,150.668,2.315,2.481
128,105,gifted,183.429,167.925,0.0,0.0,,
128,106,basic,469.063,280.87,354.015,213.267,1.873,1.81
128,106,gifted,116.808,106.935,0.0,0.0,,
128,107,basic,516.963,259.631,538.384,269.587,2.54,2.565
128,109,basic,150.317,104.646,155.151,108.053,2.215,2.212
128,110,basic,401.674,198.381,415.962,205.256,2.142,2.149
128,113,basic,396.711,251.945,319.9,201.017,2.483,2.547
128,113,gifted,135.957,124.465,0.0,0.0,,
128,115,basic,149.014,86.261,176.089,101.755,1.743,1.757
128,117,basic,258.761,163.136,231.742,148.321,2.382,2.262
128,117,gifted,89.904,82.304,0.0,0.0,,
128,118,basic,260.43,135.17,421.53,219.796,2.159,2.123
128,130,basic,658.951,365.734,701.571,388.478,1.739,1.757
128,201,basic,80.665,52.121,108.668,68.486,1.146,1.341
128,202,basic,167.649,84.238,180.69,87.659,1.733,2.001
128,203,basic,260.068,182.654,283.566,197.256,1.337,1.414
128,204,basic,173.192,127.875,184.272,114.818,1.442,2.877
128,208,basic,201.209,169.314,0.0,0.0,1.317,
128,209,basic,154.589,40.219,174.927,45.466,0.776,0.784
128,210,basic,194.482,68.86,0.0,0.0,1.437,
128,211,basic,76.955,46.875,115.636,68.703,1.142,1.34
128,212,gifted,205.712,188.324,0.0,0.0,,
128,215,basic,121.58,62.477,138.861,71.197,0.985,1.011
128,218,basic,161.822,91.114,181.924,102.141,0.777,0.8
128,220,basic,90.518,77.464,0.0,0.0,1.572,
128,221,basic,163.756,101.565,240.208,135.003,1.058,1.751
128,222,basic,149.187,87.38,176.293,103.478,2.595,2.615
128,225,basic,84.418,38.382,90.106,40.792,1.26,1.294
128,226,basic,261.223,153.408,310.634,182.593,1.432,1.453
128,229,basic,248.44,212.698,0.0,0.0,1.154,
128,230,basic,104.913,69.992,136.417,87.802,1.066,1.363
128,233,basic,276.47,156.35,382.911,214.93,0.831,0.891
128,234,basic,75.521,64.698,0.0,0.0,1.226,
128,235,basic,87.019,51.213,123.097,71.851,1.312,1.386
128,236,basic,50.148,45.446,71.07,64.873,1.1,1.044
128,239,basic,277.433,163.456,284.738,167.679,1.726,1.731
128,241,basic,384.384,109.58,619.805,175.291,1.972,2.038
128,242,basic,155.997,106.534,0.0,0.0,1.267,
128,243,basic,220.9,103.387,312.845,145.986,1.006,1.031
128,244,basic,36.307,34.37,57.436,54.481,1.225,1.139
128,245,basic,319.424,285.343,388.807,347.459,1.239,1.247
128,246,basic,241.651,113.257,343.043,158.038,1.229,1.366
128,247,basic,365.73,99.471,664.23,176.618,1.658,1.833
128,248,basic,151.371,91.169,0.0,0.0,0.899,
128,249,basic,30.129,22.501,34.856,26.153,0.893,0.859
128,250,basic,84.358,63.171,151.149,114.226,0.988,0.914
128,251,basic,137.342,56.624,163.289,65.975,1.448,1.609
128,252,basic,240.537,169.081,267.231,182.713,1.506,1.717
128,255,basic,87.012,55.253,125.519,78.99,0.855,0.93
128,257,basic,117.913,104.926,176.25,154.834,1.075,1.186
128,259,basic,164.77,126.489,0.0,0.0,1.379,
128,261,basic,176.826,165.678,239.547,221.349,1.132,1.296
128,262,basic,193.986,149.595,165.151,125.647,1.074,1.181
128,264,basic,78.292,28.108,0.0,0.0,0.926,
128,266,basic,104.956,81.831,134.854,105.501,0.905,0.876
128,267,basic,120.025,108.801,145.588,131.966,1.021,1.022
128,268,basic,111.661,106.078,121.961,115.863,1.058,1.07
128,269,basic,108.788,103.225,135.525,128.613,1.048,1.094
128,270,basic,159.666,114.537,166.497,118.785,1.581,1.62
128,272,basic,43.541,41.325,0.0,0.0,1.082,
128,275,basic,97.56,92.563,133.011,125.928,1.203,1.373
128,276,basic,154.589,63.451,124.969,51.059,1.157,1.192
128,277,basic,123.57,78.3,141.857,89.715,1.004,1.019
128,279,basic,100.552,36.617,126.992,45.849,1.008,1.076
128,281,basic,66.924,43.143,76.486,48.757,0.843,0.927
128,282,basic,75.231,57.241,85.059,63.574,0.923,1.058
128,286,basic,181.192,109.003,229.199,130.918,2.22,2.69
128,287,gifted,190.0,173.94,0.0,0.0,,
128,288,basic,183.85,166.267,214.324,196.603,1.482,1.436
128,289,basic,158.692,148.208,0.0,0.0,1.424,
128,291,basic,376.24,280.895,564.222,431.195,2.477,2.197
128,292,basic,560.191,311.229,793.938,433.303,1.56,1.708
128,930,basic,399.076,374.623,500.135,468.978,2.498,2.418
128,935,basic,438.368,328.104,713.689,523.078,1.982,2.014
128,939,basic,218.436,97.209,0.0,0.0,1.814,
128,949,basic,385.209,346.429,646.085,573.171,1.695,1.838
128,955,basic,47.443,45.071,0.0,0.0,2.85,
128,971,basic,0.0,0.0,582.268,220.539,,1.14
128,971,gifted,515.152,471.608,0.0,0.0,,
128,972,basic,263.193,209.011,0.0,0.0,1.966,
128,974,basic,85.106,79.486,202.113,186.031,1.308,1.384
128,977,basic,233.617,185.698,416.923,327.215,1.337,1.447
129,103,basic,270.467,238.69,308.394,272.118,1.636,1.637
129,104,basic,143.868,56.63,157.245,63.871,2.714,2.529
129,105,basic,436.176,209.708,317.31,148.939,2.326,2.494
129,105,gifted,175.917,162.438,0.0,0.0,,
129,106,basic,446.929,269.029,331.936,201.647,1.863,1.784
129,106,gifted,114.538,105.762,0.0,0.0,,
129,107,basic,518.473,260.297,540.573,270.45,2.554,2.579
129,109,basic,148.1,98.76,152.784,101.801,2.201,2.206
129,110,basic,402.097,216.374,415.902,223.665,2.11,2.114
129,113,basic,385.361,233.926,314.034,189.367,2.439,2.472
129,113,gifted,133.105,122.906,0.0,0.0,,
129,115,basic,144.559,83.893,170.956,99.021,1.732,1.746
129,117,basic,263.361,164.909,236.029,150.413,2.364,2.243
129,117,gifted,89.891,83.003,0.0,0.0,,
129,118,basic,270.716,142.419,445.193,234.791,2.194,2.177
129,130,basic,663.149,394.939,705.831,419.441,1.703,1.717
129,201,basic,81.511,53.343,109.604,69.74,1.082,1.272
129,202,basic,168.791,89.443,181.087,92.746,1.673,1.896
129,203,basic,262.887,179.816,286.92,194.058,1.353,1.431
129,204,basic,184.386,129.205,191.023,109.904,1.489,2.952
129,208,basic,198.42,161.454,0.0,0.0,1.282,
129,209,basic,142.368,49.998,159.783,56.044,0.779,0.788
129,210,basic,192.881,83.305,0.0,0.0,1.43,
129,211,basic,79.062,49.255,113.972,69.253,1.104,1.274
129,212,gifted,205.612,189.858,0.0,0.0,,
129,215,basic,121.426,71.081,138.245,80.869,0.977,0.991
129,218,basic,152.858,92.607,171.873,103.775,0.763,0.786
129,220,basic,93.363,74.681,0.0,0.0,1.58,
129,221,basic,159.948,108.035,238.945,143.019,1.081,1.813
129,222,basic,148.6,84.815,175.953,100.277,2.389,2.433
129,225,basic,79.402,40.445,84.485,42.838,1.187,1.218
129,226,basic,254.342,166.176,304.071,197.952,1.355,1.407
129,229,basic,250.83,202.021,0.0,0.0,1.164,
129,230,basic,122.823,80.769,152.851,96.646,1.091,1.375
129,233,basic,276.564,168.97,385.342,232.842,0.828,0.904
129,234,basic,73.92,59.224,0.0,0.0,1.195,
129,235,basic,82.472,51.815,118.441,73.64,1.301,1.382
129,236,basic,50.813,45.42,72.04,64.95,1.07,1.018
129,239,basic,270.727,159.227,277.705,163.253,1.738,1.741
129,241,basic,384.233,135.052,619.793,215.711,1.938,2.009
129,242,basic,164.292,112.454,0.0,0.0,1.235,
129,243,basic,214.735,112.629,306.543,160.09,0.984,1.016
129,244,basic,37.762,35.308,59.153,55.767,1.126,1.073
129,245,basic,324.787,280.946,394.908,341.766,1.266,1.27
129,246,basic,229.038,117.593,332.592,167.201,1.24,1.386
129,247,basic,370.403,127.592,672.384,225.816,1.642,1.811
129,248,basic,148.169,92.315,0.0,0.0,0.898,
129,249,basic,32.654,24.559,37.803,28.62,0.896,0.855
129,250,basic,85.899,62.313,151.958,111.236,0.958,0.895
129,251,basic,132.04,64.805,158.01,75.644,1.426,1.598
129,252,basic,233.165,164.649,259.805,177.642,1.456,1.666
129,255,basic,83.803,54.217,120.759,77.393,0.853,0.922
129,257,basic,125.606,106.75,186.119,155.813,1.084,1.193
129,259,basic,168.488,121.652,0.0,0.0,1.333,
129,261,basic,165.406,150.796,223.762,199.853,1.098,1.243
129,262,basic,190.693,144.23,163.212,121.361,1.075,1.191
129,264,basic,80.102,37.01,0.0,0.0,0.935,
129,266,basic,112.933,89.161,145.77,115.461,0.908,0.883
129,267,basic,116.82,101.967,142.085,124.018,1.035,1.035
129,268,basic,111.938,106.341,122.302,116.187,1.08,1.096
129,269,basic,107.892,101.457,134.535,126.351,1.068,1.113
129,270,basic,158.73,107.845,165.669,111.859,1.51,1.549
129,272,basic,43.365,40.884,0.0,0.0,1.085,
129,275,basic,90.503,85.145,124.759,116.377,1.175,1.343
129,276,basic,151.438,74.471,123.079,60.219,1.159,1.193
129,277,basic,129.282,82.771,148.151,94.677,1.011,1.023
129,279,basic,107.733,47.412,135.968,59.234,1.003,1.072
129,281,basic,67.519,44.179,76.745,49.665,0.825,0.895
129,282,basic,76.598,55.735,86.334,61.627,0.915,1.039
129,286,basic,175.367,108.269,223.769,129.798,2.181,2.673
129,287,gifted,190.0,175.442,0.0,0.0,,
129,288,basic,184.733,157.772,216.524,187.743,1.502,1.451
129,289,basic,156.423,131.071,0.0,0.0,1.413,
129,291,basic,384.925,265.34,573.549,410.289,2.528,2.228
129,292,basic,565.247,324.86,800.508,450.034,1.543,1.704
129,930,basic,398.951,358.914,499.968,451.364,2.391,2.302
129,935,basic,437.828,304.322,712.979,488.398,1.919,1.955
129,939,basic,222.542,110.718,0.0,0.0,1.782,
129,949,basic,382.711,310.674,644.081,510.27,1.632,1.789
129,955,basic,47.298,44.933,0.0,0.0,2.864,
129,971,basic,0.0,0.0,581.11,259.674,,1.146
129,971,gifted,515.596,476.091,0.0,0.0,,
129,972,basic,259.842,190.296,0.0,0.0,1.925,
129,974,basic,86.198,78.05,205.785,184.177,1.212,1.246
129,977,basic,229.841,170.369,411.694,300.301,1.311,1.431
130,103,basic,276.918,247.406,315.821,282.084,1.654,1.655
130,104,basic,134.753,58.544,145.11,65.146,2.706,2.504
130,105,basic,458.3,238.029,324.403,164.601,2.328,2.494
130,105,gifted,182.898,167.697,0.0,0.0,,
130,106,basic,469.523,296.641,350.622,222.351,1.926,1.88
130,106,gifted,116.577,106.888,0.0,0.0,,
130,107,basic,532.642,286.971,555.182,298.103,2.591,2.616
130,109,basic,143.531,101.777,148.22,105.133,2.12,2.118
130,110,basic,396.58,227.106,410.537,234.905,2.121,2.127
130,113,basic,389.878,252.525,317.631,204.558,2.354,2.384
130,113,gifted,133.589,122.486,0.0,0.0,,
130,115,basic,143.31,88.802,169.926,105.033,1.737,1.755
130,117,basic,249.375,164.971,223.674,150.298,2.333,2.222
130,117,gifted,88.732,81.357,0.0,0.0,,
130,118,basic,262.164,148.784,424.332,241.978,2.166,2.132
130,130,basic,644.032,408.074,686.281,433.644,1.72,1.738
130,201,basic,83.369,52.576,111.762,68.673,1.135,1.317
130,202,basic,175.892,91.899,187.802,95.297,1.712,1.91
130,203,basic,240.259,159.987,262.413,173.027,1.287,1.357
130,204,basic,186.962,125.8,190.514,106.389,1.517,2.942
130,208,basic,208.137,164.292,0.0,0.0,1.296,
130,209,basic,153.782,56.47,173.604,63.671,0.766,0.774
130,210,basic,191.56,84.142,0.0,0.0,1.38,
130,211,basic,77.867,47.376,113.832,67.493,1.113,1.295
130,212,gifted,206.267,189.124,0.0,0.0,,
130,215,basic,122.222,71.794,139.235,81.583,0.92,0.943
130,218,basic,158.383,94.331,177.043,105.125,0.766,0.787
130,220,basic,91.46,70.57,0.0,0.0,1.465,
130,221,basic,164.863,108.522,240.978,142.67,1.034,1.69
130,222,basic,139.045,80.848,164.721,95.43,2.071,2.124
130,225,basic,83.779,42.535,89.223,45.087,1.202,1.235
130,226,basic,261.112,164.081,310.884,195.04,1.403,1.443
130,229,basic,248.543,190.468,0.0,0.0,1.157,
130,230,basic,104.619,66.797,135.963,83.513,1.094,1.384
130,233,basic,283.922,170.239,393.209,233.717,0.84,0.902
130,234,basic,79.66,60.722,0.0,0.0,1.208,
130,235,basic,87.227,53.873,124.121,76.045,1.264,1.33
130,236,basic,51.027,43.611,71.593,61.632,1.046,0.997
130,239,basic,276.329,158.83,283.588,162.864,1.747,1.753
130,241,basic,382.088,138.542,617.008,221.698,1.924,1.992
130,242,basic,159.525,106.129,0.0,0.0,1.227,
130,243,basic,213.124,111.323,303.907,158.08,0.976,1.008
130,244,basic,37.01,34.448,59.042,55.467,1.133,1.092
130,245,basic,319.541,261.243,388.602,317.66,1.266,1.272
130,246,basic,246.34,125.989,350.455,175.865,1.251,1.388
130,247,basic,364.821,130.663,663.765,232.094,1.608,1.772
130,248,basic,142.62,87.335,0.0,0.0,0.897,
130,249,basic,30.256,21.902,34.332,25.03,0.922,0.876
130,250,basic,86.377,60.306,154.527,108.795,0.961,0.9
130,251,basic,134.704,65.697,160.565,76.507,1.443,1.609
130,252,basic,236.0,158.144,262.588,170.559,1.493,1.704
130,255,basic,88.494,55.793,127.479,79.684,0.873,0.938
130,257,basic,123.609,98.931,182.529,144.005,1.081,1.188
130,259,basic,173.308,119.597,0.0,0.0,1.366,
130,261,basic,171.172,151.061,228.511,197.541,1.042,1.17
130,262,basic,192.522,139.166,164.831,117.342,1.096,1.204
130,264,basic,77.652,36.352,0.0,0.0,0.927,
130,266,basic,104.654,78.616,134.936,101.685,0.918,0.894
130,267,basic,115.471,96.127,139.485,116.111,1.014,1.015
130,268,basic,109.609,104.129,119.923,113.927,1.074,1.089
130,269,basic,100.799,93.361,126.563,116.794,1.073,1.122
130,270,basic,153.692,100.504,160.506,104.34,1.52,1.559
130,272,basic,41.645,39.138,0.0,0.0,1.049,
130,275,basic,93.56,86.67,127.096,116.22,1.165,1.309
130,276,basic,154.277,76.242,124.59,61.283,1.122,1.154
130,277,basic,124.429,77.677,142.782,88.944,1.0,1.015
130,279,basic,101.165,45.158,127.757,56.472,1.005,1.074
130,281,basic,71.245,45.5,81.105,51.228,0.829,0.901
130,282,basic,80.67,56.36,91.026,62.326,0.935,1.071
130,286,basic,174.991,105.386,222.759,126.319,2.113,2.595
130,287,gifted,190.0,174.209,0.0,0.0,,
130,288,basic,187.065,152.087,219.651,180.5,1.475,1.442
130,289,basic,158.786,134.032,0.0,0.0,1.402,
130,291,basic,373.405,256.482,561.268,393.273,2.398,2.15
130,292,basic,565.223,327.996,800.089,455.033,1.585,1.735
130,930,basic,398.925,351.062,499.881,442.432,2.355,2.261
130,935,basic,437.966,300.5,713.269,477.555,1.949,1.979
130,939,basic,218.55,111.093,0.0,0.0,1.805,
130,949,basic,385.279,311.165,648.012,509.117,1.629,1.794
130,955,basic,48.121,45.715,0.0,0.0,2.809,
130,971,basic,0.0,0.0,596.122,268.909,,1.158
130,971,gifted,516.682,473.739,0.0,0.0,,
130,972,basic,262.057,189.831,0.0,0.0,1.893,
130,974,basic,87.298,75.848,205.413,176.822,1.235,1.27
130,977,basic,234.009,165.807,417.895,291.709,1.339,1.455
131,103,basic,271.005,240.662,308.936,274.3,1.654,1.654
131,104,basic,136.821,54.391,150.023,61.078,2.41,2.294
131,105,basic,482.598,226.087,344.669,157.73,2.337,2.476
131,105,gifted,186.527,170.561,0.0,0.0,,
131,106,basic,455.247,275.565,336.921,206.623,1.786,1.693
131,106,gifted,116.891,106.885,0.0,0.0,,
131,107,basic,489.529,244.031,510.139,253.32,2.461,2.485
131,109,basic,154.746,103.208,159.788,106.606,2.167,2.165
131,110,basic,390.326,203.223,403.855,210.067,2.119,2.125
131,113,basic,389.546,235.484,317.015,190.358,2.404,2.434
131,113,gifted,134.056,122.581,0.0,0.0,,
131,115,basic,146.175,84.619,172.8,99.808,1.737,1.75
131,117,basic,252.808,155.798,225.929,141.909,2.355,2.243
131,117,gifted,89.947,82.248,0.0,0.0,,
131,118,basic,278.202,144.953,453.145,237.138,2.146,2.121
131,130,basic,653.458,382.174,695.703,405.802,1.721,1.735
131,201,basic,77.365,51.329,103.368,66.523,1.049,1.224
131,202,basic,173.766,89.317,186.438,92.058,1.763,1.99
131,203,basic,257.161,177.87,280.838,191.769,1.336,1.412
131,204,basic,169.672,121.454,182.113,105.37,1.42,2.767
131,208,basic,205.809,169.704,0.0,0.0,1.252,
131,209,basic,153.965,52.084,173.551,58.628,0.78,0.788
131,210,basic,195.123,81.115,0.0,0.0,1.429,
131,211,basic,77.485,48.723,108.205,66.259,1.098,1.251
131,212,gifted,205.671,188.066,0.0,0.0,,
131,215,basic,117.604,68.521,133.924,77.92,0.952,0.969
131,218,basic,153.819,93.872,172.69,105.01,0.76,0.78
131,220,basic,85.805,71.496,0.0,0.0,1.371,
131,221,basic,163.927,110.338,242.57,144.212,1.04,1.673
131,222,basic,152.012,86.311,178.964,101.741,2.306,2.327
131,225,basic,83.97,41.963,89.631,44.527,1.229,1.264
131,226,basic,256.134,166.166,305.505,197.06,1.283,1.346
131,229,basic,247.658,204.396,0.0,0.0,1.145,
131,230,basic,114.553,77.137,145.037,93.195,1.03,1.318
131,233,basic,279.418,171.59,387.054,235.19,0.823,0.884
131,234,basic,79.242,65.368,0.0,0.0,1.159,
131,235,basic,82.356,51.653,117.276,72.784,1.266,1.338
131,236,basic,47.443,42.174,66.638,59.843,1.086,1.031
131,239,basic,274.893,161.579,281.958,165.626,1.709,1.713
131,241,basic,383.955,128.964,618.934,205.782,1.897,1.959
131,242,basic,158.222,109.129,0.0,0.0,1.249,
131,243,basic,218.35,113.547,310.194,160.578,0.99,1.018
131,244,basic,38.478,35.883,60.424,56.882,1.147,1.091
131,245,basic,318.812,278.427,388.852,339.904,1.263,1.268
131,246,basic,226.221,115.845,326.987,163.821,1.192,1.321
131,247,basic,367.408,120.764,667.316,212.985,1.623,1.789
131,248,basic,148.491,93.583,0.0,0.0,0.903,
131,249,basic,31.539,24.185,36.157,27.925,0.887,0.85
131,250,basic,89.81,66.48,156.986,117.565,0.971,0.901
131,251,basic,129.585,62.106,154.251,71.906,1.364,1.525
131,252,basic,246.409,173.486,273.361,185.708,1.456,1.653
131,255,basic,89.011,58.19,128.058,82.806,0.881,0.949
131,257,basic,123.384,106.845,182.116,155.042,1.074,1.181
131,259,basic,154.004,114.586,0.0,0.0,1.258,
131,261,basic,177.158,162.08,239.492,214.025,1.103,1.256
131,262,basic,191.435,147.086,163.158,123.089,1.077,1.184
131,264,basic,79.719,35.64,0.0,0.0,0.931,
131,266,basic,104.485,83.374,134.301,107.619,0.916,0.89
131,267,basic,115.453,103.127,140.568,125.571,1.032,1.032
131,268,basic,110.812,105.271,120.728,114.692,1.07,1.083
131,269,basic,106.078,99.758,132.587,124.544,1.065,1.114
131,270,basic,154.581,105.932,161.254,109.761,1.519,1.554
131,272,basic,42.034,39.614,0.0,0.0,1.053,
131,275,basic,94.727,89.216,129.168,120.783,1.187,1.333
131,276,basic,148.758,71.828,121.678,58.317,1.109,1.153
131,277,basic,130.2,84.046,149.313,96.159,1.029,1.043
131,279,basic,103.146,44.338,130.237,55.331,1.006,1.074
131,281,basic,70.535,47.14,79.493,52.572,0.803,0.859
131,282,basic,77.139,57.572,86.782,63.466,0.912,1.023
131,286,basic,181.035,111.842,229.708,131.644,2.005,2.495
131,287,gifted,190.0,173.736,0.0,0.0,,
131,288,basic,183.354,159.056,214.64,188.115,1.434,1.423
131,289,basic,156.748,136.188,0.0,0.0,1.372,
131,291,basic,379.773,263.787,568.09,409.962,2.374,2.101
131,292,basic,561.598,322.607,795.73,444.99,1.503,1.669
131,930,basic,399.068,360.414,500.089,452.927,2.383,2.298
131,935,basic,437.079,303.831,712.265,487.037,1.923,1.96
131,939,basic,218.47,106.926,0.0,0.0,1.709,
131,949,basic,378.381,315.523,636.058,517.054,1.594,1.743
131,955,basic,45.44,43.168,0.0,0.0,2.873,
131,971,basic,0.0,0.0,588.569,257.833,,1.13
131,971,gifted,515.554,471.423,0.0,0.0,,
131,972,basic,259.471,191.451,0.0,0.0,1.896,
131,974,basic,86.091,78.173,202.379,180.559,1.247,1.283
131,977,basic,242.719,183.138,428.34,317.75,1.33,1.44
132,103,basic,269.516,243.26,307.468,277.309,1.635,1.638
132,104,basic,130.034,49.434,144.876,55.914,2.157,2.098
132,105,basic,417.413,183.789,300.87,128.214,2.239,2.394
132,105,gifted,176.459,162.403,0.0,0.0,,
132,106,basic,468.963,276.985,349.207,209.569,1.756,1.667
132,106,gifted,118.325,108.9,0.0,0.0,,
132,107,basic,514.01,237.715,535.737,246.584,2.489,2.513
132,109,basic,149.129,100.6,153.554,103.572,2.046,2.047
132,110,basic,404.984,199.307,418.504,205.752,2.085,2.089
132,113,basic,389.846,233.546,317.282,189.856,2.287,2.289
132,113,gifted,133.558,122.919,0.0,0.0,,
132,115,basic,139.527,78.178,164.929,92.2,1.718,1.729
132,117,basic,258.999,156.139,233.419,143.34,2.296,2.208
132,117,gifted,90.094,82.918,0.0,0.0,,
132,118,basic,265.91,131.702,436.737,216.648,2.104,2.097
132,130,basic,656.897,374.155,699.571,397.149,1.671,1.685
132,201,basic,78.303,53.502,103.871,68.58,0.965,1.118
132,202,basic,166.729,86.292,178.01,88.953,1.538,1.689
132,203,basic,263.214,187.418,286.953,201.482,1.275,1.341
132,204,basic,180.882,133.766,187.23,104.665,1.359,2.785
132,208,basic,210.46,180.679,0.0,0.0,1.213,
132,209,basic,141.175,43.329,158.576,48.585,0.776,0.784
132,210,basic,192.977,75.005,0.0,0.0,1.393,
132,211,basic,76.657,48.172,113.921,68.931,1.121,1.296
132,212,gifted,205.762,189.371,0.0,0.0,,
132,215,basic,115.913,68.627,131.694,77.752,0.878,0.893
132,218,basic,156.485,95.806,175.763,107.135,0.761,0.781
132,220,basic,86.729,72.174,0.0,0.0,1.406,
132,221,basic,162.411,112.915,238.801,144.682,0.957,1.501
132,222,basic,137.007,86.73,161.777,101.521,1.692,1.74
132,225,basic,76.65,37.279,81.869,39.538,1.176,1.208
132,226,basic,258.915,169.171,308.751,199.588,1.264,1.34
132,229,basic,255.125,221.213,0.0,0.0,1.137,
132,230,basic,110.056,75.301,141.519,91.423,1.029,1.311
132,233,basic,284.436,174.464,395.61,239.022,0.845,0.914
132,234,basic,78.589,66.915,0.0,0.0,1.213,
132,235,basic,80.578,52.378,114.429,73.38,1.114,1.186
132,236,basic,50.2,45.197,69.392,63.073,1.05,1.0
132,239,basic,272.755,158.355,280.223,162.37,1.691,1.7
132,241,basic,385.694,115.539,621.969,183.817,1.886,1.954
132,242,basic,154.107,109.3,0.0,0.0,1.207,
132,243,basic,215.737,109.564,306.328,154.609,0.968,0.999
132,244,basic,36.195,33.77,56.888,53.533,1.152,1.093
132,245,basic,315.98,284.49,386.846,348.873,1.237,1.253
132,246,basic,241.12,120.389,341.701,166.147,1.151,1.274
132,247,basic,373.789,110.416,677.346,193.699,1.574,1.716
132,248,basic,144.36,92.08,0.0,0.0,0.887,
132,249,basic,30.954,24.967,36.073,29.315,0.851,0.821
132,250,basic,84.311,64.619,151.314,117.632,0.968,0.9
132,251,basic,131.81,59.609,157.125,68.697,1.394,1.55
132,252,basic,233.72,166.934,260.543,178.105,1.446,1.637
132,255,basic,86.338,57.749,124.662,82.105,0.839,0.915
132,257,basic,120.774,108.883,178.982,158.787,1.073,1.176
132,259,basic,158.378,120.955,0.0,0.0,1.277,
132,261,basic,177.224,163.736,239.496,216.365,1.094,1.245
132,262,basic,186.884,149.72,159.567,125.165,1.06,1.156
132,264,basic,82.314,35.03,0.0,0.0,0.91,
132,266,basic,104.239,87.529,134.444,113.437,0.889,0.865
132,267,basic,113.677,106.145,137.032,128.033,1.026,1.025
132,268,basic,108.777,103.338,118.682,112.748,1.069,1.084
132,269,basic,106.703,100.601,133.674,125.977,1.065,1.118
132,270,basic,162.423,114.908,169.551,119.092,1.429,1.46
132,272,basic,42.154,39.785,0.0,0.0,1.041,
132,275,basic,94.168,88.833,128.733,120.745,1.196,1.346
132,276,basic,155.593,71.726,125.78,57.642,1.124,1.152
132,277,basic,131.836,86.101,151.035,98.395,1.017,1.028
132,279,basic,114.873,46.587,144.339,57.716,0.993,1.058
132,281,basic,70.791,48.138,80.145,53.77,0.814,0.869
132,282,basic,75.639,58.765,84.854,64.306,0.891,0.996
132,286,basic,175.82,112.885,224.378,130.893,1.776,2.249
132,287,gifted,190.0,174.865,0.0,0.0,,
132,288,basic,186.304,164.125,219.371,195.054,1.394,1.408
132,289,basic,156.384,139.514,0.0,0.0,1.369,
132,291,basic,373.704,269.003,562.827,418.305,2.169,1.979
132,292,basic,565.57,318.387,800.402,435.21,1.475,1.646
132,930,basic,398.851,366.818,499.881,460.579,2.324,2.235
132,935,basic,437.363,312.159,712.579,497.228,1.782,1.85
132,939,basic,221.536,102.723,0.0,0.0,1.7,
132,949,basic,377.95,324.534,635.725,530.032,1.548,1.706
132,955,basic,45.084,42.83,0.0,0.0,2.766,
132,971,basic,0.0,0.0,582.104,240.647,,1.121
132,971,gifted,515.16,474.124,0.0,0.0,,
132,972,basic,258.352,196.775,0.0,0.0,1.786,
132,974,basic,88.07,80.71,207.246,185.792,1.267,1.291
132,977,basic,240.276,188.335,426.282,326.578,1.303,1.422
133,103,basic,277.736,237.911,316.657,271.172,1.648,1.648
133,104,basic,121.125,51.064,133.806,57.759,2.296,2.202
133,105,basic,430.061,205.628,309.411,143.067,2.246,2.399
133,105,gifted,178.755,164.074,0.0,0.0,,
133,106,basic,456.088,281.72,337.988,212.258,1.745,1.655
133,106,gifted,116.395,106.835,0.0,0.0,,
133,107,basic,502.411,247.775,523.236,256.83,2.448,2.47
133,109,basic,152.735,100.746,157.367,103.747,2.097,2.099
133,110,basic,401.882,215.938,415.411,222.937,2.135,2.14
133,113,basic,399.588,237.675,326.641,193.82,2.322,2.329
133,113,gifted,136.34,125.142,0.0,0.0,,
133,115,basic,146.356,86.001,172.955,101.371,1.728,1.739
133,117,basic,268.124,163.99,243.009,151.459,2.314,2.227
133,117,gifted,90.203,82.795,0.0,0.0,,
133,118,basic,265.036,140.528,434.786,231.076,2.089,2.079
133,130,basic,659.181,405.762,701.744,430.603,1.67,1.683
133,201,basic,77.987,52.307,104.552,67.485,1.001,1.166
133,202,basic,171.695,90.095,183.341,92.59,1.616,1.777
133,203,basic,255.718,175.884,278.611,188.9,1.258,1.322
133,204,basic,167.854,116.021,185.141,96.046,1.396,2.818
133,208,basic,206.195,168.701,0.0,0.0,1.209,
133,209,basic,148.904,59.01,167.964,66.415,0.769,0.778
133,210,basic,191.331,87.33,0.0,0.0,1.358,
133,211,basic,75.099,47.712,107.418,65.839,1.089,1.248
133,212,gifted,205.987,189.069,0.0,0.0,,
133,215,basic,116.504,74.59,132.291,84.463,0.845,0.859
133,218,basic,154.182,98.551,173.762,110.483,0.767,0.79
133,220,basic,87.079,69.367,0.0,0.0,1.346,
133,221,basic,162.3,116.173,238.722,148.74,0.948,1.476
133,222,basic,135.319,79.551,160.793,93.879,1.817,1.856
133,225,basic,80.597,42.5,85.955,44.963,1.173,1.207
133,226,basic,247.606,169.203,297.362,199.902,1.196,1.292
133,229,basic,242.768,194.296,0.0,0.0,1.139,
133,230,basic,112.973,75.965,145.602,92.205,1.02,1.303
133,233,basic,276.154,177.304,385.308,243.337,0.834,0.907
133,234,basic,73.418,58.021,0.0,0.0,1.176,
133,235,basic,85.321,56.579,120.506,78.793,1.112,1.185
133,236,basic,49.704,43.279,70.054,61.782,1.073,1.022
133,239,basic,269.628,153.595,277.028,157.504,1.726,1.735
133,241,basic,387.33,138.939,624.808,220.899,1.88,1.95
133,242,basic,154.582,106.976,0.0,0.0,1.196,
133,243,basic,214.832,118.73,305.366,167.727,0.973,1.003
133,244,basic,39.309,36.344,61.751,57.717,1.078,1.061
133,245,basic,321.517,276.932,390.796,335.888,1.196,1.216
133,246,basic,231.979,123.771,333.894,173.222,1.176,1.302
133,247,basic,365.236,131.684,662.633,230.628,1.598,1.747
133,248,basic,147.333,95.319,0.0,0.0,0.892,
133,249,basic,31.134,24.332,36.415,28.652,0.848,0.822
133,250,basic,91.412,67.067,159.454,118.57,0.959,0.898
133,251,basic,120.825,61.974,144.935,71.771,1.355,1.511
133,252,basic,241.713,170.092,268.454,181.081,1.369,1.543
133,255,basic,88.553,59.482,127.971,84.479,0.834,0.916
133,257,basic,121.539,103.018,179.815,149.216,1.063,1.166
133,259,basic,160.729,115.404,0.0,0.0,1.241,
133,261,basic,170.5,152.372,230.15,199.737,1.069,1.204
133,262,basic,193.52,147.39,165.13,122.914,1.074,1.174
133,264,basic,79.302,40.196,0.0,0.0,0.925,
133,266,basic,103.975,84.084,134.478,109.24,0.908,0.886
133,267,basic,123.975,108.926,149.321,131.224,1.027,1.027
133,268,basic,108.52,103.094,118.43,112.508,1.067,1.08
133,269,basic,103.29,95.303,130.056,119.412,1.046,1.103
133,270,basic,165.09,108.135,172.298,111.976,1.493,1.525
133,272,basic,41.28,38.597,0.0,0.0,1.034,
133,275,basic,100.236,92.669,135.068,122.937,1.147,1.281
133,276,basic,155.801,81.647,126.313,65.792,1.122,1.149
133,277,basic,129.231,84.125,147.975,96.036,1.028,1.041
133,279,basic,113.931,53.68,143.528,66.524,1.011,1.083
133,281,basic,70.682,48.092,80.23,53.797,0.805,0.863
133,282,basic,78.338,58.04,88.024,63.526,0.879,0.985
133,286,basic,176.093,112.336,224.62,129.497,1.725,2.2
133,287,gifted,190.0,174.395,0.0,0.0,,
133,288,basic,185.485,155.528,217.967,182.858,1.344,1.37
133,289,basic,154.074,126.84,0.0,0.0,1.35,
133,291,basic,374.363,251.288,563.301,391.504,2.215,2.006
133,292,basic,563.406,330.067,798.303,451.357,1.471,1.638
133,930,basic,399.251,332.404,500.29,421.925,2.254,2.16
133,935,basic,437.477,293.645,712.776,467.784,1.807,1.865
133,939,basic,221.829,112.352,0.0,0.0,1.705,
133,949,basic,380.081,300.498,639.742,487.121,1.524,1.686
133,955,basic,45.553,43.275,0.0,0.0,2.78,
133,971,basic,0.0,0.0,588.306,279.047,,1.118
133,971,gifted,515.533,473.191,0.0,0.0,,
133,972,basic,260.922,185.962,0.0,0.0,1.794,
133,974,basic,88.514,77.586,209.004,181.36,1.191,1.196
133,977,basic,250.05,179.529,440.636,309.315,1.349,1.463
134,103,basic,270.12,235.303,308.007,268.235,1.641,1.642
134,104,basic,137.498,55.486,152.357,63.255,2.527,2.39
134,105,basic,435.112,209.156,314.693,147.081,2.282,2.445
134,105,gifted,177.432,163.157,0.0,0.0,,
134,106,basic,464.733,282.773,348.333,214.446,1.795,1.714
134,106,gifted,116.834,107.434,0.0,0.0,,
134,107,basic,516.85,259.171,538.393,268.877,2.491,2.515
134,109,basic,156.511,103.947,161.449,107.138,2.15,2.154
134,110,basic,391.289,208.444,404.17,215.139,2.136,2.141
134,113,basic,388.154,234.051,313.911,188.517,2.371,2.385
134,113,gifted,134.481,123.661,0.0,0.0,,
134,115,basic,153.621,89.811,181.219,105.745,1.734,1.745
134,117,basic,262.822,162.824,237.252,149.532,2.329,2.231
134,117,gifted,89.683,82.467,0.0,0.0,,
134,118,basic,264.48,139.635,435.449,230.35,2.15,2.139
134,130,basic,667.792,402.583,710.707,427.439,1.681,1.693
134,201,basic,79.678,53.055,107.29,69.226,1.04,1.215
134,202,basic,173.397,90.266,186.906,92.881,1.771,2.027
134,203,basic,258.974,176.444,282.861,189.966,1.373,1.456
134,204,basic,174.223,121.651,188.499,104.023,1.483,2.947
134,208,basic,201.541,163.777,0.0,0.0,1.255,
134,209,basic,151.971,56.479,171.291,63.568,0.773,0.781
134,210,basic,192.798,85.489,0.0,0.0,1.385,
134,211,basic,77.196,48.619,116.157,70.772,1.127,1.315
134,212,gifted,206.11,189.528,0.0,0.0,,
134,215,basic,123.692,73.991,141.183,84.226,1.003,1.027
134,218,basic,148.028,92.272,166.422,103.335,0.763,0.785
134,220,basic,89.422,72.617,0.0,0.0,1.391,
134,221,basic,163.362,113.633,240.36,147.487,0.978,1.586
134,222,basic,151.628,81.446,179.526,96.27,2.537,2.577
134,225,basic,73.141,37.765,78.046,40.043,1.228,1.264
134,226,basic,266.487,172.401,315.839,204.409,1.419,1.451
134,229,basic,250.785,202.825,0.0,0.0,1.144,
134,230,basic,113.668,75.74,145.461,92.555,1.079,1.356
134,233,basic,282.92,177.334,393.025,243.449,0.836,0.903
134,234,basic,79.331,63.074,0.0,0.0,1.245,
134,235,basic,83.317,52.042,120.164,74.072,1.372,1.456
134,236,basic,49.842,44.159,70.01,62.59,1.043,0.998
134,239,basic,275.05,161.827,282.262,166.064,1.711,1.711
134,241,basic,386.623,137.84,623.182,219.411,1.922,1.996
134,242,basic,158.956,109.924,0.0,0.0,1.232,
134,243,basic,221.213,119.089,313.314,167.883,0.985,1.014
134,244,basic,36.583,33.853,57.93,54.319,1.174,1.114
134,245,basic,318.877,274.469,388.665,334.955,1.26,1.263
134,246,basic,226.135,119.592,327.661,169.019,1.178,1.32
134,247,basic,370.585,131.278,672.993,231.296,1.611,1.775
134,248,basic,149.519,95.577,0.0,0.0,0.894,
134,249,basic,28.811,21.975,33.056,25.439,0.92,0.876
134,250,basic,83.116,60.884,149.965,111.141,0.974,0.906
134,251,basic,132.714,66.341,157.964,76.683,1.392,1.557
134,252,basic,239.414,167.841,265.916,179.721,1.437,1.632
134,255,basic,88.246,58.373,126.343,82.67,0.854,0.92
134,257,basic,120.457,102.007,180.751,150.345,1.092,1.2
134,259,basic,162.529,118.054,0.0,0.0,1.288,
134,261,basic,168.245,152.808,226.285,201.057,1.06,1.19
134,262,basic,186.789,142.35,160.487,119.886,1.079,1.191
134,264,basic,79.176,38.255,0.0,0.0,0.9,
134,266,basic,109.284,87.083,140.574,112.518,0.914,0.887
134,267,basic,116.784,102.89,143.419,126.324,1.036,1.038
134,268,basic,106.591,101.261,116.331,110.515,1.082,1.096
134,269,basic,103.701,96.742,130.129,121.099,1.114,1.165
134,270,basic,161.566,107.857,168.334,111.555,1.555,1.591
134,272,basic,40.668,38.182,0.0,0.0,1.058,
134,275,basic,90.622,84.742,123.792,114.534,1.171,1.313
134,276,basic,151.626,76.862,123.726,62.284,1.126,1.166
134,277,basic,126.403,82.207,145.275,94.226,1.009,1.023
134,279,basic,104.219,47.532,131.341,59.222,0.998,1.062
134,281,basic,69.708,46.72,79.258,52.435,0.821,0.888
134,282,basic,75.875,56.233,85.038,61.736,0.883,0.991
134,286,basic,178.84,111.688,227.678,131.3,1.954,2.451
134,287,gifted,190.0,174.714,0.0,0.0,,
134,288,basic,182.419,153.798,213.43,182.084,1.439,1.42
134,289,basic,159.057,132.789,0.0,0.0,1.389,
134,291,basic,375.615,256.418,563.823,399.189,2.324,2.074
134,292,basic,565.831,328.227,799.107,451.678,1.517,1.674
134,930,basic,399.614,345.141,500.618,434.153,2.415,2.34
134,935,basic,437.977,298.901,713.131,478.832,1.888,1.93
134,939,basic,221.882,112.003,0.0,0.0,1.726,
134,949,basic,378.367,307.288,637.439,502.439,1.551,1.713
134,955,basic,46.453,44.131,0.0,0.0,2.768,
134,971,basic,0.0,0.0,588.494,271.422,,1.128
134,971,gifted,516.057,474.538,0.0,0.0,,
134,972,basic,260.038,184.135,0.0,0.0,1.969,
134,974,basic,88.359,78.956,210.94,185.641,1.23,1.267
134,977,basic,237.908,176.114,422.548,307.164,1.32,1.435
135,103,basic,261.408,237.866,298.302,271.175,1.674,1.678
135,104,basic,128.355,50.923,145.302,58.39,2.208,2.154
135,105,basic,441.8,207.413,322.693,147.408,2.274,2.432
135,105,gifted,177.923,163.922,0.0,0.0,,
135,106,basic,458.949,277.732,343.463,210.558,1.767,1.68
135,106,gifted,117.01,107.803,0.0,0.0,,
135,107,basic,517.678,253.995,539.843,263.741,2.538,2.563
135,109,basic,138.89,95.837,142.85,98.635,2.022,2.018
135,110,basic,399.95,196.155,414.156,202.824,2.141,2.149
135,113,basic,378.717,237.948,304.295,191.28,2.305,2.297
135,113,gifted,132.121,121.725,0.0,0.0,,
135,115,basic,145.702,85.109,171.761,100.17,1.738,1.747
135,117,basic,257.553,156.702,232.576,143.848,2.331,2.236
135,117,gifted,89.148,82.133,0.0,0.0,,
135,118,basic,263.965,136.405,436.439,225.847,2.143,2.135
135,130,basic,664.497,371.371,707.424,394.22,1.718,1.734
135,201,basic,75.193,51.231,101.044,66.591,0.993,1.174
135,202,basic,176.243,90.59,188.531,93.212,1.693,1.903
135,203,basic,262.752,187.22,286.2,201.433,1.305,1.375
135,204,basic,180.251,131.392,189.338,109.527,1.483,2.92
135,208,basic,204.614,171.048,0.0,0.0,1.268,
135,209,basic,144.671,43.491,163.579,49.096,0.782,0.791
135,210,basic,193.368,73.199,0.0,0.0,1.447,
135,211,basic,74.742,47.421,111.264,68.364,1.125,1.307
135,212,gifted,205.643,189.461,0.0,0.0,,
135,215,basic,119.24,65.696,135.356,74.547,0.904,0.913
135,218,basic,163.625,98.502,184.003,110.35,0.775,0.796
135,220,basic,89.862,74.784,0.0,0.0,1.48,
135,221,basic,162.2,103.959,239.177,135.388,1.004,1.612
135,222,basic,139.021,84.35,164.645,99.718,2.054,2.084
135,225,basic,81.709,39.54,87.287,41.977,1.229,1.264
135,226,basic,254.942,154.292,304.556,182.915,1.298,1.367
135,229,basic,253.075,216.154,0.0,0.0,1.157,
135,230,basic,113.827,78.496,146.239,96.181,1.059,1.343
135,233,basic,278.311,167.682,385.681,229.826,0.819,0.882
135,234,basic,75.323,64.326,0.0,0.0,1.201,
135,235,basic,86.189,52.641,122.202,73.929,1.219,1.284
135,236,basic,46.594,41.312,64.828,58.084,1.099,1.043
135,239,basic,280.308,165.253,287.676,169.432,1.748,1.754
135,241,basic,384.246,117.376,619.904,187.326,1.93,1.995
135,242,basic,158.328,110.637,0.0,0.0,1.225,
135,243,basic,213.595,107.692,303.873,152.464,0.991,1.021
135,244,basic,37.518,35.21,59.473,56.152,1.135,1.094
135,245,basic,320.985,281.9,390.61,342.657,1.218,1.236
135,246,basic,231.009,116.171,330.241,162.051,1.146,1.284
135,247,basic,372.634,111.307,676.079,196.132,1.609,1.768
135,248,basic,142.999,91.127,0.0,0.0,0.884,
135,249,basic,31.193,23.956,35.958,27.795,0.881,0.849
135,250,basic,89.635,69.234,158.877,124.054,0.96,0.898
135,251,basic,132.93,58.045,158.886,67.454,1.394,1.554
135,252,basic,232.412,164.148,258.991,176.425,1.432,1.625
135,255,basic,90.529,60.499,129.712,85.693,0.85,0.919
135,257,basic,122.733,108.098,184.072,159.486,1.093,1.202
135,259,basic,158.231,122.989,0.0,0.0,1.299,
135,261,basic,176.576,162.665,241.408,217.247,1.144,1.314
135,262,basic,184.281,144.222,158.09,121.366,1.069,1.177
135,264,basic,79.344,31.446,0.0,0.0,0.905,
135,266,basic,108.199,85.798,139.267,110.89,0.915,0.89
135,267,basic,118.123,106.659,143.14,129.256,1.018,1.018
135,268,basic,106.414,101.093,115.943,110.146,1.059,1.072
135,269,basic,106.58,100.65,133.043,125.607,1.062,1.11
135,270,basic,166.024,118.861,173.08,123.163,1.54,1.571
135,272,basic,42.328,40.034,0.0,0.0,1.102,
135,275,basic,93.404,88.179,127.898,120.03,1.2,1.365
135,276,basic,149.8,66.397,122.602,53.96,1.123,1.163
135,277,basic,128.649,85.103,147.254,97.208,1.002,1.013
135,279,basic,101.523,40.772,128.493,50.96,1.0,1.07
135,281,basic,65.585,44.723,74.335,50.075,0.811,0.874
135,282,basic,79.517,62.732,89.2,68.996,0.877,0.98
135,286,basic,176.527,105.43,224.713,124.54,1.959,2.428
135,287,gifted,190.0,175.049,0.0,0.0,,
135,288,basic,176.626,157.047,207.003,186.199,1.42,1.407
135,289,basic,160.733,148.285,0.0,0.0,1.394,
135,291,basic,373.656,267.145,563.073,413.933,2.26,2.044
135,292,basic,563.388,321.378,797.982,443.121,1.511,1.671
135,930,basic,399.482,372.373,500.447,466.499,2.424,2.323
135,935,basic,437.64,321.916,712.974,512.13,1.844,1.902
135,939,basic,218.374,100.564,0.0,0.0,1.73,
135,949,basic,380.516,337.682,636.826,552.936,1.559,1.716
135,955,basic,45.049,42.797,0.0,0.0,2.791,
135,971,basic,0.0,0.0,588.934,243.382,,1.127
135,971,gifted,516.011,475.406,0.0,0.0,,
135,972,basic,260.105,201.539,0.0,0.0,1.862,
135,974,basic,85.118,78.943,202.031,183.949,1.257,1.295
135,977,basic,232.692,185.642,416.971,326.097,1.305,1.43
136,103,basic,276.121,256.166,314.914,292.033,1.677,1.679
136,104,basic,140.25,62.842,158.08,72.126,2.483,2.383
136,105,basic,453.66,237.172,320.373,163.237,2.33,2.515
136,105,gifted,181.859,166.683,0.0,0.0,,
136,106,basic,458.406,303.871,343.581,229.784,1.797,1.721
136,106,gifted,117.233,107.45,0.0,0.0,,
136,107,basic,501.925,276.397,523.438,287.236,2.534,2.56
136,109,basic,147.836,109.354,152.664,112.957,2.134,2.132
136,110,basic,397.175,233.345,410.583,241.085,2.146,2.15
136,113,basic,397.115,266.787,322.655,215.888,2.35,2.369
136,113,gifted,135.148,123.87,0.0,0.0,,
136,115,basic,140.866,88.891,166.598,104.914,1.727,1.742
136,117,basic,269.919,186.565,243.908,171.032,2.339,2.236
136,117,gifted,90.07,82.554,0.0,0.0,,
136,118,basic,249.337,143.942,405.601,235.157,2.157,2.127
136,130,basic,653.415,426.923,695.951,453.7,1.726,1.741
136,201,basic,75.255,46.409,101.944,61.244,1.138,1.322
136,202,basic,164.983,83.666,176.798,87.009,1.671,1.874
136,203,basic,255.819,167.826,279.025,181.222,1.297,1.369
136,204,basic,172.002,115.591,186.983,103.223,1.457,2.964
136,208,basic,203.822,164.622,0.0,0.0,1.311,
136,209,basic,139.308,46.934,155.402,52.295,0.77,0.778
136,210,basic,191.185,79.733,0.0,0.0,1.394,
136,211,basic,79.831,46.944,121.767,69.627,1.148,1.348
136,212,gifted,205.898,188.716,0.0,0.0,,
136,215,basic,120.016,68.952,136.355,78.263,0.909,0.922
136,218,basic,151.837,87.559,170.263,97.896,0.754,0.775
136,220,basic,92.373,71.743,0.0,0.0,1.499,
136,221,basic,159.868,104.677,235.677,138.336,1.055,1.738
136,222,basic,140.134,79.854,165.975,94.615,2.115,2.142
136,225,basic,80.251,38.773,85.624,41.158,1.234,1.27
136,226,basic,252.107,159.166,301.296,190.0,1.368,1.406
136,229,basic,249.585,191.551,0.0,0.0,1.16,
136,230,basic,106.259,66.708,137.045,82.575,1.04,1.345
136,233,basic,278.424,161.825,386.708,222.665,0.848,0.915
136,234,basic,77.152,57.798,0.0,0.0,1.335,
136,235,basic,78.721,48.548,112.61,68.808,1.186,1.26
136,236,basic,49.86,43.579,70.006,61.66,1.07,1.018
136,239,basic,271.277,151.976,278.618,155.913,1.755,1.763
136,241,basic,385.112,129.88,621.349,207.521,1.95,2.022
136,242,basic,158.028,103.489,0.0,0.0,1.24,
136,243,basic,218.974,109.249,311.618,154.826,0.984,1.016
136,244,basic,37.981,35.367,60.071,56.496,1.166,1.101
136,245,basic,317.814,265.888,387.447,323.922,1.252,1.262
136,246,basic,236.03,115.963,338.679,163.159,1.223,1.365
136,247,basic,368.299,122.074,668.135,216.13,1.625,1.792
136,248,basic,143.025,84.88,0.0,0.0,0.889,
136,249,basic,30.936,22.314,35.756,25.964,0.906,0.863
136,250,basic,80.246,55.13,147.21,102.025,0.957,0.893
136,251,basic,136.1,64.126,161.743,74.551,1.456,1.613
136,252,basic,244.371,163.327,271.498,175.923,1.511,1.722
136,255,basic,89.622,54.858,128.441,77.938,0.876,0.942
136,257,basic,121.053,98.016,179.147,142.978,1.08,1.188
136,259,basic,170.877,116.324,0.0,0.0,1.375,
136,261,basic,172.222,154.214,231.218,202.773,1.061,1.193
136,262,basic,185.044,133.365,159.48,113.135,1.087,1.199
136,264,basic,81.36,36.289,0.0,0.0,0.959,
136,266,basic,105.796,79.881,136.672,103.496,0.912,0.89
136,267,basic,124.61,104.958,150.322,126.636,1.031,1.03
136,268,basic,111.995,106.395,122.452,116.329,1.062,1.074
136,269,basic,107.378,100.289,134.205,125.029,1.079,1.126
136,270,basic,161.843,104.012,168.864,107.888,1.536,1.574
136,272,basic,41.745,39.319,0.0,0.0,1.051,
136,275,basic,93.259,87.131,127.705,118.04,1.181,1.329
136,276,basic,151.961,72.086,123.029,58.091,1.133,1.166
136,277,basic,126.096,76.243,144.666,87.304,1.031,1.044
136,279,basic,111.724,46.905,140.913,58.589,1.012,1.081
136,281,basic,67.573,41.921,77.016,47.239,0.826,0.901
136,282,basic,77.162,53.291,86.847,58.872,0.885,1.011
136,286,basic,185.061,110.071,233.745,131.081,2.25,2.734
136,287,gifted,190.0,174.145,0.0,0.0,,
136,288,basic,182.209,151.155,213.688,179.055,1.455,1.425
136,289,basic,162.378,141.193,0.0,0.0,1.416,
136,291,basic,372.783,262.903,558.491,400.275,2.435,2.18
136,292,basic,563.678,326.746,793.673,451.015,1.531,1.679
136,930,basic,399.324,356.671,500.379,449.292,2.362,2.264
136,935,basic,437.45,304.285,712.718,480.955,1.975,1.998
136,939,basic,217.872,109.188,0.0,0.0,1.793,
136,949,basic,379.612,314.141,638.271,513.798,1.599,1.759
136,955,basic,46.453,44.13,0.0,0.0,2.752,
136,971,basic,0.0,0.0,580.877,248.45,,1.124
136,971,gifted,515.06,472.08,0.0,0.0,,
136,972,basic,259.975,193.527,0.0,0.0,1.883,
136,974,basic,86.917,75.386,203.736,174.608,1.298,1.349
136,977,basic,235.339,165.234,419.632,290.317,1.332,1.447
137,103,basic,273.32,234.541,311.877,267.38,1.597,1.601
137,104,basic,127.113,58.08,141.174,65.297,2.188,2.13
137,105,basic,445.285,228.296,316.937,158.422,2.276,2.435
137,105,gifted,182.232,166.841,0.0,0.0,,
137,106,basic,471.333,291.483,350.416,218.691,1.808,1.735
137,106,gifted,118.468,108.463,0.0,0.0,,
137,107,basic,504.77,264.241,526.393,274.508,2.507,2.532
137,109,basic,137.984,92.546,142.196,95.404,2.039,2.037
137,110,basic,396.811,213.031,410.592,220.181,2.1,2.107
137,113,basic,383.729,241.21,307.675,193.344,2.295,2.291
137,113,gifted,134.404,123.052,0.0,0.0,,
137,115,basic,151.115,91.948,178.649,108.466,1.72,1.734
137,117,basic,256.998,157.94,233.404,145.286,2.3,2.219
137,117,gifted,89.225,81.689,0.0,0.0,,
137,118,basic,266.996,148.328,435.474,242.576,2.07,2.053
137,130,basic,676.849,397.481,720.779,421.82,1.728,1.748
137,201,basic,81.96,55.122,109.066,71.196,1.023,1.204
137,202,basic,170.407,92.49,182.178,95.77,1.658,1.847
137,203,basic,260.597,179.117,284.305,193.157,1.326,1.399
137,204,basic,172.828,120.992,182.624,104.78,1.423,2.759
137,208,basic,206.918,162.38,0.0,0.0,1.269,
137,209,basic,155.262,59.732,177.136,68.032,0.794,0.804
137,210,basic,193.418,86.421,0.0,0.0,1.399,
137,211,basic,71.058,45.597,100.915,63.069,1.106,1.269
137,212,gifted,206.019,188.619,0.0,0.0,,
137,215,basic,114.057,66.333,129.755,75.272,0.889,0.909
137,218,basic,160.155,100.338,179.527,112.091,0.764,0.785
137,220,basic,90.579,71.679,0.0,0.0,1.36,
137,221,basic,161.152,103.544,238.09,136.08,1.037,1.675
137,222,basic,146.872,87.698,173.759,103.049,2.024,2.085
137,225,basic,81.329,42.967,86.847,45.611,1.218,1.254
137,226,basic,247.916,153.513,297.843,182.608,1.26,1.345
137,229,basic,243.006,191.685,0.0,0.0,1.139,
137,230,basic,105.233,71.73,137.312,89.53,1.04,1.332
137,233,basic,277.297,172.313,385.244,236.835,0.848,0.915
137,234,basic,78.777,62.189,0.0,0.0,1.146,
137,235,basic,84.751,52.262,120.906,73.922,1.24,1.304
137,236,basic,51.308,43.058,72.276,61.169,1.068,1.018
137,239,basic,288.888,171.639,296.45,175.936,1.739,1.746
137,241,basic,385.985,144.711,622.844,231.146,1.91,1.978
137,242,basic,158.81,107.604,0.0,0.0,1.239,
137,243,basic,216.549,119.067,306.612,167.997,0.988,1.012
137,244,basic,38.432,35.83,60.48,56.825,1.092,1.069
137,245,basic,319.262,255.446,389.531,311.251,1.246,1.259
137,246,basic,224.441,121.164,323.042,170.683,1.182,1.317
137,247,basic,364.356,135.478,661.141,239.28,1.622,1.784
137,248,basic,146.828,94.568,0.0,0.0,0.899,
137,249,basic,25.038,18.279,29.24,21.468,0.9,0.869
137,250,basic,88.693,65.085,156.215,116.04,1.002,0.924
137,251,basic,131.983,64.556,157.473,75.049,1.409,1.572
137,252,basic,236.295,161.78,262.963,174.034,1.449,1.65
137,255,basic,85.398,57.277,124.587,82.384,0.836,0.93
137,257,basic,121.049,98.398,181.061,144.821,1.091,1.197
137,259,basic,161.215,117.185,0.0,0.0,1.345,
137,261,basic,175.496,155.738,236.656,204.508,1.061,1.208
137,262,basic,186.456,138.068,159.685,116.308,1.081,1.183
137,264,basic,78.813,36.426,0.0,0.0,0.945,
137,266,basic,100.85,76.384,130.043,98.853,0.897,0.872
137,267,basic,114.61,93.515,138.833,113.278,1.025,1.025
137,268,basic,106.339,101.022,116.274,110.461,1.065,1.079
137,269,basic,103.613,95.339,130.244,119.232,1.068,1.126
137,270,basic,157.037,108.111,164.084,112.199,1.504,1.543
137,272,basic,40.238,37.845,0.0,0.0,1.059,
137,275,basic,96.243,89.149,130.781,119.42,1.148,1.294
137,276,basic,145.039,72.499,118.943,59.144,1.125,1.157
137,277,basic,125.814,83.108,144.14,94.994,1.027,1.041
137,279,basic,103.866,48.556,130.55,60.346,1.013,1.083
137,281,basic,69.296,47.14,78.241,52.683,0.806,0.865
137,282,basic,69.968,52.396,78.899,57.914,0.898,1.016
137,286,basic,179.399,105.031,228.512,123.873,2.009,2.534
137,287,gifted,190.0,173.953,0.0,0.0,,
137,288,basic,192.736,161.264,226.298,190.176,1.409,1.415
137,289,basic,156.536,135.885,0.0,0.0,1.341,
137,291,basic,373.682,251.746,562.155,387.416,2.31,2.099
137,292,basic,564.642,333.967,799.915,461.023,1.527,1.697
137,930,basic,398.875,354.233,499.928,446.468,2.32,2.229
137,935,basic,438.792,308.077,714.139,490.492,1.856,1.913
137,939,basic,218.852,110.038,0.0,0.0,1.748,
137,949,basic,378.748,314.619,636.725,513.516,1.535,1.707
137,955,basic,44.386,42.167,0.0,0.0,2.758,
137,971,basic,0.0,0.0,595.117,282.624,,1.139
137,971,gifted,516.508,472.884,0.0,0.0,,
137,972,basic,258.407,188.939,0.0,0.0,1.853,
137,974,basic,89.15,80.06,209.336,185.745,1.209,1.233
137,977,basic,242.291,178.823,428.923,311.319,1.356,1.472
138,103,basic,268.084,244.049,305.724,278.242,1.646,1.646
138,104,basic,134.964,45.106,149.562,51.738,2.659,2.505
138,105,basic,459.801,204.409,326.116,140.594,2.26,2.411
138,105,gifted,183.301,167.968,0.0,0.0,,
138,106,basic,460.939,267.513,344.786,202.586,1.795,1.718
138,106,gifted,117.061,107.269,0.0,0.0,,
138,107,basic,504.997,236.945,526.929,246.068,2.505,2.529
138,109,basic,156.723,102.866,161.877,106.252,2.143,2.143
138,110,basic,394.688,181.357,407.763,187.224,2.072,2.076
138,113,basic,392.376,236.054,317.758,189.83,2.356,2.383
138,113,gifted,133.913,122.712,0.0,0.0,,
138,115,basic,146.699,83.526,173.341,98.443,1.728,1.74
138,117,basic,265.405,155.076,239.446,142.509,2.294,2.203
138,117,gifted,89.952,82.428,0.0,0.0,,
138,118,basic,259.415,128.988,421.872,210.855,2.094,2.069
138,130,basic,663.683,352.381,707.208,374.123,1.703,1.72
138,201,basic,82.886,58.271,110.363,74.922,0.98,1.144
138,202,basic,172.528,89.209,185.231,91.398,1.636,1.851
138,203,basic,260.236,191.026,283.754,205.25,1.307,1.379
138,204,basic,173.717,132.333,187.508,109.327,1.428,2.865
138,208,basic,202.314,172.178,0.0,0.0,1.241,
138,209,basic,153.683,43.636,174.284,49.389,0.773,0.782
138,210,basic,194.526,70.69,0.0,0.0,1.382,
138,211,basic,80.256,52.162,122.192,76.337,1.132,1.325
138,212,gifted,205.47,188.283,0.0,0.0,,
138,215,basic,119.957,65.183,137.019,74.088,0.94,0.968
138,218,basic,164.713,101.181,185.403,113.372,0.763,0.784
138,220,basic,81.29,69.492,0.0,0.0,1.337,
138,221,basic,168.742,108.878,246.166,139.718,0.948,1.477
138,222,basic,145.297,85.838,172.769,101.451,2.225,2.272
138,225,basic,75.818,36.987,80.633,39.079,1.144,1.175
138,226,basic,257.613,152.737,306.829,181.042,1.295,1.35
138,229,basic,249.262,222.878,0.0,0.0,1.139,
138,230,basic,111.068,79.777,143.081,97.227,1.032,1.317
138,233,basic,281.857,171.503,391.049,234.868,0.842,0.905
138,234,basic,77.412,67.126,0.0,0.0,1.255,
138,235,basic,85.302,51.921,121.179,72.76,1.233,1.31
138,236,basic,54.002,48.049,78.498,70.568,1.077,1.026
138,239,basic,275.655,166.243,282.848,170.452,1.686,1.689
138,241,basic,383.966,109.882,619.835,175.125,1.913,1.979
138,242,basic,154.217,111.336,0.0,0.0,1.215,
138,243,basic,220.931,110.801,312.639,155.982,0.996,1.023
138,244,basic,36.191,33.897,57.522,54.262,1.18,1.112
138,245,basic,318.459,283.191,387.631,345.16,1.237,1.249
138,246,basic,234.319,116.988,335.169,162.972,1.167,1.296
138,247,basic,366.98,102.827,666.352,180.589,1.588,1.743
138,248,basic,146.557,96.361,0.0,0.0,0.884,
138,249,basic,28.219,22.447,32.402,25.971,0.898,0.866
138,250,basic,88.3,71.637,157.997,129.804,0.958,0.896
138,251,basic,134.242,56.253,159.433,64.673,1.367,1.524
138,252,basic,237.331,167.842,264.005,179.037,1.469,1.66
138,255,basic,86.953,60.256,125.122,85.581,0.843,0.911
138,257,basic,119.755,108.287,180.346,160.565,1.088,1.199
138,259,basic,157.21,127.566,0.0,0.0,1.306,
138,261,basic,176.054,163.884,237.423,216.99,1.099,1.244
138,262,basic,183.69,149.096,158.317,125.776,1.076,1.178
138,264,basic,74.246,27.972,0.0,0.0,0.899,
138,266,basic,104.135,85.392,133.701,110.242,0.883,0.855
138,267,basic,116.919,108.891,141.732,132.039,1.029,1.029
138,268,basic,110.758,105.22,121.227,115.166,1.047,1.06
138,269,basic,106.689,100.835,133.439,126.109,1.074,1.125
138,270,basic,162.061,121.128,169.046,125.234,1.497,1.535
138,272,basic,41.279,39.03,0.0,0.0,1.115,
138,275,basic,98.476,93.14,134.872,126.879,1.21,1.364
138,276,basic,153.344,65.325,124.234,52.59,1.145,1.175
138,277,basic,129.272,88.132,148.318,100.828,1.002,1.015
138,279,basic,96.022,37.509,121.38,46.785,0.986,1.05
138,281,basic,67.302,47.696,76.296,53.328,0.814,0.874
138,282,basic,76.913,63.807,87.073,70.371,0.897,1.014
138,286,basic,179.533,107.926,227.557,125.864,1.83,2.269
138,287,gifted,190.0,174.107,0.0,0.0,,
138,288,basic,182.726,162.13,213.743,192.52,1.431,1.425
138,289,basic,159.634,148.024,0.0,0.0,1.395,
138,291,basic,378.279,267.268,568.396,418.569,2.265,2.015
138,292,basic,563.702,318.695,797.472,437.651,1.492,1.646
138,930,basic,399.534,371.679,500.572,464.882,2.462,2.374
138,935,basic,438.311,321.02,713.561,513.974,1.87,1.913
138,939,basic,218.406,96.939,0.0,0.0,1.695,
138,949,basic,374.27,334.718,630.74,553.765,1.59,1.749
138,955,basic,46.276,43.962,0.0,0.0,2.75,
138,971,basic,0.0,0.0,589.167,237.142,,1.122
138,971,gifted,515.887,472.734,0.0,0.0,,
138,972,basic,265.166,204.63,0.0,0.0,1.895,
138,974,basic,86.056,79.807,203.852,184.972,1.302,1.352
138,977,basic,237.157,199.507,421.179,346.481,1.289,1.412
139,103,basic,260.999,232.771,297.505,265.294,1.652,1.652
139,104,basic,145.83,58.228,156.061,64.801,2.676,2.468
139,105,basic,442.602,216.657,320.636,153.034,2.287,2.441
139,105,gifted,178.046,163.997,0.0,0.0,,
139,106,basic,476.793,292.717,356.913,220.828,1.875,1.81
139,106,gifted,117.39,108.127,0.0,0.0,,
139,107,basic,502.119,256.097,523.681,266.037,2.522,2.547
139,109,basic,146.764,100.531,151.26,103.572,2.153,2.155
139,110,basic,398.608,219.289,412.784,226.847,2.107,2.113
139,113,basic,377.501,233.737,306.456,188.402,2.383,2.414
139,113,gifted,130.803,120.482,0.0,0.0,,
139,115,basic,145.611,86.719,172.208,102.342,1.725,1.738
139,117,basic,256.878,164.191,229.677,149.419,2.343,2.236
139,117,gifted,89.942,82.845,0.0,0.0,,
139,118,basic,269.015,144.687,441.119,237.931,2.163,2.146
139,130,basic,658.825,404.231,701.62,429.232,1.715,1.731
139,201,basic,77.353,50.724,103.334,65.752,0.999,1.174
139,202,basic,168.85,87.493,181.402,90.386,1.68,1.903
139,203,basic,254.207,171.451,277.834,184.979,1.337,1.415
139,204,basic,186.072,129.493,189.721,105.287,1.416,2.885
139,208,basic,207.255,168.904,0.0,0.0,1.273,
139,209,basic,150.592,53.17,170.558,60.127,0.781,0.79
139,210,basic,192.559,82.982,0.0,0.0,1.382,
139,211,basic,75.602,46.598,109.688,65.678,1.106,1.278
139,212,gifted,205.84,189.598,0.0,0.0,,
139,215,basic,115.303,68.128,131.105,77.473,0.941,0.95
139,218,basic,162.236,97.956,182.968,110.035,0.775,0.798
139,220,basic,89.074,71.946,0.0,0.0,1.403,
139,221,basic,164.874,112.557,242.843,146.769,1.006,1.636
139,222,basic,146.519,84.46,173.093,99.333,2.084,2.137
139,225,basic,78.887,39.369,84.394,41.85,1.253,1.291
139,226,basic,257.754,165.632,307.035,197.486,1.399,1.428
139,229,basic,255.129,203.852,0.0,0.0,1.14,
139,230,basic,117.027,76.388,146.863,91.69,1.06,1.342
139,233,basic,283.002,172.514,392.967,236.893,0.835,0.902
139,234,basic,75.978,60.029,0.0,0.0,1.204,
139,235,basic,93.566,58.421,132.854,82.05,1.291,1.366
139,236,basic,50.601,44.855,69.869,62.472,1.053,1.008
139,239,basic,272.319,157.373,279.363,161.348,1.707,1.711
139,241,basic,384.385,131.804,619.839,210.518,1.96,2.02
139,242,basic,162.729,110.28,0.0,0.0,1.239,
139,243,basic,219.072,114.356,310.386,161.292,0.978,1.007
139,244,basic,37.589,34.826,60.456,56.765,1.218,1.144
139,245,basic,322.805,276.176,391.794,335.619,1.284,1.284
139,246,basic,229.946,117.966,331.78,166.144,1.181,1.326
139,247,basic,372.08,126.833,675.245,223.762,1.615,1.777
139,248,basic,143.88,89.3,0.0,0.0,0.894,
139,249,basic,31.574,23.633,35.798,27.051,0.921,0.87
139,250,basic,88.058,63.093,155.972,113.037,0.976,0.906
139,251,basic,132.895,64.638,158.392,74.977,1.423,1.586
139,252,basic,249.008,171.398,276.229,183.384,1.497,1.702
139,255,basic,89.317,57.23,128.145,81.396,0.876,0.934
139,257,basic,126.52,106.484,187.048,154.68,1.079,1.191
139,259,basic,166.16,117.871,0.0,0.0,1.329,
139,261,basic,170.062,154.239,229.763,203.913,1.066,1.198
139,262,basic,186.851,140.233,159.995,118.033,1.075,1.177
139,264,basic,75.381,35.204,0.0,0.0,0.91,
139,266,basic,101.899,80.341,130.89,103.632,0.899,0.872
139,267,basic,115.603,100.97,140.743,122.91,1.025,1.027
139,268,basic,110.931,105.385,121.434,115.362,1.063,1.076
139,269,basic,108.313,101.176,135.222,126.063,1.094,1.142
139,270,basic,155.865,103.757,162.714,107.537,1.492,1.53
139,272,basic,42.299,39.74,0.0,0.0,1.072,
139,275,basic,92.142,86.227,126.633,117.205,1.175,1.33
139,276,basic,146.843,72.147,119.729,58.539,1.144,1.173
139,277,basic,130.376,82.497,149.496,94.376,1.021,1.034
139,279,basic,101.703,44.657,128.201,55.674,0.999,1.065
139,281,basic,67.231,43.789,76.291,49.103,0.823,0.888
139,282,basic,77.609,56.052,87.627,61.925,0.899,1.021
139,286,basic,178.011,108.547,226.162,128.867,2.077,2.542
139,287,gifted,190.0,175.008,0.0,0.0,,
139,288,basic,195.971,164.664,227.381,194.423,1.463,1.41
139,289,basic,156.987,132.911,0.0,0.0,1.395,
139,291,basic,384.082,259.451,571.815,402.147,2.505,2.195
139,292,basic,563.161,324.015,797.986,448.023,1.538,1.695
139,930,basic,398.861,351.421,499.863,442.382,2.37,2.287
139,935,basic,437.637,300.476,712.836,479.083,1.921,1.959
139,939,basic,222.167,110.52,0.0,0.0,1.762,
139,949,basic,380.215,309.555,638.668,505.583,1.591,1.748
139,955,basic,45.713,43.427,0.0,0.0,2.79,
139,971,basic,0.0,0.0,583.616,259.472,,1.134
139,971,gifted,516.172,475.443,0.0,0.0,,
139,972,basic,258.483,187.891,0.0,0.0,1.909,
139,974,basic,87.014,78.167,208.363,184.538,1.184,1.225
139,977,basic,235.161,170.999,417.757,298.512,1.328,1.444
140,103,basic,263.214,247.571,300.155,282.203,1.656,1.658
140,104,basic,135.989,52.389,153.334,60.338,2.584,2.46
140,105,basic,436.914,212.848,316.889,150.882,2.27,2.438
140,105,gifted,179.041,164.802,0.0,0.0,,
140,106,basic,462.493,289.238,349.652,220.621,1.796,1.72
140,106,gifted,115.759,106.553,0.0,0.0,,
140,107,basic,518.526,267.313,539.927,277.458,2.512,2.537
140,109,basic,150.506,107.981,154.98,111.178,2.134,2.134
140,110,basic,406.944,212.319,420.777,219.367,2.134,2.14
140,113,basic,382.815,251.427,311.451,203.889,2.388,2.403
140,113,gifted,132.792,122.231,0.0,0.0,,
140,115,basic,149.406,89.172,176.867,105.359,1.73,1.744
140,117,basic,263.718,171.923,237.713,157.224,2.344,2.238
140,117,gifted,89.82,82.676,0.0,0.0,,
140,118,basic,267.905,144.271,439.354,237.065,2.111,2.097
140,130,basic,665.866,388.468,708.842,412.575,1.714,1.73
140,201,basic,76.769,49.682,102.362,64.631,1.06,1.237
140,202,basic,166.132,83.519,177.759,86.875,1.668,1.866
140,203,basic,255.459,175.812,279.39,190.269,1.364,1.443
140,204,basic,174.038,124.502,186.116,111.146,1.493,2.918
140,208,basic,206.434,173.963,0.0,0.0,1.314,
140,209,basic,153.364,41.98,173.686,47.483,0.78,0.789
140,210,basic,192.944,70.676,0.0,0.0,1.421,
140,211,basic,72.174,43.672,105.47,62.273,1.122,1.301
140,212,gifted,205.959,189.579,0.0,0.0,,
140,215,basic,119.325,62.903,135.248,71.29,0.912,0.92
140,218,basic,151.913,86.16,170.806,96.565,0.765,0.788
140,220,basic,91.442,77.009,0.0,0.0,1.533,
140,221,basic,163.85,102.896,241.317,136.01,1.07,1.771
140,222,basic,142.488,85.081,169.269,101.019,2.213,2.248
140,225,basic,83.734,38.3,89.547,40.72,1.268,1.311
140,226,basic,251.458,151.517,301.126,180.517,1.35,1.414
140,229,basic,248.723,208.138,0.0,0.0,1.158,
140,230,basic,114.627,75.515,145.625,92.424,1.052,1.339
140,233,basic,279.439,158.902,388.528,218.853,0.839,0.908
140,234,basic,74.17,62.007,0.0,0.0,1.198,
140,235,basic,77.178,46.259,110.135,65.39,1.2,1.278
140,236,basic,49.729,44.671,70.281,63.669,1.135,1.076
140,239,basic,267.654,155.048,274.945,159.105,1.723,1.731
140,241,basic,384.948,112.767,620.848,180.375,1.955,2.019
140,242,basic,154.333,104.198,0.0,0.0,1.238,
140,243,basic,213.253,101.369,303.69,143.813,0.99,1.02
140,244,basic,38.488,36.283,59.755,56.553,1.182,1.113
140,245,basic,322.322,284.0,392.231,345.495,1.253,1.264
140,246,basic,234.635,110.724,334.966,155.245,1.215,1.349
140,247,basic,367.205,103.245,667.074,182.962,1.655,1.833
140,248,basic,142.803,85.513,0.0,0.0,0.89,
140,249,basic,31.505,23.25,36.519,27.111,0.898,0.858
140,250,basic,89.047,65.605,156.179,116.09,0.971,0.904
140,251,basic,131.986,55.957,157.32,65.214,1.451,1.618
140,252,basic,231.325,162.178,257.935,175.307,1.486,1.704
140,255,basic,88.919,55.963,128.171,79.902,0.86,0.934
140,257,basic,119.697,105.306,178.834,155.093,1.07,1.182
140,259,basic,151.833,114.574,0.0,0.0,1.296,
140,261,basic,170.328,158.613,228.417,209.259,1.09,1.244
140,262,basic,194.539,147.924,165.747,124.075,1.077,1.192
140,264,basic,80.433,30.192,0.0,0.0,0.938,
140,266,basic,107.812,83.783,139.313,108.567,0.921,0.899
140,267,basic,124.738,110.353,151.54,134.088,1.059,1.058
140,268,basic,114.36,108.642,124.804,118.564,1.081,1.094
140,269,basic,105.72,100.143,131.909,124.944,1.026,1.07
140,270,basic,154.148,108.066,161.192,112.294,1.541,1.585
140,272,basic,40.349,38.251,0.0,0.0,1.091,
140,275,basic,97.26,92.144,133.07,125.684,1.213,1.374
140,276,basic,151.887,64.625,124.085,52.484,1.114,1.157
140,277,basic,128.488,80.699,147.21,92.299,1.011,1.023
140,279,basic,101.193,37.945,127.849,47.472,1.003,1.075
140,281,basic,74.573,47.742,84.862,53.755,0.822,0.895
140,282,basic,76.268,56.94,85.541,62.77,0.906,1.026
140,286,basic,183.046,108.268,231.552,129.476,2.274,2.752
140,287,gifted,190.0,174.889,0.0,0.0,,
140,288,basic,191.583,171.597,224.505,203.471,1.465,1.443
140,289,basic,155.311,144.148,0.0,0.0,1.429,
140,291,basic,376.421,277.871,564.253,426.083,2.483,2.214
140,292,basic,565.196,318.19,799.736,441.355,1.553,1.705
140,930,basic,399.315,375.032,500.397,469.704,2.431,2.334
140,935,basic,437.942,325.737,713.284,517.637,1.962,1.988
140,939,basic,222.015,101.144,0.0,0.0,1.803,
140,949,basic,375.467,333.022,635.333,553.79,1.656,1.804
140,955,basic,45.489,43.215,0.0,0.0,2.858,
140,971,basic,0.0,0.0,587.209,227.654,,1.138
140,971,gifted,515.79,474.769,0.0,0.0,,
140,972,basic,259.91,206.715,0.0,0.0,1.903,
140,974,basic,86.843,80.777,205.552,188.348,1.275,1.321
140,977,basic,236.444,182.663,420.554,320.125,1.322,1.44
141,103,basic,271.788,252.496,309.958,287.856,1.669,1.67
141,104,basic,123.361,40.777,135.588,45.93,2.512,2.361
141,105,basic,426.388,181.625,307.694,128.174,2.317,2.486
141,105,gifted,176.945,162.736,0.0,0.0,,
141,106,basic,459.482,256.759,340.748,192.004,1.819,1.741
141,106,gifted,117.209,107.797,0.0,0.0,,
141,107,basic,527.89,242.397,549.917,251.716,2.552,2.577
141,109,basic,159.127,105.537,163.923,108.706,2.124,2.124
141,110,basic,395.196,176.083,408.801,181.973,2.119,2.127
141,113,basic,391.689,237.14,319.555,192.814,2.389,2.405
141,113,gifted,134.909,124.076,0.0,0.0,,
141,115,basic,144.955,77.859,171.65,92.029,1.724,1.738
141,117,basic,265.368,155.984,240.307,142.999,2.345,2.252
141,117,gifted,89.854,82.638,0.0,0.0,,
141,118,basic,266.846,127.183,437.417,208.862,2.132,2.119
141,130,basic,669.054,337.003,712.439,357.931,1.749,1.767
141,201,basic,82.281,55.754,109.534,72.391,1.064,1.248
141,202,basic,163.016,82.779,175.93,86.217,1.742,2.001
141,203,basic,255.757,188.022,279.169,203.081,1.341,1.421
141,204,basic,174.81,135.91,184.607,120.203,1.447,2.877
141,208,basic,206.572,178.607,0.0,0.0,1.253,
141,209,basic,144.214,34.895,162.781,39.333,0.781,0.792
141,210,basic,193.566,65.746,0.0,0.0,1.466,
141,211,basic,81.403,51.268,119.431,73.381,1.128,1.314
141,212,gifted,205.596,189.087,0.0,0.0,,
141,215,basic,121.734,62.453,138.776,71.049,0.966,0.989
141,218,basic,163.926,93.751,185.104,105.542,0.787,0.81
141,220,basic,93.224,81.387,0.0,0.0,1.598,
141,221,basic,168.257,105.443,245.732,138.832,1.072,1.763
141,222,basic,149.059,90.675,176.37,107.335,2.6,2.629
141,225,basic,78.926,35.739,84.309,37.977,1.265,1.304
141,226,basic,249.361,150.041,299.121,179.173,1.308,1.367
141,229,basic,253.929,230.677,0.0,0.0,1.169,
141,230,basic,109.591,76.464,139.126,93.56,1.048,1.338
141,233,basic,275.767,158.116,383.599,217.885,0.842,0.913
141,234,basic,77.897,70.009,0.0,0.0,1.229,
141,235,basic,86.255,51.278,121.871,71.909,1.351,1.417
141,236,basic,51.231,47.026,73.092,67.471,1.141,1.081
141,239,basic,283.079,171.254,290.418,175.648,1.758,1.76
141,241,basic,387.084,104.394,623.345,166.853,2.005,2.065
141,242,basic,158.985,113.549,0.0,0.0,1.227,
141,243,basic,222.757,104.223,315.738,147.227,0.995,1.022
141,244,basic,37.391,35.518,58.618,55.685,1.196,1.119
141,245,basic,317.283,292.627,387.222,357.588,1.257,1.269
141,246,basic,239.094,112.047,340.629,156.823,1.234,1.369
141,247,basic,374.782,95.802,677.955,169.489,1.682,1.845
141,248,basic,142.247,88.245,0.0,0.0,0.888,
141,249,basic,29.17,22.755,34.004,26.633,0.887,0.859
141,250,basic,82.773,65.53,150.252,120.063,0.976,0.905
141,251,basic,131.774,53.204,156.938,61.976,1.414,1.582
141,252,basic,252.838,184.897,279.993,198.93,1.514,1.722
141,255,basic,86.657,56.89,126.053,81.937,0.863,0.942
141,257,basic,123.713,115.015,182.793,168.51,1.098,1.2
141,259,basic,166.146,135.949,0.0,0.0,1.355,
141,261,basic,181.123,170.491,246.059,228.862,1.169,1.351
141,262,basic,188.182,152.854,160.419,128.48,1.061,1.166
141,264,basic,80.341,27.378,0.0,0.0,0.955,
141,266,basic,111.204,90.431,143.158,116.809,0.916,0.889
141,267,basic,126.888,119.553,154.256,145.341,1.031,1.033
141,268,basic,109.189,103.729,118.961,113.013,1.047,1.057
141,269,basic,102.907,97.755,129.051,122.594,1.042,1.093
141,270,basic,164.365,124.298,171.4,128.825,1.599,1.641
141,272,basic,43.202,41.034,0.0,0.0,1.069,
141,275,basic,91.105,86.52,123.493,117.176,1.166,1.332
141,276,basic,148.031,59.621,120.047,48.074,1.103,1.146
141,277,basic,127.554,83.633,146.154,95.66,1.016,1.029
141,279,basic,105.466,37.213,133.582,46.681,1.008,1.08
141,281,basic,67.35,45.166,76.548,50.8,0.822,0.896
141,282,basic,76.34,61.521,86.148,68.231,0.922,1.047
141,286,basic,171.603,106.912,219.682,128.732,2.114,2.628
141,287,gifted,190.0,174.743,0.0,0.0,,
141,288,basic,197.669,180.579,230.572,214.02,1.528,1.5
141,289,basic,155.482,145.473,0.0,0.0,1.408,
141,291,basic,375.21,286.131,561.834,441.203,2.416,2.164
141,292,basic,559.766,305.37,792.975,423.573,1.529,1.697
141,930,basic,399.471,376.891,500.46,471.72,2.518,2.438
141,935,basic,438.902,334.803,714.233,539.378,1.94,1.976
141,939,basic,220.326,93.913,0.0,0.0,1.808,
141,949,basic,382.121,349.087,644.257,583.068,1.646,1.812
141,955,basic,46.754,44.416,0.0,0.0,2.847,
141,971,basic,0.0,0.0,587.497,217.24,,1.132
141,971,gifted,515.844,474.422,0.0,0.0,,
141,972,basic,263.646,213.181,0.0,0.0,1.96,
141,974,basic,88.943,83.442,210.48,195.417,1.336,1.403
141,977,basic,233.953,198.322,418.22,349.377,1.33,1.45
142,103,basic,260.227,236.111,296.701,269.119,1.66,1.661
142,104,basic,133.488,53.132,144.9,59.311,2.292,2.174
142,105,basic,443.222,205.375,323.151,145.432,2.279,2.423
142,105,gifted,177.235,163.434,0.0,0.0,,
142,106,basic,451.786,277.38,332.343,207.291,1.793,1.699
142,106,gifted,115.293,106.315,0.0,0.0,,
142,107,basic,513.882,252.617,534.809,261.776,2.478,2.5
142,109,basic,150.973,104.536,155.225,107.515,2.105,2.103
142,110,basic,379.615,198.329,393.349,205.21,2.111,2.118
142,113,basic,387.424,237.629,314.356,192.221,2.344,2.353
142,113,gifted,134.239,123.786,0.0,0.0,,
142,115,basic,142.863,84.076,168.652,99.045,1.715,1.725
142,117,basic,246.658,155.813,222.255,142.882,2.302,2.217
142,117,gifted,88.928,82.004,0.0,0.0,,
142,118,basic,264.7,137.839,436.941,228.004,2.134,2.124
142,130,basic,666.904,401.235,710.518,425.612,1.711,1.73
142,201,basic,75.979,50.589,102.538,65.734,1.017,1.192
142,202,basic,167.801,87.088,179.435,89.573,1.55,1.722
142,203,basic,235.039,163.503,257.707,176.55,1.286,1.36
142,204,basic,172.03,123.747,186.899,101.796,1.384,2.846
142,208,basic,198.979,168.167,0.0,0.0,1.253,
142,209,basic,147.138,48.078,167.155,54.495,0.785,0.795
142,210,basic,192.866,78.502,0.0,0.0,1.351,
142,211,basic,79.471,49.472,118.564,71.055,1.12,1.301
142,212,gifted,205.849,189.819,0.0,0.0,,
142,215,basic,114.439,69.345,129.963,78.595,0.87,0.883
142,218,basic,149.777,91.935,168.505,102.968,0.748,0.769
142,220,basic,90.697,75.615,0.0,0.0,1.339,
142,221,basic,160.731,113.09,235.945,145.624,0.927,1.455
142,222,basic,144.144,87.859,170.277,103.068,1.784,1.828
142,225,basic,93.07,45.063,99.719,47.884,1.273,1.312
142,226,basic,264.807,172.041,314.103,203.117,1.322,1.376
142,229,basic,254.41,213.719,0.0,0.0,1.138,
142,230,basic,112.466,75.099,144.803,91.49,1.057,1.337
142,233,basic,280.009,172.828,387.794,236.414,0.828,0.886
142,234,basic,76.912,63.436,0.0,0.0,1.239,
142,235,basic,81.685,52.613,116.778,74.214,1.17,1.244
142,236,basic,49.562,43.976,69.045,61.935,1.093,1.039
142,239,basic,264.113,153.016,271.165,156.866,1.663,1.671
142,241,basic,385.875,121.425,622.018,193.1,1.889,1.958
142,242,basic,150.383,105.169,0.0,0.0,1.218,
142,243,basic,214.873,110.05,305.594,155.598,0.987,1.018
142,244,basic,35.281,32.658,57.219,53.7,1.236,1.164
142,245,basic,323.237,287.042,392.019,348.503,1.243,1.256
142,246,basic,236.336,118.609,340.14,166.074,1.19,1.322
142,247,basic,373.212,116.202,676.818,203.698,1.584,1.738
142,248,basic,144.682,91.745,0.0,0.0,0.892,
142,249,basic,30.14,23.702,34.52,27.413,0.908,0.868
142,250,basic,88.34,66.146,156.981,119.023,0.952,0.892
142,251,basic,142.027,65.744,167.623,75.299,1.427,1.57
142,252,basic,261.747,180.209,289.582,191.15,1.527,1.717
142,255,basic,85.775,56.653,123.63,80.59,0.844,0.911
142,257,basic,124.83,109.81,185.787,160.405,1.066,1.174
142,259,basic,163.618,121.353,0.0,0.0,1.27,
142,261,basic,167.332,153.908,224.18,201.697,1.053,1.186
142,262,basic,185.835,145.404,159.493,121.957,1.068,1.176
142,264,basic,80.593,35.987,0.0,0.0,0.918,
142,266,basic,106.607,87.74,137.94,114.033,0.894,0.871
142,267,basic,122.956,113.815,148.806,137.779,1.016,1.016
142,268,basic,109.153,103.695,119.217,113.257,1.078,1.091
142,269,basic,106.829,100.383,133.676,125.475,1.072,1.125
142,270,basic,144.627,99.807,151.27,103.543,1.41,1.446
142,272,basic,41.201,38.728,0.0,0.0,1.08,
142,275,basic,98.117,92.308,133.592,124.624,1.194,1.339
142,276,basic,160.54,76.354,129.401,61.076,1.121,1.157
142,277,basic,122.946,79.361,140.782,90.619,1.004,1.017
142,279,basic,107.991,45.231,135.973,56.114,1.004,1.073
142,281,basic,67.627,45.499,76.548,50.817,0.803,0.859
142,282,basic,80.018,60.473,89.88,66.261,0.884,0.992
142,286,basic,179.734,114.287,227.89,132.903,1.812,2.254
142,287,gifted,190.0,175.205,0.0,0.0,,
142,288,basic,177.289,155.121,207.018,182.767,1.352,1.353
142,289,basic,157.919,138.971,0.0,0.0,1.405,
142,291,basic,379.776,264.231,568.402,410.329,2.301,2.058
142,292,basic,565.698,323.57,800.027,443.15,1.492,1.655
142,930,basic,398.855,358.74,499.871,451.721,2.342,2.249
142,935,basic,437.446,306.418,712.676,486.404,1.824,1.881
142,939,basic,220.327,105.653,0.0,0.0,1.729,
142,949,basic,377.27,317.573,635.275,518.609,1.571,1.728
142,955,basic,46.679,44.345,0.0,0.0,2.803,
142,971,basic,0.0,0.0,576.894,246.042,,1.115
142,971,gifted,515.044,474.937,0.0,0.0,,
142,972,basic,260.459,193.895,0.0,0.0,1.836,
142,974,basic,87.871,79.395,207.515,183.821,1.267,1.291
142,977,basic,235.735,178.234,420.67,310.931,1.329,1.45
143,103,basic,273.525,243.292,311.903,277.354,1.632,1.633
143,104,basic,131.951,46.942,143.957,52.575,2.347,2.237
143,105,basic,459.501,197.56,324.77,135.345,2.264,2.411
143,105,gifted,184.292,168.519,0.0,0.0,,
143,106,basic,457.004,261.278,337.362,195.776,1.792,1.704
143,106,gifted,116.544,106.57,0.0,0.0,,
143,107,basic,504.362,226.888,526.005,235.488,2.505,2.53
143,109,basic,153.085,99.037,158.177,102.387,2.091,2.089
143,110,basic,390.865,186.819,404.697,193.147,2.099,2.106
143,113,basic,397.731,230.715,323.716,186.886,2.329,2.346
143,113,gifted,136.295,124.631,0.0,0.0,,
143,115,basic,148.42,81.036,175.63,95.595,1.735,1.749
143,117,basic,258.222,150.443,232.427,138.09,2.316,2.223
143,117,gifted,89.941,82.243,0.0,0.0,,
143,118,basic,269.067,131.931,437.143,215.426,2.034,2.01
143,130,basic,666.838,365.901,709.971,388.095,1.698,1.714
143,201,basic,79.683,54.763,107.298,70.973,1.046,1.219
143,202,basic,174.579,90.315,187.327,92.358,1.64,1.851
143,203,basic,268.24,193.701,292.412,207.894,1.312,1.386
143,204,basic,169.394,126.437,183.601,104.594,1.408,2.794
143,208,basic,207.089,178.531,0.0,0.0,1.215,
143,209,basic,144.502,45.379,163.127,51.147,0.772,0.779
143,210,basic,193.539,76.745,0.0,0.0,1.397,
143,211,basic,72.256,46.596,106.61,66.207,1.11,1.284
143,212,gifted,205.809,188.195,0.0,0.0,,
143,215,basic,116.591,68.944,132.902,78.279,0.907,0.928
143,218,basic,150.213,94.227,168.512,105.248,0.753,0.773
143,220,basic,87.206,73.105,0.0,0.0,1.4,
143,221,basic,167.416,117.723,245.966,150.619,0.966,1.516
143,222,basic,145.605,84.882,171.975,99.89,2.157,2.188
143,225,basic,79.739,39.434,85.3,41.883,1.201,1.234
143,226,basic,253.402,167.153,302.95,198.136,1.266,1.333
143,229,basic,253.089,223.352,0.0,0.0,1.142,
143,230,basic,104.053,73.117,136.226,90.184,1.02,1.312
143,233,basic,279.176,175.553,385.655,239.662,0.823,0.878
143,234,basic,78.989,68.475,0.0,0.0,1.171,
143,235,basic,85.998,55.081,121.743,76.915,1.227,1.301
143,236,basic,50.65,45.531,71.994,65.313,1.094,1.043
143,239,basic,266.935,158.372,273.719,162.293,1.689,1.692
143,241,basic,383.886,117.815,618.958,187.552,1.882,1.945
143,242,basic,159.156,114.492,0.0,0.0,1.219,
143,243,basic,218.878,113.772,309.863,160.124,0.975,1.005
143,244,basic,37.343,34.86,59.933,56.44,1.178,1.132
143,245,basic,317.801,287.209,388.269,351.823,1.252,1.262
143,246,basic,229.342,117.359,329.324,163.862,1.142,1.272
143,247,basic,373.037,112.793,676.534,197.893,1.577,1.722
143,248,basic,146.513,95.528,0.0,0.0,0.883,
143,249,basic,28.783,23.326,33.577,27.415,0.88,0.85
143,250,basic,94.994,74.699,165.276,131.75,0.961,0.896
143,251,basic,128.463,59.866,153.534,69.25,1.339,1.489
143,252,basic,248.505,182.21,275.725,193.917,1.434,1.615
143,255,basic,87.777,59.997,127.457,85.728,0.844,0.925
143,257,basic,115.787,105.656,174.04,156.324,1.071,1.183
143,259,basic,161.494,126.636,0.0,0.0,1.264,
143,261,basic,173.33,160.459,235.577,213.635,1.114,1.263
143,262,basic,185.14,151.31,158.745,126.91,1.053,1.153
143,264,basic,79.391,34.143,0.0,0.0,0.917,
143,266,basic,102.483,87.422,131.433,112.766,0.893,0.864
143,267,basic,110.66,103.584,134.585,126.009,1.02,1.021
143,268,basic,110.22,104.709,120.518,114.492,1.063,1.077
143,269,basic,104.075,98.213,130.102,122.743,1.068,1.116
143,270,basic,162.192,116.962,169.143,120.984,1.447,1.481
143,272,basic,43.053,40.598,0.0,0.0,1.076,
143,275,basic,93.337,88.158,128.404,120.504,1.189,1.35
143,276,basic,150.545,70.569,122.726,57.125,1.13,1.162
143,277,basic,125.0,83.952,143.429,96.063,1.007,1.019
143,279,basic,97.029,40.271,123.247,50.429,0.993,1.059
143,281,basic,72.424,50.487,82.133,56.451,0.807,0.865
143,282,basic,75.805,60.712,85.318,66.653,0.868,0.973
143,286,basic,177.495,113.158,225.607,131.866,1.85,2.291
143,287,gifted,190.0,173.739,0.0,0.0,,
143,288,basic,182.631,162.948,212.461,191.7,1.347,1.347
143,289,basic,154.802,137.57,0.0,0.0,1.331,
143,291,basic,378.303,266.536,567.264,419.894,2.292,2.037
143,292,basic,565.643,318.97,800.275,436.221,1.49,1.659
143,930,basic,399.395,365.229,500.38,457.603,2.391,2.312
143,935,basic,438.56,311.394,713.989,500.2,1.839,1.891
143,939,basic,214.32,100.386,0.0,0.0,1.663,
143,949,basic,378.405,323.89,638.344,530.993,1.548,1.712
143,955,basic,45.972,43.674,0.0,0.0,2.781,
143,971,basic,0.0,0.0,589.491,250.154,,1.111
143,971,gifted,515.741,471.603,0.0,0.0,,
143,972,basic,263.568,198.663,0.0,0.0,1.856,
143,974,basic,88.752,81.768,210.432,189.651,1.231,1.261
143,977,basic,232.938,187.287,415.509,326.521,1.287,1.406
144,103,basic,268.759,240.729,306.536,274.444,1.659,1.661
144,104,basic,113.867,48.716,127.364,55.279,2.278,2.21
144,105,basic,450.974,221.965,319.123,153.399,2.298,2.445
144,105,gifted,184.403,168.983,0.0,0.0,,
144,106,basic,455.054,284.984,338.213,214.445,1.751,1.659
144,106,gifted,115.869,106.18,0.0,0.0,,
144,107,basic,508.813,262.216,530.214,272.199,2.525,2.55
144,109,basic,151.407,104.337,156.591,107.939,2.128,2.126
144,110,basic,380.766,203.727,393.881,210.546,2.12,2.126
144,113,basic,381.914,240.868,307.961,193.701,2.337,2.346
144,113,gifted,133.993,122.789,0.0,0.0,,
144,115,basic,152.675,91.253,180.759,107.779,1.747,1.762
144,117,basic,257.82,163.627,232.798,149.855,2.33,2.241
144,117,gifted,89.839,82.327,0.0,0.0,,
144,118,basic,282.4,153.839,459.422,251.091,2.105,2.085
144,130,basic,662.774,396.32,706.022,420.682,1.736,1.757
144,201,basic,79.304,51.981,105.65,67.173,1.041,1.225
144,202,basic,170.736,89.285,182.665,92.366,1.663,1.862
144,203,basic,272.801,184.502,297.79,198.908,1.381,1.461
144,204,basic,184.548,130.028,188.152,107.874,1.427,2.816
144,208,basic,204.599,165.745,0.0,0.0,1.283,
144,209,basic,148.279,50.594,168.577,57.437,0.784,0.793
144,210,basic,193.556,80.403,0.0,0.0,1.426,
144,211,basic,73.676,45.895,103.246,62.739,1.093,1.246
144,212,gifted,205.805,188.596,0.0,0.0,,
144,215,basic,120.746,70.274,137.56,79.792,0.894,0.919
144,218,basic,156.28,94.047,175.696,105.337,0.767,0.79
144,220,basic,83.389,69.449,0.0,0.0,1.295,
144,221,basic,159.407,105.258,234.208,138.512,1.007,1.603
144,222,basic,139.397,84.007,164.321,98.805,1.948,1.981
144,225,basic,79.263,39.46,84.817,41.979,1.24,1.276
144,226,basic,255.702,162.177,305.647,191.745,1.283,1.373
144,229,basic,250.323,201.189,0.0,0.0,1.159,
144,230,basic,113.763,75.523,143.748,91.223,1.039,1.335
144,233,basic,280.744,169.485,388.79,232.459,0.843,0.903
144,234,basic,71.586,57.801,0.0,0.0,1.157,
144,235,basic,80.099,49.506,115.02,70.533,1.261,1.323
144,236,basic,48.123,42.383,66.922,59.497,1.06,1.008
144,239,basic,277.348,161.888,284.322,165.84,1.722,1.727
144,241,basic,382.99,129.986,618.546,207.75,1.925,1.995
144,242,basic,158.917,108.089,0.0,0.0,1.244,
144,243,basic,217.905,112.879,310.205,159.954,0.973,1.004
144,244,basic,36.494,34.132,58.122,54.707,1.136,1.109
144,245,basic,315.862,270.576,386.408,330.252,1.202,1.222
144,246,basic,223.777,114.011,324.022,161.547,1.206,1.343
144,247,basic,371.83,123.873,674.33,218.751,1.629,1.788
144,248,basic,148.935,93.097,0.0,0.0,0.892,
144,249,basic,29.106,21.836,33.918,25.567,0.888,0.862
144,250,basic,84.515,61.456,150.935,110.978,0.975,0.904
144,251,basic,138.478,65.256,164.043,75.393,1.409,1.566
144,252,basic,237.363,162.618,263.813,174.887,1.481,1.677
144,255,basic,85.089,55.367,123.229,79.186,0.835,0.917
144,257,basic,115.732,97.507,174.311,144.302,1.052,1.168
144,259,basic,167.996,121.96,0.0,0.0,1.317,
144,261,basic,175.195,158.586,237.385,208.512,1.101,1.282
144,262,basic,185.899,139.894,159.191,117.711,1.066,1.175
144,264,basic,82.46,36.311,0.0,0.0,0.97,
144,266,basic,104.003,80.261,134.1,103.86,0.935,0.91
144,267,basic,118.253,102.602,144.08,125.014,1.036,1.036
144,268,basic,110.565,105.037,120.803,114.762,1.072,1.088
144,269,basic,102.618,96.09,129.218,120.753,1.089,1.152
144,270,basic,154.892,105.674,161.795,109.661,1.48,1.518
144,272,basic,43.414,40.941,0.0,0.0,1.03,
144,275,basic,97.644,91.567,130.768,121.585,1.17,1.302
144,276,basic,150.938,71.696,122.736,57.967,1.154,1.189
144,277,basic,125.78,80.43,143.945,91.849,1.01,1.023
144,279,basic,102.728,44.161,129.227,54.923,1.009,1.079
144,281,basic,63.588,41.895,71.953,46.883,0.813,0.876
144,282,basic,77.526,57.047,87.526,63.146,0.9,1.015
144,286,basic,172.231,109.449,220.744,129.083,1.759,2.298
144,287,gifted,190.0,174.112,0.0,0.0,,
144,288,basic,195.529,168.432,230.825,199.034,1.408,1.437
144,289,basic,153.038,134.848,0.0,0.0,1.343,
144,291,basic,373.09,264.242,560.713,404.696,2.246,2.043
144,292,basic,564.229,326.885,800.18,450.948,1.498,1.678
144,930,basic,398.521,362.893,499.551,456.456,2.326,2.233
144,935,basic,438.414,307.972,713.664,490.313,1.88,1.921
144,939,basic,218.558,107.232,0.0,0.0,1.753,
144,949,basic,378.547,317.959,637.053,521.364,1.588,1.743
144,955,basic,44.818,42.577,0.0,0.0,2.838,
144,971,basic,0.0,0.0,585.741,256.39,,1.142
144,971,gifted,515.628,472.512,0.0,0.0,,
144,972,basic,257.137,191.258,0.0,0.0,1.86,
144,974,basic,86.894,79.022,203.926,183.208,1.225,1.241
144,977,basic,239.601,177.441,426.82,310.945,1.352,1.466
145,103,basic,268.955,237.747,306.591,270.992,1.651,1.651
145,104,basic,153.042,60.582,166.43,68.111,2.495,2.35
145,105,basic,444.351,216.417,318.573,150.357,2.268,2.42
145,105,gifted,179.659,164.784,0.0,0.0,,
145,106,basic,468.465,289.009,349.375,218.611,1.785,1.702
145,106,gifted,118.07,108.294,0.0,0.0,,
145,107,basic,528.903,266.755,550.055,276.227,2.458,2.48
145,109,basic,158.459,104.085,163.531,107.332,2.175,2.178
145,110,basic,390.994,201.921,404.706,208.82,2.078,2.082
145,113,basic,400.284,244.333,328.626,198.981,2.387,2.42
145,113,gifted,135.155,123.964,0.0,0.0,,
145,115,basic,146.549,88.506,173.288,104.386,1.727,1.739
145,117,basic,252.319,152.452,224.455,138.917,2.317,2.201
145,117,gifted,90.364,82.882,0.0,0.0,,
145,118,basic,269.514,144.441,440.81,237.098,2.093,2.076
145,130,basic,663.868,387.139,706.695,410.784,1.684,1.698
145,201,basic,79.61,54.282,105.91,69.682,0.994,1.156
145,202,basic,169.496,88.01,182.089,90.291,1.643,1.849
145,203,basic,252.498,176.051,276.147,189.439,1.301,1.378
145,204,basic,167.679,119.424,182.966,100.406,1.397,2.752
145,208,basic,207.594,169.581,0.0,0.0,1.237,
145,209,basic,148.568,51.843,167.094,58.192,0.761,0.77
145,210,basic,194.661,80.124,0.0,0.0,1.382,
145,211,basic,82.009,52.707,117.087,72.717,1.101,1.261
145,212,gifted,205.676,188.646,0.0,0.0,,
145,215,basic,122.687,69.673,140.233,79.179,0.917,0.946
145,218,basic,162.837,101.862,183.286,114.113,0.772,0.793
145,220,basic,88.304,72.262,0.0,0.0,1.338,
145,221,basic,165.155,106.998,242.911,137.246,0.987,1.544
145,222,basic,150.195,85.626,177.595,100.584,2.093,2.137
145,225,basic,94.276,47.653,100.62,50.53,1.216,1.246
145,226,basic,252.936,155.554,302.327,183.838,1.214,1.294
145,229,basic,247.22,204.01,0.0,0.0,1.127,
145,230,basic,102.476,71.006,134.623,87.909,1.023,1.319
145,233,basic,278.874,173.848,387.291,238.052,0.817,0.883
145,234,basic,74.222,60.674,0.0,0.0,1.185,
145,235,basic,86.852,52.95,123.547,74.262,1.225,1.304
145,236,basic,50.204,43.821,70.8,62.512,1.019,0.975
145,239,basic,268.115,156.562,275.03,160.499,1.694,1.697
145,241,basic,388.4,128.801,625.752,205.021,1.88,1.94
145,242,basic,163.129,112.376,0.0,0.0,1.216,
145,243,basic,215.959,115.304,306.112,162.533,0.973,1.002
145,244,basic,38.039,35.344,60.832,57.114,1.124,1.09
145,245,basic,319.716,267.519,389.676,325.52,1.225,1.24
145,246,basic,235.49,122.41,336.688,170.398,1.175,1.302
145,247,basic,366.923,121.435,665.587,213.263,1.571,1.716
145,248,basic,143.722,93.263,0.0,0.0,0.891,
145,249,basic,30.855,23.465,36.025,27.563,0.863,0.838
145,250,basic,90.673,68.918,157.717,121.683,0.979,0.906
145,251,basic,133.717,61.73,159.199,71.088,1.361,1.517
145,252,basic,242.396,166.549,269.594,177.564,1.442,1.63
145,255,basic,86.113,58.482,125.679,83.926,0.842,0.927
145,257,basic,122.524,104.54,182.011,152.142,1.07,1.177
145,259,basic,167.665,125.083,0.0,0.0,1.323,
145,261,basic,170.797,154.764,230.879,203.985,1.075,1.207
145,262,basic,189.699,145.157,162.332,121.618,1.07,1.168
145,264,basic,78.084,33.94,0.0,0.0,0.906,
145,266,basic,101.086,79.333,129.692,102.331,0.9,0.873
145,267,basic,117.232,101.058,142.787,123.08,1.027,1.028
145,268,basic,108.243,102.831,118.316,112.4,1.06,1.073
145,269,basic,109.279,102.028,136.433,127.017,1.029,1.08
145,270,basic,160.673,112.075,167.675,115.996,1.465,1.5
145,272,basic,41.938,39.431,0.0,0.0,1.045,
145,275,basic,90.561,84.391,125.57,115.436,1.186,1.338
145,276,basic,149.461,70.364,121.404,56.879,1.147,1.17
145,277,basic,125.579,83.808,144.073,95.884,1.011,1.024
145,279,basic,99.985,43.952,126.973,55.017,0.986,1.053
145,281,basic,61.495,42.623,69.608,47.585,0.803,0.861
145,282,basic,75.521,58.913,84.899,64.62,0.874,0.98
145,286,basic,182.511,106.374,231.132,123.079,1.847,2.311
145,287,gifted,190.0,174.268,0.0,0.0,,
145,288,basic,173.273,150.118,202.148,176.095,1.326,1.337
145,289,basic,155.466,139.861,0.0,0.0,1.388,
145,291,basic,376.04,253.906,564.249,394.485,2.272,2.035
145,292,basic,566.428,331.082,801.351,454.145,1.488,1.643
145,930,basic,398.95,356.716,500.001,448.916,2.351,2.261
145,935,basic,438.32,306.975,713.671,488.416,1.88,1.921
145,939,basic,220.177,104.948,0.0,0.0,1.711,
145,949,basic,377.597,320.623,635.001,523.935,1.58,1.731
145,955,basic,45.36,43.092,0.0,0.0,2.795,
145,971,basic,0.0,0.0,586.988,262.078,,1.117
145,971,gifted,515.332,472.663,0.0,0.0,,
145,972,basic,256.768,190.244,0.0,0.0,1.864,
145,974,basic,85.938,78.03,202.558,180.119,1.233,1.259
145,977,basic,232.283,178.732,416.145,312.637,1.283,1.409
146,103,basic,270.142,254.21,307.968,289.742,1.705,1.705
146,104,basic,130.457,49.235,141.872,55.413,2.777,2.57
146,105,basic,457.644,224.905,324.751,156.064,2.338,2.495
146,105,gifted,180.98,165.593,0.0,0.0,,
146,106,basic,470.973,296.229,351.752,222.762,1.853,1.789
146,106,gifted,117.977,107.946,0.0,0.0,,
146,107,basic,497.25,261.968,518.393,272.14,2.49,2.516
146,109,basic,149.425,107.532,154.173,110.992,2.189,2.187
146,110,basic,394.189,204.004,407.718,210.846,2.141,2.146
146,113,basic,402.974,268.537,325.433,215.272,2.391,2.428
146,113,gifted,136.515,124.908,0.0,0.0,,
146,115,basic,145.925,89.296,172.006,105.1,1.725,1.735
146,117,basic,269.048,175.857,242.726,161.121,2.339,2.231
146,117,gifted,90.135,82.471,0.0,0.0,,
146,118,basic,261.251,142.192,425.761,232.733,2.157,2.127
146,130,basic,644.806,375.333,686.834,398.86,1.739,1.755
146,201,basic,80.631,52.023,107.582,67.669,1.067,1.241
146,202,basic,172.837,85.229,185.545,88.289,1.755,1.995
146,203,basic,268.707,184.972,292.463,199.202,1.337,1.412
146,204,basic,181.334,128.745,189.41,111.294,1.531,2.958
146,208,basic,205.909,171.897,0.0,0.0,1.307,
146,209,basic,142.191,38.303,160.137,43.083,0.774,0.782
146,210,basic,192.259,68.905,0.0,0.0,1.381,
146,211,basic,79.615,48.164,119.263,70.191,1.133,1.324
146,212,gifted,205.764,188.269,0.0,0.0,,
146,215,basic,117.48,59.848,133.972,68.122,0.984,1.005
146,218,basic,159.276,89.949,179.574,101.064,0.77,0.794
146,220,basic,93.629,78.396,0.0,0.0,1.526,
146,221,basic,158.233,96.428,233.792,127.459,1.045,1.724
146,222,basic,153.207,87.367,180.991,103.335,2.451,2.478
146,225,basic,86.78,39.552,92.54,41.975,1.239,1.272
146,226,basic,252.9,145.733,302.579,174.206,1.382,1.419
146,229,basic,254.673,212.466,0.0,0.0,1.152,
146,230,basic,113.85,75.023,143.731,91.137,1.077,1.36
146,233,basic,280.964,158.477,389.713,217.775,0.843,0.909
146,234,basic,78.931,65.614,0.0,0.0,1.241,
146,235,basic,84.6,49.21,120.3,69.207,1.263,1.347
146,236,basic,48.335,43.126,67.722,60.93,1.077,1.026
146,239,basic,278.952,159.863,286.299,163.992,1.775,1.778
146,241,basic,386.751,110.35,623.234,176.384,1.995,2.055
146,242,basic,161.201,108.661,0.0,0.0,1.219,
146,243,basic,218.807,103.07,310.172,145.605,1.0,1.027
146,244,basic,37.196,35.023,58.247,55.082,1.173,1.103
146,245,basic,321.5,277.383,390.08,336.655,1.256,1.26
146,246,basic,239.319,111.812,342.924,157.184,1.243,1.378
146,247,basic,372.805,102.914,675.81,182.115,1.645,1.807
146,248,basic,147.904,88.884,0.0,0.0,0.892,
146,249,basic,30.815,22.584,35.65,26.288,0.896,0.858
146,250,basic,83.442,61.765,151.509,113.12,0.976,0.915
146,251,basic,132.19,54.343,157.649,63.316,1.43,1.593
146,252,basic,240.054,164.887,266.726,177.638,1.482,1.688
146,255,basic,85.431,54.057,123.879,77.599,0.849,0.924
146,257,basic,117.246,101.782,176.015,150.458,1.068,1.183
146,259,basic,168.415,127.239,0.0,0.0,1.325,
146,261,basic,164.814,153.572,220.742,202.77,1.066,1.194
146,262,basic,191.049,144.086,163.918,121.699,1.087,1.196
146,264,basic,85.002,30.76,0.0,0.0,0.945,
146,266,basic,103.514,79.102,133.234,102.163,0.91,0.884
146,267,basic,116.365,102.082,141.351,124.013,1.037,1.036
146,268,basic,107.017,101.666,117.131,111.274,1.067,1.08
146,269,basic,100.619,95.169,126.213,119.377,1.114,1.162
146,270,basic,174.788,121.482,182.084,125.758,1.621,1.66
146,272,basic,39.607,37.544,0.0,0.0,1.095,
146,275,basic,95.088,90.023,129.505,122.125,1.197,1.351
146,276,basic,154.583,63.791,124.9,51.32,1.142,1.171
146,277,basic,128.006,80.537,146.909,92.247,1.013,1.026
146,279,basic,102.359,37.882,129.628,47.515,1.003,1.069
146,281,basic,67.372,43.385,76.566,48.77,0.823,0.894
146,282,basic,74.8,56.508,84.038,62.363,0.887,1.004
146,286,basic,179.71,102.53,228.176,122.753,2.244,2.719
146,287,gifted,190.0,173.845,0.0,0.0,,
146,288,basic,183.38,163.001,213.67,192.943,1.482,1.434
146,289,basic,160.376,149.831,0.0,0.0,1.425,
146,291,basic,376.814,272.624,562.36,416.282,2.487,2.205
146,292,basic,565.551,319.506,798.814,442.028,1.545,1.696
146,930,basic,399.383,373.148,500.415,466.915,2.472,2.388
146,935,basic,438.546,325.77,713.83,516.122,1.981,1.999
146,939,basic,217.901,98.015,0.0,0.0,1.798,
146,949,basic,379.272,340.789,635.589,560.41,1.602,1.76
146,955,basic,45.96,43.662,0.0,0.0,2.754,
146,971,basic,0.0,0.0,593.555,227.323,,1.141
146,971,gifted,516.372,472.468,0.0,0.0,,
146,972,basic,261.489,206.534,0.0,0.0,1.929,
146,974,basic,87.093,81.124,207.959,190.34,1.28,1.345
146,977,basic,232.708,181.033,414.265,317.359,1.315,1.431
147,103,basic,281.333,249.81,320.929,284.83,1.688,1.69
147,104,basic,126.51,49.754,141.059,56.501,2.41,2.302
147,105,basic,456.768,214.499,326.546,150.092,2.315,2.474
147,105,gifted,182.283,167.303,0.0,0.0,,
147,106,basic,454.736,267.883,340.054,201.791,1.834,1.765
147,106,gifted,114.935,105.49,0.0,0.0,,
147,107,basic,506.98,249.704,529.018,259.658,2.598,2.624
147,109,basic,147.125,99.0,151.91,102.243,2.089,2.088
147,110,basic,387.703,194.002,400.678,200.352,2.122,2.127
147,113,basic,391.421,240.794,316.332,194.131,2.367,2.376
147,113,gifted,134.958,123.867,0.0,0.0,,
147,115,basic,148.602,84.941,175.606,100.201,1.724,1.737
147,117,basic,264.435,161.199,238.023,147.157,2.353,2.249
147,117,gifted,89.733,82.358,0.0,0.0,,
147,118,basic,264.97,137.263,431.966,224.506,2.12,2.096
147,130,basic,662.568,370.76,705.43,393.923,1.711,1.725
147,201,basic,80.44,53.557,107.586,69.958,1.093,1.266
147,202,basic,171.564,91.551,183.422,95.08,1.669,1.873
147,203,basic,251.974,178.43,275.011,192.891,1.316,1.387
147,204,basic,179.837,132.152,187.158,114.458,1.434,2.89
147,208,basic,208.412,170.249,0.0,0.0,1.275,
147,209,basic,140.932,44.61,158.464,50.089,0.78,0.79
147,210,basic,191.895,77.29,0.0,0.0,1.417,
147,211,basic,75.177,47.475,110.965,68.33,1.126,1.313
147,212,gifted,205.861,188.943,0.0,0.0,,
147,215,basic,122.125,68.383,138.893,77.727,0.971,0.985
147,218,basic,150.113,89.938,168.051,100.429,0.766,0.785
147,220,basic,89.971,74.608,0.0,0.0,1.617,
147,221,basic,163.234,105.541,241.023,139.82,1.09,1.802
147,222,basic,143.077,86.998,169.065,102.971,2.256,2.279
147,225,basic,70.066,34.972,74.492,37.021,1.181,1.213
147,226,basic,264.956,162.96,314.717,193.952,1.447,1.465
147,229,basic,251.144,210.415,0.0,0.0,1.162,
147,230,basic,108.9,74.138,140.585,92.253,1.052,1.338
147,233,basic,281.71,169.078,392.204,233.068,0.843,0.917
147,234,basic,81.457,68.162,0.0,0.0,1.227,
147,235,basic,76.778,47.94,110.303,68.255,1.222,1.297
147,236,basic,49.98,44.888,70.743,64.057,1.075,1.021
147,239,basic,278.051,166.612,285.494,170.92,1.781,1.788
147,241,basic,383.864,126.855,618.574,202.59,1.94,2.009
147,242,basic,154.029,107.476,0.0,0.0,1.234,
147,243,basic,214.668,109.878,304.214,155.112,0.969,1.0
147,244,basic,38.788,36.416,61.244,57.861,1.196,1.108
147,245,basic,320.031,279.571,389.648,340.716,1.279,1.28
147,246,basic,246.051,124.835,348.732,173.931,1.218,1.347
147,247,basic,370.402,118.664,671.974,210.226,1.633,1.804
147,248,basic,144.755,91.237,0.0,0.0,0.893,
147,249,basic,31.969,24.182,36.768,28.02,0.921,0.871
147,250,basic,88.331,66.362,157.864,119.742,0.978,0.905
147,251,basic,136.172,62.286,162.16,72.516,1.446,1.614
147,252,basic,237.398,167.854,264.109,181.221,1.49,1.703
147,255,basic,87.133,57.068,125.432,81.509,0.883,0.946
147,257,basic,118.926,103.736,176.823,152.115,1.065,1.173
147,259,basic,158.822,121.648,0.0,0.0,1.283,
147,261,basic,163.821,152.065,220.959,201.78,1.093,1.238
147,262,basic,189.313,146.055,161.691,122.95,1.084,1.191
147,264,basic,79.976,33.243,0.0,0.0,0.946,
147,266,basic,105.564,82.859,136.138,107.19,0.925,0.9
147,267,basic,116.786,104.316,141.179,126.114,1.023,1.023
147,268,basic,108.698,103.263,118.505,112.579,1.057,1.069
147,269,basic,103.692,98.02,129.738,122.618,1.07,1.119
147,270,basic,166.614,118.891,173.739,123.258,1.543,1.582
147,272,basic,41.242,39.075,0.0,0.0,1.063,
147,275,basic,89.463,84.638,122.373,115.272,1.187,1.347
147,276,basic,148.417,68.386,121.426,55.726,1.135,1.164
147,277,basic,122.884,80.137,140.948,91.737,1.011,1.025
147,279,basic,110.871,45.931,139.63,57.281,1.015,1.088
147,281,basic,64.745,43.249,73.331,48.512,0.819,0.886
147,282,basic,79.897,60.891,89.233,66.92,0.902,1.015
147,286,basic,181.691,110.639,229.972,132.471,2.216,2.691
147,287,gifted,190.0,174.386,0.0,0.0,,
147,288,basic,182.903,160.857,214.672,192.027,1.538,1.477
147,289,basic,155.944,139.039,0.0,0.0,1.401,
147,291,basic,374.998,266.432,561.614,412.354,2.432,2.154
147,292,basic,563.413,321.141,796.059,444.635,1.528,1.687
147,930,basic,399.408,372.949,500.41,467.015,2.45,2.355
147,935,basic,437.135,314.564,712.334,505.633,1.924,1.968
147,939,basic,222.826,106.191,0.0,0.0,1.772,
147,949,basic,380.993,330.688,639.631,543.981,1.6,1.756
147,955,basic,46.565,44.237,0.0,0.0,2.776,
147,971,basic,0.0,0.0,583.556,248.768,,1.14
147,971,gifted,515.518,473.152,0.0,0.0,,
147,972,basic,262.455,198.915,0.0,0.0,1.922,
147,974,basic,87.476,81.236,206.81,188.615,1.271,1.338
147,977,basic,235.052,182.97,419.926,322.548,1.359,1.468
148,103,basic,270.978,240.987,309.005,274.753,1.624,1.625
148,104,basic,156.353,66.793,171.291,75.347,2.725,2.559
148,105,basic,477.151,244.441,339.285,169.284,2.374,2.55
148,105,gifted,184.063,168.251,0.0,0.0,,
148,106,basic,461.817,292.807,346.668,221.538,1.863,1.795
148,106,gifted,115.627,105.694,0.0,0.0,,
148,107,basic,522.049,279.216,544.014,289.95,2.546,2.57
148,109,basic,147.524,102.32,152.397,105.72,2.168,2.167
148,110,basic,384.429,221.198,397.126,228.324,2.056,2.062
148,113,basic,408.84,259.896,337.351,212.959,2.404,2.439
148,113,gifted,137.898,126.052,0.0,0.0,,
148,115,basic,145.497,89.926,172.708,106.44,1.724,1.743
148,117,basic,268.804,175.744,241.873,160.753,2.329,2.221
148,117,gifted,89.968,82.239,0.0,0.0,,
148,118,basic,267.53,151.242,433.705,246.531,2.13,2.095
148,130,basic,628.487,395.333,669.874,420.325,1.724,1.74
148,201,basic,80.872,51.286,108.955,67.174,1.089,1.272
148,202,basic,165.425,86.194,177.615,89.397,1.664,1.882
148,203,basic,268.662,176.942,293.071,190.864,1.332,1.407
148,204,basic,187.517,125.863,190.159,104.14,1.466,2.916
148,208,basic,209.306,165.149,0.0,0.0,1.267,
148,209,basic,155.334,57.46,176.438,65.162,0.776,0.786
148,210,basic,189.636,83.217,0.0,0.0,1.394,
148,211,basic,76.296,46.38,112.552,66.516,1.112,1.297
148,212,gifted,205.615,187.952,0.0,0.0,,
148,215,basic,120.751,70.345,137.44,79.913,0.93,0.949
148,218,basic,157.374,94.117,176.948,105.445,0.763,0.786
148,220,basic,93.737,71.198,0.0,0.0,1.493,
148,221,basic,164.116,107.51,241.093,140.63,1.043,1.71
148,222,basic,147.772,81.107,176.084,96.455,2.34,2.385
148,225,basic,92.463,46.489,98.91,49.474,1.26,1.294
148,226,basic,255.624,161.288,305.084,191.621,1.328,1.386
148,229,basic,249.997,190.673,0.0,0.0,1.156,
148,230,basic,118.596,76.436,146.45,90.599,1.025,1.308
148,233,basic,280.78,168.917,389.88,232.159,0.828,0.896
148,234,basic,74.778,56.245,0.0,0.0,1.247,
148,235,basic,78.828,48.773,111.776,68.435,1.206,1.283
148,236,basic,53.429,45.277,77.341,66.08,1.086,1.034
148,239,basic,275.392,157.164,282.604,161.119,1.733,1.74
148,241,basic,384.315,138.333,620.046,220.949,1.945,2.015
148,242,basic,153.614,101.592,0.0,0.0,1.22,
148,243,basic,222.323,116.281,314.096,163.659,0.996,1.023
148,244,basic,37.717,35.062,59.238,55.597,1.106,1.069
148,245,basic,321.263,260.426,391.158,317.06,1.264,1.269
148,246,basic,242.773,124.773,344.622,173.584,1.207,1.341
148,247,basic,368.854,132.046,669.47,233.621,1.611,1.773
148,248,basic,148.319,90.746,0.0,0.0,0.899,
148,249,basic,29.075,20.911,33.327,24.138,0.923,0.881
148,250,basic,89.91,62.577,157.952,111.071,0.979,0.91
148,251,basic,131.774,64.308,157.32,74.911,1.427,1.59
148,252,basic,238.151,159.878,264.773,172.086,1.459,1.662
148,255,basic,87.181,55.015,125.631,78.489,0.871,0.942
148,257,basic,125.016,99.883,184.881,145.47,1.083,1.189
148,259,basic,162.938,112.013,0.0,0.0,1.352,
148,261,basic,171.944,150.626,231.436,198.226,1.054,1.186
148,262,basic,189.794,137.154,162.163,115.353,1.072,1.175
148,264,basic,82.967,38.905,0.0,0.0,0.932,
148,266,basic,104.786,78.659,134.787,101.537,0.918,0.892
148,267,basic,113.599,93.555,137.234,113.027,1.018,1.018
148,268,basic,109.013,103.562,119.217,113.256,1.082,1.097
148,269,basic,104.725,96.67,130.886,120.35,1.059,1.101
148,270,basic,158.397,102.428,165.521,106.256,1.541,1.585
148,272,basic,41.822,39.224,0.0,0.0,1.058,
148,275,basic,98.403,91.075,132.832,121.179,1.143,1.287
148,276,basic,155.541,77.053,125.228,61.771,1.119,1.147
148,277,basic,121.408,75.77,139.335,86.769,1.014,1.028
148,279,basic,99.131,44.482,125.151,55.584,1.002,1.07
148,281,basic,67.257,43.11,76.193,48.331,0.812,0.875
148,282,basic,79.671,56.025,89.758,61.958,0.891,1.007
148,286,basic,182.719,107.117,231.296,127.296,2.165,2.643
148,287,gifted,190.0,173.678,0.0,0.0,,
148,288,basic,192.241,155.066,224.882,183.806,1.469,1.428
148,289,basic,155.995,131.002,0.0,0.0,1.411,
148,291,basic,380.288,256.405,567.283,392.369,2.436,2.166
148,292,basic,564.847,328.79,799.658,455.561,1.539,1.688
148,930,basic,399.451,345.591,500.522,436.175,2.371,2.276
148,935,basic,437.463,298.252,712.645,473.908,1.934,1.967
148,939,basic,221.067,111.792,0.0,0.0,1.782,
148,949,basic,384.646,308.031,645.219,502.752,1.62,1.775
148,955,basic,47.621,45.24,0.0,0.0,2.786,
148,971,basic,0.0,0.0,588.725,267.129,,1.139
148,971,gifted,515.958,471.634,0.0,0.0,,
148,972,basic,265.177,190.269,0.0,0.0,1.903,
148,974,basic,87.615,75.726,208.346,178.236,1.213,1.252
148,977,basic,233.994,165.145,416.65,289.215,1.318,1.438
149,103,basic,273.826,247.62,312.176,282.237,1.597,1.597
149,104,basic,137.346,51.951,153.848,59.891,2.568,2.449
149,105,basic,442.148,204.441,316.553,141.36,2.222,2.367
149,105,gifted,180.653,165.525,0.0,0.0,,
149,106,basic,454.614,281.592,340.572,214.375,1.784,1.703
149,106,gifted,115.813,106.115,0.0,0.0,,
149,107,basic,486.137,235.073,506.546,243.772,2.425,2.446
149,109,basic,149.769,103.542,154.41,106.743,2.083,2.083
149,110,basic,395.418,217.174,408.548,224.129,2.116,2.121
149,113,basic,400.755,240.708,328.369,196.561,2.347,2.359
149,113,gifted,136.773,125.32,0.0,0.0,,
149,115,basic,151.984,88.463,180.305,104.549,1.723,1.739
149,117,basic,267.116,171.307,241.576,158.198,2.288,2.199
149,117,gifted,89.877,82.35,0.0,0.0,,
149,118,basic,274.158,143.356,446.693,234.591,2.083,2.065
149,130,basic,664.619,422.441,707.56,448.258,1.671,1.684
149,201,basic,77.811,52.358,102.446,66.397,0.919,1.065
149,202,basic,171.168,86.546,183.095,88.553,1.567,1.739
149,203,basic,250.808,169.95,274.46,182.766,1.292,1.365
149,204,basic,179.492,125.486,184.783,97.007,1.352,2.655
149,208,basic,202.766,173.428,0.0,0.0,1.226,
149,209,basic,153.675,54.217,174.065,61.28,0.776,0.784
149,210,basic,192.793,82.424,0.0,0.0,1.379,
149,211,basic,74.905,45.782,108.519,63.76,1.116,1.277
149,212,gifted,206.031,188.777,0.0,0.0,,
149,215,basic,113.397,72.366,128.606,81.982,0.866,0.874
149,218,basic,154.182,95.879,173.162,107.158,0.755,0.774
149,220,basic,90.492,72.57,0.0,0.0,1.404,
149,221,basic,165.153,122.109,243.686,154.928,0.976,1.516
149,222,basic,145.792,84.544,172.742,99.143,1.807,1.855
149,225,basic,79.762,39.168,85.574,41.622,1.228,1.266
149,226,basic,265.613,185.382,315.302,218.044,1.281,1.348
149,229,basic,253.324,209.292,0.0,0.0,1.119,
149,230,basic,101.707,67.185,133.849,82.506,0.989,1.288
149,233,basic,271.924,171.647,378.277,235.096,0.816,0.879
149,234,basic,77.308,62.603,0.0,0.0,1.159,
149,235,basic,82.446,55.144,117.069,77.013,1.121,1.199
149,236,basic,58.299,51.832,84.544,75.957,1.084,1.039
149,239,basic,279.217,154.694,286.162,158.347,1.704,1.709
149,241,basic,384.735,124.489,619.719,198.016,1.855,1.91
149,242,basic,156.212,107.481,0.0,0.0,1.222,
149,243,basic,214.622,112.455,305.231,158.829,0.97,1.001
149,244,basic,38.142,35.237,60.988,57.119,1.128,1.093
149,245,basic,320.799,285.276,390.486,348.266,1.246,1.255
149,246,basic,226.49,116.473,324.602,161.779,1.098,1.225
149,247,basic,371.574,120.424,674.269,210.62,1.561,1.703
149,248,basic,146.67,91.996,0.0,0.0,0.887,
149,249,basic,26.765,21.175,30.838,24.66,0.896,0.858
149,250,basic,88.414,64.207,155.748,114.9,0.961,0.895
149,251,basic,131.844,66.187,157.439,76.205,1.336,1.485
149,252,basic,235.151,167.988,261.853,178.693,1.393,1.567
149,255,basic,88.517,57.752,127.322,81.722,0.838,0.91
149,257,basic,117.533,103.169,177.134,152.2,1.071,1.184
149,259,basic,164.035,115.714,0.0,0.0,1.279,
149,261,basic,174.245,158.123,235.58,208.351,1.084,1.218
149,262,basic,187.323,146.224,159.948,121.885,1.052,1.149
149,264,basic,80.18,39.612,0.0,0.0,0.908,
149,266,basic,107.824,91.43,139.031,118.56,0.892,0.867
149,267,basic,115.094,106.055,139.477,128.564,1.036,1.036
149,268,basic,111.545,105.968,121.731,115.645,1.071,1.084
149,269,basic,102.704,95.895,128.362,119.607,1.058,1.103
149,270,basic,151.041,97.828,158.004,101.323,1.453,1.49
149,272,basic,40.455,37.907,0.0,0.0,1.026,
149,275,basic,88.391,82.575,121.734,112.307,1.183,1.334
149,276,basic,143.432,72.583,118.465,59.46,1.126,1.16
149,277,basic,126.204,80.182,144.619,91.612,1.002,1.014
149,279,basic,103.594,45.277,131.154,56.388,0.998,1.064
149,281,basic,66.604,44.001,75.097,48.906,0.811,0.863
149,282,basic,72.674,53.768,81.469,58.843,0.825,0.913
149,286,basic,183.624,117.553,232.316,135.048,1.859,2.299
149,287,gifted,190.0,174.089,0.0,0.0,,
149,288,basic,195.821,165.682,228.97,196.128,1.411,1.399
149,289,basic,154.38,129.451,0.0,0.0,1.346,
149,291,basic,378.636,263.125,567.635,411.3,2.254,2.018
149,292,basic,563.825,321.817,798.366,440.432,1.493,1.644
149,930,basic,399.052,337.148,500.108,426.745,2.272,2.186
149,935,basic,438.491,298.534,713.749,472.145,1.784,1.848
149,939,basic,217.871,108.549,0.0,0.0,1.671,
149,949,basic,375.627,300.284,632.81,487.434,1.536,1.689
149,955,basic,43.075,40.921,0.0,0.0,2.842,
149,971,basic,0.0,0.0,594.684,261.072,,1.119
149,971,gifted,516.582,473.323,0.0,0.0,,
149,972,basic,263.889,191.042,0.0,0.0,1.813,
149,974,basic,86.159,75.318,202.603,173.775,1.207,1.23
149,977,basic,234.186,169.35,417.477,294.441,1.297,1.414
150,103,basic,267.28,241.6,304.74,275.383,1.63,1.631
150,104,basic,127.006,53.063,140.993,60.25,2.484,2.364
150,105,basic,451.565,226.669,327.901,160.489,2.31,2.478
150,105,gifted,180.591,165.948,0.0,0.0,,
150,106,basic,453.329,284.981,338.324,215.255,1.775,1.683
150,106,gifted,115.534,106.166,0.0,0.0,,
150,107,basic,525.549,278.309,547.09,288.732,2.499,2.523
150,109,basic,154.24,106.6,159.035,109.869,2.16,2.163
150,110,basic,393.319,207.631,407.145,214.731,2.115,2.121
150,113,basic,373.326,237.246,303.52,192.276,2.401,2.413
150,113,gifted,132.299,121.572,0.0,0.0,,
150,115,basic,150.461,91.71,178.424,108.488,1.75,1.766
150,117,basic,261.342,164.812,234.061,150.26,2.364,2.247
150,117,gifted,90.204,82.89,0.0,0.0,,
150,118,basic,262.03,143.835,430.024,236.615,2.157,2.142
150,130,basic,661.882,392.049,704.367,416.263,1.724,1.739
150,201,basic,75.677,49.3,102.54,64.904,1.096,1.282
150,202,basic,165.014,86.666,177.15,89.944,1.654,1.865
150,203,basic,260.963,179.081,284.59,193.12,1.316,1.39
150,204,basic,183.051,128.385,191.36,109.17,1.502,2.973
150,208,basic,200.176,160.305,0.0,0.0,1.307,
150,209,basic,142.782,47.484,159.839,53.093,0.782,0.789
150,210,basic,194.371,78.5,0.0,0.0,1.428,
150,211,basic,81.339,50.657,121.801,73.672,1.13,1.322
150,212,gifted,205.895,189.201,0.0,0.0,,
150,215,basic,120.213,67.614,136.684,76.732,0.905,0.922
150,218,basic,159.788,95.588,179.197,106.839,0.763,0.785
150,220,basic,91.218,73.734,0.0,0.0,1.451,
150,221,basic,165.023,103.901,241.641,136.007,1.042,1.681
150,222,basic,150.223,87.206,178.03,103.072,2.257,2.3
150,225,basic,85.116,42.16,90.952,44.781,1.244,1.283
150,226,basic,254.467,153.373,304.002,182.091,1.322,1.387
150,229,basic,250.817,201.469,0.0,0.0,1.161,
150,230,basic,101.124,67.531,135.311,86.563,1.061,1.358
150,233,basic,280.031,167.602,388.991,230.311,0.824,0.895
150,234,basic,76.364,60.924,0.0,0.0,1.27,
150,235,basic,82.803,50.246,117.455,70.679,1.237,1.303
150,236,basic,52.744,45.3,75.654,65.536,1.089,1.035
150,239,basic,266.624,156.843,273.675,160.825,1.721,1.728
150,241,basic,383.573,128.168,619.657,204.672,1.955,2.035
150,242,basic,159.725,108.755,0.0,0.0,1.225,
150,243,basic,216.608,110.884,307.458,156.807,1.001,1.028
150,244,basic,37.992,35.604,59.585,56.186,1.104,1.075
150,245,basic,317.935,264.195,388.562,322.45,1.244,1.258
150,246,basic,243.866,124.374,343.737,171.811,1.186,1.318
150,247,basic,368.072,120.839,668.877,213.753,1.628,1.799
150,248,basic,142.845,89.633,0.0,0.0,0.892,
150,249,basic,29.11,21.597,33.974,25.336,0.881,0.85
150,250,basic,84.069,61.83,151.551,112.531,0.963,0.9
150,251,basic,136.066,61.686,161.724,71.522,1.43,1.593
150,252,basic,242.172,162.991,269.103,175.253,1.506,1.711
150,255,basic,90.011,58.81,130.885,84.422,0.84,0.929
150,257,basic,119.632,99.123,179.636,146.524,1.078,1.186
150,259,basic,155.361,114.445,0.0,0.0,1.321,
150,261,basic,178.531,161.981,240.048,212.657,1.081,1.233
150,262,basic,181.705,135.55,156.791,114.954,1.083,1.196
150,264,basic,81.885,34.434,0.0,0.0,0.948,
150,266,basic,107.392,80.916,138.436,104.656,0.94,0.915
150,267,basic,122.585,104.679,148.433,126.749,1.029,1.029
150,268,basic,105.806,100.515,115.476,109.703,1.053,1.067
150,269,basic,103.81,97.599,129.917,121.977,1.027,1.073
150,270,basic,162.444,112.19,169.406,116.252,1.516,1.555
150,272,basic,42.487,40.123,0.0,0.0,1.055,
150,275,basic,91.854,86.178,124.534,115.677,1.145,1.293
150,276,basic,151.093,69.836,124.659,57.216,1.119,1.165
150,277,basic,124.929,80.513,143.199,92.11,0.999,1.011
150,279,basic,109.588,46.443,137.935,57.849,0.998,1.066
150,281,basic,73.749,48.798,84.051,54.947,0.83,0.903
150,282,basic,78.651,58.995,88.392,65.033,0.865,0.984
150,286,basic,179.875,104.89,228.332,124.508,2.093,2.583
150,287,gifted,190.0,174.594,0.0,0.0,,
150,288,basic,191.221,163.583,224.77,193.718,1.445,1.439
150,289,basic,157.871,142.418,0.0,0.0,1.423,
150,291,basic,371.331,258.048,558.196,395.456,2.313,2.09
150,292,basic,563.038,327.463,796.602,452.521,1.497,1.658
150,930,basic,399.15,366.891,500.235,460.631,2.391,2.296
150,935,basic,438.991,309.6,714.478,492.677,1.956,1.985
150,939,basic,221.998,106.637,0.0,0.0,1.796,
150,949,basic,380.884,325.207,643.854,537.373,1.642,1.798
150,955,basic,47.167,44.809,0.0,0.0,2.834,
150,971,basic,0.0,0.0,595.8,257.618,,1.146
150,971,gifted,517.053,475.128,0.0,0.0,,
150,972,basic,262.465,195.942,0.0,0.0,1.887,
150,974,basic,88.126,80.401,206.633,185.523,1.304,1.334
150,977,basic,236.234,178.558,421.512,313.298,1.32,1.44
151,103,basic,268.646,240.021,306.486,273.651,1.66,1.662
151,104,basic,122.775,47.909,139.183,55.195,2.353,2.284
151,105,basic,464.223,213.186,330.008,147.172,2.329,2.496
151,105,gifted,182.828,167.882,0.0,0.0,,
151,106,basic,451.396,273.119,336.902,206.428,1.759,1.676
151,106,gifted,115.84,106.37,0.0,0.0,,
151,107,basic,524.143,251.076,546.11,260.531,2.524,2.548
151,109,basic,145.91,98.113,150.281,101.153,2.074,2.069
151,110,basic,379.991,198.653,393.027,205.213,2.1,2.107
151,113,basic,380.046,232.999,306.513,187.516,2.307,2.313
151,113,gifted,132.05,121.255,0.0,0.0,,
151,115,basic,142.032,81.106,167.973,95.677,1.717,1.731
151,117,basic,263.38,163.313,238.47,150.033,2.296,2.213
151,117,gifted,90.249,82.871,0.0,0.0,,
151,118,basic,261.429,134.852,426.893,220.996,2.085,2.065
151,130,basic,681.031,391.196,725.394,415.02,1.769,1.789
151,201,basic,73.249,48.559,98.804,63.344,1.034,1.215
151,202,basic,168.133,86.179,180.448,88.929,1.639,1.846
151,203,basic,263.668,182.192,287.481,196.112,1.328,1.401
151,204,basic,186.535,132.01,190.027,106.642,1.434,2.841
151,208,basic,206.056,173.234,0.0,0.0,1.263,
151,209,basic,145.147,47.194,163.114,52.955,0.771,0.779
151,210,basic,192.245,78.89,0.0,0.0,1.4,
151,211,basic,72.992,45.179,108.939,65.258,1.123,1.305
151,212,gifted,205.961,189.123,0.0,0.0,,
151,215,basic,116.943,67.503,132.916,76.598,0.895,0.91
151,218,basic,156.218,94.452,175.34,105.598,0.763,0.785
151,220,basic,84.375,70.823,0.0,0.0,1.363,
151,221,basic,166.812,115.096,244.134,149.159,0.975,1.555
151,222,basic,145.092,83.481,172.258,98.212,2.151,2.222
151,225,basic,89.87,43.783,96.149,46.509,1.244,1.283
151,226,basic,259.756,169.378,308.778,200.078,1.304,1.365
151,229,basic,246.729,205.208,0.0,0.0,1.141,
151,230,basic,106.546,70.868,140.19,88.728,1.058,1.351
151,233,basic,281.605,171.028,389.062,233.935,0.834,0.889
151,234,basic,74.311,60.895,0.0,0.0,1.189,
151,235,basic,89.813,55.929,126.252,77.856,1.257,1.321
151,236,basic,50.519,45.083,71.148,64.092,1.122,1.066
151,239,basic,277.037,159.758,284.726,163.992,1.715,1.722
151,241,basic,385.36,124.396,621.908,198.286,1.894,1.966
151,242,basic,160.108,109.693,0.0,0.0,1.219,
151,243,basic,216.424,111.35,306.934,157.158,0.972,1.001
151,244,basic,37.061,34.641,59.191,55.756,1.133,1.09
151,245,basic,319.237,283.347,389.12,345.432,1.221,1.234
151,246,basic,224.115,112.548,324.419,158.912,1.171,1.31
151,247,basic,366.596,116.502,665.542,205.311,1.586,1.743
151,248,basic,148.186,91.821,0.0,0.0,0.899,
151,249,basic,32.263,24.627,37.466,28.773,0.865,0.835
151,250,basic,87.814,64.861,154.441,115.435,0.976,0.908
151,251,basic,135.206,64.09,160.59,74.024,1.382,1.537
151,252,basic,252.797,180.648,279.922,192.869,1.469,1.661
151,255,basic,89.754,58.077,128.972,82.464,0.876,0.946
151,257,basic,125.553,110.736,186.782,161.91,1.079,1.191
151,259,basic,168.128,122.776,0.0,0.0,1.347,
151,261,basic,169.979,156.047,230.551,206.619,1.09,1.248
151,262,basic,184.904,142.712,158.723,120.183,1.069,1.173
151,264,basic,76.783,33.677,0.0,0.0,0.934,
151,266,basic,107.387,87.28,138.229,112.824,0.905,0.879
151,267,basic,114.894,102.662,139.076,124.268,1.023,1.024
151,268,basic,109.372,103.903,119.682,113.698,1.074,1.091
151,269,basic,103.921,97.869,130.116,122.426,1.034,1.083
151,270,basic,158.348,108.081,165.396,112.07,1.497,1.534
151,272,basic,43.083,40.582,0.0,0.0,1.077,
151,275,basic,92.728,87.607,127.036,119.301,1.178,1.335
151,276,basic,157.7,74.841,127.084,59.989,1.138,1.167
151,277,basic,130.452,84.101,149.598,96.229,1.007,1.02
151,279,basic,101.856,42.747,129.115,53.519,1.001,1.069
151,281,basic,67.064,44.397,75.463,49.456,0.796,0.847
151,282,basic,76.55,57.535,86.037,63.343,0.861,0.967
151,286,basic,176.914,111.404,224.893,131.196,1.908,2.374
151,287,gifted,190.0,174.467,0.0,0.0,,
151,288,basic,200.571,175.754,235.062,207.979,1.441,1.44
151,289,basic,155.165,135.669,0.0,0.0,1.363,
151,291,basic,375.818,269.162,564.943,418.478,2.339,2.097
151,292,basic,562.207,320.416,797.166,441.706,1.494,1.658
151,930,basic,399.395,361.267,500.398,453.786,2.402,2.315
151,935,basic,437.262,311.855,712.527,497.142,1.834,1.897
151,939,basic,216.829,103.848,0.0,0.0,1.719,
151,949,basic,377.68,317.974,631.41,515.624,1.528,1.695
151,955,basic,44.302,42.087,0.0,0.0,2.719,
151,971,basic,0.0,0.0,585.346,249.936,,1.137
151,971,gifted,515.692,473.533,0.0,0.0,,
151,972,basic,262.839,196.817,0.0,0.0,1.898,
151,974,basic,84.127,76.664,198.666,177.829,1.219,1.252
151,977,basic,237.663,179.169,422.516,312.242,1.298,1.421
152,103,basic,264.641,235.401,301.731,268.331,1.63,1.631
152,104,basic,133.16,49.409,146.524,55.961,2.413,2.294
152,105,basic,462.516,204.773,329.214,140.433,2.257,2.391
152,105,gifted,182.225,167.238,0.0,0.0,,
152,106,basic,461.985,279.119,344.513,212.385,1.77,1.688
152,106,gifted,117.142,107.508,0.0,0.0,,
152,107,basic,506.635,235.319,527.552,243.603,2.411,2.433
152,109,basic,142.99,95.227,147.241,98.227,2.048,2.042
152,110,basic,394.447,197.62,408.49,204.256,2.075,2.082
152,113,basic,383.552,224.981,309.743,181.346,2.32,2.33
152,113,gifted,132.96,122.025,0.0,0.0,,
152,115,basic,148.939,86.37,175.946,101.687,1.727,1.738
152,117,basic,240.183,142.153,214.831,130.324,2.283,2.194
152,117,gifted,88.728,81.431,0.0,0.0,,
152,118,basic,261.288,130.274,425.206,213.363,2.119,2.097
152,130,basic,660.741,387.545,703.907,410.659,1.675,1.693
152,201,basic,80.098,56.002,107.748,71.644,0.945,1.103
152,202,basic,168.131,86.342,179.824,88.088,1.484,1.631
152,203,basic,257.073,180.995,280.857,193.68,1.266,1.335
152,204,basic,179.841,129.014,189.942,93.78,1.348,2.77
152,208,basic,204.682,175.311,0.0,0.0,1.205,
152,209,basic,145.384,49.637,163.915,55.829,0.778,0.785
152,210,basic,192.005,77.392,0.0,0.0,1.345,
152,211,basic,74.746,48.025,110.604,67.633,1.095,1.259
152,212,gifted,206.114,189.162,0.0,0.0,,
152,215,basic,114.013,70.956,129.179,80.318,0.829,0.832
152,218,basic,160.953,104.156,180.76,116.274,0.753,0.772
152,220,basic,93.326,73.855,0.0,0.0,1.398,
152,221,basic,164.422,117.682,244.347,147.037,0.912,1.423
152,222,basic,145.472,87.655,172.442,102.485,1.726,1.761
152,225,basic,88.799,43.877,95.01,46.443,1.199,1.234
152,226,basic,260.216,169.373,309.974,198.499,1.221,1.298
152,229,basic,251.027,213.998,0.0,0.0,1.136,
152,230,basic,114.387,80.91,142.949,92.84,0.966,1.259
152,233,basic,281.609,181.938,390.268,247.632,0.813,0.871
152,234,basic,77.881,64.86,0.0,0.0,1.163,
152,235,basic,80.929,52.733,116.265,74.155,1.115,1.197
152,236,basic,51.362,44.773,71.924,63.577,1.044,0.998
152,239,basic,263.338,148.904,270.246,152.55,1.644,1.651
152,241,basic,381.548,115.805,616.272,183.728,1.825,1.889
152,242,basic,157.857,110.64,0.0,0.0,1.218,
152,243,basic,218.846,116.489,311.311,164.261,0.974,1.006
152,244,basic,37.256,34.355,59.035,55.286,1.136,1.098
152,245,basic,323.391,280.829,394.435,343.109,1.234,1.248
152,246,basic,224.576,116.609,327.553,163.088,1.103,1.24
152,247,basic,371.076,114.099,673.337,198.558,1.525,1.654
152,248,basic,143.895,95.447,0.0,0.0,0.873,
152,249,basic,33.282,27.166,38.42,31.769,0.849,0.814
152,250,basic,79.828,62.348,147.208,117.186,0.953,0.888
152,251,basic,141.004,65.132,167.922,74.381,1.346,1.485
152,252,basic,243.944,173.245,271.354,182.662,1.36,1.524
152,255,basic,88.84,61.549,126.95,86.429,0.839,0.901
152,257,basic,124.628,110.445,185.196,160.373,1.067,1.174
152,259,basic,180.49,135.687,0.0,0.0,1.256,
152,261,basic,177.036,160.776,238.633,210.95,1.071,1.202
152,262,basic,186.246,149.098,159.07,123.638,1.046,1.14
152,264,basic,79.465,35.764,0.0,0.0,0.929,
152,266,basic,110.031,93.174,142.236,121.208,0.888,0.865
152,267,basic,121.183,111.239,147.103,135.129,1.038,1.037
152,268,basic,109.406,103.935,119.148,113.19,1.07,1.084
152,269,basic,107.18,99.56,133.926,124.079,1.094,1.142
152,270,basic,150.58,105.255,157.391,108.976,1.36,1.389
152,272,basic,43.82,41.089,0.0,0.0,1.056,
152,275,basic,101.111,94.058,137.385,125.913,1.19,1.328
152,276,basic,144.754,70.092,118.699,56.823,1.089,1.128
152,277,basic,131.794,88.559,150.963,101.078,1.001,1.012
152,279,basic,103.649,44.863,130.191,55.319,0.985,1.045
152,281,basic,72.115,51.281,81.578,57.042,0.793,0.84
152,282,basic,69.741,56.216,78.226,61.239,0.831,0.914
152,286,basic,183.267,110.221,232.703,124.422,1.802,2.229
152,287,gifted,190.0,174.373,0.0,0.0,,
152,288,basic,194.745,164.566,227.75,195.306,1.405,1.384
152,289,basic,160.14,142.454,0.0,0.0,1.35,
152,291,basic,382.644,247.706,568.783,389.316,2.366,2.087
152,292,basic,565.292,324.38,800.621,439.776,1.458,1.613
152,930,basic,399.119,345.413,500.176,437.462,2.289,2.193
152,935,basic,437.084,303.569,712.218,479.634,1.725,1.795
152,939,basic,219.83,102.859,0.0,0.0,1.646,
152,949,basic,380.382,318.004,636.988,511.933,1.507,1.661
152,955,basic,45.895,43.6,0.0,0.0,2.786,
152,971,basic,0.0,0.0,588.549,256.194,,1.11
152,971,gifted,516.22,473.763,0.0,0.0,,
152,972,basic,257.892,189.549,0.0,0.0,1.786,
152,974,basic,88.994,80.1,212.386,187.288,1.179,1.185
152,977,basic,241.419,184.696,427.296,316.865,1.299,1.418
153,103,basic,260.992,244.331,297.685,278.545,1.678,1.68
153,104,basic,137.277,51.856,155.288,59.872,2.529,2.421
153,105,basic,453.021,212.697,322.494,147.725,2.32,2.485
153,105,gifted,181.884,167.314,0.0,0.0,,
153,106,basic,452.503,279.722,340.054,212.221,1.793,1.717
153,106,gifted,115.194,105.966,0.0,0.0,,
153,107,basic,501.509,249.71,523.468,259.663,2.555,2.582
153,109,basic,149.375,106.492,154.016,109.852,2.119,2.117
153,110,basic,397.264,206.484,410.684,213.266,2.154,2.16
153,113,basic,373.469,241.182,300.648,193.451,2.352,2.368
153,113,gifted,131.347,120.825,0.0,0.0,,
153,115,basic,142.691,83.628,169.201,98.912,1.715,1.732
153,117,basic,257.89,167.745,233.136,153.789,2.324,2.23
153,117,gifted,89.437,82.273,0.0,0.0,,
153,118,basic,268.805,141.479,437.887,231.274,2.126,2.104
153,130,basic,663.414,387.93,706.679,412.003,1.735,1.753
153,201,basic,79.241,51.026,105.856,66.364,1.071,1.246
153,202,basic,168.498,83.825,180.61,86.903,1.671,1.882
153,203,basic,256.772,177.172,280.217,191.22,1.316,1.391
153,204,basic,183.954,131.291,190.251,111.016,1.472,2.921
153,208,basic,205.749,175.246,0.0,0.0,1.301,
153,209,basic,147.064,40.653,165.009,45.559,0.773,0.781
153,210,basic,192.245,71.064,0.0,0.0,1.422,
153,211,basic,72.821,43.802,107.761,63.082,1.124,1.304
153,212,gifted,205.912,189.417,0.0,0.0,,
153,215,basic,119.623,64.575,135.864,73.313,0.931,0.941
153,218,basic,158.982,90.558,178.264,101.224,0.768,0.788
153,220,basic,87.471,73.723,0.0,0.0,1.493,
153,221,basic,167.787,108.404,247.721,142.282,1.085,1.774
153,222,basic,142.524,83.269,169.102,98.517,2.224,2.273
153,225,basic,83.227,38.133,88.911,40.504,1.239,1.276
153,226,basic,258.417,160.255,308.614,190.707,1.369,1.421
153,229,basic,255.016,213.998,0.0,0.0,1.167,
153,230,basic,113.87,74.045,145.243,90.72,1.087,1.37
153,233,basic,284.113,163.015,394.125,223.906,0.838,0.904
153,234,basic,79.322,66.407,0.0,0.0,1.194,
153,235,basic,86.597,52.545,121.876,73.218,1.229,1.303
153,236,basic,53.8,48.753,76.174,69.533,1.092,1.042
153,239,basic,271.552,155.976,278.863,160.009,1.706,1.714
153,241,basic,383.257,111.435,618.355,178.05,1.942,2.01
153,242,basic,167.184,113.262,0.0,0.0,1.244,
153,243,basic,214.575,102.028,305.807,144.807,0.992,1.022
153,244,basic,38.615,36.299,61.535,58.165,1.202,1.126
153,245,basic,319.881,286.884,390.562,350.62,1.254,1.262
153,246,basic,234.175,109.616,336.592,154.355,1.242,1.381
153,247,basic,373.132,104.744,677.142,185.353,1.627,1.788
153,248,basic,145.341,87.0,0.0,0.0,0.883,
153,249,basic,30.538,22.857,35.043,26.428,0.913,0.868
153,250,basic,84.319,61.861,150.618,111.538,0.965,0.901
153,251,basic,136.266,59.197,162.383,68.768,1.405,1.575
153,252,basic,244.406,173.039,271.643,186.03,1.466,1.676
153,255,basic,89.69,56.224,127.858,79.456,0.868,0.93
153,257,basic,120.062,106.687,180.046,157.627,1.069,1.182
153,259,basic,166.133,122.857,0.0,0.0,1.36,
153,261,basic,171.862,159.919,231.634,211.93,1.103,1.256
153,262,basic,192.402,147.459,164.493,123.958,1.081,1.192
153,264,basic,77.322,30.062,0.0,0.0,0.92,
153,266,basic,110.426,87.88,142.35,113.691,0.91,0.885
153,267,basic,115.536,104.857,140.016,127.088,1.033,1.033
153,268,basic,111.859,106.266,122.156,116.048,1.084,1.1
153,269,basic,107.497,101.774,134.073,126.932,1.054,1.1
153,270,basic,162.154,112.29,169.217,116.395,1.512,1.553
153,272,basic,42.476,40.234,0.0,0.0,1.075,
153,275,basic,95.149,90.104,129.607,122.314,1.19,1.349
153,276,basic,147.913,63.898,120.47,51.731,1.137,1.177
153,277,basic,126.807,79.295,145.527,90.821,1.0,1.013
153,279,basic,99.504,37.494,125.969,46.982,0.996,1.064
153,281,basic,72.435,46.253,82.042,51.846,0.817,0.88
153,282,basic,73.66,54.791,82.733,60.436,0.876,0.989
153,286,basic,181.077,109.571,229.573,130.558,2.191,2.668
153,287,gifted,190.0,174.78,0.0,0.0,,
153,288,basic,182.711,162.834,213.68,193.182,1.452,1.422
153,289,basic,156.374,143.841,0.0,0.0,1.395,
153,291,basic,384.304,280.963,573.614,432.372,2.496,2.209
153,292,basic,567.927,317.322,803.599,439.241,1.54,1.693
153,930,basic,399.284,372.555,500.345,466.449,2.447,2.362
153,935,basic,436.785,320.935,711.889,510.366,1.913,1.95
153,939,basic,219.699,100.838,0.0,0.0,1.766,
153,949,basic,377.319,331.261,635.103,545.162,1.612,1.773
153,955,basic,45.988,43.688,0.0,0.0,2.786,
153,971,basic,0.0,0.0,586.913,227.091,,1.151
153,971,gifted,516.282,474.925,0.0,0.0,,
153,972,basic,265.688,207.979,0.0,0.0,1.903,
153,974,basic,85.699,79.426,203.389,185.366,1.252,1.296
153,977,basic,234.223,179.731,417.711,315.215,1.302,1.424
154,103,basic,275.602,239.269,314.275,272.749,1.631,1.632
154,104,basic,145.655,57.051,165.715,66.118,2.395,2.322
154,105,basic,454.659,211.956,325.765,147.045,2.281,2.434
154,105,gifted,180.728,165.608,0.0,0.0,,
154,106,basic,451.33,271.615,339.701,207.593,1.738,1.655
154,106,gifted,115.492,105.83,0.0,0.0,,
154,107,basic,495.048,239.738,516.261,248.83,2.494,2.518
154,109,basic,149.958,97.413,154.387,100.324,2.103,2.101
154,110,basic,409.922,201.972,424.178,208.746,2.144,2.15
154,113,basic,398.266,237.151,320.222,189.972,2.326,2.339
154,113,gifted,138.327,126.754,0.0,0.0,,
154,115,basic,143.759,84.096,169.799,99.06,1.712,1.725
154,117,basic,256.175,150.024,229.904,137.668,2.325,2.219
154,117,gifted,89.439,81.956,0.0,0.0,,
154,118,basic,267.72,137.811,437.988,226.445,2.123,2.103
154,130,basic,644.139,368.615,685.683,391.301,1.657,1.67
154,201,basic,74.44,51.806,100.474,67.332,1.001,1.17
154,202,basic,173.284,92.381,185.848,94.582,1.632,1.836
154,203,basic,261.384,186.382,285.256,200.233,1.296,1.369
154,204,basic,173.616,126.999,187.467,103.114,1.385,2.848
154,208,basic,208.432,171.752,0.0,0.0,1.209,
154,209,basic,146.157,52.367,165.073,59.039,0.786,0.793
154,210,basic,192.89,81.433,0.0,0.0,1.378,
154,211,basic,80.232,52.735,117.153,74.261,1.099,1.267
154,212,gifted,205.659,188.453,0.0,0.0,,
154,215,basic,120.671,70.226,137.601,79.951,0.989,1.005
154,218,basic,153.998,98.943,172.979,110.633,0.763,0.783
154,220,basic,92.414,74.495,0.0,0.0,1.445,
154,221,basic,162.741,109.589,240.977,140.349,0.965,1.541
154,222,basic,150.316,87.699,177.634,102.931,2.081,2.126
154,225,basic,79.04,41.287,84.267,43.773,1.181,1.207
154,226,basic,261.178,162.198,311.665,192.608,1.326,1.381
154,229,basic,246.903,207.897,0.0,0.0,1.14,
154,230,basic,109.462,77.893,140.712,94.304,0.994,1.286
154,233,basic,284.838,181.593,396.802,248.969,0.842,0.916
154,234,basic,77.094,64.822,0.0,0.0,1.169,
154,235,basic,86.852,55.194,123.479,77.118,1.189,1.279
154,236,basic,46.806,41.277,64.89,57.892,1.005,0.958
154,239,basic,279.595,167.479,286.908,171.713,1.681,1.686
154,241,basic,383.307,130.449,618.445,207.483,1.872,1.942
154,242,basic,155.483,109.95,0.0,0.0,1.231,
154,243,basic,213.037,116.477,303.601,164.95,0.967,0.999
154,244,basic,36.769,34.041,57.28,53.773,1.135,1.072
154,245,basic,321.981,275.293,391.918,335.634,1.256,1.26
154,246,basic,240.236,128.103,342.728,177.814,1.175,1.302
154,247,basic,366.811,124.833,666.557,218.973,1.557,1.712
154,248,basic,146.769,97.986,0.0,0.0,0.885,
154,249,basic,26.095,20.238,29.881,23.461,0.932,0.883
154,250,basic,84.633,65.913,150.35,118.638,0.96,0.897
154,251,basic,134.454,63.446,160.508,73.17,1.39,1.55
154,252,basic,232.012,162.546,258.693,173.596,1.432,1.619
154,255,basic,85.652,59.444,123.039,84.322,0.851,0.915
154,257,basic,121.091,104.846,182.636,154.931,1.081,1.193
154,259,basic,158.854,121.912,0.0,0.0,1.278,
154,261,basic,164.746,150.129,222.393,197.908,1.052,1.188
154,262,basic,187.675,148.218,159.947,123.593,1.045,1.143
154,264,basic,78.026,35.209,0.0,0.0,0.915,
154,266,basic,111.163,89.723,143.257,116.218,0.898,0.872
154,267,basic,122.769,109.783,148.99,133.283,1.028,1.027
154,268,basic,108.198,102.788,117.822,111.931,1.068,1.082
154,269,basic,106.239,99.189,132.75,123.675,1.116,1.165
154,270,basic,153.185,109.197,159.887,113.181,1.449,1.478
154,272,basic,41.043,38.567,0.0,0.0,1.081,
154,275,basic,88.872,83.028,122.091,112.582,1.172,1.324
154,276,basic,148.591,72.553,121.133,58.754,1.116,1.148
154,277,basic,121.515,82.781,139.496,94.754,1.003,1.016
154,279,basic,98.518,44.443,124.127,55.227,0.986,1.049
154,281,basic,70.169,49.843,79.331,55.634,0.799,0.852
154,282,basic,77.538,61.495,87.121,67.394,0.886,0.992
154,286,basic,180.979,107.406,229.909,124.605,1.911,2.375
154,287,gifted,190.0,174.104,0.0,0.0,,
154,288,basic,184.687,159.354,214.408,187.754,1.373,1.349
154,289,basic,154.089,136.009,0.0,0.0,1.381,
154,291,basic,377.606,249.782,564.791,391.889,2.311,2.047
154,292,basic,564.864,329.733,798.865,452.233,1.483,1.635
154,930,basic,399.076,354.576,500.092,446.465,2.367,2.275
154,935,basic,437.619,307.104,712.841,490.79,1.811,1.866
154,939,basic,222.886,107.2,0.0,0.0,1.719,
154,949,basic,376.557,319.964,631.741,521.031,1.535,1.691
154,955,basic,45.611,43.331,0.0,0.0,2.744,
154,971,basic,0.0,0.0,583.985,267.445,,1.113
154,971,gifted,515.961,472.794,0.0,0.0,,
154,972,basic,256.289,187.032,0.0,0.0,1.864,
154,974,basic,85.84,78.592,205.532,184.502,1.183,1.211
154,977,basic,233.034,182.837,416.058,318.698,1.293,1.417
155,103,basic,259.098,226.109,295.437,257.733,1.637,1.639
155,104,basic,133.917,51.75,147.422,58.257,2.265,2.177
155,105,basic,469.746,211.39,334.479,145.848,2.296,2.435
155,105,gifted,184.031,168.75,0.0,0.0,,
155,106,basic,454.893,269.351,337.406,203.136,1.758,1.671
155,106,gifted,115.996,106.365,0.0,0.0,,
155,107,basic,506.843,239.383,528.252,248.231,2.453,2.477
155,109,basic,153.241,99.785,158.103,103.05,2.053,2.049
155,110,basic,397.936,193.337,411.699,199.714,2.105,2.112
155,113,basic,391.838,230.475,320.802,187.982,2.325,2.339
155,113,gifted,133.551,122.462,0.0,0.0,,
155,115,basic,139.453,79.959,165.153,94.377,1.725,1.739
155,117,basic,260.754,151.219,234.931,139.167,2.309,2.215
155,117,gifted,89.815,82.358,0.0,0.0,,
155,118,basic,265.437,132.698,432.164,217.237,2.139,2.115
155,130,basic,669.653,373.504,712.871,396.142,1.702,1.717
155,201,basic,80.343,55.246,107.653,71.133,1.009,1.174
155,202,basic,171.408,88.179,184.128,89.943,1.641,1.852
155,203,basic,255.825,180.565,279.592,194.042,1.308,1.381
155,204,basic,185.965,135.633,189.783,102.516,1.363,2.788
155,208,basic,208.224,172.803,0.0,0.0,1.217,
155,209,basic,154.552,52.529,173.775,58.951,0.771,0.778
155,210,basic,193.451,78.19,0.0,0.0,1.389,
155,211,basic,77.337,50.069,114.461,71.162,1.104,1.277
155,212,gifted,205.866,188.772,0.0,0.0,,
155,215,basic,121.925,71.459,138.705,81.008,0.889,0.906
155,218,basic,165.106,104.741,185.236,116.925,0.761,0.781
155,220,basic,86.622,72.103,0.0,0.0,1.29,
155,221,basic,167.836,112.377,246.321,142.811,0.966,1.498
155,222,basic,146.771,83.194,173.314,98.025,2.117,2.134
155,225,basic,85.069,42.758,91.01,45.366,1.211,1.246
155,226,basic,253.866,158.416,303.533,187.476,1.263,1.334
155,229,basic,251.06,212.865,0.0,0.0,1.135,
155,230,basic,113.8,79.067,144.342,94.301,1.06,1.341
155,233,basic,279.518,176.443,385.371,240.44,0.826,0.875
155,234,basic,78.315,65.82,0.0,0.0,1.176,
155,235,basic,84.432,52.787,119.093,73.396,1.195,1.268
155,236,basic,50.158,43.809,70.902,62.719,1.063,1.013
155,239,basic,266.353,156.778,273.58,160.805,1.656,1.662
155,241,basic,382.946,122.822,618.578,195.244,1.856,1.929
155,242,basic,164.768,115.812,0.0,0.0,1.216,
155,243,basic,211.221,112.604,301.208,159.493,0.97,1.001
155,244,basic,36.405,33.859,58.043,54.544,1.115,1.086
155,245,basic,318.862,276.435,388.666,336.8,1.217,1.232
155,246,basic,236.613,121.799,340.664,170.182,1.195,1.325
155,247,basic,367.738,117.909,668.058,206.828,1.547,1.687
155,248,basic,148.01,97.203,0.0,0.0,0.895,
155,249,basic,26.712,20.864,30.706,24.196,0.895,0.864
155,250,basic,83.912,65.433,153.24,121.109,0.951,0.892
155,251,basic,136.514,63.087,162.754,72.703,1.341,1.485
155,252,basic,246.607,173.651,273.652,184.551,1.398,1.57
155,255,basic,88.738,61.076,127.696,86.446,0.846,0.921
155,257,basic,121.145,106.393,179.833,154.623,1.06,1.17
155,259,basic,170.73,128.82,0.0,0.0,1.337,
155,261,basic,176.015,160.302,238.116,210.963,1.078,1.227
155,262,basic,183.711,144.479,157.593,121.153,1.071,1.165
155,264,basic,87.548,38.068,0.0,0.0,0.921,
155,266,basic,107.291,87.153,137.975,112.755,0.901,0.873
155,267,basic,119.493,107.663,144.775,130.477,1.02,1.02
155,268,basic,109.492,104.018,119.658,113.675,1.062,1.076
155,269,basic,106.009,99.177,132.803,124.016,1.066,1.119
155,270,basic,153.044,107.783,159.785,111.571,1.457,1.49
155,272,basic,41.85,39.353,0.0,0.0,1.042,
155,275,basic,102.265,95.86,138.246,128.11,1.15,1.294
155,276,basic,155.904,73.741,125.474,58.909,1.121,1.153
155,277,basic,126.696,85.457,145.301,97.694,1.003,1.017
155,279,basic,105.546,45.806,132.6,56.697,0.986,1.048
155,281,basic,68.336,48.098,77.389,53.694,0.802,0.856
155,282,basic,79.005,62.954,88.579,68.73,0.865,0.968
155,286,basic,179.872,107.616,228.562,124.268,1.816,2.258
155,287,gifted,190.0,174.224,0.0,0.0,,
155,288,basic,189.043,163.627,221.326,193.481,1.392,1.391
155,289,basic,160.424,143.156,0.0,0.0,1.35,
155,291,basic,377.303,255.018,564.723,399.278,2.223,1.98
155,292,basic,562.267,323.364,796.934,441.845,1.467,1.633
155,930,basic,399.451,356.172,500.517,448.241,2.374,2.285
155,935,basic,437.97,307.912,713.26,489.423,1.785,1.855
155,939,basic,211.4,99.996,0.0,0.0,1.647,
155,949,basic,382.046,324.152,639.714,525.064,1.546,1.71
155,955,basic,46.912,44.567,0.0,0.0,2.775,
155,971,basic,0.0,0.0,583.439,256.258,,1.127
155,971,gifted,515.362,472.57,0.0,0.0,,
155,972,basic,262.31,192.143,0.0,0.0,1.851,
155,974,basic,87.379,79.696,207.473,185.382,1.219,1.235
155,977,basic,242.317,188.612,429.893,326.511,1.316,1.435
156,103,basic,265.29,221.943,302.723,253.04,1.652,1.655
156,104,basic,125.094,45.963,138.08,51.554,2.125,2.065
156,105,basic,451.233,188.866,327.644,132.501,2.244,2.388
156,105,gifted,180.511,165.632,0.0,0.0,,
156,106,basic,461.646,254.09,342.91,191.934,1.777,1.693
156,106,gifted,115.76,106.218,0.0,0.0,,
156,107,basic,534.589,227.121,556.93,235.348,2.534,2.558
156,109,basic,142.419,87.636,146.54,90.228,2.007,2.005
156,110,basic,391.095,177.54,404.649,183.399,2.107,2.114
156,113,basic,402.359,221.931,328.973,181.651,2.292,2.286
156,113,gifted,137.445,126.117,0.0,0.0,,
156,115,basic,152.954,81.367,180.446,95.748,1.725,1.735
156,117,basic,251.076,136.197,225.421,124.944,2.293,2.203
156,117,gifted,88.994,81.659,0.0,0.0,,
156,118,basic,270.842,126.945,444.249,208.785,2.067,2.056
156,130,basic,663.787,348.75,706.71,369.992,1.667,1.681
156,201,basic,82.603,59.026,111.669,76.218,1.004,1.182
156,202,basic,169.024,89.948,181.502,91.852,1.587,1.777
156,203,basic,265.227,193.908,289.593,207.88,1.31,1.384
156,204,basic,172.513,129.534,186.122,101.631,1.376,2.805
156,208,basic,203.781,173.887,0.0,0.0,1.165,
156,209,basic,146.091,50.617,164.566,56.909,0.771,0.778
156,210,basic,193.151,80.551,0.0,0.0,1.367,
156,211,basic,71.575,48.039,104.667,67.399,1.091,1.255
156,212,gifted,205.729,188.772,0.0,0.0,,
156,215,basic,118.967,72.043,135.777,81.792,0.894,0.916
156,218,basic,149.827,98.931,168.624,110.735,0.752,0.773
156,220,basic,90.199,73.541,0.0,0.0,1.434,
156,221,basic,163.97,116.384,240.772,147.527,0.94,1.445
156,222,basic,147.232,88.875,174.308,103.978,1.951,2.002
156,225,basic,79.603,41.212,85.1,43.73,1.192,1.221
156,226,basic,265.553,173.225,315.055,203.367,1.266,1.335
156,229,basic,251.822,221.555,0.0,0.0,1.143,
156,230,basic,115.508,83.426,146.128,98.976,1.046,1.318
156,233,basic,280.287,183.269,388.266,250.247,0.836,0.893
156,234,basic,74.803,64.371,0.0,0.0,1.163,
156,235,basic,85.166,55.462,120.956,77.398,1.18,1.261
156,236,basic,47.449,42.224,65.975,59.378,1.045,0.998
156,239,basic,270.473,162.003,277.758,166.188,1.684,1.689
156,241,basic,385.246,124.744,621.096,197.999,1.846,1.912
156,242,basic,154.663,111.808,0.0,0.0,1.236,
156,243,basic,220.78,121.172,313.245,170.779,0.984,1.013
156,244,basic,35.348,32.807,55.298,51.929,1.123,1.077
156,245,basic,319.208,282.182,389.128,344.788,1.254,1.264
156,246,basic,244.79,129.923,348.363,179.207,1.173,1.298
156,247,basic,369.805,119.0,670.617,207.934,1.572,1.712
156,248,basic,148.561,101.138,0.0,0.0,0.88,
156,249,basic,30.212,24.728,34.631,28.622,0.87,0.838
156,250,basic,88.927,72.056,157.747,129.732,0.958,0.898
156,251,basic,128.099,61.22,152.933,70.481,1.337,1.481
156,252,basic,241.956,179.39,268.504,190.368,1.376,1.54
156,255,basic,88.068,63.306,125.399,88.742,0.816,0.882
156,257,basic,129.175,116.819,190.841,169.507,1.1,1.206
156,259,basic,159.802,126.937,0.0,0.0,1.258,
156,261,basic,179.73,165.466,241.698,217.602,1.072,1.209
156,262,basic,188.195,154.592,160.701,128.653,1.057,1.158
156,264,basic,81.01,36.346,0.0,0.0,0.929,
156,266,basic,105.119,90.489,135.451,117.294,0.875,0.85
156,267,basic,119.501,110.831,145.057,134.6,1.019,1.019
156,268,basic,108.205,102.795,118.167,112.259,1.077,1.092
156,269,basic,105.259,98.763,131.565,123.311,1.042,1.092
156,270,basic,152.435,111.575,159.281,115.587,1.425,1.455
156,272,basic,42.048,39.602,0.0,0.0,1.031,
156,275,basic,94.927,89.412,128.532,120.095,1.186,1.325
156,276,basic,151.657,74.34,122.953,59.697,1.113,1.152
156,277,basic,129.145,90.043,148.133,102.943,1.019,1.032
156,279,basic,108.122,47.895,136.448,59.448,1.007,1.072
156,281,basic,70.847,51.487,80.835,57.717,0.819,0.881
156,282,basic,78.297,64.235,88.02,70.131,0.907,1.012
156,286,basic,182.124,114.035,230.874,130.54,1.786,2.224
156,287,gifted,190.0,174.34,0.0,0.0,,
156,288,basic,192.18,169.26,223.505,199.034,1.35,1.349
156,289,basic,154.796,132.943,0.0,0.0,1.354,
156,291,basic,371.879,256.129,558.435,404.909,2.155,1.937
156,292,basic,565.603,322.053,801.937,438.788,1.466,1.638
156,930,basic,399.517,355.042,500.5,446.796,2.368,2.278
156,935,basic,437.951,310.295,713.071,498.24,1.702,1.786
156,939,basic,218.105,102.942,0.0,0.0,1.621,
156,949,basic,381.709,317.401,643.61,518.69,1.547,1.708
156,955,basic,48.344,45.927,0.0,0.0,2.83,
156,971,basic,0.0,0.0,582.838,263.338,,1.111
156,971,gifted,515.229,472.762,0.0,0.0,,
156,972,basic,259.638,190.208,0.0,0.0,1.835,
156,974,basic,87.68,80.276,209.045,187.769,1.207,1.219
156,977,basic,244.32,196.511,430.902,337.952,1.316,1.432
157,103,basic,265.327,213.295,302.447,243.105,1.656,1.657
157,104,basic,145.645,59.636,158.84,66.906,2.609,2.445
157,105,basic,449.492,217.04,320.464,151.201,2.287,2.447
157,105,gifted,182.167,166.926,0.0,0.0,,
157,106,basic,465.258,272.849,348.367,206.053,1.827,1.753
157,106,gifted,116.014,106.307,0.0,0.0,,
157,107,basic,509.814,252.591,531.064,262.244,2.538,2.562
157,109,basic,160.755,101.233,166.087,104.551,2.184,2.186
157,110,basic,388.577,204.913,402.352,212.009,2.165,2.171
157,113,basic,399.501,232.436,325.71,188.368,2.409,2.436
157,113,gifted,135.449,124.117,0.0,0.0,,
157,115,basic,156.212,88.558,184.311,104.312,1.741,1.753
157,117,basic,264.851,157.664,237.674,143.897,2.372,2.255
157,117,gifted,90.48,82.91,0.0,0.0,,
157,118,basic,265.405,139.387,432.988,228.121,2.101,2.079
157,130,basic,656.79,381.215,699.002,404.812,1.715,1.73
157,201,basic,86.145,57.694,115.411,75.227,1.078,1.262
157,202,basic,165.493,91.403,178.063,94.916,1.702,1.938
157,203,basic,251.026,173.747,274.236,187.642,1.323,1.404
157,204,basic,180.396,127.294,187.103,108.458,1.428,2.892
157,208,basic,211.323,166.06,0.0,0.0,1.235,
157,209,basic,156.528,63.814,177.054,72.103,0.777,0.784
157,210,basic,193.437,92.071,0.0,0.0,1.42,
157,211,basic,73.503,47.222,107.126,67.061,1.107,1.286
157,212,gifted,205.692,188.483,0.0,0.0,,
157,215,basic,120.857,74.446,138.064,84.755,0.951,0.98
157,218,basic,163.056,103.35,182.637,115.402,0.77,0.791
157,220,basic,87.035,69.146,0.0,0.0,1.439,
157,221,basic,159.722,110.535,236.645,146.397,1.051,1.734
157,222,basic,152.966,88.014,180.646,103.8,2.4,2.439
157,225,basic,91.497,49.268,97.68,52.339,1.269,1.303
157,226,basic,251.579,168.307,301.399,200.67,1.329,1.388
157,229,basic,247.369,195.982,0.0,0.0,1.158,
157,230,basic,111.329,74.997,144.226,93.556,1.07,1.346
157,233,basic,277.705,176.747,386.899,243.605,0.844,0.919
157,234,basic,76.539,60.067,0.0,0.0,1.207,
157,235,basic,85.818,54.737,123.019,77.821,1.368,1.435
157,236,basic,46.314,40.657,64.67,57.252,1.077,1.022
157,239,basic,281.651,170.133,289.063,174.523,1.73,1.734
157,241,basic,380.752,150.689,615.215,241.033,1.939,2.012
157,242,basic,156.025,107.737,0.0,0.0,1.245,
157,243,basic,216.869,121.944,307.366,172.144,0.974,1.003
157,244,basic,37.65,35.059,59.055,55.477,1.127,1.091
157,245,basic,318.807,268.685,389.017,327.458,1.24,1.253
157,246,basic,239.519,132.053,341.165,184.61,1.19,1.321
157,247,basic,365.858,144.085,665.737,255.574,1.616,1.787
157,248,basic,142.716,92.212,0.0,0.0,0.892,
157,249,basic,28.63,21.495,33.172,25.047,0.915,0.879
157,250,basic,91.557,66.721,161.047,118.47,0.97,0.904
157,251,basic,136.34,71.536,162.29,83.138,1.464,1.632
157,252,basic,246.557,172.971,273.871,186.093,1.518,1.73
157,255,basic,88.135,58.604,127.981,84.223,0.871,0.947
157,257,basic,118.583,98.682,178.254,145.995,1.07,1.186
157,259,basic,153.138,112.146,0.0,0.0,1.211,
157,261,basic,176.929,157.722,240.66,209.216,1.101,1.257
157,262,basic,190.668,143.667,162.739,120.801,1.081,1.184
157,264,basic,82.633,41.877,0.0,0.0,0.962,
157,266,basic,105.6,83.198,136.058,107.573,0.889,0.863
157,267,basic,121.957,103.568,148.699,126.255,1.022,1.023
157,268,basic,112.18,106.571,122.72,116.584,1.065,1.078
157,269,basic,112.625,104.57,140.252,129.798,1.049,1.098
157,270,basic,164.415,111.316,171.53,115.37,1.547,1.589
157,272,basic,41.718,39.196,0.0,0.0,1.053,
157,275,basic,88.682,82.567,122.706,112.81,1.185,1.337
157,276,basic,148.457,79.243,122.141,64.905,1.13,1.161
157,277,basic,126.166,82.953,144.589,94.867,1.027,1.042
157,279,basic,106.389,51.6,134.291,64.464,1.028,1.1
157,281,basic,68.001,45.794,77.378,51.532,0.823,0.894
157,282,basic,77.683,56.996,86.644,62.495,0.899,1.011
157,286,basic,179.565,112.525,228.668,133.871,2.114,2.639
157,287,gifted,190.0,174.104,0.0,0.0,,
157,288,basic,181.816,153.244,212.958,180.844,1.413,1.399
157,289,basic,154.281,121.034,0.0,0.0,1.368,
157,291,basic,373.63,252.226,559.691,392.631,2.396,2.127
157,292,basic,560.983,328.477,795.368,455.16,1.523,1.692
157,930,basic,399.056,340.512,500.115,430.33,2.361,2.273
157,935,basic,437.852,293.998,713.153,476.614,1.94,1.972
157,939,basic,221.742,115.164,0.0,0.0,1.774,
157,949,basic,382.204,292.499,643.045,481.579,1.592,1.748
157,955,basic,47.014,44.664,0.0,0.0,2.762,
157,971,basic,0.0,0.0,583.814,286.772,,1.142
157,971,gifted,515.807,472.652,0.0,0.0,,
157,972,basic,257.143,180.225,0.0,0.0,1.948,
157,974,basic,87.215,76.731,205.879,179.422,1.217,1.25
157,977,basic,239.608,175.237,424.712,306.29,1.353,1.46
158,103,basic,258.828,240.431,295.147,274.064,1.652,1.653
158,104,basic,135.177,57.263,149.005,64.459,2.352,2.254
158,105,basic,451.589,227.097,323.68,158.201,2.337,2.502
158,105,gifted,180.687,166.217,0.0,0.0,,
158,106,basic,454.008,294.594,337.781,221.861,1.783,1.697
158,106,gifted,115.476,106.228,0.0,0.0,,
158,107,basic,526.341,278.247,548.046,288.598,2.509,2.532
158,109,basic,144.889,104.47,149.315,107.713,2.1,2.097
158,110,basic,386.559,210.796,400.557,218.157,2.12,2.128
158,113,basic,389.429,256.482,321.108,210.858,2.371,2.381
158,113,gifted,133.665,122.961,0.0,0.0,,
158,115,basic,152.928,95.452,181.505,112.941,1.738,1.756
158,117,basic,248.251,162.137,221.738,147.557,2.35,2.242
158,117,gifted,89.307,82.155,0.0,0.0,,
158,118,basic,273.593,153.065,445.834,250.394,2.116,2.094
158,130,basic,662.693,406.323,705.609,431.271,1.703,1.72
158,201,basic,77.219,49.935,103.736,65.009,1.057,1.233
158,202,basic,174.196,87.082,186.615,89.631,1.685,1.903
158,203,basic,274.572,184.589,299.6,198.716,1.365,1.443
158,204,basic,181.337,126.88,186.912,104.356,1.406,2.802
158,208,basic,209.664,173.367,0.0,0.0,1.27,
158,209,basic,148.294,46.192,167.781,52.17,0.783,0.793
158,210,basic,191.307,74.347,0.0,0.0,1.402,
158,211,basic,73.076,44.649,106.961,63.367,1.112,1.287
158,212,gifted,205.623,189.156,0.0,0.0,,
158,215,basic,117.432,63.51,133.604,72.155,0.952,0.967
158,218,basic,158.418,93.046,178.662,104.511,0.771,0.794
158,220,basic,84.55,68.432,0.0,0.0,1.433,
158,221,basic,165.041,103.634,244.893,134.84,1.06,1.717
158,222,basic,147.961,82.566,174.251,97.414,2.231,2.246
158,225,basic,84.515,40.121,90.518,42.721,1.252,1.285
158,226,basic,254.443,151.934,304.488,180.989,1.349,1.406
158,229,basic,247.309,200.023,0.0,0.0,1.145,
158,230,basic,110.928,72.771,142.087,89.136,1.073,1.344
158,233,basic,280.397,164.607,389.368,225.967,0.837,0.903
158,234,basic,77.462,62.627,0.0,0.0,1.163,
158,235,basic,77.376,46.011,110.825,65.13,1.246,1.323
158,236,basic,46.3,40.627,64.302,57.017,1.072,1.022
158,239,basic,280.033,158.569,287.151,162.492,1.746,1.75
158,241,basic,386.062,120.239,622.273,191.869,1.921,1.981
158,242,basic,162.274,108.45,0.0,0.0,1.225,
158,243,basic,216.156,107.9,307.432,152.715,0.977,1.008
158,244,basic,35.932,33.472,57.4,54.016,1.19,1.13
158,245,basic,318.388,268.26,388.912,327.563,1.242,1.251
158,246,basic,233.44,114.576,334.313,160.279,1.179,1.314
158,247,basic,368.137,112.421,667.641,198.056,1.623,1.782
158,248,basic,146.642,89.716,0.0,0.0,0.895,
158,249,basic,27.493,20.085,31.652,23.31,0.915,0.874
158,250,basic,84.943,61.98,150.948,111.503,0.974,0.902
158,251,basic,138.704,61.295,164.904,70.826,1.408,1.571
158,252,basic,245.488,167.029,272.569,178.663,1.466,1.667
158,255,basic,89.804,57.268,128.237,80.937,0.88,0.943
158,257,basic,118.474,100.578,177.704,148.19,1.06,1.169
158,259,basic,164.209,119.645,0.0,0.0,1.319,
158,261,basic,171.897,156.901,231.79,206.818,1.077,1.216
158,262,basic,185.667,138.825,158.902,116.687,1.065,1.166
158,264,basic,81.084,33.09,0.0,0.0,0.918,
158,266,basic,110.778,85.07,142.783,110.114,0.912,0.886
158,267,basic,116.829,100.318,141.692,121.668,1.018,1.018
158,268,basic,111.356,105.788,121.58,115.501,1.066,1.081
158,269,basic,104.168,97.775,130.14,121.99,1.048,1.093
158,270,basic,158.261,107.33,165.286,111.303,1.508,1.545
158,272,basic,42.137,39.747,0.0,0.0,1.04,
158,275,basic,88.47,83.151,121.995,113.653,1.196,1.348
158,276,basic,153.375,68.826,123.594,55.167,1.123,1.154
158,277,basic,120.468,76.224,138.373,87.337,1.023,1.037
158,279,basic,101.431,41.043,128.215,51.281,1.006,1.072
158,281,basic,69.094,45.218,77.76,50.38,0.794,0.846
158,282,basic,76.767,57.304,86.125,63.11,0.859,0.956
158,286,basic,180.787,102.491,229.558,121.158,2.126,2.596
158,287,gifted,190.0,174.784,0.0,0.0,,
158,288,basic,189.382,161.772,221.151,191.835,1.46,1.426
158,289,basic,155.473,142.587,0.0,0.0,1.393,
158,291,basic,383.796,266.073,572.717,408.997,2.424,2.148
158,292,basic,562.891,326.383,797.752,450.541,1.506,1.664
158,930,basic,399.041,363.696,500.024,456.447,2.399,2.312
158,935,basic,436.68,316.838,711.762,499.508,1.865,1.914
158,939,basic,219.162,103.346,0.0,0.0,1.763,
158,949,basic,382.649,328.914,643.461,540.447,1.633,1.778
158,955,basic,46.146,43.839,0.0,0.0,2.835,
158,971,basic,0.0,0.0,581.553,240.95,,1.129
158,971,gifted,515.26,473.997,0.0,0.0,,
158,972,basic,258.832,197.598,0.0,0.0,1.885,
158,974,basic,84.608,77.291,201.434,180.677,1.209,1.25
158,977,basic,236.647,176.273,420.566,307.749,1.331,1.443
159,103,basic,262.672,238.885,299.607,272.326,1.672,1.674
159,104,basic,136.257,50.123,154.584,57.902,2.339,2.269
159,105,basic,442.785,195.776,314.03,134.459,2.273,2.425
159,105,gifted,179.078,164.336,0.0,0.0,,
159,106,basic,459.34,275.308,345.238,209.856,1.744,1.666
159,106,gifted,116.715,107.106,0.0,0.0,,
159,107,basic,498.477,232.599,519.654,241.339,2.518,2.541
159,109,basic,147.408,100.653,151.91,103.815,2.063,2.06
159,110,basic,392.086,192.654,405.303,198.91,2.113,2.119
159,113,basic,395.336,238.965,314.539,189.737,2.315,2.319
159,113,gifted,136.15,124.942,0.0,0.0,,
159,115,basic,151.681,86.136,178.58,101.241,1.73,1.738
159,117,basic,258.419,158.501,233.565,145.8,2.27,2.188
159,117,gifted,89.544,82.172,0.0,0.0,,
159,118,basic,262.557,131.779,429.001,216.206,2.098,2.079
159,130,basic,665.176,380.251,708.554,403.547,1.699,1.714
159,201,basic,77.341,51.495,105.071,67.136,1.074,1.259
159,202,basic,173.841,87.968,186.406,90.004,1.623,1.826
159,203,basic,265.489,185.783,290.056,199.622,1.348,1.426
159,204,basic,168.978,123.596,183.623,102.567,1.419,2.786
159,208,basic,203.488,174.397,0.0,0.0,1.24,
159,209,basic,146.214,44.196,164.721,49.69,0.767,0.776
159,210,basic,192.038,74.096,0.0,0.0,1.349,
159,211,basic,76.641,48.196,112.828,68.307,1.111,1.283
159,212,gifted,205.834,188.888,0.0,0.0,,
159,215,basic,121.727,71.537,138.511,81.065,0.879,0.899
159,218,basic,157.369,95.984,176.785,107.341,0.759,0.779
159,220,basic,95.583,79.27,0.0,0.0,1.432,
159,221,basic,161.176,113.697,234.313,145.572,0.87,1.355
159,222,basic,147.351,88.716,174.4,103.948,1.905,1.961
159,225,basic,84.603,40.182,90.627,42.71,1.251,1.286
159,226,basic,258.641,165.894,308.352,196.678,1.289,1.346
159,229,basic,249.402,216.394,0.0,0.0,1.14,
159,230,basic,104.288,71.275,135.346,87.209,1.032,1.318
159,233,basic,282.237,172.776,390.55,236.124,0.832,0.889
159,234,basic,75.827,65.264,0.0,0.0,1.168,
159,235,basic,74.169,47.056,106.958,66.75,1.188,1.273
159,236,basic,49.505,44.382,68.759,62.237,1.064,1.017
159,239,basic,285.345,164.594,292.76,168.764,1.715,1.718
159,241,basic,385.472,114.082,621.195,181.734,1.867,1.923
159,242,basic,160.351,113.681,0.0,0.0,1.211,
159,243,basic,211.33,106.445,301.73,151.009,0.969,1.002
159,244,basic,36.749,34.227,57.849,54.418,1.142,1.083
159,245,basic,325.733,292.138,394.047,354.342,1.25,1.259
159,246,basic,231.277,114.232,333.89,160.143,1.173,1.308
159,247,basic,368.837,106.956,668.816,187.579,1.582,1.727
159,248,basic,145.364,92.868,0.0,0.0,0.878,
159,249,basic,31.437,25.237,36.401,29.467,0.873,0.841
159,250,basic,84.765,65.136,149.272,116.406,0.964,0.895
159,251,basic,135.928,60.698,161.596,69.885,1.382,1.528
159,252,basic,238.48,169.408,264.882,180.632,1.44,1.615
159,255,basic,88.379,58.96,127.061,83.601,0.848,0.917
159,257,basic,121.154,108.518,182.135,160.343,1.094,1.205
159,259,basic,166.262,126.536,0.0,0.0,1.306,
159,261,basic,163.849,151.947,219.471,199.795,1.057,1.185
159,262,basic,189.407,151.236,162.079,126.553,1.075,1.176
159,264,basic,78.278,32.61,0.0,0.0,0.929,
159,266,basic,106.899,89.395,138.094,116.042,0.891,0.867
159,267,basic,123.493,115.221,150.752,140.715,1.028,1.029
159,268,basic,114.117,108.411,124.748,118.511,1.071,1.085
159,269,basic,104.901,98.991,131.262,123.832,1.035,1.082
159,270,basic,163.119,114.386,170.053,118.401,1.466,1.495
159,272,basic,43.917,41.394,0.0,0.0,1.114,
159,275,basic,95.473,90.222,128.992,121.136,1.164,1.313
159,276,basic,148.716,68.016,121.108,54.885,1.094,1.136
159,277,basic,129.211,84.297,148.223,96.415,1.014,1.027
159,279,basic,100.78,40.326,127.622,50.317,0.999,1.066
159,281,basic,66.173,45.122,74.873,50.348,0.802,0.859
159,282,basic,78.056,60.761,88.43,67.02,0.895,1.007
159,286,basic,179.83,114.024,227.231,132.602,1.791,2.202
159,287,gifted,190.0,174.358,0.0,0.0,,
159,288,basic,192.125,168.727,224.17,199.497,1.423,1.414
159,289,basic,156.06,140.806,0.0,0.0,1.386,
159,291,basic,369.945,263.395,556.333,410.364,2.224,2.008
159,292,basic,562.211,316.743,795.706,434.172,1.482,1.638
159,930,basic,399.314,365.182,500.329,458.168,2.395,2.303
159,935,basic,438.055,311.429,713.389,495.688,1.823,1.88
159,939,basic,218.684,101.163,0.0,0.0,1.692,
159,949,basic,376.484,326.236,631.584,530.912,1.518,1.684
159,955,basic,46.098,43.793,0.0,0.0,2.77,
159,971,basic,0.0,0.0,593.167,242.57,,1.12
159,971,gifted,516.193,473.698,0.0,0.0,,
159,972,basic,259.846,196.247,0.0,0.0,1.852,
159,974,basic,86.708,79.531,205.707,184.601,1.24,1.271
159,977,basic,243.641,191.389,430.439,330.361,1.312,1.431
160,103,basic,269.906,234.901,308.019,267.806,1.642,1.646
160,104,basic,134.319,51.666,156.412,60.75,2.282,2.25
160,105,basic,433.231,194.872,312.41,135.152,2.225,2.392
160,105,gifted,178.629,164.319,0.0,0.0,,
160,106,basic,450.051,269.012,339.305,206.329,1.716,1.633
160,106,gifted,115.554,106.297,0.0,0.0,,
160,107,basic,540.54,247.945,562.935,256.874,2.507,2.531
160,109,basic,155.037,101.676,159.455,104.581,2.029,2.029
160,110,basic,404.254,201.959,418.235,208.671,2.098,2.104
160,113,basic,382.028,224.241,307.622,180.759,2.286,2.279
160,113,gifted,134.226,123.473,0.0,0.0,,
160,115,basic,154.148,87.025,182.339,102.616,1.728,1.742
160,117,basic,258.234,151.125,232.573,138.843,2.319,2.233
160,117,gifted,89.805,82.611,0.0,0.0,,
160,118,basic,257.928,129.012,423.781,212.405,2.092,2.083
160,130,basic,656.069,376.036,698.698,399.131,1.68,1.693
160,201,basic,80.444,54.667,108.673,70.686,1.011,1.187
160,202,basic,167.465,88.016,178.844,90.444,1.511,1.659
160,203,basic,263.46,184.064,287.769,197.581,1.298,1.371
160,204,basic,183.265,131.11,189.743,99.926,1.376,2.799
160,208,basic,207.717,174.354,0.0,0.0,1.212,
160,209,basic,155.831,53.974,176.705,61.068,0.777,0.786
160,210,basic,192.23,80.458,0.0,0.0,1.344,
160,211,basic,77.966,49.74,115.364,70.548,1.101,1.276
160,212,gifted,205.599,189.128,0.0,0.0,,
160,215,basic,118.047,71.963,134.662,81.59,0.849,0.874
160,218,basic,157.409,99.593,176.776,111.269,0.763,0.784
160,220,basic,84.604,70.527,0.0,0.0,1.261,
160,221,basic,166.061,116.001,244.014,147.605,0.961,1.477
160,222,basic,139.068,85.451,164.499,99.707,1.699,1.759
160,225,basic,82.726,41.766,88.352,44.272,1.18,1.21
160,226,basic,250.475,167.53,299.668,196.665,1.16,1.259
160,229,basic,250.808,211.029,0.0,0.0,1.131,
160,230,basic,110.564,76.233,141.88,91.667,1.008,1.293
160,233,basic,288.932,182.512,399.883,248.971,0.838,0.898
160,234,basic,74.829,61.956,0.0,0.0,1.18,
160,235,basic,85.169,54.612,121.648,76.83,1.171,1.246
160,236,basic,50.073,44.448,69.243,62.169,1.015,0.97
160,239,basic,281.409,162.347,288.981,166.44,1.673,1.68
160,241,basic,385.639,124.532,622.794,197.802,1.852,1.927
160,242,basic,163.29,114.112,0.0,0.0,1.211,
160,243,basic,217.252,115.962,308.287,163.422,0.965,0.997
160,244,basic,36.086,33.651,56.058,52.681,1.055,1.043
160,245,basic,319.681,280.755,390.271,342.503,1.218,1.237
160,246,basic,223.463,115.199,323.226,161.663,1.164,1.29
160,247,basic,369.259,119.012,669.459,208.365,1.565,1.701
160,248,basic,147.477,95.911,0.0,0.0,0.876,
160,249,basic,27.183,21.554,31.863,25.428,0.856,0.833
160,250,basic,85.72,65.4,154.211,119.495,0.958,0.892
160,251,basic,132.665,63.098,157.662,72.384,1.359,1.505
160,252,basic,244.126,172.473,271.23,182.972,1.428,1.607
160,255,basic,87.703,60.144,125.808,84.637,0.798,0.881
160,257,basic,119.972,105.394,180.591,155.514,1.079,1.186
160,259,basic,164.025,121.557,0.0,0.0,1.301,
160,261,basic,169.875,154.918,228.453,202.665,1.06,1.202
160,262,basic,187.686,147.593,160.667,123.389,1.064,1.159
160,264,basic,78.237,35.742,0.0,0.0,0.915,
160,266,basic,110.515,91.907,143.229,119.707,0.882,0.86
160,267,basic,120.78,109.956,146.65,133.552,1.006,1.006
160,268,basic,107.078,101.724,116.818,110.977,1.068,1.082
160,269,basic,102.596,95.862,128.983,120.24,1.043,1.1
160,270,basic,150.401,105.823,157.22,109.753,1.35,1.38
160,272,basic,39.755,37.344,0.0,0.0,1.04,
160,275,basic,99.873,93.617,135.483,125.613,1.169,1.311
160,276,basic,145.923,70.877,119.345,57.563,1.134,1.163
160,277,basic,130.551,86.446,149.328,98.595,1.015,1.027
160,279,basic,112.526,49.203,141.259,60.767,0.994,1.061
160,281,basic,64.904,44.771,73.789,50.081,0.813,0.872
160,282,basic,78.505,60.925,88.887,67.039,0.871,0.978
160,286,basic,185.438,116.274,234.628,132.289,1.748,2.216
160,287,gifted,190.0,174.779,0.0,0.0,,
160,288,basic,198.83,172.328,233.797,202.957,1.387,1.418
160,289,basic,158.393,137.098,0.0,0.0,1.359,
160,291,basic,373.975,262.111,563.661,408.066,2.104,1.926
160,292,basic,562.221,322.437,796.559,441.192,1.454,1.608
160,930,basic,398.801,351.918,499.871,444.482,2.278,2.187
160,935,basic,438.295,306.393,713.503,487.199,1.744,1.812
160,939,basic,218.983,105.244,0.0,0.0,1.635,
160,949,basic,375.53,312.344,635.907,508.568,1.507,1.681
160,955,basic,46.203,43.893,0.0,0.0,2.751,
160,971,basic,0.0,0.0,589.692,259.996,,1.132
160,971,gifted,516.251,474.893,0.0,0.0,,
160,972,basic,254.955,187.661,0.0,0.0,1.792,
160,974,basic,88.994,80.15,209.56,185.628,1.229,1.229
160,977,basic,242.139,183.363,429.562,317.179,1.32,1.44
161,103,basic,253.658,218.026,289.172,248.475,1.647,1.648
161,104,basic,138.771,56.922,154.057,65.06,2.457,2.336
161,105,basic,435.224,210.537,315.732,147.417,2.271,2.433
161,105,gifted,176.408,162.28,0.0,0.0,,
161,106,basic,460.311,285.338,344.203,217.051,1.756,1.667
161,106,gifted,116.672,107.328,0.0,0.0,,
161,107,basic,498.845,250.01,519.789,259.236,2.444,2.467
161,109,basic,146.252,95.948,150.344,98.615,2.119,2.119
161,110,basic,376.973,202.298,390.188,209.038,2.047,2.055
161,113,basic,389.905,234.045,317.322,190.112,2.337,2.342
161,113,gifted,135.095,124.276,0.0,0.0,,
161,115,basic,162.44,97.389,191.67,114.605,1.725,1.737
161,117,basic,267.044,160.985,241.295,148.265,2.335,2.248
161,117,gifted,90.335,83.101,0.0,0.0,,
161,118,basic,266.425,142.444,439.752,235.443,2.101,2.095
161,130,basic,671.038,404.057,714.362,428.575,1.698,1.714
161,201,basic,85.858,58.151,115.147,74.909,1.014,1.185
161,202,basic,170.545,90.188,183.003,92.213,1.608,1.809
161,203,basic,261.367,179.185,285.531,192.503,1.315,1.391
161,204,basic,175.29,123.081,187.948,98.037,1.372,2.827
161,208,basic,211.101,171.988,0.0,0.0,1.199,
161,209,basic,143.631,56.103,162.412,63.303,0.785,0.794
161,210,basic,190.788,85.295,0.0,0.0,1.359,
161,211,basic,77.797,49.962,115.826,71.427,1.109,1.287
161,212,gifted,205.711,189.237,0.0,0.0,,
161,215,basic,118.779,73.949,134.815,83.688,0.854,0.869
161,218,basic,151.018,97.203,170.19,109.001,0.765,0.786
161,220,basic,89.174,70.852,0.0,0.0,1.362,
161,221,basic,161.804,112.663,237.086,144.028,0.924,1.434
161,222,basic,148.46,85.263,175.197,100.328,1.961,1.983
161,225,basic,98.038,50.736,105.095,53.906,1.272,1.31
161,226,basic,247.716,161.596,297.069,191.517,1.215,1.294
161,229,basic,251.385,202.783,0.0,0.0,1.133,
161,230,basic,107.035,73.388,138.817,89.367,1.019,1.312
161,233,basic,282.392,182.091,390.644,248.695,0.816,0.872
161,234,basic,77.079,61.385,0.0,0.0,1.187,
161,235,basic,76.012,48.898,108.679,68.954,1.166,1.238
161,236,basic,48.44,41.438,68.545,59.47,1.105,1.051
161,239,basic,275.641,158.769,282.455,162.572,1.731,1.734
161,241,basic,386.79,137.364,623.377,218.407,1.892,1.956
161,242,basic,160.349,110.952,0.0,0.0,1.214,
161,243,basic,214.591,119.373,304.516,168.287,0.963,0.994
161,244,basic,37.868,34.944,59.961,56.072,1.095,1.074
161,245,basic,319.065,268.301,387.62,325.413,1.223,1.239
161,246,basic,228.903,123.675,330.016,172.948,1.148,1.282
161,247,basic,369.965,132.775,670.694,232.507,1.583,1.727
161,248,basic,146.784,96.229,0.0,0.0,0.899,
161,249,basic,27.019,20.749,31.255,24.198,0.896,0.866
161,250,basic,87.114,65.12,156.251,118.539,0.965,0.899
161,251,basic,140.166,69.415,166.231,79.678,1.381,1.524
161,252,basic,242.708,165.877,269.481,176.482,1.456,1.631
161,255,basic,88.92,60.555,128.558,86.13,0.847,0.924
161,257,basic,119.673,100.532,179.2,147.072,1.08,1.193
161,259,basic,163.578,118.993,0.0,0.0,1.281,
161,261,basic,167.406,149.842,225.627,196.381,1.052,1.182
161,262,basic,193.65,147.514,165.434,123.064,1.078,1.181
161,264,basic,82.154,40.128,0.0,0.0,0.914,
161,266,basic,106.473,85.342,137.512,110.787,0.881,0.857
161,267,basic,117.116,101.885,142.347,123.819,1.018,1.019
161,268,basic,111.06,105.507,121.345,115.277,1.082,1.095
161,269,basic,104.334,96.608,130.525,120.333,1.002,1.049
161,270,basic,166.104,111.244,173.284,115.075,1.486,1.52
161,272,basic,39.287,36.65,0.0,0.0,1.069,
161,275,basic,92.872,85.777,126.408,114.68,1.141,1.285
161,276,basic,141.927,72.705,117.169,59.506,1.117,1.155
161,277,basic,125.645,83.443,143.97,95.352,1.017,1.028
161,279,basic,107.034,50.444,134.993,62.671,0.994,1.059
161,281,basic,65.993,45.664,75.124,51.157,0.815,0.878
161,282,basic,73.791,55.978,83.415,61.591,0.886,0.995
161,286,basic,181.93,110.601,229.865,127.91,1.789,2.207
161,287,gifted,190.0,174.784,0.0,0.0,,
161,288,basic,194.768,162.43,228.685,191.712,1.366,1.375
161,289,basic,157.052,133.767,0.0,0.0,1.37,
161,291,basic,375.613,247.924,564.126,386.769,2.252,2.02
161,292,basic,564.79,332.388,798.73,454.839,1.486,1.641
161,930,basic,398.789,337.225,499.812,427.074,2.3,2.208
161,935,basic,437.986,296.768,713.376,471.712,1.832,1.889
161,939,basic,219.204,110.05,0.0,0.0,1.681,
161,949,basic,377.67,306.358,638.267,498.293,1.535,1.707
161,955,basic,46.911,44.566,0.0,0.0,2.743,
161,971,basic,0.0,0.0,585.024,276.926,,1.125
161,971,gifted,515.802,474.494,0.0,0.0,,
161,972,basic,262.389,187.563,0.0,0.0,1.828,
161,974,basic,87.611,77.526,207.773,181.095,1.201,1.215
161,977,basic,235.527,174.784,419.742,303.727,1.294,1.418
162,103,basic,266.732,229.588,304.311,261.757,1.633,1.636
162,104,basic,136.714,51.828,152.632,58.795,2.21,2.15
162,105,basic,456.188,198.235,328.388,138.207,2.265,2.408
162,105,gifted,180.914,165.849,0.0,0.0,,
162,106,basic,473.666,272.146,355.042,207.431,1.761,1.675
162,106,gifted,118.931,109.028,0.0,0.0,,
162,107,basic,521.635,234.248,543.882,243.009,2.528,2.552
162,109,basic,149.035,95.694,153.606,98.65,2.035,2.034
162,110,basic,388.777,187.501,401.833,193.585,2.074,2.079
162,113,basic,384.236,220.22,310.819,178.129,2.293,2.29
162,113,gifted,133.995,122.837,0.0,0.0,,
162,115,basic,149.386,82.33,176.419,96.966,1.73,1.741
162,117,basic,265.277,151.548,239.084,139.553,2.313,2.217
162,117,gifted,89.539,82.083,0.0,0.0,,
162,118,basic,266.906,129.545,437.233,213.085,2.118,2.1
162,130,basic,662.733,367.241,705.417,389.866,1.686,1.697
162,201,basic,78.096,54.523,104.741,70.292,0.991,1.156
162,202,basic,175.072,91.266,187.296,93.437,1.658,1.838
162,203,basic,254.112,183.066,277.243,196.699,1.281,1.347
162,204,basic,176.87,131.072,186.416,102.973,1.365,2.768
162,208,basic,201.062,168.669,0.0,0.0,1.22,
162,209,basic,137.002,47.488,152.432,52.741,0.777,0.784
162,210,basic,193.144,80.653,0.0,0.0,1.377,
162,211,basic,76.441,49.987,110.789,69.743,1.099,1.262
162,212,gifted,205.732,188.601,0.0,0.0,,
162,215,basic,119.307,73.249,135.794,83.146,0.879,0.894
162,218,basic,156.79,100.904,176.082,112.751,0.758,0.779
162,220,basic,94.898,76.949,0.0,0.0,1.441,
162,221,basic,165.031,117.108,243.371,148.716,0.933,1.482
162,222,basic,139.091,83.823,165.207,99.003,1.918,1.95
162,225,basic,79.452,41.004,84.634,43.384,1.164,1.193
162,226,basic,249.387,164.609,299.779,195.861,1.243,1.317
162,229,basic,251.209,217.289,0.0,0.0,1.127,
162,230,basic,119.948,84.607,149.322,99.107,1.02,1.297
162,233,basic,281.302,181.204,390.424,247.649,0.823,0.889
162,234,basic,76.101,64.831,0.0,0.0,1.178,
162,235,basic,88.769,57.783,126.514,81.162,1.188,1.262
162,236,basic,47.518,42.295,65.692,59.113,1.033,0.985
162,239,basic,286.572,167.588,294.264,171.843,1.747,1.754
162,241,basic,384.015,125.708,619.542,199.891,1.854,1.92
162,242,basic,162.204,116.654,0.0,0.0,1.211,
162,243,basic,217.687,117.497,308.455,165.449,0.973,1.002
162,244,basic,36.507,33.904,56.796,53.37,1.123,1.071
162,245,basic,320.619,283.904,390.945,346.812,1.241,1.251
162,246,basic,233.375,122.379,335.127,170.72,1.177,1.302
162,247,basic,370.243,121.107,672.316,212.303,1.541,1.684
162,248,basic,144.554,96.22,0.0,0.0,0.883,
162,249,basic,29.586,23.829,34.033,27.71,0.897,0.857
162,250,basic,87.578,68.429,156.604,124.284,0.969,0.901
162,251,basic,138.787,66.048,165.576,75.967,1.383,1.54
162,252,basic,238.966,171.437,266.078,182.406,1.43,1.613
162,255,basic,86.076,59.645,124.041,84.742,0.851,0.917
162,257,basic,123.683,110.094,184.359,161.159,1.089,1.195
162,259,basic,157.346,120.591,0.0,0.0,1.292,
162,261,basic,172.731,158.547,232.735,209.0,1.077,1.21
162,262,basic,182.969,147.483,156.993,123.645,1.06,1.158
162,264,basic,78.849,36.02,0.0,0.0,0.915,
162,266,basic,105.661,88.748,136.047,114.884,0.903,0.878
162,267,basic,111.305,103.225,134.514,124.816,1.015,1.014
162,268,basic,109.215,103.754,119.286,113.322,1.067,1.081
162,269,basic,104.52,98.283,130.488,122.59,1.016,1.056
162,270,basic,176.991,123.82,184.256,128.04,1.513,1.539
162,272,basic,43.289,40.707,0.0,0.0,1.076,
162,275,basic,91.973,86.4,125.369,116.66,1.161,1.313
162,276,basic,147.313,72.036,119.789,58.145,1.128,1.161
162,277,basic,127.233,86.284,146.084,98.789,1.006,1.017
162,279,basic,104.569,46.093,132.637,57.568,0.995,1.061
162,281,basic,73.605,52.143,83.209,58.145,0.803,0.855
162,282,basic,76.674,61.067,86.408,66.965,0.876,0.983
162,286,basic,178.906,110.256,227.054,127.924,1.889,2.316
162,287,gifted,190.0,174.179,0.0,0.0,,
162,288,basic,184.456,158.269,216.616,188.975,1.452,1.432
162,289,basic,157.016,135.013,0.0,0.0,1.359,
162,291,basic,374.259,255.096,561.596,401.625,2.222,1.99
162,292,basic,563.067,321.75,797.079,439.852,1.472,1.633
162,930,basic,399.631,355.04,500.611,447.568,2.355,2.251
162,935,basic,437.383,304.077,712.571,487.889,1.787,1.848
162,939,basic,219.768,105.343,0.0,0.0,1.657,
162,949,basic,381.206,319.452,639.301,518.473,1.525,1.685
162,955,basic,46.091,43.786,0.0,0.0,2.782,
162,971,basic,0.0,0.0,585.695,261.987,,1.116
162,971,gifted,515.88,472.923,0.0,0.0,,
162,972,basic,256.979,188.87,0.0,0.0,1.803,
162,974,basic,86.6,79.025,205.217,183.283,1.216,1.239
162,977,basic,241.149,190.375,426.727,328.501,1.288,1.41
163,103,basic,257.348,227.451,293.45,259.282,1.625,1.626
163,104,basic,159.048,61.665,178.849,70.848,2.583,2.464
163,105,basic,463.296,217.222,332.198,152.239,2.398,2.558
163,105,gifted,180.093,165.623,0.0,0.0,,
163,106,basic,450.604,268.235,338.719,203.635,1.79,1.711
163,106,gifted,115.128,105.878,0.0,0.0,,
163,107,basic,522.841,260.969,544.694,270.959,2.534,2.558
163,109,basic,147.273,96.959,151.651,99.887,2.183,2.18
163,110,basic,411.64,205.602,425.956,212.556,2.159,2.166
163,113,basic,395.206,241.199,320.881,194.874,2.377,2.4
163,113,gifted,134.67,123.85,0.0,0.0,,
163,115,basic,142.773,82.512,168.438,97.174,1.72,1.733
163,117,basic,252.013,152.386,225.761,138.752,2.355,2.243
163,117,gifted,89.525,82.332,0.0,0.0,,
163,118,basic,276.826,142.764,454.058,234.843,2.21,2.19
163,130,basic,665.156,373.432,708.015,396.493,1.727,1.743
163,201,basic,80.54,54.366,106.637,70.134,1.017,1.191
163,202,basic,175.375,92.796,188.12,96.012,1.752,1.991
163,203,basic,249.939,176.232,272.781,190.246,1.32,1.396
163,204,basic,172.672,125.543,185.045,111.384,1.461,2.858
163,208,basic,202.851,164.555,0.0,0.0,1.253,
163,209,basic,146.228,48.455,163.783,54.193,0.764,0.773
163,210,basic,194.129,79.287,0.0,0.0,1.446,
163,211,basic,74.857,47.522,110.12,68.08,1.135,1.317
163,212,gifted,205.706,189.179,0.0,0.0,,
163,215,basic,121.121,68.404,137.727,77.797,0.966,0.975
163,218,basic,159.128,96.446,178.538,107.897,0.781,0.8
163,220,basic,88.21,72.484,0.0,0.0,1.554,
163,221,basic,164.287,106.732,242.184,140.464,1.035,1.718
163,222,basic,144.876,85.928,172.164,101.77,2.331,2.384
163,225,basic,83.142,41.845,88.649,44.372,1.23,1.268
163,226,basic,252.876,155.841,302.908,186.432,1.378,1.418
163,229,basic,249.9,207.371,0.0,0.0,1.16,
163,230,basic,108.421,74.111,139.519,91.544,1.053,1.348
163,233,basic,279.346,169.589,388.852,233.57,0.843,0.916
163,234,basic,77.447,64.33,0.0,0.0,1.211,
163,235,basic,89.976,55.339,127.962,77.981,1.316,1.388
163,236,basic,51.645,45.813,73.268,65.548,1.077,1.026
163,239,basic,273.592,164.309,280.645,168.467,1.753,1.756
163,241,basic,382.847,129.562,616.929,207.036,1.931,1.991
163,242,basic,162.414,113.196,0.0,0.0,1.236,
163,243,basic,217.68,113.266,310.413,160.791,0.978,1.011
163,244,basic,36.49,34.132,57.295,54.035,1.209,1.124
163,245,basic,324.169,278.683,393.595,338.431,1.269,1.274
163,246,basic,240.013,123.542,342.289,172.709,1.217,1.356
163,247,basic,370.177,122.119,671.341,215.963,1.63,1.797
163,248,basic,144.847,92.327,0.0,0.0,0.893,
163,249,basic,27.184,20.375,30.956,23.411,0.971,0.915
163,250,basic,82.518,62.187,148.98,113.334,0.962,0.895
163,251,basic,132.119,61.243,157.719,71.327,1.417,1.588
163,252,basic,241.389,169.625,268.258,182.648,1.455,1.661
163,255,basic,84.466,55.828,121.452,79.65,0.882,0.94
163,257,basic,121.088,103.734,182.652,154.093,1.097,1.21
163,259,basic,165.364,124.83,0.0,0.0,1.351,
163,261,basic,177.704,163.465,240.362,216.943,1.115,1.262
163,262,basic,186.479,143.421,159.715,120.825,1.07,1.183
163,264,basic,78.072,33.255,0.0,0.0,0.929,
163,266,basic,111.551,87.093,143.492,112.425,0.914,0.888
163,267,basic,115.423,101.801,140.45,123.857,1.03,1.031
163,268,basic,109.657,104.175,119.669,113.685,1.075,1.089
163,269,basic,109.252,103.134,136.148,128.449,1.071,1.115
163,270,basic,153.959,109.045,160.628,113.076,1.545,1.583
163,272,basic,41.014,38.766,0.0,0.0,1.128,
163,275,basic,99.076,93.595,133.6,125.455,1.15,1.304
163,276,basic,151.57,70.934,123.22,57.356,1.138,1.176
163,277,basic,123.897,81.271,142.293,93.155,1.018,1.031
163,279,basic,103.05,43.942,130.419,55.062,0.999,1.068
163,281,basic,64.61,43.666,72.575,48.621,0.805,0.86
163,282,basic,77.687,59.364,87.325,65.602,0.896,1.006
163,286,basic,188.647,110.971,237.282,131.851,2.297,2.76
163,287,gifted,190.0,174.734,0.0,0.0,,
163,288,basic,181.613,159.495,211.544,188.302,1.455,1.415
163,289,basic,154.259,136.781,0.0,0.0,1.399,
163,291,basic,378.14,258.301,565.827,401.763,2.535,2.224
163,292,basic,565.804,324.389,799.748,448.991,1.533,1.686
163,930,basic,399.41,368.824,500.422,461.927,2.46,2.372
163,935,basic,437.392,311.162,712.44,499.977,1.911,1.95
163,939,basic,222.33,106.351,0.0,0.0,1.794,
163,949,basic,376.065,324.72,628.892,530.771,1.559,1.72
163,955,basic,44.754,42.516,0.0,0.0,2.812,
163,971,basic,0.0,0.0,584.838,255.568,,1.132
163,971,gifted,515.306,473.903,0.0,0.0,,
163,972,basic,262.708,195.544,0.0,0.0,1.934,
163,974,basic,87.165,80.374,205.981,186.623,1.287,1.339
163,977,basic,230.561,179.806,413.081,316.781,1.3,1.426
164,103,basic,265.997,238.338,303.308,271.693,1.656,1.657
164,104,basic,143.261,50.863,158.85,57.938,2.56,2.427
164,105,basic,454.233,204.821,326.753,143.401,2.327,2.489
164,105,gifted,180.043,165.295,0.0,0.0,,
164,106,basic,457.994,265.935,342.344,201.167,1.778,1.694
164,106,gifted,116.533,106.987,0.0,0.0,,
164,107,basic,522.079,248.991,544.053,258.438,2.527,2.552
164,109,basic,155.504,100.657,160.35,103.736,2.161,2.164
164,110,basic,402.408,186.398,415.959,192.479,2.136,2.142
164,113,basic,385.896,233.205,313.46,188.441,2.358,2.379
164,113,gifted,133.65,122.703,0.0,0.0,,
164,115,basic,144.023,81.667,170.383,96.386,1.722,1.736
164,117,basic,271.407,157.609,245.518,145.037,2.341,2.24
164,117,gifted,90.117,82.735,0.0,0.0,,
164,118,basic,268.205,133.525,440.205,219.797,2.149,2.132
164,130,basic,657.197,346.312,699.409,367.719,1.721,1.734
164,201,basic,79.161,54.657,107.345,71.715,1.041,1.23
164,202,basic,170.764,88.615,184.36,91.283,1.74,2.006
164,203,basic,269.341,194.449,293.666,209.133,1.367,1.448
164,204,basic,177.302,131.517,191.836,113.143,1.539,3.027
164,208,basic,207.038,172.253,0.0,0.0,1.264,
164,209,basic,150.744,44.325,169.939,49.895,0.787,0.796
164,210,basic,193.701,72.94,0.0,0.0,1.403,
164,211,basic,77.354,50.348,114.018,72.009,1.105,1.283
164,212,gifted,205.351,188.53,0.0,0.0,,
164,215,basic,120.542,63.33,138.169,72.283,1.06,1.094
164,218,basic,157.743,96.073,177.195,107.506,0.765,0.787
164,220,basic,92.082,77.663,0.0,0.0,1.474,
164,221,basic,162.996,102.827,240.452,133.96,1.009,1.643
164,222,basic,152.701,88.586,181.462,104.312,2.487,2.569
164,225,basic,85.009,41.741,90.564,44.258,1.191,1.219
164,226,basic,257.667,152.973,307.879,181.601,1.314,1.379
164,229,basic,246.89,216.174,0.0,0.0,1.147,
164,230,basic,109.414,78.207,142.284,96.856,1.005,1.306
164,233,basic,281.863,170.574,391.141,234.033,0.827,0.894
164,234,basic,79.139,69.284,0.0,0.0,1.195,
164,235,basic,76.621,45.084,110.525,64.181,1.404,1.492
164,236,basic,52.432,46.859,75.757,68.322,1.057,1.009
164,239,basic,284.269,173.297,291.266,177.604,1.694,1.693
164,241,basic,384.848,117.427,621.497,187.267,1.915,1.993
164,242,basic,158.198,112.312,0.0,0.0,1.231,
164,243,basic,215.393,109.548,305.771,154.781,0.978,1.008
164,244,basic,34.934,32.863,54.634,51.64,1.122,1.075
164,245,basic,325.512,285.493,394.581,346.153,1.261,1.27
164,246,basic,218.439,111.08,317.035,157.356,1.139,1.281
164,247,basic,365.095,108.668,664.51,191.975,1.583,1.751
164,248,basic,146.292,94.812,0.0,0.0,0.892,
164,249,basic,26.214,20.105,30.172,23.31,0.934,0.897
164,250,basic,86.364,68.585,155.123,124.422,0.966,0.906
164,251,basic,129.237,55.536,154.456,64.561,1.394,1.557
164,252,basic,245.962,174.947,272.894,187.434,1.467,1.662
164,255,basic,89.531,61.001,128.488,86.566,0.859,0.93
164,257,basic,123.513,110.397,185.276,163.102,1.09,1.201
164,259,basic,157.67,127.599,0.0,0.0,1.263,
164,261,basic,167.672,155.984,227.637,208.166,1.104,1.251
164,262,basic,188.0,148.953,161.595,125.699,1.096,1.203
164,264,basic,83.487,31.884,0.0,0.0,0.929,
164,266,basic,104.919,83.687,134.688,107.889,0.903,0.876
164,267,basic,115.302,104.425,141.359,128.037,1.046,1.046
164,268,basic,107.088,101.733,117.24,111.378,1.054,1.069
164,269,basic,104.181,98.5,130.481,123.357,1.065,1.115
164,270,basic,162.961,121.475,169.9,125.685,1.506,1.545
164,272,basic,40.88,38.726,0.0,0.0,1.1,
164,275,basic,97.205,92.012,131.506,123.878,1.182,1.338
164,276,basic,146.19,63.761,121.271,52.628,1.127,1.157
164,277,basic,128.85,86.829,147.809,99.378,1.031,1.044
164,279,basic,106.04,42.293,133.664,52.694,1.009,1.077
164,281,basic,62.135,43.287,70.62,48.589,0.817,0.884
164,282,basic,75.771,61.903,85.538,68.471,0.861,0.973
164,286,basic,180.184,105.668,228.984,124.676,2.047,2.537
164,287,gifted,190.0,174.437,0.0,0.0,,
164,288,basic,188.737,168.909,220.56,199.945,1.443,1.43
164,289,basic,159.178,147.179,0.0,0.0,1.395,
164,291,basic,376.267,263.873,563.301,410.454,2.378,2.115
164,292,basic,565.425,321.191,800.536,443.46,1.502,1.658
164,930,basic,399.187,370.039,500.201,462.505,2.512,2.443
164,935,basic,437.674,321.681,712.984,516.838,1.902,1.942
164,939,basic,221.064,99.692,0.0,0.0,1.734,
164,949,basic,377.182,337.822,635.438,558.804,1.574,1.74
164,955,basic,45.75,43.463,0.0,0.0,2.691,
164,971,basic,0.0,0.0,599.064,246.795,,1.143
164,971,gifted,517.176,474.813,0.0,0.0,,
164,972,basic,266.777,203.454,0.0,0.0,1.979,
164,974,basic,87.393,81.837,209.087,192.546,1.207,1.258
164,977,basic,240.061,197.775,425.167,343.904,1.319,1.438
165,103,basic,270.009,224.75,307.98,256.232,1.612,1.613
165,104,basic,127.871,57.87,142.643,65.759,2.274,2.197
165,105,basic,456.384,227.4,331.667,160.806,2.266,2.41
165,105,gifted,181.196,166.685,0.0,0.0,,
165,106,basic,453.604,282.121,338.057,213.213,1.749,1.663
165,106,gifted,115.502,106.252,0.0,0.0,,
165,107,basic,510.204,258.915,531.976,268.774,2.51,2.534
165,109,basic,142.468,93.928,146.48,96.627,2.074,2.071
165,110,basic,391.27,216.573,405.306,223.986,2.149,2.158
165,113,basic,375.84,223.944,301.393,179.06,2.341,2.351
165,113,gifted,132.218,121.63,0.0,0.0,,
165,115,basic,146.638,87.593,172.946,103.11,1.72,1.73
165,117,basic,248.043,153.658,224.069,140.876,2.283,2.205
165,117,gifted,89.19,82.048,0.0,0.0,,
165,118,basic,261.455,141.527,430.879,233.685,2.144,2.134
165,130,basic,659.292,409.506,702.543,434.586,1.703,1.723
165,201,basic,80.267,53.86,107.602,69.744,1.023,1.196
165,202,basic,175.017,94.25,187.878,96.68,1.711,1.935
165,203,basic,276.867,185.869,301.795,199.706,1.365,1.442
165,204,basic,174.482,119.577,186.767,99.226,1.423,2.865
165,208,basic,205.431,161.889,0.0,0.0,1.252,
165,209,basic,155.91,68.612,176.429,77.497,0.776,0.785
165,210,basic,195.479,95.505,0.0,0.0,1.397,
165,211,basic,72.549,46.476,107.916,66.743,1.11,1.291
165,212,gifted,205.88,189.393,0.0,0.0,,
165,215,basic,118.393,76.053,134.653,86.362,0.932,0.947
165,218,basic,159.132,103.438,179.037,115.881,0.765,0.786
165,220,basic,87.65,67.478,0.0,0.0,1.391,
165,221,basic,159.075,114.695,234.274,148.557,0.931,1.492
165,222,basic,154.452,85.58,182.301,100.675,2.18,2.219
165,225,basic,72.701,39.8,77.865,42.334,1.225,1.26
165,226,basic,257.849,172.821,307.687,205.477,1.345,1.394
165,229,basic,251.071,195.379,0.0,0.0,1.142,
165,230,basic,109.518,73.871,140.957,90.127,1.014,1.303
165,233,basic,280.316,183.066,389.237,251.067,0.833,0.897
165,234,basic,75.169,57.828,0.0,0.0,1.185,
165,235,basic,80.0,52.838,112.61,73.374,1.184,1.263
165,236,basic,55.286,47.651,80.031,69.675,1.066,1.021
165,239,basic,270.087,158.458,276.966,162.378,1.717,1.72
165,241,basic,383.878,153.579,619.234,244.784,1.893,1.958
165,242,basic,160.155,110.14,0.0,0.0,1.231,
165,243,basic,211.514,121.493,302.084,172.53,0.981,1.013
165,244,basic,36.184,33.157,56.531,52.608,1.102,1.068
165,245,basic,321.583,266.374,390.865,323.659,1.255,1.263
165,246,basic,221.717,124.085,320.959,175.05,1.165,1.298
165,247,basic,369.556,149.669,670.814,263.192,1.583,1.739
165,248,basic,144.233,94.589,0.0,0.0,0.885,
165,249,basic,28.855,21.91,33.009,25.289,0.912,0.872
165,250,basic,89.718,65.068,157.65,115.693,0.949,0.886
165,251,basic,133.256,71.531,158.801,82.704,1.417,1.573
165,252,basic,240.373,164.705,267.211,176.064,1.473,1.664
165,255,basic,89.821,60.206,128.414,85.192,0.871,0.928
165,257,basic,119.705,97.825,178.788,143.375,1.075,1.178
165,259,basic,158.389,111.178,0.0,0.0,1.292,
165,261,basic,164.977,144.361,223.474,189.865,1.061,1.2
165,262,basic,183.735,137.804,157.461,115.77,1.068,1.169
165,264,basic,80.769,43.869,0.0,0.0,0.92,
165,266,basic,107.094,84.79,137.935,109.733,0.897,0.871
165,267,basic,126.502,107.456,152.896,129.87,1.027,1.028
165,268,basic,107.45,102.076,117.265,111.398,1.071,1.085
165,269,basic,106.423,97.34,132.942,120.927,1.012,1.057
165,270,basic,165.868,107.864,172.906,111.562,1.524,1.56
165,272,basic,43.25,40.056,0.0,0.0,1.061,
165,275,basic,96.756,88.182,131.621,117.636,1.16,1.299
165,276,basic,150.854,83.437,122.786,67.475,1.125,1.158
165,277,basic,127.219,83.58,145.677,95.467,1.019,1.031
165,279,basic,108.837,55.055,137.173,68.455,1.009,1.078
165,281,basic,66.161,45.085,74.943,50.422,0.811,0.87
165,282,basic,78.133,56.55,88.904,62.734,0.92,1.042
165,286,basic,179.155,112.087,227.285,131.308,1.868,2.317
165,287,gifted,190.0,174.785,0.0,0.0,,
165,288,basic,190.115,153.964,221.605,181.141,1.363,1.351
165,289,basic,157.956,124.215,0.0,0.0,1.369,
165,291,basic,378.312,245.186,566.606,382.304,2.335,2.08
165,292,basic,563.379,337.309,797.385,463.15,1.472,1.638
165,930,basic,399.149,316.137,500.184,400.913,2.312,2.226
165,935,basic,437.438,290.419,712.626,463.787,1.82,1.882
165,939,basic,222.075,117.531,0.0,0.0,1.751,
165,949,basic,378.281,288.324,635.281,468.934,1.527,1.685
165,955,basic,46.068,43.751,0.0,0.0,2.765,
165,971,basic,0.0,0.0,589.656,298.988,,1.123
165,971,gifted,516.031,474.707,0.0,0.0,,
165,972,basic,266.797,182.26,0.0,0.0,1.898,
165,974,basic,84.713,71.633,201.725,168.734,1.173,1.199
165,977,basic,238.711,169.891,424.313,295.937,1.328,1.444
166,103,basic,270.16,248.322,308.006,283.028,1.676,1.676
166,104,basic,138.517,51.904,153.858,59.199,2.493,2.371
166,105,basic,453.088,213.206,322.439,147.716,2.31,2.458
166,105,gifted,181.513,166.317,0.0,0.0,,
166,106,basic,455.313,277.752,339.757,209.642,1.789,1.712
166,106,gifted,116.073,106.355,0.0,0.0,,
166,107,basic,519.281,258.1,540.796,267.694,2.502,2.526
166,109,basic,149.45,102.075,153.838,105.14,2.13,2.126
166,110,basic,391.352,192.843,405.659,199.569,2.121,2.13
166,113,basic,393.103,248.457,317.034,199.375,2.345,2.363
166,113,gifted,135.206,123.886,0.0,0.0,,
166,115,basic,146.946,87.212,173.441,102.722,1.724,1.735
166,117,basic,260.076,159.107,235.051,146.192,2.338,2.246
166,117,gifted,89.858,82.335,0.0,0.0,,
166,118,basic,273.199,142.527,446.22,233.559,2.137,2.119
166,130,basic,649.92,364.165,692.27,386.506,1.717,1.735
166,201,basic,78.037,52.691,103.559,67.745,1.007,1.174
166,202,basic,170.834,86.348,183.474,88.904,1.686,1.907
166,203,basic,267.642,188.067,292.007,202.294,1.345,1.425
166,204,basic,175.487,127.265,187.605,108.124,1.476,2.854
166,208,basic,206.871,173.411,0.0,0.0,1.254,
166,209,basic,156.679,45.598,177.266,51.492,0.774,0.784
166,210,basic,190.398,70.557,0.0,0.0,1.4,
166,211,basic,73.004,46.114,104.899,64.298,1.107,1.269
166,212,gifted,206.046,188.796,0.0,0.0,,
166,215,basic,120.909,64.654,137.697,73.388,0.93,0.952
166,218,basic,162.072,96.66,181.763,107.973,0.767,0.788
166,220,basic,88.837,74.277,0.0,0.0,1.434,
166,221,basic,161.652,102.512,236.944,132.697,0.959,1.539
166,222,basic,148.941,87.138,176.134,102.677,2.177,2.219
166,225,basic,81.825,38.729,87.556,41.15,1.249,1.287
166,226,basic,245.669,147.166,295.144,174.837,1.226,1.312
166,229,basic,258.176,220.574,0.0,0.0,1.143,
166,230,basic,109.953,75.711,143.711,94.008,1.042,1.339
166,233,basic,278.911,165.188,387.676,226.887,0.843,0.908
166,234,basic,77.003,66.051,0.0,0.0,1.165,
166,235,basic,81.796,48.656,116.44,68.468,1.253,1.327
166,236,basic,48.79,43.132,68.671,61.346,1.085,1.032
166,239,basic,282.984,166.229,290.438,170.472,1.7,1.705
166,241,basic,381.808,113.497,616.699,181.113,1.895,1.965
166,242,basic,148.782,103.399,0.0,0.0,1.201,
166,243,basic,214.012,106.416,305.872,151.267,0.981,1.014
166,244,basic,36.347,34.051,58.291,54.964,1.179,1.131
166,245,basic,319.725,278.131,389.277,338.256,1.233,1.249
166,246,basic,234.286,115.32,336.202,161.565,1.172,1.304
166,247,basic,373.685,108.462,679.284,191.13,1.581,1.744
166,248,basic,143.912,90.751,0.0,0.0,0.895,
166,249,basic,31.519,23.982,36.656,28.064,0.877,0.848
166,250,basic,85.134,65.788,151.928,118.662,0.952,0.893
166,251,basic,132.673,56.209,157.838,64.978,1.405,1.562
166,252,basic,245.886,171.043,272.874,182.911,1.465,1.656
166,255,basic,89.683,59.413,129.451,84.645,0.865,0.941
166,257,basic,121.747,107.189,181.479,157.037,1.08,1.19
166,259,basic,163.296,127.691,0.0,0.0,1.258,
166,261,basic,180.142,166.598,243.023,219.946,1.093,1.246
166,262,basic,186.622,144.834,160.788,122.26,1.082,1.193
166,264,basic,77.963,29.819,0.0,0.0,0.913,
166,266,basic,105.798,83.199,136.108,107.509,0.913,0.887
166,267,basic,124.546,111.434,151.805,135.815,1.027,1.028
166,268,basic,112.141,106.534,122.695,116.561,1.067,1.082
166,269,basic,105.875,99.941,132.523,125.048,1.028,1.079
166,270,basic,154.629,111.028,161.452,115.076,1.498,1.534
166,272,basic,41.451,39.211,0.0,0.0,1.081,
166,275,basic,92.267,87.226,125.986,118.489,1.169,1.325
166,276,basic,148.686,64.03,122.698,52.53,1.137,1.169
166,277,basic,128.155,84.091,146.979,96.199,1.018,1.031
166,279,basic,102.543,40.17,129.566,50.102,1.005,1.075
166,281,basic,62.075,42.113,69.979,46.93,0.812,0.868
166,282,basic,75.703,60.012,85.13,66.111,0.855,0.959
166,286,basic,180.445,106.183,229.192,124.21,1.919,2.411
166,287,gifted,190.0,174.093,0.0,0.0,,
166,288,basic,179.496,160.765,209.537,189.134,1.352,1.361
166,289,basic,156.552,145.624,0.0,0.0,1.38,
166,291,basic,373.989,265.076,562.379,410.068,2.333,2.094
166,292,basic,565.78,321.693,801.735,443.061,1.517,1.681
166,930,basic,399.366,371.243,500.42,464.759,2.437,2.347
166,935,basic,437.97,322.278,713.32,512.005,1.868,1.916
166,939,basic,220.135,98.669,0.0,0.0,1.782,
166,949,basic,373.859,333.484,627.921,548.11,1.559,1.717
166,955,basic,43.346,41.179,0.0,0.0,2.793,
166,971,basic,0.0,0.0,596.448,240.416,,1.141
166,971,gifted,517.006,473.72,0.0,0.0,,
166,972,basic,261.011,202.016,0.0,0.0,1.899,
166,974,basic,86.728,80.503,204.006,185.735,1.259,1.291
166,977,basic,246.361,195.804,434.617,338.518,1.32,1.443
167,103,basic,268.26,249.824,306.021,284.797,1.678,1.682
167,104,basic,128.549,51.259,148.304,59.916,2.421,2.349
167,105,basic,438.917,208.998,311.479,145.031,2.318,2.488
167,105,gifted,179.763,165.386,0.0,0.0,,
167,106,basic,447.148,277.181,336.362,210.108,1.794,1.724
167,106,gifted,114.705,105.53,0.0,0.0,,
167,107,basic,493.888,251.871,515.329,261.92,2.518,2.544
167,109,basic,148.371,106.959,152.993,110.327,2.085,2.082
167,110,basic,401.298,214.452,414.592,221.412,2.132,2.137
167,113,basic,389.969,252.521,311.287,200.945,2.335,2.35
167,113,gifted,134.691,123.918,0.0,0.0,,
167,115,basic,136.718,79.931,161.381,94.208,1.727,1.738
167,117,basic,260.219,171.364,234.03,156.326,2.344,2.236
167,117,gifted,89.725,82.548,0.0,0.0,,
167,118,basic,266.033,141.904,434.334,232.33,2.12,2.099
167,130,basic,655.413,392.338,697.917,416.876,1.723,1.739
167,201,basic,76.467,48.712,102.865,63.924,1.118,1.304
167,202,basic,167.33,84.815,179.44,88.243,1.694,1.914
167,203,basic,265.591,181.75,289.71,196.354,1.34,1.414
167,204,basic,162.464,115.922,182.692,108.84,1.463,2.929
167,208,basic,210.862,177.577,0.0,0.0,1.283,
167,209,basic,150.688,43.914,170.652,49.665,0.787,0.797
167,210,basic,191.959,74.264,0.0,0.0,1.426,
167,211,basic,74.181,44.675,106.89,62.918,1.106,1.278
167,212,gifted,205.641,189.194,0.0,0.0,,
167,215,basic,116.62,65.243,132.342,74.048,0.941,0.949
167,218,basic,161.768,92.447,181.583,103.474,0.766,0.787
167,220,basic,94.494,78.474,0.0,0.0,1.638,
167,221,basic,166.197,109.859,244.353,144.721,1.093,1.831
167,222,basic,142.908,83.878,169.222,99.521,2.312,2.332
167,225,basic,76.704,35.877,82.072,38.2,1.253,1.29
167,226,basic,260.982,166.312,311.239,198.07,1.413,1.453
167,229,basic,252.772,209.327,0.0,0.0,1.16,
167,230,basic,102.859,66.681,135.451,84.494,1.044,1.349
167,233,basic,280.83,162.61,390.351,223.917,0.832,0.904
167,234,basic,77.849,64.35,0.0,0.0,1.194,
167,235,basic,78.75,49.124,111.585,68.947,1.197,1.275
167,236,basic,52.26,47.463,74.0,67.685,1.109,1.056
167,239,basic,263.488,151.894,270.487,155.782,1.762,1.769
167,241,basic,383.334,118.226,618.473,189.104,1.942,2.01
167,242,basic,158.817,108.095,0.0,0.0,1.244,
167,243,basic,221.063,106.423,314.93,151.08,1.007,1.036
167,244,basic,35.724,33.567,56.341,53.259,1.21,1.112
167,245,basic,319.379,286.577,389.773,350.39,1.28,1.28
167,246,basic,235.993,113.055,338.337,159.17,1.225,1.364
167,247,basic,369.868,109.97,671.448,194.91,1.631,1.807
167,248,basic,148.343,88.726,0.0,0.0,0.895,
167,249,basic,28.934,21.693,33.37,25.2,0.937,0.887
167,250,basic,83.041,59.844,147.413,107.178,0.969,0.901
167,251,basic,132.399,59.69,158.029,69.701,1.451,1.618
167,252,basic,242.711,171.226,269.847,184.726,1.495,1.714
167,255,basic,88.272,55.036,126.262,78.086,0.867,0.932
167,257,basic,123.413,108.302,181.463,157.039,1.067,1.178
167,259,basic,164.883,120.524,0.0,0.0,1.335,
167,261,basic,178.037,165.73,240.595,220.56,1.11,1.26
167,262,basic,189.264,144.067,161.88,121.44,1.088,1.198
167,264,basic,82.753,33.922,0.0,0.0,0.942,
167,266,basic,101.696,80.563,130.777,103.914,0.925,0.9
167,267,basic,117.555,106.882,141.758,128.915,1.032,1.031
167,268,basic,114.248,108.536,124.791,118.552,1.069,1.082
167,269,basic,102.693,97.221,128.377,121.533,1.068,1.113
167,270,basic,168.829,115.069,176.012,119.259,1.558,1.6
167,272,basic,39.871,37.781,0.0,0.0,1.073,
167,275,basic,95.362,90.284,130.793,123.377,1.202,1.369
167,276,basic,149.09,66.835,121.829,54.385,1.147,1.179
167,277,basic,127.298,78.686,145.908,90.025,1.026,1.039
167,279,basic,106.53,41.361,134.606,51.753,1.022,1.096
167,281,basic,71.16,45.087,80.423,50.499,0.813,0.877
167,282,basic,77.302,56.317,86.532,62.018,0.87,0.988
167,286,basic,177.903,109.684,226.359,132.097,2.347,2.836
167,287,gifted,190.0,174.804,0.0,0.0,,
167,288,basic,183.088,162.198,213.947,192.57,1.53,1.469
167,289,basic,154.91,139.099,0.0,0.0,1.399,
167,291,basic,375.536,274.069,561.169,420.606,2.545,2.261
167,292,basic,563.472,317.472,796.982,440.054,1.532,1.691
167,930,basic,399.481,372.665,500.494,466.726,2.431,2.344
167,935,basic,437.229,317.181,712.408,505.477,1.916,1.955
167,939,basic,220.688,104.829,0.0,0.0,1.787,
167,949,basic,374.356,324.38,629.427,533.301,1.578,1.739
167,955,basic,44.941,42.694,0.0,0.0,2.771,
167,971,basic,0.0,0.0,584.954,233.938,,1.135
167,971,gifted,515.336,474.12,0.0,0.0,,
167,972,basic,264.088,203.736,0.0,0.0,1.903,
167,974,basic,86.112,79.748,204.702,186.617,1.239,1.294
167,977,basic,236.451,177.681,420.318,311.523,1.352,1.466
168,103,basic,281.213,248.763,321.046,283.639,1.655,1.662
168,104,basic,125.851,59.177,146.604,69.191,2.231,2.218
168,105,basic,460.413,240.838,326.828,167.288,2.379,2.56
168,105,gifted,183.739,168.648,0.0,0.0,,
168,106,basic,452.784,290.117,341.323,220.446,1.757,1.681
168,106,gifted,115.731,106.226,0.0,0.0,,
168,107,basic,519.588,285.373,541.542,296.498,2.544,2.571
168,109,basic,146.317,103.308,151.079,106.672,2.058,2.058
168,110,basic,389.501,215.706,402.465,222.74,2.156,2.161
168,113,basic,379.044,249.11,305.778,201.005,2.296,2.289
168,113,gifted,132.677,121.781,0.0,0.0,,
168,115,basic,151.454,93.844,179.309,110.884,1.738,1.755
168,117,basic,261.346,169.809,237.041,155.643,2.329,2.241
168,117,gifted,89.425,82.08,0.0,0.0,,
168,118,basic,274.604,156.348,447.898,255.663,2.156,2.135
168,130,basic,656.346,401.541,699.215,426.759,1.712,1.73
168,201,basic,84.638,54.399,113.085,70.997,1.073,1.265
168,202,basic,169.868,89.977,182.061,93.721,1.751,1.981
168,203,basic,247.258,165.951,269.875,179.54,1.313,1.387
168,204,basic,179.724,123.656,187.233,109.117,1.465,2.935
168,208,basic,204.656,159.142,0.0,0.0,1.302,
168,209,basic,147.63,53.161,166.693,59.961,0.787,0.796
168,210,basic,192.361,82.418,0.0,0.0,1.467,
168,211,basic,74.975,46.223,108.329,65.37,1.109,1.286
168,212,gifted,205.999,189.08,0.0,0.0,,
168,215,basic,117.959,66.556,134.519,75.768,0.966,0.987
168,218,basic,159.317,94.509,178.567,105.643,0.77,0.793
168,220,basic,94.106,72.138,0.0,0.0,1.562,
168,221,basic,163.944,103.356,239.936,137.24,1.068,1.785
168,222,basic,149.236,86.159,176.921,101.876,2.408,2.459
168,225,basic,69.201,35.244,73.628,37.336,1.218,1.254
168,226,basic,260.81,157.764,310.588,187.26,1.41,1.462
168,229,basic,256.758,196.998,0.0,0.0,1.169,
168,230,basic,115.495,75.614,144.797,91.629,1.029,1.323
168,233,basic,282.595,167.894,392.465,231.232,0.844,0.914
168,234,basic,74.771,57.432,0.0,0.0,1.215,
168,235,basic,83.636,50.7,118.802,71.475,1.276,1.347
168,236,basic,52.801,43.542,76.194,63.243,1.073,1.021
168,239,basic,267.894,157.107,274.723,161.028,1.764,1.769
168,241,basic,382.142,139.714,617.256,223.646,1.958,2.036
168,242,basic,166.035,110.413,0.0,0.0,1.244,
168,243,basic,217.626,113.305,309.133,160.485,1.006,1.031
168,244,basic,36.186,33.86,56.487,53.221,1.123,1.081
168,245,basic,318.011,253.497,389.274,309.989,1.26,1.273
168,246,basic,227.682,117.862,328.387,167.144,1.218,1.361
168,247,basic,372.799,133.832,676.585,237.792,1.635,1.807
168,248,basic,140.449,86.692,0.0,0.0,0.89,
168,249,basic,29.0,20.772,34.027,24.482,0.891,0.857
168,250,basic,90.725,64.075,157.945,112.365,0.975,0.913
168,251,basic,131.521,62.53,156.954,73.109,1.46,1.632
168,252,basic,236.99,158.103,263.687,171.167,1.499,1.717
168,255,basic,85.474,54.587,123.626,78.217,0.842,0.923
168,257,basic,124.04,98.219,183.93,143.809,1.078,1.188
168,259,basic,160.802,114.302,0.0,0.0,1.318,
168,261,basic,182.074,158.037,246.982,209.373,1.121,1.293
168,262,basic,180.544,130.44,154.857,110.427,1.066,1.174
168,264,basic,77.938,34.819,0.0,0.0,0.933,
168,266,basic,107.128,78.323,137.887,101.082,0.938,0.913
168,267,basic,118.366,96.228,143.96,117.017,1.019,1.02
168,268,basic,106.77,101.432,116.414,110.593,1.066,1.081
168,269,basic,102.743,95.389,128.866,119.223,1.043,1.096
168,270,basic,164.913,110.255,171.796,114.293,1.586,1.624
168,272,basic,41.665,39.305,0.0,0.0,1.059,
168,275,basic,95.899,88.87,129.799,118.825,1.175,1.32
168,276,basic,150.07,72.238,122.213,58.591,1.132,1.165
168,277,basic,123.885,78.037,141.907,89.248,1.03,1.043
168,279,basic,110.018,48.735,138.42,60.785,1.016,1.088
168,281,basic,69.583,44.918,79.099,50.584,0.823,0.896
168,282,basic,77.209,55.147,87.009,61.192,0.905,1.028
168,286,basic,180.182,106.725,229.21,127.972,2.187,2.73
168,287,gifted,190.0,174.395,0.0,0.0,,
168,288,basic,188.368,154.572,221.01,182.757,1.469,1.443
168,289,basic,154.395,133.721,0.0,0.0,1.37,
168,291,basic,368.604,254.955,556.206,388.341,2.385,2.181
168,292,basic,564.116,331.38,797.389,459.682,1.518,1.679
168,930,basic,399.103,361.445,500.131,454.48,2.391,2.3
168,935,basic,437.591,307.375,712.817,488.79,1.913,1.957
168,939,basic,220.707,111.042,0.0,0.0,1.808,
168,949,basic,376.776,315.287,636.301,518.777,1.567,1.745
168,955,basic,45.858,43.565,0.0,0.0,2.725,
168,971,basic,0.0,0.0,586.975,265.541,,1.136
168,971,gifted,515.64,473.29,0.0,0.0,,
168,972,basic,263.842,192.499,0.0,0.0,1.93,
168,974,basic,85.92,77.093,203.549,181.001,1.222,1.266
168,977,basic,236.249,171.026,420.991,300.924,1.343,1.458
169,103,basic,272.574,229.451,310.745,261.565,1.613,1.613
169,104,basic,145.763,58.391,158.73,66.029,2.585,2.423
169,105,basic,442.462,215.851,318.8,150.538,2.245,2.389
169,105,gifted,179.148,164.448,0.0,0.0,,
169,106,basic,456.605,275.009,340.074,207.631,1.814,1.738
169,106,gifted,115.547,106.066,0.0,0.0,,
169,107,basic,518.001,257.228,539.578,266.647,2.478,2.5
169,109,basic,152.625,97.15,157.537,100.188,2.135,2.138
169,110,basic,393.861,201.942,407.371,208.653,2.144,2.149
169,113,basic,393.004,230.545,319.284,185.998,2.357,2.384
169,113,gifted,135.171,124.08,0.0,0.0,,
169,115,basic,140.887,84.621,166.668,99.82,1.71,1.723
169,117,basic,264.675,154.863,238.309,142.704,2.32,2.218
169,117,gifted,89.885,82.51,0.0,0.0,,
169,118,basic,268.578,142.529,440.167,234.374,2.115,2.101
169,130,basic,655.731,384.793,697.987,408.439,1.708,1.72
169,201,basic,71.889,49.843,96.925,64.503,0.997,1.166
169,202,basic,170.689,92.105,183.389,94.084,1.623,1.829
169,203,basic,251.013,176.001,274.072,188.981,1.273,1.345
169,204,basic,183.334,128.711,188.61,100.186,1.422,2.757
169,208,basic,208.006,165.92,0.0,0.0,1.217,
169,209,basic,154.856,64.075,175.673,72.505,0.766,0.776
169,210,basic,192.822,87.942,0.0,0.0,1.373,
169,211,basic,72.925,48.037,106.393,67.462,1.11,1.272
169,212,gifted,206.121,189.208,0.0,0.0,,
169,215,basic,116.485,71.503,133.042,81.266,0.928,0.952
169,218,basic,152.658,100.964,171.954,113.163,0.763,0.783
169,220,basic,89.527,71.202,0.0,0.0,1.329,
169,221,basic,164.383,112.207,241.916,142.933,0.946,1.479
169,222,basic,151.248,85.908,178.748,100.828,2.052,2.09
169,225,basic,84.52,45.966,90.163,48.677,1.192,1.222
169,226,basic,261.883,165.746,311.65,195.061,1.279,1.353
169,229,basic,256.511,206.713,0.0,0.0,1.148,
169,230,basic,113.036,80.226,143.429,95.542,0.979,1.265
169,233,basic,277.378,183.117,384.593,250.325,0.806,0.866
169,234,basic,75.348,60.791,0.0,0.0,1.155,
169,235,basic,84.443,53.57,120.521,75.347,1.225,1.3
169,236,basic,51.299,44.092,73.141,63.648,1.011,0.967
169,239,basic,275.375,163.075,282.338,167.074,1.69,1.693
169,241,basic,385.427,143.153,620.586,227.701,1.869,1.925
169,242,basic,154.318,108.257,0.0,0.0,1.204,
169,243,basic,213.404,122.303,304.933,173.577,0.971,1.003
169,244,basic,37.591,34.733,59.524,55.617,1.064,1.058
169,245,basic,318.76,262.328,389.688,320.217,1.23,1.244
169,246,basic,228.109,127.691,326.171,177.571,1.136,1.254
169,247,basic,375.112,140.69,679.529,246.13,1.586,1.728
169,248,basic,144.235,98.108,0.0,0.0,0.864,
169,249,basic,33.309,25.987,38.807,30.461,0.851,0.829
169,250,basic,82.825,63.269,148.004,114.655,0.958,0.896
169,251,basic,133.293,67.413,158.738,77.536,1.324,1.472
169,252,basic,244.32,167.649,271.33,178.221,1.416,1.591
169,255,basic,88.464,62.349,126.71,87.912,0.819,0.89
169,257,basic,124.895,104.401,185.909,151.731,1.065,1.176
169,259,basic,155.414,115.725,0.0,0.0,1.25,
169,261,basic,171.309,151.828,232.065,199.539,1.068,1.204
169,262,basic,181.986,139.84,156.709,117.442,1.058,1.163
169,264,basic,82.582,40.795,0.0,0.0,0.925,
169,266,basic,104.713,83.219,134.626,107.633,0.883,0.856
169,267,basic,115.59,99.377,140.749,120.991,1.019,1.02
169,268,basic,106.928,101.581,116.829,110.987,1.067,1.081
169,269,basic,104.035,95.507,130.662,119.279,1.039,1.091
169,270,basic,166.341,113.488,173.345,117.292,1.483,1.514
169,272,basic,41.792,39.046,0.0,0.0,1.022,
169,275,basic,93.608,86.037,127.145,114.63,1.128,1.264
169,276,basic,149.824,78.659,122.914,63.919,1.081,1.123
169,277,basic,128.257,87.541,147.053,100.063,1.009,1.022
169,279,basic,100.59,49.338,127.271,61.431,0.987,1.055
169,281,basic,66.339,47.424,74.803,52.766,0.799,0.849
169,282,basic,75.314,58.371,85.336,64.373,0.895,1.001
169,286,basic,178.54,107.486,227.136,123.723,1.744,2.201
169,287,gifted,190.0,174.409,0.0,0.0,,
169,288,basic,179.555,149.501,210.769,176.268,1.334,1.345
169,289,basic,153.128,130.22,0.0,0.0,1.37,
169,291,basic,374.721,244.223,562.045,380.519,2.171,1.957
169,292,basic,566.902,335.804,801.765,458.629,1.495,1.657
169,930,basic,398.824,334.401,499.917,423.444,2.298,2.209
169,935,basic,437.816,297.113,712.988,473.984,1.792,1.847
169,939,basic,219.109,111.247,0.0,0.0,1.657,
169,949,basic,378.754,308.009,636.403,500.31,1.527,1.678
169,955,basic,44.494,42.269,0.0,0.0,2.83,
169,971,basic,0.0,0.0,599.175,294.292,,1.129
169,971,gifted,517.221,474.78,0.0,0.0,,
169,972,basic,260.621,183.155,0.0,0.0,1.842,
169,974,basic,87.794,77.914,208.125,181.779,1.204,1.219
169,977,basic,240.174,180.964,426.869,312.952,1.295,1.426
170,103,basic,272.346,239.954,310.598,273.583,1.637,1.638
170,104,basic,144.484,51.868,161.053,59.657,2.663,2.519
170,105,basic,455.686,209.818,326.873,145.873,2.28,2.443
170,105,gifted,180.961,165.825,0.0,0.0,,
170,106,basic,462.496,272.315,347.786,207.414,1.777,1.698
170,106,gifted,116.432,106.694,0.0,0.0,,
170,107,basic,528.177,251.575,550.673,261.126,2.544,2.569
170,109,basic,151.694,97.368,156.509,100.362,2.162,2.166
170,110,basic,396.911,191.519,410.524,197.923,2.096,2.1
170,113,basic,397.817,238.628,324.398,193.594,2.331,2.35
170,113,gifted,136.054,124.674,0.0,0.0,,
170,115,basic,140.425,80.851,166.145,95.39,1.72,1.735
170,117,basic,266.452,154.395,238.526,141.286,2.357,2.243
170,117,gifted,90.43,82.866,0.0,0.0,,
170,118,basic,256.386,129.462,420.112,212.979,2.146,2.126
170,130,basic,666.642,366.885,709.253,389.447,1.679,1.69
170,201,basic,81.615,56.553,109.644,73.253,0.992,1.171
170,202,basic,170.273,88.648,183.119,91.067,1.691,1.915
170,203,basic,258.556,183.709,282.526,197.739,1.343,1.422
170,204,basic,184.119,136.41,189.984,108.157,1.379,2.855
170,208,basic,207.96,171.941,0.0,0.0,1.223,
170,209,basic,148.57,48.383,168.022,54.636,0.772,0.78
170,210,basic,191.515,76.359,0.0,0.0,1.38,
170,211,basic,76.093,49.283,114.754,71.685,1.124,1.309
170,212,gifted,205.79,188.577,0.0,0.0,,
170,215,basic,119.927,67.543,136.631,76.654,0.923,0.947
170,218,basic,156.473,97.586,175.352,108.92,0.761,0.781
170,220,basic,88.396,74.145,0.0,0.0,1.354,
170,221,basic,165.891,106.459,244.918,137.625,1.035,1.625
170,222,basic,147.948,88.039,175.552,103.262,2.098,2.172
170,225,basic,82.014,41.157,87.554,43.634,1.209,1.244
170,226,basic,258.698,158.615,308.055,187.212,1.249,1.32
170,229,basic,247.942,211.662,0.0,0.0,1.136,
170,230,basic,112.935,79.948,143.837,96.57,1.008,1.294
170,233,basic,278.296,172.702,386.428,236.81,0.82,0.884
170,234,basic,79.196,66.575,0.0,0.0,1.25,
170,235,basic,83.55,50.712,118.751,71.328,1.288,1.354
170,236,basic,53.156,46.84,75.928,67.621,1.056,1.008
170,239,basic,282.749,169.39,289.868,173.576,1.693,1.695
170,241,basic,384.567,123.481,620.769,196.51,1.89,1.967
170,242,basic,157.874,110.861,0.0,0.0,1.239,
170,243,basic,220.695,115.773,312.826,163.288,0.986,1.014
170,244,basic,38.151,35.716,59.961,56.526,1.104,1.078
170,245,basic,319.046,276.685,389.481,337.161,1.215,1.234
170,246,basic,222.778,115.473,323.917,163.527,1.159,1.295
170,247,basic,365.264,115.961,663.906,204.135,1.569,1.725
170,248,basic,143.831,94.059,0.0,0.0,0.89,
170,249,basic,32.794,25.519,38.089,29.802,0.857,0.833
170,250,basic,82.161,64.133,147.473,116.59,0.97,0.904
170,251,basic,136.497,61.374,162.39,70.814,1.385,1.542
170,252,basic,249.698,174.972,277.091,186.602,1.458,1.649
170,255,basic,88.414,60.627,127.921,86.431,0.845,0.925
170,257,basic,126.517,110.517,188.943,162.137,1.098,1.206
170,259,basic,164.681,129.57,0.0,0.0,1.243,
170,261,basic,167.39,153.785,226.075,202.981,1.08,1.225
170,262,basic,182.792,143.726,157.237,121.153,1.064,1.166
170,264,basic,78.959,32.524,0.0,0.0,0.956,
170,266,basic,104.758,83.455,134.807,107.884,0.91,0.885
170,267,basic,115.457,103.029,141.09,125.9,1.034,1.035
170,268,basic,106.892,101.548,116.743,110.906,1.052,1.066
170,269,basic,106.424,100.074,133.14,125.055,1.079,1.134
170,270,basic,150.831,108.871,157.542,112.846,1.485,1.52
170,272,basic,42.506,40.125,0.0,0.0,1.064,
170,275,basic,93.391,87.964,128.75,120.23,1.183,1.342
170,276,basic,145.129,66.413,119.053,54.243,1.154,1.175
170,277,basic,125.945,85.003,144.397,97.213,1.011,1.024
170,279,basic,99.863,42.306,126.095,52.731,0.995,1.061
170,281,basic,68.153,47.535,77.711,53.416,0.825,0.892
170,282,basic,78.229,62.499,88.622,69.125,0.884,0.997
170,286,basic,174.453,104.304,223.075,122.18,1.86,2.345
170,287,gifted,190.0,174.108,0.0,0.0,,
170,288,basic,180.163,159.29,210.763,187.871,1.38,1.385
170,289,basic,158.167,142.818,0.0,0.0,1.417,
170,291,basic,373.307,259.399,560.534,403.769,2.212,1.987
170,292,basic,564.981,324.273,797.836,445.338,1.494,1.646
170,930,basic,399.186,366.626,500.219,459.481,2.412,2.323
170,935,basic,438.047,311.652,713.352,499.292,1.875,1.92
170,939,basic,219.772,102.459,0.0,0.0,1.701,
170,949,basic,375.6,326.754,634.492,537.022,1.552,1.723
170,955,basic,45.796,43.507,0.0,0.0,2.736,
170,971,basic,0.0,0.0,583.785,252.908,,1.128
170,971,gifted,515.909,472.756,0.0,0.0,,
170,972,basic,262.769,196.329,0.0,0.0,1.891,
170,974,basic,88.784,81.807,207.365,187.02,1.303,1.327
170,977,basic,235.742,188.407,419.706,328.2,1.293,1.416
171,103,basic,259.863,227.831,296.325,259.702,1.657,1.658
171,104,basic,129.296,54.807,146.759,63.276,2.359,2.293
171,105,basic,461.91,224.018,329.343,154.542,2.258,2.417
171,105,gifted,184.548,168.956,0.0,0.0,,
171,106,basic,447.04,284.049,334.168,215.776,1.721,1.632
171,106,gifted,116.006,106.205,0.0,0.0,,
171,107,basic,511.81,254.102,533.351,263.55,2.516,2.54
171,109,basic,148.29,100.833,152.938,104.053,2.106,2.103
171,110,basic,389.126,221.035,403.329,228.715,2.07,2.078
171,113,basic,388.211,236.373,314.685,190.931,2.33,2.342
171,113,gifted,134.193,122.855,0.0,0.0,,
171,115,basic,136.03,81.177,161.304,95.952,1.709,1.725
171,117,basic,257.434,163.349,231.688,149.924,2.334,2.239
171,117,gifted,89.629,82.057,0.0,0.0,,
171,118,basic,260.976,141.397,425.264,231.447,2.08,2.059
171,130,basic,651.366,415.793,693.516,441.155,1.665,1.68
171,201,basic,76.643,50.288,102.92,65.02,1.007,1.178
171,202,basic,169.488,87.184,181.966,89.479,1.637,1.838
171,203,basic,258.078,172.164,281.609,185.006,1.322,1.395
171,204,basic,184.944,124.293,192.226,98.756,1.464,2.875
171,208,basic,203.267,166.791,0.0,0.0,1.255,
171,209,basic,140.676,54.457,156.608,60.526,0.761,0.768
171,210,basic,193.049,87.118,0.0,0.0,1.39,
171,211,basic,71.755,44.146,108.282,64.106,1.121,1.302
171,212,gifted,205.944,188.545,0.0,0.0,,
171,215,basic,120.597,76.453,137.358,86.684,0.864,0.887
171,218,basic,158.384,98.993,177.458,110.403,0.759,0.78
171,220,basic,95.71,76.173,0.0,0.0,1.355,
171,221,basic,166.026,120.262,241.652,153.503,0.947,1.473
171,222,basic,140.493,79.225,166.575,93.051,1.957,2.011
171,225,basic,87.253,44.782,93.157,47.421,1.202,1.24
171,226,basic,254.398,176.565,303.943,207.9,1.212,1.302
171,229,basic,248.316,196.438,0.0,0.0,1.137,
171,230,basic,108.591,70.744,141.183,86.646,1.04,1.339
171,233,basic,283.134,178.311,391.812,243.797,0.838,0.894
171,234,basic,78.187,60.769,0.0,0.0,1.18,
171,235,basic,90.986,58.427,128.052,81.286,1.238,1.305
171,236,basic,47.739,41.776,66.726,59.102,1.083,1.031
171,239,basic,276.024,155.609,283.444,159.641,1.705,1.71
171,241,basic,385.654,137.126,622.949,217.923,1.867,1.95
171,242,basic,151.307,103.056,0.0,0.0,1.202,
171,243,basic,214.403,115.665,304.129,163.197,0.981,1.008
171,244,basic,37.318,34.589,59.907,56.053,1.068,1.068
171,245,basic,319.673,277.785,389.703,337.856,1.2,1.222
171,246,basic,235.245,121.775,336.91,169.908,1.215,1.339
171,247,basic,366.16,131.076,665.93,230.46,1.558,1.709
171,248,basic,147.452,92.898,0.0,0.0,0.884,
171,249,basic,28.971,22.274,33.928,26.227,0.868,0.846
171,250,basic,88.856,63.388,156.863,113.295,0.966,0.907
171,251,basic,136.834,70.445,162.55,81.093,1.364,1.511
171,252,basic,239.133,166.245,265.685,177.47,1.429,1.605
171,255,basic,88.271,57.732,127.322,81.876,0.825,0.909
171,257,basic,123.524,103.961,185.972,153.04,1.087,1.203
171,259,basic,162.956,112.354,0.0,0.0,1.321,
171,261,basic,175.606,156.668,236.982,205.215,1.065,1.207
171,262,basic,189.951,142.81,163.486,119.989,1.08,1.192
171,264,basic,80.779,41.236,0.0,0.0,0.906,
171,266,basic,106.162,85.859,136.689,111.082,0.903,0.878
171,267,basic,115.62,101.292,141.274,123.761,1.039,1.039
171,268,basic,107.074,101.72,117.024,111.173,1.086,1.102
171,269,basic,106.432,98.79,133.376,123.298,1.029,1.077
171,270,basic,164.283,105.189,171.408,108.894,1.49,1.523
171,272,basic,41.47,38.73,0.0,0.0,1.029,
171,275,basic,96.829,90.034,129.378,118.539,1.109,1.247
171,276,basic,152.998,80.152,125.022,64.855,1.104,1.15
171,277,basic,130.881,83.638,150.136,95.696,0.992,1.003
171,279,basic,102.461,47.557,129.738,59.382,0.984,1.049
171,281,basic,67.951,44.743,77.278,50.134,0.816,0.878
171,282,basic,78.881,56.66,88.988,62.276,0.881,0.993
171,286,basic,174.914,113.002,223.187,131.313,1.753,2.22
171,287,gifted,190.0,173.947,0.0,0.0,,
171,288,basic,180.588,153.396,211.197,179.227,1.273,1.302
171,289,basic,158.172,129.263,0.0,0.0,1.356,
171,291,basic,372.705,258.902,560.254,400.333,2.183,1.983
171,292,basic,567.194,330.942,802.127,453.295,1.478,1.637
171,930,basic,399.259,329.079,500.274,417.208,2.303,2.213
171,935,basic,438.303,294.358,713.684,467.87,1.833,1.881
171,939,basic,217.211,110.76,0.0,0.0,1.721,
171,949,basic,383.963,300.894,641.832,485.354,1.539,1.694
171,955,basic,46.255,43.942,0.0,0.0,2.783,
171,971,basic,0.0,0.0,593.491,274.583,,1.137
171,971,gifted,516.579,472.934,0.0,0.0,,
171,972,basic,262.416,186.445,0.0,0.0,1.849,
171,974,basic,89.769,76.81,211.228,179.617,1.204,1.197
171,977,basic,237.391,169.53,423.85,295.076,1.268,1.401
172,103,basic,285.621,232.743,325.706,265.368,1.62,1.621
172,104,basic,139.669,52.469,151.417,58.905,2.6,2.428
172,105,basic,445.053,199.956,320.411,140.283,2.252,2.397
172,105,gifted,181.216,166.051,0.0,0.0,,
172,106,basic,474.224,267.39,354.464,201.797,1.834,1.762
172,106,gifted,118.424,108.513,0.0,0.0,,
172,107,basic,513.143,238.582,535.046,247.731,2.526,2.551
172,109,basic,145.657,90.782,150.199,93.583,2.133,2.134
172,110,basic,400.156,204.23,413.731,210.945,2.1,2.106
172,113,basic,395.496,219.037,322.483,177.36,2.395,2.426
172,113,gifted,134.606,123.341,0.0,0.0,,
172,115,basic,155.161,84.252,183.204,99.282,1.735,1.746
172,117,basic,265.722,155.681,240.197,143.091,2.309,2.215
172,117,gifted,89.875,82.353,0.0,0.0,,
172,118,basic,272.001,135.04,443.918,221.142,2.115,2.097
172,130,basic,657.82,378.27,700.824,401.626,1.69,1.708
172,201,basic,78.903,54.163,105.033,69.764,0.989,1.166
172,202,basic,169.535,92.946,182.007,95.774,1.663,1.88
172,203,basic,265.086,185.727,289.122,200.027,1.323,1.395
172,204,basic,174.328,126.327,185.222,105.9,1.382,2.819
172,208,basic,198.998,159.71,0.0,0.0,1.244,
172,209,basic,150.179,59.993,170.231,67.885,0.78,0.789
172,210,basic,193.629,91.223,0.0,0.0,1.39,
172,211,basic,78.634,50.866,112.928,70.906,1.104,1.269
172,212,gifted,205.939,188.705,0.0,0.0,,
172,215,basic,116.933,75.772,133.425,86.166,0.953,0.977
172,218,basic,154.177,99.33,173.381,111.268,0.766,0.788
172,220,basic,90.511,75.358,0.0,0.0,1.35,
172,221,basic,161.966,120.113,236.86,156.055,0.952,1.516
172,222,basic,145.595,87.202,172.261,102.551,2.047,2.098
172,225,basic,82.749,44.899,88.209,47.597,1.177,1.208
172,226,basic,256.125,180.021,305.715,213.453,1.311,1.375
172,229,basic,246.316,202.765,0.0,0.0,1.143,
172,230,basic,111.936,76.637,143.815,93.661,1.015,1.308
172,233,basic,277.716,181.351,384.881,248.568,0.824,0.886
172,234,basic,76.795,62.83,0.0,0.0,1.174,
172,235,basic,77.5,52.417,110.336,73.824,1.214,1.284
172,236,basic,55.015,49.233,79.426,71.764,1.058,1.008
172,239,basic,279.223,167.481,286.363,171.611,1.738,1.743
172,241,basic,387.024,146.479,623.965,233.425,1.912,1.981
172,242,basic,155.231,110.787,0.0,0.0,1.229,
172,243,basic,214.615,120.16,305.921,170.383,0.977,1.009
172,244,basic,40.437,37.624,63.96,60.08,1.119,1.089
172,245,basic,322.24,286.582,391.383,348.277,1.236,1.247
172,246,basic,220.156,121.298,319.042,171.53,1.163,1.3
172,247,basic,370.111,139.42,670.88,245.182,1.612,1.774
172,248,basic,148.917,97.831,0.0,0.0,0.899,
172,249,basic,28.781,23.005,33.619,27.023,0.882,0.855
172,250,basic,87.608,65.147,154.723,116.331,0.959,0.896
172,251,basic,129.959,69.226,155.069,80.292,1.39,1.548
172,252,basic,237.153,170.936,263.424,183.224,1.429,1.616
172,255,basic,87.3,59.2,125.567,84.013,0.843,0.922
172,257,basic,119.569,103.526,180.085,153.136,1.071,1.183
172,259,basic,162.568,118.943,0.0,0.0,1.29,
172,261,basic,168.801,154.029,227.315,202.282,1.056,1.204
172,262,basic,183.444,143.912,157.074,120.995,1.062,1.162
172,264,basic,79.751,41.804,0.0,0.0,0.916,
172,266,basic,105.668,87.378,136.261,113.132,0.909,0.884
172,267,basic,115.588,105.655,139.623,127.657,1.02,1.02
172,268,basic,108.678,103.244,118.725,112.789,1.067,1.082
172,269,basic,106.432,99.587,133.471,124.619,1.078,1.137
172,270,basic,159.798,108.472,166.649,112.359,1.507,1.542
172,272,basic,42.983,40.346,0.0,0.0,1.054,
172,275,basic,87.705,81.827,121.769,112.229,1.212,1.367
172,276,basic,147.789,79.435,120.833,64.583,1.148,1.179
172,277,basic,127.533,84.378,146.099,96.429,1.016,1.029
172,279,basic,102.941,49.513,129.847,61.678,0.998,1.068
172,281,basic,70.788,48.575,80.029,54.287,0.808,0.866
172,282,basic,76.509,57.379,86.211,63.257,0.865,0.978
172,286,basic,170.529,116.299,218.448,137.116,1.764,2.254
172,287,gifted,190.0,174.099,0.0,0.0,,
172,288,basic,193.236,165.708,226.16,195.079,1.4,1.406
172,289,basic,154.779,119.546,0.0,0.0,1.343,
172,291,basic,375.029,255.301,563.974,401.269,2.257,2.024
172,292,basic,565.657,325.324,801.097,448.055,1.511,1.679
172,930,basic,399.139,337.674,500.168,427.762,2.31,2.218
172,935,basic,437.97,291.926,713.193,472.341,1.819,1.885
172,939,basic,219.424,113.752,0.0,0.0,1.702,
172,949,basic,378.735,287.83,635.414,471.321,1.569,1.721
172,955,basic,44.376,42.157,0.0,0.0,2.835,
172,971,basic,0.0,0.0,582.707,282.497,,1.12
172,971,gifted,515.585,472.437,0.0,0.0,,
172,972,basic,266.397,185.469,0.0,0.0,1.867,
172,974,basic,87.025,77.702,205.624,181.178,1.205,1.229
172,977,basic,240.007,179.318,426.785,312.668,1.321,1.443
173,103,basic,267.634,240.356,305.251,273.989,1.621,1.623
173,104,basic,132.139,51.586,145.383,57.868,2.26,2.17
173,105,basic,437.622,199.887,316.398,140.574,2.263,2.423
173,105,gifted,179.4,164.299,0.0,0.0,,
173,106,basic,470.0,277.47,349.509,208.768,1.81,1.726
173,106,gifted,118.432,108.463,0.0,0.0,,
173,107,basic,512.818,246.63,534.303,255.973,2.512,2.535
173,109,basic,142.589,96.326,146.652,99.11,2.078,2.076
173,110,basic,406.017,204.715,420.175,211.604,2.104,2.111
173,113,basic,395.954,239.848,322.609,195.181,2.326,2.328
173,113,gifted,137.053,125.516,0.0,0.0,,
173,115,basic,153.97,86.952,182.036,102.581,1.745,1.758
173,117,basic,257.911,157.996,232.477,144.813,2.315,2.219
173,117,gifted,89.396,81.871,0.0,0.0,,
173,118,basic,261.1,132.951,427.938,218.428,2.112,2.099
173,130,basic,676.894,386.717,720.478,410.409,1.716,1.732
173,201,basic,76.636,50.779,102.979,66.134,1.049,1.224
173,202,basic,167.127,87.059,178.614,90.07,1.606,1.781
173,203,basic,246.925,172.658,270.181,186.526,1.304,1.378
173,204,basic,186.022,134.635,189.971,109.148,1.419,2.857
173,208,basic,211.86,176.462,0.0,0.0,1.242,
173,209,basic,145.407,45.986,164.028,51.781,0.783,0.794
173,210,basic,191.591,76.799,0.0,0.0,1.39,
173,211,basic,79.663,49.654,116.991,70.673,1.118,1.296
173,212,gifted,206.221,188.862,0.0,0.0,,
173,215,basic,115.533,67.849,131.124,76.869,0.87,0.884
173,218,basic,149.421,89.995,168.124,100.859,0.76,0.783
173,220,basic,87.445,73.221,0.0,0.0,1.418,
173,221,basic,164.402,112.028,239.762,145.329,0.969,1.543
173,222,basic,142.327,87.18,168.926,102.864,1.914,1.966
173,225,basic,85.666,41.647,91.639,44.243,1.245,1.284
173,226,basic,255.168,164.537,304.488,194.878,1.299,1.369
173,229,basic,249.28,209.59,0.0,0.0,1.147,
173,230,basic,108.524,72.429,142.995,91.193,1.08,1.358
173,233,basic,280.891,169.981,389.827,233.314,0.842,0.905
173,234,basic,76.439,63.717,0.0,0.0,1.219,
173,235,basic,76.817,49.243,110.012,69.718,1.14,1.215
173,236,basic,52.696,47.149,74.782,67.547,1.096,1.043
173,239,basic,272.31,158.855,279.557,162.864,1.73,1.737
173,241,basic,387.417,122.836,624.68,195.841,1.916,1.985
173,242,basic,155.877,108.909,0.0,0.0,1.212,
173,243,basic,217.134,110.204,308.775,155.939,0.98,1.01
173,244,basic,38.258,35.769,61.847,58.258,1.164,1.123
173,245,basic,318.627,283.289,388.539,345.855,1.262,1.27
173,246,basic,235.461,118.65,335.949,165.459,1.155,1.286
173,247,basic,370.705,114.898,672.609,202.489,1.618,1.778
173,248,basic,143.018,89.911,0.0,0.0,0.883,
173,249,basic,32.173,25.147,37.638,29.589,0.852,0.823
173,250,basic,88.712,66.359,155.367,117.385,0.955,0.897
173,251,basic,134.623,62.044,160.043,71.788,1.41,1.565
173,252,basic,243.412,171.433,270.473,183.651,1.476,1.674
173,255,basic,88.268,57.818,127.164,82.267,0.848,0.923
173,257,basic,122.914,108.311,182.557,158.157,1.064,1.175
173,259,basic,161.03,121.19,0.0,0.0,1.263,
173,261,basic,167.898,155.1,226.514,204.639,1.084,1.238
173,262,basic,189.504,147.246,162.286,123.798,1.082,1.186
173,264,basic,80.754,34.609,0.0,0.0,0.939,
173,266,basic,107.118,86.601,138.546,112.424,0.906,0.883
173,267,basic,120.144,109.952,145.259,132.975,1.034,1.034
173,268,basic,113.68,107.996,124.241,118.029,1.071,1.084
173,269,basic,105.989,100.034,132.673,125.175,1.036,1.086
173,270,basic,156.879,108.744,163.904,112.807,1.503,1.541
173,272,basic,42.315,39.951,0.0,0.0,1.056,
173,275,basic,95.801,90.503,129.256,121.51,1.186,1.326
173,276,basic,154.881,72.353,125.867,58.45,1.111,1.145
173,277,basic,128.926,82.949,147.579,94.745,1.019,1.031
173,279,basic,111.696,46.004,140.419,57.142,1.006,1.074
173,281,basic,65.238,43.469,73.695,48.561,0.807,0.864
173,282,basic,77.176,58.3,86.645,64.13,0.891,1.0
173,286,basic,181.555,114.176,229.921,133.942,1.938,2.417
173,287,gifted,190.0,174.007,0.0,0.0,,
173,288,basic,186.354,165.782,218.243,195.461,1.376,1.385
173,289,basic,156.147,137.046,0.0,0.0,1.394,
173,291,basic,372.038,266.437,561.016,413.224,2.239,2.035
173,292,basic,561.197,316.32,796.488,436.44,1.511,1.683
173,930,basic,399.013,367.82,500.067,461.921,2.361,2.263
173,935,basic,437.648,310.119,712.939,495.494,1.835,1.893
173,939,basic,219.619,104.498,0.0,0.0,1.716,
173,949,basic,376.306,319.142,634.634,524.095,1.58,1.742
173,955,basic,45.536,43.259,0.0,0.0,2.813,
173,971,basic,0.0,0.0,585.242,246.103,,1.137
173,971,gifted,515.908,472.482,0.0,0.0,,
173,972,basic,261.801,197.17,0.0,0.0,1.823,
173,974,basic,85.142,78.047,200.748,180.457,1.267,1.307
173,977,basic,241.813,185.221,428.657,322.4,1.331,1.447
174,103,basic,275.314,248.606,314.13,283.439,1.656,1.659
174,104,basic,120.797,41.009,134.598,46.274,2.108,2.062
174,105,basic,449.773,180.864,322.522,125.056,2.257,2.408
174,105,gifted,182.049,166.755,0.0,0.0,,
174,106,basic,476.168,268.184,356.101,204.802,1.708,1.611
174,106,gifted,118.988,108.991,0.0,0.0,,
174,107,basic,522.966,222.561,544.961,230.669,2.495,2.518
174,109,basic,152.601,99.095,157.284,102.199,2.013,2.011
174,110,basic,379.785,164.07,393.085,169.527,2.078,2.085
174,113,basic,391.368,225.16,320.807,184.728,2.283,2.277
174,113,gifted,134.805,123.48,0.0,0.0,,
174,115,basic,144.55,77.019,171.286,90.933,1.731,1.745
174,117,basic,259.22,145.175,234.762,133.876,2.263,2.187
174,117,gifted,89.818,82.272,0.0,0.0,,
174,118,basic,267.926,123.398,437.578,202.189,2.076,2.063
174,130,basic,681.076,345.467,725.352,366.198,1.71,1.727
174,201,basic,81.786,59.64,108.228,75.687,0.922,1.078
174,202,basic,167.058,86.333,179.122,88.258,1.534,1.71
174,203,basic,254.517,191.713,278.217,205.87,1.287,1.359
174,204,basic,176.275,138.478,186.835,107.637,1.358,2.748
174,208,basic,207.044,180.875,0.0,0.0,1.196,
174,209,basic,148.918,40.385,169.042,45.742,0.777,0.785
174,210,basic,192.856,68.409,0.0,0.0,1.374,
174,211,basic,78.543,51.871,114.565,72.557,1.105,1.27
174,212,gifted,205.522,188.256,0.0,0.0,,
174,215,basic,117.215,66.839,133.253,75.735,0.873,0.888
174,218,basic,164.929,103.485,186.074,116.084,0.762,0.784
174,220,basic,86.191,73.625,0.0,0.0,1.339,
174,221,basic,168.102,114.468,246.255,145.205,0.952,1.445
174,222,basic,143.277,92.482,169.456,108.274,1.798,1.841
174,225,basic,78.42,37.335,83.83,39.563,1.187,1.221
174,226,basic,260.47,163.566,310.285,192.433,1.244,1.318
174,229,basic,252.485,229.557,0.0,0.0,1.146,
174,230,basic,118.88,87.177,150.452,103.131,1.021,1.303
174,233,basic,277.66,173.384,385.382,236.885,0.829,0.89
174,234,basic,74.223,65.524,0.0,0.0,1.198,
174,235,basic,80.821,51.82,114.86,72.478,1.138,1.212
174,236,basic,52.447,47.247,73.972,67.232,1.075,1.026
174,239,basic,275.431,164.562,282.418,168.539,1.682,1.687
174,241,basic,386.114,103.224,622.46,164.323,1.877,1.931
174,242,basic,157.372,116.367,0.0,0.0,1.222,
174,243,basic,218.238,109.822,311.735,155.568,0.967,1.003
174,244,basic,36.492,34.207,56.643,53.457,1.126,1.067
174,245,basic,317.371,289.939,386.794,354.289,1.23,1.248
174,246,basic,231.496,115.329,332.761,160.393,1.124,1.253
174,247,basic,371.671,97.346,674.216,169.977,1.573,1.715
174,248,basic,146.299,97.62,0.0,0.0,0.888,
174,249,basic,30.11,25.484,34.832,29.722,0.854,0.827
174,250,basic,85.82,72.345,153.468,131.261,0.937,0.878
174,251,basic,136.645,57.577,162.616,65.91,1.328,1.48
174,252,basic,228.429,170.413,254.769,181.265,1.385,1.558
174,255,basic,89.868,63.548,129.462,89.996,0.845,0.917
174,257,basic,117.064,108.407,176.826,161.716,1.094,1.21
174,259,basic,164.889,137.351,0.0,0.0,1.245,
174,261,basic,174.612,162.806,236.856,216.708,1.124,1.28
174,262,basic,192.21,162.281,164.426,135.197,1.071,1.176
174,264,basic,79.634,30.186,0.0,0.0,0.896,
174,266,basic,101.96,88.976,131.348,115.265,0.873,0.848
174,267,basic,124.528,117.474,150.386,141.862,1.024,1.024
174,268,basic,106.231,100.919,116.029,110.227,1.076,1.09
174,269,basic,104.544,98.881,130.751,123.665,1.059,1.113
174,270,basic,164.006,125.28,171.092,129.531,1.432,1.464
174,272,basic,40.777,38.555,0.0,0.0,1.091,
174,275,basic,96.035,90.827,130.848,123.1,1.194,1.348
174,276,basic,151.88,65.02,124.085,52.66,1.125,1.16
174,277,basic,123.222,85.315,141.265,97.502,1.008,1.02
174,279,basic,102.556,39.159,129.386,48.61,0.986,1.048
174,281,basic,63.348,46.094,71.439,51.223,0.799,0.85
174,282,basic,74.916,64.61,84.227,70.778,0.865,0.956
174,286,basic,173.439,111.007,221.034,128.132,1.685,2.1
174,287,gifted,190.0,174.038,0.0,0.0,,
174,288,basic,193.54,174.156,226.176,205.663,1.358,1.38
174,289,basic,156.737,144.491,0.0,0.0,1.354,
174,291,basic,378.145,269.287,568.315,425.009,2.212,1.986
174,292,basic,567.672,315.203,802.231,428.254,1.461,1.628
174,930,basic,399.141,372.918,500.125,466.951,2.402,2.308
174,935,basic,437.422,319.124,712.747,512.817,1.791,1.858
174,939,basic,218.55,94.811,0.0,0.0,1.637,
174,949,basic,378.009,334.36,636.662,550.78,1.554,1.722
174,955,basic,44.916,42.67,0.0,0.0,2.824,
174,971,basic,0.0,0.0,581.098,228.641,,1.107
174,971,gifted,514.973,471.709,0.0,0.0,,
174,972,basic,263.004,205.613,0.0,0.0,1.815,
174,974,basic,87.319,80.934,207.108,187.89,1.267,1.296
174,977,basic,233.596,199.179,416.348,346.936,1.291,1.413
175,103,basic,272.573,228.167,310.869,260.136,1.631,1.632
175,104,basic,137.001,55.405,149.193,62.171,2.437,2.297
175,105,basic,436.799,207.182,313.639,144.887,2.262,2.406
175,105,gifted,178.86,164.183,0.0,0.0,,
175,106,basic,458.522,269.207,339.629,201.424,1.84,1.767
175,106,gifted,116.574,107.008,0.0,0.0,,
175,107,basic,532.789,257.769,554.889,267.334,2.506,2.53
175,109,basic,153.866,98.669,158.536,101.657,2.084,2.084
175,110,basic,404.909,212.865,418.305,219.677,2.107,2.113
175,113,basic,393.24,230.721,315.584,184.503,2.336,2.346
175,113,gifted,135.774,124.633,0.0,0.0,,
175,115,basic,152.234,86.877,179.296,102.159,1.729,1.737
175,117,basic,254.372,151.561,229.309,138.851,2.315,2.226
175,117,gifted,89.413,82.077,0.0,0.0,,
175,118,basic,261.983,135.53,429.518,222.724,2.116,2.103
175,130,basic,655.766,381.087,698.626,404.637,1.708,1.725
175,201,basic,78.52,52.742,105.176,68.441,1.062,1.23
175,202,basic,173.349,92.729,185.544,95.497,1.678,1.876
175,203,basic,251.931,174.089,275.287,187.714,1.327,1.4
175,204,basic,183.712,128.369,189.062,103.855,1.448,2.873
175,208,basic,207.83,167.755,0.0,0.0,1.229,
175,209,basic,151.981,59.543,171.911,67.244,0.777,0.785
175,210,basic,195.64,89.716,0.0,0.0,1.396,
175,211,basic,74.73,47.685,113.306,69.79,1.131,1.323
175,212,gifted,205.953,189.054,0.0,0.0,,
175,215,basic,122.513,75.452,138.99,85.509,0.883,0.894
175,218,basic,155.209,98.845,174.183,110.523,0.77,0.79
175,220,basic,88.333,70.942,0.0,0.0,1.395,
175,221,basic,164.41,116.078,239.948,149.623,0.948,1.517
175,222,basic,145.722,81.268,173.152,96.455,2.279,2.312
175,225,basic,82.012,43.445,87.598,46.064,1.213,1.252
175,226,basic,258.014,169.241,308.166,201.62,1.351,1.397
175,229,basic,253.712,204.127,0.0,0.0,1.155,
175,230,basic,111.122,75.328,141.395,91.166,1.051,1.338
175,233,basic,281.981,180.035,391.402,246.918,0.834,0.899
175,234,basic,77.567,61.486,0.0,0.0,1.209,
175,235,basic,82.694,53.567,117.054,74.857,1.194,1.271
175,236,basic,52.682,46.153,75.456,66.794,1.095,1.046
175,239,basic,292.886,172.166,300.626,176.517,1.735,1.741
175,241,basic,383.006,141.409,617.451,225.404,1.923,1.987
175,242,basic,158.848,109.579,0.0,0.0,1.232,
175,243,basic,219.35,121.714,310.911,171.645,0.988,1.018
175,244,basic,36.373,33.669,56.808,53.233,1.134,1.089
175,245,basic,322.613,274.782,392.508,334.376,1.241,1.248
175,246,basic,235.563,126.196,339.289,177.427,1.225,1.357
175,247,basic,373.553,137.926,676.856,242.7,1.615,1.766
175,248,basic,150.229,97.053,0.0,0.0,0.904,
175,249,basic,28.423,21.485,32.458,24.778,0.924,0.878
175,250,basic,91.937,68.124,160.724,120.513,0.959,0.893
175,251,basic,131.782,67.085,157.148,77.706,1.431,1.589
175,252,basic,244.389,171.977,271.409,183.748,1.473,1.67
175,255,basic,85.158,57.045,122.559,81.183,0.865,0.93
175,257,basic,121.867,103.951,179.94,150.563,1.062,1.172
175,259,basic,170.027,122.785,0.0,0.0,1.331,
175,261,basic,167.142,151.033,223.677,197.45,1.041,1.17
175,262,basic,190.77,145.368,162.349,121.532,1.082,1.176
175,264,basic,80.311,39.829,0.0,0.0,0.919,
175,266,basic,107.019,85.772,137.99,111.088,0.904,0.878
175,267,basic,118.447,102.224,143.489,123.821,1.028,1.028
175,268,basic,105.513,100.238,115.013,109.262,1.065,1.078
175,269,basic,104.116,96.351,130.509,120.373,1.112,1.161
175,270,basic,148.744,99.921,155.629,103.708,1.539,1.579
175,272,basic,43.393,40.642,0.0,0.0,1.077,
175,275,basic,99.892,92.958,135.819,124.824,1.191,1.334
175,276,basic,146.693,76.397,119.41,61.817,1.135,1.168
175,277,basic,121.257,80.175,139.113,91.755,1.02,1.033
175,279,basic,111.219,52.756,139.318,65.325,0.997,1.059
175,281,basic,62.825,42.711,71.554,47.961,0.822,0.891
175,282,basic,79.034,58.889,89.24,64.906,0.907,1.028
175,286,basic,180.755,111.948,229.426,131.112,1.943,2.423
175,287,gifted,190.0,174.409,0.0,0.0,,
175,288,basic,194.424,161.074,227.313,191.687,1.499,1.455
175,289,basic,158.406,129.622,0.0,0.0,1.35,
175,291,basic,375.856,252.079,563.866,394.226,2.348,2.095
175,292,basic,563.401,327.592,798.917,451.326,1.511,1.678
175,930,basic,399.704,340.014,500.715,429.815,2.362,2.271
175,935,basic,436.697,298.072,711.755,478.532,1.833,1.893
175,939,basic,220.964,111.463,0.0,0.0,1.736,
175,949,basic,379.523,300.444,636.133,487.727,1.53,1.7
175,955,basic,46.295,43.98,0.0,0.0,2.766,
175,971,basic,0.0,0.0,591.885,282.35,,1.142
175,971,gifted,516.519,474.136,0.0,0.0,,
175,972,basic,266.001,189.321,0.0,0.0,1.881,
175,974,basic,84.734,74.836,200.223,174.189,1.228,1.261
175,977,basic,233.687,172.207,416.622,301.335,1.327,1.44
176,103,basic,261.849,214.002,298.623,243.984,1.613,1.614
176,104,basic,141.021,65.032,158.254,74.698,2.444,2.347
176,105,basic,452.454,232.408,323.45,160.76,2.267,2.428
176,105,gifted,181.867,167.276,0.0,0.0,,
176,106,basic,447.12,283.503,334.305,214.748,1.775,1.698
176,106,gifted,114.924,105.704,0.0,0.0,,
176,107,basic,520.433,269.623,541.969,279.51,2.494,2.517
176,109,basic,154.432,101.59,159.421,104.858,2.107,2.108
176,110,basic,386.816,230.404,399.848,238.005,2.074,2.077
176,113,basic,388.15,230.578,316.657,187.576,2.357,2.365
176,113,gifted,132.98,122.312,0.0,0.0,,
176,115,basic,157.336,95.912,185.989,113.064,1.731,1.745
176,117,basic,259.754,163.713,233.859,150.311,2.296,2.201
176,117,gifted,89.226,82.067,0.0,0.0,,
176,118,basic,262.751,147.218,428.109,241.055,2.108,2.085
176,130,basic,667.862,438.679,711.207,465.755,1.685,1.698
176,201,basic,81.01,53.779,109.158,69.74,1.023,1.202
176,202,basic,171.975,93.476,184.407,95.968,1.659,1.857
176,203,basic,257.558,170.153,281.533,183.098,1.325,1.402
176,204,basic,173.386,115.254,186.521,94.209,1.402,2.855
176,208,basic,208.525,162.737,0.0,0.0,1.239,
176,209,basic,152.969,75.206,171.033,83.947,0.768,0.775
176,210,basic,191.221,100.302,0.0,0.0,1.379,
176,211,basic,78.167,49.901,113.907,70.152,1.094,1.265
176,212,gifted,205.916,189.395,0.0,0.0,,
176,215,basic,118.902,80.099,135.603,90.95,0.905,0.929
176,218,basic,160.207,106.177,179.372,118.317,0.759,0.781
176,220,basic,92.882,68.631,0.0,0.0,1.373,
176,221,basic,156.77,114.573,233.163,148.057,0.991,1.57
176,222,basic,153.813,83.401,182.172,97.869,2.105,2.164
176,225,basic,83.143,47.0,88.782,49.846,1.201,1.232
176,226,basic,262.154,183.321,312.076,216.238,1.285,1.357
176,229,basic,249.854,188.047,0.0,0.0,1.132,
176,230,basic,113.058,74.513,144.597,90.138,1.041,1.324
176,233,basic,279.613,186.204,389.081,255.418,0.836,0.904
176,234,basic,72.157,53.12,0.0,0.0,1.19,
176,235,basic,83.077,55.255,118.453,77.711,1.217,1.294
176,236,basic,49.359,42.167,70.014,60.491,1.038,0.99
176,239,basic,271.973,156.906,279.111,160.876,1.707,1.712
176,241,basic,382.88,164.476,618.815,261.698,1.856,1.936
176,242,basic,157.31,106.83,0.0,0.0,1.218,
176,243,basic,219.006,129.987,310.688,183.369,0.983,1.012
176,244,basic,36.938,33.217,58.722,53.33,1.064,1.05
176,245,basic,314.828,256.231,385.408,313.264,1.233,1.245
176,246,basic,221.686,127.518,322.436,179.993,1.14,1.284
176,247,basic,365.479,161.184,665.263,283.564,1.546,1.701
176,248,basic,148.246,97.274,0.0,0.0,0.884,
176,249,basic,30.845,23.429,35.718,27.321,0.869,0.84
176,250,basic,87.645,61.739,156.449,111.65,0.962,0.898
176,251,basic,128.57,73.873,153.368,85.333,1.366,1.519
176,252,basic,237.843,162.102,264.627,173.003,1.446,1.633
176,255,basic,87.821,58.97,125.601,83.187,0.838,0.907
176,257,basic,117.642,93.617,178.223,138.577,1.074,1.192
176,259,basic,162.122,108.789,0.0,0.0,1.311,
176,261,basic,171.869,144.418,231.873,188.996,1.05,1.181
176,262,basic,183.388,134.782,157.332,113.254,1.074,1.171
176,264,basic,83.166,49.375,0.0,0.0,0.94,
176,266,basic,108.892,85.863,140.416,111.25,0.908,0.884
176,267,basic,115.887,95.591,140.808,116.163,1.04,1.04
176,268,basic,107.336,101.803,117.154,111.041,1.072,1.086
176,269,basic,105.387,93.604,132.005,116.322,0.999,1.045
176,270,basic,155.495,97.758,162.393,101.269,1.481,1.516
176,272,basic,40.909,37.326,0.0,0.0,0.974,
176,275,basic,90.579,80.452,124.092,107.478,1.149,1.281
176,276,basic,153.482,90.062,124.225,72.534,1.143,1.167
176,277,basic,120.646,78.505,138.668,89.951,1.026,1.041
176,279,basic,105.629,56.969,133.772,71.086,1.006,1.076
176,281,basic,72.696,49.095,82.922,55.141,0.818,0.885
176,282,basic,72.754,51.548,82.286,56.781,0.871,0.987
176,286,basic,186.611,115.758,235.825,133.462,1.904,2.384
176,287,gifted,190.0,174.756,0.0,0.0,,
176,288,basic,182.978,141.765,213.371,166.173,1.33,1.334
176,289,basic,157.979,118.316,0.0,0.0,1.347,
176,291,basic,373.281,241.189,559.922,375.234,2.227,2.0
176,292,basic,562.572,341.005,796.483,467.87,1.481,1.642
176,930,basic,399.389,284.553,500.409,360.645,2.273,2.183
176,935,basic,437.09,281.197,712.247,449.453,1.822,1.87
176,939,basic,221.938,123.579,0.0,0.0,1.699,
176,949,basic,379.944,271.556,640.895,442.552,1.562,1.719
176,955,basic,46.344,43.241,0.0,0.0,2.734,
176,971,basic,0.0,0.0,582.944,311.866,,1.123
176,971,gifted,515.334,473.99,0.0,0.0,,
176,972,basic,261.496,174.596,0.0,0.0,1.862,
176,974,basic,84.943,66.09,201.074,155.138,1.171,1.185
176,977,basic,244.771,166.383,433.401,288.22,1.332,1.449
177,103,basic,272.579,233.858,311.025,266.613,1.638,1.642
177,104,basic,133.885,59.94,154.484,69.763,2.228,2.2
177,105,basic,434.397,217.85,309.496,149.833,2.216,2.371
177,105,gifted,180.605,165.846,0.0,0.0,,
177,106,basic,448.082,284.718,337.605,217.797,1.729,1.65
177,106,gifted,114.826,105.442,0.0,0.0,,
177,107,basic,521.167,262.335,543.095,271.989,2.509,2.533
177,109,basic,152.258,103.866,156.979,107.147,2.003,2.0
177,110,basic,390.483,215.001,404.086,222.132,2.088,2.095
177,113,basic,399.673,245.339,324.958,199.485,2.284,2.281
177,113,gifted,136.574,125.413,0.0,0.0,,
177,115,basic,138.965,84.904,164.715,100.302,1.719,1.733
177,117,basic,260.161,160.448,235.035,147.651,2.302,2.219
177,117,gifted,89.438,82.129,0.0,0.0,,
177,118,basic,271.22,148.933,441.742,243.482,2.081,2.065
177,130,basic,661.498,412.18,704.583,437.301,1.67,1.685
177,201,basic,78.409,52.687,103.517,67.115,0.984,1.133
177,202,basic,164.221,88.603,175.288,91.279,1.491,1.632
177,203,basic,260.838,177.172,284.609,190.456,1.274,1.34
177,204,basic,173.497,118.349,184.026,95.211,1.397,2.726
177,208,basic,206.532,165.793,0.0,0.0,1.225,
177,209,basic,153.663,62.527,173.386,70.421,0.76,0.768
177,210,basic,194.165,87.536,0.0,0.0,1.406,
177,211,basic,75.842,48.105,109.101,66.658,1.107,1.267
177,212,gifted,205.473,188.681,0.0,0.0,,
177,215,basic,118.512,74.282,134.454,84.101,0.842,0.853
177,218,basic,158.106,101.473,177.193,113.176,0.763,0.784
177,220,basic,90.695,69.345,0.0,0.0,1.409,
177,221,basic,157.32,108.567,234.249,139.489,0.951,1.501
177,222,basic,133.688,79.433,158.284,93.446,1.715,1.75
177,225,basic,86.655,45.821,92.598,48.593,1.186,1.218
177,226,basic,257.913,167.428,308.033,197.203,1.24,1.325
177,229,basic,248.306,195.05,0.0,0.0,1.138,
177,230,basic,109.229,73.809,140.837,89.188,1.01,1.306
177,233,basic,279.295,178.362,389.053,244.503,0.846,0.915
177,234,basic,77.017,59.938,0.0,0.0,1.164,
177,235,basic,81.537,53.22,115.89,74.441,1.088,1.166
177,236,basic,49.768,42.957,68.658,60.004,1.01,0.966
177,239,basic,270.183,155.22,277.715,159.166,1.663,1.674
177,241,basic,382.969,140.26,617.622,223.199,1.84,1.902
177,242,basic,164.93,111.981,0.0,0.0,1.22,
177,243,basic,220.995,122.844,313.801,173.378,0.985,1.014
177,244,basic,35.833,33.024,55.852,52.127,1.05,1.027
177,245,basic,324.779,268.261,394.45,325.196,1.21,1.226
177,246,basic,238.416,128.518,339.306,177.813,1.159,1.281
177,247,basic,367.687,135.99,668.255,238.616,1.558,1.701
177,248,basic,147.256,95.846,0.0,0.0,0.883,
177,249,basic,31.579,24.159,36.928,28.483,0.844,0.814
177,250,basic,87.766,64.3,154.409,114.706,0.959,0.898
177,251,basic,138.454,68.852,164.593,79.12,1.42,1.569
177,252,basic,255.651,172.159,283.348,182.481,1.457,1.639
177,255,basic,88.014,59.453,126.276,83.923,0.829,0.903
177,257,basic,118.88,98.251,175.65,141.974,1.06,1.163
177,259,basic,164.977,116.328,0.0,0.0,1.3,
177,261,basic,176.591,154.517,239.316,202.724,1.08,1.22
177,262,basic,188.289,141.348,160.948,118.013,1.056,1.155
177,264,basic,78.526,39.166,0.0,0.0,0.936,
177,266,basic,104.604,82.129,134.629,106.257,0.91,0.885
177,267,basic,111.023,94.27,134.091,113.906,1.015,1.014
177,268,basic,113.108,107.452,123.406,117.235,1.073,1.087
177,269,basic,106.703,97.622,133.284,121.244,1.013,1.058
177,270,basic,148.69,99.572,155.511,103.362,1.386,1.416
177,272,basic,40.151,37.291,0.0,0.0,1.071,
177,275,basic,97.222,88.853,130.588,117.072,1.137,1.27
177,276,basic,150.782,78.211,122.825,63.243,1.131,1.163
177,277,basic,124.126,81.644,142.229,93.299,1.001,1.013
177,279,basic,98.121,47.108,124.342,58.788,0.986,1.051
177,281,basic,62.831,42.883,71.294,47.893,0.815,0.876
177,282,basic,73.113,54.468,82.091,59.606,0.865,0.965
177,286,basic,181.148,107.219,229.514,123.821,1.856,2.293
177,287,gifted,190.0,174.473,0.0,0.0,,
177,288,basic,193.824,156.629,227.712,185.525,1.397,1.394
177,289,basic,154.74,130.479,0.0,0.0,1.35,
177,291,basic,377.564,248.019,567.199,383.278,2.203,2.012
177,292,basic,564.782,334.542,799.284,457.764,1.475,1.63
177,930,basic,399.074,330.849,500.14,420.232,2.239,2.146
177,935,basic,436.857,296.837,712.102,469.083,1.769,1.838
177,939,basic,220.928,111.956,0.0,0.0,1.702,
177,949,basic,376.925,300.303,634.141,486.867,1.535,1.69
177,955,basic,44.196,41.986,0.0,0.0,2.861,
177,971,basic,0.0,0.0,590.451,283.269,,1.124
177,971,gifted,515.654,473.515,0.0,0.0,,
177,972,basic,257.037,183.569,0.0,0.0,1.78,
177,974,basic,88.489,76.416,207.813,177.238,1.209,1.22
177,977,basic,231.985,167.886,414.678,292.355,1.277,1.404
178,103,basic,275.965,229.083,314.85,261.15,1.653,1.657
178,104,basic,143.279,63.423,162.392,72.534,2.222,2.18
178,105,basic,429.376,211.552,311.474,149.293,2.276,2.464
178,105,gifted,179.449,165.064,0.0,0.0,,
178,106,basic,455.072,275.363,340.554,208.486,1.765,1.675
178,106,gifted,116.444,107.11,0.0,0.0,,
178,107,basic,491.998,249.407,513.468,259.309,2.524,2.551
178,109,basic,149.308,98.132,153.354,100.803,2.074,2.073
178,110,basic,393.462,210.168,407.56,217.438,2.138,2.147
178,113,basic,385.325,233.38,314.895,190.543,2.322,2.323
178,113,gifted,134.027,123.283,0.0,0.0,,
178,115,basic,152.345,88.508,180.743,104.755,1.739,1.756
178,117,basic,248.51,151.727,225.065,138.883,2.33,2.255
178,117,gifted,89.41,82.243,0.0,0.0,,
178,118,basic,266.123,142.786,437.43,234.791,2.094,2.092
178,130,basic,672.107,392.071,716.044,416.163,1.779,1.803
178,201,basic,78.085,52.138,103.866,67.496,1.035,1.214
178,202,basic,173.0,93.792,185.678,97.037,1.734,1.973
178,203,basic,269.638,184.42,293.802,198.751,1.355,1.431
178,204,basic,176.614,123.632,185.948,107.22,1.451,2.867
178,208,basic,210.124,165.666,0.0,0.0,1.235,
178,209,basic,155.897,61.491,176.737,69.624,0.768,0.776
178,210,basic,191.945,88.896,0.0,0.0,1.391,
178,211,basic,75.147,47.72,109.368,67.655,1.125,1.302
178,212,gifted,205.677,189.19,0.0,0.0,,
178,215,basic,117.726,70.636,134.336,80.477,0.984,1.004
178,218,basic,151.203,94.605,170.567,106.375,0.766,0.788
178,220,basic,92.507,73.535,0.0,0.0,1.42,
178,221,basic,165.762,113.236,240.54,148.248,1.002,1.608
178,222,basic,139.927,81.514,165.819,96.551,2.246,2.28
178,225,basic,75.1,40.182,79.924,42.567,1.187,1.218
178,226,basic,262.605,170.523,311.71,201.972,1.366,1.409
178,229,basic,258.57,204.142,0.0,0.0,1.154,
178,230,basic,115.428,77.634,145.427,93.976,1.036,1.321
178,233,basic,281.156,176.426,388.93,241.957,0.842,0.901
178,234,basic,74.085,58.023,0.0,0.0,1.21,
178,235,basic,82.982,52.892,118.564,74.87,1.265,1.338
178,236,basic,52.927,46.261,75.921,66.837,1.043,0.997
178,239,basic,282.887,168.814,289.891,172.925,1.747,1.75
178,241,basic,387.645,147.986,624.063,236.544,1.975,2.026
178,242,basic,159.367,109.411,0.0,0.0,1.234,
178,243,basic,223.935,123.311,317.847,174.247,0.99,1.023
178,244,basic,36.401,33.831,57.775,54.251,1.133,1.087
178,245,basic,319.353,266.135,388.276,323.416,1.252,1.261
178,246,basic,223.719,121.687,321.972,171.614,1.169,1.307
178,247,basic,378.12,143.227,684.084,252.91,1.661,1.82
178,248,basic,143.497,92.006,0.0,0.0,0.887,
178,249,basic,31.277,23.351,36.029,27.057,0.904,0.868
178,250,basic,84.414,61.347,152.336,111.881,0.964,0.891
178,251,basic,133.652,68.538,158.911,79.635,1.414,1.57
178,252,basic,245.66,169.768,272.593,182.621,1.52,1.722
178,255,basic,86.682,57.346,124.695,81.743,0.854,0.92
178,257,basic,127.087,104.569,186.609,151.367,1.096,1.198
178,259,basic,161.078,115.758,0.0,0.0,1.329,
178,261,basic,165.158,148.065,221.453,194.068,1.052,1.189
178,262,basic,189.181,141.469,162.109,119.234,1.083,1.195
178,264,basic,81.843,39.966,0.0,0.0,0.981,
178,266,basic,107.553,83.498,138.859,108.165,0.906,0.882
178,267,basic,111.753,94.369,136.127,114.949,1.031,1.031
178,268,basic,111.835,106.243,122.273,116.159,1.085,1.099
178,269,basic,105.752,98.241,132.428,122.579,1.051,1.104
178,270,basic,159.84,107.803,166.673,111.716,1.552,1.59
178,272,basic,41.766,39.238,0.0,0.0,1.045,
178,275,basic,99.617,92.63,134.822,123.836,1.167,1.313
178,276,basic,151.216,78.397,122.808,63.346,1.137,1.17
178,277,basic,129.753,84.861,148.85,97.152,1.004,1.018
178,279,basic,97.376,46.254,123.246,57.976,0.994,1.06
178,281,basic,63.86,42.708,72.503,47.943,0.825,0.896
178,282,basic,71.989,52.634,81.381,58.386,0.91,1.031
178,286,basic,174.946,109.718,222.661,130.849,1.969,2.455
178,287,gifted,190.0,174.769,0.0,0.0,,
178,288,basic,193.888,163.097,227.334,192.528,1.409,1.399
178,289,basic,156.25,127.21,0.0,0.0,1.349,
178,291,basic,373.925,252.379,560.309,389.555,2.402,2.163
178,292,basic,567.117,332.544,800.765,458.897,1.511,1.675
178,930,basic,398.981,347.779,500.031,438.82,2.328,2.241
178,935,basic,437.28,299.624,712.474,480.902,1.86,1.923
178,939,basic,218.471,112.187,0.0,0.0,1.769,
178,949,basic,376.304,297.789,636.197,489.803,1.556,1.735
178,955,basic,44.312,42.096,0.0,0.0,2.797,
178,971,basic,0.0,0.0,583.077,279.996,,1.132
178,971,gifted,515.136,473.842,0.0,0.0,,
178,972,basic,262.529,186.816,0.0,0.0,1.902,
178,974,basic,86.918,76.934,205.361,179.622,1.233,1.277
178,977,basic,236.604,173.9,421.281,304.789,1.312,1.429
179,103,basic,270.734,247.861,308.794,282.561,1.644,1.646
179,104,basic,133.056,51.684,148.985,58.885,2.385,2.299
179,105,basic,477.319,219.026,336.022,150.368,2.328,2.489
179,105,gifted,186.785,171.073,0.0,0.0,,
179,106,basic,466.227,281.857,350.423,213.776,1.795,1.723
179,106,gifted,116.732,106.913,0.0,0.0,,
179,107,basic,518.474,253.931,539.989,263.47,2.487,2.512
179,109,basic,138.737,95.993,143.31,99.25,2.103,2.097
179,110,basic,386.621,204.195,400.259,211.161,2.125,2.132
179,113,basic,374.255,232.797,299.772,186.063,2.315,2.319
179,113,gifted,131.195,120.16,0.0,0.0,,
179,115,basic,150.351,85.44,177.951,100.865,1.73,1.746
179,117,basic,250.68,160.11,225.554,146.114,2.326,2.234
179,117,gifted,89.446,81.922,0.0,0.0,,
179,118,basic,265.549,137.685,430.078,224.105,2.095,2.064
179,130,basic,667.617,394.349,711.234,418.642,1.727,1.747
179,201,basic,85.056,55.374,112.944,71.437,1.014,1.191
179,202,basic,170.042,85.772,182.545,88.695,1.695,1.923
179,203,basic,259.647,176.801,283.694,190.931,1.359,1.436
179,204,basic,183.669,128.767,191.568,109.11,1.51,2.952
179,208,basic,205.032,172.967,0.0,0.0,1.275,
179,209,basic,144.166,44.256,163.104,49.984,0.788,0.798
179,210,basic,191.738,76.609,0.0,0.0,1.419,
179,211,basic,75.844,45.822,113.085,66.35,1.125,1.312
179,212,gifted,205.5,188.214,0.0,0.0,,
179,215,basic,121.849,70.778,138.319,80.214,0.892,0.907
179,218,basic,155.421,90.897,173.705,101.245,0.765,0.787
179,220,basic,89.63,74.95,0.0,0.0,1.487,
179,221,basic,161.433,111.367,236.503,146.091,1.008,1.619
179,222,basic,141.949,83.75,168.635,99.332,2.098,2.131
179,225,basic,84.077,39.827,89.947,42.353,1.264,1.302
179,226,basic,271.863,178.488,321.478,210.092,1.372,1.428
179,229,basic,247.273,204.606,0.0,0.0,1.16,
179,230,basic,108.947,70.249,142.396,87.968,1.098,1.389
179,233,basic,277.323,164.454,384.368,225.728,0.828,0.89
179,234,basic,75.612,61.729,0.0,0.0,1.228,
179,235,basic,74.334,47.244,106.255,66.811,1.177,1.254
179,236,basic,46.996,42.474,66.35,60.484,1.139,1.077
179,239,basic,281.787,161.689,289.21,165.78,1.723,1.73
179,241,basic,383.123,120.644,618.808,192.434,1.9,1.984
179,242,basic,152.779,104.618,0.0,0.0,1.215,
179,243,basic,221.039,108.996,312.685,153.605,1.007,1.033
179,244,basic,36.306,34.069,57.958,54.703,1.127,1.09
179,245,basic,321.435,288.843,390.274,351.208,1.271,1.276
179,246,basic,231.894,112.154,334.386,158.408,1.245,1.38
179,247,basic,365.393,112.121,665.344,198.682,1.589,1.756
179,248,basic,148.669,89.924,0.0,0.0,0.893,
179,249,basic,30.636,23.345,35.612,27.294,0.897,0.865
179,250,basic,87.357,63.065,156.171,113.868,0.975,0.911
179,251,basic,132.316,61.715,157.924,71.873,1.422,1.58
179,252,basic,246.653,175.655,273.791,188.707,1.473,1.671
179,255,basic,88.188,55.698,126.584,79.067,0.851,0.925
179,257,basic,124.844,109.825,186.681,161.717,1.093,1.203
179,259,basic,163.754,117.963,0.0,0.0,1.364,
179,261,basic,178.357,164.874,241.772,218.782,1.109,1.272
179,262,basic,187.745,143.807,161.606,121.649,1.089,1.199
179,264,basic,77.767,33.551,0.0,0.0,0.941,
179,266,basic,106.03,86.064,136.775,111.406,0.896,0.871
179,267,basic,114.595,104.329,139.416,126.972,1.041,1.04
179,268,basic,111.562,105.984,122.034,115.933,1.064,1.079
179,269,basic,105.265,99.446,131.612,124.305,1.061,1.108
179,270,basic,156.33,105.111,163.074,109.008,1.535,1.569
179,272,basic,39.228,37.047,0.0,0.0,1.092,
179,275,basic,97.538,92.198,133.21,125.245,1.21,1.374
179,276,basic,151.298,70.333,122.99,56.838,1.144,1.18
179,277,basic,132.214,82.47,151.222,94.145,1.022,1.034
179,279,basic,104.738,42.079,132.35,52.54,1.018,1.094
179,281,basic,66.548,42.612,75.179,47.649,0.813,0.873
179,282,basic,73.735,53.713,82.938,59.243,0.883,1.0
179,286,basic,180.695,115.613,228.673,136.99,2.041,2.51
179,287,gifted,190.0,174.018,0.0,0.0,,
179,288,basic,184.679,165.332,215.952,194.93,1.355,1.35
179,289,basic,156.561,135.596,0.0,0.0,1.376,
179,291,basic,373.85,273.867,561.462,423.052,2.357,2.117
179,292,basic,563.013,315.462,798.526,436.553,1.527,1.691
179,930,basic,399.235,367.055,500.318,461.159,2.394,2.294
179,935,basic,438.104,311.668,713.473,496.722,1.859,1.917
179,939,basic,218.786,104.661,0.0,0.0,1.751,
179,949,basic,384.897,324.226,642.051,526.377,1.554,1.719
179,955,basic,46.101,43.796,0.0,0.0,2.721,
179,971,basic,0.0,0.0,590.99,242.514,,1.148
179,971,gifted,516.659,473.2,0.0,0.0,,
179,972,basic,261.894,198.409,0.0,0.0,1.865,
179,974,basic,86.845,79.459,205.712,185.359,1.242,1.276
179,977,basic,238.15,177.303,424.516,310.679,1.332,1.452
180,103,basic,266.772,241.34,304.286,275.119,1.669,1.671
180,104,basic,131.334,51.546,147.309,58.899,2.375,2.287
180,105,basic,440.837,207.904,317.632,145.685,2.323,2.493
180,105,gifted,178.011,163.801,0.0,0.0,,
180,106,basic,453.301,274.546,338.302,207.219,1.8,1.718
180,106,gifted,115.861,106.612,0.0,0.0,,
180,107,basic,521.623,257.726,543.532,267.492,2.522,2.547
180,109,basic,142.914,97.044,147.26,100.001,2.102,2.102
180,110,basic,393.456,201.182,406.758,207.826,2.088,2.093
180,113,basic,395.023,247.705,322.171,201.512,2.332,2.341
180,113,gifted,135.232,124.437,0.0,0.0,,
180,115,basic,143.065,83.64,169.14,98.669,1.72,1.733
180,117,basic,268.436,164.654,241.566,150.944,2.36,2.248
180,117,gifted,89.856,82.684,0.0,0.0,,
180,118,basic,267.36,138.978,438.863,228.753,2.151,2.135
180,130,basic,659.158,374.22,701.452,397.491,1.726,1.737
180,201,basic,74.695,49.558,101.297,65.12,1.081,1.267
180,202,basic,169.831,88.173,181.46,91.213,1.62,1.803
180,203,basic,270.347,190.1,294.472,204.608,1.303,1.376
180,204,basic,186.569,135.094,190.466,109.635,1.41,2.906
180,208,basic,206.045,171.604,0.0,0.0,1.272,
180,209,basic,157.286,48.613,177.71,54.857,0.78,0.787
180,210,basic,194.479,76.192,0.0,0.0,1.42,
180,211,basic,70.421,44.26,103.276,63.064,1.103,1.276
180,212,gifted,205.726,189.305,0.0,0.0,,
180,215,basic,114.656,63.353,130.376,71.903,0.906,0.923
180,218,basic,160.205,96.0,179.386,107.093,0.766,0.788
180,220,basic,92.964,77.358,0.0,0.0,1.469,
180,221,basic,160.831,103.942,237.855,135.826,1.034,1.68
180,222,basic,142.364,89.861,168.007,105.322,1.784,1.84
180,225,basic,73.591,35.894,78.417,38.029,1.197,1.23
180,226,basic,245.242,152.607,294.8,181.564,1.248,1.334
180,229,basic,249.346,209.261,0.0,0.0,1.147,
180,230,basic,116.576,79.093,146.555,95.086,1.051,1.334
180,233,basic,279.815,167.619,387.352,229.683,0.828,0.889
180,234,basic,77.897,65.17,0.0,0.0,1.178,
180,235,basic,77.151,47.392,110.742,67.363,1.198,1.268
180,236,basic,50.533,45.152,70.772,63.856,1.067,1.013
180,239,basic,258.854,152.616,265.509,156.369,1.692,1.698
180,241,basic,383.365,120.893,619.794,193.094,1.907,1.984
180,242,basic,162.241,111.326,0.0,0.0,1.237,
180,243,basic,220.99,111.984,313.327,158.075,0.987,1.015
180,244,basic,35.538,33.286,56.171,52.969,1.164,1.106
180,245,basic,318.62,277.525,388.188,337.953,1.241,1.252
180,246,basic,225.143,111.346,326.848,158.128,1.239,1.373
180,247,basic,365.88,112.943,665.342,199.782,1.587,1.746
180,248,basic,147.482,92.208,0.0,0.0,0.894,
180,249,basic,30.002,22.485,34.443,26.019,0.913,0.87
180,250,basic,86.535,65.261,153.92,117.364,0.97,0.903
180,251,basic,132.345,59.496,157.935,69.165,1.395,1.552
180,252,basic,236.407,167.218,263.134,179.714,1.459,1.658
180,255,basic,88.155,57.849,126.241,81.983,0.856,0.923
180,257,basic,121.554,106.641,181.275,156.473,1.076,1.186
180,259,basic,161.245,121.472,0.0,0.0,1.347,
180,261,basic,169.189,155.897,229.013,206.356,1.091,1.252
180,262,basic,185.501,143.179,158.662,120.365,1.064,1.166
180,264,basic,82.892,33.658,0.0,0.0,0.95,
180,266,basic,103.867,82.277,134.066,106.575,0.902,0.879
180,267,basic,125.575,110.949,151.974,134.294,1.028,1.027
180,268,basic,109.243,103.781,119.222,113.261,1.061,1.077
180,269,basic,105.228,99.246,131.408,123.873,1.051,1.1
180,270,basic,151.96,108.641,158.579,112.662,1.435,1.47
180,272,basic,41.534,39.289,0.0,0.0,1.055,
180,275,basic,94.441,89.286,128.728,121.079,1.18,1.334
180,276,basic,154.445,69.872,124.636,56.117,1.138,1.166
180,277,basic,125.646,81.889,143.891,93.588,1.013,1.025
180,279,basic,111.016,45.258,139.139,56.088,1.004,1.071
180,281,basic,64.72,43.145,73.852,48.595,0.829,0.901
180,282,basic,77.381,58.921,87.115,64.906,0.935,1.058
180,286,basic,173.982,105.879,222.32,125.182,1.937,2.446
180,287,gifted,190.0,174.834,0.0,0.0,,
180,288,basic,191.024,169.094,224.352,200.622,1.454,1.445
180,289,basic,156.599,142.54,0.0,0.0,1.403,
180,291,basic,372.202,269.915,558.659,415.992,2.253,2.035
180,292,basic,565.462,322.977,799.776,445.322,1.513,1.675
180,930,basic,398.312,370.813,499.393,465.138,2.361,2.267
180,935,basic,437.863,318.74,713.168,508.875,1.877,1.917
180,939,basic,218.046,102.371,0.0,0.0,1.713,
180,949,basic,378.226,329.012,636.582,540.467,1.584,1.743
180,955,basic,46.276,43.962,0.0,0.0,2.778,
180,971,basic,0.0,0.0,577.902,241.929,,1.129
180,971,gifted,514.93,473.827,0.0,0.0,,
180,972,basic,259.374,200.758,0.0,0.0,1.857,
180,974,basic,88.026,81.593,208.519,190.272,1.214,1.237
180,977,basic,238.133,184.228,423.288,321.859,1.329,1.444
181,103,basic,264.793,229.778,301.892,261.943,1.595,1.595
181,104,basic,142.017,54.183,152.623,60.212,2.445,2.284
181,105,basic,449.257,204.216,326.186,144.776,2.315,2.451
181,105,gifted,178.524,163.641,0.0,0.0,,
181,106,basic,476.361,277.725,353.256,208.691,1.797,1.706
181,106,gifted,119.571,109.602,0.0,0.0,,
181,107,basic,530.366,252.311,552.046,261.601,2.493,2.516
181,109,basic,142.498,89.87,146.802,92.529,2.209,2.211
181,110,basic,381.12,191.68,394.687,198.284,2.133,2.139
181,113,basic,404.397,233.466,331.124,189.692,2.428,2.462
181,113,gifted,136.727,125.328,0.0,0.0,,
181,115,basic,151.681,84.838,178.58,99.727,1.738,1.747
181,117,basic,260.97,154.523,235.245,141.747,2.327,2.229
181,117,gifted,89.881,82.388,0.0,0.0,,
181,118,basic,279.58,139.617,460.156,230.327,2.178,2.165
181,130,basic,659.067,370.14,701.958,392.963,1.738,1.755
181,201,basic,76.628,51.837,103.863,67.889,1.063,1.249
181,202,basic,172.988,91.162,185.814,93.793,1.712,1.941
181,203,basic,261.908,185.138,285.352,199.149,1.307,1.378
181,204,basic,171.907,125.529,185.131,105.666,1.365,2.851
181,208,basic,204.534,168.543,0.0,0.0,1.241,
181,209,basic,155.147,54.926,175.392,61.997,0.769,0.777
181,210,basic,193.316,83.014,0.0,0.0,1.424,
181,211,basic,68.534,44.109,98.897,61.796,1.094,1.257
181,212,gifted,205.584,188.444,0.0,0.0,,
181,215,basic,120.694,71.957,137.376,81.744,0.927,0.944
181,218,basic,155.351,97.36,174.675,109.054,0.77,0.791
181,220,basic,91.524,75.672,0.0,0.0,1.45,
181,221,basic,161.158,111.457,237.382,144.505,0.999,1.61
181,222,basic,141.061,80.967,167.459,95.607,2.279,2.331
181,225,basic,80.999,41.524,86.553,44.1,1.232,1.265
181,226,basic,258.417,169.783,308.529,201.5,1.307,1.368
181,229,basic,248.748,207.745,0.0,0.0,1.153,
181,230,basic,113.97,78.473,143.454,93.982,1.027,1.316
181,233,basic,279.887,176.053,388.681,241.614,0.834,0.899
181,234,basic,77.376,64.112,0.0,0.0,1.193,
181,235,basic,85.6,54.555,121.178,76.388,1.26,1.331
181,236,basic,51.19,45.664,72.569,65.39,1.075,1.022
181,239,basic,270.574,162.286,277.808,166.479,1.671,1.676
181,241,basic,386.115,133.154,622.444,212.003,1.914,1.986
181,242,basic,155.618,109.183,0.0,0.0,1.229,
181,243,basic,212.263,114.691,302.796,162.696,0.948,0.982
181,244,basic,37.225,34.671,58.817,55.326,1.134,1.081
181,245,basic,321.607,282.298,391.532,343.9,1.261,1.269
181,246,basic,235.051,123.041,336.673,171.997,1.207,1.344
181,247,basic,369.977,126.067,670.016,221.729,1.611,1.766
181,248,basic,144.905,93.534,0.0,0.0,0.894,
181,249,basic,30.179,23.502,35.207,27.593,0.871,0.84
181,250,basic,88.938,67.332,156.529,119.755,0.959,0.899
181,251,basic,138.658,67.849,164.898,78.419,1.401,1.559
181,252,basic,247.462,176.968,274.753,189.294,1.473,1.669
181,255,basic,84.719,57.116,122.888,81.743,0.838,0.918
181,257,basic,117.571,102.934,177.016,152.281,1.086,1.199
181,259,basic,164.441,122.055,0.0,0.0,1.36,
181,261,basic,176.598,161.578,240.245,214.659,1.106,1.26
181,262,basic,184.629,144.533,157.759,121.241,1.061,1.161
181,264,basic,82.953,38.238,0.0,0.0,0.937,
181,266,basic,102.868,83.732,132.209,108.084,0.911,0.885
181,267,basic,109.761,98.426,133.569,119.79,1.032,1.032
181,268,basic,108.888,103.443,118.874,112.93,1.058,1.071
181,269,basic,110.732,104.059,138.198,129.692,1.066,1.118
181,270,basic,156.255,109.05,162.899,112.972,1.49,1.521
181,272,basic,42.666,40.243,0.0,0.0,1.031,
181,275,basic,91.083,85.813,124.798,116.621,1.194,1.347
181,276,basic,144.025,71.245,117.583,57.845,1.145,1.175
181,277,basic,128.654,85.185,147.469,97.403,1.025,1.039
181,279,basic,106.44,47.373,134.219,58.986,1.009,1.078
181,281,basic,66.33,45.304,75.552,50.92,0.815,0.883
181,282,basic,76.62,58.874,86.109,64.789,0.866,0.974
181,286,basic,178.67,112.623,227.658,131.877,1.929,2.439
181,287,gifted,190.0,174.16,0.0,0.0,,
181,288,basic,187.941,163.843,220.856,194.477,1.43,1.424
181,289,basic,157.719,133.544,0.0,0.0,1.379,
181,291,basic,378.769,259.287,565.927,404.167,2.401,2.14
181,292,basic,562.723,323.294,796.468,444.225,1.502,1.678
181,930,basic,399.443,357.605,500.467,449.544,2.371,2.289
181,935,basic,438.173,305.581,713.424,491.408,1.853,1.906
181,939,basic,220.454,107.519,0.0,0.0,1.738,
181,949,basic,377.379,310.859,633.251,507.42,1.561,1.72
181,955,basic,46.061,43.758,0.0,0.0,2.79,
181,971,basic,0.0,0.0,576.672,261.791,,1.116
181,971,gifted,514.86,471.937,0.0,0.0,,
181,972,basic,262.708,192.527,0.0,0.0,1.879,
181,974,basic,86.236,78.804,204.085,183.463,1.218,1.248
181,977,basic,240.597,183.55,427.413,319.969,1.337,1.454
182,103,basic,264.593,234.648,301.772,267.467,1.647,1.649
182,104,basic,132.552,54.473,149.829,62.501,2.358,2.285
182,105,basic,471.282,226.661,336.587,158.021,2.323,2.481
182,105,gifted,185.545,169.873,0.0,0.0,,
182,106,basic,455.04,277.338,340.509,209.792,1.769,1.686
182,106,gifted,116.29,106.468,0.0,0.0,,
182,107,basic,517.913,261.933,539.247,271.76,2.501,2.525
182,109,basic,145.514,98.281,149.964,101.369,2.101,2.096
182,110,basic,398.266,206.968,412.811,214.213,2.129,2.138
182,113,basic,385.986,239.431,314.801,194.701,2.349,2.362
182,113,gifted,133.488,122.213,0.0,0.0,,
182,115,basic,141.018,82.536,167.399,97.7,1.73,1.748
182,117,basic,253.907,156.563,228.236,142.707,2.358,2.266
182,117,gifted,89.944,82.346,0.0,0.0,,
182,118,basic,275.201,146.243,448.556,239.071,2.11,2.091
182,130,basic,667.67,385.154,710.954,408.785,1.748,1.768
182,201,basic,77.119,50.829,103.23,66.144,1.072,1.252
182,202,basic,172.056,90.171,184.35,93.334,1.701,1.916
182,203,basic,250.229,174.203,272.761,187.865,1.279,1.35
182,204,basic,176.614,125.25,186.594,108.355,1.463,2.872
182,208,basic,207.708,168.66,0.0,0.0,1.268,
182,209,basic,156.391,52.579,177.491,59.599,0.784,0.792
182,210,basic,192.439,79.916,0.0,0.0,1.406,
182,211,basic,74.956,46.903,109.314,66.564,1.121,1.297
182,212,gifted,205.452,188.099,0.0,0.0,,
182,215,basic,121.897,69.429,138.983,78.94,0.939,0.963
182,218,basic,166.656,100.312,186.655,111.982,0.786,0.807
182,220,basic,91.595,75.238,0.0,0.0,1.446,
182,221,basic,166.034,108.99,241.692,142.446,1.023,1.634
182,222,basic,145.217,84.119,171.928,99.623,2.29,2.317
182,225,basic,85.078,42.717,90.601,45.26,1.202,1.234
182,226,basic,263.847,165.521,313.771,195.632,1.326,1.391
182,229,basic,255.958,208.56,0.0,0.0,1.151,
182,230,basic,118.511,79.051,149.882,96.029,1.085,1.364
182,233,basic,279.774,169.157,389.148,232.757,0.838,0.909
182,234,basic,73.858,59.825,0.0,0.0,1.212,
182,235,basic,83.608,51.692,119.086,72.987,1.251,1.318
182,236,basic,49.36,43.781,69.93,62.611,1.061,1.009
182,239,basic,265.224,156.103,272.462,160.215,1.736,1.742
182,241,basic,381.258,129.002,615.604,206.249,1.937,2.005
182,242,basic,166.122,113.474,0.0,0.0,1.25,
182,243,basic,219.527,113.842,311.724,160.976,0.985,1.015
182,244,basic,34.355,32.183,53.746,50.677,1.109,1.074
182,245,basic,321.014,273.605,390.092,332.329,1.269,1.277
182,246,basic,237.994,121.352,341.029,170.447,1.219,1.352
182,247,basic,370.747,123.327,674.03,218.464,1.61,1.774
182,248,basic,146.858,92.074,0.0,0.0,0.899,
182,249,basic,31.833,23.907,37.0,27.925,0.875,0.846
182,250,basic,86.327,63.626,153.995,114.624,0.972,0.906
182,251,basic,128.272,60.102,153.393,70.075,1.423,1.589
182,252,basic,227.4,158.938,253.503,171.534,1.444,1.644
182,255,basic,86.075,56.207,124.838,80.595,0.857,0.936
182,257,basic,119.58,102.155,177.269,148.972,1.047,1.16
182,259,basic,159.759,118.298,0.0,0.0,1.298,
182,261,basic,174.568,159.857,235.053,210.41,1.089,1.24
182,262,basic,190.794,144.17,163.498,121.449,1.092,1.203
182,264,basic,79.558,34.685,0.0,0.0,0.923,
182,266,basic,108.419,84.27,139.967,109.155,0.924,0.9
182,267,basic,111.178,96.711,135.329,117.704,1.015,1.016
182,268,basic,110.566,105.038,120.904,114.859,1.071,1.087
182,269,basic,108.423,101.934,135.452,127.173,1.046,1.102
182,270,basic,153.422,105.967,160.158,109.935,1.52,1.557
182,272,basic,41.554,39.24,0.0,0.0,1.053,
182,275,basic,93.154,87.779,126.441,118.237,1.169,1.32
182,276,basic,150.232,71.394,122.28,57.76,1.111,1.15
182,277,basic,130.749,84.308,149.706,96.342,1.03,1.043
182,279,basic,104.715,44.822,131.561,55.724,1.012,1.08
182,281,basic,68.376,45.33,77.35,50.737,0.821,0.885
182,282,basic,72.067,53.909,80.726,59.295,0.885,0.996
182,286,basic,177.524,109.295,225.861,129.631,1.971,2.47
182,287,gifted,190.0,173.952,0.0,0.0,,
182,288,basic,182.288,160.433,213.109,188.482,1.344,1.35
182,289,basic,153.062,134.688,0.0,0.0,1.35,
182,291,basic,373.005,261.734,561.441,404.622,2.355,2.114
182,292,basic,565.986,325.6,801.179,450.239,1.518,1.678
182,930,basic,399.601,365.948,500.607,459.397,2.388,2.294
182,935,basic,437.816,311.201,713.118,496.452,1.863,1.922
182,939,basic,222.278,106.84,0.0,0.0,1.811,
182,949,basic,376.344,318.649,634.311,522.734,1.574,1.745
182,955,basic,45.226,42.964,0.0,0.0,2.794,
182,971,basic,0.0,0.0,589.433,257.485,,1.147
182,971,gifted,516.145,472.549,0.0,0.0,,
182,972,basic,261.308,195.002,0.0,0.0,1.877,
182,974,basic,87.068,79.56,205.608,185.087,1.264,1.298
182,977,basic,241.325,181.843,426.848,316.531,1.338,1.454
183,103,basic,277.062,246.828,315.927,281.362,1.629,1.63
183,104,basic,153.039,60.114,170.313,68.23,2.425,2.325
183,105,basic,450.635,208.521,323.135,145.68,2.284,2.451
183,105,gifted,181.805,166.84,0.0,0.0,,
183,106,basic,454.394,271.508,339.986,205.289,1.794,1.713
183,106,gifted,115.348,105.853,0.0,0.0,,
183,107,basic,523.272,255.301,545.031,264.959,2.499,2.524
183,109,basic,149.002,100.512,153.412,103.532,2.115,2.113
183,110,basic,411.673,218.003,426.237,225.438,2.106,2.114
183,113,basic,394.759,238.305,320.618,192.756,2.359,2.376
183,113,gifted,135.177,124.05,0.0,0.0,,
183,115,basic,143.353,80.871,169.44,95.394,1.733,1.746
183,117,basic,263.764,164.753,237.067,150.535,2.353,2.247
183,117,gifted,90.314,82.88,0.0,0.0,,
183,118,basic,258.969,133.813,423.3,219.358,2.102,2.085
183,130,basic,656.289,387.159,698.696,411.057,1.729,1.745
183,201,basic,75.385,48.797,102.718,64.522,1.13,1.319
183,202,basic,168.372,88.221,180.695,91.176,1.637,1.865
183,203,basic,248.862,171.439,272.022,185.225,1.322,1.397
183,204,basic,180.068,127.636,188.532,108.001,1.455,2.927
183,208,basic,200.222,166.332,0.0,0.0,1.267,
183,209,basic,147.022,49.372,165.764,55.597,0.783,0.791
183,210,basic,191.718,80.99,0.0,0.0,1.431,
183,211,basic,76.446,47.129,113.515,67.995,1.117,1.3
183,212,gifted,205.293,188.394,0.0,0.0,,
183,215,basic,116.657,70.1,132.733,79.631,0.916,0.933
183,218,basic,158.985,95.696,179.099,107.4,0.763,0.786
183,220,basic,89.904,75.111,0.0,0.0,1.428,
183,221,basic,167.435,117.694,244.091,153.57,1.013,1.626
183,222,basic,139.265,81.64,164.748,96.673,2.16,2.183
183,225,basic,82.413,41.084,87.838,43.532,1.199,1.236
183,226,basic,248.296,166.868,298.123,199.486,1.354,1.409
183,229,basic,251.151,206.817,0.0,0.0,1.146,
183,230,basic,109.971,72.32,141.337,89.029,1.05,1.338
183,233,basic,283.409,172.704,392.902,236.922,0.836,0.903
183,234,basic,77.599,63.094,0.0,0.0,1.213,
183,235,basic,83.339,53.881,118.229,75.686,1.21,1.282
183,236,basic,52.972,47.734,76.392,69.438,1.108,1.053
183,239,basic,264.165,154.318,270.816,158.114,1.716,1.719
183,241,basic,386.277,129.264,623.159,206.444,1.959,2.027
183,242,basic,156.534,108.131,0.0,0.0,1.236,
183,243,basic,216.999,111.736,307.765,157.807,0.982,1.011
183,244,basic,35.89,33.587,56.81,53.56,1.137,1.094
183,245,basic,322.096,288.224,391.41,350.579,1.26,1.268
183,246,basic,230.622,116.66,332.16,164.514,1.209,1.345
183,247,basic,368.264,120.975,668.513,213.843,1.639,1.803
183,248,basic,142.163,88.131,0.0,0.0,0.887,
183,249,basic,28.945,22.294,33.491,25.946,0.895,0.862
183,250,basic,86.788,62.897,154.542,113.186,0.976,0.908
183,251,basic,132.216,64.822,157.91,75.468,1.398,1.561
183,252,basic,230.078,165.275,256.23,178.143,1.429,1.625
183,255,basic,88.534,57.0,128.009,81.51,0.848,0.923
183,257,basic,112.911,98.861,170.572,146.926,1.061,1.175
183,259,basic,163.621,118.852,0.0,0.0,1.298,
183,261,basic,179.776,165.255,243.637,218.995,1.115,1.274
183,262,basic,184.764,142.166,158.697,120.079,1.076,1.182
183,264,basic,79.1,36.508,0.0,0.0,0.924,
183,266,basic,110.958,90.172,143.012,116.668,0.907,0.88
183,267,basic,112.632,102.293,137.075,124.499,1.035,1.035
183,268,basic,112.565,106.937,122.931,116.784,1.064,1.077
183,269,basic,106.558,100.502,133.075,125.447,1.048,1.097
183,270,basic,153.183,104.028,159.852,107.826,1.48,1.519
183,272,basic,41.587,39.198,0.0,0.0,1.089,
183,275,basic,95.912,90.586,130.739,122.686,1.188,1.35
183,276,basic,154.487,75.738,125.136,60.992,1.125,1.161
183,277,basic,123.42,78.339,141.404,89.576,1.012,1.024
183,279,basic,98.346,42.004,124.974,52.782,1.009,1.08
183,281,basic,71.998,46.768,82.34,52.8,0.834,0.91
183,282,basic,80.093,58.282,90.278,64.344,0.909,1.033
183,286,basic,179.813,116.934,227.562,138.714,1.998,2.458
183,287,gifted,190.0,174.361,0.0,0.0,,
183,288,basic,188.657,165.962,220.578,195.976,1.414,1.397
183,289,basic,157.901,132.149,0.0,0.0,1.363,
183,291,basic,374.334,267.594,562.451,416.505,2.368,2.106
183,292,basic,562.235,319.16,795.183,440.616,1.515,1.678
183,930,basic,399.154,361.041,500.149,454.088,2.358,2.271
183,935,basic,438.183,303.683,713.605,487.147,1.899,1.947
183,939,basic,219.503,108.217,0.0,0.0,1.752,
183,949,basic,382.319,311.706,642.879,510.169,1.582,1.745
183,955,basic,47.228,44.866,0.0,0.0,2.777,
183,971,basic,0.0,0.0,587.837,255.727,,1.127
183,971,gifted,515.558,473.121,0.0,0.0,,
183,972,basic,265.053,195.704,0.0,0.0,1.867,
183,974,basic,86.482,78.404,205.886,183.996,1.228,1.263
183,977,basic,232.41,172.934,415.935,304.346,1.318,1.436
184,103,basic,260.031,240.107,296.439,273.626,1.657,1.658
184,104,basic,120.017,44.185,132.887,50.007,2.344,2.238
184,105,basic,432.353,191.755,312.206,134.749,2.32,2.487
184,105,gifted,177.553,163.19,0.0,0.0,,
184,106,basic,455.241,271.466,337.221,203.752,1.76,1.667
184,106,gifted,116.525,107.098,0.0,0.0,,
184,107,basic,506.757,242.268,527.751,251.364,2.467,2.491
184,109,basic,152.773,103.642,157.49,106.768,2.168,2.172
184,110,basic,394.6,196.73,408.493,203.443,2.147,2.154
184,113,basic,395.118,242.487,323.541,197.921,2.35,2.362
184,113,gifted,135.578,124.61,0.0,0.0,,
184,115,basic,151.012,84.436,178.447,99.571,1.732,1.744
184,117,basic,261.77,162.246,235.932,148.629,2.363,2.265
184,117,gifted,90.039,82.755,0.0,0.0,,
184,118,basic,274.903,138.073,452.326,227.483,2.112,2.105
184,130,basic,653.067,371.088,695.084,394.049,1.708,1.721
184,201,basic,80.449,53.329,106.792,68.747,1.027,1.198
184,202,basic,171.894,85.374,184.918,88.023,1.759,2.006
184,203,basic,267.409,187.51,291.644,201.922,1.341,1.419
184,204,basic,173.802,128.126,182.48,109.797,1.4,2.715
184,208,basic,210.144,181.32,0.0,0.0,1.235,
184,209,basic,147.133,41.723,166.796,47.203,0.786,0.797
184,210,basic,193.335,73.438,0.0,0.0,1.388,
184,211,basic,74.961,46.094,107.327,64.146,1.118,1.286
184,212,gifted,205.623,188.989,0.0,0.0,,
184,215,basic,122.143,68.677,139.1,78.002,0.932,0.953
184,218,basic,157.795,92.305,176.863,103.114,0.777,0.797
184,220,basic,93.535,78.248,0.0,0.0,1.555,
184,221,basic,165.262,111.678,242.722,145.441,1.039,1.668
184,222,basic,143.526,82.859,170.314,98.326,2.334,2.359
184,225,basic,88.173,40.92,94.275,43.491,1.284,1.32
184,226,basic,256.814,166.85,307.336,198.394,1.302,1.367
184,229,basic,253.199,219.125,0.0,0.0,1.14,
184,230,basic,107.249,71.928,139.513,89.332,1.023,1.316
184,233,basic,283.557,167.688,392.868,229.916,0.837,0.9
184,234,basic,72.26,62.067,0.0,0.0,1.19,
184,235,basic,84.652,53.235,119.634,74.288,1.201,1.286
184,236,basic,50.633,46.2,71.418,65.604,1.087,1.035
184,239,basic,274.4,159.579,281.747,163.732,1.721,1.726
184,241,basic,383.446,113.187,618.03,180.583,1.904,1.969
184,242,basic,150.441,105.365,0.0,0.0,1.206,
184,243,basic,216.016,105.39,305.871,148.604,0.974,1.001
184,244,basic,33.665,31.629,53.364,50.415,1.171,1.112
184,245,basic,321.417,292.688,391.247,357.036,1.269,1.278
184,246,basic,224.36,108.13,324.135,152.985,1.19,1.317
184,247,basic,372.356,106.182,675.696,187.301,1.61,1.774
184,248,basic,139.094,85.627,0.0,0.0,0.875,
184,249,basic,31.548,24.675,36.939,29.037,0.874,0.848
184,250,basic,91.393,68.393,161.039,121.934,0.987,0.915
184,251,basic,130.32,58.187,156.052,67.801,1.399,1.563
184,252,basic,236.003,171.667,262.535,184.514,1.429,1.624
184,255,basic,88.128,56.817,126.709,80.752,0.85,0.924
184,257,basic,130.025,117.804,190.907,170.687,1.093,1.198
184,259,basic,157.869,120.392,0.0,0.0,1.277,
184,261,basic,168.097,157.056,224.909,206.971,1.072,1.213
184,262,basic,191.086,150.725,163.145,126.429,1.084,1.19
184,264,basic,78.419,31.635,0.0,0.0,0.934,
184,266,basic,108.143,89.166,139.631,115.559,0.912,0.887
184,267,basic,126.083,117.712,153.426,143.288,1.033,1.033
184,268,basic,109.506,104.031,119.404,113.434,1.087,1.102
184,269,basic,106.701,101.029,133.548,126.449,1.052,1.103
184,270,basic,163.658,113.67,170.397,117.679,1.564,1.595
184,272,basic,42.51,40.267,0.0,0.0,1.063,
184,275,basic,96.59,91.541,129.791,122.572,1.157,1.311
184,276,basic,149.166,66.445,122.074,54.082,1.132,1.164
184,277,basic,126.508,80.594,145.003,92.16,1.016,1.03
184,279,basic,102.106,39.285,129.619,49.245,1.014,1.09
184,281,basic,66.675,43.693,75.138,48.719,0.814,0.872
184,282,basic,76.174,57.72,85.68,63.651,0.901,1.013
184,286,basic,180.047,114.525,228.675,135.143,2.017,2.509
184,287,gifted,190.0,174.63,0.0,0.0,,
184,288,basic,193.111,172.744,225.96,204.667,1.456,1.445
184,289,basic,157.463,142.529,0.0,0.0,1.355,
184,291,basic,374.752,276.667,562.993,429.439,2.356,2.112
184,292,basic,564.67,315.288,800.243,434.933,1.497,1.668
184,930,basic,399.624,371.679,500.721,465.335,2.43,2.338
184,935,basic,437.903,317.373,713.119,507.744,1.881,1.927
184,939,basic,218.594,100.664,0.0,0.0,1.746,
184,949,basic,378.821,330.277,639.105,543.885,1.579,1.743
184,955,basic,44.436,42.214,0.0,0.0,2.806,
184,971,basic,0.0,0.0,590.962,233.906,,1.139
184,971,gifted,515.968,474.228,0.0,0.0,,
184,972,basic,258.189,199.815,0.0,0.0,1.885,
184,974,basic,86.866,80.327,204.651,185.489,1.28,1.333
184,977,basic,240.082,186.936,427.027,326.528,1.337,1.457
185,103,basic,268.423,239.452,306.048,272.978,1.625,1.625
185,104,basic,138.841,54.731,152.048,61.829,2.493,2.364
185,105,basic,468.831,225.171,331.957,153.971,2.24,2.387
185,105,gifted,185.818,169.623,0.0,0.0,,
185,106,basic,470.888,294.678,353.201,224.526,1.766,1.686
185,106,gifted,117.463,107.226,0.0,0.0,,
185,107,basic,519.693,257.844,541.266,267.219,2.467,2.489
185,109,basic,148.87,99.981,154.006,103.429,2.136,2.136
185,110,basic,397.043,209.171,410.635,216.085,2.086,2.091
185,113,basic,392.256,237.723,318.315,191.512,2.372,2.401
185,113,gifted,135.68,123.855,0.0,0.0,,
185,115,basic,151.679,91.417,179.697,107.898,1.739,1.755
185,117,basic,265.855,163.477,239.277,150.548,2.312,2.215
185,117,gifted,90.183,82.323,0.0,0.0,,
185,118,basic,259.634,139.054,420.879,226.908,2.083,2.056
185,130,basic,651.956,395.724,694.325,419.912,1.68,1.694
185,201,basic,78.8,52.651,105.657,67.69,1.009,1.175
185,202,basic,164.606,85.839,176.47,87.914,1.501,1.673
185,203,basic,258.477,176.449,282.507,189.44,1.3,1.374
185,204,basic,176.736,122.906,185.852,96.37,1.406,2.747
185,208,basic,202.126,166.741,0.0,0.0,1.235,
185,209,basic,158.506,56.01,179.391,63.257,0.775,0.783
185,210,basic,193.699,79.863,0.0,0.0,1.377,
185,211,basic,77.378,48.811,112.301,68.037,1.099,1.262
185,212,gifted,205.539,187.625,0.0,0.0,,
185,215,basic,120.232,72.285,136.611,81.87,0.864,0.879
185,218,basic,155.507,97.596,175.093,109.284,0.758,0.78
185,220,basic,88.988,71.921,0.0,0.0,1.322,
185,221,basic,163.785,111.849,240.154,142.107,0.927,1.428
185,222,basic,137.108,79.956,162.247,93.801,1.827,1.866
185,225,basic,82.696,41.447,88.512,43.956,1.195,1.231
185,226,basic,259.093,163.506,309.35,192.841,1.253,1.33
185,229,basic,249.93,204.173,0.0,0.0,1.132,
185,230,basic,116.335,78.626,147.516,93.558,1.033,1.309
185,233,basic,285.4,178.54,394.471,243.357,0.832,0.888
185,234,basic,72.656,59.266,0.0,0.0,1.142,
185,235,basic,82.178,51.798,116.578,72.313,1.154,1.23
185,236,basic,52.605,45.47,74.826,65.532,1.058,1.012
185,239,basic,276.022,157.162,283.145,161.039,1.664,1.669
185,241,basic,383.699,124.225,619.007,197.82,1.867,1.924
185,242,basic,162.051,111.059,0.0,0.0,1.22,
185,243,basic,215.274,114.234,306.69,161.543,0.966,0.999
185,244,basic,36.033,33.304,58.282,54.563,1.137,1.103
185,245,basic,319.728,272.142,389.601,331.372,1.223,1.236
185,246,basic,226.697,117.509,326.771,164.156,1.131,1.258
185,247,basic,370.084,119.778,671.524,209.524,1.588,1.73
185,248,basic,147.829,95.339,0.0,0.0,0.886,
185,249,basic,32.24,25.002,37.184,29.079,0.867,0.838
185,250,basic,85.907,64.307,152.684,116.113,0.961,0.895
185,251,basic,135.792,63.772,161.16,73.112,1.34,1.48
185,252,basic,252.558,171.154,279.82,181.301,1.445,1.616
185,255,basic,87.681,58.851,126.523,83.533,0.845,0.917
185,257,basic,122.475,104.657,181.342,151.389,1.054,1.162
185,259,basic,160.745,118.555,0.0,0.0,1.23,
185,261,basic,172.932,155.881,233.222,204.079,1.055,1.195
185,262,basic,186.471,142.988,159.652,119.411,1.06,1.159
185,264,basic,81.784,36.944,0.0,0.0,0.938,
185,266,basic,105.507,84.43,136.009,109.479,0.899,0.874
185,267,basic,123.553,109.176,149.854,132.416,1.028,1.029
185,268,basic,109.262,103.799,119.226,113.264,1.067,1.08
185,269,basic,109.489,101.757,136.679,126.635,1.014,1.063
185,270,basic,145.899,99.767,152.696,103.394,1.383,1.419
185,272,basic,41.918,39.298,0.0,0.0,1.039,
185,275,basic,94.256,87.5,128.386,117.283,1.157,1.299
185,276,basic,147.302,71.248,120.777,57.856,1.104,1.145
185,277,basic,130.588,85.285,149.465,97.325,1.014,1.026
185,279,basic,112.042,49.209,140.328,60.676,0.991,1.053
185,281,basic,63.777,43.626,72.207,48.63,0.81,0.865
185,282,basic,75.078,57.189,84.511,62.674,0.878,0.976
185,286,basic,179.904,109.704,228.197,125.771,1.705,2.14
185,287,gifted,190.0,173.441,0.0,0.0,,
185,288,basic,179.413,151.029,210.555,178.647,1.377,1.378
185,289,basic,155.434,137.797,0.0,0.0,1.371,
185,291,basic,374.746,252.408,562.013,392.164,2.205,1.979
185,292,basic,565.277,328.056,800.48,447.913,1.478,1.637
185,930,basic,398.816,346.654,499.818,437.385,2.294,2.212
185,935,basic,437.458,300.03,712.682,474.262,1.816,1.871
185,939,basic,216.223,104.542,0.0,0.0,1.67,
185,949,basic,377.202,312.146,636.296,508.699,1.558,1.711
185,955,basic,45.558,43.281,0.0,0.0,2.85,
185,971,basic,0.0,0.0,593.681,262.9,,1.119
185,971,gifted,516.414,471.407,0.0,0.0,,
185,972,basic,262.716,190.939,0.0,0.0,1.816,
185,974,basic,87.156,77.925,207.207,182.124,1.197,1.209
185,977,basic,243.433,180.717,430.476,311.634,1.316,1.433
186,103,basic,262.149,232.883,298.94,265.485,1.651,1.652
186,104,basic,130.446,52.695,143.517,59.696,2.564,2.425
186,105,basic,463.338,226.994,332.245,158.175,2.304,2.462
186,105,gifted,182.375,167.445,0.0,0.0,,
186,106,basic,459.849,282.826,343.895,213.484,1.845,1.777
186,106,gifted,115.876,106.39,0.0,0.0,,
186,107,basic,525.028,267.903,546.856,277.83,2.5,2.525
186,109,basic,140.848,96.538,145.255,99.619,2.074,2.071
186,110,basic,396.723,211.721,410.072,218.591,2.118,2.124
186,113,basic,386.471,240.227,313.082,193.883,2.347,2.359
186,113,gifted,134.317,123.322,0.0,0.0,,
186,115,basic,146.12,88.078,172.912,103.957,1.724,1.738
186,117,basic,269.353,168.425,243.972,155.385,2.321,2.221
186,117,gifted,88.91,81.631,0.0,0.0,,
186,118,basic,265.777,142.856,431.9,233.399,2.158,2.129
186,130,basic,646.822,390.968,688.718,415.14,1.669,1.683
186,201,basic,79.213,52.895,106.216,68.61,1.009,1.183
186,202,basic,168.457,88.588,180.546,91.336,1.621,1.818
186,203,basic,261.662,178.785,286.077,192.733,1.341,1.418
186,204,basic,172.712,121.18,186.898,102.4,1.427,2.89
186,208,basic,205.56,166.92,0.0,0.0,1.271,
186,209,basic,151.326,53.728,170.729,60.524,0.778,0.786
186,210,basic,193.905,81.955,0.0,0.0,1.41,
186,211,basic,81.031,50.918,121.031,73.504,1.122,1.307
186,212,gifted,205.331,188.522,0.0,0.0,,
186,215,basic,122.71,71.981,139.498,81.698,0.9,0.914
186,218,basic,157.782,97.298,176.685,108.522,0.766,0.787
186,220,basic,99.017,77.169,0.0,0.0,1.572,
186,221,basic,163.839,107.994,241.959,139.418,1.033,1.662
186,222,basic,147.403,86.126,174.29,101.449,2.013,2.053
186,225,basic,81.639,41.214,87.377,43.828,1.239,1.274
186,226,basic,257.63,162.036,307.366,192.156,1.31,1.372
186,229,basic,255.745,207.072,0.0,0.0,1.135,
186,230,basic,102.202,69.238,135.765,87.31,1.006,1.301
186,233,basic,278.564,171.912,387.539,236.106,0.832,0.902
186,234,basic,76.919,61.593,0.0,0.0,1.206,
186,235,basic,84.824,53.14,120.878,74.814,1.197,1.273
186,236,basic,47.044,41.197,65.409,57.916,1.061,1.01
186,239,basic,278.69,162.563,285.902,166.6,1.701,1.707
186,241,basic,384.391,132.16,620.143,210.46,1.883,1.957
186,242,basic,155.537,106.549,0.0,0.0,1.22,
186,243,basic,216.114,114.503,307.28,161.955,0.982,1.012
186,244,basic,35.638,33.103,56.279,52.876,1.138,1.081
186,245,basic,318.448,268.909,388.315,327.727,1.248,1.259
186,246,basic,234.602,122.208,335.119,170.499,1.167,1.294
186,247,basic,370.98,127.233,675.439,224.343,1.549,1.714
186,248,basic,146.582,93.208,0.0,0.0,0.896,
186,249,basic,28.893,21.679,32.954,24.963,0.916,0.871
186,250,basic,82.789,61.148,148.747,111.205,0.967,0.9
186,251,basic,129.633,61.59,155.177,71.578,1.41,1.571
186,252,basic,245.434,169.29,272.477,181.005,1.446,1.637
186,255,basic,88.274,58.223,126.987,82.763,0.867,0.936
186,257,basic,121.264,102.398,181.218,150.149,1.075,1.185
186,259,basic,156.124,115.443,0.0,0.0,1.234,
186,261,basic,172.074,155.541,232.615,205.227,1.074,1.213
186,262,basic,184.938,140.245,158.233,117.68,1.062,1.165
186,264,basic,79.131,35.882,0.0,0.0,0.921,
186,266,basic,105.087,82.292,135.265,106.375,0.91,0.885
186,267,basic,118.529,102.612,143.86,124.555,1.03,1.029
186,268,basic,109.036,103.584,118.992,113.042,1.063,1.076
186,269,basic,109.327,102.147,136.106,126.894,1.033,1.074
186,270,basic,146.903,100.975,153.584,104.825,1.439,1.473
186,272,basic,39.228,36.939,0.0,0.0,1.036,
186,275,basic,93.217,86.937,125.94,115.963,1.172,1.32
186,276,basic,146.888,71.314,121.344,58.6,1.131,1.16
186,277,basic,127.18,82.875,145.794,94.781,1.005,1.017
186,279,basic,105.052,46.533,132.052,57.776,0.993,1.058
186,281,basic,68.162,45.737,77.619,51.367,0.824,0.891
186,282,basic,75.931,57.015,84.871,62.379,0.875,0.982
186,286,basic,186.825,109.182,235.733,127.609,2.078,2.546
186,287,gifted,190.0,174.446,0.0,0.0,,
186,288,basic,182.76,154.137,214.027,183.116,1.453,1.42
186,289,basic,156.897,137.493,0.0,0.0,1.395,
186,291,basic,376.738,257.25,563.425,397.019,2.305,2.068
186,292,basic,564.125,327.525,797.451,450.74,1.522,1.677
186,930,basic,399.002,355.186,500.029,447.895,2.355,2.257
186,935,basic,437.541,306.013,712.802,486.528,1.862,1.911
186,939,basic,222.138,108.666,0.0,0.0,1.753,
186,949,basic,378.912,314.67,638.88,516.188,1.595,1.743
186,955,basic,46.338,44.021,0.0,0.0,2.825,
186,971,basic,0.0,0.0,588.921,264.319,,1.13
186,971,gifted,515.984,473.744,0.0,0.0,,
186,972,basic,258.308,190.575,0.0,0.0,1.859,
186,974,basic,87.665,79.107,208.516,185.177,1.217,1.244
186,977,basic,239.258,178.786,424.392,310.689,1.305,1.428
187,103,basic,274.626,229.888,313.113,262.038,1.611,1.612
187,104,basic,120.618,51.911,132.509,58.375,2.257,2.163
187,105,basic,442.508,212.011,317.064,147.39,2.263,2.406
187,105,gifted,179.93,164.842,0.0,0.0,,
187,106,basic,473.492,287.949,353.062,218.307,1.745,1.653
187,106,gifted,118.219,108.306,0.0,0.0,,
187,107,basic,524.926,261.343,545.875,270.599,2.419,2.44
187,109,basic,143.265,91.898,147.347,94.561,2.11,2.107
187,110,basic,412.029,218.947,426.894,226.504,2.083,2.09
187,113,basic,387.417,226.434,309.003,180.236,2.323,2.326
187,113,gifted,135.212,123.874,0.0,0.0,,
187,115,basic,156.229,91.572,183.833,107.581,1.721,1.728
187,117,basic,259.698,153.566,233.905,141.142,2.346,2.25
187,117,gifted,89.928,82.387,0.0,0.0,,
187,118,basic,254.658,134.587,418.229,221.584,2.094,2.083
187,130,basic,663.748,396.697,706.525,420.838,1.708,1.722
187,201,basic,80.388,54.449,108.351,70.498,1.015,1.194
187,202,basic,170.003,90.965,183.023,92.938,1.644,1.874
187,203,basic,253.807,172.519,277.899,185.694,1.343,1.423
187,204,basic,180.157,124.007,189.828,99.522,1.454,2.851
187,208,basic,203.809,162.042,0.0,0.0,1.233,
187,209,basic,152.491,63.82,172.643,72.125,0.77,0.777
187,210,basic,193.216,90.089,0.0,0.0,1.39,
187,211,basic,78.973,51.097,113.896,71.096,1.094,1.257
187,212,gifted,205.803,188.546,0.0,0.0,,
187,215,basic,119.684,75.654,136.445,85.865,0.929,0.952
187,218,basic,159.534,103.855,179.092,116.067,0.767,0.787
187,220,basic,88.178,70.309,0.0,0.0,1.306,
187,221,basic,168.805,118.231,246.714,150.655,0.983,1.525
187,222,basic,144.897,80.397,171.757,94.813,2.136,2.172
187,225,basic,92.93,49.973,99.318,53.002,1.223,1.257
187,226,basic,255.35,171.067,305.455,201.841,1.225,1.314
187,229,basic,254.205,202.145,0.0,0.0,1.142,
187,230,basic,106.77,73.112,138.775,89.398,1.01,1.305
187,233,basic,284.32,185.519,393.005,253.415,0.831,0.885
187,234,basic,75.467,59.876,0.0,0.0,1.151,
187,235,basic,76.531,49.258,108.932,69.123,1.241,1.318
187,236,basic,52.401,45.16,76.153,66.479,1.064,1.015
187,239,basic,276.864,162.736,283.562,166.634,1.68,1.681
187,241,basic,384.354,145.232,620.363,231.142,1.879,1.948
187,242,basic,159.333,110.572,0.0,0.0,1.223,
187,243,basic,213.11,120.668,302.819,170.565,0.985,1.012
187,244,basic,38.162,35.201,61.786,57.665,1.092,1.088
187,245,basic,320.108,268.797,389.653,326.739,1.225,1.24
187,246,basic,224.841,124.226,324.046,173.957,1.156,1.288
187,247,basic,373.84,142.767,677.851,250.447,1.581,1.724
187,248,basic,148.447,98.258,0.0,0.0,0.888,
187,249,basic,27.386,21.074,31.467,24.392,0.91,0.881
187,250,basic,91.943,68.1,160.483,120.256,0.958,0.903
187,251,basic,133.344,69.798,158.738,80.411,1.328,1.476
187,252,basic,234.13,161.009,260.661,171.856,1.436,1.617
187,255,basic,87.251,59.693,125.189,84.417,0.835,0.905
187,257,basic,131.697,109.489,193.04,157.149,1.076,1.18
187,259,basic,161.619,115.463,0.0,0.0,1.305,
187,261,basic,172.477,152.695,233.812,200.611,1.057,1.2
187,262,basic,185.709,141.242,159.801,118.654,1.068,1.177
187,264,basic,78.639,40.661,0.0,0.0,0.922,
187,266,basic,108.685,86.807,140.126,112.494,0.895,0.87
187,267,basic,117.873,101.896,143.777,124.281,1.039,1.04
187,268,basic,109.729,104.243,120.062,114.059,1.062,1.075
187,269,basic,105.008,96.743,131.277,120.349,0.993,1.04
187,270,basic,153.698,102.594,160.474,106.128,1.456,1.494
187,272,basic,39.817,37.114,0.0,0.0,1.028,
187,275,basic,94.301,86.661,128.742,116.003,1.132,1.278
187,276,basic,150.109,80.102,123.081,65.141,1.123,1.161
187,277,basic,126.051,83.894,144.381,95.836,1.004,1.016
187,279,basic,107.347,52.657,135.351,65.425,1.0,1.067
187,281,basic,71.291,49.399,80.833,55.234,0.807,0.864
187,282,basic,74.802,55.989,84.855,61.871,0.884,0.994
187,286,basic,175.118,108.88,223.652,126.215,1.776,2.253
187,287,gifted,190.0,174.068,0.0,0.0,,
187,288,basic,184.698,154.431,215.549,180.693,1.296,1.31
187,289,basic,158.81,129.108,0.0,0.0,1.348,
187,291,basic,373.722,243.405,562.502,381.314,2.229,2.004
187,292,basic,564.735,332.691,799.491,454.68,1.479,1.652
187,930,basic,398.965,326.075,500.0,413.455,2.277,2.196
187,935,basic,437.951,293.191,713.093,467.855,1.769,1.834
187,939,basic,216.755,112.056,0.0,0.0,1.667,
187,949,basic,378.399,298.458,634.804,482.927,1.498,1.658
187,955,basic,45.656,43.373,0.0,0.0,2.75,
187,971,basic,0.0,0.0,594.585,292.002,,1.131
187,971,gifted,516.815,473.478,0.0,0.0,,
187,972,basic,264.223,181.602,0.0,0.0,1.866,
187,974,basic,88.246,77.556,209.827,182.636,1.166,1.171
187,977,basic,234.682,171.554,419.078,299.311,1.305,1.426
188,103,basic,255.458,217.908,291.295,248.383,1.609,1.61
188,104,basic,134.719,52.961,153.318,61.562,2.453,2.36
188,105,basic,451.907,208.261,328.896,147.475,2.293,2.447
188,105,gifted,179.88,165.532,0.0,0.0,,
188,106,basic,453.425,269.744,340.77,205.573,1.732,1.645
188,106,gifted,116.189,106.921,0.0,0.0,,
188,107,basic,512.486,244.775,533.787,253.984,2.506,2.528
188,109,basic,152.504,97.09,156.868,99.825,2.164,2.166
188,110,basic,384.516,201.67,398.268,208.717,2.101,2.106
188,113,basic,374.398,218.139,300.516,174.432,2.346,2.36
188,113,gifted,131.603,121.105,0.0,0.0,,
188,115,basic,151.776,85.179,178.968,100.245,1.729,1.74
188,117,basic,264.011,157.868,236.778,144.297,2.345,2.239
188,117,gifted,90.219,83.023,0.0,0.0,,
188,118,basic,263.99,134.069,437.04,222.097,2.138,2.135
188,130,basic,654.942,382.268,697.263,405.901,1.7,1.713
188,201,basic,86.938,58.596,117.391,76.438,1.079,1.266
188,202,basic,167.666,91.305,179.569,94.243,1.603,1.795
188,203,basic,260.677,181.767,284.982,196.097,1.348,1.423
188,204,basic,172.078,121.007,189.223,104.387,1.518,3.003
188,208,basic,203.645,167.476,0.0,0.0,1.245,
188,209,basic,150.972,57.715,171.286,65.377,0.776,0.784
188,210,basic,194.368,88.514,0.0,0.0,1.426,
188,211,basic,78.515,50.487,117.178,72.848,1.104,1.291
188,212,gifted,205.706,189.297,0.0,0.0,,
188,215,basic,118.629,75.31,134.859,85.316,0.856,0.876
188,218,basic,159.051,101.37,178.399,113.234,0.767,0.79
188,220,basic,95.151,77.98,0.0,0.0,1.439,
188,221,basic,164.91,118.717,241.092,153.434,1.001,1.585
188,222,basic,141.089,84.668,167.446,99.651,2.003,2.066
188,225,basic,80.577,42.33,86.255,45.004,1.242,1.279
188,226,basic,248.09,172.469,297.422,204.477,1.245,1.33
188,229,basic,252.55,208.119,0.0,0.0,1.153,
188,230,basic,111.107,75.72,141.991,92.025,1.041,1.333
188,233,basic,276.509,177.39,384.831,243.923,0.839,0.906
188,234,basic,79.324,64.593,0.0,0.0,1.191,
188,235,basic,79.539,53.139,111.494,73.621,1.159,1.232
188,236,basic,47.608,42.385,65.875,59.258,1.104,1.049
188,239,basic,277.329,166.381,285.151,170.799,1.673,1.682
188,241,basic,383.807,140.172,620.438,223.387,1.909,1.994
188,242,basic,150.102,105.95,0.0,0.0,1.207,
188,243,basic,214.869,118.524,305.084,167.473,0.986,1.016
188,244,basic,34.842,32.527,54.459,51.23,1.059,1.035
188,245,basic,320.627,284.421,389.474,345.335,1.213,1.231
188,246,basic,235.744,125.641,338.379,176.254,1.233,1.363
188,247,basic,369.525,134.747,671.366,237.769,1.582,1.736
188,248,basic,146.793,95.266,0.0,0.0,0.892,
188,249,basic,29.41,23.13,34.186,27.034,0.862,0.835
188,250,basic,87.381,65.171,155.907,117.589,0.964,0.901
188,251,basic,133.799,69.392,159.118,80.193,1.392,1.55
188,252,basic,245.167,177.694,272.157,190.149,1.436,1.626
188,255,basic,87.314,58.939,125.434,83.56,0.836,0.912
188,257,basic,121.016,105.193,182.007,155.481,1.095,1.205
188,259,basic,160.451,117.139,0.0,0.0,1.333,
188,261,basic,175.734,159.656,239.465,211.771,1.111,1.273
188,262,basic,185.823,145.008,159.632,122.198,1.069,1.174
188,264,basic,80.995,40.454,0.0,0.0,0.932,
188,266,basic,101.762,83.902,130.713,108.237,0.904,0.879
188,267,basic,120.604,108.326,145.895,131.076,1.026,1.025
188,268,basic,110.638,105.107,120.975,114.927,1.057,1.071
188,269,basic,104.932,98.574,131.085,122.952,0.978,1.022
188,270,basic,143.662,98.348,150.361,102.218,1.488,1.523
188,272,basic,40.957,38.525,0.0,0.0,1.051,
188,275,basic,87.448,82.107,120.657,112.161,1.182,1.336
188,276,basic,154.22,80.758,124.607,64.856,1.136,1.169
188,277,basic,126.072,83.633,144.413,95.585,1.004,1.016
188,279,basic,100.377,47.056,126.856,58.718,0.993,1.062
188,281,basic,68.977,46.706,79.588,52.995,0.85,0.935
188,282,basic,70.861,52.812,80.105,58.2,0.931,1.063
188,286,basic,171.513,112.435,218.965,132.544,1.857,2.333
188,287,gifted,190.0,174.844,0.0,0.0,,
188,288,basic,174.676,152.933,203.765,179.259,1.332,1.342
188,289,basic,158.886,128.952,0.0,0.0,1.364,
188,291,basic,374.021,262.642,561.529,408.914,2.244,2.028
188,292,basic,562.894,328.203,797.821,452.374,1.483,1.646
188,930,basic,399.464,347.467,500.472,438.661,2.317,2.235
188,935,basic,437.556,300.108,712.812,483.822,1.839,1.893
188,939,basic,221.911,113.048,0.0,0.0,1.711,
188,949,basic,381.627,301.674,642.56,492.693,1.556,1.728
188,955,basic,48.704,46.269,0.0,0.0,2.739,
188,971,basic,0.0,0.0,593.178,280.514,,1.126
188,971,gifted,515.933,474.778,0.0,0.0,,
188,972,basic,260.74,189.35,0.0,0.0,1.833,
188,974,basic,86.63,77.509,204.909,181.346,1.214,1.222
188,977,basic,233.687,175.666,417.7,307.398,1.297,1.426
189,103,basic,262.893,229.404,299.636,261.481,1.601,1.601
189,104,basic,147.103,50.186,155.192,55.987,2.836,2.586
189,105,basic,451.974,201.791,325.919,141.213,2.282,2.406
189,105,gifted,177.953,163.513,0.0,0.0,,
189,106,basic,469.442,274.743,348.784,207.099,1.809,1.733
189,106,gifted,117.428,107.9,0.0,0.0,,
189,107,basic,508.927,237.929,530.24,246.662,2.455,2.477
189,109,basic,155.03,96.466,159.966,99.386,2.224,2.23
189,110,basic,393.585,194.173,407.27,200.726,2.089,2.093
189,113,basic,405.068,230.677,331.56,186.668,2.4,2.446
189,113,gifted,134.922,123.974,0.0,0.0,,
189,115,basic,144.222,82.749,169.608,97.137,1.71,1.718
189,117,basic,263.79,153.554,236.838,141.366,2.297,2.194
189,117,gifted,90.28,82.954,0.0,0.0,,
189,118,basic,276.334,137.441,454.368,226.79,2.137,2.122
189,130,basic,670.067,383.08,713.335,406.25,1.681,1.696
189,201,basic,76.356,52.334,103.272,67.663,1.02,1.192
189,202,basic,176.212,89.375,189.336,90.731,1.682,1.898
189,203,basic,258.906,182.843,282.396,195.845,1.277,1.349
189,204,basic,173.851,126.484,185.293,97.476,1.341,2.773
189,208,basic,202.888,168.525,0.0,0.0,1.223,
189,209,basic,144.122,51.117,162.328,57.455,0.771,0.778
189,210,basic,192.33,80.505,0.0,0.0,1.346,
189,211,basic,74.398,48.401,107.63,67.248,1.086,1.244
189,212,gifted,206.144,189.416,0.0,0.0,,
189,215,basic,125.141,75.719,143.006,85.853,0.911,0.942
189,218,basic,159.261,102.597,178.684,114.537,0.756,0.775
189,220,basic,84.674,70.485,0.0,0.0,1.259,
189,221,basic,163.031,115.416,237.834,146.919,0.893,1.349
189,222,basic,152.26,85.254,180.297,99.931,2.097,2.141
189,225,basic,90.477,46.075,96.675,48.812,1.2,1.232
189,226,basic,253.428,165.237,302.849,194.546,1.202,1.286
189,229,basic,255.004,215.071,0.0,0.0,1.141,
189,230,basic,118.734,82.557,148.25,96.65,1.036,1.307
189,233,basic,280.15,179.957,388.034,245.824,0.824,0.878
189,234,basic,76.439,64.337,0.0,0.0,1.143,
189,235,basic,83.672,52.812,118.314,73.555,1.223,1.296
189,236,basic,51.909,45.318,74.637,66.023,1.057,1.009
189,239,basic,276.332,159.759,283.354,163.734,1.695,1.697
189,241,basic,382.245,124.475,616.953,197.866,1.845,1.911
189,242,basic,156.959,111.049,0.0,0.0,1.207,
189,243,basic,219.094,118.162,312.197,167.138,0.979,1.011
189,244,basic,35.537,32.88,57.066,53.429,1.126,1.105
189,245,basic,321.236,278.929,390.123,338.88,1.225,1.239
189,246,basic,231.086,120.168,334.134,168.322,1.186,1.313
189,247,basic,372.233,121.897,674.183,213.182,1.543,1.671
189,248,basic,151.215,100.343,0.0,0.0,0.882,
189,249,basic,28.045,22.347,32.457,26.047,0.883,0.859
189,250,basic,80.998,62.82,147.66,116.429,0.953,0.887
189,251,basic,128.51,61.391,152.96,70.429,1.315,1.458
189,252,basic,243.394,170.271,269.949,180.49,1.422,1.588
189,255,basic,88.428,61.438,126.723,86.499,0.824,0.898
189,257,basic,121.751,106.562,181.678,155.769,1.067,1.172
189,259,basic,164.216,123.474,0.0,0.0,1.287,
189,261,basic,170.929,155.706,229.221,203.252,1.041,1.176
189,262,basic,188.339,149.229,160.415,124.238,1.057,1.144
189,264,basic,79.817,36.431,0.0,0.0,0.927,
189,266,basic,109.263,90.576,140.957,117.555,0.884,0.859
189,267,basic,123.118,112.243,149.187,136.032,1.021,1.022
189,268,basic,109.422,103.951,119.757,113.769,1.075,1.091
189,269,basic,107.854,100.757,134.983,125.807,1.024,1.078
189,270,basic,171.365,115.679,178.45,119.426,1.541,1.571
189,272,basic,42.104,39.45,0.0,0.0,1.056,
189,275,basic,93.57,87.586,126.881,117.325,1.14,1.275
189,276,basic,155.271,75.572,124.809,60.361,1.13,1.155
189,277,basic,128.491,86.26,147.258,98.538,1.018,1.03
189,279,basic,107.037,47.47,135.36,59.002,0.996,1.063
189,281,basic,65.528,46.216,74.39,51.616,0.809,0.865
189,282,basic,78.274,61.763,88.012,67.398,0.876,0.982
189,286,basic,172.645,112.495,220.403,129.028,1.536,1.966
189,287,gifted,190.0,174.582,0.0,0.0,,
189,288,basic,185.795,161.782,217.476,189.634,1.34,1.364
189,289,basic,156.641,135.866,0.0,0.0,1.376,
189,291,basic,371.856,252.158,560.393,396.449,2.162,1.944
189,292,basic,561.986,322.776,797.543,441.101,1.475,1.635
189,930,basic,399.482,346.728,500.492,437.492,2.352,2.265
189,935,basic,437.769,299.052,712.981,478.027,1.81,1.857
189,939,basic,218.565,104.514,0.0,0.0,1.659,
189,949,basic,383.07,319.277,639.516,515.39,1.53,1.677
189,955,basic,45.841,43.549,0.0,0.0,2.785,
189,971,basic,0.0,0.0,581.244,261.015,,1.112
189,971,gifted,514.947,473.161,0.0,0.0,,
189,972,basic,264.638,189.784,0.0,0.0,1.849,
189,974,basic,86.794,78.715,204.263,181.675,1.194,1.197
189,977,basic,239.37,184.34,425.626,318.95,1.304,1.426
190,103,basic,257.827,228.792,293.957,260.798,1.646,1.647
190,104,basic,137.616,49.408,153.677,56.716,2.533,2.419
190,105,basic,447.877,201.506,322.564,140.116,2.282,2.438
190,105,gifted,178.803,164.317,0.0,0.0,,
190,106,basic,453.825,270.813,340.108,206.485,1.744,1.657
190,106,gifted,116.233,106.815,0.0,0.0,,
190,107,basic,525.598,248.008,547.275,256.999,2.483,2.505
190,109,basic,157.297,102.698,162.19,105.892,2.111,2.111
190,110,basic,404.732,195.447,418.995,202.043,2.079,2.085
190,113,basic,391.301,230.939,319.114,187.255,2.365,2.388
190,113,gifted,134.871,123.943,0.0,0.0,,
190,115,basic,140.636,81.21,166.594,95.892,1.723,1.737
190,117,basic,264.724,153.79,237.434,141.236,2.338,2.233
190,117,gifted,90.027,82.733,0.0,0.0,,
190,118,basic,269.408,135.2,441.028,222.258,2.126,2.108
190,130,basic,658.784,368.211,701.128,390.678,1.68,1.692
190,201,basic,78.73,54.077,107.374,70.597,1.055,1.238
190,202,basic,160.233,85.769,171.851,88.228,1.485,1.649
190,203,basic,247.382,179.498,270.321,192.969,1.258,1.327
190,204,basic,174.785,129.283,186.7,102.542,1.393,2.81
190,208,basic,209.058,176.461,0.0,0.0,1.211,
190,209,basic,145.92,47.518,163.46,53.135,0.765,0.773
190,210,basic,191.686,75.173,0.0,0.0,1.398,
190,211,basic,71.235,46.698,102.484,64.732,1.088,1.245
190,212,gifted,205.74,189.07,0.0,0.0,,
190,215,basic,120.462,70.5,137.15,79.946,0.874,0.892
190,218,basic,153.529,97.498,172.328,108.879,0.752,0.773
190,220,basic,90.915,73.119,0.0,0.0,1.496,
190,221,basic,164.305,110.191,241.669,139.892,0.947,1.485
190,222,basic,147.302,92.772,173.922,108.067,1.742,1.804
190,225,basic,86.819,43.579,92.602,46.129,1.185,1.216
190,226,basic,253.747,158.322,303.452,186.872,1.243,1.324
190,229,basic,250.93,217.772,0.0,0.0,1.132,
190,230,basic,111.174,79.378,143.104,95.9,1.003,1.288
190,233,basic,283.602,178.736,393.314,244.232,0.827,0.89
190,234,basic,74.682,64.319,0.0,0.0,1.15,
190,235,basic,83.116,52.62,118.639,73.913,1.158,1.237
190,236,basic,51.226,45.27,72.257,64.637,1.038,0.991
190,239,basic,271.144,160.629,278.109,164.565,1.677,1.682
190,241,basic,383.835,119.713,619.578,190.229,1.844,1.916
190,242,basic,158.08,112.891,0.0,0.0,1.209,
190,243,basic,220.187,116.004,312.422,163.487,0.977,1.009
190,244,basic,36.796,34.264,58.537,55.056,1.12,1.081
190,245,basic,323.946,283.413,393.418,344.184,1.232,1.249
190,246,basic,223.113,115.828,322.357,162.372,1.136,1.264
190,247,basic,372.39,115.312,676.443,202.127,1.541,1.685
190,248,basic,141.364,93.967,0.0,0.0,0.875,
190,249,basic,30.356,24.256,35.217,28.391,0.869,0.837
190,250,basic,86.035,68.148,156.278,125.742,0.964,0.895
190,251,basic,128.645,57.809,154.034,66.818,1.362,1.513
190,252,basic,229.263,164.023,255.61,174.975,1.366,1.54
190,255,basic,83.225,57.994,121.26,83.095,0.832,0.909
190,257,basic,124.186,110.343,184.661,160.986,1.075,1.184
190,259,basic,157.093,124.05,0.0,0.0,1.238,
190,261,basic,185.175,169.778,250.459,224.087,1.098,1.245
190,262,basic,186.158,149.41,158.943,124.583,1.055,1.153
190,264,basic,79.416,33.515,0.0,0.0,0.906,
190,266,basic,107.648,88.649,138.697,114.837,0.889,0.864
190,267,basic,115.418,106.073,140.617,129.271,1.017,1.018
190,268,basic,107.832,102.44,117.566,111.688,1.078,1.094
190,269,basic,99.888,93.814,125.465,117.714,1.077,1.126
190,270,basic,153.929,113.381,160.748,117.425,1.366,1.397
190,272,basic,41.434,39.064,0.0,0.0,1.07,
190,275,basic,96.247,90.347,132.129,122.784,1.202,1.36
190,276,basic,148.593,68.975,121.705,56.018,1.106,1.143
190,277,basic,127.629,86.669,146.388,99.13,1.013,1.024
190,279,basic,114.071,48.231,143.264,59.658,0.993,1.057
190,281,basic,65.466,46.423,74.427,51.948,0.816,0.875
190,282,basic,79.89,64.146,90.177,70.379,0.919,1.03
190,286,basic,178.343,106.822,226.984,123.414,1.834,2.283
190,287,gifted,190.0,174.606,0.0,0.0,,
190,288,basic,176.415,155.132,206.163,183.323,1.349,1.346
190,289,basic,159.377,143.909,0.0,0.0,1.392,
190,291,basic,375.044,254.118,563.3,399.296,2.279,2.032
190,292,basic,564.604,325.12,799.631,444.748,1.467,1.626
190,930,basic,398.532,363.676,499.577,456.861,2.342,2.251
190,935,basic,438.344,312.388,713.672,497.991,1.801,1.858
190,939,basic,218.669,100.963,0.0,0.0,1.7,
190,949,basic,383.106,328.262,645.505,538.952,1.584,1.737
190,955,basic,47.232,44.871,0.0,0.0,2.828,
190,971,basic,0.0,0.0,589.994,254.272,,1.119
190,971,gifted,515.806,474.015,0.0,0.0,,
190,972,basic,260.064,196.632,0.0,0.0,1.804,
190,974,basic,86.66,79.793,205.145,185.155,1.207,1.223
190,977,basic,240.572,192.686,427.36,333.969,1.303,1.422
191,103,basic,272.628,251.143,310.857,286.26,1.661,1.662
191,104,basic,125.08,50.485,138.412,57.043,2.387,2.279
191,105,basic,445.767,217.339,320.862,152.661,2.336,2.497
191,105,gifted,179.205,164.486,0.0,0.0,,
191,106,basic,444.679,276.211,327.426,205.875,1.798,1.704
191,106,gifted,115.837,106.322,0.0,0.0,,
191,107,basic,515.928,266.409,537.344,276.504,2.514,2.538
191,109,basic,147.486,102.773,151.97,105.892,2.131,2.131
191,110,basic,420.804,214.011,435.418,221.238,2.173,2.179
191,113,basic,398.142,256.712,323.928,208.182,2.365,2.377
191,113,gifted,137.151,125.886,0.0,0.0,,
191,115,basic,147.776,89.157,174.454,105.062,1.729,1.741
191,117,basic,270.743,170.095,244.274,156.049,2.357,2.249
191,117,gifted,90.178,82.772,0.0,0.0,,
191,118,basic,269.144,144.703,441.039,237.769,2.149,2.132
191,130,basic,647.205,373.411,688.886,396.609,1.703,1.716
191,201,basic,76.867,50.933,103.098,66.407,1.012,1.19
191,202,basic,171.775,87.093,184.669,90.046,1.737,1.981
191,203,basic,265.724,184.505,289.351,198.502,1.321,1.4
191,204,basic,177.043,127.356,188.353,109.097,1.432,2.949
191,208,basic,206.58,170.091,0.0,0.0,1.273,
191,209,basic,151.479,45.122,171.32,50.973,0.79,0.797
191,210,basic,191.036,72.53,0.0,0.0,1.4,
191,211,basic,76.45,47.449,113.472,68.475,1.122,1.304
191,212,gifted,205.706,188.81,0.0,0.0,,
191,215,basic,117.928,61.89,134.174,70.508,1.011,1.016
191,218,basic,158.543,92.963,178.307,104.224,0.77,0.79
191,220,basic,92.42,76.286,0.0,0.0,1.494,
191,221,basic,164.265,101.696,242.625,133.206,1.045,1.723
191,222,basic,146.656,83.486,173.799,98.9,2.409,2.444
191,225,basic,91.232,43.408,97.259,46.04,1.255,1.287
191,226,basic,251.658,146.983,300.985,175.77,1.379,1.413
191,229,basic,253.371,209.267,0.0,0.0,1.171,
191,230,basic,105.225,71.291,134.969,87.509,1.011,1.308
191,233,basic,284.199,165.937,395.394,228.247,0.847,0.92
191,234,basic,80.576,66.233,0.0,0.0,1.26,
191,235,basic,86.105,50.377,123.805,71.652,1.342,1.422
191,236,basic,47.745,42.223,66.364,59.216,1.058,1.007
191,239,basic,283.822,165.983,291.191,170.243,1.729,1.731
191,241,basic,383.858,117.924,618.87,188.257,1.965,2.031
191,242,basic,161.251,109.032,0.0,0.0,1.27,
191,243,basic,217.71,107.877,309.71,152.805,0.985,1.015
191,244,basic,37.715,35.291,58.884,55.555,1.193,1.103
191,245,basic,324.028,274.745,392.902,333.376,1.266,1.268
191,246,basic,242.47,119.765,342.744,165.629,1.163,1.304
191,247,basic,372.456,111.626,674.758,196.957,1.632,1.797
191,248,basic,148.162,91.74,0.0,0.0,0.894,
191,249,basic,30.329,22.28,34.607,25.657,0.936,0.883
191,250,basic,83.582,62.571,149.628,113.084,0.965,0.902
191,251,basic,127.4,54.912,152.479,64.048,1.419,1.586
191,252,basic,243.71,168.493,270.576,181.07,1.438,1.638
191,255,basic,89.83,58.119,128.336,82.353,0.876,0.934
191,257,basic,124.539,106.822,185.01,156.188,1.079,1.188
191,259,basic,161.718,121.302,0.0,0.0,1.371,
191,261,basic,173.229,159.983,233.417,211.676,1.072,1.212
191,262,basic,186.499,141.383,158.982,118.637,1.073,1.174
191,264,basic,80.997,31.234,0.0,0.0,0.976,
191,266,basic,108.201,82.788,139.222,106.918,0.923,0.897
191,267,basic,125.897,109.373,153.611,133.431,1.031,1.032
191,268,basic,108.357,102.939,118.248,112.335,1.077,1.092
191,269,basic,108.584,102.308,135.383,127.506,1.09,1.14
191,270,basic,154.902,109.032,161.713,113.067,1.533,1.571
191,272,basic,40.097,37.945,0.0,0.0,1.109,
191,275,basic,98.563,93.109,134.144,125.973,1.163,1.326
191,276,basic,149.24,65.088,121.504,52.725,1.133,1.165
191,277,basic,126.34,81.316,144.906,93.059,1.016,1.03
191,279,basic,101.869,40.365,128.282,50.312,1.008,1.074
191,281,basic,64.908,42.91,73.893,48.275,0.82,0.891
191,282,basic,74.645,57.045,83.823,62.896,0.878,0.99
191,286,basic,176.144,101.615,224.662,121.129,2.109,2.606
191,287,gifted,190.0,174.394,0.0,0.0,,
191,288,basic,185.055,162.144,214.128,191.02,1.457,1.399
191,289,basic,154.742,142.99,0.0,0.0,1.427,
191,291,basic,374.717,259.669,558.979,399.949,2.512,2.212
191,292,basic,562.391,322.798,796.933,446.54,1.5,1.663
191,930,basic,399.338,369.837,500.357,462.935,2.456,2.368
191,935,basic,437.462,319.513,712.6,507.675,1.921,1.957
191,939,basic,222.02,102.219,0.0,0.0,1.782,
191,949,basic,375.302,331.333,631.392,546.444,1.624,1.773
191,955,basic,45.778,43.489,0.0,0.0,2.777,
191,971,basic,0.0,0.0,580.201,237.261,,1.127
191,971,gifted,515.141,472.83,0.0,0.0,,
191,972,basic,253.829,194.601,0.0,0.0,1.948,
191,974,basic,87.134,80.786,207.211,188.568,1.274,1.331
191,977,basic,236.481,182.638,419.493,318.959,1.346,1.457
192,103,basic,261.698,214.33,298.434,244.319,1.614,1.616
192,104,basic,138.552,66.014,152.629,74.281,2.41,2.296
192,105,basic,461.506,237.636,330.308,166.163,2.35,2.505
192,105,gifted,181.693,167.02,0.0,0.0,,
192,106,basic,461.444,289.948,344.659,218.593,1.834,1.757
192,106,gifted,115.947,106.583,0.0,0.0,,
192,107,basic,507.538,271.665,528.967,282.118,2.502,2.527
192,109,basic,144.404,97.658,148.946,100.762,2.108,2.106
192,110,basic,400.061,238.035,413.319,245.698,2.149,2.155
192,113,basic,380.127,232.223,307.804,187.383,2.337,2.351
192,113,gifted,132.356,121.667,0.0,0.0,,
192,115,basic,147.486,89.282,174.327,105.315,1.731,1.744
192,117,basic,265.363,171.83,239.828,157.696,2.329,2.229
192,117,gifted,89.417,82.196,0.0,0.0,,
192,118,basic,277.198,156.562,452.757,256.627,2.143,2.121
192,130,basic,664.157,438.016,706.959,465.165,1.681,1.695
192,201,basic,80.304,52.721,105.144,67.332,0.964,1.122
192,202,basic,170.946,93.114,183.521,96.401,1.758,1.988
192,203,basic,265.343,173.981,289.584,187.745,1.35,1.426
192,204,basic,178.104,118.344,185.303,101.788,1.472,2.817
192,208,basic,200.925,154.241,0.0,0.0,1.274,
192,209,basic,150.752,70.444,169.827,79.252,0.772,0.78
192,210,basic,191.362,98.699,0.0,0.0,1.424,
192,211,basic,77.492,48.24,110.492,67.044,1.118,1.284
192,212,gifted,205.398,188.81,0.0,0.0,,
192,215,basic,119.626,78.562,136.087,89.327,0.984,0.997
192,218,basic,154.337,98.179,173.335,109.89,0.76,0.782
192,220,basic,91.359,66.581,0.0,0.0,1.521,
192,221,basic,162.782,116.484,240.885,152.882,1.07,1.761
192,222,basic,147.168,81.991,173.466,96.882,2.227,2.241
192,225,basic,75.19,41.885,80.185,44.446,1.199,1.231
192,226,basic,263.089,182.519,312.45,216.487,1.393,1.433
192,229,basic,254.309,189.138,0.0,0.0,1.147,
192,230,basic,112.681,72.043,145.608,89.543,1.092,1.362
192,233,basic,279.976,180.197,390.487,248.399,0.846,0.923
192,234,basic,74.692,54.892,0.0,0.0,1.192,
192,235,basic,82.503,55.007,117.107,77.252,1.225,1.303
192,236,basic,49.247,41.834,69.281,59.318,1.055,1.006
192,239,basic,277.259,161.829,284.402,165.865,1.744,1.749
192,241,basic,384.412,165.39,619.707,264.312,1.937,1.996
192,242,basic,158.983,107.17,0.0,0.0,1.248,
192,243,basic,217.139,124.732,308.787,176.613,0.973,1.004
192,244,basic,36.876,33.501,58.935,54.107,1.112,1.076
192,245,basic,317.706,260.438,388.072,317.921,1.239,1.249
192,246,basic,235.839,132.796,335.609,185.159,1.172,1.306
192,247,basic,373.46,161.642,677.713,285.719,1.638,1.805
192,248,basic,144.576,92.104,0.0,0.0,0.886,
192,249,basic,30.098,22.322,34.549,25.816,0.934,0.89
192,250,basic,88.168,60.322,153.966,106.421,0.975,0.907
192,251,basic,135.576,76.633,161.685,89.062,1.456,1.627
192,252,basic,246.336,166.135,273.65,178.35,1.524,1.739
192,255,basic,88.249,57.166,126.981,81.469,0.851,0.918
192,257,basic,128.636,100.616,189.115,145.645,1.085,1.192
192,259,basic,157.694,105.456,0.0,0.0,1.301,
192,261,basic,178.883,148.803,239.977,195.103,1.064,1.197
192,262,basic,185.519,134.616,159.02,113.478,1.073,1.181
192,264,basic,78.756,45.689,0.0,0.0,0.936,
192,266,basic,106.991,82.32,137.727,106.356,0.932,0.906
192,267,basic,118.229,97.722,142.881,118.125,1.045,1.043
192,268,basic,105.526,100.219,115.106,109.294,1.055,1.068
192,269,basic,103.936,93.282,129.906,115.937,1.0,1.042
192,270,basic,157.788,99.118,164.561,102.725,1.532,1.569
192,272,basic,42.599,39.09,0.0,0.0,0.987,
192,275,basic,94.313,84.012,128.388,111.867,1.13,1.278
192,276,basic,148.858,85.798,121.768,69.817,1.135,1.169
192,277,basic,119.053,75.484,136.885,86.594,1.007,1.022
192,279,basic,107.64,56.185,135.114,69.842,1.0,1.064
192,281,basic,65.107,42.452,73.5,47.432,0.818,0.88
192,282,basic,77.517,52.931,87.185,58.406,0.907,1.025
192,286,basic,179.677,111.532,228.54,132.994,2.209,2.7
192,287,gifted,190.0,174.656,0.0,0.0,,
192,288,basic,192.943,145.204,225.73,172.571,1.507,1.454
192,289,basic,154.178,113.087,0.0,0.0,1.358,
192,291,basic,374.409,244.16,561.709,378.684,2.388,2.127
192,292,basic,563.818,337.284,797.621,466.097,1.521,1.684
192,930,basic,398.938,296.034,499.978,373.663,2.303,2.22
192,935,basic,438.492,282.094,713.738,452.525,1.905,1.942
192,939,basic,223.673,124.904,0.0,0.0,1.775,
192,949,basic,377.057,270.067,633.289,441.766,1.565,1.726
192,955,basic,43.612,41.286,0.0,0.0,2.826,
192,971,basic,0.0,0.0,591.85,307.37,,1.139
192,971,gifted,516.258,474.567,0.0,0.0,,
192,972,basic,260.951,175.295,0.0,0.0,1.891,
192,974,basic,85.978,66.214,203.111,154.752,1.221,1.265
192,977,basic,240.313,163.071,425.435,284.302,1.336,1.447
193,103,basic,264.452,222.675,301.79,253.864,1.638,1.643
193,104,basic,115.394,50.002,133.259,58.228,2.217,2.188
193,105,basic,453.118,217.916,324.775,152.024,2.331,2.49
193,105,gifted,181.03,165.954,0.0,0.0,,
193,106,basic,448.848,272.928,336.812,207.494,1.728,1.641
193,106,gifted,115.676,106.042,0.0,0.0,,
193,107,basic,517.991,256.727,540.083,266.595,2.551,2.576
193,109,basic,148.182,97.541,152.5,100.438,2.038,2.035
193,110,basic,403.147,212.076,417.125,219.17,2.122,2.129
193,113,basic,398.832,240.477,322.811,194.606,2.3,2.296
193,113,gifted,136.804,125.411,0.0,0.0,,
193,115,basic,145.984,85.033,172.063,100.043,1.73,1.741
193,117,basic,255.445,153.249,229.219,139.858,2.35,2.25
193,117,gifted,89.727,82.255,0.0,0.0,,
193,118,basic,271.559,143.521,444.822,235.73,2.125,2.11
193,130,basic,655.752,384.701,698.106,408.454,1.695,1.709
193,201,basic,79.558,54.168,106.121,70.08,1.023,1.194
193,202,basic,162.839,89.714,174.688,92.829,1.604,1.801
193,203,basic,241.529,169.004,264.352,182.596,1.298,1.374
193,204,basic,172.647,122.832,186.382,105.421,1.419,2.862
193,208,basic,202.852,162.247,0.0,0.0,1.252,
193,209,basic,156.055,61.284,176.561,69.224,0.778,0.788
193,210,basic,193.591,88.132,0.0,0.0,1.433,
193,211,basic,74.483,48.36,105.655,66.761,1.09,1.246
193,212,gifted,205.652,188.526,0.0,0.0,,
193,215,basic,117.986,72.191,134.309,81.949,0.911,0.931
193,218,basic,153.31,97.841,172.018,109.345,0.766,0.789
193,220,basic,86.253,70.016,0.0,0.0,1.372,
193,221,basic,165.833,114.159,242.724,148.188,0.99,1.588
193,222,basic,142.31,85.899,168.611,101.346,1.977,2.021
193,225,basic,75.291,40.276,80.355,42.706,1.213,1.25
193,226,basic,255.661,168.185,305.483,198.979,1.273,1.355
193,229,basic,252.312,204.022,0.0,0.0,1.142,
193,230,basic,105.638,72.698,140.036,91.769,1.021,1.319
193,233,basic,279.805,178.888,387.48,245.155,0.83,0.891
193,234,basic,74.737,60.256,0.0,0.0,1.16,
193,235,basic,77.113,49.557,110.258,70.184,1.236,1.302
193,236,basic,51.705,45.274,74.207,65.683,1.077,1.024
193,239,basic,278.408,166.123,285.782,170.339,1.75,1.756
193,241,basic,385.085,145.253,621.612,231.498,1.893,1.971
193,242,basic,157.597,109.722,0.0,0.0,1.232,
193,243,basic,217.064,120.955,307.862,170.815,0.982,1.009
193,244,basic,34.821,32.377,55.527,52.145,1.14,1.101
193,245,basic,320.305,271.393,389.867,329.752,1.234,1.25
193,246,basic,225.955,122.267,325.958,172.714,1.227,1.35
193,247,basic,368.479,138.42,669.486,244.195,1.59,1.754
193,248,basic,145.015,94.788,0.0,0.0,0.893,
193,249,basic,32.479,24.747,37.209,28.53,0.9,0.868
193,250,basic,89.056,66.291,157.468,118.473,0.973,0.91
193,251,basic,133.764,68.044,159.386,78.887,1.402,1.561
193,252,basic,237.212,167.246,263.77,179.487,1.433,1.626
193,255,basic,88.632,59.983,126.729,84.842,0.853,0.92
193,257,basic,121.465,102.83,180.294,149.95,1.055,1.164
193,259,basic,146.814,108.038,0.0,0.0,1.296,
193,261,basic,172.749,154.832,234.912,204.412,1.103,1.268
193,262,basic,184.56,141.109,158.28,118.83,1.067,1.171
193,264,basic,76.973,37.72,0.0,0.0,0.924,
193,266,basic,103.996,81.96,133.754,105.815,0.934,0.91
193,267,basic,121.64,104.896,147.618,127.291,1.03,1.03
193,268,basic,109.049,103.597,119.252,113.29,1.071,1.088
193,269,basic,109.41,101.99,136.723,127.047,1.018,1.07
193,270,basic,165.766,113.507,172.992,117.557,1.527,1.567
193,272,basic,41.501,38.992,0.0,0.0,1.065,
193,275,basic,95.946,89.383,130.779,120.256,1.177,1.325
193,276,basic,148.773,76.969,122.733,63.136,1.139,1.171
193,277,basic,121.882,81.284,139.698,92.957,1.008,1.021
193,279,basic,102.735,48.844,129.618,60.879,1.002,1.072
193,281,basic,67.63,46.435,76.448,51.911,0.814,0.872
193,282,basic,78.154,59.213,87.449,64.92,0.863,0.973
193,286,basic,173.665,109.001,222.078,128.714,1.875,2.374
193,287,gifted,190.0,174.177,0.0,0.0,,
193,288,basic,181.501,154.559,213.315,182.616,1.388,1.394
193,289,basic,155.623,129.652,0.0,0.0,1.352,
193,291,basic,370.126,254.961,558.395,396.827,2.207,1.998
193,292,basic,565.08,334.279,800.141,460.436,1.477,1.645
193,930,basic,399.458,348.053,500.525,439.701,2.343,2.245
193,935,basic,437.113,303.284,712.262,486.419,1.81,1.87
193,939,basic,217.116,110.911,0.0,0.0,1.718,
193,949,basic,376.467,305.498,631.253,498.212,1.526,1.68
193,955,basic,44.479,42.255,0.0,0.0,2.744,
193,971,basic,0.0,0.0,589.992,283.448,,1.136
193,971,gifted,516.119,473.136,0.0,0.0,,
193,972,basic,261.809,188.101,0.0,0.0,1.878,
193,974,basic,87.671,79.179,207.741,185.558,1.173,1.187
193,977,basic,237.162,177.708,423.314,310.809,1.312,1.441
194,103,basic,266.109,241.19,303.56,274.963,1.635,1.637
194,104,basic,137.714,50.489,158.469,58.946,2.351,2.296
194,105,basic,443.258,198.33,315.426,137.042,2.274,2.425
194,105,gifted,180.486,165.507,0.0,0.0,,
194,106,basic,458.179,272.298,345.935,208.246,1.737,1.661
194,106,gifted,116.397,106.737,0.0,0.0,,
194,107,basic,516.433,241.474,538.427,250.66,2.525,2.549
194,109,basic,142.779,95.554,146.994,98.407,2.067,2.065
194,110,basic,409.445,197.761,423.667,204.372,2.124,2.131
194,113,basic,399.393,242.18,321.032,194.153,2.327,2.334
194,113,gifted,136.303,124.992,0.0,0.0,,
194,115,basic,147.39,83.412,173.879,98.214,1.723,1.732
194,117,basic,257.437,153.731,231.318,140.844,2.318,2.218
194,117,gifted,89.907,82.446,0.0,0.0,,
194,118,basic,277.924,140.12,454.198,229.667,2.061,2.047
194,130,basic,664.404,369.05,707.062,391.637,1.675,1.688
194,201,basic,78.148,52.436,105.476,68.188,1.075,1.26
194,202,basic,176.355,88.477,189.227,90.704,1.717,1.938
194,203,basic,244.581,174.607,267.067,187.935,1.3,1.374
194,204,basic,179.853,133.111,186.838,107.418,1.388,2.788
194,208,basic,208.848,177.862,0.0,0.0,1.235,
194,209,basic,160.044,47.461,181.724,53.796,0.775,0.784
194,210,basic,193.922,73.766,0.0,0.0,1.391,
194,211,basic,72.088,45.886,102.82,63.389,1.086,1.246
194,212,gifted,205.63,188.565,0.0,0.0,,
194,215,basic,118.029,66.222,134.614,75.202,0.889,0.913
194,218,basic,160.316,97.217,180.131,108.71,0.76,0.784
194,220,basic,91.266,76.936,0.0,0.0,1.394,
194,221,basic,159.545,106.63,234.559,138.167,0.955,1.501
194,222,basic,145.538,85.723,172.326,100.835,2.112,2.162
194,225,basic,80.315,38.669,85.548,40.893,1.195,1.231
194,226,basic,259.701,162.012,308.602,190.755,1.289,1.361
194,229,basic,250.561,217.865,0.0,0.0,1.132,
194,230,basic,106.245,73.252,139.324,91.007,1.044,1.334
194,233,basic,279.816,169.651,388.296,232.494,0.825,0.888
194,234,basic,70.324,61.005,0.0,0.0,1.145,
194,235,basic,87.008,52.99,124.306,74.921,1.283,1.348
194,236,basic,47.978,42.832,67.918,61.271,1.101,1.044
194,239,basic,276.395,161.282,283.217,165.211,1.726,1.728
194,241,basic,384.081,114.735,620.146,182.879,1.873,1.943
194,242,basic,152.459,107.133,0.0,0.0,1.215,
194,243,basic,221.047,111.187,313.773,156.977,0.984,1.014
194,244,basic,35.575,33.316,56.433,53.205,1.148,1.107
194,245,basic,321.346,286.464,390.848,348.632,1.239,1.253
194,246,basic,237.659,117.345,338.871,163.129,1.184,1.313
194,247,basic,368.977,107.923,671.034,190.144,1.565,1.718
194,248,basic,148.793,94.442,0.0,0.0,0.893,
194,249,basic,32.525,25.561,37.719,29.81,0.852,0.828
194,250,basic,89.059,68.984,157.833,123.802,0.965,0.9
194,251,basic,128.215,56.542,152.976,65.435,1.375,1.529
194,252,basic,240.133,172.571,266.682,184.427,1.422,1.605
194,255,basic,86.548,57.886,124.883,82.341,0.847,0.923
194,257,basic,121.584,109.426,180.729,160.105,1.073,1.182
194,259,basic,162.016,125.545,0.0,0.0,1.298,
194,261,basic,169.803,157.087,230.828,208.949,1.116,1.271
194,262,basic,187.14,148.42,160.804,124.9,1.075,1.179
194,264,basic,82.242,32.878,0.0,0.0,0.935,
194,266,basic,101.928,83.55,130.906,107.825,0.898,0.872
194,267,basic,115.979,106.639,142.011,130.59,1.035,1.037
194,268,basic,111.771,106.183,122.331,116.215,1.07,1.084
194,269,basic,101.767,96.07,127.754,120.565,1.065,1.118
194,270,basic,169.045,120.117,175.882,124.18,1.516,1.545
194,272,basic,41.88,39.574,0.0,0.0,1.089,
194,275,basic,96.419,91.18,131.09,123.306,1.192,1.343
194,276,basic,155.629,69.401,125.977,55.83,1.127,1.159
194,277,basic,130.817,86.39,149.907,98.742,1.006,1.019
194,279,basic,105.691,42.164,132.97,52.347,0.987,1.054
194,281,basic,72.098,49.048,82.018,55.018,0.823,0.887
194,282,basic,79.045,62.003,89.366,68.296,0.915,1.038
194,286,basic,179.515,111.005,227.812,129.605,1.845,2.302
194,287,gifted,190.0,174.232,0.0,0.0,,
194,288,basic,186.976,167.629,218.368,197.336,1.371,1.382
194,289,basic,152.959,139.686,0.0,0.0,1.36,
194,291,basic,372.381,270.209,559.955,419.586,2.193,1.986
194,292,basic,565.335,318.555,799.411,437.519,1.495,1.651
194,930,basic,398.861,368.983,499.86,462.393,2.409,2.314
194,935,basic,437.383,318.659,712.6,507.951,1.822,1.884
194,939,basic,221.067,100.644,0.0,0.0,1.71,
194,949,basic,376.878,330.747,634.28,541.615,1.531,1.7
194,955,basic,45.363,43.095,0.0,0.0,2.764,
194,971,basic,0.0,0.0,586.324,239.162,,1.133
194,971,gifted,515.828,473.02,0.0,0.0,,
194,972,basic,259.771,199.456,0.0,0.0,1.864,
194,974,basic,85.862,79.602,203.127,184.915,1.218,1.24
194,977,basic,237.466,188.984,423.093,329.516,1.307,1.429
195,103,basic,282.837,254.916,322.471,290.565,1.661,1.662
195,104,basic,145.395,55.708,160.28,63.357,2.481,2.345
195,105,basic,437.049,205.99,317.548,145.497,2.22,2.359
195,105,gifted,178.826,164.522,0.0,0.0,,
195,106,basic,460.178,280.557,343.646,212.278,1.806,1.728
195,106,gifted,116.511,107.192,0.0,0.0,,
195,107,basic,502.444,246.477,523.562,255.653,2.45,2.474
195,109,basic,150.622,102.191,155.005,105.147,2.12,2.121
195,110,basic,400.044,210.827,413.999,217.932,2.09,2.095
195,113,basic,392.031,239.537,317.509,193.07,2.35,2.368
195,113,gifted,133.517,122.838,0.0,0.0,,
195,115,basic,145.578,85.23,171.517,100.237,1.716,1.725
195,117,basic,254.473,158.852,228.631,145.49,2.309,2.213
195,117,gifted,89.824,82.64,0.0,0.0,,
195,118,basic,268.266,139.825,442.449,230.899,2.112,2.107
195,130,basic,669.605,399.551,712.944,423.938,1.696,1.711
195,201,basic,77.046,50.607,103.676,65.702,1.044,1.214
195,202,basic,173.378,87.316,185.729,89.65,1.651,1.846
195,203,basic,255.622,175.296,279.189,188.672,1.305,1.377
195,204,basic,176.408,124.27,187.228,100.731,1.402,2.843
195,208,basic,202.431,169.436,0.0,0.0,1.253,
195,209,basic,150.612,49.485,169.617,55.64,0.771,0.779
195,210,basic,193.918,78.422,0.0,0.0,1.4,
195,211,basic,76.336,47.338,110.643,66.296,1.096,1.261
195,212,gifted,205.667,189.217,0.0,0.0,,
195,215,basic,124.473,72.215,141.921,82.054,0.931,0.953
195,218,basic,153.556,93.264,172.228,104.148,0.763,0.784
195,220,basic,87.896,72.523,0.0,0.0,1.355,
195,221,basic,163.217,111.342,240.336,142.938,0.987,1.558
195,222,basic,153.379,83.854,181.458,98.592,2.239,2.288
195,225,basic,87.033,42.799,92.768,45.337,1.17,1.2
195,226,basic,257.815,167.013,307.808,197.466,1.271,1.346
195,229,basic,254.14,209.971,0.0,0.0,1.14,
195,230,basic,115.578,76.931,145.793,91.84,1.032,1.314
195,233,basic,281.055,171.001,390.696,234.373,0.845,0.913
195,234,basic,77.406,63.448,0.0,0.0,1.168,
195,235,basic,81.85,51.013,116.156,71.425,1.222,1.298
195,236,basic,52.187,46.433,74.443,66.947,1.047,0.997
195,239,basic,269.685,153.436,276.956,157.378,1.699,1.705
195,241,basic,383.538,121.565,618.832,193.466,1.877,1.948
195,242,basic,162.794,111.409,0.0,0.0,1.223,
195,243,basic,216.201,110.737,307.512,156.61,0.982,1.012
195,244,basic,37.251,34.649,57.809,54.316,1.116,1.07
195,245,basic,324.118,284.305,393.943,345.555,1.239,1.253
195,246,basic,237.52,118.643,338.808,164.825,1.181,1.309
195,247,basic,371.867,116.871,675.226,205.389,1.566,1.716
195,248,basic,138.912,87.11,0.0,0.0,0.873,
195,249,basic,33.724,26.082,39.058,30.427,0.856,0.825
195,250,basic,89.943,66.55,157.392,117.917,0.956,0.894
195,251,basic,133.827,62.311,159.271,71.793,1.391,1.548
195,252,basic,242.023,168.537,269.039,179.687,1.464,1.655
195,255,basic,90.464,59.056,129.997,83.731,0.848,0.918
195,257,basic,112.85,98.522,171.014,146.319,1.056,1.171
195,259,basic,160.427,116.675,0.0,0.0,1.306,
195,261,basic,175.309,159.896,237.355,211.068,1.087,1.234
195,262,basic,190.739,146.852,162.427,122.536,1.066,1.163
195,264,basic,81.798,36.145,0.0,0.0,0.922,
195,266,basic,105.201,85.13,135.121,109.925,0.905,0.878
195,267,basic,115.436,103.964,139.66,125.81,1.015,1.015
195,268,basic,113.045,107.392,123.512,117.336,1.073,1.087
195,269,basic,108.439,101.686,135.596,126.95,1.076,1.127
195,270,basic,153.088,102.899,159.992,106.675,1.486,1.521
195,272,basic,39.825,37.496,0.0,0.0,1.042,
195,275,basic,99.077,93.216,133.742,124.764,1.152,1.296
195,276,basic,153.232,72.518,124.221,58.397,1.128,1.161
195,277,basic,124.344,79.872,142.74,91.424,1.002,1.015
195,279,basic,106.332,44.64,134.036,55.504,0.997,1.062
195,281,basic,66.821,44.22,76.242,49.673,0.825,0.893
195,282,basic,77.556,58.07,87.152,63.666,0.878,0.987
195,286,basic,184.098,112.206,233.471,129.695,1.931,2.424
195,287,gifted,190.0,174.803,0.0,0.0,,
195,288,basic,194.457,167.068,227.799,197.814,1.444,1.439
195,289,basic,155.797,137.217,0.0,0.0,1.368,
195,291,basic,376.223,261.148,563.443,405.344,2.317,2.073
195,292,basic,562.675,319.567,798.679,439.94,1.515,1.672
195,930,basic,399.17,354.761,500.221,446.538,2.373,2.287
195,935,basic,437.558,305.439,712.874,485.666,1.847,1.895
195,939,basic,220.233,104.638,0.0,0.0,1.734,
195,949,basic,381.017,319.513,638.005,518.166,1.54,1.696
195,955,basic,45.649,43.367,0.0,0.0,2.767,
195,971,basic,0.0,0.0,583.859,248.785,,1.124
195,971,gifted,515.521,474.288,0.0,0.0,,
195,972,basic,264.35,194.552,0.0,0.0,1.879,
195,974,basic,86.496,78.261,204.929,182.334,1.207,1.225
195,977,basic,237.04,176.673,422.278,307.922,1.319,1.438
196,103,basic,271.203,251.639,309.423,286.904,1.673,1.676
196,104,basic,131.524,52.377,148.595,59.943,2.234,2.182
196,105,basic,459.772,215.789,331.269,151.439,2.3,2.447
196,105,gifted,182.022,166.882,0.0,0.0,,
196,106,basic,453.354,283.134,338.43,214.228,1.736,1.649
196,106,gifted,116.192,106.528,0.0,0.0,,
196,107,basic,528.846,262.186,551.365,272.161,2.543,2.568
196,109,basic,137.15,97.197,140.962,99.97,2.077,2.074
196,110,basic,400.486,204.166,414.591,211.037,2.135,2.143
196,113,basic,396.45,253.914,318.898,203.731,2.311,2.319
196,113,gifted,135.92,124.614,0.0,0.0,,
196,115,basic,133.597,79.415,157.422,93.415,1.711,1.72
196,117,basic,254.047,161.483,230.279,148.469,2.317,2.237
196,117,gifted,89.331,81.901,0.0,0.0,,
196,118,basic,268.7,141.664,442.156,233.52,2.117,2.107
196,130,basic,681.277,396.814,725.378,420.937,1.734,1.753
196,201,basic,76.784,50.405,103.178,65.524,1.025,1.201
196,202,basic,165.627,83.889,177.492,86.653,1.583,1.773
196,203,basic,269.074,185.345,293.454,199.502,1.338,1.411
196,204,basic,177.543,127.592,188.297,106.072,1.422,2.889
196,208,basic,207.334,174.635,0.0,0.0,1.259,
196,209,basic,148.502,43.036,167.091,48.358,0.772,0.779
196,210,basic,194.584,72.2,0.0,0.0,1.425,
196,211,basic,75.973,46.652,111.249,66.207,1.109,1.281
196,212,gifted,205.692,188.584,0.0,0.0,,
196,215,basic,115.911,63.962,132.185,72.709,0.91,0.933
196,218,basic,158.386,92.689,177.933,103.695,0.767,0.79
196,220,basic,88.08,74.728,0.0,0.0,1.343,
196,221,basic,162.21,105.283,238.192,137.031,0.993,1.565
196,222,basic,146.703,88.029,172.631,103.147,1.943,1.983
196,225,basic,77.608,36.443,82.876,38.681,1.202,1.235
196,226,basic,251.753,154.689,301.446,183.662,1.299,1.371
196,229,basic,248.583,208.954,0.0,0.0,1.155,
196,230,basic,108.743,72.636,140.525,89.234,1.029,1.323
196,233,basic,280.649,164.952,387.842,225.674,0.831,0.886
196,234,basic,76.547,64.195,0.0,0.0,1.2,
196,235,basic,86.729,52.932,122.513,73.92,1.197,1.27
196,236,basic,48.488,43.259,67.744,61.063,1.07,1.017
196,239,basic,261.722,150.667,268.767,154.526,1.691,1.698
196,241,basic,384.366,112.912,620.535,179.939,1.909,1.985
196,242,basic,163.651,111.972,0.0,0.0,1.241,
196,243,basic,212.929,103.756,302.843,146.845,0.983,1.013
196,244,basic,35.096,32.856,56.139,52.919,1.152,1.106
196,245,basic,324.021,286.043,392.856,346.852,1.253,1.264
196,246,basic,225.406,108.203,326.107,152.887,1.207,1.338
196,247,basic,367.087,105.288,666.959,185.597,1.594,1.753
196,248,basic,142.862,88.051,0.0,0.0,0.888,
196,249,basic,26.234,19.932,30.424,23.273,0.912,0.879
196,250,basic,88.043,65.652,155.259,117.162,0.971,0.904
196,251,basic,129.883,56.452,154.948,65.494,1.365,1.517
196,252,basic,228.398,160.316,254.208,172.219,1.391,1.573
196,255,basic,88.999,57.444,128.457,81.802,0.851,0.93
196,257,basic,126.834,111.326,186.586,161.087,1.078,1.182
196,259,basic,162.707,121.394,0.0,0.0,1.333,
196,261,basic,178.797,164.726,242.84,218.124,1.113,1.286
196,262,basic,181.292,139.813,155.737,117.87,1.071,1.173
196,264,basic,81.656,32.194,0.0,0.0,0.934,
196,266,basic,104.084,82.399,133.888,106.443,0.923,0.898
196,267,basic,118.091,107.265,143.036,129.966,1.032,1.031
196,268,basic,110.126,104.62,120.309,114.294,1.07,1.085
196,269,basic,111.55,105.266,139.128,131.247,1.057,1.112
196,270,basic,151.635,106.662,158.449,110.634,1.422,1.459
196,272,basic,41.484,39.205,0.0,0.0,1.06,
196,275,basic,94.597,89.422,128.687,120.985,1.186,1.336
196,276,basic,156.039,68.087,125.799,54.574,1.133,1.164
196,277,basic,131.628,83.537,150.802,95.491,1.024,1.036
196,279,basic,106.708,41.354,134.106,51.338,1.0,1.066
196,281,basic,67.745,44.524,77.052,49.978,0.818,0.884
196,282,basic,72.968,55.355,82.536,61.213,0.887,1.003
196,286,basic,180.933,111.872,229.363,130.619,1.823,2.306
196,287,gifted,190.0,174.197,0.0,0.0,,
196,288,basic,190.951,170.322,223.127,200.366,1.365,1.376
196,289,basic,156.378,144.061,0.0,0.0,1.381,
196,291,basic,376.017,269.655,565.793,416.123,2.3,2.076
196,292,basic,563.63,319.224,798.083,439.294,1.491,1.655
196,930,basic,399.015,370.35,500.034,464.151,2.39,2.297
196,935,basic,437.267,317.556,712.69,502.662,1.848,1.906
196,939,basic,217.625,100.213,0.0,0.0,1.723,
196,949,basic,374.861,330.97,628.265,540.237,1.53,1.69
196,955,basic,44.637,42.405,0.0,0.0,2.726,
196,971,basic,0.0,0.0,585.105,232.772,,1.128
196,971,gifted,515.687,472.794,0.0,0.0,,
196,972,basic,259.5,199.748,0.0,0.0,1.863,
196,974,basic,85.39,78.85,201.747,182.811,1.25,1.282
196,977,basic,246.709,190.299,434.658,328.836,1.316,1.435
197,103,basic,265.551,242.098,302.973,275.976,1.641,1.646
197,104,basic,124.259,57.714,138.84,65.08,2.148,2.091
197,105,basic,454.18,235.942,327.496,166.833,2.389,2.556
197,105,gifted,180.559,165.614,0.0,0.0,,
197,106,basic,452.376,292.072,333.931,217.716,1.787,1.692
197,106,gifted,116.539,106.892,0.0,0.0,,
197,107,basic,498.387,271.672,519.589,282.377,2.517,2.543
197,109,basic,151.645,108.947,156.112,112.223,2.046,2.041
197,110,basic,389.755,219.774,403.718,227.421,2.155,2.163
197,113,basic,391.414,262.0,314.454,210.365,2.3,2.298
197,113,gifted,137.026,125.684,0.0,0.0,,
197,115,basic,143.885,88.865,169.552,104.587,1.742,1.752
197,117,basic,254.088,167.98,229.095,153.178,2.361,2.265
197,117,gifted,89.268,81.879,0.0,0.0,,
197,118,basic,269.392,152.566,442.344,250.919,2.165,2.151
197,130,basic,659.435,405.824,702.351,431.164,1.708,1.727
197,201,basic,87.581,55.505,117.176,72.444,1.096,1.298
197,202,basic,171.075,87.739,183.296,91.386,1.763,1.992
197,203,basic,257.12,170.62,280.804,184.639,1.368,1.446
197,204,basic,179.091,122.582,187.245,108.415,1.44,2.926
197,208,basic,213.704,171.257,0.0,0.0,1.291,
197,209,basic,146.705,48.903,166.226,55.351,0.781,0.79
197,210,basic,192.188,79.769,0.0,0.0,1.424,
197,211,basic,78.729,47.557,113.325,67.009,1.102,1.28
197,212,gifted,205.662,188.638,0.0,0.0,,
197,215,basic,121.789,66.969,138.566,76.049,0.895,0.916
197,218,basic,157.545,91.205,177.061,102.225,0.768,0.791
197,220,basic,86.897,69.043,0.0,0.0,1.415,
197,221,basic,160.752,102.168,234.399,136.151,1.043,1.707
197,222,basic,142.93,83.252,169.668,98.527,2.261,2.312
197,225,basic,83.798,40.747,89.619,43.361,1.284,1.325
197,226,basic,258.595,157.925,308.888,187.808,1.361,1.42
197,229,basic,258.522,199.932,0.0,0.0,1.17,
197,230,basic,108.08,69.752,137.939,85.973,1.023,1.326
197,233,basic,277.617,160.702,387.031,222.032,0.861,0.936
197,234,basic,74.444,57.178,0.0,0.0,1.22,
197,235,basic,87.345,52.087,123.394,73.16,1.288,1.346
197,236,basic,49.543,42.308,69.629,59.879,1.11,1.054
197,239,basic,276.44,158.973,283.885,163.124,1.755,1.762
197,241,basic,384.606,132.399,620.349,211.772,1.956,2.029
197,242,basic,161.221,105.559,0.0,0.0,1.234,
197,243,basic,218.429,110.258,310.311,156.165,0.999,1.026
197,244,basic,35.747,33.487,56.106,52.888,1.149,1.096
197,245,basic,317.752,259.245,387.21,315.553,1.233,1.247
197,246,basic,233.587,115.909,335.549,163.769,1.253,1.394
197,247,basic,374.192,125.88,677.945,223.4,1.632,1.799
197,248,basic,147.598,88.264,0.0,0.0,0.898,
197,249,basic,28.629,20.17,32.927,23.306,0.907,0.871
197,250,basic,85.121,59.662,150.429,106.302,0.978,0.908
197,251,basic,132.188,61.473,157.231,71.648,1.461,1.632
197,252,basic,233.403,158.822,259.734,172.066,1.487,1.702
197,255,basic,83.395,51.942,120.581,74.476,0.861,0.934
197,257,basic,120.332,97.656,180.317,144.406,1.087,1.203
197,259,basic,168.764,118.848,0.0,0.0,1.364,
197,261,basic,167.505,149.478,226.648,197.404,1.089,1.263
197,262,basic,190.485,137.413,162.217,115.56,1.08,1.185
197,264,basic,80.221,34.261,0.0,0.0,0.952,
197,266,basic,105.142,77.918,135.621,100.764,0.932,0.909
197,267,basic,116.027,94.293,141.014,114.588,1.025,1.026
197,268,basic,107.121,101.765,116.943,111.096,1.065,1.08
197,269,basic,107.108,100.207,134.187,125.2,1.053,1.109
197,270,basic,164.783,108.849,171.932,112.97,1.628,1.67
197,272,basic,42.893,40.514,0.0,0.0,1.057,
197,275,basic,98.074,92.146,133.627,124.558,1.198,1.347
197,276,basic,147.234,68.63,120.226,55.844,1.143,1.171
197,277,basic,122.805,76.383,140.966,87.524,1.01,1.024
197,279,basic,104.738,44.235,131.32,55.012,1.0,1.068
197,281,basic,66.642,42.023,75.632,47.271,0.826,0.896
197,282,basic,79.741,56.439,89.452,62.331,0.91,1.035
197,286,basic,174.104,105.936,222.303,127.537,2.042,2.573
197,287,gifted,190.0,174.273,0.0,0.0,,
197,288,basic,183.934,157.644,215.691,185.425,1.386,1.39
197,289,basic,155.12,137.221,0.0,0.0,1.415,
197,291,basic,369.356,269.217,557.375,409.08,2.331,2.127
197,292,basic,564.152,328.658,799.298,456.399,1.515,1.686
197,930,basic,399.281,365.722,500.331,459.562,2.393,2.298
197,935,basic,437.877,316.096,713.009,500.402,1.898,1.945
197,939,basic,222.746,109.184,0.0,0.0,1.827,
197,949,basic,381.682,321.102,639.884,525.606,1.588,1.756
197,955,basic,46.903,44.558,0.0,0.0,2.774,
197,971,basic,0.0,0.0,583.604,251.696,,1.146
197,971,gifted,515.162,472.52,0.0,0.0,,
197,972,basic,259.941,196.651,0.0,0.0,1.92,
197,974,basic,85.242,76.748,200.548,178.974,1.24,1.278
197,977,basic,241.696,174.009,428.648,304.468,1.338,1.46
198,103,basic,272.474,244.472,310.829,278.679,1.667,1.67
198,104,basic,105.933,45.093,119.25,51.376,2.196,2.141
198,105,basic,453.573,217.135,329.598,154.085,2.339,2.494
198,105,gifted,180.826,165.829,0.0,0.0,,
198,106,basic,458.313,286.062,340.772,215.648,1.727,1.626
198,106,gifted,116.383,106.731,0.0,0.0,,
198,107,basic,514.382,259.224,536.122,269.156,2.521,2.547
198,109,basic,138.033,94.92,141.667,97.425,2.126,2.126
198,110,basic,401.8,217.467,416.241,225.046,2.144,2.151
198,113,basic,388.987,245.653,315.062,198.83,2.282,2.28
198,113,gifted,134.655,123.487,0.0,0.0,,
198,115,basic,144.287,84.709,170.022,99.666,1.712,1.721
198,117,basic,251.408,160.514,226.006,146.449,2.344,2.248
198,117,gifted,90.006,82.542,0.0,0.0,,
198,118,basic,264.379,140.759,437.336,232.986,2.139,2.135
198,130,basic,671.399,405.513,714.567,430.425,1.714,1.73
198,201,basic,79.008,51.097,106.817,66.994,1.072,1.263
198,202,basic,169.129,86.801,181.493,89.803,1.7,1.923
198,203,basic,261.686,177.339,285.654,191.327,1.336,1.413
198,204,basic,177.948,122.043,191.711,106.274,1.555,3.045
198,208,basic,197.752,162.854,0.0,0.0,1.283,
198,209,basic,151.364,50.834,170.916,57.33,0.787,0.795
198,210,basic,194.528,81.222,0.0,0.0,1.445,
198,211,basic,79.528,48.743,115.557,68.921,1.1,1.274
198,212,gifted,205.55,188.502,0.0,0.0,,
198,215,basic,115.338,67.429,131.367,76.645,0.915,0.934
198,218,basic,154.328,91.994,172.843,102.652,0.765,0.788
198,220,basic,91.745,75.271,0.0,0.0,1.431,
198,221,basic,159.674,109.342,234.847,143.728,0.988,1.609
198,222,basic,145.599,84.082,172.689,99.435,2.175,2.218
198,225,basic,92.639,45.35,99.022,48.2,1.27,1.306
198,226,basic,257.008,169.122,306.418,199.935,1.284,1.36
198,229,basic,243.769,196.438,0.0,0.0,1.152,
198,230,basic,108.6,70.777,141.364,88.049,1.053,1.357
198,233,basic,277.807,167.173,384.323,229.23,0.832,0.889
198,234,basic,78.625,62.496,0.0,0.0,1.227,
198,235,basic,85.027,53.413,120.445,74.998,1.232,1.299
198,236,basic,50.932,45.518,71.939,64.881,1.079,1.025
198,239,basic,282.678,162.264,290.182,166.407,1.755,1.761
198,241,basic,384.984,129.68,622.427,206.906,1.905,1.994
198,242,basic,163.566,110.647,0.0,0.0,1.245,
198,243,basic,220.028,112.495,312.465,159.088,0.994,1.023
198,244,basic,35.697,33.433,55.933,52.722,1.114,1.082
198,245,basic,319.424,278.983,389.758,340.261,1.242,1.253
198,246,basic,218.628,109.77,319.469,156.725,1.209,1.359
198,247,basic,361.276,119.63,658.436,212.086,1.589,1.759
198,248,basic,150.901,92.431,0.0,0.0,0.9,
198,249,basic,30.837,23.202,35.72,27.03,0.876,0.844
198,250,basic,83.246,59.788,151.209,109.625,0.965,0.904
198,251,basic,134.082,64.668,159.531,75.102,1.39,1.544
198,252,basic,238.817,167.589,265.458,180.355,1.456,1.651
198,255,basic,88.079,56.197,126.855,79.995,0.849,0.927
198,257,basic,120.274,102.786,180.714,151.938,1.076,1.186
198,259,basic,169.485,120.325,0.0,0.0,1.373,
198,261,basic,182.689,166.196,248.973,220.555,1.133,1.306
198,262,basic,184.114,138.602,158.565,117.308,1.083,1.194
198,264,basic,79.999,36.118,0.0,0.0,0.932,
198,266,basic,106.814,84.5,137.536,109.2,0.909,0.884
198,267,basic,119.924,105.626,145.165,127.857,1.018,1.018
198,268,basic,110.708,105.173,121.138,115.081,1.075,1.092
198,269,basic,104.429,98.139,130.872,122.814,1.076,1.13
198,270,basic,158.279,104.971,165.241,108.944,1.563,1.598
198,272,basic,43.946,41.415,0.0,0.0,1.077,
198,275,basic,93.67,88.163,128.072,119.647,1.212,1.362
198,276,basic,149.442,72.088,121.754,58.345,1.129,1.17
198,277,basic,122.405,77.213,140.255,88.288,1.007,1.02
198,279,basic,106.457,45.378,133.439,56.279,0.999,1.066
198,281,basic,70.66,45.596,80.436,51.291,0.823,0.893
198,282,basic,74.317,53.773,84.08,59.588,0.889,1.014
198,286,basic,182.292,115.546,230.876,136.269,1.967,2.463
198,287,gifted,190.0,174.242,0.0,0.0,,
198,288,basic,184.318,162.021,215.266,190.112,1.33,1.335
198,289,basic,158.157,135.396,0.0,0.0,1.373,
198,291,basic,373.489,266.746,561.579,410.592,2.342,2.119
198,292,basic,565.611,324.44,802.109,448.183,1.507,1.681
198,930,basic,399.407,359.743,500.457,453.288,2.381,2.276
198,935,basic,438.569,307.07,714.056,489.211,1.892,1.941
198,939,basic,216.511,106.436,0.0,0.0,1.759,
198,949,basic,379.778,315.187,636.218,512.53,1.541,1.713
198,955,basic,45.742,43.455,0.0,0.0,2.705,
198,971,basic,0.0,0.0,598.071,258.804,,1.142
198,971,gifted,517.047,474.166,0.0,0.0,,
198,972,basic,260.587,193.341,0.0,0.0,1.887,
198,974,basic,87.137,78.671,205.712,183.59,1.228,1.248
198,977,basic,235.615,172.752,420.791,303.232,1.323,1.445
199,103,basic,272.939,239.745,311.217,273.302,1.642,1.643
199,104,basic,139.328,51.034,155.125,57.987,2.639,2.495
199,105,basic,458.284,203.522,329.318,143.281,2.354,2.532
199,105,gifted,182.475,167.034,0.0,0.0,,
199,106,basic,462.317,262.05,346.564,197.965,1.827,1.747
199,106,gifted,117.056,107.15,0.0,0.0,,
199,107,basic,518.106,247.599,539.611,257.159,2.53,2.555
199,109,basic,150.557,98.127,155.374,101.245,2.184,2.185
199,110,basic,383.089,188.069,396.677,194.596,2.132,2.139
199,113,basic,400.788,235.848,328.327,192.386,2.433,2.459
199,113,gifted,136.378,124.837,0.0,0.0,,
199,115,basic,146.09,78.729,172.969,93.046,1.751,1.767
199,117,basic,263.715,158.131,236.964,144.106,2.408,2.286
199,117,gifted,89.618,82.034,0.0,0.0,,
199,118,basic,274.006,135.205,447.326,221.318,2.168,2.146
199,130,basic,663.618,363.745,706.123,386.407,1.73,1.743
199,201,basic,78.335,51.664,105.619,68.084,1.159,1.355
199,202,basic,169.665,90.191,182.285,94.019,1.784,2.037
199,203,basic,259.777,183.6,284.134,198.942,1.383,1.466
199,204,basic,175.292,129.301,185.882,117.793,1.522,2.919
199,208,basic,207.233,170.527,0.0,0.0,1.252,
199,209,basic,138.267,43.313,154.259,48.271,0.771,0.78
199,210,basic,193.59,79.073,0.0,0.0,1.453,
199,211,basic,80.593,50.587,116.393,71.529,1.121,1.303
199,212,gifted,205.586,188.189,0.0,0.0,,
199,215,basic,119.042,69.248,135.352,78.672,0.967,0.981
199,218,basic,166.707,99.122,186.568,110.654,0.766,0.788
199,220,basic,88.821,75.022,0.0,0.0,1.687,
199,221,basic,165.62,111.088,246.04,148.979,1.184,1.985
199,222,basic,152.354,92.34,180.856,109.744,2.56,2.584
199,225,basic,83.785,41.393,89.494,44.019,1.258,1.296
199,226,basic,264.729,174.063,314.396,206.207,1.407,1.453
199,229,basic,254.269,215.845,0.0,0.0,1.167,
199,230,basic,115.654,77.992,146.165,95.451,1.048,1.337
199,233,basic,279.467,168.242,387.914,231.7,0.834,0.902
199,234,basic,72.71,61.728,0.0,0.0,1.218,
199,235,basic,80.156,51.477,113.859,72.545,1.26,1.336
199,236,basic,53.475,48.919,76.903,70.778,1.115,1.061
199,239,basic,262.298,159.67,269.153,163.746,1.741,1.746
199,241,basic,381.629,127.626,616.106,204.467,1.927,1.996
199,242,basic,163.343,115.815,0.0,0.0,1.226,
199,243,basic,218.344,110.488,311.643,157.171,0.997,1.029
199,244,basic,36.749,34.714,58.516,55.438,1.178,1.114
199,245,basic,317.622,289.001,389.179,354.561,1.278,1.282
199,246,basic,238.426,120.284,339.773,168.92,1.253,1.381
199,247,basic,371.306,119.364,674.841,212.454,1.629,1.805
199,248,basic,146.619,91.722,0.0,0.0,0.884,
199,249,basic,31.049,24.099,35.797,27.909,0.906,0.87
199,250,basic,83.861,62.527,149.127,112.025,0.964,0.898
199,251,basic,132.113,62.699,157.983,73.488,1.422,1.596
199,252,basic,234.201,170.333,261.116,184.847,1.476,1.7
199,255,basic,84.094,54.691,120.097,77.571,0.852,0.914
199,257,basic,129.23,114.486,190.419,166.891,1.115,1.214
199,259,basic,155.433,118.46,0.0,0.0,1.299,
199,261,basic,179.658,167.898,242.367,223.363,1.116,1.281
199,262,basic,186.733,146.16,160.132,123.661,1.09,1.206
199,264,basic,79.484,34.152,0.0,0.0,0.951,
199,266,basic,104.793,84.614,134.813,109.144,0.917,0.892
199,267,basic,118.027,109.345,143.282,132.761,1.025,1.025
199,268,basic,110.896,105.351,121.182,115.123,1.077,1.092
199,269,basic,107.732,102.192,134.45,127.544,1.049,1.093
199,270,basic,154.199,109.224,160.984,113.411,1.601,1.644
199,272,basic,41.202,39.077,0.0,0.0,1.09,
199,275,basic,84.74,80.287,118.599,112.026,1.245,1.419
199,276,basic,157.832,74.457,127.649,59.931,1.114,1.155
199,277,basic,128.375,82.591,147.309,94.626,1.024,1.037
199,279,basic,105.658,43.505,134.324,54.818,1.022,1.099
199,281,basic,63.627,41.845,72.102,46.996,0.832,0.905
199,282,basic,75.47,56.548,84.712,62.562,0.917,1.037
199,286,basic,180.185,115.166,228.745,139.375,2.439,2.923
199,287,gifted,190.0,173.922,0.0,0.0,,
199,288,basic,170.146,153.43,199.406,182.085,1.475,1.427
199,289,basic,153.626,130.145,0.0,0.0,1.393,
199,291,basic,379.336,273.664,567.912,425.502,2.562,2.249
199,292,basic,562.469,314.905,796.542,437.983,1.546,1.711
199,930,basic,399.317,374.031,500.398,468.41,2.461,2.369
199,935,basic,436.934,311.318,711.786,505.188,1.899,1.939
199,939,basic,218.189,105.274,0.0,0.0,1.78,
199,949,basic,382.567,321.443,643.806,531.88,1.637,1.793
199,955,basic,46.599,44.269,0.0,0.0,2.874,
199,971,basic,0.0,0.0,591.261,250.493,,1.147
199,971,gifted,515.997,472.333,0.0,0.0,,
199,972,basic,263.474,197.373,0.0,0.0,1.946,
199,974,basic,87.829,81.808,207.922,190.963,1.289,1.346
199,977,basic,237.758,185.917,423.266,326.75,1.331,1.451
